:020000040800F2
:1000000038200020150200082D5000084B3F000842
:10001000C54F00080D0A0008B56400080000000084
:100020000000000000000000000000000D5C00085F
:10003000590F0008000000006F570008815C00089D
:100040002F0200082F0200082F0200082F020008CC
:100050002F0200082F0200082F0200082F020008BC
:100060002F0200082F0200082F0200082F020008AC
:100070002F0200082F0200082F0200082F0200089C
:100080002F0200082F020008150700082F020008A1
:100090002F0200082F0200082F0200081511000887
:1000A0002F020008015D00082F0200082F0200083F
:1000B0000D5D00082F020008195D00082F020008DE
:1000C0002F0200082F0200082F0200082F0200084C
:1000D0002F020008816400082F020008A9640008AC
:1000E0002F0200082F0200082F0200082F0200082C
:1000F000255D00082F0200082F0200082F020008CB
:100100002F0200082F0200082F0200082F0200080B
:100110002F0200088D6200082F0200082F0200083D
:100120002F0200082F0200082F0200082F020008EB
:1001300000F002F800F05FF80AA090E8000C82449A
:100140008344AAF10107DA4501D100F054F8AFF277
:10015000090EBAE80F0013F0010F18BFFB1A43F0A5
:1001600001031847BCCB0000DCCB00000A444FF071
:10017000000C10F8013B13F0070408BF10F8014B06
:100180001D1108BF10F8015B641E05D010F8016B4B
:10019000641E01F8016BF9D113F0080F1EBF10F8AF
:1001A000014BAD1C0C1B09D16D1E58BF01F801CBD2
:1001B000FAD505E014F8016B01F8016B6D1EF9D555
:1001C0009142D6D37047000000230024002500266A
:1001D000103A28BF78C1FBD8520728BF30C148BFAA
:1001E0000B607047642900F09980002070471FB5AC
:1001F0001FBD10B510BD00F05FFA1146FFF7F7FF05
:1002000008F078F800F07DFA03B4FFF7F2FF03BCC2
:1002100006F09EFB0948804709480047FEE7FEE7D5
:10022000FEE7FEE7FEE7FEE7FEE7FEE7FEE7FEE7A6
:1002300004480549054A064B70470000FF5C00086A
:1002400031010008381A002038200020381C002016
:10025000381C002010B54C1084EA530404D54042E9
:10026000C1F1000138BF491E1B4204D55242C3F1FF
:10027000000338BF5B1E00F00DF914F0804F04D06E
:100280004042C1F1000138BF491E14F0004F04D0B4
:100290005242C3F1000338BF5B1E10BD0FB40449C6
:1002A00010B503AA029800F0D1F910BC5DF814FB58
:1002B000940000202DE9F0410E4604460020206203
:1002C0002046E168884730B3252805D0D4E90121CC
:1002D0009047206A401CF2E7E168204600278847E3
:1002E000050018D0A5F14100192802D820354FF497
:1002F00000673246294620462760FFF773FF40B16A
:10030000012804D0F61D26F007060836D8E7361D6A
:10031000D6E72846DAE7206ABDE8F0812DE9F0410A
:100320000646002410687529314616A510D0AFF393
:100330000080002802DA404213A507E031688A07EE
:1003400001D512A502E0490704D511A5012401E059
:10035000AFF3008000210A2206F1240709E0B0FB78
:10036000F2FCB0FBF2F302FB1C003030785418466C
:10037000491C0028F3D123462A463046BDE8F04107
:1003800000F00AB9000000002D0000002B00000062
:100390002000000040EA010310B59B070FD1042A9A
:1003A0000DD310C808C9121F9C42F8D020BA19BA40
:1003B000884201D9012010BD4FF0FF3010BD1AB1A5
:1003C000D30703D0521C07E0002010BD10F8013BFA
:1003D00011F8014B1B1B07D110F8013B11F8014B21
:1003E0001B1B01D1921EF1D1184610BD02F0FF0374
:1003F00043EA032242EA024200F002B84FF0000250
:100400000429C0F0128010F0030C00F01B80CCF126
:10041000040CBCF1020F18BF00F8012BA8BF20F894
:10042000022BA1EB0C0100F00DB85FEAC17C24BFE8
:1004300000F8012B00F8012B48BF00F8012B704792
:100440004FF0000200B5134694469646203922BF6D
:10045000A0E80C50A0E80C50B1F12001BFF4F7AFB8
:10046000090728BFA0E80C5048BF0CC05DF804EB9A
:10047000890028BF40F8042B08BF704748BF20F808
:10048000022B11F0804F18BF00F8012B7047704706
:100490007047704753EA020C00F069802DE9F04B79
:1004A0004FF00006002B1FBFB3FA83F503FA05F4E3
:1004B00024FA05F65E4012BF1643B2FA82F502FA3C
:1004C00005F4C5F120051EBF22FA05FC44EA0C0420
:1004D000203556EA044C4FEA144418BF641C4FF010
:1004E00000084FF00009904271EB030C39D300294A
:1004F00019BFB1FA81F701FA07F6B0FA80F700FAEE
:1005000007F6C7F120071EBF20FA07FC46EA0C06D3
:100510002037B6FBF4FCA7EB0507103F07F01F0BD5
:10052000CBF120060CFA0BFB2CFA06F644BFB346BF
:100530000026202FA4BF5E464FF0000B5BEA060C9E
:1005400008BF4FF0010B19EB0B09ABFB027C48EB2A
:100550000608C01B06FB02CC0BFB03CC71EB0C01A5
:10056000C1E70B46024641464846BDE8F08B13B54D
:100570004FF000004FF00001AFF30080BDE81C40D9
:10058000704710B500F074F8006810BD10B504464F
:1005900000F06EF8046010BD2DE9F0470D46994655
:1005A0009246044600F124080168880604D5E069F3
:1005B00021F01001216000E00120A84201DD471B6D
:1005C00000E00027A1697A1902EB0900081AA0616E
:1005D0002078C00602D42046AFF30080002608E051
:1005E000D4E901211AF806009047206A401C761CC5
:1005F00020624E45F4DB2078C0060AD52046AFF3D2
:10060000008006E0D4E9012130209047206A401C98
:100610002062381EA7F10107F4DC07E0D4E90121CC
:1006200018F805009047206A401C2062281EA5F19A
:100630000105F3DC2046AFF300802078000602D5E8
:100640000220BDE8F0870120FBE70000074B70B5F2
:100650000D467B4400F015F80446284600F024F8C7
:1006600010B14FF0FF3070BD204670BDCB7600005A
:1006700000487047D419002001694A1C02610878BB
:10068000704700B58FB0CDE90131002105910549D2
:100690007944CDE9031011466846FFF70BFE0FB011
:1006A00000BD0000E5FFFFFF007B00F08000704709
:1006B00000487047D41900207546FFF7F9FFAE4691
:1006C00005006946534620F00700854618B020B55E
:1006D000FFF7AEFDBDE820404FF000064FF00007E9
:1006E0004FF000084FF0000B21F00701AC46ACE8DA
:1006F000C009ACE8C009ACE8C009ACE8C0098D4647
:10070000704710B50446AFF300802046BDE81040A6
:10071000FFF77ABD10B5044801F098F8BDE8104025
:10072000024801F093B80000F002002020030020EE
:1007300070B5044600688168C943C90717D181684C
:1007400021F00101816001F0D3FD05460AE000BF00
:1007500001F0CEFD401B022804D920688068C04308
:10076000C00706D020688068C043C007F0D00020D2
:1007700070BDA06A40F01000A062E06A40F0010085
:10078000E062012070BD0000F8B500260446009626
:1007900000688168C943C9072DD0816841F0010113
:1007A0008160164816490068B0FBF1F000E0401E79
:1007B00000900028FBD101F09BFD054616E000BF2C
:1007C00001F096FD401B022810D920688068C043C4
:1007D000C0070BD0A06A40F01000A062E06A40F0B1
:1007E0000100E06284F824600120F8BD2068806880
:1007F000C043C007E4D10020F8BD000098000020ED
:1008000040420F002DE9F04F4748032187B00068B0
:100810004000A0F6AC0090FBF1F6002E01DA0026B5
:1008200002E0642E00DD6426404CA0680AF016FA4F
:100830003F4DDFF800812A46434609F0FFFE09F0EC
:1008400067FE070000D5474260680AF007FA2A46AB
:10085000434609F0F3FE09F05BFE050000D5454272
:100860002078F0B100202070334C217801291AD073
:1008700000284DD0314800680AF052FB0546304848
:1008800000680AF04DFB04462E4800680AF048FB59
:1008900007B02B462246BDE8F04F01462AA0FFF7DD
:1008A000FDBC0120DFE72C4800680AF039FB8346D5
:1008B0002A4800680AF034FB8246294800680AF09A
:1008C0002FFB8146274800680AF02AFB804626480D
:1008D00000680AF025FB0746244800680AF020FB60
:1008E0000646234800680AF01BFB054621480068BD
:1008F0000AF016FB8DE8C00F02461F482B46018800
:100900001EA0FFF7CBFC0020207007B0BDE8F08FE1
:10091000224800680AF004FB009033463A46294614
:100920001FA0FFF7BBFCF0E76C000020FC010020DB
:100930009A9999999999F13F49000020F80100206E
:10094000DC010020D80100207B4225643A25643A6E
:1009500025647D24000000003400002030000020C9
:100960002C0000202800002024000020200000206F
:100970001C000020180000200C0000207B43256490
:100980003A25643A25643A25643A25643A25643A5E
:1009900025643A25643A25647D2400007000002017
:1009A0007B4125643A25643A25643A25647D240018
:1009B00070B5044610480D4600680AF0EDFA21466D
:1009C0000AF052FC0D49044685F0004009680AF01F
:1009D00043FB0B490AF0E2F905460B480949006858
:1009E0000AF0DCF921460AF037FB29460AF03CFC04
:1009F000BDE870400AF094BA040000201C000020FA
:100A00000000C8420000C8C218000020FEE7000035
:100A100010B50B4B4FF4004158B10A4C2268521CE0
:100A20002260824204DB184601F055FC0020206061
:100A300010BDBDE810400022184601F054BC000073
:100A4000000801409C00002070B518480078052877
:100A50001DD117480088012819D0164800880128A0
:100A600015D0154C00256079401CC0B26071042877
:100A70000ED000D9657100F071FA104C68B11048C1
:100A8000007888B15FF00000FFF7C2FF256070BDFD
:100A900004F012FF00F044FBECE70A482060BDE8D8
:100AA00070400020FFF7B4BF6420EDE71000002085
:100AB0003C0000203E000020A80100204C00002047
:100AC0000E000020000096432DE9F0410F46104E25
:100AD000104C40380AF060FA0546214638460AF0C4
:100AE000BBFA0446314628460AF0B6FA21460AF017
:100AF000E1F8044600F032FA012803D106480078F4
:100B000000B900242046BDE8F0410AF009BA00000F
:100B10000000F0418FC2F53D0E000020024610B5E6
:100B20000020012903D000290BD10A4B0EE0094B0C
:100B30000021323B03E05C5C6040491CC9B2914239
:100B4000F9D310BD5C5C6040491CC9B29142F9D335
:100B500010BD0000401800202DE9F0410D4C0A4660
:100B600007460B4E104621680AF076FA216B0AF010
:100B7000A1F8014608480AF06FFA054631463846A2
:100B80000AF06AFA29460AF095F82063BDE8F08178
:100B90000AD7A33C3402002048E17A3F2DE9F04116
:100BA0000D4C0A4607460B4E104621680AF054FACF
:100BB000216E0AF07FF8014608480AF04DFA054612
:100BC000314638460AF048FA29460AF073F820669A
:100BD000BDE8F0810AD7A33C3402002048E17A3F07
:100BE000F8B500266B46012275216820009607F0B3
:100BF000FBFA334F0120387032A0FFF74FFB9DF80E
:100C0000000068280CD0BFF34F8F37480168374A7F
:100C100001F4E06111430160BFF34F8F00BFFDE7B6
:100C200007F084FC002848D1782008F03DF910B97D
:100C300024A0FFF733FB782007F0AAFB10B92CA003
:100C4000FFF72CFBC82008F0EFF810B932A0FFF72F
:100C500025FB06F011FD10B939A0FFF71FFB454831
:100C6000044607F023FB0546E01C07F01FFB45EA9E
:100C7000C005A01D07F01AFB45EA801080B206F0FF
:100C8000ABFE10B93CA0FFF709FB40F2731006F071
:100C9000CBFB10B942A0FFF701FBC82006F004FE11
:100CA00010B949A0FFF7FAFA09F036F9012007F068
:100CB000E1FF10B94DA0FFF7F1FA3E70F8BD00005A
:100CC0000F0000206D70755F7365745F73656E73E0
:100CD0006F7220636F6D706C657465202E2E2E2EE2
:100CE0002E2E0D0A000000000CED00E00400FA05B5
:100CF0006D70755F636F6E6669677572655F666953
:100D0000666F20636F6D706C657465202E2E2E2EBD
:100D10002E2E0D0A000000006D70755F7365745F04
:100D200073616D706C655F7261746520636F6D7067
:100D30006C657465202E2E2E2E2E2E0D0A000000BE
:100D4000646D705F6C6F61645F6D6F74696F6E5F0F
:100D50006472697665725F6669726D77617265202B
:100D6000636F6D706C657465202E2E2E2E2E2E0DE9
:100D70000A000000EC010020646D705F7365745F11
:100D80006F7269656E746174696F6E20636F6D70E8
:100D90006C657465202E2E2E2E2E2E0D0A0000005E
:100DA000646D705F656E61626C655F6665617475C8
:100DB000726520636F6D706C657465202E2E2E2E0B
:100DC0002E2E0D0A00000000646D705F7365745F65
:100DD0006669666F5F7261746520636F6D706C65C4
:100DE0007465202E2E2E2E2E2E0D0A006D70755F2E
:100DF0007365745F646D705F737461746520636F95
:100E00006D706C657465202E2E2E2E2E2E0D0A0010
:100E100070B5164800680AF0BFF8154909F0BEFF22
:100E2000044614480121006800F06CF812480A21B9
:100E30000068B0FBF1F00AF0C7F8022100F062F898
:100E40000321204600F05EF8032000F01BF80B4A57
:100E500000210B4C131D06E015686D06FCD5655C82
:100E60001D60491CC9B28142F6D370BD6C000020E0
:100E70000000C842700000207C00002000380140C3
:100E8000981900200A2839D890B31D4924220B282C
:100E90000A7033D2DFE800F032060A0E12161A1E6C
:100EA00022272D000520487106207047092048722E
:100EB0000A2070470D2048730E2070471120487497
:100EC0001220704715204875162070471920487663
:100ED0001A2070471D2048771E207047212081F876
:100EE000210022207047252081F825002620704708
:100EF00004E0292081F829002A20F8E70020F6E7FD
:100F00009819002003B50A2912D8002910D00B29FE
:100F10000ED2DFE801F00D06080E10121416181A92
:100F20001C00012200E005220A49684600F076F91B
:100F30000CBD0922F8E70D22F6E71122F4E715228D
:100F4000F2E71922F0E71D22EEE72122ECE7252245
:100F5000EAE700009819002070470000F0B5134838
:100F60000021007801281ED1114C124D124A134F56
:100F7000002040F2BB2600BF02EBC0035B682344A5
:100F8000AB4208D332F83030A3F1010CB44502D2A1
:100F9000491CC9B23B60401CC0B2E128ECD3032914
:100FA00001D90120F0BD0020F0BD00001400002098
:100FB000000060BE01000A02C80C00207C00002076
:100FC00070B50AF046F90D4E0446B1690AF04CF9C5
:100FD0000B4909680AF040F80A4909F0DFFE0546A6
:100FE0000948214600680AF037F8084909F0D6FE9A
:100FF00029460AF039F9B46170BD0000A80000204C
:10100000340000200000C842300000200000C8C2A8
:101010000020401C0A28FCDB7047000070B51F4808
:101020000078042830D11E48008801282CD01D48A3
:101030000088012828D0042000F03CF91A4CE06018
:10104000052000F037F920610F2000F033F96061CE
:101050002369E26803EBC30101EB031102EB810595
:10106000C72101FB00511A44104491FBF0F0A0612C
:10107000FFF774FF0D4C40B10D48007860B10020BF
:10108000FFF7C6FC0020206070BD0A482060BDE864
:1010900070400020FFF7BCBC6420F1E71000002086
:1010A0003C0000203E000020A80100204C00002051
:1010B0000E000020000096432DE9F041134814462D
:1010C000104E8069104F643809F066FF05463946B6
:1010D000204609F0C1FF044685F00040314609F082
:1010E000BBFF21460AF0C0F80446FFF737FF01288E
:1010F00003D10748007800B900242046BDE8F0413C
:1011000009F00EBF00007042CDCC4C3EA80100207B
:101110000E0000204FF4007000F0D0BF72B6FEE762
:1011200070B53A4A3A4C0F231088E080237001468C
:10113000267832F816508D4200D32946761CF5B237
:1011400025707B2DF4D3E18020812370257832F83F
:101150001560864200D830466D1CEDB225707B2D9F
:10116000F4D3208108442B49C0F347000870237052
:10117000237832F81310814212D902EB43014D88D3
:1011800085420DD98D8885420AD9CD88854207D2FE
:101190000D89854204D24989814201D2A37004E0BD
:1011A0005B1CD9B221707629E2D376216170CBB273
:1011B00032F81310814212D202EB43014D8885426E
:1011C0000DD28D8885420AD2CD88854207D90D89F6
:1011D000854204D94989814201D9E37004E05B1E4C
:1011E000D9B261700F29E2D8E078A1780A4D08449D
:1011F000400828702179401A07F0DCFE5A2801DDEA
:10120000207928702878207170BD0000781800209F
:10121000A8010020910000209000002003788B544A
:10122000114443784B7082788A70C078C8707047D8
:101230002DE9F0410AF00DF8194C05461949A06254
:10124000206B884202DC1849884200D92163284675
:10125000616B0AF009F8A16809F0FEFE0646216BF1
:10126000E06809F0F9FE07466068294680F0004012
:1012700009F0F2FE394609F0F7FF314609F0F4FFB4
:101280006563E062094801680948006804F0CAFF24
:10129000012801D100202063E06ABDE8F081000050
:1012A000A800002000007A4400007AC46C000020EE
:1012B000700000203EB56946009007200290012092
:1012C00001900A4800F03EFA084800F0AFFC1E21E9
:1012D000064800F00DFC054800F0B3FA800503D580
:1012E000024800F0B0FA84B220463EBDF002002071
:1012F0002DE9F05F044604F0FBFB8349DFF80C8224
:10130000DFF80C92DFF80CA2834D844F0860012CAB
:101310007ED04421D02002F019FE04464321D02083
:1013200002F014FE04EB00207D4C4621A083D02067
:1013300002F00CFE06464521D02002F007FE06EB27
:10134000002020844821D02002F000FE06464721DC
:10135000D02002F0FBFD06EB0020E0833C21D020F2
:1013600002F0F4FD06463B21D02002F0EFFD06EB33
:101370000020E0823E21D02002F0E8FD06463D211B
:10138000D02002F0E3FD06EB002060824021D02057
:1013900002F0DCFD06463F21D02002F0D7FD06EB2F
:1013A000002006B2A682B4F91C00404209F0F4FD08
:1013B000C8F80000304609F0DAF806468846B4F965
:1013C000120009F0D4F83246434605F04BFDDFF831
:1013D00054B100225B4609F031F9534A534B08F0EF
:1013E0003FFF09F095F82083B4F9140009F0BFF825
:1013F00006468846B4F9160009F0B9F84346324665
:1014000005F030FD00225B4609F018F9464A00E07D
:1014100028E0464B08F024FF09F07AF86083B4F91D
:101420001C0009F0A4F8DFF808814FF06636324658
:10143000434608F015FF08F025FE8346B4F9200066
:1014400009F095F83246434608F00AFF08F01AFE04
:1014500006463848DFF8E0800078022817D00328D5
:1014600027D03BE004F072FA344C28683860B4F9B5
:10147000000009F091FDC8F80000B4F9040009F07B
:101480008BFDC9F800002E48B0F9040030E0B4F933
:10149000180009F081FD594602F098FF80F00040E5
:1014A0002860B4F91A0009F077FD314603F03CF8E2
:1014B00010E0B4F9180009F06FFD5946FFF74CFB36
:1014C00080F000402860B4F91A0009F065FD31464B
:1014D000FFF764FB80F00041C8F80010286838600E
:1014E000B4F91E0009F058FDC9F80000B4F9140061
:1014F00009F052FDCAF800001249386809F0DAFB19
:101500003860BDE8F09F00006800002074000020F3
:10151000780000208C000020D801002070000020FE
:101520005001002000806640F1D4C853FB210940DF
:101530006666304008000020DC010020E001002049
:10154000E60100200000B0412DE9F05F8B4609F074
:101550000EF8274C0022234609F070F86FF00105C1
:101560002A4609F028FF234E0022334608F078FE71
:10157000214F00223B4608F073FE08F083FD09F07E
:101580006DFBDFF87880DFF878A04246534609F01B
:1015900055F8DFF8709000224B4609F04FF808F03C
:1015A00071FD19490860584608F0E1FF0022234602
:1015B00009F044F82A4609F0FEFE0022334608F0FE
:1015C0004FFE00223B4608F04BFE08F05BFD09F0A1
:1015D00045FB4246534609F031F800224B4609F0DC
:1015E0002DF808F04FFD09490860BDE8F09F0000A4
:1015F0000000694000003E4000407F40F1D4C853E5
:10160000FB21094000C050400002002004020020DD
:1016100010B5114800F00AFB0A210F4800F068FAE3
:101620000D4800F010F980B208F0B8FF4FF06632B4
:101630000A4B09F003F80022094B08F0FFFF0022D3
:10164000084B08F0FBFF6FF00B0209F0B4FEBDE899
:10165000104008F05DBF00002003002066660A40CD
:101660000000264000005940F8B5002504460095CA
:1016700090F82400012808D0012084F82400204696
:10168000FFF756F8060002D053E00220F8BDA06A2A
:1016900020F4885040F00200A062022000F0DAFE40
:1016A00026490968B1FBF0F0400000E0401E0090C0
:1016B0000028FBD12046FFF767F82068816841F0D9
:1016C0000801816000F014FE074608E000F010FEFB
:1016D000C01B0A2803D920688068000715D4206839
:1016E00080680007F2D42068816841F004018160BD
:1016F00000F0FEFD074612E000F0FAFDC01B0A28CC
:101700000DD920688068400709D5A06A20F0020042
:1017100040F01000A06284F824500120F8BD206839
:1017200080684007E8D4A06A20F0020040F0010081
:10173000A06284F824503046F8BD000098000020D4
:1017400070470000F8B50024009490F82420254646
:10175000012A12D0012280F824204A681F23072A78
:101760000DD20668776B521E02EB820293409F43B4
:101770000B6893401F43776319E00220F8BD0668A9
:101780000D2A0AD2376BD21F02EB820293409F438D
:101790000B6893401F43376309E0F76A0D3A02EB89
:1017A000820293409F430B6893401F43F7620A688D
:1017B000072306680A2A0AD3F7680A3A02EB4202AC
:1017C00093409F438B6893401F43F76008E037695D
:1017D00002EB420293409F438B6893401F43376163
:1017E0000A68102A01D0112A20D1124B02689A42AD
:1017F00017D193681B0219D4936843F400039360D4
:101800000968102912D10C490C4A0968B1FBF2F1A0
:1018100001EB8101490000E0491E00910029FBD144
:1018200004E0816A41F020018162012480F82450A3
:101830002046F8BD002401409800002040420F00DF
:101840007047806A70470068C06C704710B50446E6
:1018500000684168890626D50168890723D5A16AF1
:10186000C90603D4A16A41F40071A1628168C1F381
:101870004241072910D1217B71B9416821F0200133
:101880004160A06A20F48070A062A06AC00403D402
:10189000A06A40F00100A0622046FFF7D1FF216856
:1018A0006FF0120008602068416809062ED50168B3
:1018B00049072BD5A16AC90603D4A16A41F4005196
:1018C000A1628168C1F30231072909D04168490545
:1018D00015D48168C1F34241072910D1217B71B928
:1018E000416821F080014160A06A20F48050A0622C
:1018F000A06AC00503D4A06A40F00100A06220469F
:10190000FFF71EFF21686FF00C0008602068416837
:1019100049060DD50068C0070AD0A06A40F480309F
:10192000A062204600F096F821686FF00100086080
:1019300010BD00002DE9F04104004FF000057FD0FC
:10194000A06A002628B9E66284F82460204600F0E8
:1019500083F82046FEF7ECFEA16AC90600D420B148
:10196000A06A40F01000A0626AE0A16A21F48851E8
:1019700041F00201A162334923688B42E16904D13D
:10198000B1F5402F01D14FF40021277B4FF4807C2B
:1019900041EA470261680A43A168614508D001290C
:1019A00006D0002194F814E0BEF1010F02D00AE045
:1019B0006146F7E7C7B1A76A47F02007A762E76A61
:1019C00047F00107E7625F6827F469470F435F60EC
:1019D000236899681C4F394011439960A16861459B
:1019E0000BD0012909D00CE0DFF860E0A7690EEB0D
:1019F00047370F4347F40061E5E7218A0D05A5F558
:101A000080152168CB6A23F470032B43CB622168D5
:101A100089680F4B1940914208D1E662A16A21F012
:101A2000020141F00101A162BDE8F081A06A20F04D
:101A3000020040F01000A062E06A40F00100E062A5
:101A40000120F1E7003C0140FDF7E1FF00E0FFFF6E
:101A5000FE0E1FFF7047000010B586B000210091F8
:101A60000191029103911E4C03681E4903221E48F6
:101A7000A34211D18B6943F400738B618B6903F42A
:101A8000007304938B6943F010038B61896901F043
:101A900010010491012113E0144CA3421DD18B6964
:101AA00043F480638B618B6903F4806304938B69D7
:101AB00043F010038B61896901F010010491022148
:101AC000CDE90012694600F005FB00221146122004
:101AD00000F08EFC122000F07EFC06B010BD00006D
:101AE0000024014000100240001001400028014085
:101AF0002DE9F84300270D460446009700F0F8FB57
:101B0000804620688168C90508D5A06A40F0200099
:101B1000A06284F824700120BDE8F8834168C905FB
:101B200003D4C06A10F4700F2AD0022000F092FC97
:101B30003B490968B1FBF0F62068036939490B425B
:101B40004FEA61014FEAA1121FD1C3684FEA611C3D
:101B500013EA0C0F19D103690B4225D1C06810425A
:101B600022D1142023E0681C0AD02DB100F0C0FB64
:101B7000A0EB0800A84203D920680068800725D59B
:101B8000206800688007EED52DE003690B4202D182
:101B9000C168114206D0026923490A4206D1C068D1
:101BA000084203D1542002E0292000E0FC204643F3
:101BB000009816E0681C11D02DB100F099FBA0EB45
:101BC0000800A8420AD90098B04207D2A06A40F0A3
:101BD0000400A06284F8247003209DE70098401C54
:101BE0000090B042E6D321686FF012000860A06A4E
:101BF00040F40070A06220688068C0F3424007286B
:101C00000CD1207B50B9A06A20F48070A062A06A39
:101C1000C00403D4A06A40F00100A06200207BE76A
:101C200098000020244992244992240070B504466B
:101C300090F8240001280DD0012084F824002046CB
:101C4000FEF7A2FD02004FF0000005D084F824004A
:101C5000104670BD022070BDA16A40F20123994375
:101C600041F48071A1621F4D23681F49AB4218D116
:101C70000E6816F4702F14D0A66A46F48016A66279
:101C80000E68760505D5A66A26F4005646F48056F9
:101C9000A662A66AF6040AD5E66A26F00606E66299
:101CA00006E0A66A26F48016A6625E68E9E7E062AE
:101CB00084F824006FF00200186020688368C3F382
:101CC0004243072B05D1A84208D1096811F4702FAF
:101CD00004D0816841F480118160B9E7816841F4E2
:101CE000A001F9E7002801400424014010B590F854
:101CF00021100022022905D00421816380F82020D0
:101D0000012010BD01680B6823F00E030B60016811
:101D10000B6823F001030B6090F84030C46B012185
:101D200001FA03F3636080F8211080F82020104648
:101D300010BD00002DE9F05F90F821100024022969
:101D400003D004218163012485E001680A6822F040
:101D50000E020A6001680A6822F001020A603F4E22
:101D60003E4FB215DFF8F4C0DFF8F090DFF8ECA0DA
:101D7000DFF8E8B0DFF8E4E00168783F130115020E
:101D8000ACF1640CA9F15009AAF13C0AABF1280BA3
:101D9000AEF1140E4FF48018B14227D9B9420ED0DB
:101DA000614512D049451DD0514518D0594518D02C
:101DB000714501D1424615E0294EB14201D10122BF
:101DC00010E0274E1436B14201D110220AE0244E11
:101DD0002836B14206D0224A3C32914201D11A46FD
:101DE00000E02A461E49091F0A602BE0B94213D0C1
:101DF000614517D0494522D051451DD059451DD0C8
:101E0000714501D142461AE0B14202D14FF08072D1
:101E100015E0134EB14201D1012210E0104E1436EC
:101E2000B14201D110220AE00D4E2836B14206D04F
:101E30000B4A3C32914201D11A4600E02A4607493A
:101E400080394A60012180F82110002180F820109B
:101E5000416B01B188472046BDE8F09F80000240F9
:101E6000080402402DE9F05FB0F5007F7ED17E4985
:101E7000DFF8F8817E4E08680025B0F5167F11DA8C
:101E8000401C086098F800104046012907D13178BD
:101E9000491CC9B231700A2901D135700570002181
:101EA0000846CDE0734C207800B300202070042059
:101EB00003F006FEDFF8C0A1D146CAF800000820F2
:101EC00003F0FEFD6D4F404238606D480078FFF72B
:101ED0000FFA03F079F83968D9F80000FFF734FBFE
:101EE00098F800104046012902D009E00120DDE702
:101EF0003178491CC9B231700A2901D13570057099
:101F000060480178491CC9B201700A2905D15E49AF
:101F10005E4A0D700121117005702078012810D1E2
:101F2000FFF776FB6062A16A491CA162E26A64293C
:101F30001044E06205D190FBF1F155480160E56283
:101F4000A562544C2078072801D0082801D103F05D
:101F500093FD03F05DFE03F06BF802F0ABFB02F0C3
:101F600023FC02F09FFCFFF759F800E07AE0FEF74F
:101F70006BFD2078092801D102F094F92078A04661
:101F8000F0B3002002F07EFB4348DFF810910168B7
:101F9000D9F80000FEF70CFD834654463968DAF89C
:101FA000000004F0EBFA064698F800103C480529BA
:101FB0004CD0042950D0006804F0B4F80BEB0601B3
:101FC00001EB000CDFF8DCB0DFF8DCA0081ACBF87E
:101FD00000C0DFF8D880CAF800005B46564642468B
:101FE00041F6F421604603F0BBFB1860424641F61F
:101FF000F421306803F0B4FB3060B8463B6800E081
:1020000022E02B484E462268D9F80010006803F001
:10201000AFFB284F08B101203870D8F800202168A4
:10202000306803F007FC00B13D7019480168306862
:1020300004F0F8F8002815D1DAF80010DBF80000F9
:10204000BDE8F05F03F0FABD64209BE701681A4821
:102050000078FEF739FDB1E7026839682068FFF7BC
:102060002BF8ABE7BDE8F09F8400002012000020B1
:102070008000002050010020580000205C0000205B
:10208000080000200000002088000020110000202F
:102090006C00002010000020740000207000002060
:1020A0007800002060000020640000200CE5FFFFA5
:1020B0008C0000200200002090000020044910B590
:1020C0000A68024202D00860FFF7CCFE10BD000093
:1020D000140401402DE9F84FDFF8C891002409F1FC
:1020E000040A0AF1040B23460F270BF1040ED1E07A
:1020F0000125A54006EA0502AA4276D1DFF8A8C16B
:102100004E68A6EB0C0866452BD00DDC032E34D0B0
:1021100005DC36B3012E19D0022E2FD11BE0112E73
:1021200016D0122E2AD119E0B8F5881F19D006DC76
:10213000B8F5803F15D0B8F5801F1FD111E0B8F574
:10214000001F0ED0B8F5041F18D10AE0CB6815E0C7
:10215000CB681B1D12E0CB6808330FE0CB680C3353
:102160000CE08B682BB1012B4FF0080303D04561C5
:1021700004E0042302E0056100E00023FF2A01D807
:10218000064601E000F104064FEA840501D9A5F1F5
:102190002005D6F8008007FA05FC28EA0C0803FAA7
:1021A00005F548EA0508C6F800804D68ED0070D5D1
:1021B0003E4DAE6946F00106AE61AD6924F00306FE
:1021C00005F0010500953A4D06EB050CDCF80850CA
:1021D000A607360F07FA06F825EA0805DFF8D480C7
:1021E000404503D14FF0000825E052E0DFF8C880F9
:1021F000404502D14FF001081DE0DFF8C0804045A6
:1022000002D14FF0020816E0DFF8B480404502D159
:102210004FF003080FE0DFF8AC80404502D14FF0EB
:10222000040808E0DFF8A080404502D14FF005081F
:1022300001E04FF0060808FA06F848EA0508CCF86D
:1022400008804D68D9F80060ED034D4601D516436E
:1022500000E096432E604D68DAF80060AD03554605
:1022600001D5164300E096432E604D68DBF8006010
:10227000ED025D4601D5164300E096432E604D68A1
:10228000DEF80060AD02754601D5164300E09643C6
:102290002E60641C0A681646E2407FF429AFBDE850
:1022A000F88F0000000401400000111000100240EF
:1022B0000000014000080140000C014000100140F6
:1022C0000014014000180140001C014080680840D3
:1022D00000D001207047C26821EA02030A4043EAA5
:1022E0000241016170470AB1016170470904FBE7CF
:1022F0000148806870470000E402002002488168BD
:102300000278114481607047E4020020074810B54C
:10231000016841F010010160032000F089F80320FA
:1023200000F006F800F024F8002010BD0020024064
:1023300070B50D4D04464FF47A712878B1FBF0F07A
:102340000A490968B1FBF0F000F0E0FB48B9102C35
:1023500007D200222146501E00F04AF800206C608F
:1023600070BD012070BD0000E40200209800002034
:102370000E4808B5816941F001018161816901F070
:1023800001010091C16941F08051C161C06900F053
:1023900080500090052000F04BF80548416821F07E
:1023A000E06141F00071416008BD00000010024092
:1023B0000000014000280DDB00F01F0201219140C8
:1023C0004009800000F1E020C0F88011BFF34F8F7A
:1023D000BFF36F8F7047002809DB00F01F02012157
:1023E00091404009800000F1E020C0F800117047E2
:1023F000F0B40E4B1B680C46C3F30223C3F1070570
:10240000042D00D90425191D072901D2002300E05D
:10241000DB1E012606FA05F1491E214099409E4027
:10242000761E16403143F0BC04F00BBA0CED00E010
:10243000064900F0070208684FF6FF03184040EA1B
:102440000220034A10430860704700000CED00E0D2
:102450000000FA0510B52CA401461DCC86B08DE80D
:102460001D002DA02D4C00680490002004292FD0C1
:102470000BDC01292FD0022928D100F071F9616805
:10248000C1F38131491C49001EE0082920D01029E0
:102490001CD161682268D20118D5C1F38342C903F7
:1024A0001DF8020009D5616804AAC1F34041515CDE
:1024B0001B4AB2FBF1F1484301E01A494843616805
:1024C000490203D440000321B0FBF1F006B010BD77
:1024D00000F056F9FAE7226AC2F30121012903D17B
:1024E000920701D5C803F1E7022905D1626A920774
:1024F00002D549F64040E9E70329E7D1216889037D
:10250000E4D54FF22440E1E7020304050607080979
:102510000A0B0C0D0E0F10100102000000100240FB
:1025200000127A0000093D002DE9F84305460078C5
:10253000354CC00754D0E0690026C00008D4E069DB
:1025400040F08050E061E069012600F0805000908A
:102550002E480168C90512D40168804641F4807193
:102560000160FFF7C5FE074605E000BFFFF7C0FEAC
:10257000C01B642823D8D8F80000C005F6D5206A0F
:1025800010F4407021D0A98801F4407181421CD020
:10259000206A1F49012220F440700A6000220A606C
:1025A0002062C00711D0FFF7A3FE074641F288382A
:1025B00008E000BFFFF79CFEC11B414502D9032084
:1025C000BDE8F883206A8007F4D5206A696820F4A2
:1025D0004070084320621EB1E06920F08050E06145
:1025E0002878800705D56068A96820F44040084332
:1025F00060602878C00605D56068696920F48000AD
:10260000084360600020DBE70010024000700040DB
:10261000400442422DE9F0470F46050061D0434E89
:10262000306800F00700B84209D2306820F0070097
:1026300038433060306800F00700B84251D1286854
:102640003B4C810712D5400703D5606840F4E06039
:1026500060602878000703D5606840F460506060CF
:102660006068A96820F0F000084360602878C0071F
:1026700028D06868012810D02168022810D0890766
:1026800000292EDA616821F0030101436160FFF740
:102690002FFE804641F288390DE021688903EFE77B
:1026A0008901EDE7FFF724FEA0EB0801494502D9B7
:1026B0000320BDE8F0876068696800F00C00B0EBAB
:1026C000810FEFD1306800F00700B8420BD93068B5
:1026D00020F0070038433060306800F00700B8424F
:1026E00001D00120E5E72878400705D56068E96852
:1026F00020F4E060084360602878000706D5606831
:10270000296920F4605040EAC100606000F038F8A8
:102710006168084AC1F30311515CC840064908606A
:1027200006480068FFF704FE0020C2E700200240D0
:10273000001002408EB4000898000020E80200203B
:102740000448054900684968044AC1F30221515C04
:10275000C840704798000020001002409EB4000856
:102760000448054900684968044AC1F3C221515C24
:10277000C840704798000020001002409EB4000836
:1027800012A185B00FC98DE80F0014A0144A00688B
:1027900004905168134801F00C03042B10D0082B4F
:1027A0000ED1C1F38343C9031DF803000AD5516854
:1027B00004AAC1F34041515C0A4A5043B0FBF1F016
:1027C00005B0704708494843FAE7000002030405D2
:1027D000060708090A0B0C0D0E0F1010010200006D
:1027E0000010024000127A0000093D002DE9F84F68
:1027F000040070D02078C04DC00749D06868C0F38D
:102800008100012807D06868C0F38100022809D13F
:102810006868C00306D52868800339D56068002839
:10282000E7D035E06068B0F5803F0BD010B1B0F56F
:10283000A02F11D0286820F480302860286820F468
:10284000802002E0286840F480302860606890B101
:10285000FFF74EFD06460AE0286840F48020286015
:10286000F0E700BFFFF744FD801B642873D8286899
:102870008003F7D50CE0FFF73BFD064605E000BFFF
:10288000FFF736FD801B6428F0D828688003F7D452
:1028900020789A4E80074FF001094FF0000839D593
:1028A000686810F00C0F07D06868C0F38100022838
:1028B00009D16868C00306D42868800714D5206948
:1028C000012808D110E02069B0B1C6F80090FFF7E8
:1028D0000FFD074605E00AE1FFF70AFDC01B0228CD
:1028E000C4D828688007F7D52868616920F0F80007
:1028F00040EAC10028600DE0C6F80080FFF7F8FC50
:10290000074604E0FFF7F4FCC01B022823D8286820
:102910008007F7D4207800072CD57948A169D9B170
:10292000C0F80090FFF7E4FC074604E0FFF7E0FC86
:10293000C01B02280FD8686A8007F7D571484FF48A
:10294000FA510068B0FBF1F0009000BF0098411E02
:102950000091FAD20EE080E0C0F80080FFF7C8FCDA
:10296000074604E0FFF7C4FCC01B022875D8686A5C
:102970008007F7D42078400760D5E8690027C000B9
:1029800008D4E86940F08050E861E869012700F068
:10299000805000905C480168C90513D401688346E3
:1029A00041F480710160FFF7A3FC824606E000BF9E
:1029B000FFF79EFCA0EB0A0064284ED8DBF800006D
:1029C000C005F5D5E06801280AD008B1052813D064
:1029D000286A20F001002862286A20F0040002E042
:1029E000286A40F001002862E06841F2883B98B113
:1029F000FFF77EFC82460BE0286A40F00400286264
:102A0000EEE700BFFFF774FCA0EB0A0159455AD866
:102A1000286A8007F6D50CE0FFF76AFC824605E0DD
:102A2000FFF766FCA0EB0A0159454CD8286A8007DD
:102A3000F6D41FB1E86920F08050E861E06988B3FE
:102A40006968C1F38101022944D00228C6F8608078
:102A500004D0FFF74DFC044638E034E0FFF748FCB3
:102A6000074604E0FFF744FCC01B02282BD8286867
:102A70008001F7D4206AB0F5803F05D16868A1686D
:102A800020F4003008436860D4E90801084369680D
:102A900021F4741108436860C6F86090FFF728FCC1
:102AA000044606E025E000BFFFF722FC001B0228D9
:102AB00009D828688001F7D51BE000BFFFF718FC94
:102AC000001B022802D90320BDE8F88F2868800186
:102AD000F4D40EE00128F7D06868226A00F480314F
:102AE000914204D1616A00F47010884201D0012043
:102AF000EAE70020E8E70000001002400000424240
:102B000080044242980000200070004010B5401E32
:102B1000B0F1807F01D3012010BD4FF0E02460614F
:102B20000F21601703F08DFE0020A06107202061B7
:102B3000002010BD7047704770B590F83C20012A06
:102B40002CD0012480F83C40022280F83D2003680C
:102B50005A689D6822F070060A6832435A60104B2A
:102B600002689A420ED00F4B9A420BD0B2F1804FBE
:102B700008D00D4B9A4205D00C4B9A4202D00C4B18
:102B80009A4204D1496825F080031943916080F886
:102B90003D40002180F83C10084670BD022070BD09
:102BA000002C0140003401400004004000080040B7
:102BB000000C004090F83D10012901D00120704721
:102BC000022180F83D100168CA6842F00102CA6023
:102BD00000680E4988420ED00D4988420BD0B0F1F2
:102BE000804F08D00B49884205D00B49884202D05B
:102BF0000A49884204D1816801F00701062903D0FF
:102C0000016841F00101016000207047002C014083
:102C1000003401400004004000080040000C004067
:102C20002DE9F0410D46040003D094F83D0018B1A1
:102C300008E00120BDE8F081002084F83C00204637
:102C400000F040F8022084F83D002068816844F2DA
:102C5000070291438160211D206803F069F8226812
:102C600090689169166A2B68AF69034340F203309C
:102C7000814341EA0721A868EF6908434FF6FC4108
:102C80008843E96840EA0720014328692F6A000168
:102C900040EA0730084369686D6926F0220646EA73
:102CA0000515294393602268906154F8460B016230
:102CB000012004F81F09E0752076E0762077A075E2
:102CC0000020B7E700B585B0002100910191029185
:102CD0000391224B02682248C0219A421BD1C2694B
:102CE00042F00402C261C26902F0040204928269E5
:102CF00042F0080282618069009100F008000490AF
:102D000069461848FFF7E6F9032201211E20FFF764
:102D10006FFB1E201DE0144B9A421CD1826942F4C5
:102D200000528261826902F400520492826942F088
:102D3000100282618069009100F0100004906946E1
:102D40000A48FFF7C7F9032201212C20FFF750FBA7
:102D50002C20FFF740FB05B000BD0000000800403C
:102D600000100240000C01400034014000100140FE
:102D700070B590F83E60044690F83F5090F84230AD
:102D800090F84320022021B104290ED0012E1BD13E
:102D900014E0012E18D1012B16D184F83E0084F8DE
:102DA000420001220021206820E0012D0CD1012ADF
:102DB0000AD184F83F0084F8430014E0012D03D1C8
:102DC000012B01D1012A01D0012070BD84F83E0001
:102DD00084F83F0084F8420084F843000122002177
:102DE000206802F0EBFF01220421206802F0E6FFD8
:102DF0002068016841F001010160002070BD000001
:102E00002DE9F04707464FF0804000696C4C0026E2
:102E10004FF00109E068B0F5C86F06DD6948017838
:102E200019B980F8009068480670684DAF427DD1AE
:102E3000387F022847D16088010677D4410641F2E5
:102E4000111840F2444A1DD540F0800060800421F2
:102E5000284600F030FCA0802868016A11EA080FBB
:102E600007D1016A11EA0A0F03D1016821F00101BB
:102E700001602868016A21F0A00101622868016AE6
:102E800001621CE0A680402060802868016A11EA87
:102E9000080F07D1016A11EA0A0F03D1016821F076
:102EA00001010160286846622868016A21F0A001DA
:102EB00001622868016A41F0200101622868016806
:102EC00041F001010160387F4FF4FA7A04283BD1C8
:102ED000DFF8FC804FF0080198F8010000283B481B
:102EE00013D000F0E8FBD8F80420801AA060226913
:102EF000801A00D54042504519DD2078401CC0B2F0
:102F00002070052813D8A26012E000F0D4FBC8F8A6
:102F1000040029680A6A22F400720A6229680A6AAF
:102F200042F400720A6288F801900DE039E02670E0
:102F3000A06820612868026A22F400720262286890
:102F4000026A026288F80160387F082829D1204F80
:102F50004FF00C010C3F787800281C4812D000F08C
:102F6000AAFB7968401AE0606169401A00D54042C6
:102F7000504518DD6078401CC0B26070052812D83A
:102F8000E16011E000F097FB78602868016A21F4A5
:102F9000005101622868016A41F40051016287F81A
:102FA0000190BDE8F0876670E06860612868016A9A
:102FB00021F4005101622868016A01627E70F0E725
:102FC0003401002048000020130000209803002056
:102FD0006C1800202DE9F041054690F83C000C46A5
:102FE000012836D0012085F83C008AB3042A42D05B
:102FF0002868082A51D0D4E90023E168066A26F43B
:1030000080560662C669076A26F4407646EA0323BC
:103010004FF6FF7606EA013123F4704319434FF46B
:10302000005627F4005306EA02321A43C1610262D5
:103030002868C16921F44061C1612868C169A2683A
:1030400041EA0221C161002085F83C00BDE8F08121
:1030500001E00220FAE7D4E90012E368286802F0F0
:103060007DFF2868816921F00C01816128688169F0
:10307000A26811430FE0D4E90012E368286802F067
:10308000A3FF2868816921F4406181612868816912
:10309000A26841EA02218161D5E7D4E90027267BB5
:1030A000016A21F480710162C169036A21F00301A0
:1030B000394321F0F00731074FF4007647EA1161F8
:1030C00023F4007306EA02221A43C16102622868EF
:1030D000C16921F00C01C1612868C169A26811436E
:1030E000B0E710B5040003D094F83D0010B107E03C
:1030F000012010BD002084F83C00204600F01EF89E
:10310000022084F83D00211D206802F011FE0120FC
:1031100084F8460084F83E0084F83F0084F84000BC
:1031200084F8410084F8420084F8430084F84400A5
:1031300084F8450084F83D00002010BD00B585B03E
:1031400000210091019102910391234B02682349D0
:1031500023489A421BD18A6942F400628A618A69D3
:1031600002F4006204928A6942F004028A61896969
:1031700001F004010491C11400916946FEF7AAFF11
:10318000002211461920FFF733F919201FE0B2F190
:10319000804F1ED1CA6942F00102CA61CA6902F0B9
:1031A000010204928A6942F004028A61896901F08D
:1031B000040104910E210091022102916946FEF75B
:1031C00089FF022201211C20FFF712F91C20FFF7C2
:1031D00002F905B000BD0000002C014000100240C3
:1031E0000008014010B5044651B104290DD008294A
:1031F00010D094F8410094F84520012811D10EE038
:1032000094F83E0094F84220F7E794F83F0094F8D1
:103210004320F2E794F8400094F84420EDE7012AB7
:1032200001D0012010BD022051B1042911D008297C
:1032300018D084F8410084F845000C291BD13CE0EB
:1032400084F83E0084F842002068C26842F002021E
:1032500010E084F83F0084F843002068C26842F020
:10326000040207E084F8400084F844002068C26843
:1032700042F00802C2600122206802F09FFD11495D
:10328000206888420ED0104988420BD0B0F1804FA0
:1032900008D00E49884205D00D49884202D00D4918
:1032A000884204D1816801F00701062903D0016832
:1032B00041F001010160002010BD2068C26842F0A9
:1032C0001002D7E7002C0140003401400004004008
:1032D00000080040000C004070B504460068016919
:1032E0004FF00005C943890715D4C168C943890750
:1032F00011D4E91E016101202077206880698007D0
:10330000204602D0FFF77CFD04E000F0D1F8204613
:1033100000F074F9257720680169C943490717D47B
:10332000C168C943490713D46FF004010161022049
:1033300020772068806910F4407F204602D0FFF794
:103340005FFD04E000F0B4F8204600F057F925775F
:1033500020680169C943090716D4C168C943090730
:1033600012D46FF008010161042020772068C06941
:103370008007204602D0FFF743FD04E000F098F8F4
:10338000204600F03BF9257720680169C943C9064A
:1033900017D4C168C943C90613D46FF01001016185
:1033A000082020772068C06910F4407F204602D0B2
:1033B000FFF726FD04E000F07BF8204600F01EF940
:1033C000257720680169C943C90708D1C168C94385
:1033D000C90704D1891E0161204600F06BF92068FD
:1033E0000169C943090609D4C168C943090605D45E
:1033F0006FF0800101612046FFF79CFB20680169A6
:10340000C943490609D4C168C943490605D46FF0C8
:1034100040010161204600F063F920680169C94359
:1034200089060BD4C168C943890607D46FF020010F
:1034300001612046BDE87040FFF77DBB70BD000014
:1034400030B585B00021009101910291039100688F
:103450001349884221D11348816941F004018161F7
:10346000816901F004010491816941F008018161E1
:103470008069022500F008000490C020CDE9000515
:103480000324694603940848FEF724FECDE900456D
:10349000694606480394FEF71DFE05B030BD0000E6
:1034A000000400400010024000080140000C0140F0
:1034B000704770B5044690F83C000D4601280AD0CC
:1034C000012084F83C0042B1042A18D0082A2AD0EE
:1034D0000C2A4DD139E0022070BD206802F07CFC3E
:1034E0002068816941F0080181612068816921F0CB
:1034F00004018161206881692A69114311E0206813
:1035000002F09AFC2068816941F4006181612068C1
:10351000816921F480618161206881692A6941EAB9
:103520000221816124E0206802F0BCFC2068C169AE
:1035300041F00801C1612068C16921F00401C16145
:103540002068C1692A69114311E0206802F0DEFC9D
:103550002068C16941F40061C1612068C16921F43A
:103560008061C1612068C1692A6941EA0221C161A3
:10357000002084F83C0070BD10B5040003D094F81E
:103580003D0010B107E0012010BD002084F83C0090
:10359000204600F01FF8022084F83D00211D20681D
:1035A00002F0C6FB012084F8460084F83E0084F84F
:1035B0003F0084F8400084F8410084F8420084F819
:1035C000430084F8440084F8450084F83D0000205E
:1035D00010BD000008B500680649884208D10648B9
:1035E000C16941F00201C161C06900F002000090B0
:1035F00008BD0000000400400010024070470000B9
:1036000010B50446022249B104290ED0082913D06E
:1036100094F84100012816D0012010BD94F83E0016
:103620000128F9D184F83E200FE094F83F000128EA
:10363000F2D184F83F2008E094F840000128EBD153
:1036400084F8402001E084F841200122206802F043
:10365000B5FB13492068134A884201D0904203D138
:10366000436C43F400434364206888420DD0904289
:103670000BD0B0F1804F08D00B49884205D00B49E0
:10368000884202D00A49884204D1816801F00701CA
:10369000062903D0016841F001010160002010BD3E
:1036A000002C0140003401400004004000080040AC
:1036B000000C004070470246002041B1042909D0A7
:1036C00008290AD00C2901D11068006C70471068D5
:1036D000406B70471068806B70471068C06B704714
:1036E0007047704770470000F8B5026804461068DC
:1036F000D168536910F00F0F4FF0000553D003F05D
:10370000010601F4907737435FD0C20705D0CA05A0
:1037100003D5226C42F001022264420705D5DA0784
:1037200003D0226C42F002022264820705D5DA0738
:1037300003D0226C42F004022264020707D501F094
:103740002002324303D0226C42F008022264226C31
:10375000002A34D0800604D5880602D5204602F01F
:10376000BBFD20684069216CC0F38010090700D4BC
:1037700030B3204602F098FD2068416949061BD508
:10378000416921F040014161A06BA8B158494163F2
:10379000A06BFEF7CFFA002811D0A06B416B01B0EF
:1037A000BDE8F040084783060FD58B060DD52046AF
:1037B000BDE8F84002F090BD2046FFF793FFF8BD4A
:1037C0002046FFF78FFF2564F8BD266B2023012ECE
:1037D00052D1C60650D5CE064ED51068506800901E
:1037E000506940062AD5A16B086840680004000CA7
:1037F000EAD0A68D8642E7D9E0858869202818D0CE
:10380000D06820F48070D0602068416921F0010107
:1038100041612068416921F04001416184F83E30F6
:1038200025632068C16821F01001C160A06BFEF71C
:103830005DFAA08DE18D401A81B219E0A08DE18D75
:10384000401A81B2E08D0028BED00029BCD0D068DB
:1038500020F49070D0602068426922F00102426139
:1038600084F83E3025632068C26822F01002C260EE
:103870002046FFF736FFF8BD05062BD50D0629D5E6
:1038800094F83D002128F6D1A068B0F5805F01D101
:103890002069B0B1206A411C21622168007848602B
:1038A000E08C401E0004000CE084E4D12068C16874
:1038B00021F08001C1602068C16841F04001C16011
:1038C000F8BD206A0088C0F308005060206A801CA0
:1038D0002062E5E74006F3D54806F1D5D1682046D9
:1038E00021F04001D16084F83D3000F02DFBF8BD9F
:1038F0009962000870B5040004D094F83D000025DA
:1039000010B106E0012070BD84F83C50204600F064
:1039100023F8242084F83D002068C16821F4005178
:10392000C160204602F034FD2068016921F4904115
:1039300001612068416921F02A0141612068C16864
:1039400041F40051C1602564202084F83D0084F8D2
:103950003E00002070BD000070B586B000240094C9
:10396000019402940394474D0368474802210322BF
:10397000AB422ED1C36943F48013C361C36903F41E
:1039800080130493836943F010038361836903F018
:1039900010030493836943F02003836180690392D9
:1039A00000F020000490C802CDE9000169463748C4
:1039B000FEF790FB0420CDE90004694634480294E8
:1039C000FEF788FB012211463520FEF711FD352058
:1039D00029E0304E3515B34229D1836943F4804341
:1039E0008361836903F480430493836943F0040390
:1039F00083618069284E00F0040004906810CDE9CE
:103A00000001039269463046FEF764FBCDE900549D
:103A1000694630460294FEF75DFB012211462520DF
:103A2000FEF7E6FC2520FEF7D6FC06B070BD1B4E67
:103A3000B342FAD1C36943F48023C361C36903F479
:103A400080230493836943F0080383618069CDE98F
:103A5000005100F00800CDE90320114D69462846C9
:103A6000FEF738FBE814CDE90004694628460294C5
:103A7000FEF730FB012211462720FEF7B9FC272074
:103A8000D1E700000050004000100240001001404B
:103A90000014014000380140000801400048004087
:103AA000000C014090F83E30202B0ED159B152B19C
:103AB00090F83C30012B08D0012380F83C300023E3
:103AC000036302F0C1BC0120704702207047000070
:103AD0002DE9F05F0068F74A0121F74D00244FF00F
:103AE000020A904278D105F10900F44E0078E860AE
:103AF000A872AB46B6F800C0DFF8C493F14AF24BA7
:103B0000F24DF34F592818D0804658281CD0C4468F
:103B10000A2823DD5A2839D0412849D045283AD0EF
:103B200042283CD043283AD0442838D046283BD0BD
:103B3000472839D0482837D00CE0ACF1640CA6F8FF
:103B400000C0A9F800A005E00CF1640CA6F800C0C4
:103B5000A9F8001014801C802C803C8084460A2820
:103B60002CDAA9F80010B0F1000C0FD001281FD0FA
:103B7000052810D002281DD003281BD0042819D0F6
:103B800006282AD0072828D0082826D014801C8090
:103B900003E03C8012E0148019802C80F9E7148047
:103BA0001C802C803980D9E714801C802980D4E7C0
:103BB0001180ECE714801C802C803980BE4AC54BF4
:103BC0005D4652787B280CD07D2811D02F78012FAC
:103BD00008D0022F0ED074E078E014801C80298079
:103BE000D7E7297003F802C0521C8BF8012068E067
:103BF00085F800A0D878502805D05878232858D0C8
:103C0000AA709A4629E0B448017052E06978081A0F
:103C100006F0ADFC02460B460020B04905F090FCD2
:103C20000746A87888468146504410F8010C303881
:103C300006F09DFC3A46434606F000FD80460F46DE
:103C4000286907F00BF842463B4606F04DFA06F0AD
:103C500019FA2861A9F10100A870A8780428D5D222
:103C60009AF801003038092823D2DFE800F0050A6D
:103C70000D101316191C1F00286907F06DF930800C
:103C800017E09749286913E09649286910E096499A
:103C900028690DE0954928690AE09549286907E0F7
:103CA0009449286904E09449286901E09349286906
:103CB00008602C706C70AC70322186482C61FCF767
:103CC000BFFB7D49012209318D48EDE08D4A4FF05F
:103CD000060E90426FD1DFF8E0C177480CF10B0679
:103CE0009CF804209CF805B0EF78874B0B303678B1
:103CF0000BEB4B0C0CEB03090078164407F1010C9D
:103D0000F6B20CF0FF0C3A2F6DD2DFE807F01D235E
:103D10002A34373C4043464B43464B43464B43468D
:103D20004B43464B43464B43464B43464B43464B24
:103D300043464B43464B43464B43464B43464B431C
:103D4000464B43464B55595EA5280CD11870E97077
:103D5000A5320EE05A2806D1587085F803A05A32D1
:103D600007E03A2801D0EC703CE098700320E8703E
:103D70003A322A7137E0D870042024E01871052007
:103D800021E02E712FE0587185F803E0F9E7987172
:103D9000072018E089F8070001E089F8080085F895
:103DA00003C0EEE789F8090085F803C02E710BF116
:103DB0000100687117E01BE083F83700382002E04B
:103DC00083F838003920E870DBE783F83900EC70BD
:103DD0006C71904202D103F005F903E03A214A48A0
:103DE000FCF70CFB2C71344901220B3147485BE096
:103DF000474988425CD13048464AC01D354E01785B
:103E0000297282F800E0A87964367B29315400D009
:103E100028B1401CC0B2A8710B2802D040E0AC71A0
:103E20003EE0AC71B07A7D283AD100210920FCF740
:103E300075FE717A884233D13179F07802F0E8FC6E
:103E400035490860317AF07902F0E2FC334906F036
:103E5000A5FF334907F000F94FF0FF3107F0D9FA19
:103E600006F0FCFE00222F4B06F0FAF9022207F0C2
:103E7000A2FA00222C4B06F0E1FB00222B4B06F0AD
:103E8000DDFB2B4A2B4B06F0EBF94FF066322A4B49
:103E900006F0D4FB06F0F6F82849086028480470BC
:103EA000054901222748C91DBDE8F05FFFF7FABDAB
:103EB000BDE8F09F00480040200100200C000020D9
:103EC0000A000020380000203A0000203C000020BA
:103ED0003E000020DC1700204900002000002440A4
:103EE000180000201C0000202000002024000020DA
:103EF000280000202C00002030000020340000208A
:103F000040050020005000408C0C0020B804002028
:103F100000380140100000204C00002000007A44CE
:103F2000000020C30000694000003E4000407F4088
:103F3000D3DEE00B934F6A406666164050000020C7
:103F400001000020FC0400207047FEE770B50D461C
:103F5000044600F0C1F8204600F08EF800F004F9A5
:103F6000284600F089F800F0FFF800F0B5F8641C6E
:103F7000E0B200F081F800F0F7F8002000F046F819
:103F8000044600F0D1F8204670BD000070B50D4C1D
:103F90000025C4F8B8510C48016821F07041016057
:103FA000016841F040510160C4F8BC51012004F5A2
:103FB000DC7403F001FA0120206003F0FDF92560B4
:103FC00070BD000000802142040C014070B50D4C12
:103FD0000025C4F8B8510C48016821F07041016017
:103FE000016841F0405101600126C4F8BC613046CF
:103FF00004F5DC7403F0E0F92660012003F0DCF93D
:10400000256070BD00802142040C01402DE9F0477D
:10401000814617480024016821F070410160016861
:1040200041F000410160134E254627464FF001083C
:10403000C6F8B871022003F0BFF9C6F8B88160066F
:10404000040ED6F83C0108B1641CE4B2022003F06F
:10405000B3F96D1CEDB2082DEAD3B9F1000F02D00F
:10406000FFF794FF01E0FFF7B1FF2046BDE8F087BE
:10407000040C0140008021422DE9F041064614481D
:10408000016821F070410160016841F04051016018
:10409000104C0027C4F8B8713D464FF00108F009F4
:1040A000C4F8BC017006060E012003F085F9C4F8BF
:1040B000B881012003F080F9C4F8B871012003F041
:1040C0007BF96D1CEDB2082DE9D3BDE8F08100004D
:1040D000040C01400080214270B51148016821F0B4
:1040E00070410160016841F0405101600D4C0120B8
:1040F000C4F8BC01D4F83C1149B1C4F8B80103F0CC
:104100005BF90025C4F8BC51D4F83C0108B100208B
:1041100070BD012003F050F9C4F8B851012070BD02
:10412000040C0140008021420D4810B5016821F0C7
:1041300070410160016841F040510160094C00206C
:10414000C4F8B801C4F8BC01012004F5DC7403F024
:1041500033F9012020606060BDE8104003F02CB905
:10416000040C01400080214270B51348002401680E
:1041700021F070410160016841F0004101600F4D84
:104180000126C5F8BC61304603F016F9C5F8B861E0
:1041900007E0641CE4B2322C03D9FFF7C5FF00200E
:1041A00070BD012003F008F9D5F83C010028F0D1DA
:1041B000C5F8B801012070BD040C01400080214207
:1041C00010B51446FFF7C2FE2070012010BDF8B5EF
:1041D00015461C460E4607466A46FFF7F1FF0120CA
:1041E0009DF80010A8400CB1084301E021EA00004E
:1041F000C2B28DF800203146384600F02BF8F8BDE9
:104200002DE9F84314461D460F4680466A46089E2F
:10421000FFF7D6FF00281BD0611CFF20C4F1080265
:1042200000FA01F12A44521ED0400143C5F10800B2
:104230008640F2B2C4F10700C2409DF80000084079
:1042400010438DF80000C2B23946404600F002F833
:10425000BDE8F88307B502AB012200F001F80EBDFE
:104260002DE9F0411E461546884607460024FFF713
:1042700033FF3846FFF700FFFFF776FF4046FFF7B2
:10428000FBFEFFF771FF06E0305DFFF7F5FEFFF77D
:104290006BFF641CE4B2AC42F6D3FFF745FF01208C
:1042A000BDE8F0812DE9F0413B48D0F820013B49C1
:1042B000D1F8202140EAC200D1F81021D1F8241110
:1042C000920042EA4101364C084300252070102834
:1042D00032D2DFE800F01A0831083131310F0A1A02
:1042E00031130A15111C616802E0616881F0004118
:1042F000216222E0A16806E0A16802E0216902E0F3
:10430000216981F00041216219E0256217E0606AAD
:104310000B2806D00D2806D0072806D00E2806D078
:104320000EE0E06806E0E06802E0A06802E0A06855
:1043300080F00040206203E025620F2800D0606218
:10434000206AA16920F0004006F052FE21D2A06947
:1043500006F084FC0546206A0E4620F0004006F078
:104360007DFC2A46334605F07BFF06460F46606912
:1043700006F074FC8846054632463B4606F05EF978
:104380002A46434606F08EFA05F07CFEE061BDE861
:10439000F081E561FBE7000000802142000022423D
:1043A000B802002041060748826942F0010282619A
:1043B0000548426822F0E062426042680A43426077
:1043C0007047000000100240000001402DE9F34F4B
:1043D000524D8DB00846E9684F4E089106F044FFF3
:1043E0002968009106F038FEA96806F063FC05F123
:1043F0006404069067683046394606F035FFD4F805
:104400000890494606F030FF45490860E26890464A
:1044100082F00046434A4E60C1E90262009906F00C
:104420001BFE216806F046FC83463046009906F0E4
:1044300013FE0646394606F03DFC824630464946A4
:1044400006F038FC81463748009906F005FE4146E3
:1044500006F030FC804606990D9806F005FF0390A3
:1044600059464FF07E5006F0F7FD064649464FF09C
:104470007E5006F0F1FD049031464FF07E5006F07C
:10448000EBFD4FF07C5106F015FC07460146304627
:1044900006F084FC01903946049806F07FFC0090F9
:1044A00051464FF07E5006F0D7FD07463146019841
:1044B00006F0D2FD594606F0CCFE20603946019840
:1044C00006F0CAFD514606F0C4FE60603146009811
:1044D00006F0C2FD494606F0BCFEA06039460098D1
:1044E00006F0BAFD414606F0B4FEE060039901987B
:1044F00006F0B2FD069906F0DDFBA86004460399BC
:10450000009806F0A9FD089906F0D4FBE8600FB00A
:104510002046BDE8F08F00006F12833A340200207D
:1045200078190020A69B443B2DE9F34F524D8DB0E6
:104530000846E96B4F4E089106F096FE29680091F7
:1045400006F08AFDA96B06F0B5FB05F17404069030
:1045500067683046394606F087FED4F80890494629
:1045600006F082FE45490860E268904682F0004607
:10457000434A4E60C1E90262009906F06DFD216870
:1045800006F098FB83463046009906F065FD064626
:10459000394606F08FFB82463046494606F08AFBD4
:1045A00081463748009906F057FD414606F082FBE8
:1045B000804606990D9806F057FE039059464FF035
:1045C0007E5006F049FD064649464FF07E5006F003
:1045D00043FD049031464FF07E5006F03DFD4FF014
:1045E0007C5106F067FB07460146304606F0D6FBD5
:1045F00001903946049806F0D1FB009051464FF0E7
:104600007E5006F029FD07463146019806F024FD4C
:10461000594606F01EFE20603946019806F01CFD42
:10462000514606F016FE60603146009806F014FD13
:10463000494606F00EFEA0603946009806F00CFDD3
:10464000414606F006FEE0600399019806F004FD7D
:10465000069906F02FFBA86304460399009806F01C
:10466000FBFC089906F026FBE8630FB02046BDE886
:10467000F08F00006F12833A340200208819002066
:10468000A69B443B094A68B109490B685B1C0B6057
:10469000834206D1D2F88801C043C2F888010020C5
:1046A000086070470120C2F888017047000022426C
:1046B000A40000202DE9F05F2C4800263546007844
:1046C0003746012849D12A480088012845D0294881
:1046D0000088012841D0DFF8A0A0DFF8A0B0DFF803
:1046E000A090002409EBC400406800EB0A035B457E
:1046F00021D339F83480A8F10101B1F5957F1AD89A
:10470000204A761C2049F6B2C2F80080884204DDB7
:104710001E4906F0A9FD294605E01749494288428D
:1047200004DA0146284606F0C5FA0546B8F1960FA8
:1047300001D27F1CFFB2641CE4B2E12CD2D3144836
:104740000021144A082E01D2134B04E005D9116050
:104750000A2F04D9114B13600160BDE8F09FB5F535
:10476000000F01DB0E49F7E70E49F5E710000020C6
:104770003C0000203E0000200000B8BD01005301B5
:10478000C80C00207C00002000009B430000B443C4
:10479000500000204C00002000004843000048C3A7
:1047A000000048C4000048442DE9F0412F4800268D
:1047B0004FF6FF750078374640F2DC5C02284DD199
:1047C0002B480088012849D02A480088012845D074
:1047D000294C2A4BDFF8A880206D002133F83120C6
:1047E0005AB1624509D2761CF6B2AA4205D203EB51
:1047F000C10015464068C8F80020491CC9B2E1292B
:10480000ECD320492065884203DD1F4906F02CFDCA
:1048100020658046616D06F027FD1C49884202DC58
:104820001B49884201D93B2F01D1C4F85480DFF8DD
:104830006480194F052E13D9284606F0C5FB174989
:1048400000F09AF838600021206DFCF7F1FCC8F800
:10485000000013483968814200DD3860BDE8F0810E
:1048600000203860C8F80000F8E7000010000020C1
:104870003C0000203E00002050010020C80C002019
:104880007C000020000034430000B443000050418D
:10489000000050C1500000204C0000200000964352
:1048A000000016442DE9F047274A2849D0890978A5
:1048B0000446032946D126490988012942D02549C1
:1048C000098801293ED0254B2349254F1960DFF87F
:1048D00094C0254B254D00214FF4FA7905EBC10614
:1048E00076683E4466451DD2B3F80080C84510D2B4
:1048F00035F8310008F1010800F1C80616821FFAE8
:1049000088F6A6F580781E80B8F1F30801D1A3F8E7
:10491000009035F83160B2F81080464502D2344636
:10492000134E3460491CC9B2E129D7D3D08106F0B7
:104930004BFB0546204606F047FB2946FCF740FBAB
:104940000C490860BDE8F0875001002010000020ED
:104950003C0000203E000020000048434C000020A6
:10496000FFFF71BDFFFF050054000020C80C0020B0
:104970007C000020500000202DE9F04106F069FC89
:104980000C4E0546716A06F06FFC06F067F90746A3
:104990000C46284606F062F90022074B05F04EFE51
:1049A0003A46234606F070F805F06CFB7562BDE8E8
:1049B000F0810000A80000200000F8BF10B5022020
:1049C00000F011F8032000F020F8002000F014F8A7
:1049D000002000F02FF8002000F026F8BDE810407D
:1049E000002000F01BB808B50323009002226B21C1
:1049F000D020FFF705FC08BD08B502230090042273
:104A00001C21D020FFF7FCFB08BD08B50223009055
:104A100004221B21D020FFF7F3FB08BD034601222F
:104A20003721D020FFF7D3BB034605226A21D020CF
:104A3000FFF7CDBB034606226B21D020FFF7C7BB93
:104A40003EB5002411480094019402940E498460FC
:104A5000016004730475012505614FF46021446011
:104A6000C161FCF767FF08B1FCF758FB0A20CDE9EC
:104A70000005694602940548FCF764FE002801D051
:104A8000FCF74CFB3EBD000000240140F00200207A
:104A90003EB5002412480094019402940F498460AA
:104AA000016004730475012505614FF460214460C1
:104AB000C161FCF73FFF08B1FCF730FB0B20CDE9EB
:104AC0000005694602940648FCF73CFE08B1FCF775
:104AD00025FB0348FCF7C8FD3EBD0000002801404F
:104AE000200300202DE9F04786B0002448480094B8
:104AF000019402940394816941F0100181618169FC
:104B000001F010010491816941F020018161816906
:104B100001F020010491816941F004018161816902
:104B200001F004010491816941F00801816180690B
:104B3000DFF8E08000F008000490012244F2103118
:104B40004046FDF7D0FB002248F20C014046FDF73D
:104B5000CAFBDFF8C4A000224FF440415046FDF7E5
:104B6000C2FBDFF8B8904FF40047002239464846B0
:104B7000FDF7B9FB012238215046FDF7B4FBB81010
:104B8000CDE90004694640460294FDF7A3FA4CF2D1
:104B90001C3001250226CDE90005CDE90246694613
:104BA0004046FDF797FACDE900546946484602941D
:104BB000FDF790FA4CF23800CDE90005CDE9024648
:104BC00069465046FDF786FA00970396CDE90154F1
:104BD00069464846FDF77EFA28028DE831006946AD
:104BE0005046FDF777FA680200900D48CDE90105BF
:104BF00069465046FDF76EFA012202211720FDF7A3
:104C0000F7FB1720FDF7D6FB06B0BDE8F0870000E4
:104C10000010024000100140000C0140000801405B
:104C20000000211010B586B00024194805940494A2
:104C30000094019402941549039401604721C0E94E
:104C4000011442F20F71C0E903148021C0E905414B
:104C5000FEF747FA08B1FCF761FA049404A90C487E
:104C60000594FDF769FF08B1FCF758FA0120CDE97A
:104C7000004002940C22694605480394FEF7AAF905
:104C8000002801D0FCF74AFA06B010BD002C014004
:104C90005003002010B586B00024274805940494E2
:104CA0000094019402944FF08041039401604721E5
:104CB000C0E901144FF6FF71C0E90314802181613E
:104CC000FEF70FFA08B1FCF729FA049404A91A4870
:104CD0000594FDF731FF08B1FCF720FA0120CDE97A
:104CE000004002940422694613480394FEF772F9C7
:104CF00008B1FCF713FA082269460F48FEF76AF973
:104D000008B1FCF70BFA0C2269460B48FEF762F972
:104D100008B1FCF703FA04210748FEF763FA0821FB
:104D20000548FEF75FFA0C210348FEF75BFA0248DC
:104D3000FDF740FF06B010BD9803002010B58AB003
:104D4000002407941C2168460894FBF779FB2A4845
:104D50002849C0E9001441F61F41C0E90241802101
:104D600004618161FEF708FC08B1FCF7D7F90794EC
:104D700007A921480894FDF7DFFE08B1FCF7CEF93A
:104D80006020CDE900040294002269461A48049488
:104D9000FEF78FFB08B1FCF7C1F9042269461648FB
:104DA000FEF787FB08B1FCF7B9F9082269461248FB
:104DB000FEF77FFB08B1FCF7B1F90C2269460E48FB
:104DC000FEF777FB08B1FCF7A9F900210A48FEF7C6
:104DD00017FC04210848FEF713FC08210648FEF7DB
:104DE0000FFC0C210448FEF70BFC0348FEF728FBE0
:104DF0000AB010BD00040040E003002010B58CB0E4
:104E000024216846FBF71CFB00241A480994184922
:104E10000A94C0E900144FF6FF71C0E902418021F5
:104E2000046181610320CDE900040120CDE9020481
:104E30000A210491CDE90540CDE9074169460D48B5
:104E4000FDF7EEFE08B1FCF769F9099409A90948D4
:104E50000A94FDF771FE08B1FCF760F900210548DE
:104E6000FDF786FF04210348FDF782FF0CB010BD5B
:104E7000000800402804002010B58CB024216846AA
:104E8000FBF7DEFA00241B48099419490A94C0E98B
:104E900000144FF6FF71C0E9024180210461C0E9AE
:104EA00005410320CDE900040120CDE902040A21D7
:104EB0000491CDE90540CDE9074169460D48FDF76C
:104EC000AFFE08B1FCF72AF9099409A909480A9428
:104ED000FDF732FE08B1FCF721F900210548FDF786
:104EE00047FF04210348FDF743FF0CB010BD00004D
:104EF00000340140700400200E4810B50C490160D8
:104F00004FF461314160002181600C22C160C0E931
:104F100004128161C161FEF7EDFC08B1FCF7FEF8F7
:104F2000BDE81040012204490248FEF7BBBD000065
:104F300000500040B80400202B0100200E4810B59E
:104F40000C4901604FF4E1314160002181600C2285
:104F5000C160C0E904128161C161FEF7CBFC08B1F8
:104F6000FCF7DCF8BDE81040012204490248FEF7D6
:104F700099BD000000380140FC04002027010020FA
:104F80000E4810B50C4901604FF4165141600021E4
:104F900081600C22C160C0E904128161C161FEF729
:104FA000A9FC08B1FCF7BAF8BDE810400122044999
:104FB0000248FEF777BD0000004800404005002091
:104FC00029010020FEE7000010B501F075FA134931
:104FD000012816D0022817D0032814D108780428F5
:104FE00001D005280FD10E490878A8B1002008701B
:104FF000002808D1BDE810404FF4A0710948FBF724
:105000001FBA0920087010BD0748017811B10021AE
:10501000017010BD0121FBE70120E8E7100000202E
:1050200014000020840500200F000020FEE700008F
:105030000C480078002814D10B4A0C4932F8303063
:10504000401CC0B20B60E128F8D309480078012861
:1050500005D008480078012803D100F079BD00F0A0
:105060002BBA704710000020C80C00207C000020E4
:10507000130000204800002010B40021084B0A460D
:105080005FF0000003EBC004401CC0B262548028F3
:10509000F8D3491CC9B20829F2D310BC00F0B0B84B
:1050A000D013002010B57F2816D83F2914D8072325
:1050B000A3EBD10301F00701C1F107040121A140D5
:1050C000064CDBB204EBC000002AC25CC9B201D0BE
:1050D0000A4300E08A43C25410BD0000D0130020F0
:1050E0002DE9F04116460D4607460024FFF7DAFF8A
:1050F000324629463846FFF7D5FF2819C1B2324655
:105100003846FFF7CFFF641CE4B2082CF5D3BDE8A6
:10511000F081000010B5394C0020C4F890016420E3
:1051200004F5C87402F02EF9012020600021AE20A1
:1051300000F04AF90021D52000F046F90021502066
:1051400000F042F90021A82000F03EF900213F20A4
:1051500000F03AF90021D32000F036F9002108468A
:1051600000F032F90021402000F02EF900218D20BE
:1051700000F02AF90021142000F026F90021202057
:1051800000F022F90021022000F01EF90021A120E8
:1051900000F01AF90021C02000F016F90021DA20F1
:1051A00000F012F90021122000F00EF900218120F8
:1051B00000F00AF90021EF2000F006F90021D920C3
:1051C00000F002F90021F12000F0FEF80021DB20C0
:1051D00000F0FAF80021302000F0F6F80021A420B9
:1051E00000F0F2F80021A62000F0EEF80021AF2038
:1051F00000F0EAF8BDE81040FFF73EBF0080214212
:1052000070B5114E002400BF04F1B000C0B20021FF
:1052100000F0DAF80021084600F0D6F8002110204E
:1052200000F0D2F85FF0000506EBC5000121005D3B
:1052300000F0CAF86D1CEDB2802DF5D3641CE4B209
:10524000082CE1D370BD0000D01300202DE9FF4FE2
:10525000203A1F460C46894602F0FF0A0025DDF879
:1052600034B032E00C2F09D01A4901EB0A104FF08C
:105270000008465D300607D55A4609E016490AEB94
:105280004A0001EB8000F2E7BBF1000F12D00022D0
:1052900021460098FFF706FF7006641C060EE4B274
:1052A000A4EB0900B84207D100984C46401CC0B29C
:1052B000009008E00122EBE708F1010000F0FF0890
:1052C000B8F1080FD6D36D1CEDB2BD42CAD3BDE80C
:1052D000FF8F00001AB90008A6B400082DE9FF4F9F
:1052E00081B00026DDF838A01D469346814634463D
:1052F0004FF001084FEA5A0727E0281B401EC1B2B1
:105300000A2003F05CFEBBFBF0F00A21B0FBF1F2D7
:1053100001FB120026B9691E8C4201DA48B1012650
:105320003030C2B207FB0490C0B25346CDF80080C3
:1053300006E007FB0490C0B253462022CDF800805F
:105340000299FFF783FF641CE4B2AC42D5D305B0E9
:10535000BDE8F08FF8B516460D460446012714E067
:105360007A2C02D900241035EDB23A2D03D900244D
:105370002546FFF781FE009732780C232946204608
:10538000FFF764FF0834E4B2761C30780028E7D1D8
:10539000F8BD000070B50A4D0A4E002435F814001F
:1053A0003178884201D2012200E00022002120460B
:1053B000FFF796FE641CE4B2802CEFD370BD0000B2
:1053C000781800209100002070B500250E4A0123B6
:1053D00011B1C2F88C3101E0C2F88C510B4C0021A4
:1053E000C4F8B851060602D5C2F8943101E0C2F8FB
:1053F0009451C4F8B8314006491C000EC9B20829BE
:10540000EED3C2F88C3170BD0080214200002242F0
:105410000020044902460A54401CC0B20928FAD3AD
:1054200070470000D01700202DE9F84F0124824674
:10543000ADF800401D4800254570ADF800401C4EF9
:105440001C4F81464FF6FF7826E000BFBDF80010E4
:1054500011EA0A0F02D0C6F8A44101E0C6F8A4512F
:10546000C6F8A041052001F0A7FFC6F8A05105200D
:1054700001F0A2FFC6F8A041D7F8200130B199F899
:105480000110BDF80020114389F80110BDF800009B
:1054900008EA4000ADF80000BDF80000FF28D5D9AB
:1054A000BDE8F84F102001F087BF0000D0170020A2
:1054B00000002242008021422DE9F05FDFF81481D4
:1054C000D8F81410D8F81000C1F18006C0F180009F
:1054D0006FF01301884202DD142800DA00208E42AA
:1054E00002DD142E00DA002605F056FD3A4C054682
:1054F0006FF0060A20685146834605F08AFF294668
:1055000005F0AAFD3549374D354F0860D5F80090B4
:1055100010F1FF4F304608D205F03EFD06464FF031
:105520003C41484605F098FD06E005F035FD06468D
:105530005146484605F06DFF314605F08DFD386057
:10554000D8F81C200020DFF8A0A02849284E0B2AFC
:1055500005D00C2A20D088F80100BDE8F09F98F80B
:105560000020521CD2B288F80020142AF5D1C8F8C5
:105570001C0088F80000584605F09CFB2060B042F3
:1055800000DD26605146484605F094FB1949286025
:105590008842E2DD2960E0E798F80120521CD2B28F
:1055A00088F80120142AD8D1C8F81C0088F8010016
:1055B0000F46584605F058FE2060B84200DA2760D2
:1055C0005146484605F050FE2860B042C5DA2E60CC
:1055D000C3E70000E0000020400000204C00002055
:1055E0005000002044000020000096430000C84204
:1055F000000048440000FA4470B5FFF709FF00F0CE
:1056000053F80B480B4BB0F803100A482033818045
:105610000020012413F8105000F101006D1E04FA5F
:1056200005F20A42C0B202D01028F3D3002070BDA8
:10563000D0170020E000002010B5FFF7DDFF124971
:10564000124AC861D379CB60137A0B6154794C61EB
:1056500092798A6101240E4A042801D1107888B118
:10566000886800280DD0762B0BDA1078002808D136
:105670000849147008700949074808600949084832
:10568000086010BD8C60EEE7E0000020D01700201D
:105690001300002048000020000096434000002036
:1056A00000004844440000202DE9FC4700248DF808
:1056B00000400125ADF80450254EC6F89041254F15
:1056C0003878FFF7B1FE7878FFF7AEFE02208DF84C
:1056D0000000214FDFF884904FF6FF7830E000BFE4
:1056E000ADF8045020E000BFC6F8A051052001F03D
:1056F00063FEC6F8A041052001F05EFEC6F8A05189
:10570000D7F8200150B19DF80010BDF8042019F819
:10571000011011439DF8002009F80210BDF8041093
:1057200008EA4100ADF80400BDF80400FF28DBD909
:10573000102001F041FE9DF80000401C8DF8000093
:105740009DF800000928CBD3C6F89051BDE8FC872E
:1057500000002242E200002000802142D0170020F9
:10576000884200DD0846904200DA104670477047D4
:105770002DE9F0472C4C8946014660881F4690462B
:105780000025A8B9104603F015FC0246384603F080
:1057900011FC1044B0F5967F09DAA088401C80B255
:1057A000A0800A2804D901206080A58003E0A5809C
:1057B000608801281ED1E088401C80B2E080C828A3
:1057C00001D9E58065801948194E814212DD3068A3
:1057D000143805F0E1FB494605F00AFC0AD23068AE
:1057E000143005F0D9FB494605F002FD02D2022033
:1057F000608002E06088022813D12089401C80B2BA
:105800002081642801D92581658008EB070003F019
:10581000D1FB40F6B831884203DD65800120BDE848
:10582000F0870020FBE70000500100200060EA46FE
:10583000040000202DE9F04180461C4815460E4624
:10584000007800282ED01A4C1A4F608988B9386821
:105850000A3805F0A1FB414605F0CAFB09D23868B9
:105860000A3005F099FB414605F0C2FC01D206B9A9
:105870001DB16089012802D016E001206081A08955
:10588000401C81B20020A181322901D9A081608110
:10589000032E09DD032D07DD642E05DA642D03DAFE
:1058A00060810120BDE8F0810020FBE702000020BC
:1058B00050010020040000202DE9F0470027214C72
:1058C00001253E46C4F894513946C4F8907104F558
:1058D000C874FBF79DFBFBF79BFB61602160FBF746
:1058E00097FBFBF795FB61602560FBF791FBFBF7EE
:1058F0008FFB65602560FBF78BFBFBF789FB656021
:105900002160A4F5C874FBF783FBFBF781FBDFF88C
:1059100038908846C4F89481FBF77AFBFBF778FB54
:105920000F20FBF7C7FC010929F81610761CF6B208
:10593000C4F89451FBF76CFB7F1CFFB2802FE9D3B6
:10594000BDE8F08700002142781800202DE9F047DB
:1059500088B0474C07A8CDE9004004F1220106AB0E
:1059600002AA881F01F092FE2088C0057DD502980A
:1059700005F012FB6FF01D06314605F04AFD0546A5
:105980006060039805F008FB314605F042FD804653
:10599000A060049805F000FB314605F03AFD07468B
:1059A000E060059805F0F8FA314605F032FD06464C
:1059B00020610121284605F02CFD394605F04CFBFD
:1059C00005464FF040473946404605F045FB314615
:1059D00005F042FB294605F06DF905F03FF900F0AE
:1059E000F9FFDFF890904FF0663842464B4604F0DE
:1059F00025FE04F047FBA061E0680121054605F0A3
:105A000008FD8246294605F027FB0546A068394671
:105A1000064605F021FB314605F01EFB294605F040
:105A200023FC4FF07E5105F045F905F017F90746C4
:105A30000D460121606805F0ECFC314605F00CFBD9
:105A400006465046216905F007FB314605F032F95C
:105A500005F004F93A462B4601F004FA42464B465B
:105A600004F0ECFD04F00EFB606108B0BDE8F087C7
:105A7000C401002066A64C4010B50E4C0120C4F8AD
:105A8000BC010F2004F5DE7401F096FC00222260B8
:105A9000094841880B060CD58488890604EB9121BE
:105AA000AA2461434FF47A74B1FBF4F1034B1960FB
:105AB000428010BD00002242340100207C00002002
:105AC0000021032805D0042805D0082805D000208F
:105AD0007047044A02E0044A00E0044A106811607A
:105AE00000B27047240400402408004024340140E0
:105AF00010B54221D020FEF729FA04464121D020DA
:105B0000FEF724FA04EB002005F05EFAB0F18E4FA8
:105B100003DD4FF08F4105F0A7FB094905F03EF981
:105B200005F09CF8074A084B04F0DEFA0022074B08
:105B300004F084FD04F0A6FABDE8104005F0F0B9C9
:105B40000000AA43A4703D0AD7434240000024400D
:105B50002DE9F0414FF4FA64244B651022462946A2
:105B6000186804F07DFA2246214C18602946206806
:105B700004F076FA20601D686FF06301A0F2DC503B
:105B8000A5F2DC55884202DD642800DA00208D424F
:105B900002DD642D00DA002505F0FEF90746154CFC
:105BA000284605F0F9F90646134D384605F056F833
:105BB000124A134B04F042FD04F064FA20603046B0
:105BC00005F04CF84FF066320E4B04F037FD04F050
:105BD00059FA0D4928604878002804D00022226034
:105BE000401E2A604870BDE8F08100003C010020A2
:105BF000400100204C00002050000020CDCCCCCC37
:105C0000CCCCFC3F6666024050010020704700008B
:105C1000084801780848042905D0052905D0092934
:105C200006D0182102E00D2100E01221016070472A
:105C30001621FBE7100000200400002010B50F4BD8
:105C40004FF4E1521C1D002804DD1A60C0F5E1503C
:105C5000206003E000F5E15018602260074B083334
:105C6000181D002904DDC1F5E1511960026010BD65
:105C70001A6001F5E151016010BD000034040040DC
:105C8000FCF73CBB30B595B028216846FAF7D8FB45
:105C900014210AA8FAF7D4FB18210FA8FAF7D0FBB1
:105CA00001210804CDE90010002502950224049189
:105CB000CDE907404FF4E01009906846FCF796FDE7
:105CC00008B172B6FEE70AA90F2081E831004FF44F
:105CD0008060CDE90D0502210AA8FCF79BFC08B104
:105CE00072B6FEE74FF4404011900F940FA8FCF7F6
:105CF0001BFC002801D072B6FEE715B030BD70471E
:105D00000148FDF7E9BA0000500300200148FDF703
:105D1000E3BA0000980300200148FDF7DDBA000057
:105D2000280400200148FDF7D7BA000070040020C5
:105D3000F0B502681C4B1D4D1D4E1E4F1E4C4FF002
:105D4000804C984209D0A04207D0604505D0A842B7
:105D500003D0B04201D0B84204D122F0700E4A689C
:105D600042EA0E02984209D0A04207D0604505D011
:105D7000A84203D0B04201D0B84203D122F440750A
:105D8000CA682A434D6922F080022A4302608A6869
:105D9000C2620A688262984201D0A04201D10969B8
:105DA000016301214161F0BD002C0140000400406D
:105DB00000080040000C00400034014010B501F024
:105DC0001F030121046A99408C430462016A9A40CE
:105DD0001143016210BD0000F0B5026A22F0010219
:105DE0000262036A42688469124E24F073050C68EB
:105DF0002C4323F002058B682B430D4DA84201D0A4
:105E0000B04205D123F00807CB683B4323F00403DD
:105E1000A84201D0B04205D14D6922F44072154329
:105E20008A692A4342608461496841630362F0BD24
:105E3000002C014000340140F0B5026A22F010024B
:105E40000262026A436884690D6824F4E64444EA05
:105E500005248D6822F0200242EA05120F4D104EF3
:105E6000A84201D0B04206D1CF6822F0800242EAB7
:105E7000071222F04002A84201D0B04207D14D697A
:105E800023F4406343EA85038D6943EA8503436055
:105E90008461496881630262F0BD0000002C01400A
:105EA00000340140F0B5026A22F480720262026A94
:105EB0004368C46922F4007224F073050C68124E22
:105EC0002C438D6842EA05220E4DA84201D0B04213
:105ED00006D1CF6822F4006242EA072222F48062EF
:105EE000A84201D0B04207D14D6923F4405343EAA0
:105EF00005138D6943EA05134360C4614968C163B2
:105F00000262F0BD002C01400034014030B5026A4D
:105F100022F480520262046A4268C3690D6823F465
:105F2000E64343EA05238D6824F4005444EA05342B
:105F3000084DA84202D0084DA84204D14D6922F470
:105F4000804242EA85124260C3614968016404628A
:105F500030BD0000002C01400034014070B5046ADF
:105F600024F0010404628469056A124EB0420ED026
:105F7000114EB0420BD0B0F1804F08D00F4EB0425E
:105F800005D00F4EB04202D00E4EB04203D124F0E5
:105F90000304144301E044F001041A0724F0F00460
:105FA00044EA126225F00A0301F00A0119438261F2
:105FB000016270BD002C014000340140000400402B
:105FC00000080040000C004030B5046A24F01004C2
:105FD00004628469056A24F4407444EA022222F4CB
:105FE00070444FF6FF7202EA03322243A02425F0E8
:105FF000A00304EA011119438261016230BD00006F
:1060000030B585B00024124801940394816941F0B1
:1060100010018161816901F010010491816941F0F1
:10602000080181618069022500F0080004904FF4A6
:1060300044700090694602950648FCF74BF8E80169
:106040008DE8310069460448FCF744F805B030BDDE
:106050000010024000100140000C0140124800787E
:1060600010281BD2DFE800F00A0C1A0C1A1A1A10BA
:106070000E081A140E1612180CA210E00EA20EE052
:1060800010A20CE012A20AE014A208E016A206E098
:1060900018A204E01AA202E01CA200E01EA2002145
:1060A0000846FFF757B90000B80200205354524188
:1060B000494748540000000043524F5353202020CA
:1060C000000000004C5F393020202020000000003C
:1060D000525F393020202020000000004C5F4249F0
:1060E0004720202000000000525F42494720202026
:1060F000000000004C5F534D4C20202000000000A9
:10610000525F534D4C202020000000004C4F535450
:106110002020202000000000554E4B4E4F574E20AF
:10612000000000002DE9F04780463048324C3349EA
:10613000D0F800902E4800250E7802882D48E76C94
:10614000012A00882CD02E49098801292ED0092E39
:1061500033D065642B480088012836D02A4800884F
:10616000012832D0092E30D00021404604F074FFBF
:10617000DFF89880414604F011FE07464946606CFE
:1061800004F06AFF414604F009FE394604F092FD2E
:106190001F4F396804F08EFDA064062E18D01FE052
:1061A00004F012FF014687F0004003E004F00CFF0A
:1061B0000146384604F0F2FD05E01648016816482D
:1061C000006804F049FF6064C4E714480168CCE744
:1061D00013490A78521CD2B20A70282A01D30D70D2
:1061E0003D60BDE8F04704F09BBE000028000020A1
:1061F0003C0000200A000020500100201000002078
:106200003E000020380000203A0000200000C84274
:1062100050000020E0020020D80200202C000020C6
:106220000100002030B5134AD2F83431124CDBB2F1
:106230002370D2F834510022104C012D00D122706D
:106240000F4DA8420CD80F4DA84209DC012B07D0F6
:10625000B1F57A7F04DB2078012801D0002030BD21
:10626000094901200A60091D0A60091D0A60091D0B
:106270000A6030BD000022420E0000200200002013
:10628000000020C200002042340400400148FDF715
:106290002BBA0000B804002010B5406A0021C18567
:1062A000C184FDF71FFA10BD0168CA6822F490721C
:1062B000CA6001684A6922F001024A61016B012942
:1062C00004D10168CA6822F01002CA60202180F857
:1062D0003E1000210163704708B590F83E10222956
:1062E00001D0022008BD82684FF480539A4201D148
:1062F000016921B1816A9A421BD04AB10AE0026861
:10630000816A5268C2F308020A80816A891C08E027
:10631000026972B10268526802F07F020A70816AF3
:10632000491C8162C18D491E0904090CC18503D035
:1063300019E002685268F1E70168CA6822F0200299
:10634000CA600168CA6822F48072CA6001684A693A
:1063500022F001024A61202180F83E10016B0129E0
:1063600003D0FDF7B5FB002008BD002101630168E3
:10637000CA6822F01002CA6001680A68D20602D513
:106380000A6849680091818DFDF7ABF9EBE70000E1
:1063900070B5044600680169E26821F44051114378
:1063A00001612169A0680843616908432168CA68DE
:1063B00041F20C639A430243CA6020684169A269B2
:1063C00021F44071114341611E492068884202D185
:1063D000FCF7C6F901E0FCF7B3F900EBC00101EBF3
:1063E0000012606864218000B2FBF0F3B3FBF1F3AC
:1063F0006FF018067343B2FBF0F5B2FBF0F605EB55
:106400008305322303EB0515B5FBF1F5B6FBF1F679
:1064100005F0F00505EB0615B2FBF0F6B2FBF0F067
:10642000B0FBF1F06FF01802504306EB800003EB75
:106430000010B0FBF1F0216800F00F0028448860E4
:1064400070BD00000038014081628285C285002154
:106450000164222280F83E2080F83C100168CA685E
:1064600042F48072CA6001684A6942F001024A61DE
:106470000068C16841F02001C16000207047000041
:106480000148FDF731B90000FC04002000B5054BC0
:106490000022985C03F0ECFD521CD2B2182AF8D30B
:1064A00000BD00000E1800200148FDF71DB90000D6
:1064B00040050020FEE7000070B52E4C00252E4858
:1064C0002178062954D2DFE801F003091A23334763
:1064D0000121FBF7FBFE012816D049E06188491C29
:1064E00089B26180052943D10121FBF7EFFE012824
:1064F00002D0658025703BE02078401C13E001212C
:10650000FBF7E4FE012830D02078401C20702FE0FB
:106510006088B0F5C87F03D925706580022070BD02
:10652000052803D904202070658021E02570FBE751
:106530006188491C89B26180142919D9462917D26A
:106540000121FBF7C3FE0128D6D0608841280FD96E
:1065500025706580012070BD0121FBF7B7FE012881
:1065600003D065802570032070BD6088401C60806A
:10657000002070BDA0000020000801402DE9F35F5D
:1065800086498548DFF818A2098890F800808B4674
:10659000844DCBF10004B8F1090F38D0824800884F
:1065A000012837D081480088012837D0DAF8000068
:1065B00004F054FB7E4A7F4B03F052FE00227E4BD8
:1065C00003F04EFE022204F0F6FE00227B4B04F0A4
:1065D00035F800227A4B04F031F8012204F0EBFE8A
:1065E00003F050FD0146E8637648A946814201DD8B
:1065F000C9F83C007449B8F1080F0D6873490F8859
:1066000073490E880ED0B8F1070F55D057E0714886
:106610000068CDE7084603F0C1FFCBE7204603F052
:10662000A6FFC7E7A5F1C900B0F5957F20D8012FD7
:106630001ED0012E1CD0584603F0B0FF5C4A5D4BC3
:1066400003F00EFE00225C4B03F00AFE022204F06F
:10665000B2FE0022594B03F0F1FF0022584B03F029
:10666000EDFF012204F0A7FE03F00CFDC9F83C0089
:10667000C82D24D2012F22D0012E20D0204603F095
:1066800076FF4B4A4B4B03F0EBFD00224A4B03F0E5
:10669000E7FD022204F08FFE0022484B03F0CEFFFC
:1066A0000022474B03F0CAFF012204F084FE03F0EE
:1066B000E9FCC9F83C0002E0B5F5E17FDAD3DDE999
:1066C00000100844404204F067FC0546C9F8340055
:1066D0004C46D9F8380004F0C1FA3F4A3F4B03F06A
:1066E000ADFF03F0CFFC0746284604F0B7FA3C4A5A
:1066F0003C4B03F0A3FF05460E46384604F0AEFAC5
:106700002A46334603F0F0FC03F0BCFC0546014684
:10671000A063206C04F0CEFAE16B04F0CBFA3249AE
:106720002064884202DC3149884200D92164304823
:106730000168206C04F090FC2E4904F02FFB064603
:106740002D480168284604F087FC2C4904F026FBFC
:10675000314604F089FD00252063B8F1060F07D10A
:1067600027480178491CC9B20170642902D3057019
:10677000CAF800502348016823480068FFF752FD1B
:10678000012803D021480078012800D12564206B1E
:10679000BDE8FC5F04F0C4BB100000200C0000202A
:1067A0004C00002050010020380000203A0000205A
:1067B000D3DEE00B934F6A400000694000003E408A
:1067C00000407F40000016457C0000203C00002077
:1067D0003E000020D4020020E17A14AE47E1EA3FF7
:1067E0007B14AE47E17AC43F00504348005043C891
:1067F000240000200000C842200000200000C8C281
:10680000010000206C000020700000200E0000201D
:1068100001EB002000B204F0BFBB490050EAC120E8
:1068200018BF04204A0D18BF40F0010040F2FF726B
:10683000B2EB515F08BF40F00200012808BF0520FD
:1068400070470907090E002804DB00F1E02080F8FA
:106850000014704700F00F0000F1E02080F8141DD4
:1068600070472DE9F0414F1E00EBC7010446D1E906
:10687000000115461E4637F006020DD02A46334663
:1068800003F0DCFE7F1E04EBC703D3E9002303F013
:106890002BFC37F00602F1D1022F25D0042F13D0A4
:1068A000062F18BFBDE8F0812A46334603F0C6FE26
:1068B000D4E90A2303F018FC2A46334603F0BEFE4F
:1068C000D4E9082303F010FC2A46334603F0B6FE51
:1068D000D4E9062303F008FC2A46334603F0AEFE53
:1068E000D4E9042303F000FC2A46334603F0A6FE55
:1068F000D4E9022303F0F8FB2A46334603F09EFE58
:10690000D4E90023BDE8F04103F0EEBB00221346BA
:106910001046014903F0A4BC0000F03F012204F03E
:106920004ABD03F0E1BB002213461046114603F0B6
:1069300097BC40F2013200204FF0E04104F03BBD33
:10694000024A0020110704F036BD000001FDFFFFE0
:10695000704700002DE9FE4F07460E4600256846A9
:1069600001F0F8F900246FF00F0AE8464FF0010932
:1069700057F8240056F82410401A00D5404204F07D
:106980000BFB514604F045FD58F8241011F0FF4F61
:106990000BD004F003FA4FF07E5104F065FC0A4975
:1069A00020F00040884205DC07E008490844084917
:1069B000884202D309FA04F00543641C032CD7DB98
:1069C0002846BDE8FE8F0000295C0F3E666666C162
:1069D0009A99D9002DE9F04D8D4F21F0004A86B0EB
:1069E00005460C46BA452ADBAAEB070028430AD025
:1069F0008848824501DC1AD1CDB106B02846BDE8F1
:106A0000F04DFFF78BBF844A844B284603F016FEF7
:106A100007460E46824A834B2846214603F00EFE67
:106A200006B03A463346BDE8F04D03F05DBB0120A9
:106A3000F9F7ACFD06B0BDE8F04DFFF774BF7A483A
:106A4000824542DABAF1795F0BDA2846FFF7E5FEB4
:106A5000042808BFFFF774FF284606B02146BDE8AA
:106A6000F08D2A460B46104603F0E8FD83460246A9
:106A70006E480E460B4606217844FFF7F2FE5A4652
:106A8000334603F0DBFD804669488A465A46334662
:106A900004217844FFF7E5FE5A46334603F0CEFD65
:106AA00000223B4603F020FB02460B46404651467F
:106AB00003F0D6FB2A46234603F0C0FD06B02A4663
:106AC0002346BDE8F04D03F00FBB284624F00041FB
:106AD00000223D463B4603F0E5FE4FF0FF3204F056
:106AE0006AFC0646024653480F460B460621784488
:106AF000FFF7B7FE32463B4603F0A0FDCDE90001AB
:106B00004D4832463B4604217844FFF7AAFE324600
:106B10003B4603F093FD00222B4603F0E5FA834643
:106B200002913046394603F075FA804643480D46D7
:106B3000504517DCDDE900015A46029B03F090FB4B
:106B400042462B4603F07AFD42462B4603F0CCFA30
:106B5000012204F030FC304A304B03F095FF304AFC
:106B6000304B4CE04FF0000A52460B46404603F0D3
:106B7000BBFACDE9031052462B461046194603F0E6
:106B80005DFD32463B4603F08DFEDDE9033203F046
:106B900067FB06460F46DDE900015A46029B03F0FB
:106BA0005FFB8346009101223046394604F003FC26
:106BB000194A1A4B03F076FE06460F46012240465C
:106BC000294604F0F8FB5A46009B03F037FD324695
:106BD0003B4603F059FF06460F4601225046294620
:106BE00004F0E9FB0E4DDFF858802A46434603F0D7
:106BF00059FE32463B4603F055FE2A46434603F013
:106C000051FE002CD8BF81F0004106B0BDE8F08DE8
:106C10000000F03F0000F07F075C143326A6913C93
:106C2000182D4454FB21F93F0000E03FDC600000D8
:106C3000F2600000666000007C6000003333EF3FCC
:106C4000FB21E93F2DE9F84F04460D4621F00040B5
:106C500000917349814211DC7249884201DC06D1FE
:106C60002CB120462946BDE8F84FFFF757BE6E48C5
:106C7000002DCCBF6D496E49BDE8F88F6D4981424A
:106C800011DD6D498142D8BF4FF0FF366DDD2046E2
:106C90002946FFF7C2FD042808BFFFF751FE204632
:106CA0002946BDE8F88F6549654F25F000458142CA
:106CB00033DD6449814219DD002632464FF08043BE
:106CC0002046294603F010FA80468A4601222046D3
:106CD000294604F070FB00223B4603F0D5FE4246F5
:106CE000534603F0BDFA04460D463EE0012600225D
:106CF000BA463B462046294603F0F6F980460F4641
:106D0000002253462046294603F0BEFE42463B463B
:106D100003F0A6FA04460D4627E04B4981421BDDED
:106D2000DFF828A10226002253462046294603F018
:106D300085FC00223B4603F0D7F980460F4600222F
:106D400053462046294603F09FFE42463B4603F049
:106D500087FA04460D4608E0032622462B4600200B
:106D60003B4903F07DFA04460D4622462B46104669
:106D7000194603F063FC8B46824602460B4603F03D
:106D80005DFC07460246334888460B460621784498
:106D9000FFF767FD52465B4603F050FC82462E48E3
:106DA0008B463A46434605217844FFF75AFD3A465A
:106DB000434603F043FC02460B46002E504659461C
:106DC0000CDA03F091F922462B4603F037FC01B0B0
:106DD00022462B46BDE8F04F03F064BD03F084F972
:106DE00022462B4603F02AFC1C4A7A4402EBC603D7
:106DF000D3E9002303F048FE22462B4603F044FE6D
:106E0000174A7A4402EBC603D3E9002303F04AFD94
:106E1000009A002AB8BF81F00041BDE8F88F000059
:106E2000000010440000F07F182D4454FB21F93F6E
:106E3000FB21F9BF0000DC3F0000203E0000F33FD3
:106E40000000F03F0000E63F008003400000F83FF4
:106E50000000F0BF065F0000C45E0000625E00003C
:106E60002A5E00002DE9F04D9446CCF1000423F099
:106E700000464CEA0404524F46EAD4749A468846C7
:106E800021F00042BC4206D8454240EA050442EAED
:106E9000D474BC4204D9BDE8F04D6246FFF741BD51
:106EA000AAF14055A5F17F6555EA0C040BD00224E8
:106EB00004EAAA74434DDFF810E144EAD87452EAB8
:106EC000000B04D00CE0BDE8F04DFFF7BBBE002C7A
:106ED00014BF012CBDE8F08D022C30D0032C32D031
:106EE00056EA0C0B0AD0BE4220D1BA4209D126F094
:106EF000804622F080423346114617E000291ADB13
:106F000025E0DFF8C8B0FB44002C04BFDBE900013A
:106F1000BDE8F08D012C02BFDBE9000181F00041EA
:106F2000BDE8F08D022C0AD0032C0CD0BA4212D14D
:106F3000B8F1000F0BDA23482549BDE8F08D28464B
:106F40002449BDE8F08D28467146BDE8F08D1D4806
:106F50002149BDE8F08D921B12153C2AC4BF194887
:106F60001D490EDCBAF1000FBEBF12F13C0F00202C
:106F7000014606DB624603F073F921F00041FFF79A
:106F800061FE002C08BFBDE8F08D012C04BF81F02C
:106F90000041BDE8F08D114A114B022C07D003F0DF
:106FA00073FD2A46BDE8F04D0A4B03F06DBD03F0BA
:106FB0006BFD2A46BDE8F04D064B03F073BC0000A4
:106FC0000000F07F182D4454FB2109C0BE5D000075
:106FD000FB21F9BFFB210940FB21F93F075C14337A
:106FE00026A6A13C2DE9F04391B020216846F9F78F
:106FF00027FA764DA879697900EB012003F0CEFAE3
:10700000734C0022234603F02BF903F03BF80746AC
:1070100095F8380095F8371000EB012003F0BEFA20
:107020000022234603F01CF903F02CF8044620212B
:1070300008A8F9F705FA67490120DFF8A081087070
:107040006548874207DD6648844204DA41462046A7
:1070500003F030FE044600262046394604F004F9C9
:10706000F11E04F0D6F9814608AC304603F0ACFFBF
:107070000146484603F0F0FF394603F01BFE414647
:1070800044F82600884203DD04F0EEF844F82600B8
:10709000761CF6B2082EE8D300200BE0102860D250
:1070A000DFE800F0080813131E1E292934343F3F7F
:1070B0004A4A555500EB40012944009A0B7AC97998
:1070C0001A4402EB012100914BE000EB40012944FE
:1070D000019A0B7AC9791A4402EB0121019140E02F
:1070E00000EB40012944029A0B7AC9791A4402EB59
:1070F0000121029135E000EB40012944039A0B7A0B
:10710000C9791A4402EB012103912AE000EB400106
:107110002944049A0B7AC9791A4402EB012104919B
:107120001FE000EB40012944059A0B7AC9791A4403
:1071300002EB0121059114E000EB40012944069A7D
:107140000B7AC9791A4402EB0121069109E000EBA0
:1071500040012944079A0B7AC9791A4402EB0121AC
:107160000791401CC0B2102898D31E4A1E49002027
:107170001378EC461D1801EBC50754F820607E60BB
:107180005CF82060401C7608C0B221F83560082801
:10719000F0D30833D8B21070E12813D30B4B002082
:1071A00013F13C0301EBC00403EBC00564686C60A1
:1071B00031F8304023F83040401CC0B2E128F1D310
:1071C0000020107011B0BDE8F08300008C0C00208E
:1071D00000005940880000200000AF430000B44385
:1071E00000005041A8000020840500202DE9FE4F3A
:1071F0004C4C7B20207602907D2084F82E004A485B
:1072000001684A480F460068064603F053FD4FF0F8
:10721000FF3104F0FEF803F083FE00B260830090BB
:107220000025A5833146384604F01EF8404903F096
:10723000B5FD03F013FD3F4A3F4B03F011F8002268
:107240003E4B03F0FBF903F063F900B2E0838346A1
:107250003B480088404200B2608482463948B0F919
:107260000000A08481463848B0F90000E0848046E0
:1072700036480088C0EB8030800007B2344827854C
:107280000088800006B23348668500780190E8B334
:10729000A5853148006803F07FFE304903F0DCFE2D
:1072A00003F03EFE208402992170019961700099DB
:1072B000090AA1700099E170290A217165714FEAEC
:1072C0001B21A17184F807B04FEA1A21217284F8BA
:1072D00009A04FEA1921A17284F80B904FEA1821F6
:1072E000217384F80D80390AA173E773310A217480
:1072F0006674A18D0A0AA274E174010A2175607591
:1073000001211620F9F70AFCA07500E004E094F8CA
:107310002E00E075BDE8FE8F114800888000A08532
:10732000B7E700000E180020040200200002002031
:1073300000007A447B14AE47E17AC43F00408F409E
:10734000620100206601002064010020700100201D
:107350006C0100200E0000206C0000200000204185
:107360006E0100204FF0E020016921F0040101616D
:1073700003480921017042F2283141807047000022
:107380004C0100200B49498848434FF0E0214861F7
:1073900000228A61086940F0010008610869C3079A
:1073A00001D0C003FAD5086920F0010008618A61A4
:1073B000704700004C0100200B49097848434FF00A
:1073C000E021486100228A61086940F001000861FB
:1073D0000869C30701D0C003FAD5086920F001008D
:1073E00008618A61704700004C01002008B560B157
:1073F00020208DF8000028208DF8010030208DF825
:10740000020038208DF8030004E0A322042168461E
:10741000F8F7ECFF6A46042140F69E2001F0A0FD3B
:1074200001F066FA08BD00003EB5044602208DF862
:107430000000CA208DF80100E3208DF80200092029
:107440008DF803006A460421682001F089FDA3201D
:107450008DF80000610609D5C0218DF80110C82102
:107460008DF80210C2218DF8031005E08DF801009F
:107470008DF802008DF8030014F4C07F09D0C421F8
:107480008DF80410CC218DF80510C6218DF806105A
:1074900005E08DF804008DF805008DF806008DF8E4
:1074A00008008DF807008DF809006A460A2140F6A9
:1074B000A72001F055FDA0074FF0D80503D02020EC
:1074C0008DF8000001E08DF800506A46012140F679
:1074D000B62001F045FDA00601D5012000E0002006
:1074E00000F08EF814F4C07F1ED0E0050AD5B2205B
:1074F0008DF800008B208DF80100B6208DF8020079
:107500009B2009E0B0208DF8000080208DF801005C
:10751000B4208DF8020090208DF803006A46042103
:1075200040F6A22001F01CFDE1074FF40B6022D0D1
:10753000F8218DF800106A46012101F011FDFA21B1
:10754000072000F039FB072000F004FB012000F0C9
:1075500021FB642000F0C4FB4FF4FA7000F0D0FB74
:10756000C821254800F0BEFA282000F0D3FA0A20EE
:1075700000F0E0FA05E08DF800506A46012101F0C4
:10758000EFFCA00703D5D9208DF8000001E08DF8AD
:1075900000506A46012140F23D7001F0E1FC6007B5
:1075A00001D5012000E0002000F048F8E00601D5F8
:1075B000012000E00020FFF719FF104D44F0080003
:1075C000688101F095F90020A873600601D50620B6
:1075D000A87314F4C07F02D0A87B801DA87314F098
:1075E000140F02D0A87B1030A873A00702D0A87B8C
:1075F000001DA87300203EBD09E3CA02C419002083
:107600000EB54FF4976310B106A107C901E008A2B7
:1076100007CA8DE807006A460921184601F0A0FC58
:107620000EBD0000B8AAB38DB4980D355D00000002
:10763000B8AAAAAAB088C3C5C700000008B560B13F
:10764000C0208DF80000C2208DF80100C4208DF804
:107650000200C6208DF8030004E08B220421684656
:10766000F8F7C4FE6A46042140F6982001F078FC41
:1076700001F03EF908BD0000C8234FF480620249C2
:1076800040F6F63001F016B85CBF00082DE9FF4F58
:1076900089B01746DDE9165200244C4E88468146D3
:1076A0002C80A246B07B694601F0B0F84FF0FF3B5A
:1076B00018B158460DB0BDE8F08F708910F0140F66
:1076C0003CD0009909BA21F0FF039DF803100B4349
:1076D0003B6001991B1409BA21F0FF029DF80710C5
:1076E0005B430A437A6002999DF80B4009BA21F086
:1076F000FF012143B960039C091424BA24F0FF0C54
:107700009DF80F4012144CEA040CC7F80CC04FEA65
:107710002C47494302FB023207FB07111144102496
:10772000A1F17061B1F1007F04D901F0E1F8A5F891
:1077300000A0BEE7298841F480712980420669468D
:1077400011D50A19A41D13885BBAA8F80030538814
:107750005BBAA8F80230928852BAA8F804202A88A6
:1077600042F008022A8010F4C07F11D00A19A41D2B
:1077700013885BBAA9F8003053885BBAA9F80230C5
:10778000928852BAA9F804202A8842F070022A800E
:10779000800716D00C44E07800F0C00500F03F01EF
:1077A0006078C00706D0C80801F007013268491C9C
:1077B00002B190476078000703D5716809B1A80944
:1077C00088470C9801F0FAFB002073E7C4190020E9
:1077D0002DE9FF41044603A800F022FEBDF80C008D
:1077E000410CC3032F48028902F00300550754F8E7
:1077F000200000D54042C2F3C105960654F825503A
:1078000000D56D42C2F38116D20554F8264000D54A
:107810006442A0FB0367C21702FB037200FB012056
:10782000820042EA9670A5FB0367EA1702FB037227
:1078300005FB0122950045EA9672A4FB0367E51754
:1078400005FB037304FB01318B0043EA9671030EC1
:107850008DF80030030C8DF80130030A8DF80230EA
:107860008DF80300100E8DF80400100C8DF8050043
:10787000100A8DF80600080E8DF80800080C8DF827
:107880000900080A8DF80A008DF807208DF80B1002
:107890006A460C214FF4257001F062FB04B0BDE88C
:1078A000F0810000C419002030B5044613A285B051
:1078B00007CA8DE807004FF0FF35C82C16D8C8203E
:1078C000B0FBF4F1491E080A8DF80C008DF80D107C
:1078D00003AA022140F2162001F042FB30B96A46A9
:1078E0000C2140F6C12001F03BFB10B1284605B049
:1078F00030BD054884810020F9E70000FEF2ABC4EA
:10790000AAF1DFDFBBAFDFDFC4190020F8B53049D3
:10791000098901F0030250F822404A0700D5644269
:10792000C1F3C1028B0650F8222000D55242C1F3A8
:10793000811350F82330C80500D55B42254984FBEC
:107940000140850045EA947082FB0142A40F44EA9D
:10795000820483FB0121950F45EA8105010E8DF814
:107960000010010C8DF80110010A8DF802108DF83D
:1079700003006A4604214FF4747001F0F1FA4FF0ED
:10798000FF3688B9200E8DF80000200C8DF801001C
:10799000200A8DF802008DF803406A4604214FF456
:1079A000757001F0DDFA08B13046F8BD280E8DF88B
:1079B0000000280C8DF80100280A8DF802008DF8CF
:1079C00003506A4604214FF4767001F0C9FAF8BDFD
:1079D000C419002009E3CA022DE9FF4104463CA076
:1079E00004F00303006802903AA0006803903AA0F4
:1079F00006683AA0056802A8C15C8DF80010C4F3BF
:107A0000C101425C8DF80120C4F38112805C8DF8C5
:107A1000020003A8C35C8DF80430415C8DF80510AA
:107A2000805C8DF806006A46032140F2264001F092
:107A300097FA4FF0FF37E0BB01AA032140F22A403A
:107A400001F08EFAA8BBCDE9006560070BD59DF863
:107A5000000040F001008DF800009DF8040040F0A7
:107A600001008DF80400A0060BD59DF8010040F040
:107A700001008DF801009DF8050040F001008DF82F
:107A80000500E0050BD59DF8020040F001008DF8DF
:107A900002009DF8060040F001008DF806006A46DD
:107AA00003214FF4886001F05BFA10B901AA0321A9
:107AB00000E004E040F2314001F052FA18B13846DB
:107AC00004B0BDE8F081064804810020F8E700001A
:107AD0004CCD6C000CC92C0036567600264666004C
:107AE000C41900204FF47A7290FBF2F008B54843B5
:107AF000010E8DF80010010C8DF80110010A8DF8AF
:107B000002108DF803006A4604214FF4AE7001F0B4
:107B100027FA08BD0521B0FBF1F008B5010A8DF880
:107B200000108DF801006A4602214FF4AD7001F09B
:107B300017FA08BD0521B0FBF1F008B5010A8DF870
:107B400000108DF801006A4602214FF4AC7001F07C
:107B500007FA08BD08B500218DF80010C10702D052
:107B600030218DF80010810705D59DF8001041F0F7
:107B70000C018DF80010400705D59DF8000040F07D
:107B800003008DF800006A4601214FF4A47001F053
:107B9000E7F908BD08B560B1042800D90420401EEB
:107BA0008DF800006A46012140F24F1001F0D8F92B
:107BB00008BD0120F3E700002DE9FC410546400720
:107BC0004FF0FF367CD0B1F5C86F79D8084603F086
:107BD000FBF93E4903F0E2F8074601A800F002FC79
:107BE0009DF80400022806D004280DD008282ED0C5
:107BF000102865D134E00E21384603F00AFC03F06A
:107C0000ABF984B2324907E00D21384603F001FC9C
:107C100003F0A2F92F4984B2384603F01DFA03F0AD
:107C20009BF9210A8DF8001080B28DF80140010AFD
:107C30008DF802108DF80300E8076C4620D022462C
:107C400002214FF4EA7001F08BF9C8BB11E00C215E
:107C5000384603F0DEFB03F07FF984B21E49DBE710
:107C60000B21384603F0D5FB03F076F984B21B49AB
:107C7000D2E7A21C02214FF4927001F071F9F8B919
:107C8000A8070DD56A4602214FF4EC7001F068F99F
:107C9000B0B9A21C02214FF4947001F061F978B9D7
:107CA000680710D56A4602214FF4EE7001F058F9CA
:107CB00030B9A21C02214FF4967001F051F910B1B5
:107CC0003046BDE8FC810020FBE70000000048438F
:107CD000000040460000C045000040450000C04490
:107CE0000521B0FBF1F008B5010A8DF800108DF800
:107CF00001006A4602214FF4EF7001F031F908BD2E
:107D00000521B0FBF1F008B5010A8DF800108DF8DF
:107D100001006A4602214FF4ED7001F021F908BD1F
:107D200009490A78C1B23AB1084A13685B06FCD522
:107D3000064A121D11607047054A13685B06FCD5A0
:107D4000034A121DF6E700000F0000200038014032
:107D5000004800402DE9FE430646264801AB0422B8
:107D600040680D21007800F03FFA10B10720BDE80F
:107D7000FE839DF804101C2000EAD1029DF8071034
:107D8000DFF87490C1F301131A438DF800209DF8B9
:107D90000520C1F3810300EAD2021A438DF80120C5
:107DA0009DF8062001F0030100EAD20008430024F8
:107DB000124F8DF80200A0466D46285D10B146F8BE
:107DC00024900AE046F824800DE000BF56F8240015
:107DD000394603F041F946F82400285D401E10F0B2
:107DE000FF002855F2D1641CE4B2032CE5D3002037
:107DF000BDE70000080200207B14AE3E1D5A843F00
:107E00002DE9FE4F05460120C14E8DF800004FF0D0
:107E100000088DF8018030680C461746817C706838
:107E20006B460222007800F017FA4FF0FF3A002864
:107E30007AD1C820FFF7A6FA8DF8008030686B462B
:107E40000122C17B7068007800F006FA0028EFD1AB
:107E500030686B46012241797068007800F0FCF9C7
:107E60000028E5D130686B460122817C706800787B
:107E700000F0F2F90028DBD130686B460122C17DA9
:107E80007068007800F0E8F90028D1D130686B46BE
:107E9000012201797068007800F0DEF90028C7D16E
:107EA0004FF00C098DF8009030686B460122017983
:107EB0007068007800F0D0F9002835D10F20FFF766
:107EC00061FAB06A6B460122407A8DF80000306892
:107ED00081787068007800F0BFF9002824D1B06A7A
:107EE0006B460122007A8DF8000030684178706896
:107EF000007800F0B1F9002873D1B06A807A0FB130
:107F000040F0E0008DF8000030686B460122817976
:107F10007068007800F0A0F9002862D12FB1B06A33
:107F2000C07A40F0E00001E04AE018208DF800003F
:107F300030686B460122C1797068007800F08CF9D6
:107F4000F0BB17B1C820FFF71DFA40208DF80000E4
:107F500030686B46012201797068007800F07CF986
:107F600070BB78208DF8000030686B4601224179A3
:107F70007068007800F070F910BB3220FFF702FA49
:107F80008DF80080306847466B4641797068012261
:107F9000007800F061F998B931687068B046897A64
:107FA00000786B46022200F01FF948B9BDF80000C6
:107FB000AF6040BAB0FBF9F06F60C6B22F6000E06E
:107FC0000FE0A76067602760002739E0D8F800104D
:107FD000D8F804006B46C97A00780C2200F004F946
:107FE00010B15046BDE8FE8FBDF80000236840BACE
:107FF00002B2BDF80200BDF804101A44226040BA73
:10800000626800B21044606049BAA06809B20844CE
:10801000A060BDF806002B6840BA02B2BDF80800A7
:108020001A4440BA01B2BDF80A002A606A6840BA30
:1080300011446960A96800B208447F1CFFB2A860BF
:10804000B742C3D328688322C117090441EA10410B
:1080500000040023F8F7FEF832460023F8F7FAF898
:10806000286068688322C117090441EA10410004AE
:108070000023F8F7EFF832460023F8F7EBF86860D2
:10808000A8688322C117090441EA104100040023B3
:10809000F8F7E0F832460023F8F7DCF8A86020682B
:1080A0004FF40065C117090441EA104100042A4653
:1080B0000023F8F7CFF832460023F8F7CBF820601A
:1080C00060682A46C117090441EA104100040023F0
:1080D000F8F7C0F832460023F8F7BCF86060A068F3
:1080E0002A46C117090441EA104100040023F8F7A9
:1080F000B1F832460023F8F7ADF8A060002802DDA1
:10810000A0F5803001E000F58030A060002069E734
:10811000080200202DE9F84F81462E4888460025A8
:1081200040686B46032200780D2100F05DF810B125
:108130000720BDE8F88F9DF80000002400F01F0024
:108140008DF800009DF801006FF00F0B00F01F008C
:108150008DF801009DF802006E4600F01F008DF8BA
:1081600002004FF0010A00BF59F8241058F824000B
:10817000081A00D5404202F00FFF594603F049F9B2
:108180000746305DC0B1144802E0144902F064FFB4
:10819000315D491E11F0FF013155F6D101463846D7
:1081A00002F0FCFD4FF07E5103F05EF80C4920F028
:1081B0000040884205DC07E00A483844B0F1D97F26
:1081C00002D90AFA04F00543641C032CCCDB2846D0
:1081D000AFE70000080200200000C84154E3853FDB
:1081E000295C0F3E0000E0BE2DE9F0411D4614461B
:1081F0000F460646FBF770FFB0B17006000EFBF7A6
:108200003BFFFBF7B1FF90B13846FBF735FFFBF7BB
:10821000ABFFFBF761FF012000EB4600C0B2FBF7AC
:108220002BFFFBF7A1FF0FE00120BDE8F081FBF77A
:108230007BFFF9E7012C0DD05FF00100FBF7E6FEB4
:10824000641E05F8010BE4B2002CF3D1FBF76CFFC0
:108250000020EAE70020F1E72DE9F0411E4615462F
:108260000F460446FBF738FF68B16006000EFBF7C7
:1082700003FFFBF779FF48B13846FBF7FDFEFBF73C
:1082800073FF00240CE00120BDE8F081FBF74CFFF8
:10829000F9E7305DFBF7F0FEFBF766FF10B1641CF9
:1082A000AC42F6DBFBF740FF0020EDE790F9001051
:1082B000002902DD4FF00000704702DA4FF00400A1
:1082C000704790F90110002902DD4FF0010070475E
:1082D00002DA4FF00500704790F90200002802DD35
:1082E0004FF00200704702DA4FF0060070474FF07F
:1082F00007007047FAF70AF8FDF7C4FCFCF7F2FB39
:10830000FCF79EFBFCF7C4FBFCF78CFCFCF716FDAE
:10831000FCF774FDFCF7B0FDFCF7EEFDFCF70EFE7C
:10832000FCF72EFEFCF7B6FC0220FCF73BF8012020
:10833000FCF738F8FFF716F8FCF7ECFEFDF760FEE7
:10834000FCF73CFBF8F74CFC1720FAF744F8002642
:108350000E4C0125207830B1F8F75AFDE570E07831
:108360000028FCD1F6E7F8F74DFA00F031FE60780E
:10837000092801D0FDF760F9A0780128EED1FEF7B9
:1083800035FFFEF783F8A670E8E700000F00002035
:108390002DE9F041124C20F00101002594F8240051
:1083A00010B10020BDE8F081A07A4FF0FF3668B12F
:1083B0000840277C2074884200D0354641B1012016
:1083C00001F0FCFD00F094FA38B127743046E9E77B
:1083D000207D00B1012001F0F1FD2846E2E7000018
:1083E000080200200D494A7A42B1012A08D0022A27
:1083F0000FD0032A0FD04FF0FF307047022200E069
:1084000004220270C97C11B11106C90D017000204F
:1084100070470822F5E71022F3E700000802002069
:108420000F494A7A42B1012A09D0022A11D0032AFF
:1084300012D04FF0FF3070474FF4804201E041F618
:108440009C720280C97C11B1C2F34E0101800020F0
:1084500070474FF48052F4E74FF40062F1E70000F8
:10846000080200200B49097A39B1012907D00229F5
:108470000AD003290BD0002103E0FA2101E04FF4D8
:10848000FA710180002070474FF47A71F9E74FF4D8
:10849000FA61F6E7080200200A49097A41B1012988
:1084A00008D002290AD003290AD04FF0FF307047C4
:1084B000054900E005490160002070470449FAE7DA
:1084C0000449F8E70802002000000343000083424B
:1084D00033330342333383410C49C97A072913D21A
:1084E000DFE801F01204060A0C0E1000BC2100E0C7
:1084F00062210180002070472A21FAE71421F8E761
:108500000A21F6E70521F4E70021F2E7080200203E
:10851000054991F8242012B14FF0FF307047C98906
:108520000180002070470000080200202DE9FC4176
:108530004C4C80208DF8000020686B460122817C25
:1085400060680078FFF788FE4FF0FF37002832D1CF
:108550006420FEF717FF00258DF8005020686B4659
:108560000122817C60680078FFF776FE002870D1D8
:1085700020686B460622817D60680078FFF734FE34
:10858000002866D19DF805009DF80310C007400F34
:1085900001F0010140EA41019DF801004FF00106A0
:1085A00000F00100014309D0012905D0022915D0AE
:1085B0002DA0F7F773FE4CE0E67410E020686B46E0
:1085C0000122C17860680078FFF70EFE40BB9DF87D
:1085D000000010F00F0020D0042822D0E574FF2006
:1085E00004F80A0F4FF6FF7104F8020C04F8010CAE
:1085F0006070A180A0712072A67026766576E57203
:10860000A572E56025616561A576E576A5834FF4E1
:10861000FA6000F06BFB18B907E01D48F7F73EFE63
:1086200017E01CA0F7F73AFEC6E7022000F080FA38
:1086300078B92A2000F0C2FB58B9322000F0F4FBD0
:1086400038B90020FFF7A4FE18B9002000F0A4FA02
:1086500010B13846BDE8FC81002000F025FC002068
:10866000F8E7000008020020556E737570706F7295
:1086700074656420736F6674776172652070726FC1
:1086800064756374207265762025642E0A000000EC
:10869000D0CC000848616C662073656E736974699C
:1086A00076697479207061727420666F756E642EBD
:1086B0000D0A00002DE9FF4FDFF89480064685B0D3
:1086C00098F8250015460F464FF0FF39B0BBAFB301
:1086D000002420E0301B102800DD102080B28346EB
:1086E0003A1901469246204600F03AFC30BB6A46F1
:1086F0005946204600F0D2F800BB50465A4669461B
:10870000F7F748FE20B16FF0010009B0BDE8F08F27
:1087100004EB0B0084B2B442DCD3280A8DF81000BD
:108720008DF81150D8F80000444604AB817ED8F88B
:10873000040002220078FFF78FFD08B14846E4E705
:10874000012084F825000898E0840020DDE700007F
:10875000080200202DE9F84305464FF0FF3928288C
:1087600044D80727284C00267DB1012000F0F4FAF8
:1087700020208DF800004FF00108012D17D0052DA5
:1087800018D88DF8018005201FE0002000F0E4FAE1
:108790008DF800608DF8017020686B460222817CA4
:1087A00060680078FFF758FD00BB267529E08DF85A
:1087B0000160E8E7142D04D802208DF801000A209A
:1087C00003E003208DF80100142000F0F7FA9DF873
:1087D00001006B4607EB80108DF801002068022233
:1087E000817C60680078FFF737FD10B14846BDE82E
:1087F000F8830820A072267384F814800020FFF705
:10880000C7FD0020F3E70000080200202DE9F8432F
:10881000214C0646174694F8240089464FF0FF384D
:1088200090B3A07A80B320686B460222817A606898
:108830000078FFF7D9FC38BBBDF8000045BAB54257
:1088400002D2002038701FE060684188B5EB510FFC
:1088500011D9216800786B46497C0122FFF7C4FCDE
:1088600090B99DF80000C00605D500F041F86FF002
:108870000100BDE8F8832068F2B24B46C17A606817
:108880000078FFF7B1FC08B14046F2E7B5FBF6F01F
:10889000401E38700020ECE708020020F8B51600F2
:1088A0000D464FF0FF371FD0104CA17AE1B1010AFD
:1088B0008DF80010C0B28DF801004119606842893E
:1088C000914211D8216800786B46097E0222FFF799
:1088D000C3FC48B92068EAB23346417D606800783D
:1088E000FFF782FC002800D03846F8BD08020020BF
:1088F000F8B5524C4FF0FF36A07A00287CD0002506
:108900008DF8005020686B460122C17B60680078BA
:10891000FFF7A2FC00286FD120686B460122417945
:1089200060680078FFF798FC002865D120686B46E6
:108930000122017960680078FFF78EFC00287AD167
:1089400094F82400C8B30C208DF8000020686B4612
:108950000122017960680078FFF77EFC00286AD167
:10896000C0208DF80000A07AC00702D0E0208DF86A
:10897000000020686B460122017960680078FFF7EB
:108980006BFC002857D1607C18B102208DF80000E4
:1089900001E08DF8005020686B460122C17B6068C1
:1089A0000078FFF759FC38BB8DF8005020686B4603
:1089B000012241796068007839E0FFE704208DF8F2
:1089C000000020686B460122017960680078FFF79B
:1089D00043FC88B9A07C80B9A07AC0070DD0602084
:1089E0008DF8000020686B460122017960680078EC
:1089F000FFF732FC00B902E01DE04020F0E7607CA8
:108A000018B101208DF8000001E08DF800502068B9
:108A10006B460122C17B60680078FFF71DFC50B9EE
:108A20002068064B01224179606810330078FFF717
:108A300013FC002800D03046F8BD000008020020DA
:108A40002DE9F047394C82468AB094F824000F464D
:108A500020B1002000F00EF9012600E0002607A852
:108A6000FFF700FD06A8FFF7BDFC09A8FFF734FDDE
:108A700008A8FFF74DFD94F80A9094F8108000259F
:108A8000002239465046FFF7BBF910B16D1C022D8C
:108A9000F6DB022D1AD00025012203A96846FFF754
:108AA000AFF910B16D1C022DF6DB022D0ED003A91B
:108AB0003846FDF74FFFC7B269465046FFF72AFB1D
:108AC00010F0FF0F4FF0000502D002E0002503E098
:108AD00001250FB945F00205FF2020726072E07297
:108AE0004FF6FF71E181A072207401202073BDF860
:108AF0001C0000F0FBF89DF8180000F019F8BDF814
:108B0000240000F05BF9BDF8200000F08DF9484624
:108B100000F0CAF94046FFF73BFC16B1012000F017
:108B2000A9F80AB02846BDE8F08700000802002036
:108B300038B5184C4FF0FF35A17A19B3022806D08A
:108B4000042806D008280ED010281BD10DE00020E4
:108B500000E008208DF80000607A9DF80010B0EB6E
:108B6000D10F04D005E01020F4E71820F2E7002030
:108B700038BD20686B460122C17960680078FFF734
:108B80006BFB08B1284638BD9DF80000C008607234
:108B9000EDE7000008020020F8B5354C0546A07C42
:108BA000A84201D10020F8BD31484FF0FF366B4696
:108BB000D0E900104FF001020979007835B3FFF7D2
:108BC00013FB70BB9DF800006B4620F020008DF871
:108BD000000020680122017960680078FFF73CFB03
:108BE000F8B90320FEF7CEFB02208DF8000094F8C0
:108BF000220078B382202BE020686B460122017DA1
:108C000060680078FFF728FB58B92EE0FFF7ECFA10
:108C100038B9A07AC0079DF8000003D040F02000CA
:108C200002E00CE020F020008DF8000020686B4688
:108C30000122017960680078FFF70EFB08B1304629
:108C4000F8BD0320FEF79EFB94F8220000B18020BF
:108C50008DF8000094F823000028CDD09DF8000086
:108C600040F030008DF80000C6E7A5749AE70000D8
:108C70000802002038B51C4C94F8241081421DD005
:108C8000002500B394F82500D0B1002001F096F93A
:108C90000020FFF781FFE08C00F0C6F88DF800504F
:108CA00060686B46012200782321FFF7D5FA012086
:108CB00084F8240001F082F9FFF71AFE002038BD85
:108CC0004FF0FF3038BD002001F078F9207C8DF89E
:108CD000000060686B46012200782321FFF7BCFA90
:108CE00084F82450E8E700000802002038B5194C49
:108CF0004FF0FF35A17A31B3FA2809D0B0F5FA7FE9
:108D000008D0B0F57A7F0FD0B0F5FA6F1BD10DE027
:108D1000002000E008208DF80000207A9DF8001067
:108D2000B0EBD10F04D005E01020F4E71820F2E7F3
:108D3000002038BD20686B46012281796068007888
:108D4000FFF78AFA08B1284638BD9DF80000C00830
:108D50002072EDE70802002038B5174C054694F85C
:108D60002300A84201D1002038BD0DB1302000E021
:108D700000208DF80000A07C28B19DF8000040F094
:108D800002008DF8000094F8220028B19DF8000040
:108D900040F080008DF8000020686B460122017DC4
:108DA00060680078FFF758FA10B14FF0FF3038BD17
:108DB00084F82350D7E700000802002038B5194C8A
:108DC0004FF0FF35A17A31B3BC2801D3012010E068
:108DD000622801D302200CE02A2801D3032008E0F6
:108DE000142801D3042004E00A2801D3052000E060
:108DF00006208DF80000E07A9DF80010884201D12D
:108E0000002038BD20686B460122817860680078B8
:108E1000FFF722FA08B1284638BD9DF80000E0723D
:108E2000EEE7000008020020F8B51E4D04464FF0A2
:108E3000FF37A87A48B395F8240030BB287D4FF45B
:108E40007A7648B164B1282C03D8E0B2FFF782FCEF
:108E500026E00020FFF77EFC042C05D2042406E067
:108E60000020FFF777FCF9E7B44200D93446B6FB9F
:108E7000F4F0401E8DF8000028686B46012241780E
:108E800068680078FFF7E8F908B13846F8BD9DF842
:108E90000000401CB6FBF0F0E8814008FFF78EFFB1
:108EA0000020F8BD08020020F8B5054610F0700F4C
:108EB0004FF0000601D0012004E015B18DF80060EC
:108EC00002E040208DF80000244C6B46012220680F
:108ED000817C60680078FFF7BFF94FF0FF3760BB17
:108EE0009DF8000020F0400020738DF800606806B7
:108EF00002D404208DF80000A80605D49DF80000D7
:108F000040F002008DF80000E80605D49DF800004E
:108F100040F001008DF80000280705D49DF80000FE
:108F200040F038008DF8000020686B460122C17CBB
:108F300060680078FFF790F910B1A6723846F8BD66
:108F400025B1082D02D00020FFF706FFA572267577
:108F50003220FEF717FA0020F8BD000008020020BA
:108F6000F8B516000D464FF0FF371FD0104CA17A10
:108F7000E1B1010A8DF80010C0B28DF8010041196D
:108F800060684289914211D8216800786B46097E59
:108F90000222FFF761F948B92068EAB23346417D01
:108FA00060680078FFF758F9002800D03846F8BD0F
:108FB00008020020002800DA40427047704702464D
:108FC000012000E05043491EC9B2FBD270470000A7
:108FD000F8B54FF48061FB48F7F710FAFA4E0C240D
:108FE0003078052860D0092861D0F8480078012839
:108FF00004D0022804D0032804D008E0F4A202E040
:10900000F4A200E0F5A200210846FCF7A3F93078AD
:10901000022822D0062822D0012822D0032822D0DC
:10902000042822D005283FD0092840D007287AD02C
:1090300008287AD0EAA200213C20FCF78BF9EBA2A9
:109040000A210020FCF786F9EA480078012870D050
:10905000E948007801286ED072E0E8A2EBE7EAA2C6
:10906000E9E7EBA2E7E7EDA2E5E7EF48009400218E
:10907000026805230846FCF731F9EC480094042304
:10908000026800211E20FCF729F9E9480094042316
:10909000026800213C20FCF721F9E64800940423F3
:1090A000002102685A203BE0FCF774F9C7E7FCF79F
:1090B000D5FFE1A200214220FCF74CF9E04D0094DD
:1090C000D5F8200108B1012200E00022012300218F
:1090D0006220FCF703F90094D5F8100108B10122D1
:1090E00000E00022012300216920FCF7F7F800943A
:1090F000D5F8240108B1012200E00022012300215B
:109100007020FCF7EBF8CF480094D0F8200118B19C
:10911000012202E007E008E000220123002177207D
:10912000FCF7DCF88BE7C8A285E7C9A283E700E07B
:1091300001E0CAA200E0CBA20A215220FCF70AF902
:109140003078042801D0052803D1C74909780129BE
:1091500009D0012803D0022801D0032808D1C34830
:109160000078012804D1C2A20A215220FCF7F2F8AB
:10917000C14FC24D3868A84207D3C1A20A2130208E
:10918000FCF7E8F83868A84204D2BEA20A213020D1
:10919000FCF7E0F8386801F0C3FEFFF70BFF02466A
:1091A00003230A2138200094FCF798F8307805282A
:1091B0007ED0B5A214210020FCF7CCF8B44E306864
:1091C000A84207D3AEA214212A20FCF7C3F83068C6
:1091D000A84204D2ABA214212A20FCF7BBF83068C5
:1091E00001F09EFEFFF7E6FE024604231421322022
:1091F0000094FCF773F8A748009405230088142115
:1092000082B25220FCF76AF8A3A214217220FCF764
:10921000A1F8A2A21E210020FCF79CF8A04E306805
:10922000002811DA96A21E211020FCF793F830686E
:10923000FFF7C0FE024604231E211A200094FCF70B
:109240004DF8306800280EDB8EA21E211020FCF79E
:1092500081F83068FFF7AEFE024604231E211A2073
:109260000094FCF73BF88F4E7068A84207D384A2A5
:109270001E213C20FCF76EF87068A84204D281A23F
:109280001E213C20FCF766F8706801F049FEFFF7EC
:1092900091FE024604231E2144200094FCF71EF890
:1092A00081A21E216020FCF755F881A2282100E050
:1092B0000CE10020FCF74EF87E4F3868002811DAE8
:1092C0006FA228211020FCF745F83868FFF772FEDE
:1092D0000246042328211A200094FBF7FFFF386878
:1092E00000280EDB67A228211020FCF733F838682D
:1092F000FFF760FE0246042328211A200094FBF7A2
:10930000EDFFB068A84207D35DA228213C20FCF7FE
:1093100021F8B068A84204D25AA228213C20FCF7C8
:1093200019F8B06801F0FCFDFFF744FE0246042383
:10933000282144200094FBF7D1FF5BA22821602064
:10934000FCF708F85CA232210020FCF703F85BA2CE
:1093500032211E20FBF7FEFF57A232214020FBF7EF
:10936000F9FF574D642102232868009490FBF1F225
:1093700032211320FBF7B2FF28680A2690FBF6F093
:1093800090FBF6F106FB1102012332212A20009402
:10939000FBF7A4FF2868012390FBF6F106FB1102FE
:1093A000322108460094FBF799FF464C207838B1EB
:1093B00045A232215F20FBF7CDFF207800B1B1E05C
:1093C000ABE00000D01300201000002008000020B7
:1093D000444D50004B616C6D616E000043204600AF
:1093E0004E6F726D616C202000000000416E676C52
:1093F000650000001300002048000020466F6C6CE0
:109400006F77202000000000524F532020200000E2
:1094100041766F696420202000000000537472615F
:109420006967687400000000B4010020B8010020E2
:10943000BC010020C00100204952444D0000000042
:109440000000224200802142555F41766F6964002E
:10945000555F466F6C6C6F770000000050533220F0
:1094600000000000522D430014000020880000205E
:109470004C69646172000000700000200000808070
:109480002D0000002B0000004779726F780000006B
:10949000740000207C0000206D6D00004C00000076
:1094A00060000020FC0100206D6D2F7300000000A3
:1094B0005200000064000020560000002E00000052
:1094C0006C0000200E0000204F46460017A2142119
:1094D0000020FBF73FFFAFF2540214210A20FBF7F4
:1094E00039FF134800940323027814211920FBF755
:1094F000F5FE10A214214620FBF72CFFAFF27C02F0
:1095000014215020FBF726FF0B4800940323027818
:1095100014215F20FBF7E2FE7BE608A232215F20E8
:10952000FBF718FFBDE8F840FBF76ABE5A000000E1
:109530009000002059000000910000204F4E2000B4
:109540002DE9F04D1D460C4698B0174621F000411C
:1095500023F00043002814BF4FF0010C4FF0000C23
:109560000CEB440CFE4A0CEB02064FEA620C66451B
:109570002BD33E0018BF012606EB45061644F94AD8
:10958000964222D3F84A53EA070C02D0944205D1FE
:1095900048B918B000201146BDE8F08D002808BF7A
:1095A0004FF0000C01D04FF0010C0CEB440212F50F
:1095B000001F0AD8002F14BF4FF0010C4FF0000C11
:1095C0000CEB450212F5001F07D918B03A462B469E
:1095D0002146BDE8F04DFDF7A4B90022DFF88CA3C9
:1095E000002CB8BF534526DADFF884C36345A8BF13
:1095F000022220DADFF870C39C451CDCDFF874C35C
:109600000CEB235CBCF1140F08DDCCF1340627FA17
:1096100006FC0CFA06F6BE420DD108E05FB9CCF1AB
:10962000140623FA06FC0CFA06F69E4203D10CF04F
:109630000102C2F1020251EA000C19D1002D17DA21
:10964000002C18BF022A01D0012A07D00220F6F709
:109650009DFF18B0BDE8F04DFDF758B90220F6F7B0
:1096600095FFFDF753F918B081F00041BDE8F08D8A
:10967000B7F1000C6CD1534525D104F1804212F5AD
:10968000801201BF00280020B74918B008BFBDE80C
:10969000F08DB548884207DC002DA1BF6046294601
:1096A00018B0BDE8F08D07E0281E05DA80F0004113
:1096B00018B06046BDE8F08DAF497944D1E90001AA
:1096C00018B0BDE8F08DDFF8A0C2634525D1002DAC
:1096D0001FDA19B1514512D1D8B909E0002840F07C
:1096E000EC82A24A214618B062F31E01BDE8F08D5B
:1096F0000020214618B060F31E01BDE8F08D08DAA5
:1097000018B02346BDE8F04D02460020614600F047
:10971000A7BD18B02146BDE8F08D514518DAB5F166
:10972000804F0DD0A5F1005CBCF1FF5C10D1B4F10D
:10973000000C0DDB18B06146BDE8F04D00F06ABCCE
:10974000234618B00246BDE8F04D194600F076BF3A
:10975000060024F0004C3BD1D9B1514533D1002C47
:1097600006DD002DA1BF0020514618B0BDE8F08DE8
:10977000002C01DD002D1BDB002C13DA002D11DB8A
:10978000012A4FF0000014BF78497C4918B0BDE8A9
:10979000F08D022A18BF002C0AD0012A08D1002C13
:1097A00006DA0AE0002CB8BF002D11DA012A04D035
:1097B000002018B00146BDE8F08D18B000204FF031
:1097C0000041BDE8F08DA1F14050B0F17F601AD0AA
:1097D000012000EBE47050EA020421D0624C521EDA
:1097E0004FF0000B104304BF4FF0000B644C654872
:1097F00083427CDD644A654893421FDD884217DB63
:10980000002D25DB37E0002C00DA4AB1022A0CBF1C
:1098100001204FF0FF3018B0BDE8F04D00F0A7BEBA
:109820000120F6F7B3FE18B0BDE8F04DFDF77BB8A8
:109830004D4A8A4202DC002D0ADC1CE0814202DA39
:10984000002D18DA04E0484B994220DD002D12DD8E
:109850000220F6F79BFEFDF76CF805460E46002247
:1098600053465846214600F0E9FE18B066F31E0143
:109870002846BDE8F08D0220F6F788FEFDF760F877
:109880000A46214618B062F31E01BDE8F08D0022A1
:109890003046614601F0F8F880460E466FF001024E
:1098A00001F089FD4FF05532394B00F0FBFF424685
:1098B000334600F0C3FE0022364B00F0F3FF824631
:1098C0004246334604911046194600F0B7FE524610
:1098D000049B00F0B3FE8A4600904FF0C0422E4B2E
:1098E0004046314600F0AAFE2C4A2B4B00E027E010
:1098F000CDE906015146009800F0A0FE8246019194
:10990000274A284B4046314600F098FE5246019BBC
:1099100001F0BAF882460B4602460591DDE90601E0
:1099200000F0E2FBDDE9062300268846304601F020
:10993000ABF85246059B00F0B5FF024600F07EB939
:109940000020B1F5801F07DA35223046614601F06C
:1099500032FD06466FF0340000EB215024E0000099
:10996000FFFF1F00FFFF0F000000F03F0000F07F2F
:109970000000404301FCFFFF0A3600000000F0FF3A
:109980000000F0BF0000E0410000F043FFFFEF3FA8
:109990005555D53F0000E03F4715F73FFE822B6548
:1099A00044DF5DF80BAE543EA0F2FF300190C1F3EE
:1099B000130040F07F6141F040510291FE4988421E
:1099C000D8BF002004DDFD498142C8BF012001DD70
:1099D0000D9008E000200D900198401C0190029825
:1099E000A0F5801002900299F54878440B910D99EA
:1099F00000EBC100D0E900230F9330460A920B9987
:109A000001F042F8CDE90601DDE90A2130460F9B5D
:109A100000F06AFB02460B460020EA4900F020FCF9
:109A2000059102460B460090DDE9060100F006FEB6
:109A30001490E5488A464FF000087844029900687F
:109A400012904FF0005040EA61010D980F9B01EB1E
:109A5000804000F5002109910A9A129801F014F84B
:109A600032460B9B00F01EFF4246534600F0E6FDD7
:109A70000646029140465146099B129A00F0DEFDCF
:109A8000DDE9062300F00EFF3246029B00F0FCFFEA
:109A9000059B009A00F0D2FD0091149A0490534661
:109AA0001046194600F0CAFD06460246C7480B4656
:109AB000029106217844FCF7D4FECDE90510029B03
:109AC00032461046194600F0B9FDDDE9053200F0D6
:109AD000B5FD05910646534640461946149A00F0D6
:109AE00003FB009B049A00F0A9FD3246059B00F0A1
:109AF000FBFACDE90510424653461046194600F0E0
:109B00009DFD0022B24B02910A9000F0EDFADDE9D2
:109B1000053200F0E9FA0E464246AD4B404600F0F1
:109B2000B3FF029B0A9A00F0AFFFDDE9053200F0B7
:109B3000B9FE424602910A9033461046514600F063
:109B40007DFDCDE906015346149A02990A9800F06A
:109B500075FD8A460290334642460099049800F00B
:109B60006DFD5346029A00F0BFFA82460B4602464C
:109B70000591DDE9060100F0B7FADDE906230020D2
:109B80008846064600F080FF5246059B00F08AFE9C
:109B9000824609914FF060428E4B3046414600F0BC
:109BA0004DFD049006918C4A8A4B5046099900F06D
:109BB00045FD82460291894A894B3046414600F074
:109BC0003DFD5246029B00F08FFA864B7B440D9A76
:109BD00003EBC203D3E9002300F086FA0E9007914D
:109BE000019800F0C4FC0591DDE9061382460E9A47
:109BF000049800F079FA7C4A7A440D9B02EBC30387
:109C0000D3E900230093029200F06EFA5246059BBE
:109C100000F06AFA0026884652463046059B00F05E
:109C200033FF009B029A00F02FFF069B049A00F07E
:109C30002BFF079B0E9A00F035FE024600200B46D4
:109C400002903846294600F0F9FC824601912B46E5
:109C500038461946029A00F017FF3246434600F094
:109C6000EDFC5246019B00F03FFA07468A46324619
:109C700043462946029800F0E1FC05460E463A4666
:109C8000534600F031FA594A8846914221DBA8EB4D
:109C9000020353EA000210D12A46334600F0F4FED4
:109CA000CDE90401524A534B3846514600F01CFAA4
:109CB000DDE9042300F0C0FD21D20220F6F766FCA6
:109CC000FCF737FE0A46214618B062F31E01BDE8D4
:109CD000F08D494B28F000429A4210D3474A08EBD6
:109CE000020353EA00027FF4C6AD2A46334600F071
:109CF000CBFE3A46534600F09FFD7FF6BCAD0022F6
:109D0000019228F000403E493E4A01EB2051824238
:109D100023DA481C4FF4801121FA00F040443A4AFB
:109D2000C0F30A517A44394BA1F2FF31CB4020EA0B
:109D30000303C0F3130040F48010C1F11401C840C4
:109D400012680190B8F1000FBCBF40420190284654
:109D5000314600F099FE05460E462A4633463846FF
:109D6000514600F0C1F94FF000084246284B4046EA
:109D7000059100F063FCCDE90601264A264B4046DA
:109D8000059900F05BFC009102902A46334640465C
:109D9000059900F079FE3A46534600F083FD1F4ACC
:109DA0001F4B00F04BFC009B029A00F09DF9074608
:109DB000884602460B4635E08E9803007AB60B00C3
:109DC000BA3100000000F03F8A320000203100006C
:109DD0000000084009C7EE3FFD033ADCF5015B14C3
:109DE000E02F3EBEF82F0000BC2F00000000904086
:109DF000FE822B654715973C00CC904000346F3FA6
:109E000001FCFFFF0000E03FA02F0000FFFF0F005C
:109E1000432EE63F396CA80C615C20BEEF39FAFE98
:109E2000422EE63FDDE9060100F05EF9DDE906239A
:109E300005460E4600F028FE3A46434600F032FD45
:109E40000F462A46334600901046194600F0F6FBAE
:109E5000824602462E4888460B4605217844FCF788
:109E600000FD5246434600F0E9FB2A46334600F027
:109E700019FD80468A463B4628463146009A00F046
:109E8000DDFB3B46009A00F02FF90691009000227E
:109E90004FF080434046514600F0F6FD0F460C90CF
:109EA000424653462846314600F0C8FB3B460C9AD2
:109EB00000F0D6F9069B009A00F0E6FD2A463346EC
:109EC00000F0E2FD0022134B00F0ECFC0546019887
:109ED0000E4601EB00510815002810DC28463146DB
:109EE000019A01F068FAFCF798FC042808BFFCF717
:109EF00027FD28463146019A01F05DFA05460B46DA
:109F000018B02A4658462146BDE8F04D00F096BBF1
:109F1000A82D00000000F03F10B588B0694604A8E5
:109F2000FEF78EFD072835D107A8FEF7B5FA04988D
:109F300001F032F807990C4601F08EF800F0F0FFBE
:109F40000490059801F028F8214601F085F800F00A
:109F5000E7FF0590069801F01FF8214601F07CF814
:109F600000F0DEFF069004A8FDF7D0FC03A8FEF782
:109F700057FABDF80C000099414300910199414303
:109F800001910299414368460291FDF721FC02A02C
:109F9000F6F784F908B010BD73657474696E6720B4
:109FA000626961732073756363657366756C6C7940
:109FB000202E2E2E2E2E2E0D0A000000F8B5144C49
:109FC0000146224694F82460D2E9000200235D1E77
:109FD00056B179B1022111E0C17B10786B460122A4
:109FE000FEF73AF968B90EE0A67A56B111B1617C74
:109FF00061B902E08DF80030EEE701218DF8001024
:10A00000EAE72846F8BD9DF8000060740020F8BD1E
:10A01000080200202DE9F04106460F4600F04EFCF4
:10A02000041E0D4618BF0120284320F00040C0F157
:10A030007F6000F1E040C00F0ED0301C18BF01203F
:10A04000384320F00040C0F17F6000F1E040C00FD5
:10A0500004BF0120F6F79AFA20462946BDE8F081B0
:10A06000884201DA084670479042FCDD104670478E
:10A0700003490860081F01684906FCD570470000C5
:10A080000438014021F00042A2F16052B2F5801F75
:10A0900001F0004328BFD2F17F6C0BD95FEA001CAE
:10A0A00043EAC20242EB507018BF704728BF20F04D
:10A0B00001007047B2F5801FBCBF184670474FEAD9
:10A0C000410C1CF5001F02D2084601F08CB870B597
:10A0D00000F05EFB00000089FFF7F6BF4FF0004084
:10A0E000A0F580007047000010B591EA030F48BF4B
:10A0F00083F0004300F1D084841A71EB030C05D285
:10A10000121943EB0C03001B61EB0C01DFF824E197
:10A110004FEA1154A4EB135C1EEA430F18BF9EEAEA
:10A12000445F73D023EA0E03DCF1200E21EA0451D0
:10A1300043F4801332D322FA0CFE10EB0E0023FA04
:10A140000CFE41EB0E01CCF1200E03FA0EFE10EBDB
:10A150000E0051F10001B1F5801FCCF1200E32D27A
:10A1600001EB045112FA0EF2BDE8104058BF7047DF
:10A17000401C38BF5FEA420218BF7047002814BF76
:10A1800020F0010041F100014FEA410313F5001FE7
:10A1900038BF7047A1F1C04100F048BB012A43EB32
:10A1A0000302ACF1200CDCF11F0E32BF4FF0000EA9
:10A1B00023FA0CF310EB030041EB0451B4EB115FF5
:10A1C000D0D0A1EB045101F5801149085FEA3000BD
:10A1D00001EB04510ED350F1000038BF12FA0EFE0D
:10A1E00008D1BDE81040C9E7401C38BF5FEA420211
:10A1F000CAD1C3E7BDE810404FEA410313F5001F81
:10A2000038BF7047A1F1C04100F010BB9EEA445F27
:10A2100008D011EA5E0FBDE8104004BF01F0004114
:10A2200000207047BDE8104070B500F0B1FA00BFE3
:10A2300064FBBE3E0000E0FF02494FF0000001F069
:10A2400088B800BF0000F87F491058BFC1F14041F5
:10A250005B1058BFC3F140438B42EFF3008070475F
:10A260002DE9C04130B4DFF8A0C23CEA111418BF98
:10A270003CEA131400F0EC8081EA03051CEA111497
:10A2800044EAD57418BF1CEA131500F0C780A4EB8C
:10A2900005044FF0004545EAC12145EAC32341EAE0
:10A2A000505143EA525304F17F74994204F500344B
:10A2B0004FEAC0204FEAC22208BF904200F09C80C3
:10A2C0004FEA13650FF24016765D4FEA134506FB21
:10A2D00005F7C7F1807706FB07F74FEAD737A7FBEB
:10A2E00003687642C8F58038A7FB06CE38BFA8F1D0
:10A2F000010807FB08E64FF0000EA6FB028CE6FB08
:10A3000003CEDCF1000CCEF1004E38BFAEF1010EF1
:10A31000A6FB0C584FF000074FF00005E6FB0E8738
:10A32000A1FB08C6A0FB07CE16EB0E0645F1000503
:10A33000E1FB076515F1E04E7EBFA4F580345FEACE
:10A3400046066D4116F1800745F100054FEA1727D3
:10A350004FEA066647EA0567A6F1DE46B6F1805F7A
:10A360004FEA15251FD9384624F0010C05EBC471BE
:10A37000BCF1FE6F01EB0C1102D8F0BCBDE800810E
:10A3800024425CBF01F5801E9EEAC47F02D4F0BC6B
:10A39000BDE80081244238D4F0BCA1F1C041BDE841
:10A3A000004100F043BA4FEAD22242EA43524FEA58
:10A3B000D323A7FB02864FEAD02040EA415007FB97
:10A3C00003661EEA0E0F4FEAD12105FB026658BF55
:10A3D000A6EB0056B6EB00564FEA520E4EEAC37E8D
:10A3E00018EB0E0E56EB530EBDD518EB02085E416E
:10A3F0007F1C55F10005B6E74FF480154FF00007BC
:10A400004FF000064FF00008ADE7F0BC4FF0000041
:10A4100001F1C04101F00041BDE8008111EA0C1FCB
:10A420000CEA131500D00CE013EA0C1F00F0258095
:10A430004FF00000F0BC81EA030101F00041BDE8EB
:10A440000081F0BCBDE8004181EA030100F0EEB9F3
:10A45000F0BCBDE8004170B500F09AF9097EFC3E01
:10A4600000F007B881EA03014FF0000001F000415D
:10A47000704781EA030100F0D9B9F0BCBDE80041A2
:10A480004FF0000021497047FFFDFBF9F7F5F4F2AA
:10A49000F0EEEDEBE9E8E6E4E3E1E0DEDDDBDAD87F
:10A4A000D7D5D4D3D1D0CFCDCCCBCAC8C7C6C5C4DD
:10A4B000C2C1C0BFBEBDBCBBBAB9B8B7B6B5B4B3F4
:10A4C000B2B1B0AFAEADACABAAA9A8A8A7A6A5A4DF
:10A4D000A3A3A2A1A09F9F9E9D9C9C9B9A999998A3
:10A4E0009797969595949393929191908F8F8E8E46
:10A4F0008D8C8C8B8B8A89898888878786858584D3
:10A5000084838382828181800000FF070000F87FBE
:10A510004FEA41034FEA5353A3F58063D3F11E037F
:10A52000C8BFD3F1210C0CDD4FF0004242EAC1223A
:10A5300042EA505232FA03FC8CEAE17CACEBE17067
:10A540007047102BC4BF0020704703F5787CBCF126
:10A55000FF3F04D06FF0004282EA2100704770B5DF
:10A5600000F016F94992248000207047F2E710F0BD
:10A57000004248BF4042B0FA80F310FA03F10AD01B
:10A58000C3F11D0303F580634FEA415002EB035210
:10A5900002EBD12170474FF000007047B0FA80F312
:10A5A00010FA03F10AD0C3F11D0303F580634FEAEB
:10A5B00041504FEA035202EBD12170474FF00000A7
:10A5C0007047000051EA030C17D41CF5801F58BFD8
:10A5D000BCF5801F00F10680994218BF704708BF84
:10A5E0009042704707D711F5801F58BF13F5801FA1
:10A5F00019D499427047894270471CF5801F08D5CD
:10A60000BCF5801FF7D58B4218BF704708BF824248
:10A6100070474FF4001C1CEB410F38BF1CEB430F7D
:10A6200001D28B42704770B500F0B2F89224490015
:10A630004FF000514FF08053FFF706BEDFF848C1DE
:10A6400070B51CEA111E1EBF1CEA13159EEA0C0F02
:10A6500095EA0C0F00F06F8081EA030423EA4C13A3
:10A660004EEAD47E21EA4C1141F4801143F4801368
:10A67000AE44A1FB024CA0FB0365AEF17F7E361910
:10A6800055EB0C05A1FB034C4CF10003A0FB021C95
:10A6900016EB0C06654153F10003094218BF46F062
:10A6A000010613F4007F0BD14FEA03314FEA053066
:10A6B000340341EA155140EA16506FF003020AE0F4
:10A6C0004FEAC3214FEAC520F40241EA555140EA5E
:10A6D00056506FF0020202EB2E4201EB025585EA62
:10A6E000CE710AD05FEA440C18BF24F0004450F148
:10A6F000000041F1000120EAD47040F2FE7C624586
:10A7000000D270BDA84214BF4FF080444FF04044C7
:10A71000002E08BF0024BEF1806FA8BFA1F1C04188
:10A72000BDE8704080F282804FF0000001F1C0412E
:10A7300001F0004170479EEA0C0F0CEA131518BF98
:10A7400095EA0C0F06D04FF0000081EA030E0EF0E0
:10A75000004170BD00F01CF88900013E00F007B810
:10A7600000F009B84FEA430C5FEA5C5C08D081EA6C
:10A77000030100F05BB84FEA410C5FEA5C5CF6D184
:10A780004FF00000014970470000FF070000F87F0C
:10A790000EF1020E2EF0030E5EF8046B364205D465
:10A7A000012A43EB030515F5001F12D8012841EBE0
:10A7B000010C1CF5001F0CD80ED14FEAD17C15F509
:10A7C000001F0CEB4C0C0CF1020C08BF4CEBD37CC3
:10A7D00004E04FF0080C01E04FEAD37C0CEB4C0591
:10A7E00026FA05F606F00706B6F1040C06D20EEBC3
:10A7F000860CBDE870404CF0010C6047DFE80CF0BF
:10A80000090B02024FF000414FF00000A1F50021BA
:10A8100070BD19461046012851EB010418BFD4F54C
:10A82000001484BF002001F0004170BD0808A0F5AD
:10A8300000114FEA3101704753EA010C17D41CF59F
:10A84000801F58BFBCF5801F00F106808B4218BFE7
:10A85000704708BF8242704707D713F5801F58BF63
:10A8600011F5801F19D48B4270479B4270471CF52D
:10A87000801F08D5BCF5801FF7D5994218BF7047D7
:10A8800008BF904270474FF4001C1CEB430F38BFC9
:10A890001CEB410F01D2994270470FB40CBC03BCB2
:10A8A000FFF7C1BE91EA030F10B581F000413FF5FB
:10A8B00023AC83F0004300F0EFB800002DE9F04135
:10A8C00001F5801CBCF5001FC0F2C3804FEA115C8B
:10A8D00021EA0C510CF1FD0C41F480115FEA5C0C93
:10A8E0000CF5C07C01D3400049413DA4890241EAF6
:10A8F000905187028E0E0A0CA45D04FB04F602FB45
:10A9000006F6C6F14046A4FB0662F60D46EA42266C
:10A9100006FB06F4A4FB01235242C3F1404338BFB7
:10A920005B1EA6FB02420024E6FB0324D20B42EA94
:10A930004446A6FB0623A1FB02E2A3FB07E4A418FE
:10A940004FF0000252F10002E3FB01426442C2F107
:10A95000404E38BFAEF1010EA6FB04234FF00002BB
:10A96000E6FB0E32A2FB03464FF00004B61954F189
:10A970000004E2FB0264A1FB06E6A4FB07E816EB79
:10A9800008064FF0000858F10008E4FB0168764221
:10A99000C8F1405838BFA8F10108A2FB06E4A3FBA8
:10A9A00008E52D194FF0000454F10004E2FB0854AF
:10A9B000A1FB05E6A7FB04E818EB06084FF000062C
:10A9C00056F10006E1FB048618F1200556F1000659
:10A9D000A809A8F11B08B10908F03F08B8F10A0F4F
:10A9E00040EA86601CD901EB0C51BDE8F08100BF44
:10A9F000FCF5EEE8E2DDD8D3CFCBC7C3C0BDB9B616
:10AA0000B4B1AEACA9A7A5A3A19F9D9B9A9896951A
:10AA10009392908F8D8C8B898887868584838281A1
:10AA2000A0FB006800FB01F208EB4208B8EB8728A6
:10AA300007D5341858EB0104D5D5401C51F100015D
:10AA4000D1E7341A78EB0104CDD4401E71F1000136
:10AA5000C9E75FEA4C0C5FEA9C5C0DD105D34FF06F
:10AA6000000001F00041BDE8F081BDE8F04170B5A3
:10AA7000FFF78EFE6DDBFFBEBDE8F0414FF000003A
:10AA8000004970470000F87F10B591EA030F48BFF6
:10AA900083F000433FF530AB841A71EB030C07D20F
:10AAA00012198CF0004C43EB0C03001B61EB0C0102
:10AAB000DFF8A4E14FEA1154A4EB135C1EEA430F44
:10AAC00018BF9EEA445F00F0B08023EA6E03524252
:10AAD00021EA0451C3EB6E0338BF5B1EDCF1200E8C
:10AAE00025D322FA0CFE10EB0E0043FA0CFE41EBCC
:10AAF0000E01CCF1200E03FA0EFE10EB0E0051F108
:10AB00000001CCF1200E29D412FA0EF201EB04510F
:10AB1000BDE8104058BF7047401C1CBFB2F1004F49
:10AB2000704700280CBF491C20F00100704712EB51
:10AB3000020E43EB030218BF4FF0010E4EEA420231
:10AB4000ACF1200CDCF11E0E54D943FA0CFE10EBD4
:10AB50000E0051F1FF31CCF11E0ED5D50EF1010ED4
:10AB600012FA0EFE404141EB010101EB445C5FEA49
:10AB70005C5C10D910EBDE7001EB045138BFBEF104
:10AB8000004FBDE8104018BF704700280CBF491C9B
:10AB900020F00100704730D24FEAD42C11F500119B
:10ABA00024F400641BD0B1FA81F20B3AA41AA41E5B
:10ABB000D2F12003914030FA03F31943904001EBA6
:10ABC000CC71002C01EB0451BDE81040A8BF7047C8
:10ABD00001F1C0414FF0000001F000417047B0FAB0
:10ABE00080F310FA03F100D110BDE41A173C4805B8
:10ABF000C90AE4E701EB045110BD491001EB04510F
:10AC0000BDE810404FEA300002E04FF0000170470D
:10AC10004A0008BF0042F8D0B2F5001F28BF7047B5
:10AC200001F000414FF0000070479EEA445F07D0FA
:10AC300011EA5E0FBDE8104004BF002100207047FC
:10AC4000BDE8104070B5FFF7A3FD00BF40DFF63E42
:10AC500083F00041104670470000E0FF43004FEAD8
:10AC6000D30C4FEA3C0C43401FBF40070CF160512E
:10AC700013F0FE4F70471CF0006F03D100200CF062
:10AC8000004170470CF0004343EA507010B540EAB1
:10AC9000CC0000F062FA00BF000000924FEA000111
:10ACA000FFF7C4BD4FF000414FF00000A1F50021B7
:10ACB0007047000090EA010F48BF81F0004100F1A9
:10ACC000DA82421A3CBF801A89184FEAD0524FF0FC
:10ACD0007F4C1CEA410FA2EBD15318BF9CEA026FD4
:10ACE00000F03B804FF0004C4CEA00204CEA012180
:10ACF00021FA03FC10EB0C0C1ED202F1FF325FEACA
:10AD00001C2040EBC25038BF70471CF07F0F4FEA49
:10AD1000400C18BFBCF17F4F38BF7047C3F1200310
:10AD2000994008BF20F00100BCF17F4F38BF704749
:10AD3000A0F1C04000F057BA4FEA3C00000A40EBD7
:10AD4000C25028BF1CF0FF0F4FEA400CE6D018BFDE
:10AD5000BCF17F4F38BF7047EAE79CEA026F05D02D
:10AD600010EA5C0F08BF00F00040704710B500F01B
:10AD7000F4F900BF64FBBE3E014800F0EABA00BF30
:10AD80000000C07F401058BFC0F14040491058BF7C
:10AD9000C1F140418142EFF3008070474FF47F0CD6
:10ADA0001CEAD0121EBF1CEAD11392EA0C0F93EAE0
:10ADB0000C0F00F0858090EA010F48BF42F48072CA
:10ADC00040F4000C41F400002CF07F4120F07F4063
:10ADD00000B58142A2EB03020FF2081CACEB504E0F
:10ADE000C0F100009EF800E04FEA4E0E00FB0EFCA2
:10ADF00038BF49004FEA2C1C02F5FA020CFB0EF397
:10AE00004FEACE1E4FEA112C4FEAC1210EEB635ED2
:10AE100042EB22420EFB0CFC4FEA1C5300FB0311D9
:10AE20004FEA112C4FEA01310EFB0CFC4FEADC4CCF
:10AE300000FB0C11C14228BF09184CEB03335DF82D
:10AE400004EB10EB410143EBC250B2F57C0F38BF6D
:10AE5000704729D512F0F00F1CBF00F1C04000F080
:10AE600000407047008182838485868788898B8C27
:10AE70008D8E8F919293959697999A9C9D9FA0A263
:10AE8000A3A5A7A8AAACAEB0B2B3B5B7B9BCBEC0B3
:10AE9000C2C5C7C9CCCED1D4D7D9DCDFE2E6E9EC54
:10AEA000F0F3F7FAFE0000004FEA400C0CF1807C52
:10AEB000BCF17E4F28BF7047B0F1C04000F093B99D
:10AEC00090EA010F0CEAD11348BF42F48072624548
:10AED00038BF634507D213F47F0F16D080EA010014
:10AEE00000F00040704710B500F037F9097EFC3ED5
:10AEF00000F005B880EA010000F00040704780EAE9
:10AF0000010000F0004000F06EB912F47F0F04BFA2
:10AF10000248704780EA010000F065B90000C07F78
:10AF200041000B0ED3F19E0208D950F400034FEA02
:10AF3000032323FA02F048BF4042704710B500F0E7
:10AF40000CF900BF49922480002070476FF0004246
:10AF500082EA200070470000C10DD1F19E0206DB9D
:10AF60004FEA002343F0004323FA02F07047004207
:10AF700007D54FEA4001B1F1FE4F02D24FF0000079
:10AF8000704710B500F0E9F849922480002070471E
:10AF90006FEA20007047000010F0004148BF4042B7
:10AFA000B0FA80F310FA03F2C3F19D030BD051EA1B
:10AFB000C35101EB1220530638BF704700F1010066
:10AFC00008BF20F001007047B0FA80F310FA03F2D6
:10AFD000C3F19D030AD0D90501EB1220530638BFF7
:10AFE000704700F1010008BF20F001007047000029
:10AFF00050EA010C00F113801CF5000F58BFBCF59E
:10B00000000F01D48842704707D710F5000F58BFD2
:10B0100011F5000F15D488427047894270471CF51E
:10B02000000F04D5BCF5000FF7D5814270474FF0F3
:10B03000807C1CEB400F38BF1CEB410F01D28142DA
:10B04000704710B500F089F8922449004FF0005085
:10B050004FF08051FFF796BE4FF47F0C1CEAD012E0
:10B060001EBF1CEAD11392EA0C0F93EA0C0F00F0FA
:10B07000478090EA010F48BF42F480724FF0004CC5
:10B080004CEA00204CEA012102EB0302A0FB011371
:10B09000A2F50002002918BF43F001035B0028BF9E
:10B0A0004FEA330342EB22425FEA132C4CEBC250CF
:10B0B0002EBFBCEB436FB2F57C0F70474FEA036CB9
:10B0C000BCF1004F08BF20F00100B2F57C0F38BF83
:10B0D00070470BD582F0FF0212F5803FC8BF704762
:10B0E00000F1C040D8BF00F00040704700F5000CF0
:10B0F0005FEA4C0C48BF7047B0F1C04000F073B835
:10B1000090EA010F0CEAD11348BF42F48072624505
:10B1100038BF634504D280EA010000F00040704768
:10B1200010B500F01AF800BF8900013E00F007B822
:10B1300000F009B85FEA410C5FEA1C6C08D080EAB5
:10B14000010000F050B85FEA400C5FEA1C6CF6D1D9
:10B150004FF00040A0F5800070470EF1020E2EF077
:10B16000030E5EF8044B244204D44FEA4102B2F1CC
:10B170007F4F11D84FEA4003B3F17F4F0CD80ED167
:10B180004FEAD07CB2F17F4F0CEB4C0C0CF1020C6F
:10B1900008BF4CEBD17C04E04FF0080C01E04FEA13
:10B1A000D17C0CEB4C0324FA03F404F00704B4F153
:10B1B000040C06D20EEB840CBDE810404CF0010CE0
:10B1C0006047DFE80CF0070802024FF00040A0F5EE
:10B1D000800010BD0846420018BFD2F1807288BFBF
:10B1E00000F0004010BDFF2141EAD050C00570477B
:10B1F00051EA000C00F113801CF5000F58BFBCF59C
:10B20000000F01D48142704707D711F5000F58BFD6
:10B2100010F5000F15D481427047894270471CF524
:10B22000000F04D5BCF5000FF7D5884270474FF0EA
:10B23000807C1CEB410F38BF1CEB400F01D28842D1
:10B24000704780EA010081EA000180EA0100FFF70F
:10B25000F8BE80F0004090EA010F7FF532AD81F03A
:10B26000004100F008B8000090EA010F48BF81F0EB
:10B2700000413FF526AD421A04D882F00042A0EB0F
:10B28000020011444FEAD0524FF07F4C1CEA410FAC
:10B29000A2EBD15318BF9CEA026F4AD04FF0004C8A
:10B2A0004CEA00204CEA012121FA03FCB0EB0C0C23
:10B2B0000FD412F0FE0F36D05FEA4C001DD50012FD
:10B2C00040EBC25038BF70471CF03F0F18BF7047AB
:10B2D0000BE0A2F101025FEA1C2040EBC25038BF34
:10B2E00070471CF07F0F18BF7047C3F120039940CF
:10B2F00014BF401E20F00100704780084FEA12235F
:10B3000008BF7047B0FA80FCA2EB0C02CCF1280C0D
:10B3100060FA0CF093EA122F04BF00EBC2507047A2
:10B320004FEAC3707047130A5FEADC1008BF70472A
:10B33000F6E79CEA026F04D010EA5C0F08BF002019
:10B34000704710B5FFF709FF40DFF63E81F000407F
:10B3500070470CF00F03092B08BF082000F07F8016
:10B360000A2B0BD0082B18BF704708BF1CF0400FEA
:10B370000AD04FF000004FF0000170471CF0400F62
:10B3800018BF4FF0004070471CF0100F08D020F09D
:10B39000704300F07F4242EAD3014FEA43707047A6
:10B3A00000F0604021F07F4242EA000201F07F405D
:10B3B00040EA727070474FF0FF0C4CF4E06C1CEAEE
:10B3C00011531CBF9CEA030C9445C2BFDA4201EB47
:10B3D00002517047002B0DD0BCF1000F0FD0002A96
:10B3E00001F00041A4BF41F0E04141F07F614FF026
:10B3F0000000704701F000414FF00000704750EA34
:10B4000001334FF09B0C18BF4CF0806C7EF414AFEE
:10B4100070474FF0FF0212EAD0521CBF92F0FF03B8
:10B420008B42C2BFD14200EBC1507047002A0AD004
:10B43000002B0BD0002900F00040A4BF40F0FE40DC
:10B4400040F40000704700F00040704743024FF0A6
:10B450000B0C18BF4CF0806C7FF48EAC70471CF462
:10B46000801F11D01CF4E02F03D06FEACC314900CB
:10B4700070474FF04050EFF3008222F0704242EAF2
:10B48000000282F3008870474FF000007047000010
:10B490000000000000000102030406070809000084
:10B4A0000000010203040000000000000000000092
:10B4B0000000000000003F4000000000000000000D
:10B4C0003000400030004000000009000BC03D008B
:10B4D0000BC03D00090018C024407FE022403180AD
:10B4E0000000180024C01B000D8032400180038042
:10B4F0001C4027401C8007400040100060000000F6
:10B500000000000000000000000000001F8020403C
:10B5100040200000402020401F8000000000090063
:10B5200006001F80060009000000040004003F80A0
:10B530000400040000000010006000000000000093
:10B5400000000400040004000400040000000000E7
:10B5500000400000000000000000002001C00600C4
:10B560003800400000001F802040204020401F8005
:10B570000000000010403FC000400000000018C064
:10B5800021402240244018400000108020402440E8
:10B5900024401B80000002000D0011003FC001404C
:10B5A00000003C80244024402440238000001F8071
:10B5B000244024403440038000003000200027C095
:10B5C0003800200000001B802440244024401B80C1
:10B5D00000001C0022C0224022401F80000000000A
:10B5E00000000840000000000000000000000460AF
:10B5F000000000000000000004000A00110020808C
:10B60000404009000900090009000900000000008D
:10B610004040208011000A00040018002000234050
:10B620002400180000001F802040274029401F40B0
:10B630000000004007C039000F0001C0004020405A
:10B640003FC0244024401B8000001F802040204039
:10B6500020403080000020403FC0204020401F801C
:10B66000000020403FC024402E4030C00000204059
:10B670003FC024402E00300000000F00108020400A
:10B6800022403380020020403FC0040004003FC03D
:10B690002040204020403FC020402040000000606B
:10B6A000202020203FC02000200020403FC0244018
:10B6B0000B0030C0204020403FC0204000400040F0
:10B6C00000C03FC03C0003C03C003FC00000204021
:10B6D0003FC00C4023003FC020001F80204020407E
:10B6E00020401F80000020403FC02440240018005C
:10B6F00000001F802140214020E01FA000002040CA
:10B700003FC02440260019C0004018C024402440F7
:10B71000224031800000300020403FC020403000F7
:10B72000000020003F80004000403F8020002000BB
:10B730003E0001C0070038002000380007C03C0070
:10B7400007C038000000204039C0060039C0204042
:10B7500000002000384007C0384020000000304082
:10B7600021C02640384020C00000000000007FE0DB
:10B77000402040200000000070000C0003800040CA
:10B7800000000000402040207FE00000000000009A
:10B7900020004000200000000000001000100010F9
:10B7A0000010001000100000000040000000000029
:10B7B0000000000002800540054003C0004020005A
:10B7C0003FC00440044003800000000003800440A8
:10B7D00004400640000000000380044024403FC0B5
:10B7E00000400000038005400540034000000000C9
:10B7F00004401FC0244024402000000002E0055007
:10B8000005500650042020403FC00440040003C0FF
:10B8100000400000044027C000400000000000106D
:10B820000010041027E00000000020403FC001404D
:10B83000070004C00440204020403FC000400040BA
:10B84000000007C0040007C0040003C0000004405B
:10B8500007C00440040003C000400000038004400F
:10B86000044003800000041007F0045004400380EB
:10B870000000000003800440045007F00010044062
:10B8800007C002400400040000000000064005401C
:10B89000054004C00000000004001F800440004078
:10B8A0000000040007800040044007C0004004007E
:10B8B000070004C0018006000400060001C0070064
:10B8C00001C006000000044006C0010006C004409C
:10B8D00000000410071004E00180060004000000CE
:10B8E000044005C0064004400000000000000400C1
:10B8F0007BE040200000000000000000FFF000009E
:10B900000000000040207BE0040000000000400038
:10B9100080004000200020004000000000000000E7
:10B920000000000000000000000000000000000017
:10B930001FCC000C000000000000000008003000D8
:10B9400060000800300060000000022003FC1E20A0
:10B95000022003FC1E200220000000000E1811042B
:10B960003FFF10840C78000000000F0010840F3897
:10B9700000C0077818840078000000780F8410C495
:10B9800011240E9800E4008400080800680070008C
:10B9900000000000000000000000000000000000A7
:10B9A00007E01818200440020000000040022004B4
:10B9B000181807E00000000000000240024001806B
:10B9C0000FF00180024002400000008000800080F3
:10B9D0000FF800800080008000000001000D000EC4
:10B9E0000000000000000000000000000080008057
:10B9F000008000800080008000800000000C000CAF
:10BA00000000000000000000000000000006001818
:10BA100000600180060018002000000007F0080800
:10BA200010041004080807F00000000008040804CF
:10BA30001FFC000400040000000000000E0C1014A5
:10BA40001024104411840E0C000000000C18100487
:10BA50001104110412880C700000000000E00320A3
:10BA6000042408241FFC0024000000001F981084F8
:10BA700011041104108810700000000007F00888FD
:10BA80001104110418880070000000001C00100050
:10BA900010FC13001C001000000000000E381144C0
:10BAA0001084108411440E38000000000700088C38
:10BAB00010441044088807F0000000000000000057
:10BAC000030C030C00000000000000000000000157
:10BAD000010600000000000000000000008001409E
:10BAE0000220041008081004000002200220022096
:10BAF000022002200220022000000000100408089A
:10BB00000410022001400080000000000E0012001E
:10BB1000100C106C10800F00000003E00C1813E4F0
:10BB2000142417C4082807D000000004003C03C4F4
:10BB30001C40074000E4001C000410041FFC11041A
:10BB4000110411040E880070000003E00C181004AA
:10BB50001004100410081C10000010041FFC100436
:10BB600010041004080807F0000010041FFC110462
:10BB7000110417C410040818000010041FFC11045D
:10BB8000110017C010000800000003E00C1810049A
:10BB9000100410441C780040000010041FFC1084A6
:10BBA0000080008010841FFC1004000010041004AA
:10BBB0001FFC10041004000000000003000110012D
:10BBC00010011FFE10001000000010041FFC1104E3
:10BBD00003801464181C1004000010041FFC1004DF
:10BBE000000400040004000C000010041FFC1F00EF
:10BBF00000FC1F001FFC1004000010041FFC0C04BC
:10BC0000030000E010181FFC100007F008081004E3
:10BC100010041004080807F0000010041FFC108432
:10BC20001080108010800F00000007F0081810240A
:10BC30001024101C080A07F2000010041FFC110455
:10BC4000110011C011300E0C000400000E1C110474
:10BC50001084108410441C380000180010001004D8
:10BC60001FFC100410001800000010001FF8100442
:10BC70000004000410041FF8100010001E0011E062
:10BC8000001C007013801C0010001FC0103C00E05E
:10BC90001F0000E0103C1FC000001004180C1634F8
:10BCA00001C001C01634180C100410001C0013044D
:10BCB00000FC13041C00100000000804101C106499
:10BCC000108413041C041018000000000000000081
:10BCD0007FFE4002400240020000000030000C00E5
:10BCE00003800060001C00030000000040024002CE
:10BCF00040027FFE00000000000000000000200065
:10BD00004000400040002000000000010001000150
:10BD1000000100010001000100010000400040009E
:10BD20002000000000000000000000000098012436
:10BD300001440144014400FC000410001FFC008881
:10BD400001040104008800700000000000700088F9
:10BD50000104010401040088000000000070008854
:10BD60000104010411081FFC0004000000F8014454
:10BD700001440144014400C8000000000104010422
:10BD80000FFC1104110411001800000000D6012955
:10BD90000129012901C90106000010041FFC0084CB
:10BDA00001000100010400FC00040000010419046A
:10BDB00019FC000400040000000000000003000162
:10BDC0000101190119FE0000000010041FFC0024ED
:10BDD000004001B4010C0104000000001004100434
:10BDE0001FFC0004000400000000010401FC010429
:10BDF000010001FC0104010000FC010401FC0084BD
:10BE000001000100010400FC0004000000F801042E
:10BE100001040104010400F80000010101FF008594
:10BE20000104010400880070000000000070008818
:10BE300001040104010501FF00010104010401FCEA
:10BE400000840104010001800000000000CC0124F6
:10BE500001240124012401980000000001000100D8
:10BE600007F80104010400000000010001F80004CB
:10BE700000040004010801FC0004010001800170BD
:10BE8000000C001001600180010001F0010C003085
:10BE900001C00030010C01F0010000000104018C20
:10BEA00000740170018C0104000001010181017125
:10BEB000000E001801600180010000000184010CE7
:10BEC000013401440184010C000000000000000066
:10BED000000001003EFC40024002000000000000A3
:10BEE0000000FFFF000000000000000040024002D0
:10BEF0003EFC010000000000000000006000800027
:10BF0000800040004000200020006800000476000F
:10BF10005401F7FD000175191A0C6A231B1C1F2020
:10BF20007274433B4138393A6B6C376F06246D6E3F
:10BF300070000000830000000008000000010018ED
:10BF400032000500000020410000D242295C0F3E73
:10BF50009A99993E3333733F295C0F3E000070007D
:10BF600000000024000000020003000000650054EF
:10BF7000FFEF0000FA80000B12820001030C30C3B7
:10BF80000E8C8CE914D5400213710F8E3883F88320
:10BF90003000F883258EF8833000F883FFFFFFFF21
:10BFA0000FFEA9D6240004001A8279A10000003CEB
:10BFB000FFFF00000010000038836FA2003E033036
:10BFC0004000000002CAE3093E800000200000009B
:10BFD000000000004000000060000000000C0000B5
:10BFE000000C186E000006920A16C0DFFFFF025612
:10BFF000FD8CD377FFE1C496E0C5BEAA0000000027
:10C00000FFFF0B2B000016570000035940000000F3
:10C0100000001DFA00026C1D000000003FFFDFEB76
:10C02000003EB3B6000D227800002F3C0000000057
:10C03000001942B5000039A20000B365D90E9FC9AE
:10C040001DCF4C3430000000500000003BB67AE8B1
:10C050000064000000C800000000000010000000A4
:10C060001000FA921000225E000D229F00010000D5
:10C0700000320000FF46000063D400001000000002
:10C0800004D6000004CC000004CC000000001072B4
:10C090000000004000000000000000000006000258
:10C0A0000005000700000000006400000000000020
:10C0B00000000005000500640020000000000000F2
:10C0C00000000000000040000000030000000032FB
:10C0D000F8980000FF650000830F0000FF9BFC0044
:10C0E0000000000000000000000000000000000050
:10C0F0000000000000000000000000000000000040
:10C1000000000000000000000000100040000000DF
:10C11000000000060000B26A000200000001FB837C
:10C120000068000000D9FC007CF1FF8300000000E3
:10C1300000650000006403E800640028000000259A
:10C140000000000016A00000000010000000100019
:10C15000002F0000000001F4000010000028000083
:10C16000FFFF4581FFFFFA720000000000000000A1
:10C17000004400050005BAC6004778A2000000018F
:10C180000000000000000600000000140000254D23
:10C19000002F706D000005AE000C02D00000000002
:10C1A000000000000000000000000000001B000074
:10C1B000000000000000000000000000006400001B
:10C1C0000008000000000000000000000000000067
:10C1D000000000000000000000000000000000005F
:10C1E000000000000000000000000000000000004F
:10C1F000000000000000000000000000000000003F
:10C20000000000000000000000000000000000002E
:10C21000000000000000000000000000001B000003
:10C220000000000000000000000E000E00000AC721
:10C230000004000000000032FFFFFF9C00000B2BF9
:10C24000000000020000000100000064FFE50000A3
:10C2500000000000000000000000000000000001DD
:10C26000000000000001000000000000000180004C
:10C270000001800000018000002426D3000000009F
:10C2800000000000000600100096003C00000000C6
:10C290000000000000000000000000000C0A4E68D2
:10C2A000CDCF770950166759C619CE82000000001D
:10C2B000000000000000000000000000000000007E
:10C2C0000000000017D784000300000000000000F9
:10C2D00000000000C7938F9D1E1B1C19000000006A
:10C2E000000000000000000000000000000000004E
:10C2F0000000000002031885000040000000000359
:10C3000000000003000000000000000040000000EA
:10C31000000000000000000000000000000000001D
:10C32000000000000000000000000000000000000D
:10C3300000000000000000000000000000000000FD
:10C34000677DDF7E72902E554CF6E6880000000077
:10C35000000000000000000000000000D8DCB4B8BD
:10C36000B0D8B9ABF3F8FAB3B7BB8E9EAEF132F5E5
:10C370001BF1B4B8B08097F1A9DFDFDFAADFDFDF00
:10C38000F2AAC5CDC7A90CC92C97F1A98926466682
:10C39000B28999A92D557DB0B08AA896365676F106
:10C3A000BAA3B4B280C0B8A89711B28398BAA3F068
:10C3B000240844106418B2B9B49883F1A329557DB8
:10C3C000BAB5B1A38393F0002850F5B2B6AA83930F
:10C3D00028547CF1B9A3829361BAA2DADEDFDB8153
:10C3E0009AB9AEF5606870F1DABAA2DFD9BAA2FAEA
:10C3F000B9A38292DB31BAA2D9BAA2F8DF85A4D060
:10C40000C1BBAD83C2C5C7B8A2DFDFDFBAA0DFDF23
:10C41000DFD8D8F1B8AAB38DB4980D355DB2B6BAED
:10C42000AF8C96198F9FA70E161EB49AB8AA872CA8
:10C43000547CBAA4B08AB691325676B28494A4C819
:10C4400008CDD8B8B4B0F19982A82D557D98A80E22
:10C45000161EA22C547C92A4F02C5078F184A8983B
:10C46000C4CDFCD80DDBA8FC2DF3D9BAA6F8DABAF6
:10C47000A6DED8BAB2B68696A6D0F3C841DAA6C868
:10C48000F8D8B0B4B882A892F52C548898F135D970
:10C49000F418D8F1A2D0F8F9A884D9C7DFF8F88346
:10C4A000C5DADF69DF83C1D8F40114F1A8824EA890
:10C4B00084F311D182F5D992289788F109F41C1CD4
:10C4C000D884A8F3C0F9D1D99782F129F40DD8F313
:10C4D000F9F9D1D982F4C203D8DEDF1AD8F1A2FA71
:10C4E000F9A88498D9C7DFF8F8F883C7DADF69DFDD
:10C4F000F883C3D8F40114F198A8822EA884F3110C
:10C50000D182F5D992509788F109F41CD884A8F308
:10C51000C0F8F9D1D99782F149F40DD8F3F9F9D1DE
:10C52000D982F4C403D8DEDFD8F1AD8898CCA8094D
:10C53000F9D98292A8F57CF1883ACF944A6E98DBBB
:10C540006931DAADF2DEF9D88795A8F221D1DAA502
:10C55000F9F417D9F1AE8ED0C0C3AE82C684C3A899
:10C560008595C8A588F2C0F1F4010EF18E9EA8C68B
:10C570003E56F554F18872F40115F19845856EF533
:10C580008E9E0488F142985A8E9E068869F4011C9A
:10C59000F1981E1108D0F504F11E97020298362575
:10C5A000DBF9D985A5F3C1DA85A5F3DFD88595A890
:10C5B000F309DAA5FAD88292A8F578F1881A849F4F
:10C5C00026889821DAF41DF3D8879F39D1AFD9DFB7
:10C5D000DFFBF9F40CF3D8FAD0F8DAF9F9D0DFD9A7
:10C5E000F9D8F40BD8F3879F39D1AFD9DFDFF41D29
:10C5F000F3D8FAFCA869F9F9AFD0DADEFAD9F88FE6
:10C600009FA8F1CCF398DB45D9AFDFD0F8D8F18FF4
:10C610009FA8CAF38809DAAF8FCBF8D8F2AD978D0F
:10C620000CD9A5DFF9BAA6F3FAF412F2D8950DD118
:10C63000D9BAA6F3FADAA5F2C1BAA6F3DFD8F1BAED
:10C64000B2B68696A6D0CAF349DAA6CBF8D8B0B46B
:10C65000B8D8AD84F2C0DFF18FCBC3A8B2B686964E
:10C66000C8C1CBC3F3B0B48898A821DB718D9D718C
:10C67000859521D9ADF2FAD88597A828D9F408D89C
:10C68000F28D29DAF405D9F285A4C2F2D8A88D94E6
:10C6900001D1D9F411F2D88721D8F40AD8F28498BC
:10C6A000A8C801D1D9F411D8F3A4C8BBAFD0F2DE29
:10C6B000F8F8F8F8F8F8F8F8D8F1B8F6B5B9B08A9B
:10C6C00095A3DE3CA3D9F8D85CA3D9F8D87CA3D92C
:10C6D000F8D8F8F9D1A5D9DFDAFAD8B18530F7D989
:10C6E000DED8F830ADDADED8F2B48C99A32D557DC2
:10C6F000A083DFDFDFB591A0F629D9FBD8A0FC2904
:10C70000D9FAD8A0D051D9F8D8FC51D9F9D879D9CB
:10C71000FBD8A0D0FC79D9FAD8A1F9F9F9F9F9A098
:10C72000DADFDFDFD8A1F8F8F8F8F8ACDEF8ADDE34
:10C730008393AC2C547CF1A8DFDFDFF69D2CDAA0CC
:10C74000DFD9FADB2DF8D8A850DAA0D0DED9D0F89E
:10C75000F8F8DB55F8D8A878DAA0D0DFD9D0FAF805
:10C76000F8F8F8DB7DF8D89CA88CF530DB38D9D008
:10C77000DEDFA0D0DEDFD8A848DB58D9DFD0DEA0CE
:10C78000DFD0DED8A868DB70D9DFDFA0DFDFD8F12B
:10C79000A888902C547C98A8D05C38D1DAF2AE8C62
:10C7A000DFF9D8B087A8C1C1B188A8C6F9F9DA36CF
:10C7B000D8A8F9DA36D8A8F9DA36D8A8F9DA36D806
:10C7C000A8F9DA36D8F78D9DADF818DAF2AEDFD8D1
:10C7D000F7ADFA30D9A4DEF9D8F2AEDEFAF983A7C4
:10C7E000D9C3C5C7F1889BA77AADF7DEDFA4F8846B
:10C7F0009408A797F300AEF29819A488C6A394886A
:10C80000F632DFF28393DB09D9F2AADFD8D8AEF88B
:10C81000F9D1DAF3A4DEA7F1889B7AD8F38494AE39
:10C8200019F9DAAAF1DFD8A881C0C3C5C7A39283DA
:10C83000F628ADDED9F8D8A350ADD9F8D8A378AD95
:10C84000D9F8D8F8F9D1A1DADEC3C5C7D8A1819447
:10C85000F818F2B089ACC3C5C7F1D8B8B4B09786A0
:10C86000A8319B069907AB9728889BF00C201440B1
:10C87000B0B4B8F0A88A9A285078B79BA829517903
:10C88000247059446938644831F1BBAB88002C549A
:10C890007CF0B38BB8A804285078F1B088B4972600
:10C8A000A85998BBABB38B02264666B0B8F08A9CF9
:10C8B000A82951798B2951798A2470598B20587174
:10C8C0008A4469388B3940688A6448318B304960C2
:10C8D00088F1AC002C547CF08CA804285078F188A6
:10C8E0009726A85998AC8C02264666F0899CA82900
:10C8F0005179247059446938644831A9880920590C
:10C9000070AB11384069A8193148608CA83C415C73
:10C91000207C00F187981986A86E767EA999882DCB
:10C92000557DD8B1B5B9A3DFDFDFAED0DFAAD0DE49
:10C93000F2ABF8F9D9B087C4AAF1DFDFBBAFDFDF14
:10C94000B9D8B1F1A3978E60DFB084F2C8F8F9D9F5
:10C95000DED89385F14AB183A308B5839A0810B74E
:10C960009F10D8F1B0BAAEB08AC2B2B68E9EF1FBBB
:10C97000D9F41DD8F9D90CF1D8F8F8AD61D9AEFBCE
:10C98000D8F40CF1D8F8F8AD19D9AEFBDFD8F4160D
:10C99000F1D8F8AD8D61D9F4F4ACF59C9C8DDF2B0A
:10C9A000BAB6AEFAF8F40BD8F1AED0F8AD51DAAEB3
:10C9B000FAF8F1D8B9B1B6A3839C08B9B1839AB596
:10C9C000AAC0FD3083B79F10B58B93F20202D1ABA2
:10C9D000DADED8F1B080BAABC0C3B284C1C3D8B17B
:10C9E000B9F38BA391B609B4D9ABDEB0879CB9A3D8
:10C9F000DDF1B38B8B8B8B8BB087A3A3A3A3B28BFF
:10CA0000B69BF2A3A3A3A3A3A3A3A3A3A3F1B0875D
:10CA1000B59AA3F39BA3A3DCBAACDFB9A3A3A3A3EA
:10CA2000A3A3A3A3A3A3A3A3A3A3A3A3D8D8D8BB1F
:10CA3000B3B7F1AAF9DAFFD9809AAA28B48098A7E7
:10CA400020B79787A86688F07951F1902C870CA7BA
:10CA500081976293F071716085940129517990A555
:10CA6000F1284C6C870C95188578A38390284C6C22
:10CA7000886CD8F3A28200F210A8921980A2F2D991
:10CA800026D8F188A84DD948D896A83980D93CD85D
:10CA90009580A839A68698D92CDA87A72CD8A8899A
:10CAA0009519A980D938D8A88939A980DA3CD8A89D
:10CAB0002EA83990D90CD8A8953198D90CD8A809A6
:10CAC000D9FFD801DAFFD89539A9DA26FFD890A87E
:10CAD0000D8999A810809821DA2ED88999A83180DB
:10CAE000DA2ED8A886963180DA2ED8A8873180DA57
:10CAF0002ED8A88292F34180F1D92ED8A882F319BA
:10CB000080F1D92ED882ACF3C0A28022F1A62EA744
:10CB10002EA92298A829DAACDEFFD8A2F22AF1A920
:10CB20002E8292A8F23180A696F1D900AC8C9C0C92
:10CB300030ACDED0DEFFD88C9CACD010ACDE809266
:10CB4000A2F24C82A8F1CAF235F19688A6D900D893
:10CB5000F1FF000000000000555555555555C53FE3
:10CB60007D6FEB0312D6D4BF5544880E55C1C93F23
:10CB70003B8F68B52882A4BF88B20175E0EF493FBA
:10CB800009F7FD0DE13D023F4B2D8A1C273A03C0FA
:10CB9000C88A599CE52A004059018D1B6C06E6BFE6
:10CBA00082922EB1C5B8B33F000000000000F03FF4
:10CBB000000000000000F83F00000000000000003E
:10CBC0000000004003B8E23F000000000000000049
:10CBD00006D0CF43EBFD4C3E033333333333E33FD7
:10CBE000FFAB6FDBB66DDB3F4D268F515555D53F03
:10CBF00001411DA96074D13F65DBC9934A86CD3FD1
:10CC0000EF4E454A287ECA3F3E5555555555C53FBE
:10CC100093BDBE166CC166BF2CDE25AF6A56113FB0
:10CC2000F16BD2C541BDBBBED0A4BE726937663EB2
:10CC30004FBB610567ACDD3F182D4454FB21E93F34
:10CC40009BF681D20B73EF3F182D4454FB21F93F23
:10CC5000E2652F227F2B7A3C075C143326A6813CA9
:10CC6000BDCBF07A8807703C075C143326A6913C54
:10CC7000C4EB98999999C9BF711623FEC671BCBFC0
:10CC80006D9A74AFF2B0B3BF9AFDDE522DDEADBF28
:10CC90002F6C6A2C44B4A2BF0D5555555555D53F40
:10CCA000FF8300922449C23F6E204CC5CD45B73F5B
:10CCB000513DD0A0660DB13FEB0D76244B7BA93FD3
:10CCC00011DA22E33AAD903F0000000000000000BE
:10CCD00050726F64756374204944207265616420EA
:10CCE0006173203020696E646963617465732064C8
:10CCF000657669636520697320656974686572206B
:10CD0000696E636F6D70617469626C65206F72200B
:10CD1000616E204D5055333035302E0D0A00000025
:10CD200040CD000800000020F00200006C01000867
:10CD3000E8CD0008F0020020481D0000C8010008EE
:10CD40008112011202142C01013A090C3124F0D293
:10CD50004623DC4233C84312401C4083450C191063
:10CD6000137A431B401C1C015F031324F42320414E
:10CD7000072A803F6F12833A1A01B409191E19F865
:10CD80001203120412051206120712081209120ADF
:10CD9000120B120C120D120E120F021D10CBDC051D
:10CDA0000451024CC80A1B58BCE10320803F5AFFC3
:10CDB000040213011316BF1B080A0401202A342899
:10CDC0000462D7A33BA9D0290CE9104123A0421A41
:10CDD00082041A200423704123FA431A480CA12D1F
:08CDE0003333333FF072100001
:0400000508000131BD
:00000001FF
