:020000040800F2
:10000000F02000201502000839540008274300089A
:10001000D1530008CD0D0008D56E00080000000087
:100020000000000000000000000000002162000845
:100030002913000800000000835D00089562000895
:100040002F0200082F0200082F0200082F020008CC
:100050002F0200082F0200082F0200082F020008BC
:100060002F0200082F0200082F0200082F020008AC
:100070002F0200082F0200082F0200082F0200089C
:100080002F0200082F020008150700082F020008A1
:100090002F0200082F0200082F020008E5140008B4
:1000A0002F020008156300082F0200082F02000825
:1000B000216300082F0200082D6300082F020008AA
:1000C0002F0200082F0200082F0200082F0200084C
:1000D0002F020008456D00082F0200086D6D000812
:1000E0002F0200082F0200082F0200082F0200082C
:1000F000396300082F0200082F0200082F020008B1
:100100002F0200082F0200082F0200082F0200080B
:100110002F020008516B00082F0200082F02000870
:100120002F0200082F0200082F0200082F020008EB
:1001300000F002F800F05FF80AA090E8000C82449A
:100140008344AAF10107DA4501D100F054F8AFF277
:10015000090EBAE80F0013F0010F18BFFB1A43F0A5
:100160000103184754D7000074D700000A444FF029
:10017000000C10F8013B13F0070408BF10F8014B06
:100180001D1108BF10F8015B641E05D010F8016B4B
:10019000641E01F8016BF9D113F0080F1EBF10F8AF
:1001A000014BAD1C0C1B09D16D1E58BF01F801CBD2
:1001B000FAD505E014F8016B01F8016B6D1EF9D555
:1001C0009142D6D37047000000230024002500266A
:1001D000103A28BF78C1FBD8520728BF30C148BFAA
:1001E0000B607047642900F09980002070471FB5AC
:1001F0001FBD10B510BD00F05FFA1146FFF7F7FF05
:1002000008F0A6FD00F07DFA03B4FFF7F2FF03BC8F
:1002100007F0AEF80948804709480047FEE7FEE7C7
:10022000FEE7FEE7FEE7FEE7FEE7FEE7FEE7FEE7A6
:1002300004480549054A064B70470000136300084F
:1002400031010008F01A0020F0200020F01C0020EE
:10025000F01C002010B54C1084EA530404D5404231
:10026000C1F1000138BF491E1B4204D55242C3F1FF
:10027000000338BF5B1E00F00DF914F0804F04D06E
:100280004042C1F1000138BF491E14F0004F04D0B4
:100290005242C3F1000338BF5B1E10BD0FB40449C6
:1002A00010B503AA029800F0D1F910BC5DF814FB58
:1002B000940000202DE9F0410E4604460020206203
:1002C0002046E168884730B3252805D0D4E90121CC
:1002D0009047206A401CF2E7E168204600278847E3
:1002E000050018D0A5F14100192802D820354FF497
:1002F00000673246294620462760FFF773FF40B16A
:10030000012804D0F61D26F007060836D8E7361D6A
:10031000D6E72846DAE7206ABDE8F0812DE9F0410A
:100320000646002410687529314616A510D0AFF393
:100330000080002802DA404213A507E031688A07EE
:1003400001D512A502E0490704D511A5012401E059
:10035000AFF3008000210A2206F1240709E0B0FB78
:10036000F2FCB0FBF2F302FB1C003030785418466C
:10037000491C0028F3D123462A463046BDE8F04107
:1003800000F00AB9000000002D0000002B00000062
:100390002000000040EA010310B59B070FD1042A9A
:1003A0000DD310C808C9121F9C42F8D020BA19BA40
:1003B000884201D9012010BD4FF0FF3010BD1AB1A5
:1003C000D30703D0521C07E0002010BD10F8013BFA
:1003D00011F8014B1B1B07D110F8013B11F8014B21
:1003E0001B1B01D1921EF1D1184610BD02F0FF0374
:1003F00043EA032242EA024200F002B84FF0000250
:100400000429C0F0128010F0030C00F01B80CCF126
:10041000040CBCF1020F18BF00F8012BA8BF20F894
:10042000022BA1EB0C0100F00DB85FEAC17C24BFE8
:1004300000F8012B00F8012B48BF00F8012B704792
:100440004FF0000200B5134694469646203922BF6D
:10045000A0E80C50A0E80C50B1F12001BFF4F7AFB8
:10046000090728BFA0E80C5048BF0CC05DF804EB9A
:10047000890028BF40F8042B08BF704748BF20F808
:10048000022B11F0804F18BF00F8012B7047704706
:100490007047704753EA020C00F069802DE9F04B79
:1004A0004FF00006002B1FBFB3FA83F503FA05F4E3
:1004B00024FA05F65E4012BF1643B2FA82F502FA3C
:1004C00005F4C5F120051EBF22FA05FC44EA0C0420
:1004D000203556EA044C4FEA144418BF641C4FF010
:1004E00000084FF00009904271EB030C39D300294A
:1004F00019BFB1FA81F701FA07F6B0FA80F700FAEE
:1005000007F6C7F120071EBF20FA07FC46EA0C06D3
:100510002037B6FBF4FCA7EB0507103F07F01F0BD5
:10052000CBF120060CFA0BFB2CFA06F644BFB346BF
:100530000026202FA4BF5E464FF0000B5BEA060C9E
:1005400008BF4FF0010B19EB0B09ABFB027C48EB2A
:100550000608C01B06FB02CC0BFB03CC71EB0C01A5
:10056000C1E70B46024641464846BDE8F08B13B54D
:100570004FF000004FF00001AFF30080BDE81C40D9
:10058000704710B500F074F8006810BD10B504464F
:1005900000F06EF8046010BD2DE9F0470D46994655
:1005A0009246044600F124080168880604D5E069F3
:1005B00021F01001216000E00120A84201DD471B6D
:1005C00000E00027A1697A1902EB0900081AA0616E
:1005D0002078C00602D42046AFF30080002608E051
:1005E000D4E901211AF806009047206A401C761CC5
:1005F00020624E45F4DB2078C0060AD52046AFF3D2
:10060000008006E0D4E9012130209047206A401C98
:100610002062381EA7F10107F4DC07E0D4E90121CC
:1006200018F805009047206A401C2062281EA5F19A
:100630000105F3DC2046AFF300802078000602D5E8
:100640000220BDE8F0870120FBE70000074B70B5F2
:100650000D467B4400F015F80446284600F024F8C7
:1006600010B14FF0FF3070BD204670BD27810000F3
:10067000004870478C1A002001694A1C0261087802
:10068000704700B58FB0CDE90131002105910549D2
:100690007944CDE9031011466846FFF70BFE0FB011
:1006A00000BD0000E5FFFFFF007B00F08000704709
:1006B000004870478C1A00207546FFF7F9FFAE46D8
:1006C00005006946534620F00700854618B020B55E
:1006D000FFF7AEFDBDE820404FF000064FF00007E9
:1006E0004FF000084FF0000B21F00701AC46ACE8DA
:1006F000C009ACE8C009ACE8C009ACE8C0098D4647
:10070000704710B50446AFF300802046BDE81040A6
:10071000FFF77ABD10B5044801F080FABDE810403B
:10072000024801F07BBA000080030020B0030020E3
:1007300070B5044600688168C943C90717D181684C
:1007400021F00101816001F0C1FF05460AE000BF10
:1007500001F0BCFF401B022804D920688068C04318
:10076000C00706D020688068C043C007F0D00020D2
:1007700070BDA06A40F01000A062E06A40F0010085
:10078000E062012070BD0000F8B500260446009626
:1007900000688168C943C9072DD0816841F0010113
:1007A0008160164816490068B0FBF1F000E0401E79
:1007B00000900028FBD101F089FF054616E000BF3C
:1007C00001F084FF401B022810D920688068C043D4
:1007D000C0070BD0A06A40F01000A062E06A40F0B1
:1007E0000100E06284F824600120F8BD2068806880
:1007F000C043C007E4D10020F8BD000098000020ED
:1008000040420F002DE9F04F4748032187B00068B0
:100810004000A0F6AC0090FBF1F6002E01DA0026B5
:1008200002E0642E00DD6426404CA0680AF0B0FFB0
:100830003F4DDFF800812A4643460AF099FC0AF052
:1008400001FC070000D5474260680AF0A1FF2A4674
:1008500043460AF08DFC0AF0F5FB050000D5454241
:100860002078F0B100202070334C217801291AD073
:1008700000284DD0314800680BF020F9054630487B
:1008800000680BF01BF904462E4800680BF016F9BF
:1008900007B02B462246BDE8F04F01462AA0FFF7DD
:1008A000FDBC0120DFE72C4800680BF007F9834608
:1008B0002A4800680BF002F98246294800680BF0CC
:1008C000FDF88146274800680BF0F8F88046264876
:1008D00000680BF0F3F80746244800680BF0EEF8C8
:1008E0000646234800680BF0E9F8054621480068F1
:1008F0000BF0E4F88DE8C00F02461F482B46018834
:100900001EA0FFF7CBFC0020207007B0BDE8F08FE1
:10091000224800680BF0D2F8009033463A46294648
:100920001FA0FFF7BBFCF0E76C000020FC010020DB
:100930009A9999999999F13F49000020F80100206E
:10094000DC010020D80100207B4225643A25643A6E
:1009500025647D24000000003400002030000020C9
:100960002C0000202800002024000020200000206F
:100970001C000020180000200C0000207B43256490
:100980003A25643A25643A25643A25643A25643A5E
:1009900025643A25643A25647D2400007000002017
:1009A0007B4125643A25643A25643A25647D240018
:1009B0002DE9F041674C05462089401C20812078B4
:1009C00008B100F0D9F86078012700260A284AD239
:1009D000DFE800F00519313B4B6F7B9E6D8A267076
:1009E000608908B1401E6081002D60D0A078002889
:1009F0005DD0608900285AD127706671E664E0688E
:100A0000606501209DE0E068B0F17C5F0DDC00F0E6
:100A100071F95149884208DCA079062809D2401CA6
:100A2000C0B2A071062804D200E0A6712089C828AF
:100A30003DD3022085E02089282838D3012147486A
:100A400004F003FFE77003207BE0606900F0E4F846
:100A5000012806D10121414804F0F7FE6771042006
:100A60006FE0022823D108206BE0607908B1002DE7
:100A7000F9D1E669E56A3046A16C0BF087F801D838
:100A800005205EE04FF07E50854200DA054629469B
:100A900030460AF01DFF32490BF0ACF831490BF03B
:100AA000A9F80BF027F82189C8308142DBD2BDE8D4
:100AB000F081607908B1002DD5D1A06900F0ACF8C3
:100AC0000128CED10620E6643BE0607908B1002D14
:100AD000C9D1616AE06C0BF059F9C4D92248007899
:100AE0000F28E4D009202CE0607908B1002DBAD19C
:100AF000616AE06C0BF04AF9B5D9216AA06C0BF081
:100B000045F901D807201CE020897828ABD2CEE730
:100B1000607908B1002DA6D1616AE06C0BF036F95E
:100B2000A1D9216C206D0BF031F90ED826704FF44D
:100B3000C8706081606DA0650121084804F085FEE1
:100B40000020BDE8F04100F0CBB82089F0288AD21F
:100B5000ADE700001003002000004842641A0020A6
:100B60000000484300002040BA02002010F1FF4F6F
:100B700001D380F00040704770B51F4800680AF04C
:100B8000D9FFFFF7F3FF04461C4800680AF0D2FFC4
:100B9000FFF7ECFF21460AF027FE4FF0FF310BF084
:100BA00006FA0AF0F5FD164A164B0AF0E1FA09F0CA
:100BB000C7FF154C05460146A06C0AF015FEA0645F
:100BC0006078062803D0092801D0072804D12946D7
:100BD000E06C0AF009FEE0640C480068FFF7C6FF0D
:100BE0000B490BF007F80B490BF004F8216D0AF0E4
:100BF000FBFD206570BD00005C0000205800002057
:100C00002E2C211C0BBD6C3F10030020780000200F
:100C100090C1793D0AD7A33B10B5074C216D0AF06E
:100C2000B5FF01D8012010BD2089B0F57A7F01D32E
:100C3000022010BD002010BD100300202DE9F0415E
:100C4000254C002520466178436C244A406D4FF0C6
:100C50007E560A2909D2DFE801F00805070C230CAB
:100C6000252C052500211EE06565E5602561BDE8B0
:100C7000F081A16A00F056F86065E060A16AB142B7
:100C800002DD0AF025FE00E000200146A06B0AF01C
:100C9000B1FF206161780529E9D180F0004018E0BA
:100CA000E16A00E0216B00F03DF86065C4E90305EE
:100CB000DDE7616B00F036F86065E060616BB142C2
:100CC00002DD0AF005FE00E000200146E06B0AF0BC
:100CD00091FF2061CBE70000100300200000A0403E
:100CE000034948700020088188640865887170474E
:100CF00010030020094810B50068FFF737FF0446CD
:100D000007480068FFF732FF21460AF06DFDBDE895
:100D100010404FF0FF310BF04AB9000004020020F0
:100D2000000200202DE9F0411E4617460C460546FC
:100D30000AF02CFF01D2394600E031460E46284623
:100D40000AF052FD074621460AF020FF02D238463B
:100D5000BDE8F081314628460BF054F8054621469F
:100D60000BF014F801D22846F2E72046F0E7000025
:100D700070B5044610480D4600680AF0DBFE2146B7
:100D80000BF040F80D49044685F0004009680AF070
:100D900031FF0B490AF09CFD05460B4809490068E4
:100DA0000AF096FD21460AF025FF29460BF02AF8A5
:100DB000BDE870400AF082BE040000201C00002044
:100DC0000000C8420000C8C218000020FEE7000072
:100DD00010B50B4B4FF4004158B10A4C2268521C1D
:100DE0002260824204DB184601F063FC0020206090
:100DF00010BDBDE810400022184601F062BC0000A2
:100E0000000801409C00002070B5184800780528B3
:100E10001DD117480088012819D0164800880128DC
:100E200015D0154C00256079401CC0B260710428B3
:100E30000ED000D9657100F079FA104C68B11048F5
:100E4000007888B15FF00000FFF7C2FF256070BD39
:100E500005F03CF800F04CFBECE70A482060BDE8E8
:100E600070400020FFF7B4BF6420EDE710000020C1
:100E70003C0000203E000020A80100204C00002083
:100E80000E000020000096432DE9F0410F46104E61
:100E9000104C40380AF04EFE0546214638460AF00E
:100EA000A9FE0446314628460AF0A4FE21460AF06F
:100EB0009BFC044600F03AFA012803D1064800786A
:100EC00000B900242046BDE8F0410AF0F7BD00005B
:100ED0000000F0418FC2F53D0E000020024610B523
:100EE0000020012903D000290BD10A4B0EE0094B49
:100EF0000021323B03E05C5C6040491CC9B2914276
:100F0000F9D310BD5C5C6040491CC9B29142F9D371
:100F100010BD0000D0180020884201DA0846704752
:100F20009042FCDD104670472DE9F0410D4C0A4619
:100F300007460B4E104621680AF05CFE216B0AF052
:100F400053FC014608480AF055FE0546314638462E
:100F50000AF050FE29460AF047FC2063BDE8F08104
:100F60000AD7A33C3402002048E17A3F2DE9F04142
:100F70000D4C0A4607460B4E104621680AF03AFE11
:100F8000216E0AF031FC014608480AF033FE05469E
:100F9000314638460AF02EFE29460AF025FC206626
:100FA000BDE8F0810AD7A33C3402002048E17A3F33
:100FB000F8B500266B46012275216820009607F0DF
:100FC00041FE334F0120387032A0FFF767F99DF8DA
:100FD000000068280CD0BFF34F8F37480168374AAC
:100FE00001F4E06111430160BFF34F8F00BFFDE7E3
:100FF00007F0CCFF002848D1782008F085FC10B914
:1010000024A0FFF74BF9782007F0F2FE10B92CA0CE
:10101000FFF744F9C82008F037FC10B932A0FFF7F9
:101020003DF907F047F810B939A0FFF737F94548FF
:10103000044607F069FE0546E01C07F065FE45EA38
:10104000C005A01D07F060FE45EA801080B207F0E1
:10105000F1F910B93CA0FFF721F940F2731006F046
:1010600001FF10B942A0FFF719F9C82007F04AF9AB
:1010700010B949A0FFF712F909F0ACFC012008F003
:1010800029FB10B94DA0FFF709F93E70F8BD00002B
:101090000F0000206D70755F7365745F73656E730C
:1010A0006F7220636F6D706C657465202E2E2E2E0E
:1010B0002E2E0D0A000000000CED00E00400FA05E1
:1010C0006D70755F636F6E6669677572655F66697F
:1010D000666F20636F6D706C657465202E2E2E2EEA
:1010E0002E2E0D0A000000006D70755F7365745F31
:1010F00073616D706C655F7261746520636F6D7094
:101100006C657465202E2E2E2E2E2E0D0A000000EA
:10111000646D705F6C6F61645F6D6F74696F6E5F3B
:101120006472697665725F6669726D776172652057
:10113000636F6D706C657465202E2E2E2E2E2E0D15
:101140000A000000EC010020646D705F7365745F3D
:101150006F7269656E746174696F6E20636F6D7014
:101160006C657465202E2E2E2E2E2E0D0A0000008A
:10117000646D705F656E61626C655F6665617475F4
:10118000726520636F6D706C657465202E2E2E2E37
:101190002E2E0D0A00000000646D705F7365745F91
:1011A0006669666F5F7261746520636F6D706C65F0
:1011B0007465202E2E2E2E2E2E0D0A006D70755F5A
:1011C0007365745F646D705F737461746520636FC1
:1011D0006D706C657465202E2E2E2E2E2E0D0A003D
:1011E00070B5164800680AF0A5FC15490AF070FBB6
:1011F000044614480121006800F06CF812480A21E6
:101200000068B0FBF1F00AF0ADFC022100F062F8DA
:101210000321204600F05EF8032000F01BF80B4A83
:1012200000210B4C131D06E015686D06FCD5655CAE
:101230001D60491CC9B28142F6D370BD6C0000200C
:101240000000C842700000207C00002000380140EF
:10125000281A00200A2839D890B31D4924220B28C7
:101260000A7033D2DFE800F032060A0E12161A1E98
:1012700022272D000520487106207047092048725A
:101280000A2070470D2048730E20704711204874C3
:10129000122070471520487516207047192048768F
:1012A0001A2070471D2048771E207047212081F8A2
:1012B000210022207047252081F825002620704734
:1012C00004E0292081F829002A20F8E70020F6E729
:1012D000281A002003B50A2912D8002910D00B299A
:1012E0000ED2DFE801F00D06080E10121416181ABF
:1012F0001C00012200E005220A49684600F076F948
:101300000CBD0922F8E70D22F6E71122F4E71522B9
:10131000F2E71922F0E71D22EEE72122ECE7252271
:10132000EAE70000281A002070470000F0B51348D3
:101330000021007801281ED1114C124D124A134F82
:10134000002040F2BB2600BF02EBC0035B682344D1
:10135000AB4208D332F83030A3F1010CB44502D2CD
:10136000491CC9B23B60401CC0B2E128ECD3032940
:1013700001D90120F0BD0020F0BD000014000020C4
:10138000000060BE01000A02580D00207C00002011
:1013900070B50AF02CFD0D4E0446B1690AF032FD1D
:1013A0000B4909680AF026FC0A490AF091FA054639
:1013B0000948214600680AF01DFC08490AF088FA2D
:1013C00029460AF01FFDB46170BD0000A80000208E
:1013D000340000200000C842300000200000C8C2D5
:1013E0000020401C0A28FCDB7047000070B51F4835
:1013F0000078042830D11E48008801282CD01D48D0
:101400000088012828D0042000F03CF91A4CE06044
:10141000052000F037F920610F2000F033F96061FA
:101420002369E26803EBC30101EB031102EB8105C1
:10143000C72101FB00511A44104491FBF0F0A06158
:10144000FFF774FF0D4C40B10D48007860B10020EB
:10145000FFF7BEFC0020206070BD0A482060BDE898
:1014600070400020FFF7B4BC6420F1E710000020BA
:101470003C0000203E000020A80100204C0000207D
:101480000E000020000096432DE9F0411348144659
:10149000104E8069104F64380AF04CFB05463946FF
:1014A00020460AF0A7FB044685F0004031460AF0CA
:1014B000A1FB21460AF0A6FC0446FFF737FF0128EE
:1014C00003D10748007800B900242046BDE8F04168
:1014D0000AF0F4BA00007042CDCC4C3EA8010020C6
:1014E0000E0000204FF4007000F0D6BF72B6FEE789
:1014F00070B53A4A3A4C0F231088E08023700146B9
:10150000267832F816508D4200D32946761CF5B263
:1015100025707B2DF4D3E18020812370257832F86B
:101520001560864200D830466D1CEDB225707B2DCB
:10153000F4D3208108442B49C0F34700087023707E
:10154000237832F81310814212D902EB43014D88FF
:1015500085420DD98D8885420AD9CD88854207D22A
:101560000D89854204D24989814201D2A37004E0E9
:101570005B1CD9B221707629E2D376216170CBB29F
:1015800032F81310814212D202EB43014D8885429A
:101590000DD28D8885420AD2CD88854207D90D8922
:1015A000854204D94989814201D9E37004E05B1E78
:1015B000D9B261700F29E2D8E078A1780A4D0844C9
:1015C000400828702179401A08F024FA5A2801DDD1
:1015D000207928702878207170BD0000081900203B
:1015E000A8010020910000209000002003788B5477
:1015F000114443784B7082788A70C078C870704705
:101600002DE9F0410AF0F3FB194C05461949A06297
:10161000206B884202DC1849884200D921632846A1
:10162000616B0AF0EFFBA1680AF0E4FA0646216B51
:10163000E0680AF0DFFA07466068294680F000405B
:101640000AF0D8FA39460AF0DDFB31460AF0DAFB37
:101650006563E062094801680948006805F044FADA
:10166000012801D100202063E06ABDE8F08100007C
:10167000A800002000007A4400007AC46C0000201A
:10168000700000203EB569460090072002900120BE
:1016900001900A4800F03EFA084800F0AFFC1E2115
:1016A000064800F00DFC054800F0B3FA800503D5AC
:1016B000024800F0B0FA84B220463EBD800300200C
:1016C0002DE9F05F044604F01DFD8349DFF80C822C
:1016D000DFF80C92DFF80CA2834D844F0860012CD8
:1016E0007ED04421D02002F01FFE04464321D020AA
:1016F00002F01AFE04EB00207D4C4621A083D0208E
:1017000002F012FE06464521D02002F00DFE06EB47
:10171000002020844821D02002F006FE0646472102
:10172000D02002F001FE06EB0020E0833C21D02017
:1017300002F0FAFD06463B21D02002F0F5FD06EB53
:101740000020E0823E21D02002F0EEFD06463D2141
:10175000D02002F0E9FD06EB002060824021D0207D
:1017600002F0E2FD06463F21D02002F0DDFD06EB4F
:10177000002006B2A682B4F91C0040420AF0DAF951
:10178000C8F80000304609F08CFC06468846B4F9DB
:10179000120009F086FC3246434606F073F8DFF883
:1017A00054B100225B4609F0E3FC534A534B09F065
:1017B000B5FA09F047FC2083B4F9140009F071FC74
:1017C00006468846B4F9160009F06BFC43463246DB
:1017D00006F058F800225B4609F0CAFC464A00E0D1
:1017E00028E0464B09F09AFA09F02CFC6083B4F922
:1017F0001C0009F056FCDFF808814FF066363246CF
:10180000434609F08BFA09F09BF98346B4F92000AE
:1018100009F047FC3246434609F080FA09F090F996
:1018200006463848DFF8E0800078022817D0032801
:1018300027D03BE004F094FB344C28683860B4F9BE
:1018400000000AF077F9C8F80000B4F904000AF0C3
:1018500071F9C9F800002E48B0F9040030E0B4F97D
:1018600018000AF067F9594602F0B6FF80F0004010
:101870002860B4F91A000AF05DF9314603F05AF80D
:1018800010E0B4F918000AF055F95946FFF74CFB7F
:1018900080F000402860B4F91A000AF04BF9314694
:1018A000FFF764FB80F00041C8F80010286838603A
:1018B000B4F91E000AF03EF9C9F80000B4F91400AA
:1018C0000AF038F9CAF800001249386809F08CFFAC
:1018D0003860BDE8F09F0000680000207400002020
:1018E000780000208C000020D8010020700000202B
:1018F0005001002000806640F1D4C853FB2109400C
:101900006666304008000020DC010020E001002075
:10191000E60100200000B0412DE9F05F8B4609F0A0
:10192000C0FB274C0022234609F022FC6FF0010582
:101930002A460AF00EFB234E0022334609F0EEF948
:10194000214F00223B4609F0E9F909F0F9F809F0C6
:101950001FFFDFF87880DFF878A04246534609F091
:1019600007FCDFF8709000224B4609F001FC09F0FB
:10197000E7F819490860584609F093FB002223460E
:1019800009F0F6FB2A460AF0E4FA0022334609F091
:10199000C5F900223B4609F0C1F909F0D1F809F078
:1019A000F7FE4246534609F0E3FB00224B4609F09E
:1019B000DFFB09F0C5F809490860BDE8F09F0000A9
:1019C0000000694000003E4000407F40F1D4C85311
:1019D000FB21094000C0504000020020040200200A
:1019E00010B5114800F00AFB0A210F4800F068FA10
:1019F0000D4800F010F980B209F06AFB4FF0663232
:101A00000A4B09F0B5FB0022094B09F0B1FB00229B
:101A1000084B09F0ADFB6FF00B020AF09AFABDE833
:101A2000104009F00FBB0000B003002066660A40BA
:101A30000000264000005940F8B5002504460095F6
:101A400090F82400012808D0012084F824002046C2
:101A5000FEF76EFE060002D053E00220F8BDA06A39
:101A600020F4885040F00200A062022000F0E0FE66
:101A700026490968B1FBF0F0400000E0401E0090EC
:101A80000028FBD12046FEF77FFE2068816841F0E8
:101A90000801816000F01AFE074608E000F016FE1B
:101AA000C01B0A2803D920688068000715D4206865
:101AB00080680007F2D42068816841F004018160E9
:101AC00000F004FE074612E000F000FEC01B0A28EA
:101AD0000DD920688068400709D5A06A20F002006F
:101AE00040F01000A06284F824500120F8BD206866
:101AF00080684007E8D4A06A20F0020040F00100AE
:101B0000A06284F824503046F8BD00009800002000
:101B100070470000F8B50024009490F82420254672
:101B2000012A12D0012280F824204A681F23072AA4
:101B30000DD20668776B521E02EB820293409F43E0
:101B40000B6893401F43776319E00220F8BD0668D5
:101B50000D2A0AD2376BD21F02EB820293409F43B9
:101B60000B6893401F43376309E0F76A0D3A02EBB5
:101B7000820293409F430B6893401F43F7620A68B9
:101B8000072306680A2A0AD3F7680A3A02EB4202D8
:101B900093409F438B6893401F43F76008E0376989
:101BA00002EB420293409F438B6893401F4337618F
:101BB0000A68102A01D0112A20D1124B02689A42D9
:101BC00017D193681B0219D4936843F40003936000
:101BD0000968102912D10C490C4A0968B1FBF2F1CD
:101BE00001EB8101490000E0491E00910029FBD171
:101BF00004E0816A41F020018162012480F82450D0
:101C00002046F8BD002401409800002040420F000B
:101C10007047806A70470068C06C704710B5044612
:101C200000684168890626D50168890723D5A16A1D
:101C3000C90603D4A16A41F40071A1628168C1F3AD
:101C40004241072910D1217B71B9416821F020015F
:101C50004160A06A20F48070A062A06AC00403D42E
:101C6000A06A40F00100A0622046FFF7D1FF216882
:101C70006FF0120008602068416809062ED50168DF
:101C800049072BD5A16AC90603D4A16A41F40051C2
:101C9000A1628168C1F30231072909D04168490571
:101CA00015D48168C1F34241072910D1217B71B954
:101CB000416821F080014160A06A20F48050A06258
:101CC000A06AC00503D4A06A40F00100A0622046CB
:101CD000FFF71EFF21686FF00C0008602068416864
:101CE00049060DD50068C0070AD0A06A40F48030CC
:101CF000A062204600F096F821686FF001000860AD
:101D000010BD00002DE9F04104004FF000057FD028
:101D1000A06A002628B9E66284F82460204600F014
:101D200083F82046FEF704FDA16AC90600D420B15D
:101D3000A06A40F01000A0626AE0A16A21F4885114
:101D400041F00201A162334923688B42E16904D169
:101D5000B1F5402F01D14FF40021277B4FF4807C57
:101D600041EA470261680A43A168614508D0012938
:101D700006D0002194F814E0BEF1010F02D00AE071
:101D80006146F7E7C7B1A76A47F02007A762E76A8D
:101D900047F00107E7625F6827F469470F435F6018
:101DA000236899681C4F394011439960A1686145C7
:101DB0000BD0012909D00CE0DFF860E0A7690EEB39
:101DC00047370F4347F40061E5E7218A0D05A5F584
:101DD00080152168CB6A23F470032B43CB62216802
:101DE00089680F4B1940914208D1E662A16A21F03F
:101DF000020141F00101A162BDE8F081A06A20F07A
:101E0000020040F01000A062E06A40F00100E062D1
:101E10000120F1E7003C0140FDF7E1FF00E0FFFF9A
:101E2000FE0E1FFF7047000010B586B00021009124
:101E30000191029103911E4C03681E4903221E4822
:101E4000A34211D18B6943F400738B618B6903F456
:101E5000007304938B6943F010038B61896901F06F
:101E600010010491012113E0144CA3421DD18B6990
:101E700043F480638B618B6903F4806304938B6903
:101E800043F010038B61896901F010010491022174
:101E9000CDE90012694600F00BFB0022114612202A
:101EA00000F094FC122000F084FC06B010BD00008D
:101EB00000240140001002400010014000280140B1
:101EC0002DE9F84300270D460446009700F0FEFB7D
:101ED000804620688168C90508D5A06A40F02000C6
:101EE000A06284F824700120BDE8F8834168C90528
:101EF00003D4C06A10F4700F2AD0022000F098FCBE
:101F00003B490968B1FBF0F62068036939490B4287
:101F10004FEA61014FEAA1121FD1C3684FEA611C69
:101F200013EA0C0F19D103690B4225D1C068104286
:101F300022D1142023E0681C0AD02DB100F0C6FB8A
:101F4000A0EB0800A84203D920680068800725D5C7
:101F5000206800688007EED52DE003690B4202D1AE
:101F6000C168114206D0026923490A4206D1C068FD
:101F7000084203D1542002E0292000E0FC2046431F
:101F8000009816E0681C11D02DB100F09FFBA0EB6B
:101F90000800A8420AD90098B04207D2A06A40F0CF
:101FA0000400A06284F8247003209DE70098401C80
:101FB0000090B042E6D321686FF012000860A06A7A
:101FC00040F40070A06220688068C0F34240072897
:101FD0000CD1207B50B9A06A20F48070A062A06A66
:101FE000C00403D4A06A40F00100A06200207BE797
:101FF00098000020244992244992240070B5044698
:1020000090F8240001280DD0012084F824002046F7
:10201000FEF7BAFB02004FF0000005D084F8240060
:10202000104670BD022070BDA16A40F201239943A1
:1020300041F48071A1621F4D23681F49AB4218D142
:102040000E6816F4702F14D0A66A46F48016A662A5
:102050000E68760505D5A66A26F4005646F4805625
:10206000A662A66AF6040AD5E66A26F00606E662C5
:1020700006E0A66A26F48016A6625E68E9E7E062DA
:1020800084F824006FF00200186020688368C3F3AE
:102090004243072B05D1A84208D1096811F4702FDB
:1020A00004D0816841F480118160B9E7816841F40E
:1020B000A001F9E7002801400424014010B590F880
:1020C00021100022022905D00421816380F82020FC
:1020D000012010BD01680B6823F00E030B6001683E
:1020E0000B6823F001030B6090F84030C46B0121B2
:1020F00001FA03F3636080F8211080F82020104675
:1021000010BD00002DE9F05F90F821100024022995
:1021100003D004218163012485E001680A6822F06C
:102120000E020A6001680A6822F001020A603F4E4E
:102130003E4FB215DFF8F4C0DFF8F090DFF8ECA006
:10214000DFF8E8B0DFF8E4E00168783F130115023A
:10215000ACF1640CA9F15009AAF13C0AABF1280BCF
:10216000AEF1140E4FF48018B14227D9B9420ED007
:10217000614512D049451DD0514518D0594518D058
:10218000714501D1424615E0294EB14201D10122EB
:1021900010E0274E1436B14201D110220AE0244E3D
:1021A0002836B14206D0224A3C32914201D11A4629
:1021B00000E02A461E49091F0A602BE0B94213D0ED
:1021C000614517D0494522D051451DD059451DD0F4
:1021D000714501D142461AE0B14202D14FF08072FE
:1021E00015E0134EB14201D1012210E0104E143619
:1021F000B14201D110220AE00D4E2836B14206D07C
:102200000B4A3C32914201D11A4600E02A46074966
:1022100080394A60012180F82110002180F82010C7
:10222000416B01B188472046BDE8F09F8000024025
:10223000080402402DE9F05FB0F5007F7ED18149AE
:10224000DFF80482814E08680025B0F5167F11DAA8
:10225000401C086098F800104046012907D13178E9
:10226000491CC9B231700A2901D1357005700021AD
:102270000846D3E0764C207800B30020207004207C
:1022800003F028FFDFF8CCA1D146CAF800000820EF
:1022900003F020FF704F4042386070480078FFF72D
:1022A0000FFA03F097F83968D9F80000FFF734FB0C
:1022B00098F800104046012902D009E00120DDE72E
:1022C0003178491CC9B231700A2901D135700570C5
:1022D00063480178491CC9B201700A2905D16149D6
:1022E000614A0D700121117005702078012810D10C
:1022F000FFF776FB6062A16A491CA162E26A642969
:102300001044E06205D190FBF1F158480160E562AC
:10231000A562574C2078072801D0082801D103F086
:10232000B5FE03F07FFF03F089F802F0C9FB02F06D
:1023300041FC02F0BDFCFFF759F800E080E0FEF739
:1023400063FD2078092806D102F09AF9207809283F
:1023500001D104F089F92078A046E8B35FF00000CD
:1023600002F096FB4348DFF810910168D9F80000AD
:10237000FEF7FEFC834654463968DAF8000004F0A4
:102380000DFE064698F800103C4805294CD004295B
:1023900050D0006804F02EFB0BEB060101EB000CA3
:1023A000DFF8DCB0DFF8DCA0081ACBF800C0DFF8FB
:1023B000D880CAF800005B465646424641F6F421F2
:1023C000604603F0D7FC1860424641F6F4213068BD
:1023D00003F0D0FCB84600E024E030602B483B68B6
:1023E0004E462268D9F80010006803F0CBFC284F55
:1023F00008B101203870D8F800202168306803F057
:1024000023FD00B13D7019480168306804F06CFB91
:10241000002815D1DAF80010DBF80000BDE8F05F05
:1024200003F016BF64209BE701681A480078FEF7A6
:102430002BFDB1E7026839682068FFF725F8ABE7A4
:10244000BDE8F09F840000201200002080000020E2
:1024500050010020580000205C00002008000020EF
:102460000000002088000020110000206C000020E7
:102470001000002074000020700000207800002070
:1024800060000020640000200CE5FFFF8C000020AD
:102490000200002090000020044910B50A680242A2
:1024A00002D00860FFF7C6FE10BD00001404014012
:1024B0002DE9F84FDFF8C891002409F1040A0AF168
:1024C000040B23460F270BF1040ED1E00125A54094
:1024D00006EA0502AA4276D1DFF8A8C14E68A6EB4B
:1024E0000C0866452BD00DDC032E34D005DC36B34A
:1024F000012E19D0022E2FD11BE0112E16D0122E34
:102500002AD119E0B8F5881F19D006DCB8F5803F4C
:1025100015D0B8F5801F1FD111E0B8F5001F0ED0FF
:10252000B8F5041F18D10AE0CB6815E0CB681B1D75
:1025300012E0CB6808330FE0CB680C330CE08B68FB
:102540002BB1012B4FF0080303D0456104E00423B5
:1025500002E0056100E00023FF2A01D8064601E001
:1025600000F104064FEA840501D9A5F12005D6F84B
:10257000008007FA05FC28EA0C0803FA05F548EA8A
:102580000508C6F800804D68ED0070D53E4DAE6977
:1025900046F00106AE61AD6924F0030605F00105C1
:1025A00000953A4D06EB050CDCF80850A607360FEF
:1025B00007FA06F825EA0805DFF8D480404503D17C
:1025C0004FF0000825E052E0DFF8C880404502D116
:1025D0004FF001081DE0DFF8C080404502D14FF008
:1025E000020816E0DFF8B480404502D14FF003083E
:1025F0000FE0DFF8AC80404502D14FF0040808E05E
:10260000DFF8A080404502D14FF0050801E04FF00F
:10261000060808FA06F848EA0508CCF808804D686C
:10262000D9F80060ED034D4601D5164300E096430E
:102630002E604D68DAF80060AD03554601D51643AB
:1026400000E096432E604D68DBF80060ED025D46C9
:1026500001D5164300E096432E604D68DEF8006019
:10266000AD02754601D5164300E096432E60641C0A
:102670000A681646E2407FF429AFBDE8F88F0000F3
:102680000004014000001110001002400000014051
:1026900000080140000C01400010014000140140FE
:1026A00000180140001C01408068084000D0012053
:1026B0007047C26821EA02030A4043EA024101610D
:1026C00070470AB1016170470904FBE7014880685F
:1026D00070470000740300200248816802781144AA
:1026E0008160704774030020074810B5016841F00D
:1026F00010010160032000F089F8032000F006F8C3
:1027000000F024F8002010BD0020024070B50D4DEF
:1027100004464FF47A712878B1FBF0F00A49096851
:10272000B1FBF0F000F0E0FB48B9102C07D200221A
:102730002146501E00F04AF800206C6070BD012058
:1027400070BD000074030020980000200E4808B5FA
:10275000816941F001018161816901F0010100910C
:10276000C16941F08051C161C06900F080500090A2
:10277000052000F04BF80548416821F0E06141F088
:102780000071416008BD00000010024000000140DF
:1027900000280DDB00F01F0201219140400980005C
:1027A00000F1E020C0F88011BFF34F8FBFF36F8FAF
:1027B0007047002809DB00F01F0201219140400909
:1027C000800000F1E020C0F800117047F0B40E4B1B
:1027D0001B680C46C3F30223C3F10705042D00D97F
:1027E0000425191D072901D2002300E0DB1E012664
:1027F00006FA05F1491E214099409E40761E16407A
:102800003143F0BC04F02DBD0CED00E0064900F0B2
:10281000070208684FF6FF03184040EA0220034A07
:1028200010430860704700000CED00E00000FA055E
:1028300010B52CA401461DCC86B08DE81D002DA03E
:102840002D4C00680490002004292FD00BDC0129B6
:102850002FD0022928D100F071F96168C1F38131CC
:10286000491C49001EE0082920D010291CD16168AC
:102870002268D20118D5C1F38342C9031DF80200B2
:1028800009D5616804AAC1F34041515C1B4AB2FBFF
:10289000F1F1484301E01A4948436168490203D411
:1028A00040000321B0FBF1F006B010BD00F056F976
:1028B000FAE7226AC2F30121012903D1920701D567
:1028C000C803F1E7022905D1626A920702D549F6E9
:1028D0004040E9E70329E7D121688903E4D54FF2B5
:1028E0002440E1E702030405060708090A0B0C0D62
:1028F0000E0F1010010200000010024000127A00BA
:1029000000093D002DE9F84305460078354CC00725
:1029100054D0E0690026C00008D4E06940F080503F
:10292000E061E069012600F0805000902E480168C7
:10293000C90512D40168804641F480710160FFF737
:10294000C5FE074605E000BFFFF7C0FEC01B6428B8
:1029500023D8D8F80000C005F6D5206A10F44070DE
:1029600021D0A98801F4407181421CD0206A1F49FE
:10297000012220F440700A6000220A602062C00731
:1029800011D0FFF7A3FE074641F2883808E000BFE8
:10299000FFF79CFEC11B414502D90320BDE8F88327
:1029A000206A8007F4D5206A696820F440700843E3
:1029B00020621EB1E06920F08050E0612878800735
:1029C00005D56068A96820F4404008436060287815
:1029D000C00605D56068696920F48000084360601E
:1029E0000020DBE70010024000700040400442423B
:1029F0002DE9F0470F46050061D0434E306800F0E6
:102A00000700B84209D2306820F007003843306030
:102A1000306800F00700B84251D128683B4C81076C
:102A200012D5400703D5606840F4E0606060287804
:102A3000000703D5606840F4605060606068A96872
:102A400020F0F000084360602878C00728D068684C
:102A5000012810D02168022810D0890700292EDA19
:102A6000616821F0030101436160FFF72FFE80469A
:102A700041F288390DE021688903EFE78901EDE72C
:102A8000FFF724FEA0EB0801494502D90320BDE869
:102A9000F0876068696800F00C00B0EB810FEFD13F
:102AA000306800F00700B8420BD9306820F007000A
:102AB00038433060306800F00700B84201D0012090
:102AC000E5E72878400705D56068E96820F4E0600C
:102AD000084360602878000706D56068296920F4FB
:102AE000605040EAC100606000F038F86168084A50
:102AF000C1F30311515CC8400649086006480068EC
:102B0000FFF704FE0020C2E7002002400010024050
:102B10002AC00008980000207803002004480549D6
:102B200000684968044AC1F30221515CC8407047FB
:102B300098000020001002403AC0000804480549EF
:102B400000684968044AC1F3C221515CC84070471B
:102B500098000020001002403AC0000812A185B081
:102B60000FC98DE80F0014A0144A00680490516842
:102B7000134801F00C03042B10D0082B0ED1C1F325
:102B80008343C9031DF803000AD5516804AAC1F3A1
:102B90004041515C0A4A5043B0FBF1F005B0704728
:102BA00008494843FAE7000002030405060708093C
:102BB0000A0B0C0D0E0F1010010200000010024055
:102BC00000127A0000093D002DE9F84F040070D092
:102BD0002078C04DC00749D06868C0F38100012843
:102BE00007D06868C0F38100022809D16868C00373
:102BF00006D52868800339D560680028E7D035E01D
:102C00006068B0F5803F0BD010B1B0F5A02F11D0A7
:102C1000286820F480302860286820F4802002E0B2
:102C2000286840F480302860606890B1FFF74EFD5E
:102C300006460AE0286840F480202860F0E700BFDC
:102C4000FFF744FD801B642873D828688003F7D5FC
:102C50000CE0FFF73BFD064605E000BFFFF736FD41
:102C6000801B6428F0D828688003F7D420789A4E17
:102C700080074FF001094FF0000839D5686810F05F
:102C80000C0F07D06868C0F38100022809D168687A
:102C9000C00306D42868800714D52069012808D10C
:102CA00010E02069B0B1C6F80090FFF70FFD0746AD
:102CB00005E00AE1FFF70AFDC01B0228C4D8286816
:102CC0008007F7D52868616920F0F80040EAC10064
:102CD00028600DE0C6F80080FFF7F8FC074604E026
:102CE000FFF7F4FCC01B022823D828688007F7D41C
:102CF000207800072CD57948A169D9B1C0F8009097
:102D0000FFF7E4FC074604E0FFF7E0FCC01B0228E5
:102D10000FD8686A8007F7D571484FF4FA510068F8
:102D2000B0FBF1F0009000BF0098411E0091FAD274
:102D30000EE080E0C0F80080FFF7C8FC074604E022
:102D4000FFF7C4FCC01B022875D8686A8007F7D457
:102D50002078400760D5E8690027C00008D4E869FA
:102D600040F08050E861E869012700F08050009051
:102D70005C480168C90513D40168834641F4807139
:102D80000160FFF7A3FC824606E000BFFFF79EFC50
:102D9000A0EB0A0064284ED8DBF80000C005F5D58A
:102DA000E06801280AD008B1052813D0286A20F06D
:102DB00001002862286A20F0040002E0286A40F03E
:102DC00001002862E06841F2883B98B1FFF77EFC81
:102DD00082460BE0286A40F004002862EEE700BF5C
:102DE000FFF774FCA0EB0A0159455AD8286A8007FE
:102DF000F6D50CE0FFF76AFC824605E0FFF766FCBB
:102E0000A0EB0A0159454CD8286A8007F6D41FB1B7
:102E1000E86920F08050E861E06988B36968C1F32F
:102E20008101022944D00228C6F8608004D0FFF74F
:102E30004DFC044638E034E0FFF748FC074604E068
:102E4000FFF744FCC01B02282BD828688001F7D468
:102E5000206AB0F5803F05D16868A16820F4003091
:102E600008436860D4E908010843696821F47411D3
:102E700008436860C6F86090FFF728FC044606E047
:102E800025E000BFFFF722FC001B022809D82868B4
:102E90008001F7D51BE000BFFFF718FC001B0228DC
:102EA00002D90320BDE8F88F28688001F4D40EE031
:102EB0000128F7D06868226A00F48031914204D179
:102EC000616A00F47010884201D00120EAE7002016
:102ED000E8E7000000100240000042428004424245
:102EE000980000200070004010B5401EB0F1807FB7
:102EF00001D3012010BD4FF0E02460610F21601765
:102F000004F0AFF90020A06107202061002010BD6F
:102F10007047704770B590F83C20012A2CD00124EE
:102F200080F83C40022280F83D2003685A689D6882
:102F300022F070060A6832435A60104B02689A42C7
:102F40000ED00F4B9A420BD0B2F1804F08D00D4BF0
:102F50009A4205D00C4B9A4202D00C4B9A4204D1B3
:102F6000496825F080031943916080F83D400021B5
:102F700080F83C10084670BD022070BD002C014056
:102F8000003401400004004000080040000C0040F4
:102F900090F83D10012901D001207047022180F8EE
:102FA0003D100168CA6842F00102CA6000680E491B
:102FB00088420ED00D4988420BD0B0F1804F08D026
:102FC0000B49884205D00B49884202D00A49884201
:102FD00004D1816801F00701062903D0016841F09E
:102FE0000101016000207047002C014000340140C5
:102FF0000004004000080040000C00402DE9F041B2
:103000000D46040003D094F83D0018B108E00120FB
:10301000BDE8F081002084F83C00204600F040F834
:10302000022084F83D002068816844F20702914341
:103030008160211D206803F085F9226890689169FC
:10304000166A2B68AF69034340F20330814341EABB
:103050000721A868EF6908434FF6FC418843E968F7
:1030600040EA0720014328692F6A000140EA07303F
:10307000084369686D6926F0220646EA051529436A
:1030800093602268906154F8460B0162012004F8B5
:103090001F09E0752076E0762077A0750020B7E75D
:1030A00000B585B000210091019102910391224B5E
:1030B00002682248C0219A421BD1C26942F0040230
:1030C000C261C26902F004020492826942F00802FD
:1030D00082618069009100F00800049069461848F8
:1030E000FFF7E6F9032201211E20FFF76FFB1E20E8
:1030F0001DE0144B9A421CD1826942F40052826155
:10310000826902F400520492826942F010028261E4
:103110008069009100F01000049069460A48FFF7AA
:10312000C7F9032201212C20FFF750FB2C20FFF7C9
:1031300040FB05B000BD0000000800400010024048
:10314000000C0140003401400010014070B590F8BF
:103150003E60044690F83F5090F8423090F843208B
:10316000022021B104290ED0012E1BD114E0012E22
:1031700018D1012B16D184F83E0084F842000122B8
:103180000021206820E0012D0CD1012A0AD184F809
:103190003F0084F8430014E0012D03D1012B01D13D
:1031A000012A01D0012070BD84F83E0084F83F0060
:1031B00084F8420084F8430001220021206803F0D3
:1031C00007F901220421206803F002F92068016850
:1031D00041F001010160002070BD00002DE9F047C1
:1031E00007464FF0804000696C4C00264FF0010903
:1031F000E068B0F5C86F06DD6948017819B980F854
:10320000009068480670684DAF427DD1387F022833
:1032100047D16088010677D4410641F2111840F287
:10322000444A1DD540F0800060800421284600F00B
:1032300030FCA0802868016A11EA080F07D1016AF2
:1032400011EA0A0F03D1016821F001010160286829
:10325000016A21F0A00101622868016A01621CE094
:10326000A680402060802868016A11EA080F07D113
:10327000016A11EA0A0F03D1016821F0010101601E
:10328000286846622868016A21F0A0010162286866
:10329000016A41F0200101622868016841F00101E2
:1032A0000160387F4FF4FA7A04283BD1DFF8FC80C4
:1032B0004FF0080198F8010000283B4813D000F0B7
:1032C000E8FBD8F80420801AA0602269801A00D593
:1032D0004042504519DD2078401CC0B220700528BE
:1032E00013D8A26012E000F0D4FBC8F804002968EB
:1032F0000A6A22F400720A6229680A6A42F40072B9
:103300000A6288F801900DE039E02670A06820611B
:103310002868026A22F4007202622868026A026265
:1033200088F80160387F082829D1204F4FF00C0120
:103330000C3F787800281C4812D000F0AAFB79686E
:10334000401AE0606169401A00D54042504518DDDE
:103350006078401CC0B26070052812D8E16011E0AE
:1033600000F097FB78602868016A21F4005101623F
:103370002868016A41F40051016287F80190BDE8B4
:10338000F0876670E06860612868016A21F4005186
:1033900001622868016A01627E70F0E73401002052
:1033A000480000201300002028040020FC18002002
:1033B0002DE9F041054690F83C000C46012836D036
:1033C000012085F83C008AB3042A42D02868082AE4
:1033D00051D0D4E90023E168066A26F480560662DB
:1033E000C669076A26F4407646EA03234FF6FF765D
:1033F00006EA013123F4704319434FF4005627F4D1
:10340000005306EA02321A43C16102622868C169A8
:1034100021F44061C1612868C169A26841EA0221C2
:10342000C161002085F83C00BDE8F08101E0022088
:10343000FAE7D4E90012E368286803F099F82868ED
:10344000816921F00C01816128688169A2681143BA
:103450000FE0D4E90012E368286803F0BFF8286899
:10346000816921F44061816128688169A26841EA2B
:1034700002218161D5E7D4E90027267B016A21F486
:1034800080710162C169036A21F00301394321F0AF
:10349000F00731074FF4007647EA116123F4007317
:1034A00006EA02221A43C16102622868C16921F05A
:1034B0000C01C1612868C169A2681143B0E710B569
:1034C000040003D094F83D0010B107E0012010BDC6
:1034D000002084F83C00204600F01EF8022084F80A
:1034E0003D00211D206802F02DFF012084F84600D8
:1034F00084F83E0084F83F0084F8400084F84100DE
:1035000084F8420084F8430084F8440084F84500BD
:1035100084F83D00002010BD00B585B00021009169
:10352000019102910391234B0268234923489A4257
:103530001BD18A6942F400628A618A6902F40062DE
:1035400004928A6942F004028A61896901F00401E7
:103550000491C11400916946FEF7AAFF00221146AA
:103560001920FFF733F919201FE0B2F1804F1ED167
:10357000CA6942F00102CA61CA6902F001020492FA
:103580008A6942F004028A61896901F004010491A8
:103590000E210091022102916946FEF789FF022265
:1035A00001211C20FFF712F91C20FFF702F905B0DA
:1035B00000BD0000002C0140001002400008014046
:1035C00010B5044651B104290DD0082910D094F843
:1035D000410094F84520012811D10EE094F83E00F6
:1035E00094F84220F7E794F83F0094F84320F2E77C
:1035F00094F8400094F84420EDE7012A01D001201E
:1036000010BD022051B1042911D0082918D084F826
:10361000410084F845000C291BD13CE084F83E00B1
:1036200084F842002068C26842F0020210E084F888
:103630003F0084F843002068C26842F0040207E0BB
:1036400084F8400084F844002068C26842F0080210
:10365000C2600122206802F0BBFE11492068884246
:103660000ED0104988420BD0B0F1804F08D00E49DF
:10367000884205D00D49884202D00D49884204D1C4
:10368000816801F00701062903D0016841F00101BA
:103690000160002010BD2068C26842F01002D7E728
:1036A000002C0140003401400004004000080040AC
:1036B000000C004070B50446006801694FF0000539
:1036C000C943890715D4C168C943890711D4E91EC4
:1036D000016101202077206880698007204602D0A0
:1036E000FFF77CFD04E000F0D1F8204600F074F90B
:1036F000257720680169C943490717D4C168C943C0
:10370000490713D46FF0040101610220207720687B
:10371000806910F4407F204602D0FFF75FFD04E08F
:1037200000F0B4F8204600F057F9257720680169C9
:10373000C943090716D4C168C943090712D46FF0F9
:1037400008010161042020772068C06980072046B5
:1037500002D0FFF743FD04E000F098F8204600F0A7
:103760003BF9257720680169C943C90617D4C168A8
:10377000C943C90613D46FF01001016108202077F6
:103780002068C06910F4407F204602D0FFF726FD74
:1037900004E000F07BF8204600F01EF92577206851
:1037A0000169C943C90708D1C168C943C90704D120
:1037B000891E0161204600F06BF920680169C94348
:1037C000090609D4C168C943090605D46FF0800110
:1037D00001612046FFF79CFB20680169C943490647
:1037E00009D4C168C943490605D46FF0400101619D
:1037F000204600F063F920680169C94389060BD4AB
:10380000C168C943890607D46FF0200101612046D1
:10381000BDE87040FFF77DBB70BD000030B585B0DE
:10382000002100910191029103910068134988429F
:1038300021D11348816941F004018161816901F05E
:1038400004010491816941F00801816180690225C8
:1038500000F008000490C020CDE90005032469466B
:1038600003940848FEF724FECDE900456946064862
:103870000394FEF71DFE05B030BD000000040040BB
:103880000010024000080140000C0140704770B574
:10389000044690F83C000D4601280AD0012084F827
:1038A0003C0042B1042A18D0082A2AD00C2A4DD153
:1038B00039E0022070BD206802F098FD206881691F
:1038C00041F0080181612068816921F00401816172
:1038D000206881692A69114311E0206802F0B6FD71
:1038E0002068816941F4006181612068816921F467
:1038F00080618161206881692A6941EA02218161D0
:1039000024E0206802F0D8FD2068C16941F0080178
:10391000C1612068C16921F00401C1612068C169E9
:103920002A69114311E0206802F0FAFD2068C1699C
:1039300041F40061C1612068C16921F48061C16105
:103940002068C1692A6941EA0221C161002084F826
:103950003C0070BD10B5040003D094F83D0010B1D8
:1039600007E0012010BD002084F83C00204600F054
:103970001FF8022084F83D00211D206802F0E2FCBF
:10398000012084F8460084F83E0084F83F0084F863
:10399000400084F8410084F8420084F8430084F831
:1039A000440084F8450084F83D00002010BD00006C
:1039B00008B500680649884208D10648C16941F047
:1039C0000201C161C06900F00200009008BD000062
:1039D00000040040001002407047000010B504468B
:1039E000022249B104290ED0082913D094F84100CD
:1039F000012816D0012010BD94F83E000128F9D10D
:103A000084F83E200FE094F83F000128F2D184F8BA
:103A10003F2008E094F840000128EBD184F84020D2
:103A200001E084F841200122206802F0D1FC134912
:103A30002068134A884201D0904203D1436C43F47A
:103A400000434364206888420DD090420BD0B0F10F
:103A5000804F08D00B49884205D00B49884202D0DC
:103A60000A49884204D1816801F00701062903D080
:103A7000016841F001010160002010BD002C0140EF
:103A8000003401400004004000080040000C0040E9
:103A900070470246002041B1042909D008290AD004
:103AA0000C2901D11068006C70471068406B70479A
:103AB0001068806B70471068C06B70477047704724
:103AC00070470000F8B5026804461068D168536971
:103AD00010F00F0F4FF0000553D003F0010601F472
:103AE000907737435FD0C20705D0CA0503D5226C53
:103AF00042F001022264420705D5DA0703D0226CA6
:103B000042F002022264820705D5DA0703D0226C54
:103B100042F004022264020707D501F0200232437A
:103B200003D0226C42F008022264226C002A34D0B6
:103B3000800604D5880602D5204603F02FF82068B9
:103B40004069216CC0F38010090700D430B32046CF
:103B500003F00CF82068416949061BD5416921F042
:103B600040014161A06BA8B158494163A06BFEF7C9
:103B7000C9FA002811D0A06B416B01B0BDE8F0403C
:103B8000084783060FD58B060DD52046BDE8F840C3
:103B900003F004B82046FFF793FFF8BD2046FFF777
:103BA0008FFF2564F8BD266B2023012E52D1C60657
:103BB00050D5CE064ED5106850680090506940062A
:103BC0002AD5A16B086840680004000CEAD0A68DD5
:103BD0008642E7D9E0858869202818D0D06820F48B
:103BE0008070D0602068416921F001014161206846
:103BF000416921F04001416184F83E30256320682D
:103C0000C16821F01001C160A06BFEF757FAA08DCA
:103C1000E18D401A81B219E0A08DE18D401A81B288
:103C2000E08D0028BED00029BCD0D06820F4907070
:103C3000D0602068426922F00102426184F83E307F
:103C400025632068C26822F01002C2602046FFF798
:103C500036FFF8BD05062BD50D0629D594F83D0095
:103C60002128F6D1A068B0F5805F01D12069B0B1FC
:103C7000206A411C2162216800784860E08C401E67
:103C80000004000CE084E4D12068C16821F08001C8
:103C9000C1602068C16841F04001C160F8BD206A80
:103CA0000088C0F308005060206A801C2062E5E7AD
:103CB0004006F3D54806F1D5D168204621F04001F1
:103CC000D16084F83D3000F02DFBF8BD5D6B00083D
:103CD00070B5040004D094F83D00002510B106E052
:103CE000012070BD84F83C50204600F023F82420C9
:103CF00084F83D002068C16821F40051C16020466D
:103D000002F0A8FF2068016921F490410161206858
:103D1000416921F02A0141612068C16841F40051E4
:103D2000C1602564202084F83D0084F83E00002016
:103D300070BD000070B586B0002400940194029418
:103D40000394474D0368474802210322AB422ED11A
:103D5000C36943F48013C361C36903F480130493FC
:103D6000836943F010038361836903F010030493B4
:103D7000836943F0200383618069039200F020008F
:103D80000490C802CDE9000169463748FEF790FB70
:103D90000420CDE90004694634480294FEF788FB0C
:103DA000012211463520FEF711FD352029E0304E65
:103DB0003515B34229D1836943F480438361836914
:103DC00003F480430493836943F0040383618069AF
:103DD000284E00F0040004906810CDE90001039221
:103DE00069463046FEF764FBCDE90054694630462B
:103DF0000294FEF75DFB012211462520FEF7E6FC4A
:103E00002520FEF7D6FC06B070BD1B4EB342FAD19A
:103E1000C36943F48023C361C36903F4802304931B
:103E2000836943F0080383618069CDE9005100F0A4
:103E30000800CDE90320114D69462846FEF738FBFE
:103E4000E814CDE90004694628460294FEF730FBE9
:103E5000012211462720FEF7B9FC2720D1E70000F8
:103E600000500040001002400010014000140140CA
:103E7000003801400008014000480040000C0140AB
:103E800090F83E30202B0ED159B152B190F83C3011
:103E9000012B08D0012380F83C300023036302F09B
:103EA00035BF012070470220704700002DE9F05F08
:103EB0000068F74A0121F74D00244FF0020A9042B2
:103EC00078D105F10900F44E0078E860A872AB469D
:103ED000B6F800C0DFF8C493F14AF24BF24DF34F4D
:103EE000592818D0804658281CD0C4460A2823DDFB
:103EF0005A2839D0412849D045283AD042283CD0C8
:103F000043283AD0442838D046283BD0472839D0D7
:103F1000482837D00CE0ACF1640CA6F800C0A9F832
:103F200000A005E00CF1640CA6F800C0A9F8001090
:103F300014801C802C803C8084460A282CDAA9F846
:103F40000010B0F1000C0FD001281FD0052810D0B0
:103F500002281DD003281BD0042819D006282AD0F7
:103F6000072828D0082826D014801C8003E03C8035
:103F700012E0148019802C80F9E714801C802C80BA
:103F80003980D9E714801C802980D4E71180ECE7C0
:103F900014801C802C803980BE4AC54B5D46527807
:103FA0007B280CD07D2811D02F78012F08D0022F2C
:103FB0000ED074E078E014801C802980D7E7297047
:103FC00003F802C0521C8BF8012068E085F800A0BD
:103FD000D878502805D05878232858D0AA709A4607
:103FE00029E0B448017052E06978081A07F059F8DE
:103FF00002460B460020B04906F000F80746A878B4
:1040000088468146504410F8010C303807F049F8D2
:104010003A46434607F0ACF880460F46286907F059
:10402000B7FB42463B4606F0BDFD06F089FD286120
:10403000A9F10100A870A8780428D5D29AF8010047
:104040003038092823D2DFE800F0050A0D101316D6
:10405000191C1F00286907F04DFD308017E09749B3
:10406000286913E09649286910E0964928690DE00F
:10407000954928690AE09549286907E09449286923
:1040800004E09449286901E09349286908602C708C
:104090006C70AC70322186482C61FCF7D1F97D49F7
:1040A000012209318D48EDE08D4A4FF0060E904215
:1040B0006FD1DFF8E0C177480CF10B069CF80420C3
:1040C0009CF805B0EF78874B0B3036780BEB4B0C38
:1040D0000CEB03090078164407F1010CF6B20CF062
:1040E000FF0C3A2F6DD2DFE807F01D232A34373C4E
:1040F0004043464B43464B43464B43464B43464B5C
:1041000043464B43464B43464B43464B43464B4348
:10411000464B43464B43464B43464B43464B434635
:104120004B55595EA5280CD11870E970A5320EE0E8
:104130005A2806D1587085F803A05A3207E03A2869
:1041400001D0EC703CE098700320E8703A322A719C
:1041500037E0D870042024E01871052021E02E718A
:104160002FE0587185F803E0F9E79871072018E00F
:1041700089F8070001E089F8080085F803C0EEE738
:1041800089F8090085F803C02E710BF101006871F0
:1041900017E01BE083F83700382002E083F838008E
:1041A0003920E870DBE783F83900EC706C719042DD
:1041B00002D103F035FC03E03A214A48FCF71EF92E
:1041C0002C71344901220B3147485BE04749884252
:1041D0005CD13048464AC01D354E0178297282F8BC
:1041E00000E0A87964367B29315400D028B1401C06
:1041F000C0B2A8710B2802D040E0AC713EE0AC71B7
:10420000B07A7D283AD100210920FCF767FE717A47
:10421000884233D13179F07803F00AF835490860E3
:10422000317AF07903F004F8334907F051FB334950
:1042300007F0E0FC4FF0FF3107F0B9FE07F0A8FAF5
:1042400000222F4B06F06AFD022207F082FE0022B8
:104250002C4B06F08DFF00222B4B06F089FF2B4ADA
:104260002B4B06F05BFD4FF066322A4B06F080FFC9
:1042700006F066FC284908602848047005490122B8
:104280002748C91DBDE8F05FFFF7FABDBDE8F09F04
:1042900000480040200100200C0000200A000020FF
:1042A000380000203A0000203C0000203E000020A2
:1042B0006C18002049000020000024401800002055
:1042C0001C000020200000202400002028000020E6
:1042D0002C0000203000002034000020D0050020F9
:1042E000005000401C0D002048050020003801400F
:1042F000100000204C00002000007A44000020C381
:104300000000694000003E4000407F40D3DEE00BEB
:10431000934F6A406666164050000020010000205E
:104320008C0500207047FEE770B50D46044600F08E
:10433000C1F8204600F08EF800F004F9284600F09D
:1043400089F800F0FFF800F0B5F8641CE0B200F066
:1043500081F800F0F7F8002000F046F8044600F07D
:10436000D1F8204670BD000070B50D4C0025C4F892
:10437000B8510C48016821F070410160016841F0BA
:1043800040510160C4F8BC51012004F5DC7403F015
:1043900031FD0120206003F02DFD256070BD00007F
:1043A00000802142040C014070B50D4C0025C4F87A
:1043B000B8510C48016821F070410160016841F07A
:1043C000405101600126C4F8BC61304604F5DC743C
:1043D00003F010FD2660012003F00CFD256070BD88
:1043E00000802142040C01402DE9F0478146174826
:1043F0000024016821F070410160016841F0004132
:104400000160134E254627464FF00108C6F8B871E3
:10441000022003F0EFFCC6F8B8816006040ED6F85F
:104420003C0108B1641CE4B2022003F0E3FC6D1C03
:10443000EDB2082DEAD3B9F1000F02D0FFF794FFD7
:1044400001E0FFF7B1FF2046BDE8F087040C014012
:10445000008021422DE9F04106461448016821F010
:1044600070410160016841F040510160104C00272B
:10447000C4F8B8713D464FF00108F009C4F8BC011A
:104480007006060E012003F0B5FCC4F8B8810120C7
:1044900003F0B0FCC4F8B871012003F0ABFC6D1C54
:1044A000EDB2082DE9D3BDE8F0810000040C014015
:1044B0000080214270B51148016821F0704101600F
:1044C000016841F0405101600D4C0120C4F8BC016D
:1044D000D4F83C1149B1C4F8B80103F08BFC0025B5
:1044E000C4F8BC51D4F83C0108B1002070BD0120D3
:1044F00003F080FCC4F8B851012070BD040C0140E9
:10450000008021420D4810B5016821F07041016022
:10451000016841F040510160094C0020C4F8B80125
:10452000C4F8BC01012004F5DC7403F063FC012035
:1045300020606060BDE8104003F05CBC040C0140EA
:104540000080214270B513480024016821F07041B9
:104550000160016841F0004101600F4D0126C5F87E
:10456000BC61304603F046FCC5F8B86107E0641C46
:10457000E4B2322C03D9FFF7C5FF002070BD012043
:1045800003F038FCD5F83C010028F0D1C5F8B8019B
:10459000012070BD040C01400080214210B514467A
:1045A000FFF7C2FE2070012010BDF8B515461C466D
:1045B0000E4607466A46FFF7F1FF01209DF80010FE
:1045C000A8400CB1084301E021EA0000C2B28DF816
:1045D00000203146384600F02BF8F8BD2DE9F843AD
:1045E00014461D460F4680466A46089EFFF7D6FFD2
:1045F00000281BD0611CFF20C4F1080200FA01F161
:104600002A44521ED0400143C5F108008640F2B250
:10461000C4F10700C2409DF80000084010438DF827
:104620000000C2B23946404600F002F8BDE8F88307
:1046300007B502AB012200F001F80EBD2DE9F041F3
:104640001E461546884607460024FFF733FF3846C6
:10465000FFF700FFFFF776FF4046FFF7FBFEFFF78F
:1046600071FF06E0305DFFF7F5FEFFF76BFF641C9E
:10467000E4B2AC42F6D3FFF745FF0120BDE8F0817C
:104680002DE9F041474C4848A16CD0F8202147481B
:10469000D0F8203142EAC305D0F81021D0F8240127
:1046A000920042EA400005432646A570D6E9020280
:1046B000766982F00043102D2ED2DFE805F016084F
:1046C0002D082D2D2D0D0A162D110A130F18014638
:1046D00023E080F0004120E0114620E019461EE072
:1046E00031461CE086F0004119E0002117E02D481A
:1046F000266D00690B2E06D00D2E06D0072E07D092
:104700000E2E07D00CE001460AE080F0004107E0E1
:10471000114605E0194603E000210F2D00D0256564
:10472000206C02F05FF820642846E66B02F0E6F8A1
:104730000F2811D2DFE800F00E0C100C1010100E34
:104740000C08100A0C0A0E00A56906E0E56904E0F1
:10475000256A02E0656A00E0A56A3046294607F04E
:1047600015FA0DD229463046E76A07F040FB394674
:1047700007F00CFA0DD93946304607F035F80EE04F
:1047800029463046276B07F03DFB394607F0FEF916
:1047900001D8284603E03946304607F033FBE06392
:1047A000BDE8F081B80200200080214200002242D2
:1047B00041060748826942F0010282610548426869
:1047C00022F0E062426042680A43426070470000A3
:1047D00000100240000001402DE9F34F524D8DB012
:1047E0000846E9684F4E089107F00CFB29680091D4
:1047F00007F000FAA96806F0F7FF05F164040690D7
:1048000067683046394607F0FDFAD4F80890494603
:1048100007F0F8FA45490860E268904682F00046E1
:10482000434A4E60C1E90262009907F0E3F921684A
:1048300006F0DAFF83463046009907F0DBF90646BA
:10484000394606F0D1FF82463046494606F0CCFF95
:1048500081463748009907F0CDF9414606F0C4FF7C
:10486000804606990D9807F0CDFA039059464FF00F
:104870007E5007F0BFF9064649464FF07E5007F0DC
:10488000B9F9049031464FF07E5007F0B3F94FF07C
:104890007C5106F0A9FF07460146304607F018F89C
:1048A00001903946049807F013F8009051464FF0F4
:1048B0007E5007F09FF907463146019807F09AF9B4
:1048C000594607F094FA20603946019807F092F9AA
:1048D000514607F08CFA60603146009807F08AF97B
:1048E000494607F084FAA0603946009807F082F93B
:1048F000414607F07CFAE0600399019807F07AF9E5
:10490000069906F071FFA86004460399009807F025
:1049100071F9089906F068FFE8600FB02046BDE81D
:10492000F08F00006F12833A34020020081A002032
:10493000A69B443B2DE9F34F524D8DB00846E96BE1
:104940004F4E089107F05EFA2968009107F052F97E
:10495000A96B06F049FF05F17404069067683046BC
:10496000394607F04FFAD4F80890494607F04AFA5A
:1049700045490860E268904682F00046434A4E602E
:10498000C1E90262009907F035F9216806F02CFFB1
:1049900083463046009907F02DF90646394606F061
:1049A00023FF82463046494606F01EFF81463748BF
:1049B000009907F01FF9414606F016FF8046069958
:1049C0000D9807F01FFA039059464FF07E5007F0FC
:1049D00011F9064649464FF07E5007F00BF9049056
:1049E00031464FF07E5007F005F94FF07C5106F04C
:1049F000FBFE07460146304606F06AFF0190394645
:104A0000049806F065FF009051464FF07E5007F085
:104A1000F1F807463146019807F0ECF8594607F0DF
:104A2000E6F920603946019807F0E4F8514607F0AE
:104A3000DEF960603146009807F0DCF8494607F07F
:104A4000D6F9A0603946009807F0D4F8414607F03F
:104A5000CEF9E0600399019807F0CCF8069906F0CA
:104A6000C3FEA86304460399009807F0C3F80899A9
:104A700006F0BAFEE8630FB02046BDE8F08F0000F4
:104A80006F12833A34020020181A0020A69B443B80
:104A9000094A68B109490B685B1C0B60834206D167
:104AA000D2F88801C043C2F888010020086070472E
:104AB0000120C2F88801704700002242A4000020B3
:104AC0002DE9F05F2C48002635460078374601284E
:104AD00049D12A480088012845D029480088012862
:104AE00041D0DFF8A0A0DFF8A0B0DFF8A09000244C
:104AF00009EBC400406800EB0A035B4521D339F899
:104B00003480A8F10101B1F5957F1AD8204A761CAE
:104B10002049F6B2C2F80080884204DD1E4907F041
:104B200071F9294605E017494942884204DA0146ED
:104B3000284606F059FE0546B8F1960F01D27F1CB3
:104B4000FFB2641CE4B2E12CD2D314480021144A11
:104B5000082E01D2134B04E005D911600A2F04D9A5
:104B6000114B13600160BDE8F09FB5F5000F01DB4C
:104B70000E49F7E70E49F5E7100000203C00002041
:104B80003E0000200000B8BD01005301580D002078
:104B90007C00002000009B430000B4435000002034
:104BA0004C00002000004843000048C3000048C4F7
:104BB000000048442DE9F0412F4800264FF6FF75CC
:104BC0000078374640F2DC5C02284DD12B48008843
:104BD000012849D02A480088012845D0294C2A4B71
:104BE000DFF8A880206D002133F831205AB16245EA
:104BF00009D2761CF6B2AA4205D203EBC1001546D3
:104C00004068C8F80020491CC9B2E129ECD320490A
:104C10002065884203DD1F4907F0F4F820658046CF
:104C2000616D07F0EFF81C49884202DC1B4988429D
:104C300001D93B2F01D1C4F85480DFF86480194FAB
:104C4000052E13D9284606F08DFF174900F09AF873
:104C500038600021206DFCF7D3FCC8F80000134831
:104C60003968814200DD3860BDE8F081002038609D
:104C7000C8F80000F8E70000100000203C00002009
:104C80003E00002050010020580D00207C00002034
:104C9000000034430000B44300005041000050C104
:104CA000500000204C0000200000964300001644F5
:104CB0002DE9F047274A2849D08909780446032975
:104CC00046D126490988012942D025490988012968
:104CD0003ED0254B2349254F1960DFF894C0254B62
:104CE000254D00214FF4FA7905EBC10676683E4464
:104CF00066451DD2B3F80080C84510D235F83100A2
:104D000008F1010800F1C80616821FFA88F6A6F518
:104D100080781E80B8F1F30801D1A3F8009035F82F
:104D20003160B2F81080464502D23446134E3460EA
:104D3000491CC9B2E129D7D3D08106F013FF05463B
:104D4000204606F00FFF2946FCF722FB0C490860BD
:104D5000BDE8F08750010020100000203C0000203A
:104D60003E000020000048434C000020FFFF71BDC2
:104D7000FFFF050054000020580D00207C0000209B
:104D8000500000202DE9F04107F031F80C4E0546A7
:104D9000716A07F037F806F0FBFC07460C46284618
:104DA00006F0F6FC0022074B06F0E2F93A462346ED
:104DB00006F004FC05F0C4FE7562BDE8F081000059
:104DC000A80000200000F8BF10B5022000F011F884
:104DD000032000F020F8002000F014F8002000F07C
:104DE0002FF8002000F026F8BDE81040002000F069
:104DF0001BB808B50323009002226B21D020FFF7D7
:104E0000EDFB08BD08B50223009004221C21D02030
:104E1000FFF7E4FB08BD08B50223009004221B2124
:104E2000D020FFF7DBFB08BD034601223721D0204D
:104E3000FFF7BBBB034605226A21D020FFF7B5BBB5
:104E4000034606226B21D020FFF7AFBB3EB50024FE
:104E500011480094019402940E4984600160047327
:104E60000475012505614FF460214460C161FCF7C0
:104E700049FF08B1FCF73AFB0A20CDE90005694675
:104E800002940548FCF746FE002801D0FCF72EFBF3
:104E90003EBD000000240140800300203EB50024F8
:104EA00012480094019402940F49846001600473D5
:104EB0000475012505614FF460214460C161FCF770
:104EC00021FF08B1FCF712FB0B20CDE90005694674
:104ED00002940648FCF71EFE08B1FCF707FB0348E6
:104EE000FCF7AAFD3EBD000000280140B0030020F1
:104EF0002DE9F04786B000244848009401940294BC
:104F00000394816941F010018161816901F0100110
:104F10000491816941F020018161816901F02001E2
:104F20000491816941F004018161816901F004010A
:104F30000491816941F0080181618069DFF8E080B6
:104F400000F008000490012244F210314046FDF7C1
:104F5000B8FB002248F20C014046FDF7B2FBDFF837
:104F6000C4A000224FF440415046FDF7AAFBDFF8F1
:104F7000B8904FF40047002239464846FDF7A1FBA0
:104F8000012238215046FDF79CFBB810CDE9000402
:104F9000694640460294FDF78BFA4CF21C3001251D
:104FA0000226CDE90005CDE9024669464046FDF7F7
:104FB0007FFACDE90054694648460294FDF778FA35
:104FC0004CF23800CDE90005CDE90246694650466D
:104FD000FDF76EFA00970396CDE9015469464846FD
:104FE000FDF766FA28028DE8310069465046FDF764
:104FF0005FFA680200900D48CDE901056946504608
:10500000FDF756FA012202211720FDF7DFFB1720DA
:10501000FDF7BEFB06B0BDE8F087000000100240BF
:1050200000100140000C0140000801400000211068
:1050300010B586B000241948059404940094019496
:1050400002941549039401604721C0E9011442F21A
:105050000F71C0E903148021C0E90541FEF72FFA62
:1050600008B1FCF743FA049404A90C480594FDF731
:1050700051FF08B1FCF73AFA0120CDE90040029453
:105080000C22694605480394FEF792F9002801D0E6
:10509000FCF72CFA06B010BD002C0140E003002004
:1050A00010B586B000242748059404940094019418
:1050B00002944FF08041039401604721C0E901143C
:1050C0004FF6FF71C0E9031480218161FEF7F7F903
:1050D00008B1FCF70BFA049404A91A480594FDF7EB
:1050E00019FF08B1FCF702FA0120CDE90040029453
:1050F0000422694613480394FEF75AF908B1FCF7F5
:10510000F5F9082269460F48FEF752F908B1FCF795
:10511000EDF90C2269460B48FEF74AF908B1FCF795
:10512000E5F904210748FEF74BFA08210548FEF788
:1051300047FA0C210348FEF743FA0248FDF728FF1F
:1051400006B010BD2804002010B58AB000240794D2
:105150001C2168460894FBF773F92A482849C0E9DE
:10516000001441F61F41C0E90241802104618161C0
:10517000FEF7F0FB08B1FCF7B9F9079407A921483D
:105180000894FDF7C7FE08B1FCF7B0F96020CDE93F
:1051900000040294002269461A480494FEF777FB43
:1051A00008B1FCF7A3F9042269461648FEF76FFB25
:1051B00008B1FCF79BF9082269461248FEF767FB25
:1051C00008B1FCF793F90C2269460E48FEF75FFB25
:1051D00008B1FCF78BF900210A48FEF7FFFB042118
:1051E0000848FEF7FBFB08210648FEF7F7FB0C21F9
:1051F0000448FEF7F3FB0348FEF710FB0AB010BDAE
:10520000000400407004002010B58CB024216846D2
:10521000FBF716F900241A48099418490A94C0E9C2
:1052200000144FF6FF71C0E90241802104618161E1
:105230000320CDE900040120CDE902040A210491F4
:10524000CDE90540CDE9074169460D48FDF7D6FE99
:1052500008B1FCF74BF9099409A909480A94FDF72C
:1052600059FE08B1FCF742F900210548FDF76EFF31
:1052700004210348FDF76AFF0CB010BD0008004090
:10528000B804002010B58CB024216846FBF7D8F88C
:1052900000241B48099419490A94C0E900144FF6E8
:1052A000FF71C0E9024180210461C0E9054103208A
:1052B000CDE900040120CDE902040A210491CDE9E1
:1052C0000540CDE9074169460D48FDF797FE08B155
:1052D000FCF70CF9099409A909480A94FDF71AFE8C
:1052E00008B1FCF703F900210548FDF72FFF042161
:1052F0000348FDF72BFF0CB010BD00000034014047
:10530000000500200E4810B50C4901604FF46131D2
:105310004160002181600C22C160C0E904128161FA
:10532000C161FEF7D5FC08B1FCF7E0F8BDE810401C
:10533000012204490248FEF7A3BD000000500040CE
:10534000480500202B0100200E4810B50C490160D3
:105350004FF4E1314160002181600C22C160C0E95D
:1053600004128161C161FEF7B3FC08B1FCF7BEF81D
:10537000BDE81040012204490248FEF781BD00004B
:10538000003801408C050020270100200E4810B590
:105390000C4901604FF416514160002181600C22DC
:1053A000C160C0E904128161C161FEF791FC08B1DE
:1053B000FCF79CF8BDE81040012204490248FEF7C2
:1053C0005FBD000000480040D005002029010020FA
:1053D000FEE7000010B501F07FFD1349012816D04B
:1053E000022817D0032814D10878042801D00528F2
:1053F0000FD10E490878A8B100200870002808D104
:10540000BDE810404FF4A0710948FBF719B8092016
:10541000087010BD0748017811B10021017010BD5E
:105420000121FBE70120E8E7100000201400002024
:10543000140600200F000020FEE700000C48007852
:10544000002814D10B4A0C4932F83030401CC0B24D
:105450000B60E128F8D309480078012805D00848F6
:105460000078012803D100F07DBE00F02FBB70470B
:1054700010000020580D00207C00002013000020A8
:105480004800002010B40021084B0A465FF00000DD
:1054900003EBC004401CC0B262548028F8D3491CFE
:1054A000C9B20829F2D310BC00F0B0B860140020D3
:1054B00010B57F2816D83F2914D80723A3EBD103B2
:1054C00001F00701C1F107040121A140064CDBB244
:1054D00004EBC000002AC25CC9B201D00A4300E05C
:1054E0008A43C25410BD0000601400202DE9F04131
:1054F00016460D4607460024FFF7DAFF32462946D6
:105500003846FFF7D5FF2819C1B232463846FFF7B3
:10551000CFFF641CE4B2082CF5D3BDE8F081000095
:1055200010B5394C0020C4F89001642004F5C8740B
:1055300002F046FC012020600021AE2000F04AF974
:105540000021D52000F046F90021502000F042F95A
:105550000021A82000F03EF900213F2000F03AF998
:105560000021D32000F036F90021084600F032F97E
:105570000021402000F02EF900218D2000F02AF9B2
:105580000021142000F026F90021202000F022F94B
:105590000021022000F01EF90021A12000F01AF9DC
:1055A0000021C02000F016F90021DA2000F012F9E5
:1055B0000021122000F00EF90021812000F00AF9EC
:1055C0000021EF2000F006F90021D92000F002F9B7
:1055D0000021F12000F0FEF80021DB2000F0FAF8B5
:1055E0000021302000F0F6F80021A42000F0F2F8AD
:1055F0000021A62000F0EEF80021AF2000F0EAF82C
:10560000BDE81040FFF73EBF0080214270B5114E4B
:10561000002400BF04F1B000C0B2002100F0DAF8AD
:105620000021084600F0D6F80021102000F0D2F842
:105630005FF0000506EBC5000121005D00F0CAF82F
:105640006D1CEDB2802DF5D3641CE4B2082CE1D3BF
:1056500070BD0000601400202DE9FF4F203A1F4666
:105660000C46894602F0FF0A0025DDF834B032E02E
:105670000C2F09D01A4901EB0A104FF00008465DC3
:10568000300607D55A4609E016490AEB4A0001EBF5
:105690008000F2E7BBF1000F12D0002221460098F3
:1056A000FFF706FF7006641C060EE4B2A4EB0900C7
:1056B000B84207D100984C46401CC0B2009008E0A8
:1056C0000122EBE708F1010000F0FF08B8F1080F34
:1056D000D6D36D1CEDB2BD42CAD3BDE8FF8F00002A
:1056E000B6C4000842C000082DE9FF4F81B0002673
:1056F000DDF838A01D469346814634464FF0010838
:105700004FEA5A0727E0281B401EC1B20A2004F0C6
:1057100086F9BBFBF0F00A21B0FBF1F201FB1200AD
:1057200026B9691E8C4201DA48B101263030C2B276
:1057300007FB0490C0B25346CDF8008006E007FB9B
:105740000490C0B253462022CDF800800299FFF7A2
:1057500083FF641CE4B2AC42D5D305B0BDE8F08F42
:10576000F8B516460D460446012714E07A2C02D9F6
:1057700000241035EDB23A2D03D900242546FFF759
:1057800081FE009732780C2329462046FFF764FFFC
:105790000834E4B2761C30780028E7D1F8BD000068
:1057A00070B50A4D0A4E002435F81400317888424D
:1057B00001D2012200E0002200212046FFF796FEE0
:1057C000641CE4B2802CEFD370BD000008190020E7
:1057D0009100002070B500250E4A012311B1C2F8D6
:1057E0008C3101E0C2F88C510B4C0021C4F8B85147
:1057F000060602D5C2F8943101E0C2F89451C4F80B
:10580000B8314006491C000EC9B20829EED3C2F8CF
:105810008C3170BD008021420000224200220260D3
:105820004260002902D000BF4FF0010101724272B4
:105830008272C27202734273827302D04FF001010E
:1058400001E04FF00001C1737047002901D04FF013
:10585000010101724FF000018172C1720173417345
:10586000817302D04FF0010101E04FF00001C173DC
:1058700070472DE9F05F83460C4610685168154665
:105880008146884200DA08464FF448720021FBF74F
:1058900043FBDC2148434FF47A7190FBF1F04FF465
:1058A000B472C821C830FBF737FB81B201F1B400F4
:1058B00061F30F0780B260F31F47BA4601F150024F
:1058C00097B20022237A62F30F26D3B1D5F80CC029
:1058D000D4F800800123C4454FD0C4F800C095F827
:1058E00010C0BCF1000F41D0D5F808C0C4F804C006
:1058F0006372D5F808C08C4512D86273A77A2FB1AD
:1059000023E0286862F30706E27382E0277B032F17
:1059100004D27F1CFFB22773032F16D3A37214E0A7
:10592000227394F80AC0BCF1000F0ED0D5F808C05D
:10593000BC4509D3677B032F04D27F1CFFB267737A
:10594000032F02D3A27200E06273E77AAFB1AF68AF
:105950008F4209D9A77B022F04D27F1CFFB2A77305
:10596000022F0AD3E27208E0A27306E02273627388
:10597000A2736F7C032F00D3E372A77A0FB10327C2
:1059800017E0E77A0FB1042713E02F7C0FB1AF685F
:1059900000E0676894F80CC0BCF1000F06D194F8E1
:1059A00009C0BCF1000F03D0B84201D9022700E0C2
:1059B0000127286867F30706002822DD032F04D09B
:1059C000042F04D0022F04D022E010461BE06422F2
:1059D00007E02A7C0AB1AA6800E06268914202D31B
:1059E000502200210AE0511A4143B42291FBF2F304
:1059F000502B00DA5023024600211846FBF78CFAA0
:105A000006E0032F04D1E17B032901D063F30F26C5
:105A1000E773CBF808A0CBE90090CBF80C60BDE8A9
:105A2000F09F00000020044902460A54401CC0B206
:105A30000928FAD370470000601800202DE9F84FBC
:105A400001248246ADF800401D4800254570ADF8A0
:105A500000401C4E1C4F81464FF6FF7826E000BFE9
:105A6000BDF8001011EA0A0F02D0C6F8A44101E007
:105A7000C6F8A451C6F8A041052002F0BBF9C6F84B
:105A8000A051052002F0B6F9C6F8A041D7F82001D0
:105A900030B199F80110BDF80020114389F80110C8
:105AA000BDF8000008EA4000ADF80000BDF80000B5
:105AB000FF28D5D9BDE8F84F102002F09BB90000AF
:105AC0006018002000002242008021422DE9F05F92
:105AD000DFF81481D8F81410D8F81000C1F180064E
:105AE000C0F180006FF01301884202DD142800DA53
:105AF00000208E4202DD142E00DA002606F01AF88D
:105B00003A4C05466FF0060A20685146834606F077
:105B10004EFA294606F06EF83549374D354F086084
:105B2000D5F8009010F1FF4F304608D206F002F889
:105B300006464FF03C41484606F05CF806E005F0AA
:105B4000F9FF06465146484606F031FA314606F05E
:105B500051F83860D8F81C200020DFF8A0A02849B0
:105B6000284E0B2A05D00C2A20D088F80100BDE869
:105B7000F09F98F80020521CD2B288F80020142A16
:105B8000F5D1C8F81C0088F80000584605F02CFE36
:105B90002060B04200DD26605146484605F024FEF4
:105BA000194928608842E2DD2960E0E798F8012081
:105BB000521CD2B288F80120142AD8D1C8F81C008F
:105BC00088F801000F46584606F01CF92060B842DC
:105BD00000DA27605146484606F014F92860B042C2
:105BE000C5DA2E60C3E70000E0000020400000207E
:105BF0004C0000205000002044000020000096438C
:105C00000000C842000048440000FA4470B5FFF7A5
:105C100009FF00F053F80B480B4BB0F803100A488B
:105C2000203381800020012413F8105000F101007E
:105C30006D1E04FA05F20A42C0B202D01028F3D356
:105C4000002070BD60180020E000002010B5FFF7B4
:105C5000DDFF1249124AC861D379CB60137A0B6118
:105C600054794C6192798A6101240E4A042801D149
:105C7000107888B1886800280DD0762B0BDA107860
:105C8000002808D1084914700870094907480860BD
:105C900009490848086010BD8C60EEE7E00000206C
:105CA00060180020130000204800002000009643E8
:105CB0004000002000004844440000202DE9FC473B
:105CC00000248DF800400125ADF80450254EC6F89B
:105CD0009041254F3878FFF7B1FE7878FFF7AEFE98
:105CE00002208DF80000214FDFF884904FF6FF78F6
:105CF00030E000BFADF8045020E000BFC6F8A0516E
:105D0000052002F077F8C6F8A041052002F072F8ED
:105D1000C6F8A051D7F8200150B19DF80010BDF889
:105D2000042019F8011011439DF8002009F8021011
:105D3000BDF8041008EA4100ADF80400BDF8040005
:105D4000FF28DBD9102002F055F89DF80000401C18
:105D50008DF800009DF800000928CBD3C6F89051BB
:105D6000BDE8FC8700002242E200002000802142C2
:105D700060180020884200DD0846904200DA104694
:105D8000704770472DE9F0472C4C894601466088E2
:105D90001F4690460025A8B9104603F03BFE024678
:105DA000384603F037FE1044B0F5967F09DAA08834
:105DB000401C80B2A0800A2804D901206080A58000
:105DC00003E0A580608801281ED1E088401C80B2D5
:105DD000E080C82801D9E58065801948194E8142C4
:105DE00012DD3068143805F0A5FE494605F0CEFEF8
:105DF0000AD23068143005F09DFE494605F0C6FF12
:105E000002D20220608002E06088022813D120893B
:105E1000401C80B22081642801D92581658008EB6F
:105E2000070003F0F7FD40F6B831884203DD6580D6
:105E30000120BDE8F0870020FBE7000050010020B2
:105E40000060EA46040000202DE9F04180461C482D
:105E500015460E46007800282ED01A4C1A4F60893D
:105E600088B938680A3805F065FE414605F08EFEAF
:105E700009D238680A3005F05DFE414605F086FF1C
:105E800001D206B91DB16089012802D016E00120B7
:105E90006081A089401C81B20020A181322901D9F2
:105EA000A0816081032E09DD032D07DD642E05DA54
:105EB000642D03DA60810120BDE8F0810020FBE75A
:105EC0000200002050010020040000202DE9F047CE
:105ED0000027214C01253E46C4F894513946C4F8A8
:105EE000907104F5C874FBF77BFAFBF779FA6160EF
:105EF0002160FBF775FAFBF773FA61602560FBF729
:105F00006FFAFBF76DFA65602560FBF769FAFBF73E
:105F100067FA65602160A4F5C874FBF761FAFBF7C6
:105F20005FFADFF838908846C4F89481FBF758FA96
:105F3000FBF756FA0F20FBF7A5FB010929F816100D
:105F4000761CF6B2C4F89451FBF74AFA7F1CFFB2F4
:105F5000802FE9D3BDE8F087000021420819002016
:105F60002DE9F04788B0474C07A8CDE9004004F17F
:105F7000220106AB02AA881F02F0A6F82088C005FD
:105F80007DD5029805F0D6FD6FF01D06314606F06E
:105F90000EF805466060039805F0CCFD314606F02A
:105FA00006F88046A060049805F0C4FD314605F06F
:105FB000FEFF0746E060059805F0BCFD314605F0A0
:105FC000F6FF064620610121284605F0F0FF39461C
:105FD00005F010FE05464FF040473946404605F0B3
:105FE00009FE314605F006FE294605F0FDFB05F0E9
:105FF000CFFB01F0FFF9DFF890904FF06638424692
:106000004B4605F0B5F804F09BFDA061E068012166
:10601000054605F0CCFF8246294605F0EBFD054616
:10602000A0683946064605F0E5FD314605F0E2FD7B
:10603000294605F0E7FE4FF07E5105F0D5FB05F04F
:10604000A7FB07460D460121606805F0B0FF314609
:1060500005F0D0FD06465046216905F0CBFD3146DE
:1060600005F0C2FB05F094FB3A462B4601F00AFC12
:1060700042464B4605F07CF804F062FD606108B0D2
:10608000BDE8F087C401002066A64C4010B50E4C58
:106090000120C4F8BC010F2004F5DE7401F0AAFE53
:1060A00000222260094841880B060CD584888906A5
:1060B00004EB9121AA2461434FF47A74B1FBF4F10B
:1060C000034B1960428010BD0000224234010020C1
:1060D0007C0000200021032805D0042805D00828D2
:1060E00005D000207047044A02E0044A00E0044A58
:1060F0001068116000B2704724040040240800407A
:106100002434014010B54221D020FEF70DF9044699
:106110004121D020FEF708F904EB002005F022FD14
:10612000B0F18E4F03DD4FF08F4105F06BFE094952
:1061300005F0CEFB05F02CFB074A084B04F032FDBE
:106140000022074B05F014F804F0FAFCBDE81040FB
:1061500005F0B4BC0000AA43A4703D0AD7434240F6
:10616000000024402DE9F0414FF4FA64244B6510FF
:1061700022462946186804F0D1FC2246214C1860BA
:106180002946206804F0CAFC20601D686FF0630196
:10619000A0F2DC50A5F2DC55884202DD642800DA6A
:1061A00000208D4202DD642D00DA002505F0C2FCDE
:1061B0000746154C284605F0BDFC0646134D3846EB
:1061C00005F0E6FA124A134B04F0D2FF04F0B8FCD3
:1061D0002060304605F0DCFA4FF066320E4B04F0DA
:1061E000C7FF04F0ADFC0D4928604878002804D0B2
:1061F00000222260401E2A604870BDE8F081000045
:106200003C010020400100204C00002050000020F4
:10621000CDCCCCCCCCCCFC3F6666024050010020FB
:1062200070470000084801780848042905D005296E
:1062300005D0092906D0182102E00D2100E0122125
:10624000016070471621FBE71000002004000020C9
:1062500010B50F4B4FF4E1521C1D002804DD1A60ED
:10626000C0F5E150206003E000F5E15018602260C5
:10627000074B0833181D002904DDC1F5E1511960F1
:10628000026010BD1A6001F5E151016010BD00000F
:1062900034040040FCF720BA30B595B02821684698
:1062A000FAF7CEF814210AA8FAF7CAF818210FA8AD
:1062B000FAF7C6F801210804CDE90010002502957F
:1062C00002240491CDE907404FF4E010099068469C
:1062D000FCF77AFC08B172B6FEE70AA90F2081E844
:1062E00031004FF48060CDE90D0502210AA8FCF7CA
:1062F0007FFB08B172B6FEE74FF4404011900F9457
:106300000FA8FCF7FFFA002801D072B6FEE715B01F
:1063100030BD70470148FDF7CDB90000E003002013
:106320000148FDF7C7B90000280400200148FDF727
:10633000C1B90000B80400200148FDF7BBB9000056
:1063400000050020F0B502681C4B1D4D1D4E1E4F70
:106350001E4C4FF0804C984209D0A04207D06045B7
:1063600005D0A84203D0B04201D0B84204D122F0F7
:10637000700E4A6842EA0E02984209D0A04207D045
:10638000604505D0A84203D0B04201D0B84203D145
:1063900022F44075CA682A434D6922F080022A43DC
:1063A00002608A68C2620A688262984201D0A04292
:1063B00001D10969016301214161F0BD002C014057
:1063C0000004004000080040000C00400034014080
:1063D00010B501F01F030121046A99408C43046247
:1063E000016A9A401143016210BD0000F0B5026AD3
:1063F00022F001020262036A42688469124E24F0AC
:1064000073050C682C4323F002058B682B430D4D5C
:10641000A84201D0B04205D123F00807CB683B4326
:1064200023F00403A84201D0B04205D14D6922F403
:10643000407215438A692A43426084614968416316
:106440000362F0BD002C014000340140F0B5026A47
:1064500022F010020262026A436884690D6824F423
:10646000E64444EA05248D6822F0200242EA05123F
:106470000F4D104EA84201D0B04206D1CF6822F095
:10648000800242EA071222F04002A84201D0B04244
:1064900007D14D6923F4406343EA85038D6943EADC
:1064A000850343608461496881630262F0BD000036
:1064B000002C014000340140F0B5026A22F48072E1
:1064C0000262026A4368C46922F4007224F0730510
:1064D0000C68124E2C438D6842EA05220E4DA842EC
:1064E00001D0B04206D1CF6822F4006242EA07220E
:1064F00022F48062A84201D0B04207D14D6923F452
:10650000405343EA05138D6943EA05134360C461B0
:106510004968C1630262F0BD002C014000340140B3
:1065200030B5026A22F480520262046A4268C3698A
:106530000D6823F4E64343EA05238D6824F40054F0
:1065400044EA0534084DA84202D0084DA84204D1BF
:106550004D6922F4804242EA85124260C361496873
:106560000164046230BD0000002C01400034014091
:1065700070B5046A24F0010404628469056A124E4D
:10658000B0420ED0114EB0420BD0B0F1804F08D0C7
:106590000F4EB04205D00F4EB04202D00E4EB04268
:1065A00003D124F00304144301E044F001041A076A
:1065B00024F0F00444EA126225F00A0301F00A0113
:1065C00019438261016270BD002C0140003401401A
:1065D0000004004000080040000C004030B5046A90
:1065E00024F0100404628469056A24F4407444EAC7
:1065F000022222F470444FF6FF7202EA0332224371
:10660000A02425F0A00304EA01111943826101626C
:1066100030BD000070B51148114D0078012803D13C
:10662000A87808B1012600E0002600F0BBFB314647
:106630000C48FFF7F3F82E7100246C716C81EC6448
:106640006C65AC652C700EB1012000E00020E87094
:106650000020FAF745FBEC602C6170BD14000020AF
:1066600010030020641A0020F0B53748374C8FB073
:106670000078012803D1A07808B1012500E00025A9
:1066800000F01AFC02A800F077FB2079304F854219
:106690000ED029462F48FFF7D8F8257145B9207844
:1066A00050B1002020706065A0656081FAF718FB8A
:1066B000207808B1E06800E0386805F0FFF905903F
:1066C000FAF718FB05F0FAF906900298079003987C
:1066D00008909DF810008DF824009DF811008DF8A9
:1066E000250005AA1B490AA8FFF7C3F80D9D0B9EBC
:1066F000E570C5F30720FAF75BF9207818B1FAF7CF
:106700009DFA0FB0F0BD304605F014FA064601467A
:10671000386805F03BFA01D2396800E031460E4A8C
:10672000636CA06DFAF7FEFAA065E060E8B203289A
:1067300007D00A4801680A48006805F05BFA206142
:10674000DFE70020FBE7000014000020100300201A
:10675000F4020020641A00200000A0400C03002076
:10676000F802002030B585B0002417480194039446
:10677000C4630464847009214164C4708464C46483
:1067800004711248816941F010018161816901F051
:1067900010010491816941F008018161806902253D
:1067A00000F0080004904FF4447000906946029590
:1067B0000748FBF77DFEE8018DE831006946054892
:1067C000FBF776FE05B030BDB80200200010024095
:1067D00000100140000C014010F1FF4F01D380F088
:1067E000004070472DE9F05F434C0D4681464FF461
:1067F000000ADFF800B100262846A16C05F02AF94E
:1068000001D1E5642EE0A06C10F0FF4F02D115F02D
:10681000FF4F12D10127504501DB554503DA58459A
:106820000DD35D450BD3FFF7D7FF80462846FFF712
:10683000D3FF414605F0AAFA01D2A564E1E7284654
:10684000E16C05F007F906D120796178884204D21D
:10685000401C207101E0E56427712079617888424D
:1068600001D3A56426714846A16C05F0F3F802D166
:106870004846BDE8F09F4846A16C05F0BBF9584575
:10688000484611D3FFF7A8FFA16B05F07FF901D8A7
:106890000020EEE7A06BD14501DB80F000404946C7
:1068A000BDE8F05F04F0A0BFFFF796FF0546A06CBF
:1068B000FFF792FF294605F069FA01D2656B00E007
:1068C000A56B4846294604F08FFF0646A16C05F0EB
:1068D0005DF901D23046CCE72946484605F092FAE8
:1068E0000546A16C05F052FA01D22846C1E7A06C1A
:1068F000BFE7000000008080B80200200A49092894
:1069000004D00022CA704864486C7047486C09285B
:10691000FAD0CA780878824201D2521CCA70D2B228
:106920008242F1D30920EEE7B80200201248007835
:1069300010281BD2DFE800F00A0C1A0C1A1A1A10E1
:106940000E081A140E1612180CA210E00EA20EE079
:1069500010A20CE012A20AE014A208E016A206E0BF
:1069600018A204E01AA202E01CA200E01EA200216C
:106970000846FEF7F5BE0000BA020020535452410B
:10698000494748540000000043524F5353202020F1
:10699000000000004C5F3930202020200000000063
:1069A000525F393020202020000000004C5F424917
:1069B0004720202000000000525F4249472020204D
:1069C000000000004C5F534D4C20202000000000D0
:1069D000525F534D4C202020000000004C4F535478
:1069E0002020202000000000554E4B4E4F574E20D7
:1069F000000000002DE9F04780462E48304C314918
:106A0000D0F800902C4800250E7802882B48E76CBF
:106A1000012A00882CD02C49098801292ED0092E62
:106A200033D0656429480088012832D0284800887E
:106A300001282ED0092E2CD00021404605F0DAF88E
:106A4000DFF89080414604F043FF07464946606CFA
:106A500005F0D0F8414604F03BFF394604F0C4FE8F
:106A60001D4F396804F0C0FEA064062E14D01BE050
:106A700005F078F8014687F0004003E005F072F871
:106A80000146384604F024FF01E0144800686064C1
:106A9000C8E713480168D0E712490A78521CD2B2FD
:106AA0000A70282A01D30D703D60BDE8F04705F05B
:106AB00005B80000280000203C0000200A0000204B
:106AC00050010020100000203E000020380000206F
:106AD0003A0000200000C84250000020200300209F
:106AE0002C0000200100002030B5134AD2F83431C8
:106AF000124CDBB22370D2F834510022104C012D1D
:106B000000D122700F4DA8420CD80F4DA84209DCCD
:106B1000012B07D0B1F57A7F04DB2078012801D062
:106B2000002030BD094901200A60091D0A60091DC5
:106B30000A60091D0A6030BD000022420E000020DC
:106B400002000020000020C2000020423404004067
:106B50000148FCF7B7BF00004805002010B5406AA7
:106B60000021C185C184FCF7ABFF10BD0168CA6874
:106B700022F49072CA6001684A6922F001024A61F7
:106B8000016B012904D10168CA6822F01002CA60B1
:106B9000202180F83E1000210163704708B590F86D
:106BA0003E10222901D0022008BD82684FF4805394
:106BB0009A4201D1016921B1816A9A421BD04AB13E
:106BC0000AE00268816A5268C2F308020A80816A98
:106BD000891C08E0026972B10268526802F07F0203
:106BE0000A70816A491C8162C18D491E0904090C21
:106BF000C18503D019E002685268F1E70168CA68EC
:106C000022F02002CA600168CA6822F48072CA6059
:106C100001684A6922F001024A61202180F83E1091
:106C2000016B012903D0FDF741F9002008BD0021C7
:106C300001630168CA6822F01002CA6001680A682C
:106C4000D20602D50A6849680091818DFCF737FFAA
:106C5000EBE7000070B5044600680169E26821F4C2
:106C60004051114301612169A068084361690843EB
:106C70002168CA6841F20C639A430243CA602068E3
:106C80004169A26921F44071114341611E492068A4
:106C9000884202D1FBF752FF01E0FBF73FFF00EB18
:106CA000C00101EB0012606864218000B2FBF0F3C8
:106CB000B3FBF1F36FF018067343B2FBF0F5B2FBD0
:106CC000F0F605EB8305322303EB0515B5FBF1F573
:106CD000B6FBF1F605F0F00505EB0615B2FBF0F694
:106CE000B2FBF0F0B0FBF1F06FF01802504306EB8E
:106CF000800003EB0010B0FBF1F0216800F00F0002
:106D00002844886070BD000000380140816282859F
:106D1000C28500210164222280F83E2080F83C10C8
:106D20000168CA6842F48072CA6001684A6942F028
:106D300001024A610068C16841F02001C160002081
:106D4000704700000148FCF7BDBE00008C05002024
:106D500000B5054B0022985C03F0E8FE521CD2B24D
:106D6000182AF8D300BD00009E1800200148FCF747
:106D7000A9BE0000D00500200849897801EB410236
:106D8000074951F8223001EB820103604A684260F2
:106D90000A7A0272497A4172704700006C0300203F
:106DA000741A00200B4A00210B4811705160517079
:106DB00001604160017241720368C360436803610E
:106DC000037A0375437A437591700448018000F09B
:106DD00063B800006C030020741A00203601002004
:106DE0002DE9F04100252E461C20FBF7D1FC25485B
:106DF00025492F460488B1F80080210600D404B14B
:106E000007801C20FBF7D5FC20482149220616D517
:106E100004F03F0308EB0342AA235A434FF47A736A
:106E2000B2FBF3F5A5F1140240F68C739A4206D832
:106E300047708378012683F001032C460CE04278EA
:106E4000FF2A01D2521C42708378827883F00103BA
:106E500002EB420251F8224003EB430241F8224088
:106E6000446801EB8201641C44604C600E724278FD
:106E70004A7283700EB107480560BDE8F04100F02A
:106E80000BB8000036010020380100206C03002000
:106E9000741A00207C00002010B5064C0120C4F8B4
:106EA000BC010F2004F5DE7400F0A4FF0020206078
:106EB00010BD00000000224205480178491CC9B2FB
:106EC00001700D2903D300210170FFF789BF7047BE
:106ED0006C030020FEE7000070B52E4C00252E4804
:106EE0002178062954D2DFE801F003091A23334739
:106EF0000121FBF7D9FB012816D049E06188491C24
:106F000089B26180052943D10121FBF7CDFB01281E
:106F100002D0658025703BE02078401C13E0012101
:106F2000FBF7C2FB012830D02078401C20702FE0F6
:106F30006088B0F5C87F03D925706580022070BDD8
:106F4000052803D904202070658021E02570FBE727
:106F50006188491C89B26180142919D9462917D240
:106F60000121FBF7A1FB0128D6D0608841280FD969
:106F700025706580012070BD0121FBF795FB01287C
:106F800003D065802570032070BD6088401C608040
:106F9000002070BDA0000020000801402DE9F35F33
:106FA00086498548DFF818A2098890F800808B464A
:106FB000844DCBF10004B8F1090F38D08248008825
:106FC000012837D081480088012837D0DAF800003E
:106FD00004F0DEFB7E4A7F4B03F0A0FE00227E4BD6
:106FE00003F09CFE022204F0B4FF00227B4B04F06D
:106FF000BFF800227A4B04F0BBF8012204F0A9FF8D
:1070000003F09EFD0146E8637648A946814201DD12
:10701000C9F83C007449B8F1080F0D6873490F882E
:1070200073490E880ED0B8F1070F55D057E071485C
:107030000068CDE7084604F04BF8CBE7204604F0A3
:1070400030F8C7E7A5F1C900B0F5957F20D8012F2A
:107050001ED0012E1CD0584604F03AF85C4A5D4B15
:1070600003F05CFE00225C4B03F058FE022204F0A9
:1070700070FF0022594B04F07BF80022584B04F0BB
:1070800077F8012204F065FF03F05AFDC9F83C00CF
:10709000C82D24D2012F22D0012E20D0204604F06A
:1070A00000F84B4A4B4B03F039FE00224A4B03F0E9
:1070B00035FE022204F04DFF0022484B04F058F840
:1070C0000022474B04F054F8012204F042FF03F081
:1070D00037FDC9F83C0002E0B5F5E17FDAD3DDE920
:1070E00000100844404204F025FD0546C9F834006C
:1070F0004C46D9F8380004F04BFB3F4A3F4B04F0B4
:1071000037F803F01DFD0746284604F041FB3C4AD2
:107110003C4B04F02DF805460E46384604F038FB8B
:107120002A46334603F03EFD03F00AFD05460146BC
:10713000A063206C04F058FBE16B04F055FB32496E
:107140002064884202DC3149884200D921643048F9
:107150000168206C04F04EFD2E4904F0B9FB064690
:107160002D480168284604F045FD2C4904F0B0FB89
:10717000314604F047FE00252063B8F1060F07D121
:1071800027480178491CC9B20170642902D30570EF
:10719000CAF800502348016823480068FFF7A4FCA0
:1071A000012803D021480078012800D12564206BF4
:1071B000BDE8FC5F04F082BC100000200C00002041
:1071C0004C00002050010020380000203A00002030
:1071D000D3DEE00B934F6A400000694000003E4060
:1071E00000407F40000016457C0000203C0000204D
:1071F0003E0000201C030020E17A14AE47E1EA3F84
:107200007B14AE47E17AC43F00504348005043C866
:10721000240000200000C842200000200000C8C256
:10722000010000206C000020700000200E000020F3
:1072300001EB002000B204F07DBC490050EAC120FF
:1072400018BF04204A0D18BF40F0010040F2FF7241
:10725000B2EB515F08BF40F00200012808BF0520D3
:1072600070470907090E002804DB00F1E02080F8D0
:107270000014704700F00F0000F1E02080F8141DAA
:1072800070472DE9F0414F1E00EBC7010446D1E9DC
:10729000000115461E4637F006020DD02A46334639
:1072A00003F066FF7F1E04EBC703D3E9002303F05E
:1072B00079FC37F00602F1D1022F25D0042F13D02C
:1072C000062F18BFBDE8F0812A46334603F050FF71
:1072D000D4E90A2303F066FC2A46334603F048FF4C
:1072E000D4E9082303F05EFC2A46334603F040FF4E
:1072F000D4E9062303F056FC2A46334603F038FF50
:10730000D4E9042303F04EFC2A46334603F030FF51
:10731000D4E9022303F046FC2A46334603F028FF53
:10732000D4E90023BDE8F04103F03CBC0022134641
:107330001046014903F0F2BC0000F03F012204F0C6
:1073400008BE03F02FBC002213461046114603F07E
:10735000E5BC40F2013200204FF0E04104F0F9BDFD
:10736000024A0020110704F0F4BD000001FDFFFFF8
:10737000704700002DE9FE4F07460E46002568467F
:1073800001F016FA00246FF00F0AE8464FF00109E9
:1073900057F8240056F82410401A00D5404204F053
:1073A000C9FB514604F003FE58F8241011F0FF4FBA
:1073B0000BD004F08DFA4FF07E5104F023FD0A4902
:1073C00020F00040884205DC07E0084908440849ED
:1073D000884202D309FA04F00543641C032CD7DB6E
:1073E0002846BDE8FE8F0000295C0F3E666666C138
:1073F0009A99D9002DE9F04D8D4F21F0004A86B0C1
:1074000005460C46BA452ADBAAEB070028430AD0FA
:107410008848824501DC1AD1CDB106B02846BDE8C6
:10742000F04DFFF78BBF844A844B284603F0A0FE43
:1074300007460E46824A834B2846214603F098FEB3
:1074400006B03A463346BDE8F04D03F0ABBB012031
:10745000F9F79CF806B0BDE8F04DFFF774BF7A4825
:10746000824542DABAF1795F0BDA2846FFF7E5FE8A
:10747000042808BFFFF774FF284606B02146BDE880
:10748000F08D2A460B46104603F072FE83460246F4
:107490006E480E460B4606217844FFF7F2FE5A4628
:1074A000334603F065FE804669488A465A463346AD
:1074B00004217844FFF7E5FE5A46334603F058FEB0
:1074C00000223B4603F06EFB02460B464046514607
:1074D00003F024FC2A46234603F04AFE06B02A465F
:1074E0002346BDE8F04D03F05DBB284624F0004183
:1074F00000223D463B4603F06FFF4FF0FF3204F0A1
:1075000028FD0646024653480F460B46062178449E
:10751000FFF7B7FE32463B4603F02AFECDE90001F5
:107520004D4832463B4604217844FFF7AAFE3246D6
:107530003B4603F01DFE00222B4603F033FB83463F
:1075400002913046394603F0C3FA804643480D465F
:10755000504517DCDDE900015A46029B03F0DEFBD3
:1075600042462B4603F004FE42462B4603F01AFB2C
:10757000012204F0EEFC304A304B04F01FF8304A90
:10758000304B4CE04FF0000A52460B46404603F0A9
:1075900009FBCDE9031052462B461046194603F06D
:1075A000E7FD32463B4603F017FFDDE9033203F007
:1075B000B5FB06460F46DDE900015A46029B03F083
:1075C000ADFB8346009101223046394604F0C1FCF0
:1075D000194A1A4B03F000FF06460F4601224046A7
:1075E000294604F0B6FC5A46009B03F0C1FD324622
:1075F0003B4603F0E3FF06460F460122504629466C
:1076000004F0A7FC0E4DDFF858802A46434603F0ED
:10761000E3FE32463B4603F0DFFE2A46434603F0D4
:10762000DBFE002CD8BF81F0004106B0BDE8F08D34
:107630000000F03F0000F07F075C143326A6913C69
:10764000182D4454FB21F93F0000E03F5462000034
:107650006A620000DE610000F46100003333EF3F36
:10766000FB21E93F2DE9F84F04460D4621F000408B
:1076700000917349814211DC7249884201DC06D1D4
:107680002CB120462946BDE8F84FFFF757BE6E489B
:10769000002DCCBF6D496E49BDE8F88F6D49814220
:1076A00011DD6D498142D8BF4FF0FF366DDD2046B8
:1076B0002946FFF7C2FD042808BFFFF751FE204608
:1076C0002946BDE8F88F6549654F25F000458142A0
:1076D00033DD6449814219DD002632464FF0804394
:1076E0002046294603F05EFA80468A46012220465B
:1076F000294604F02EFC00223B4603F05FFF424681
:10770000534603F00BFB04460D463EE001260022E3
:10771000BA463B462046294603F044FA80460F46C7
:10772000002253462046294603F048FF42463B4686
:1077300003F0F4FA04460D4627E04B4981421BDD75
:10774000DFF828A10226002253462046294603F0EE
:107750000FFD00223B4603F025FA80460F4600222B
:1077600053462046294603F029FF42463B4603F094
:10777000D5FA04460D4608E0032622462B46002093
:107780003B4903F0CBFA04460D4622462B461046F1
:10779000194603F0EDFC8B46824602460B4603F089
:1077A000E7FC07460246334888460B4606217844E4
:1077B000FFF767FD52465B4603F0DAFC82462E482F
:1077C0008B463A46434605217844FFF75AFD3A4630
:1077D000434603F0CDFC02460B46002E5046594668
:1077E0000CDA03F0DFF922462B4603F0C1FC01B0AE
:1077F00022462B46BDE8F04F03F0EEBD03F0D2F970
:1078000022462B4603F0B4FC1C4A7A4402EBC60322
:10781000D3E9002303F0D2FE22462B4603F0CEFE2E
:10782000174A7A4402EBC603D3E9002303F0D4FDE0
:10783000009A002AB8BF81F00041BDE8F88F00002F
:10784000000010440000F07F182D4454FB21F93F44
:10785000FB21F9BF0000DC3F0000203E0000F33FA9
:107860000000F03F0000E63F008003400000F83FCA
:107870000000F0BF7E6000003C600000DA5F0000A6
:10788000A25F00002DE9F04D9446CCF1000423F0F6
:1078900000464CEA0404594F46EAD4749A46884696
:1078A00021F00042BC4206D8454240EA050442EAC3
:1078B000D474BC4204D9BDE8F04D6246FFF741BD27
:1078C000AAF14055A5F17F6555EA0C040BD00224BE
:1078D00004EAAA744A4DDFF82CE144EAD87452EA6B
:1078E000000B04D00CE0BDE8F04DFFF7BBBE002C50
:1078F00014BF012CBDE8F08D022C30D0032C32D007
:1079000056EA0C0B0AD0BE4220D1BA4209D126F069
:10791000804622F080423346114617E000291ADBE8
:1079200025E0DFF8E4B0FB44002C04BFDBE90001F4
:10793000BDE8F08D012C02BFDBE9000181F00041C0
:10794000BDE8F08D022C0AD0032C0CD0BA4212D123
:10795000B8F1000F0BDA2A482C49BDE8F08D284613
:107960002B49BDE8F08D28467146BDE8F08D2448CE
:107970002849BDE8F08D921B12153C2AC4BF204F48
:10798000244E10DCBAF1000FBEBF12F13C0F0027ED
:107990003E4608DB624603F0C1F921F00041FFF7E3
:1079A00061FE07460E4694B1012C08BF86F00046E2
:1079B0000DD0194A194B022C3846314615D003F028
:1079C000FDFD2A46BDE8F04D114B03F0F7BD002246
:1079D00013463846314603F0F9FA04BF0220F8F79F
:1079E000D5FD38463146BDE8F08D03F0E7FD2A4667
:1079F000BDE8F04D064B03F0EFBC00000000F07F47
:107A0000182D4454FB2109C0365F0000FB21F9BF4B
:107A1000FB210940FB21F93F075C143326A6A13C5A
:107A20002DE9F04391B020216846F8F709FD764D25
:107A3000A879697900EB012003F04AFB734C00221E
:107A4000234603F06BF903F07BF8074695F83800FE
:107A500095F8371000EB012003F03AFB0022234693
:107A600003F05CF903F06CF80446202108A8F8F74D
:107A7000E7FC67490120DFF8A0810870654887426C
:107A800007DD6648844204DA4146204603F0ACFE36
:107A9000044600262046394604F0B4F9F11E04F0ED
:107AA00086FA814608AC304604F05CF80146484648
:107AB00004F0A0F8394603F097FE414644F826004A
:107AC000884203DD04F09EF944F82600761CF6B2E5
:107AD000082EE8D300200BE0102860D2DFE800F089
:107AE000080813131E1E292934343F3F4A4A5555AE
:107AF00000EB40012944009A0B7AC9791A4402EB41
:107B0000012100914BE000EB40012944019A0B7ADE
:107B1000C9791A4402EB0121019140E000EB4001D8
:107B20002944029A0B7AC9791A4402EB0121029185
:107B300035E000EB40012944039A0B7AC9791A44D5
:107B400002EB012103912AE000EB40012944049A51
:107B50000B7AC9791A4402EB012104911FE000EB72
:107B600040012944059A0B7AC9791A4402EB012194
:107B7000059114E000EB40012944069A0B7AC9797B
:107B80001A4402EB0121069109E000EB400129446F
:107B9000079A0B7AC9791A4402EB01210791401C1C
:107BA000C0B2102898D31E4A1E4900201378EC4614
:107BB0001D1801EBC50754F820607E605CF820605A
:107BC000401C7608C0B221F835600828F0D308338D
:107BD000D8B21070E12813D30B4B002013F13C03F3
:107BE00001EBC00403EBC00564686C6031F8304001
:107BF00023F83040401CC0B2E128F1D300201070BF
:107C000011B0BDE8F08300001C0D002000005940B9
:107C1000880000200000AF430000B4430000504142
:107C2000A8000020140600202DE9FE4F4C4C7B20BC
:107C3000207602907D2084F82E004A4801684A4848
:107C40000F460068064603F0CFFD4FF0FF3104F009
:107C5000AEF903F033FF00B2608300900025A583E6
:107C60003146384604F0CEF8404903F031FE03F0C7
:107C70008FFD3F4A3F4B03F051F800223E4B03F08B
:107C800077FA03F0DFF900B2E08383463B480088CF
:107C9000404200B2608482463948B0F90000A084B6
:107CA00081463848B0F90000E084804636480088B4
:107CB000C0EB8030800007B2344827850088800000
:107CC00006B23348668500780190E8B3A58531484F
:107CD000006803F02FFF304903F08CFF03F0EEFE45
:107CE000208402992170019961700099090AA1709C
:107CF0000099E170290A217165714FEA1B21A17178
:107D000084F807B04FEA1A21217284F809A04FEADB
:107D10001921A17284F80B904FEA1821217384F87D
:107D20000D80390AA173E773310A21746674A18D3D
:107D30000A0AA274E174010A2175607501211620F6
:107D4000F9F7CCF8A07500E004E094F82E00E07597
:107D5000BDE8FE8F114800888000A085B7E70000CD
:107D60009E180020040200200002002000007A4437
:107D70007B14AE47E17AC43F00408F40620100208F
:107D80006601002064010020700100206C010020C9
:107D90000E0000206C000020000020416E01002039
:107DA0004FF0E020016921F004010161034809213D
:107DB000017042F228314180704700004C010020E0
:107DC0000B49498848434FF0E021486100228A610D
:107DD000086940F0010008610869C30701D0C003C9
:107DE000FAD5086920F0010008618A617047000037
:107DF0004C0100200B49097848434FF0E0214861CD
:107E000000228A61086940F0010008610869C3071F
:107E100001D0C003FAD5086920F0010008618A6129
:107E2000704700004C01002008B560B120208DF89B
:107E3000000028208DF8010030208DF80200382045
:107E40008DF8030004E0A32204216846F8F7CEFA77
:107E50006A46042140F69E2001F0B2FD01F078FA56
:107E600008BD00003EB5044602208DF80000CA207F
:107E70008DF80100E3208DF8020009208DF8030041
:107E80006A460421682001F09BFDA3208DF80000C4
:107E9000610609D5C0218DF80110C8218DF80210A6
:107EA000C2218DF8031005E08DF801008DF8020065
:107EB0008DF8030014F4C07F09D0C4218DF804109C
:107EC000CC218DF80510C6218DF8061005E08DF83F
:107ED00004008DF805008DF806008DF808008DF877
:107EE00007008DF809006A460A2140F6A72001F034
:107EF00067FDA0074FF0D80503D020208DF80000C3
:107F000001E08DF800506A46012140F6B62001F0EC
:107F100057FDA00601D5012000E0002000F08EF8FA
:107F200014F4C07F1ED0E0050AD5B2208DF8000001
:107F30008B208DF80100B6208DF802009B2009E00F
:107F4000B0208DF8000080208DF80100B4208DF85D
:107F5000020090208DF803006A46042140F6A2201A
:107F600001F02EFDE1074FF40B6022D0F8218DF8CF
:107F700000106A46012101F023FDFA21072000F0DC
:107F800049FB072000F014FB012000F031FB6420C6
:107F900000F0D4FB4FF4FA7000F0E0FBC821254854
:107FA00000F0CEFA282000F0E3FA0A2000F0F0FA00
:107FB00005E08DF800506A46012101F001FDA0079F
:107FC00003D5D9208DF8000001E08DF800506A46F5
:107FD000012140F23D7001F0F3FC600701D5012062
:107FE00000E0002000F048F8E00601D5012000E0A4
:107FF0000020FFF719FF104D44F00800688101F0E0
:10800000A7F90020A873600601D50620A87314F410
:10801000C07F02D0A87B801DA87314F0140F02D07B
:10802000A87B1030A873A00702D0A87B001DA873FE
:1080300000203EBD09E3CA02541A00200EB54FF4D9
:10804000976310B106A107C901E008A207CA8DE82D
:1080500007006A460921184601F0B2FC0EBD000077
:10806000B8AAB38DB4980D355D000000B8AAAAAACD
:10807000B088C3C5C700000008B560B1C0208DF846
:108080000000C2208DF80100C4208DF80200C62037
:108090008DF8030004E08B2204216846F8F7A6F966
:1080A0006A46042140F6982001F08AFC01F050F95C
:1080B00008BD0000C8234FF48062024940F6F63044
:1080C00001F028B8F8CA00082DE9FF4F89B017461B
:1080D000DDE916520024544E884681462C80A24683
:1080E000B07B694601F0C2F84FF0FF3B18B158462B
:1080F0000DB0BDE8F08F708910F0140F4CD0BDF8B2
:1081000000109DF8022049BA090441EA02239DF8B3
:1081100003100B433B60BDF804109DF8062049BADC
:10812000090441EA02229DF807101B140A437A60F1
:10813000BDF808109DF80A4049BA090441EA042133
:108140009DF80B4012142143B960BDF80C409DF816
:108150000EC064BA240444EA0C2C9DF80F400914A4
:108160004CEA040CC7F80CC04FEA2C475B43494368
:1081700002FB023207FB071111441024A1F17061C8
:10818000B1F1007F04D901F0E3F8A5F800A0AEE753
:10819000298841F4807129804206694611D50A195F
:1081A000A41D13885BBAA8F8003053885BBAA8F8FE
:1081B0000230928852BAA8F804202A8842F00802B5
:1081C0002A8010F4C07F11D00A19A41D13885BBA4D
:1081D000A9F8003053885BBAA9F80230928852BAE5
:1081E000A9F804202A8842F070022A80800716D05D
:1081F0000C44E07800F0C00500F03F016078C00753
:1082000006D0C80801F007013268491C02B1904746
:108210006078000703D5716809B1A80988470C98F0
:1082200001F0FCFB002063E7541A00202DE9FF4118
:10823000044603A800F024FEBDF80C00410CC30363
:108240002F48008900F0030254F82250420700D55D
:108250006D42C0F3C102860654F8222000D5524276
:10826000C0F38116C00554F8264000D56442A5FB32
:108270000367E81700FB037005FB0100850045EA72
:108280009670A2FB0367D51705FB037502FB01522D
:10829000950045EA9672A4FB0367E51705FB037397
:1082A00004FB01318B0043EA9671030E8DF8003018
:1082B000030C8DF80130030A8DF802308DF80300AD
:1082C000100E8DF80400100C8DF80500100A8DF8C2
:1082D0000600080E8DF80800080C8DF80900080A41
:1082E0008DF80A008DF807208DF80B106A460C21D6
:1082F0004FF4257001F064FB04B0BDE8F08100008C
:10830000541A002030B5044613A285B007CA8DE880
:1083100007004FF0FF35C82C16D8C820B0FBF4F189
:10832000491E080A8DF80C008DF80D1003AA0221D1
:1083300040F2162001F044FB30B96A460C2140F6A9
:10834000C12001F03DFB10B1284605B030BD054805
:1083500084810020F9E70000FEF2ABC4AAF1DFDF60
:10836000BBAFDFDF541A0020F8B53049098901F0AE
:10837000030250F822404A0700D56442C1F3C1020B
:108380008B0650F8222000D55242C1F3811350F8D9
:108390002330C80500D55B42254984FB0140850098
:1083A00045EA947082FB0142A40F44EA820483FBF5
:1083B0000121950F45EA8105010E8DF80010010C91
:1083C0008DF80110010A8DF802108DF803006A463D
:1083D00004214FF4747001F0F3FA4FF0FF3688B9BE
:1083E000200E8DF80000200C8DF80100200A8DF879
:1083F00002008DF803406A4604214FF4757001F0C5
:10840000DFFA08B13046F8BD280E8DF80000280CC0
:108410008DF80100280A8DF802008DF803506A4695
:1084200004214FF4767001F0CBFAF8BD541A002005
:1084300009E3CA022DE9FF4104463CA004F003030E
:10844000006802903AA0006803903AA006683AA03B
:10845000056802A8C15C8DF80010C4F3C101425C3C
:108460008DF80120C4F38112805C8DF8020003A80E
:10847000C35C8DF80430415C8DF80510805C8DF88C
:1084800006006A46032140F2264001F099FA4FF0B7
:10849000FF37E0BB01AA032140F22A4001F090FA25
:1084A000A8BBCDE9006560070BD59DF8000040F042
:1084B00001008DF800009DF8040040F001008DF8E7
:1084C0000400A0060BD59DF8010040F001008DF8D6
:1084D00001009DF8050040F001008DF80500E00561
:1084E0000BD59DF8020040F001008DF802009DF8C8
:1084F000060040F001008DF806006A4603214FF4A3
:10850000886001F05DFA10B901AA032100E004E0DF
:1085100040F2314001F054FA18B1384604B0BDE8D9
:10852000F081064804810020F8E700004CCD6C0083
:108530000CC92C003656760026466600541A0020D8
:108540004FF47A7290FBF2F008B54843010E8DF8B3
:108550000010010C8DF80110010A8DF802108DF841
:1085600003006A4604214FF4AE7001F029FA08BDF9
:108570000521B0FBF1F008B5010A8DF800108DF867
:1085800001006A4602214FF4AD7001F019FA08BDEE
:108590000521B0FBF1F008B5010A8DF800108DF847
:1085A00001006A4602214FF4AC7001F009FA08BDDF
:1085B00008B500218DF80010C10702D030218DF8D8
:1085C0000010810705D59DF8001041F00C018DF8D1
:1085D0000010400705D59DF8000040F003008DF81D
:1085E00000006A4601214FF4A47001F0E9F908BDCA
:1085F00008B560B1042800D90420401E8DF80000A1
:108600006A46012140F24F1001F0DAF908BD01205D
:10861000F3E700002DE9FC41054640074FF0FF3627
:108620007CD0B1F5C86F79D8084603F09BFA3E4973
:1086300003F04EF9074601A800F004FC9DF8040081
:10864000022806D004280DD008282ED0102865D185
:1086500034E00E21384603F0AAFC03F04BFA84B252
:10866000324907E00D21384603F0A1FC03F042FA3D
:108670002F4984B2384603F0BDFA03F03BFA210AD1
:108680008DF8001080B28DF80140010A8DF80210BB
:108690008DF80300E8076C4620D0224602214FF4F3
:1086A000EA7001F08DF9C8BB11E00C21384603F0E7
:1086B0007EFC03F01FFA84B21E49DBE70B2138462B
:1086C00003F075FC03F016FA84B21B49D2E7A21C32
:1086D00002214FF4927001F073F9F8B9A8070DD593
:1086E0006A4602214FF4EC7001F06AF9B0B9A21C9D
:1086F00002214FF4947001F063F978B9680710D53E
:108700006A4602214FF4EE7001F05AF930B9A21C0A
:1087100002214FF4967001F053F910B13046BDE8D4
:10872000FC810020FBE700000000484300004046B9
:108730000000C045000040450000C0440521B0FBDA
:10874000F1F008B5010A8DF800108DF801006A46B5
:1087500002214FF4EF7001F033F908BD0521B0FBA1
:10876000F1F008B5010A8DF800108DF801006A4695
:1087700002214FF4ED7001F023F908BD09490A7890
:10878000C1B23AB1084A13685B06FCD5064A121D0D
:1087900011607047054A13685B06FCD5034A121D39
:1087A000F6E700000F0000200038014000480040BC
:1087B0002DE9FE430646264801AB042240680D2100
:1087C000007800F03FFA10B10720BDE8FE839DF865
:1087D00004101C2000EAD1029DF80710DFF8749005
:1087E000C1F301131A438DF800209DF80520C1F351
:1087F000810300EAD2021A438DF801209DF8062079
:1088000001F0030100EAD20008430024124F8DF862
:108810000200A0466D46285D10B146F824900AE09B
:1088200046F824800DE000BF56F82400394603F0D6
:10883000E1F946F82400285D401E10F0FF0028559D
:10884000F2D1641CE4B2032CE5D30020BDE70000A4
:10885000080200207B14AE3E1D5A843F2DE9FE4FD6
:1088600005460120C14E8DF800004FF000088DF83C
:10887000018030680C461746817C70686B46022286
:10888000007800F017FA4FF0FF3A00287AD1C8209C
:10889000FFF796FA8DF8008030686B460122C17BA5
:1088A0007068007800F006FA0028EFD130686B4657
:1088B000012241797068007800F0FCF90028E5D1C8
:1088C00030686B460122817C7068007800F0F2F914
:1088D0000028DBD130686B460122C17D70680078CA
:1088E00000F0E8F90028D1D130686B460122017907
:1088F0007068007800F0DEF90028C7D14FF00C094D
:108900008DF8009030686B4601220179706800781C
:1089100000F0D0F9002835D10F20FFF751FAB06AE6
:108920006B460122407A8DF80000306881787068CB
:10893000007800F0BFF9002824D1B06A6B4601220C
:10894000007A8DF80000306841787068007800F097
:10895000B1F9002873D1B06A807A0FB140F0E0001D
:108960008DF8000030686B460122817970680078CC
:1089700000F0A0F9002862D12FB1B06AC07A40F0AF
:10898000E00001E04AE018208DF8000030686B46F6
:108990000122C1797068007800F08CF9F0BB17B142
:1089A000C820FFF70DFA40208DF8000030686B46B4
:1089B000012201797068007800F07CF970BB7820A2
:1089C0008DF8000030686B460122417970680078AC
:1089D00000F070F910BB3220FFF7F2F98DF800803B
:1089E000306847466B46417970680122007800F094
:1089F00061F998B931687068B046897A00786B4639
:108A0000022200F01FF948B9BDF80000AF6040BA7B
:108A1000B0FBF9F06F60C6B22F6000E00FE0A76016
:108A200067602760002739E0D8F80010D8F8040004
:108A30006B46C97A00780C2200F004F910B1504658
:108A4000BDE8FE8FBDF80000236840BA00B2BDF853
:108A50000210BDF804201844206049BA606809B2C9
:108A60000844606052BAA06812B21044A060BDF819
:108A700006002B6840BA01B2BDF80800BDF80A2014
:108A80001944296040BA696800B20844686052BA63
:108A9000A86812B210447F1CFFB2A860B742C3D3CB
:108AA00028688322C117090441EA10410004002309
:108AB000F7F7D0FB32460023F7F7CCFB2860686855
:108AC0008322C117090441EA104100040023F7F78B
:108AD000C1FB32460023F7F7BDFB6860A86883221C
:108AE000C117090441EA104100040023F7F7B2FB63
:108AF00032460023F7F7AEFBA86020684FF400650C
:108B0000C117090441EA104100042A460023F7F77F
:108B1000A1FB32460023F7F79DFB206060682A46E0
:108B2000C117090441EA104100040023F7F792FB42
:108B300032460023F7F78EFB6060A0682A46C11713
:108B4000090441EA104100040023F7F783FB324691
:108B50000023F7F77FFBA060002802DDA0F580303E
:108B600001E000F58030A060002069E708020020E5
:108B70002DE9F84F81462E488846002540686B460F
:108B8000032200780D2100F05DF810B10720BDE848
:108B9000F88F9DF80000002400F01F008DF8000001
:108BA0009DF801006FF00F0B00F01F008DF8010021
:108BB0009DF802006E4600F01F008DF802004FF095
:108BC000010A00BF59F8241058F82400081A00D5EB
:108BD000404202F0AFFF594603F0E9F90746305D25
:108BE000C0B1144802E0144903F004F8315D491E95
:108BF00011F0FF013155F6D10146384602F068FE0A
:108C00004FF07E5103F0FEF80C4920F000408842FE
:108C100005DC07E00A483844B0F1D97F02D90AFAE6
:108C200004F00543641C032CCCDB2846AFE70000AE
:108C3000080200200000C84154E3853F295C0F3E34
:108C40000000E0BE2DE9F0411D4614460F460646E1
:108C5000FBF730FCB0B17006000EFBF7FBFBFBF737
:108C600071FC90B13846FBF7F5FBFBF76BFCFBF7AB
:108C700021FC012000EB4600C0B2FBF7EBFBFBF749
:108C800061FC0FE00120BDE8F081FBF73BFCF9E758
:108C9000012C0DD05FF00100FBF7A6FB641E05F868
:108CA000010BE4B2002CF3D1FBF72CFC0020EAE727
:108CB0000020F1E72DE9F0411E4615460F46044617
:108CC000FBF7F8FB68B16006000EFBF7C3FBFBF790
:108CD00039FC48B13846FBF7BDFBFBF733FC0024F9
:108CE0000CE00120BDE8F081FBF70CFCF9E7305DFA
:108CF000FBF7B0FBFBF726FC10B1641CAC42F6DBC3
:108D0000FBF700FC0020EDE790F90010002902DDE0
:108D10004FF00000704702DA4FF00400704790F9FE
:108D20000110002902DD4FF00100704702DA4FF018
:108D30000500704790F90200002802DD4FF00200A4
:108D4000704702DA4FF0060070474FF00700704797
:108D5000F9F7CAFCFDF7A0FAFCF7CAF8FCF776F8B9
:108D6000FCF79CF8FCF764F9FCF7EEF9FCF74CFA19
:108D7000FCF788FAFCF7C6FAFCF7E6FAFCF706FB04
:108D8000FCF78EF90220FBF713FD0120FBF710FD25
:108D9000FFF706F8FCF7C4FBFDF7E4FCFDF73AFC2F
:108DA000FCF712F8F8F704F91720F9F702FD00268E
:108DB0000E4C0125207830B1F8F712FAE570E07812
:108DC0000028FCD1F6E7F7F71DFD00F031FE6078D2
:108DD000092801D0FCF73AFFA0780128EED1FEF770
:108DE00023FFFDF7B5FFA670E8E700000F000020A5
:108DF0002DE9F041124C20F00101002594F82400E7
:108E000010B10020BDE8F081A07A4FF0FF3668B1C4
:108E10000840277C2074884200D0354641B10120AB
:108E200001F02AFE00F094FA38B127743046E9E7E1
:108E3000207D00B1012001F01FFE2846E2E700007E
:108E4000080200200D494A7A42B1012A08D0022ABC
:108E50000FD0032A0FD04FF0FF307047022200E0FE
:108E600004220270C97C11B11106C90D01700020E5
:108E700070470822F5E71022F3E7000008020020FF
:108E80000F494A7A42B1012A09D0022A11D0032A95
:108E900012D04FF0FF3070474FF4804201E041F6AE
:108EA0009C720280C97C11B1C2F34E010180002086
:108EB00070474FF48052F4E74FF40062F1E700008E
:108EC000080200200B49097A39B1012907D002298B
:108ED0000AD003290BD0002103E0FA2101E04FF46E
:108EE000FA710180002070474FF47A71F9E74FF46E
:108EF000FA61F6E7080200200A49097A41B101291E
:108F000008D002290AD003290AD04FF0FF30704759
:108F1000054900E005490160002070470449FAE76F
:108F20000449F8E7080200200000034300008342E0
:108F300033330342333383410C49C97A072913D2AF
:108F4000DFE801F01204060A0C0E1000BC2100E05C
:108F500062210180002070472A21FAE71421F8E7F6
:108F60000A21F6E70521F4E70021F2E708020020D4
:108F7000054991F8242012B14FF0FF307047C9899C
:108F80000180002070470000080200202DE9FC410C
:108F90004C4C80208DF8000020686B460122817CBB
:108FA00060680078FFF786FE4FF0FF37002832D167
:108FB0006420FEF705FF00258DF8005020686B4601
:108FC0000122817C60680078FFF774FE002870D170
:108FD00020686B460622817D60680078FFF732FECC
:108FE000002866D19DF805009DF80310C007400FCA
:108FF00001F0010140EA41019DF801004FF0010636
:1090000000F00100014309D0012905D0022915D043
:109010002DA0F7F743F94CE0E67410E020686B46AA
:109020000122C17860680078FFF70CFE40BB9DF814
:10903000000010F00F0020D0042822D0E574FF209B
:1090400004F80A0F4FF6FF7104F8020C04F8010C43
:109050006070A180A0712072A67026766576E57298
:10906000A572E56025616561A576E576A5834FF477
:10907000FA6000F06BFB18B907E01D48F7F70EF92E
:1090800017E01CA0F7F70AF9C6E7022000F080FA03
:1090900078B92A2000F0C2FB58B9322000F0F4FB66
:1090A00038B90020FFF7A4FE18B9002000F0A4FA98
:1090B00010B13846BDE8FC81002000F025FC0020FE
:1090C000F8E7000008020020556E737570706F722B
:1090D00074656420736F6674776172652070726F57
:1090E00064756374207265762025642E0A00000082
:1090F00068D8000848616C662073656E736974698E
:1091000076697479207061727420666F756E642E52
:109110000D0A00002DE9FF4FDFF89480064685B068
:1091200098F8250015460F464FF0FF39B0BBAFB396
:10913000002420E0301B102800DD102080B2834680
:109140003A1901469246204600F03AFC30BB6A4686
:109150005946204600F0D2F800BB50465A466946B0
:10916000F7F718F920B16FF0010009B0BDE8F08FF2
:1091700004EB0B0084B2B442DCD3280A8DF8100053
:109180008DF81150D8F80000444604AB817ED8F821
:10919000040002220078FFF78DFD08B14846E4E79D
:1091A000012084F825000898E0840020DDE7000015
:1091B000080200202DE9F84305464FF0FF39282822
:1091C00044D80727284C00267DB1012000F0F4FA8E
:1091D00020208DF800004FF00108012D17D0052D3B
:1091E00018D88DF8018005201FE0002000F0E4FA77
:1091F0008DF800608DF8017020686B460222817C3A
:1092000060680078FFF756FD00BB267529E08DF8F1
:109210000160E8E7142D04D802208DF801000A202F
:1092200003E003208DF80100142000F0F7FA9DF808
:1092300001006B4607EB80108DF8010020680222C8
:10924000817C60680078FFF735FD10B14846BDE8C5
:10925000F8830820A072267384F814800020FFF79A
:10926000C7FD0020F3E70000080200202DE9F843C5
:10927000214C0646174694F8240089464FF0FF38E3
:1092800090B3A07A80B320686B460222817A60682E
:109290000078FFF7D7FC38BBBDF8000045BAB542EF
:1092A00002D2002038701FE060684188B5EB510F92
:1092B00011D9216800786B46497C0122FFF7C2FC76
:1092C00090B99DF80000C00605D500F041F86FF098
:1092D0000100BDE8F8832068F2B24B46C17A6068AD
:1092E0000078FFF7AFFC08B14046F2E7B5FBF6F0B7
:1092F000401E38700020ECE708020020F8B5160088
:109300000D464FF0FF371FD0104CA17AE1B1010A92
:109310008DF80010C0B28DF80100411960684289D3
:10932000914211D8216800786B46097E0222FFF72E
:10933000C1FC48B92068EAB23346417D60680078D4
:10934000FFF780FC002800D03846F8BD0802002056
:10935000F8B5524C4FF0FF36A07A00287CD000259B
:109360008DF8005020686B460122C17B6068007850
:10937000FFF7A0FC00286FD120686B4601224179DD
:1093800060680078FFF796FC002865D120686B467E
:109390000122017960680078FFF78CFC00287AD1FF
:1093A00094F82400C8B30C208DF8000020686B46A8
:1093B0000122017960680078FFF77CFC00286AD1FF
:1093C000C0208DF80000A07AC00702D0E0208DF800
:1093D000000020686B460122017960680078FFF781
:1093E00069FC002857D1607C18B102208DF800007C
:1093F00001E08DF8005020686B460122C17B606857
:109400000078FFF757FC38BB8DF8005020686B469A
:10941000012241796068007839E0FFE704208DF887
:10942000000020686B460122017960680078FFF730
:1094300041FC88B9A07C80B9A07AC0070DD060201B
:109440008DF8000020686B46012201796068007881
:10945000FFF730FC00B902E01DE04020F0E7607C3F
:1094600018B101208DF8000001E08DF8005020684F
:109470006B460122C17B60680078FFF71BFC50B986
:109480002068064B01224179606810330078FFF7AD
:1094900011FC002800D03046F8BD00000802002072
:1094A0002DE9F047394C82468AB094F824000F46E3
:1094B00020B1002000F00EF9012600E0002607A8E8
:1094C000FFF700FD06A8FFF7BDFC09A8FFF734FD74
:1094D00008A8FFF74DFD94F80A9094F81080002535
:1094E000002239465046FFF7B9F910B16D1C022D24
:1094F000F6DB022D1AD00025012203A96846FFF7EA
:10950000ADF910B16D1C022DF6DB022D0ED003A9B2
:109510003846FDF72FFFC7B269465046FFF728FBD4
:1095200010F0FF0F4FF0000502D002E0002503E02D
:1095300001250FB945F00205FF2020726072E0722C
:109540004FF6FF71E181A072207401202073BDF8F5
:109550001C0000F0FBF89DF8180000F019F8BDF8A9
:10956000240000F05BF9BDF8200000F08DF94846BA
:1095700000F0CAF94046FFF73BFC16B1012000F0AD
:10958000A9F80AB02846BDE8F087000008020020CC
:1095900038B5184C4FF0FF35A17A19B3022806D020
:1095A000042806D008280ED010281BD10DE000207A
:1095B00000E008208DF80000607A9DF80010B0EB04
:1095C000D10F04D005E01020F4E71820F2E70020C6
:1095D00038BD20686B460122C17960680078FFF7CA
:1095E00069FB08B1284638BD9DF80000C0086072CC
:1095F000EDE7000008020020F8B5354C0546A07CD8
:10960000A84201D10020F8BD31484FF0FF366B462B
:10961000D0E900104FF001020979007835B3FFF767
:1096200011FB70BB9DF800006B4620F020008DF808
:10963000000020680122017960680078FFF73AFB9A
:10964000F8B90320FEF7BCFB02208DF8000094F867
:10965000220078B382202BE020686B460122017D36
:1096600060680078FFF726FB58B92EE0FFF7EAFAAA
:1096700038B9A07AC0079DF8000003D040F0200060
:1096800002E00CE020F020008DF8000020686B461E
:109690000122017960680078FFF70CFB08B13046C1
:1096A000F8BD0320FEF78CFB94F8220000B1802067
:1096B0008DF8000094F823000028CDD09DF800001C
:1096C00040F030008DF80000C6E7A5749AE700006E
:1096D0000802002038B51C4C94F8241081421DD09B
:1096E000002500B394F82500D0B1002001F0C4F9A2
:1096F0000020FFF781FFE08C00F0C6F88DF80050E5
:1097000060686B46012200782321FFF7D3FA01201D
:1097100084F8240001F0B0F9FFF71AFE002038BDEC
:109720004FF0FF3038BD002001F0A6F9207C8DF805
:10973000000060686B46012200782321FFF7BAFA27
:1097400084F82450E8E700000802002038B5194CDE
:109750004FF0FF35A17A31B3FA2809D0B0F5FA7F7E
:1097600008D0B0F57A7F0FD0B0F5FA6F1BD10DE0BD
:10977000002000E008208DF80000207A9DF80010FD
:10978000B0EBD10F04D005E01020F4E71820F2E789
:10979000002038BD20686B4601228179606800781E
:1097A000FFF788FA08B1284638BD9DF80000C008C8
:1097B0002072EDE70802002038B5174C054694F8F2
:1097C0002300A84201D1002038BD0DB1302000E0B7
:1097D00000208DF80000A07C28B19DF8000040F02A
:1097E00002008DF8000094F8220028B19DF80000D6
:1097F00040F080008DF8000020686B460122017D5A
:1098000060680078FFF756FA10B14FF0FF3038BDAE
:1098100084F82350D7E700000802002038B5194C1F
:109820004FF0FF35A17A31B3BC2801D3012010E0FD
:10983000622801D302200CE02A2801D3032008E08B
:10984000142801D3042004E00A2801D3052000E0F5
:1098500006208DF80000E07A9DF80010884201D1C2
:10986000002038BD20686B4601228178606800784E
:10987000FFF720FA08B1284638BD9DF80000E072D5
:10988000EEE7000008020020F8B51E4D04464FF038
:10989000FF37A87A48B395F8240030BB287D4FF4F1
:1098A0007A7648B164B1282C03D8E0B2FFF782FC85
:1098B00026E00020FFF77EFC042C05D2042406E0FD
:1098C0000020FFF777FCF9E7B44200D93446B6FB35
:1098D000F4F0401E8DF8000028686B4601224178A4
:1098E00068680078FFF7E6F908B13846F8BD9DF8DA
:1098F0000000401CB6FBF0F0E8814008FFF78EFF47
:109900000020F8BD08020020F8B5054610F0700FE1
:109910004FF0000601D0012004E015B18DF8006081
:1099200002E040208DF80000244C6B4601222068A4
:10993000817C60680078FFF7BDF94FF0FF3760BBAE
:109940009DF8000020F0400020738DF8006068064C
:1099500002D404208DF80000A80605D49DF800006C
:1099600040F002008DF80000E80605D49DF80000E4
:1099700040F001008DF80000280705D49DF8000094
:1099800040F038008DF8000020686B460122C17C51
:1099900060680078FFF78EF910B1A6723846F8BDFE
:1099A00025B1082D02D00020FFF706FFA57226750D
:1099B0003220FEF705FA0020F8BD00000802002062
:1099C000F8B516000D464FF0FF371FD0104CA17AA6
:1099D000E1B1010A8DF80010C0B28DF80100411903
:1099E00060684289914211D8216800786B46097EEF
:1099F0000222FFF75FF948B92068EAB23346417D99
:109A000060680078FFF756F9002800D03846F8BDA6
:109A100008020020002800DA4042704770470246E2
:109A2000012000E05043491EC9B2FBD2704700003C
:109A3000F8B54FF48061FE48F6F7E0FCFD4E0C24CB
:109A4000307805285FD0092860D0FB4800780128CD
:109A500004D0022804D0032804D008E0F7A202E0D2
:109A6000F7A200E0F8A200210846FBF779FE307863
:109A7000022822D0062822D0012822D0032822D072
:109A8000042822D005283ED009283FD0072870D0CE
:109A900008286FD0EDA200213C20FBF761FEEEA26A
:109AA0000A210020FBF75CFEED48007801287DD0FC
:109AB000EC48007801287AD090E0EBA2EBE7EDA229
:109AC000E9E7EEA2E7E7F0A2E5E7F248009400211B
:109AD000026805230846FBF707FEEF4800940423BD
:109AE000026800211E20FBF7FFFDEC4800940423D0
:109AF000026800213C20FBF7F7FDE94804230094AD
:109B00000021026850E0FBF74BFEC8E7FCF70EFFB0
:109B1000E4A200214220FBF723FEE44D0094D5F897
:109B2000200108B1012200E000220123002162206F
:109B3000FBF7DAFD0094D5F8100108B1012200E02E
:109B40000022012300216920FBF7CEFD0094D5F807
:109B5000240108B1012200E000220123002170202D
:109B6000FBF7C2FDD2480094D0F8200118B10122C1
:109B700002E028E029E00022012300217720FBF702
:109B8000B3FDCC480078B0B1012816D0022816D019
:109B9000032816D0C8A20A215220FBF7E1FDC748CE
:109BA0000094022302780A215A2001E00FE010E01D
:109BB000FBF79AFD73E7C2A2EDE7C2A2EBE7C2A2F0
:109BC000E9E7C2A2E7E7C2A265E7C3A263E7C5A2CD
:109BD00000E0C6A20A215220FBF7C2FD307804281B
:109BE00001D0052803D1C2490978012909D00128EB
:109BF00003D0022801D0032808D1BE4800780128EC
:109C000004D1BDA20A215220FBF7AAFDBC4FBD4DD5
:109C10003868A84207D3BCA20A213020FBF7A0FD78
:109C20003868A84204D2B9A20A213020FBF798FD77
:109C3000386801F043FFFFF7EDFE024603230A21D7
:109C400038200094FBF750FD307805287ED0B0A274
:109C500014210020FBF784FDAF4E3068A84207D3E3
:109C6000A9A214212A20FBF77BFD3068A84204D268
:109C7000A6A214212A20FBF773FD306801F01EFF15
:109C8000FFF7C8FE02460423142132200094FBF79C
:109C90002BFDA248009405230088142182B2522093
:109CA000FBF722FD9EA214217220FBF759FD9DA215
:109CB0001E210020FBF754FD9B4E3068002811DA6E
:109CC00091A21E211020FBF74BFD3068FFF7A2FE8A
:109CD000024604231E211A200094FBF705FD30687C
:109CE00000280EDB89A21E211020FBF739FD306809
:109CF000FFF790FE024604231E211A200094FBF772
:109D0000F3FC8A4E7068A84207D37FA21E213C2034
:109D1000FBF726FD7068A84204D27CA21E213C20DD
:109D2000FBF71EFD706801F0C9FEFFF773FE0246E7
:109D300004231E2144200094FBF7D6FC7CA21E21A4
:109D40006020FBF70DFD7CA2282100E016E1002039
:109D5000FBF706FD794F3868002811DA6AA228213E
:109D60001020FBF7FDFC3868FFF754FE0246042381
:109D700028211A200094FBF7B7FC386800280EDB76
:109D800062A228211020FBF7EBFC3868FFF742FEA7
:109D90000246042328211A200094FBF7A5FCB06892
:109DA000A84207D358A228213C20FBF7D9FCB06871
:109DB000A84204D255A228213C20FBF7D1FCB06870
:109DC00001F07CFEFFF726FE0246042328214420F2
:109DD0000094FBF789FC56A228216020FBF7C0FC09
:109DE00057A232210020FBF7BBFC56A232211E20D5
:109DF000FBF7B6FC52A232214020FBF7B1FC524DDA
:109E0000642102232868009490FBF1F23221132090
:109E1000FBF76AFC28680A2690FBF6F090FBF6F147
:109E200006FB1102012332212A2000948EE000005B
:109E3000601400201000002008000020444D500055
:109E40004B616C6D616E0000432046004E6F726D79
:109E5000616C202000000000416E676C650000000E
:109E60001300002048000020466F6C6C6F772020A4
:109E700000000000524F53202020000041766F69FF
:109E800064202020000000005374726169676874C8
:109E900000000000B4010020B8010020BC01002037
:109EA000C00100204952444D000000000000224241
:109EB0000080214213030020440000001103002011
:109EC0004F0000004300000053000000420000006B
:109ED000555F41766F696400555F466F6C6C6F77B4
:109EE000000000005053322000000000522D4300BB
:109EF00014000020880000204C696461720000009A
:109F000070000020000080802D0000002B00000069
:109F10004779726F78000000740000207C000020F8
:109F20006D6D00004C00000060000020FC0100206E
:109F30006D6D2F73000000005200000064000020CF
:109F4000560000002E0000006C000020FBF7CCFB48
:109F50002868012390FBF6F106FB11023221084626
:109F60000094FBF7C1FB1E4C207870B31DA2322178
:109F70005F20FBF7F5FB207838B32CE01AA2142100
:109F80000020FBF7EDFBAFF27C0214210A20FBF767
:109F9000E7FB164800940323027814211920FBF7ED
:109FA000A3FB13A214214620FBF7DAFBAFF2A402B5
:109FB00014215020FBF7D4FB0E48009403230278B1
:109FC00014215F20FBF790FB71E6FFE70AA2322124
:109FD0005F20FBF7C5FBBDE8F840FBF717BB0000AF
:109FE0000E0000204F4646005A000000900000205E
:109FF00059000000910000204F4E20002DE9F04D47
:10A000001D460C4698B0174621F0004123F000434E
:10A01000002814BF4FF0010C4FF0000C0CEB440C67
:10A02000FE4A0CEB02064FEA620C66452BD33E005B
:10A0300018BF012606EB45061644F94A964222D37C
:10A04000F84A53EA070C02D0944205D148B918B037
:10A0500000201146BDE8F08D002808BF4FF0000C2D
:10A0600001D04FF0010C0CEB440212F5001F0AD88E
:10A07000002F14BF4FF0010C4FF0000C0CEB450209
:10A0800012F5001F07D918B03A462B462146BDE805
:10A09000F04DFDF756B90022DFF88CA3002CB8BFB5
:10A0A000534526DADFF884C36345A8BF022220DACD
:10A0B000DFF870C39C451CDCDFF874C30CEB235C39
:10A0C000BCF1140F08DDCCF1340627FA06FC0CFABB
:10A0D00006F6BE420DD108E05FB9CCF1140623FAB2
:10A0E00006FC0CFA06F69E4203D10CF00102C2F106
:10A0F000020251EA000C19D1002D17DA002C18BF0A
:10A10000022A01D0012A07D00220F6F73FFA18B040
:10A11000BDE8F04DFDF70AB90220F6F737FAFDF772
:10A1200005F918B081F00041BDE8F08DB7F1000CE1
:10A130006CD1534525D104F1804212F5801201BF44
:10A1400000280020B74918B008BFBDE8F08DB54819
:10A15000884207DC002DA1BF6046294618B0BDE843
:10A16000F08D07E0281E05DA80F0004118B0604647
:10A17000BDE8F08DAF497944D1E9000118B0BDE8E0
:10A18000F08DDFF8A0C2634525D1002D1FDA19B18B
:10A19000514512D1D8B909E0002840F0EC82A24A1A
:10A1A000214618B062F31E01BDE8F08D0020214663
:10A1B00018B060F31E01BDE8F08D08DA18B0234630
:10A1C000BDE8F04D02460020614600F0A7BD18B082
:10A1D0002146BDE8F08D514518DAB5F1804F0DD01C
:10A1E000A5F1005CBCF1FF5C10D1B4F1000C0DDBFB
:10A1F00018B06146BDE8F04D00F06ABC234618B0C7
:10A200000246BDE8F04D194600F0B2BF060024F04A
:10A21000004C3BD1D9B1514533D1002C06DD002D86
:10A22000A1BF0020514618B0BDE8F08D002C01DD23
:10A23000002D1BDB002C13DA002D11DB012A4FF05F
:10A24000000014BF78497C4918B0BDE8F08D022A9F
:10A2500018BF002C0AD0012A08D1002C06DA0AE027
:10A26000002CB8BF002D11DA012A04D0002018B04C
:10A270000146BDE8F08D18B000204FF00041BDE868
:10A28000F08DA1F14050B0F17F601AD0012000EBB9
:10A29000E47050EA020421D0624C521E4FF0000BD1
:10A2A000104304BF4FF0000B644C654883427CDDD3
:10A2B000644A654893421FDD884217DB002D25DB89
:10A2C00037E0002C00DA4AB1022A0CBF01204FF01F
:10A2D000FF3018B0BDE8F04D00F0E3BE0120F6F706
:10A2E00055F918B0BDE8F04DFDF72DB84D4A8A423A
:10A2F00002DC002D0ADC1CE0814202DA002D18DAB3
:10A3000004E0484B994220DD002D12DD0220F6F7D3
:10A310003DF9FDF71EF805460E4600225346584605
:10A32000214600F025FF18B066F31E012846BDE85F
:10A33000F08D0220F6F72AF9FDF712F80A462146B9
:10A3400018B062F31E01BDE8F08D00223046614670
:10A3500001F034F980460E466FF0010201F0F9FD7C
:10A360004FF05532394B01F037F84246334600F092
:10A37000FFFE0022364B01F02FF88246424633465C
:10A3800004911046194600F0F3FE5246049B00F07B
:10A39000EFFE8A4600904FF0C0422E4B40463146B9
:10A3A00000F0E6FE2C4A2B4B00E027E0CDE9060149
:10A3B0005146009800F0DCFE82460191274A284B66
:10A3C0004046314600F0D4FE5246019B01F0F6F8BB
:10A3D00082460B4602460591DDE9060100F0E2FBEC
:10A3E000DDE9062300268846304601F0E7F85246AC
:10A3F000059B00F0F1FF024600F07EB90020B1F5A8
:10A40000801F07DA35223046614601F0A2FD06467C
:10A410006FF0340000EB215024E00000FFFF1F002C
:10A42000FFFF0F000000F03F0000F07F00004043FE
:10A4300001FCFFFFE63600000000F0FF0000F0BF67
:10A440000000E0410000F043FFFFEF3F5555D53FCE
:10A450000000E03F4715F73FFE822B6544DF5DF8C3
:10A460000BAE543EA0F2FF300190C1F3130040F058
:10A470007F6141F040510291FE498842D8BF0020DF
:10A4800004DDFD498142C8BF012001DD0D9008E0D7
:10A4900000200D900198401C01900298A0F58010BA
:10A4A00002900299F54878440B910D9900EBC10098
:10A4B000D0E900230F9330460A920B9901F07EF801
:10A4C000CDE90601DDE90A2130460F9B00F06AFB69
:10A4D00002460B460020EA4900F020FC05910246A6
:10A4E0000B460090DDE9060100F042FE1490E548BD
:10A4F0008A464FF0000878440299006812904FF0A5
:10A50000005040EA61010D980F9B01EB804000F57F
:10A51000002109910A9A129801F050F832460B9BDB
:10A5200000F05AFF4246534600F022FE06460291D2
:10A5300040465146099B129A00F01AFEDDE90623B7
:10A5400000F04AFF3246029B01F038F8059B009A62
:10A5500000F00EFE0091149A0490534610461946DE
:10A5600000F006FE06460246C7480B460291062149
:10A570007844FCF786FECDE90510029B3246104672
:10A58000194600F0F5FDDDE9053200F0F1FD059119
:10A590000646534640461946149A00F003FB009BBA
:10A5A000049A00F0E5FD3246059B00F0FBFACDE988
:10A5B0000510424653461046194600F0D9FD0022C8
:10A5C000B24B02910A9000F0EDFADDE9053200F09D
:10A5D000E9FA0E464246AD4B404600F0EFFF029BC3
:10A5E0000A9A00F0EBFFDDE9053200F0F5FE424685
:10A5F00002910A9033461046514600F0B9FDCDE96C
:10A6000006015346149A02990A9800F0B1FD8A4651
:10A610000290334642460099049800F0A9FD534643
:10A62000029A00F0BFFA82460B4602460591DDE928
:10A63000060100F0B7FADDE9062300208846064649
:10A6400000F0BCFF5246059B00F0C6FE8246099111
:10A650004FF060428E4B3046414600F089FD049039
:10A6600006918C4A8A4B5046099900F081FD82463A
:10A670000291894A894B3046414600F079FD5246A5
:10A68000029B00F08FFA864B7B440D9A03EBC203CA
:10A69000D3E9002300F086FA0E900791019800F0AC
:10A6A00000FD0591DDE9061382460E9A049800F03C
:10A6B00079FA7C4A7A440D9B02EBC303D3E9002369
:10A6C0000093029200F06EFA5246059B00F06AFA7F
:10A6D0000026884652463046059B00F06FFF009BDF
:10A6E000029A00F06BFF069B049A00F067FF079B3D
:10A6F0000E9A00F071FE024600200B46029038468A
:10A70000294600F035FD824601912B463846194610
:10A71000029A00F053FF3246434600F029FD5246AC
:10A72000019B00F03FFA07468A46324643462946D7
:10A73000029800F01DFD05460E463A46534600F0CD
:10A7400031FA594A8846914221DBA8EB020353EAC9
:10A75000000210D12A46334600F030FFCDE9040153
:10A76000524A534B3846514600F01CFADDE90423A7
:10A7700000F0FCFD21D20220F5F708FFFCF7E9FD0F
:10A780000A46214618B062F31E01BDE8F08D494B20
:10A7900028F000429A4210D3474A08EB020353EADA
:10A7A00000027FF4C6AD2A46334600F007FF3A4662
:10A7B000534600F0DBFD7FF6BCAD0022019228F08D
:10A7C00000403E493E4A01EB2051824223DA481CB8
:10A7D0004FF4801121FA00F040443A4AC0F30A5184
:10A7E0007A44394BA1F2FF31CB4020EA0303C0F396
:10A7F000130040F48010C1F11401C84012680190A8
:10A80000B8F1000FBCBF404201902846314600F02D
:10A81000D5FE05460E462A4633463846514600F0D8
:10A82000C1F94FF000084246284B4046059100F020
:10A830009FFCCDE90601264A264B4046059900F0CB
:10A8400097FC009102902A4633464046059900F055
:10A85000B5FE3A46534600F0BFFD1F4A1F4B00F0BD
:10A8600087FC009B029A00F09DF907468846024645
:10A870000B4635E08E9803007AB60B009632000046
:10A880000000F03F66330000FC310000000008408B
:10A8900009C7EE3FFD033ADCF5015B14E02F3EBE35
:10A8A000D43000009830000000009040FE822B65FC
:10A8B0004715973C00CC904000346F3F01FCFFFFF0
:10A8C0000000E03F7C300000FFFF0F00432EE63F1A
:10A8D000396CA80C615C20BEEF39FAFE422EE63FCF
:10A8E000DDE9060100F05EF9DDE9062305460E46C6
:10A8F00000F064FE3A46434600F06EFD0F462A46DD
:10A90000334600901046194600F032FC824602465B
:10A910002E4888460B4605217844FCF7B2FC524687
:10A92000434600F025FC2A46334600F055FD80469C
:10A930008A463B4628463146009A00F019FC3B46C1
:10A94000009A00F02FF90691009000224FF080430A
:10A950004046514600F032FE0F460C9042465346A8
:10A960002846314600F004FC3B460C9A00F0D6F92C
:10A97000069B009A00F022FE2A46334600F01EFE97
:10A980000022134B00F028FD054601980E4601EB0E
:10A9900000510815002810DC28463146019A01F0C4
:10A9A000D8FAFCF74AFC042808BFFCF7D9FC284673
:10A9B0003146019A01F0CDFA05460B4618B02A46F9
:10A9C00058462146BDE8F04D00F0D2BB842E000071
:10A9D0000000F03F10B588B0694604A8FEF760FD9E
:10A9E000072835D107A8FEF787FA049801F0A2F8E6
:10A9F00007990C4601F0FEF801F060F80490059804
:10AA000001F098F8214601F0F5F801F057F80590AB
:10AA1000069801F08FF8214601F0ECF801F04EF8AD
:10AA2000069004A8FDF7A0FC03A8FEF729FABDF8DC
:10AA30000C00009941430091019941430191029911
:10AA4000414368460291FDF7F1FB02A0F5F726FCB1
:10AA500008B010BD73657474696E672062696173B4
:10AA60002073756363657366756C6C79202E2E2E6A
:10AA70002E2E2E0D0A000000F8B5144C0146224679
:10AA800094F82460D2E9000200235D1E56B179B12A
:10AA9000022111E0C17B10786B460122FEF70AF912
:10AAA00068B90EE0A67A56B111B1617C61B902E0D5
:10AAB0008DF80030EEE701218DF80010EAE7284616
:10AAC000F8BD9DF8000060740020F8BD0802002069
:10AAD0002DE9F04106460F4600F08AFC041E0D46A3
:10AAE00018BF0120284320F00040C0F17F6000F132
:10AAF000E040C00F0ED0301C18BF0120384320F0BA
:10AB00000040C0F17F6000F1E040C00F04BF0120B1
:10AB1000F5F73CFD20462946BDE8F081884201DA80
:10AB2000084670479042FCDD1046704703490860B4
:10AB3000081F01684906FCD5704700000438014031
:10AB400021F00042A2F16052B2F5801F01F00043F3
:10AB500028BFD2F17F6C0BD95FEA001C43EAC20226
:10AB600042EB507018BF704728BF20F001007047BB
:10AB7000B2F5801FBCBF184670474FEA410C1CF568
:10AB8000001F02D2084601F0FCB870B500F09AFB35
:10AB900000000089FFF7F6BF4FF00040A0F58000ED
:10ABA0007047000010B591EA030F48BF83F00043DF
:10ABB00000F10C85841A71EB030C05D2121943EBDA
:10ABC0000C03001B61EB0C01DFF824E14FEA115488
:10ABD000A4EB135C1EEA430F18BF9EEA445F73D0D8
:10ABE00023EA0E03DCF1200E21EA045143F4801322
:10ABF00032D322FA0CFE10EB0E0023FA0CFE41EBCE
:10AC00000E01CCF1200E03FA0EFE10EB0E0051F1F6
:10AC10000001B1F5801FCCF1200E32D201EB0451BE
:10AC200012FA0EF2BDE8104058BF7047401C38BF02
:10AC30005FEA420218BF7047002814BF20F00100ED
:10AC400041F100014FEA410313F5001F38BF70477F
:10AC5000A1F1C04100F084BB012A43EB0302ACF137
:10AC6000200CDCF11F0E32BF4FF0000E23FA0CF364
:10AC700010EB030041EB0451B4EB115FD0D0A1EB1A
:10AC8000045101F5801149085FEA300001EB0451DD
:10AC90000ED350F1000038BF12FA0EFE08D1BDE805
:10ACA0001040C9E7401C38BF5FEA4202CAD1C3E77F
:10ACB000BDE810404FEA410313F5001F38BF70474D
:10ACC000A1F1C04100F04CBB9EEA445F08D011EAFC
:10ACD0005E0FBDE8104004BF01F000410020704746
:10ACE000BDE8104070B500F0EDFA00BF64FBBE3E59
:10ACF0000000E0FF02494FF0000001F0F8B800BF8B
:10AD00000000F87F491058BFC1F140415B1058BFA7
:10AD1000C3F140438B42EFF3008070472DE9C041FF
:10AD200030B4DFF8A0C23CEA111418BF3CEA131497
:10AD300000F0EC8081EA03051CEA111444EAD574A2
:10AD400018BF1CEA131500F0C780A4EB05044FF0F0
:10AD5000004545EAC12145EAC32341EA505143EA8F
:10AD6000525304F17F74994204F500344FEAC02035
:10AD70004FEAC22208BF904200F09C804FEA136560
:10AD80000FF24016765D4FEA134506FB05F7C7F153
:10AD9000807706FB07F74FEAD737A7FB03687642B1
:10ADA000C8F58038A7FB06CE38BFA8F1010807FB1D
:10ADB00008E64FF0000EA6FB028CE6FB03CEDCF1AA
:10ADC000000CCEF1004E38BFAEF1010EA6FB0C58C0
:10ADD0004FF000074FF00005E6FB0E87A1FB08C609
:10ADE000A0FB07CE16EB0E0645F10005E1FB07655B
:10ADF00015F1E04E7EBFA4F580345FEA46066D4152
:10AE000016F1800745F100054FEA17274FEA06665D
:10AE100047EA0567A6F1DE46B6F1805F4FEA1525E1
:10AE20001FD9384624F0010C05EBC471BCF1FE6F4C
:10AE300001EB0C1102D8F0BCBDE8008124425CBFDC
:10AE400001F5801E9EEAC47F02D4F0BCBDE80081FB
:10AE5000244238D4F0BCA1F1C041BDE8004100F06B
:10AE60007FBA4FEAD22242EA43524FEAD323A7FBEA
:10AE700002864FEAD02040EA415007FB03661EEAF3
:10AE80000E0F4FEAD12105FB026658BFA6EB005614
:10AE9000B6EB00564FEA520E4EEAC37E18EB0E0E8A
:10AEA00056EB530EBDD518EB02085E417F1C55F1E1
:10AEB0000005B6E74FF480154FF000074FF000068D
:10AEC0004FF00008ADE7F0BC4FF0000001F1C041C9
:10AED00001F00041BDE8008111EA0C1F0CEA1315D6
:10AEE00000D00CE013EA0C1F00F025804FF00000AA
:10AEF000F0BC81EA030101F00041BDE80081F0BC33
:10AF0000BDE8004181EA030100F02ABAF0BCBDE8C7
:10AF1000004170B500F0D6F9097EFC3E00F007B89C
:10AF200081EA03014FF0000001F00041704781EA1F
:10AF3000030100F015BAF0BCBDE800414FF000007D
:10AF400021497047FFFDFBF9F7F5F4F2F0EEEDEB68
:10AF5000E9E8E6E4E3E1E0DEDDDBDAD8D7D5D4D317
:10AF6000D1D0CFCDCCCBCAC8C7C6C5C4C2C1C0BF63
:10AF7000BEBDBCBBBAB9B8B7B6B5B4B3B2B1B0AF69
:10AF8000AEADACABAAA9A8A8A7A6A5A4A3A3A2A14D
:10AF9000A09F9F9E9D9C9C9B9A9999989797969508
:10AFA00095949393929191908F8F8E8E8D8C8C8BA4
:10AFB0008B8A89898888878786858584848383822C
:10AFC000828181800000FF070000F87F51EA030CB6
:10AFD00017D41CF5801F58BFBCF5801F00F10680F8
:10AFE000994218BF704708BF9042704707D711F5C4
:10AFF000801F58BF13F5801F19D4994270478942AA
:10B0000070471CF5801F08D5BCF5801FF7D58B4213
:10B0100018BF704708BF824270474FF4001C1CEBFA
:10B02000410F38BF1CEB430F01D28B42704770B504
:10B0300000F048F9922449004FF000514FF080533E
:10B04000FFF760BE4FEA41034FEA5353A3F5806315
:10B05000D3F11E03C8BFD3F1210C0CDD4FF0004229
:10B0600042EAC12242EA505232FA03FC8CEAE17C05
:10B07000ACEBE1707047102BC4BF0020704703F5A4
:10B08000787CBCF1FF3F04D06FF0004282EA2100DF
:10B09000704770B500F016F949922480002070477F
:10B0A000F2E710F0004248BF4042B0FA80F310FAD5
:10B0B00003F10AD0C3F11D0303F580634FEA415049
:10B0C00002EB035202EBD12170474FF000007047B2
:10B0D000B0FA80F310FA03F10AD0C3F11D0303F5AF
:10B0E00080634FEA41504FEA035202EBD12170478F
:10B0F0004FF000007047000051EA030C17D41CF514
:10B10000801F58BFBCF5801F00F10680994218BF10
:10B11000704708BF9042704707D711F5801F58BF8E
:10B1200013F5801F19D499427047894270471CF566
:10B13000801F08D5BCF5801FF7D58B4218BF70471C
:10B1400008BF824270474FF4001C1CEB410F38BF10
:10B150001CEB430F01D28B42704770B500F0B2F880
:10B16000922449004FF000514FF08053FFF7CABDC1
:10B17000DFF848C170B51CEA111E1EBF1CEA13158A
:10B180009EEA0C0F95EA0C0F00F06F8081EA030431
:10B1900023EA4C134EEAD47E21EA4C1141F480118B
:10B1A00043F48013AE44A1FB024CA0FB0365AEF157
:10B1B0007F7E361955EB0C05A1FB034C4CF10003C7
:10B1C000A0FB021C16EB0C06654153F1000309427B
:10B1D00018BF46F0010613F4007F0BD14FEA03318C
:10B1E0004FEA0530340341EA155140EA16506FF03A
:10B1F00003020AE04FEAC3214FEAC520F40241EA04
:10B20000555140EA56506FF0020202EB2E4201EB1C
:10B21000025585EACE710AD05FEA440C18BF24F0CB
:10B22000004450F1000041F1000120EAD47040F2E6
:10B23000FE7C624500D270BDA84214BF4FF080442E
:10B240004FF04044002E08BF0024BEF1806FA8BF1D
:10B25000A1F1C041BDE8704080F282804FF0000053
:10B2600001F1C04101F0004170479EEA0C0F0CEA69
:10B27000131518BF95EA0C0F06D04FF0000081EAB5
:10B28000030E0EF0004170BD00F01CF88900013E75
:10B2900000F007B800F009B84FEA430C5FEA5C5CC5
:10B2A00008D081EA030100F05BB84FEA410C5FEA85
:10B2B0005C5CF6D14FF00000014970470000FF07C9
:10B2C0000000F87F0EF1020E2EF0030E5EF8046B04
:10B2D000364205D4012A43EB030515F5001F12D8A9
:10B2E000012841EB010C1CF5001F0CD80ED14FEAD0
:10B2F000D17C15F5001F0CEB4C0C0CF1020C08BFB7
:10B300004CEBD37C04E04FF0080C01E04FEAD37C17
:10B310000CEB4C0526FA05F606F00706B6F1040C10
:10B3200006D20EEB860CBDE870404CF0010C604775
:10B33000DFE80CF0090B02024FF000414FF0000073
:10B34000A1F5002170BD19461046012851EB0104FA
:10B3500018BFD4F5001484BF002001F0004170BD77
:10B360000808A0F500114FEA3101704753EA010CBB
:10B3700017D41CF5801F58BFBCF5801F00F1068054
:10B380008B4218BF704708BF8242704707D713F53A
:10B39000801F58BF11F5801F19D48B4270479B4204
:10B3A00070471CF5801F08D5BCF5801FF7D5994262
:10B3B00018BF704708BF904270474FF4001C1CEB49
:10B3C000430F38BF1CEB410F01D2994270470FB4B5
:10B3D0000CBC03BCFFF7C1BE91EA030F10B581F0AE
:10B3E00000413FF5E7AB83F0004300F0EFB8000009
:10B3F0002DE9F04101F5801CBCF5001FC0F2C380AF
:10B400004FEA115C21EA0C510CF1FD0C41F4801162
:10B410005FEA5C0C0CF5C07C01D3400049413DA4BF
:10B42000890241EA905187028E0E0A0CA45D04FB4A
:10B4300004F602FB06F6C6F14046A4FB0662F60DD2
:10B4400046EA422606FB06F4A4FB01235242C3F15E
:10B45000404338BF5B1EA6FB02420024E6FB0324E8
:10B46000D20B42EA4446A6FB0623A1FB02E2A3FB61
:10B4700007E4A4184FF0000252F10002E3FB01427E
:10B480006442C2F1404E38BFAEF1010EA6FB042368
:10B490004FF00002E6FB0E32A2FB03464FF0000421
:10B4A000B61954F10004E2FB0264A1FB06E6A4FB1A
:10B4B00007E816EB08064FF0000858F10008E4FB17
:10B4C00001687642C8F1405838BFA8F10108A2FBD4
:10B4D00006E4A3FB08E52D194FF0000454F1000425
:10B4E000E2FB0854A1FB05E6A7FB04E818EB0608FD
:10B4F0004FF0000656F10006E1FB048618F1200526
:10B5000056F10006A809A8F11B08B10908F03F0888
:10B51000B8F10A0F40EA86601CD901EB0C51BDE876
:10B52000F08100BFFCF5EEE8E2DDD8D3CFCBC7C396
:10B53000C0BDB9B6B4B1AEACA9A7A5A3A19F9D9B50
:10B540009A9896959392908F8D8C8B898887868513
:10B5500084838281A0FB006800FB01F208EB4208B3
:10B56000B8EB872807D5341858EB0104D5D5401C13
:10B5700051F10001D1E7341A78EB0104CDD4401E1B
:10B5800071F10001C9E75FEA4C0C5FEA9C5C0DD1E8
:10B5900005D34FF0000001F00041BDE8F081BDE8A7
:10B5A000F04170B5FFF78EFE6DDBFFBEBDE8F041E8
:10B5B0004FF00000004970470000F87F10B591EA95
:10B5C000030F48BF83F000433FF5F4AA841A71EBE0
:10B5D000030C07D212198CF0004C43EB0C03001B38
:10B5E00061EB0C01DFF8A4E14FEA1154A4EB135C0A
:10B5F0001EEA430F18BF9EEA445F00F0B08023EAC2
:10B600006E03524221EA0451C3EB6E0338BF5B1E46
:10B61000DCF1200E25D322FA0CFE10EB0E0043FACB
:10B620000CFE41EB0E01CCF1200E03FA0EFE10EBE6
:10B630000E0051F10001CCF1200E29D412FA0EF2C5
:10B6400001EB0451BDE8104058BF7047401C1CBFBF
:10B65000B2F1004F704700280CBF491C20F00100D8
:10B66000704712EB020E43EB030218BF4FF0010EBE
:10B670004EEA4202ACF1200CDCF11E0E54D943FA22
:10B680000CFE10EB0E0051F1FF31CCF11E0ED5D5A2
:10B690000EF1010E12FA0EFE404141EB010101EBE9
:10B6A000445C5FEA5C5C10D910EBDE7001EB045186
:10B6B00038BFBEF1004FBDE8104018BF70470028EA
:10B6C0000CBF491C20F00100704730D24FEAD42C47
:10B6D00011F5001124F400641BD0B1FA81F20B3A89
:10B6E000A41AA41ED2F12003914030FA03F31943A7
:10B6F000904001EBCC71002C01EB0451BDE81040EF
:10B70000A8BF704701F1C0414FF0000001F00041B7
:10B710007047B0FA80F310FA03F100D110BDE41ABB
:10B72000173C4805C90AE4E701EB045110BD491074
:10B7300001EB0451BDE810404FEA300002E04FF049
:10B74000000170474A0008BF0042F8D0B2F5001F60
:10B7500028BF704701F000414FF0000070479EEA9B
:10B76000445F07D011EA5E0FBDE8104004BF00211E
:10B7700000207047BDE8104070B5FFF7A3FD00BF83
:10B7800040DFF63E83F00041104670470000E0FFC6
:10B7900043004FEAD30C4FEA3C0C43401FBF400725
:10B7A0000CF1605113F0FE4F70471CF0006F03D195
:10B7B00000200CF0004170470CF0004343EA507049
:10B7C00010B540EACC0000F096FA00BF00000092ED
:10B7D0004FEA0001FFF7C4BD4FF000414FF00000F9
:10B7E000A1F500217047000090EA010F48BF81F0E9
:10B7F000004100F10E83421A3CBF801A89184FEABB
:10B80000D0524FF07F4C1CEA410FA2EBD15318BF2E
:10B810009CEA026F00F03B804FF0004C4CEA0020A5
:10B820004CEA012121FA03FC10EB0C0C1ED202F1B0
:10B83000FF325FEA1C2040EBC25038BF70471CF05B
:10B840007F0F4FEA400C18BFBCF17F4F38BF7047E5
:10B85000C3F12003994008BF20F00100BCF17F4FE5
:10B8600038BF7047A0F1C04000F08BBA4FEA3C00EF
:10B87000000A40EBC25028BF1CF0FF0F4FEA400CFB
:10B88000E6D018BFBCF17F4F38BF7047EAE79CEAAB
:10B89000026F05D010EA5C0F08BF00F0004070474F
:10B8A00010B500F028FA00BF64FBBE3E014800F06E
:10B8B0001EBB00BF0000C07F401058BFC0F1404019
:10B8C000491058BFC1F140418142EFF300807047F9
:10B8D0004FF47F0C1CEAD0121EBF1CEAD11392EA6F
:10B8E0000C0F93EA0C0F00F0858090EA010F48BF1F
:10B8F00042F4807240F4000C41F400002CF07F41CF
:10B9000020F07F4000B58142A2EB03020FF2081C39
:10B91000ACEB504EC0F100009EF800E04FEA4E0E36
:10B9200000FB0EFC38BF49004FEA2C1C02F5FA025E
:10B930000CFB0EF34FEACE1E4FEA112C4FEAC12149
:10B940000EEB635E42EB22420EFB0CFC4FEA1C53F3
:10B9500000FB03114FEA112C4FEA01310EFB0CFCE6
:10B960004FEADC4C00FB0C11C14228BF09184CEB1C
:10B9700003335DF804EB10EB410143EBC250B2F529
:10B980007C0F38BF704729D512F0F00F1CBF00F1B3
:10B99000C04000F000407047008182838485868724
:10B9A00088898B8C8D8E8F919293959697999A9C7E
:10B9B0009D9FA0A2A3A5A7A8AAACAEB0B2B3B5B7ED
:10B9C000B9BCBEC0C2C5C7C9CCCED1D4D7D9DCDFC3
:10B9D000E2E6E9ECF0F3F7FAFE0000004FEA400C73
:10B9E0000CF1807CBCF17E4F28BF7047B0F1C040A5
:10B9F00000F0C7B990EA010F0CEAD11348BF42F436
:10BA00008072624538BF634507D213F47F0F16D0AA
:10BA100080EA010000F00040704710B500F06BF9BB
:10BA2000097EFC3E00F005B880EA010000F000400D
:10BA3000704780EA010000F0004000F0A2B912F463
:10BA40007F0F04BF0248704780EA010000F099B9F7
:10BA50000000C07F50EA010C00F113801CF5000FBC
:10BA600058BFBCF5000F01D48842704707D710F5C6
:10BA7000000F58BF11F5000F15D488427047894256
:10BA800070471CF5000F04D5BCF5000FF7D58142B7
:10BA900070474FF0807C1CEB400F38BF1CEB410F10
:10BAA00001D28142704710B500F025F99224490077
:10BAB0004FF000504FF08051FFF7FEBE41000B0EDB
:10BAC000D3F19E0208D950F400034FEA032323FA6E
:10BAD00002F048BF4042704710B500F00CF900BFBB
:10BAE00049922480002070476FF0004282EA2000D3
:10BAF00070470000C10DD1F19E0206DB4FEA002322
:10BB000043F0004323FA02F07047004207D54FEAA2
:10BB10004001B1F1FE4F02D24FF00000704710B566
:10BB200000F0E9F849922480002070476FEA200075
:10BB30007047000010F0004148BF4042B0FA80F367
:10BB400010FA03F2C3F19D030BD051EAC35101EB8C
:10BB50001220530638BF704700F1010008BF20F0E3
:10BB600001007047B0FA80F310FA03F2C3F19D03AD
:10BB70000AD0D90501EB1220530638BF704700F1F7
:10BB8000010008BF20F001007047000050EA010CDE
:10BB900000F113801CF5000F58BFBCF5000F01D455
:10BBA0008842704707D710F5000F58BF11F5000FF6
:10BBB00015D488427047894270471CF5000F04D5A0
:10BBC000BCF5000FF7D5814270474FF0807C1CEB2D
:10BBD000400F38BF1CEB410F01D28142704710B5B6
:10BBE00000F089F8922449004FF000504FF0805146
:10BBF000FFF762BE4FF47F0C1CEAD0121EBF1CEA96
:10BC0000D11392EA0C0F93EA0C0F00F0478090EAF0
:10BC1000010F48BF42F480724FF0004C4CEA002004
:10BC20004CEA012102EB0302A0FB0113A2F5000282
:10BC3000002918BF43F001035B0028BF4FEA33031C
:10BC400042EB22425FEA132C4CEBC2502EBFBCEBFE
:10BC5000436FB2F57C0F70474FEA036CBCF1004FA5
:10BC600008BF20F00100B2F57C0F38BF70470BD53C
:10BC700082F0FF0212F5803FC8BF704700F1C0405C
:10BC8000D8BF00F00040704700F5000C5FEA4C0C94
:10BC900048BF7047B0F1C04000F073B890EA010FA0
:10BCA0000CEAD11348BF42F48072624538BF634545
:10BCB00004D280EA010000F00040704710B500F0A7
:10BCC0001AF800BF8900013E00F007B800F009B87B
:10BCD0005FEA410C5FEA1C6C08D080EA010000F0CA
:10BCE00050B85FEA400C5FEA1C6CF6D14FF00040A0
:10BCF000A0F5800070470EF1020E2EF0030E5EF8E4
:10BD0000044B244204D44FEA4102B2F17F4F11D8D0
:10BD10004FEA4003B3F17F4F0CD80ED14FEAD07CED
:10BD2000B2F17F4F0CEB4C0C0CF1020C08BF4CEB4A
:10BD3000D17C04E04FF0080C01E04FEAD17C0CEB21
:10BD40004C0324FA03F404F00704B4F1040C06D203
:10BD50000EEB840CBDE810404CF0010C6047DFE8AE
:10BD60000CF0070802024FF00040A0F5800010BD63
:10BD70000846420018BFD2F1807288BF00F0004030
:10BD800010BDFF2141EAD050C005704751EA000CB8
:10BD900000F113801CF5000F58BFBCF5000F01D453
:10BDA0008142704707D711F5000F58BF10F5000FFB
:10BDB00015D481427047894270471CF5000F04D5A5
:10BDC000BCF5000FF7D5884270474FF0807C1CEB24
:10BDD000410F38BF1CEB400F01D28842704780EA08
:10BDE000010081EA000180EA0100FFF7F8BE80F05F
:10BDF000004090EA010F7FF5FEAC81F0004100F0B9
:10BE000008B8000090EA010F48BF81F000413FF5FB
:10BE1000F2AC421A04D882F00042A0EB02001144B6
:10BE20004FEAD0524FF07F4C1CEA410FA2EBD153A6
:10BE300018BF9CEA026F4AD04FF0004C4CEA002039
:10BE40004CEA012121FA03FCB0EB0C0C0FD412F0E8
:10BE5000FE0F36D05FEA4C001DD5001240EBC250F9
:10BE600038BF70471CF03F0F18BF70470BE0A2F1BE
:10BE700001025FEA1C2040EBC25038BF70471CF043
:10BE80007F0F18BF7047C3F12003994014BF401EB5
:10BE900020F00100704780084FEA122308BF704766
:10BEA000B0FA80FCA2EB0C02CCF1280C60FA0CF08A
:10BEB00093EA122F04BF00EBC25070474FEAC370E1
:10BEC0007047130A5FEADC1008BF7047F6E79CEA88
:10BED000026F04D010EA5C0F08BF0020704710B555
:10BEE000FFF709FF40DFF63E81F0004070470CF09D
:10BEF0000F03092B08BF082000F07F800A2B0BD00E
:10BF0000082B18BF704708BF1CF0400F0AD04FF035
:10BF100000004FF0000170471CF0400F18BF4FF0B9
:10BF2000004070471CF0100F08D020F0704300F064
:10BF30007F4242EAD3014FEA4370704700F060400D
:10BF400021F07F4242EA000201F07F4040EA727035
:10BF500070474FF0FF0C4CF4E06C1CEA11531CBF0F
:10BF60009CEA030C9445C2BFDA4201EB02517047D0
:10BF7000002B0DD0BCF1000F0FD0002A01F00041C2
:10BF8000A4BF41F0E04141F07F614FF000007047F5
:10BF900001F000414FF00000704750EA01334FF0CC
:10BFA0009B0C18BF4CF0806C7EF4A4AE70474FF031
:10BFB000FF0212EAD0521CBF92F0FF038B42C2BFB5
:10BFC000D14200EBC1507047002A0AD0002B0BD0A1
:10BFD000002900F00040A4BF40F0FE4040F4000003
:10BFE000704700F00040704743024FF00B0C18BF41
:10BFF0004CF0806C7FF45AAC70471CF4801F11D059
:10C000001CF4E02F03D06FEACC31490070474FF0A9
:10C010004050EFF3008222F0704242EA000282F3C5
:10C02000008870474FF000007047000000000000DB
:10C0300000000102030406070809000000000102D5
:10C0400003040000000000000000000000000000E9
:10C0500000003F40000000000000000030004000F1
:10C0600030004000000009000BC03D000BC03D0047
:10C07000090018C024407FE02240318000001800F1
:10C0800024C01B000D803240018003801C402740EB
:10C090001C8007400040100060000000000000000D
:10C0A00000000000000000001F8020404020000031
:10C0B000402020401F8000000000090006001F8073
:10C0C000060009000000040004003F800400040092
:10C0D00000000010006000000000000000000400EC
:10C0E0000400040004000400000000000040000000
:10C0F000000000000000002001C0060038004000E1
:10C1000000001F802040204020401F8000000000D1
:10C1100010403FC000400000000018C021402240F5
:10C1200024401840000010802040244024401B8000
:10C13000000002000D0011003FC0014000003C80E3
:10C14000244024402440238000001F8024402440B9
:10C150003440038000003000200027C03800200059
:10C1600000001B802440244024401B8000001C0051
:10C1700022C0224022401F80000000000000084032
:10C18000000000000000000000000460000000004B
:10C190000000000004000A00110020804040090057
:10C1A000090009000900090000000000404020804B
:10C1B00011000A0004001800200023402400180089
:10C1C00000001F802040274029401F400000004001
:10C1D00007C039000F0001C0004020403FC024408C
:10C1E00024401B8000001F802040204020403080E1
:10C1F000000020403FC0204020401F800000204021
:10C200003FC024402E4030C0000020403FC02440AA
:10C210002E00300000000F001080204022403380AC
:10C22000020020403FC0040004003FC020402040E6
:10C2300020403FC0204020400000006020202020FF
:10C240003FC02000200020403FC024400B0030C0F1
:10C25000204020403FC020400040004000C03FC080
:10C260003C0003C03C003FC0000020403FC00C40E9
:10C2700023003FC020001F802040204020401F801E
:10C28000000020403FC024402400180000001F8010
:10C290002140214020E01FA0000020403FC024405A
:10C2A000260019C0004018C024402440224031809C
:10C2B0000000300020403FC020403000000020003F
:10C2C0003F80004000403F80200020003E0001C031
:10C2D000070038002000380007C03C0007C03800C5
:10C2E0000000204039C0060039C020400000200076
:10C2F000384007C0384020000000304021C02640B0
:10C30000384020C00000000000007FE040204020B6
:10C310000000000070000C000380004000000000DE
:10C32000402040207FE0000000000000200040008E
:10C33000200000000000001000100010001000108D
:10C34000001000000000400000000000000000009D
:10C3500002800540054003C0004020003FC004406B
:10C3600004400380000000000380044004400640B5
:10C37000000000000380044024403FC00040000053
:10C3800003800540054003400000000004401FC03A
:10C39000244024402000000002E0055005500650D3
:10C3A000042020403FC00440040003C000400000BF
:10C3B000044027C0004000000000001000100410DE
:10C3C00027E00000000020403FC00140070004C0FB
:10C3D0000440204020403FC000400040000007C013
:10C3E000040007C0040003C00000044007C004406C
:10C3F000040003C0004000000380044004400380A8
:10C400000000041007F00450044003800000000006
:10C4100003800440045007F00010044007C00240AD
:10C42000040004000000000006400540054004C070
:10C430000000000004001F800440004000000400D1
:10C4400007800040044007C000400400070004C00B
:10C45000018006000400060001C0070001C00600BC
:10C460000000044006C0010006C0044000000410A3
:10C47000071004E00180060004000000044005C02D
:10C480000640044000000000000004007BE0402063
:10C490000000000000000000FFF0000000000000AD
:10C4A00040207BE0040000000000400080004000CD
:10C4B00020002000400000000000000000000000FC
:10C4C0000000000000000000000000001FCC000C75
:10C4D00000000000000000000800300060000800BC
:10C4E000300060000000022003FC1E20022003FC3C
:10C4F0001E200220000000000E1811043FFF1084CF
:10C500000C78000000000F0010840F3800C007787E
:10C5100018840078000000780F8410C411240E984D
:10C5200000E40084000808006800700000000000BB
:10C5300000000000000000000000000007E01818E4
:10C54000200440020000000040022004181807E008
:10C550000000000000000240024001800FF0018056
:10C560000240024000000080008000800FF8008040
:10C570000080008000000001000D000E000000009F
:10C5800000000000000000000080008000800080AB
:10C590000080008000800000000C000C0000000003
:10C5A000000000000000000000060018006001808C
:10C5B000060018002000000007F00808100410040E
:10C5C000080807F000000000080408041FFC00042D
:10C5D00000040000000000000E0C10141024104491
:10C5E00011840E0C000000000C181004110411043A
:10C5F00012880C700000000000E0032004240824CE
:10C600001FFC0024000000001F9810841104110476
:10C61000108810700000000007F008881104110451
:10C6200018880070000000001C00100010FC1300AF
:10C630001C001000000000000E381144108410840B
:10C6400011440E38000000000700088C104410440C
:10C65000088807F00000000000000000030C030C35
:10C6600000000000000000000000000101060000C2
:10C6700000000000000000000080014002200410C3
:10C6800008081004000002200220022002200220DC
:10C6900002200220000000001004080804100220FC
:10C6A00001400080000000000E001200100C106C11
:10C6B00010800F00000003E00C1813E4142417C4CA
:10C6C000082807D000000004003C03C41C400740B9
:10C6D00000E4001C000410041FFC110411041104E8
:10C6E0000E880070000003E00C1810041004100401
:10C6F00010081C10000010041FFC1004100410048B
:10C70000080807F0000010041FFC1104110417C4EE
:10C7100010040818000010041FFC1104110017C0B9
:10C7200010000800000003E00C181004100410446E
:10C730001C780040000010041FFC10840080008062
:10C7400010841FFC10040000100410041FFC1004CF
:10C7500010040000000000030001100110011FFE82
:10C7600010001000000010041FFC1104038014646A
:10C77000181C1004000010041FFC10040004000426
:10C780000004000C000010041FFC1F0000FC1F0030
:10C790001FFC1004000010041FFC0C04030000E048
:10C7A00010181FFC100007F00808100410041004F3
:10C7B000080807F0000010041FFC1084108010808F
:10C7C00010800F00000007F0081810241024101C1F
:10C7D000080A07F2000010041FFC1104110011C028
:10C7E00011300E0C000400000E1C11041084108483
:10C7F00010441C3800001800100010041FFC100426
:10C8000010001800000010001FF8100400040004BD
:10C8100010041FF8100010001E0011E0001C007032
:10C8200013801C0010001FC0103C00E01F0000E03F
:10C83000103C1FC000001004180C163401C001C0C9
:10C840001634180C100410001C00130400FC130410
:10C850001C00100000000804101C10641084130455
:10C860001C04101800000000000000007FFE4002C1
:10C87000400240020000000030000C000380006015
:10C88000001C0003000000004002400240027FFE46
:10C8900000000000000000000000200040004000F8
:10C8A0004000200000000001000100010001000123
:10C8B00000010001000100004000400020000000D5
:10C8C0000000000000000000009801240144014421
:10C8D000014400FC000410001FFC00880104010456
:10C8E000008800700000000000700088010401044E
:10C8F00001040088000000000070008801040104A9
:10C9000011081FFC0004000000F801440144014428
:10C91000014400C800000000010401040FFC1104E0
:10C92000110411001800000000D601290129012975
:10C9300001C90106000010041FFC00840100010071
:10C94000010400FC000400000104190419FC0004A7
:10C9500000040000000000000003000101011901B3
:10C9600019FE0000000010041FFC0024004001B468
:10C97000010C010400000000100410041FFC00045E
:10C98000000400000000010401FC0104010001FC9E
:10C990000104010000FC010401FC0084010001000D
:10C9A000010400FC0004000000F80104010401047B
:10C9B000010400F80000010101FF008501040104E9
:10C9C000008800700000000000700088010401046D
:10C9D000010501FF00010104010401FC00840104C0
:10C9E000010001800000000000CC0124012401248A
:10C9F00001240198000000000100010007F8010473
:10CA0000010400000000010001F80004000400041B
:10CA1000010801FC0004010001800170000C0010FD
:10CA200001600180010001F0010C003001C0003004
:10CA3000010C01F0010000000104018C0074017080
:10CA4000018C01040000010101810171000E001838
:10CA500001600180010000000184010C01340144E7
:10CA60000184010C00000000000000000000010033
:10CA70003EFC400240020000000000000000FFFFFA
:10CA80000000000000000000400240023EFC0100E7
:10CA900000000000000000006000800080004000F6
:10CAA0004000200020006800000476005401F7FDDB
:10CAB000000175191A0C6A231B1C1F207274433B5A
:10CAC0004138393A6B6C376F06246D6E7000000088
:10CAD000830000000008000000010018320005007B
:10CAE000000020410000D242295C0F3E9A99993EF5
:10CAF0003333733F295C0F3E0000700000000024B8
:10CB0000000000020003000000650054FFEF000079
:10CB1000FA80000B12820001030C30C30E8C8CE9EA
:10CB200014D5400213710F8E3883F8833000F883D8
:10CB3000258EF8833000F883FFFFFFFF0FFEA9D694
:10CB4000240004001A8279A10000003CFFFF0000CD
:10CB50000010000038836FA2003E03304000000048
:10CB600002CAE3093E80000020000000000000002F
:10CB70004000000060000000000C0000000C186E77
:10CB8000000006920A16C0DFFFFF0256FD8CD37725
:10CB9000FFE1C496E0C5BEAA00000000FFFF0B2B1A
:10CBA00000001657000003594000000000001DFA65
:10CBB00000026C1D000000003FFFDFEB003EB3B63B
:10CBC000000D227800002F3C00000000001942B543
:10CBD000000039A20000B365D90E9FC91DCF4C34A7
:10CBE00030000000500000003BB67AE8006400000E
:10CBF00000C8000000000000100000001000FA92C1
:10CC00001000225E000D229F000100000032000093
:10CC1000FF46000063D400001000000004D60000AE
:10CC200004CC000004CC00000000107200000040A2
:10CC300000000000000000000006000200050007E0
:10CC4000000000000064000000000000000000057B
:10CC5000000500640020000000000000000000004B
:10CC6000000040000000030000000032F8980000BF
:10CC7000FF650000830F0000FF9BFC000000000028
:10CC800000000000000000000000000000000000A4
:10CC90000000000000000000000000000000000094
:10CCA000000000000000100040000000000000062E
:10CCB0000000B26A000200000001FB83006800006F
:10CCC00000D9FC007CF1FF8300000000006500003B
:10CCD000006403E800640028000000250000000054
:10CCE00016A000000000100000001000002F00003F
:10CCF000000001F40000100000280000FFFF458143
:10CD0000FFFFFA7200000000000000000044000570
:10CD10000005BAC6004778A200000001000000002C
:10CD200000000600000000140000254D002F706D6B
:10CD3000000005AE000C02D0000000000000000062
:10CD40000000000000000000001B000000000000C8
:10CD50000000000000000000006400000008000067
:10CD600000000000000000000000000000000000C3
:10CD700000000000000000000000000000000000B3
:10CD800000000000000000000000000000000000A3
:10CD90000000000000000000000000000000000093
:10CDA0000000000000000000000000000000000083
:10CDB0000000000000000000001B00000000000058
:10CDC00000000000000E000E00000AC70004000072
:10CDD00000000032FFFFFF9C00000B2B0000000250
:10CDE0000000000100000064FFE5000000000000FA
:10CDF0000000000000000000000000010000000032
:10CE0000000100000000000000018000000180001F
:10CE100000018000002426D3000000000000000074
:10CE2000000600100096003C00000000000000001A
:10CE300000000000000000000C0A4E68CDCF77090A
:10CE400050166759C619CE8200000000000000008D
:10CE500000000000000000000000000000000000D2
:10CE600017D784000300000000000000000000004D
:10CE7000C7938F9D1E1B1C190000000000000000BE
:10CE800000000000000000000000000000000000A2
:10CE900002031885000040000000000300000003AA
:10CEA0000000000000000000400000000000000042
:10CEB0000000000000000000000000000000000072
:10CEC0000000000000000000000000000000000062
:10CED000000000000000000000000000677DDF7E11
:10CEE00072902E554CF6E68800000000000000000D
:10CEF0000000000000000000D8DCB4B8B0D8B9AB26
:10CF0000F3F8FAB3B7BB8E9EAEF132F51BF1B4B8AD
:10CF1000B08097F1A9DFDFDFAADFDFDFF2AAC5CD9E
:10CF2000C7A90CC92C97F1A989264666B28999A987
:10CF30002D557DB0B08AA896365676F1BAA3B4B214
:10CF400080C0B8A89711B28398BAA3F024084410FF
:10CF50006418B2B9B49883F1A329557DBAB5B1A3C9
:10CF60008393F0002850F5B2B6AA839328547CF13D
:10CF7000B9A3829361BAA2DADEDFDB819AB9AEF59A
:10CF8000606870F1DABAA2DFD9BAA2FAB9A38292C4
:10CF9000DB31BAA2D9BAA2F8DF85A4D0C1BBAD8378
:10CFA000C2C5C7B8A2DFDFDFBAA0DFDFDFD8D8F1A4
:10CFB000B8AAB38DB4980D355DB2B6BAAF8C9619D8
:10CFC0008F9FA70E161EB49AB8AA872C547CBAA4B9
:10CFD000B08AB691325676B28494A4C808CDD8B837
:10CFE000B4B0F19982A82D557D98A80E161EA22CDA
:10CFF000547C92A4F02C5078F184A898C4CDFCD82D
:10D000000DDBA8FC2DF3D9BAA6F8DABAA6DED8BA99
:10D01000B2B68696A6D0F3C841DAA6C8F8D8B0B49E
:10D02000B882A892F52C548898F135D9F418D8F123
:10D03000A2D0F8F9A884D9C7DFF8F883C5DADF6988
:10D04000DF83C1D8F40114F1A8824EA884F311D172
:10D0500082F5D992289788F109F41C1CD884A8F38A
:10D06000C0F9D1D99782F129F40DD8F3F9F9D1D9C2
:10D0700082F4C203D8DEDF1AD8F1A2FAF9A88498A4
:10D08000D9C7DFF8F8F883C7DADF69DFF883C3D8D8
:10D09000F40114F198A8822EA884F311D182F5D955
:10D0A00092509788F109F41CD884A8F3C0F8F9D1FC
:10D0B000D99782F149F40DD8F3F9F9D1D982F4C4A2
:10D0C00003D8DEDFD8F1AD8898CCA809F9D98292CF
:10D0D000A8F57CF1883ACF944A6E98DB6931DAADD5
:10D0E000F2DEF9D88795A8F221D1DAA5F9F417D99B
:10D0F000F1AE8ED0C0C3AE82C684C3A88595C8A544
:10D1000088F2C0F1F4010EF18E9EA8C63E56F55489
:10D11000F18872F40115F19845856EF58E9E0488AC
:10D12000F142985A8E9E068869F4011CF1981E11EE
:10D1300008D0F504F11E970202983625DBF9D9854F
:10D14000A5F3C1DA85A5F3DFD88595A8F309DAA59B
:10D15000FAD88292A8F578F1881A849F26889821B7
:10D16000DAF41DF3D8879F39D1AFD9DFDFFBF9F4AB
:10D170000CF3D8FAD0F8DAF9F9D0DFD9F9D8F40BF2
:10D18000D8F3879F39D1AFD9DFDFF41DF3D8FAFC8C
:10D19000A869F9F9AFD0DADEFAD9F88F9FA8F1CCF7
:10D1A000F398DB45D9AFDFD0F8D8F18F9FA8CAF349
:10D1B0008809DAAF8FCBF8D8F2AD978D0CD9A5DFFF
:10D1C000F9BAA6F3FAF412F2D8950DD1D9BAA6F3AA
:10D1D000FADAA5F2C1BAA6F3DFD8F1BAB2B68696EA
:10D1E000A6D0CAF349DAA6CBF8D8B0B4B8D8AD8483
:10D1F000F2C0DFF18FCBC3A8B2B68696C8C1CBC34D
:10D20000F3B0B48898A821DB718D9D71859521D9E3
:10D21000ADF2FAD88597A828D9F408D8F28D29DA82
:10D22000F405D9F285A4C2F2D8A88D9401D1D9F41D
:10D2300011F2D88721D8F40AD8F28498A8C801D16D
:10D24000D9F411D8F3A4C8BBAFD0F2DEF8F8F8F8DF
:10D25000F8F8F8F8D8F1B8F6B5B9B08A95A3DE3C7D
:10D26000A3D9F8D85CA3D9F8D87CA3D9F8D8F8F911
:10D27000D1A5D9DFDAFAD8B18530F7D9DED8F830C0
:10D28000ADDADED8F2B48C99A32D557DA083DFDF13
:10D29000DFB591A0F629D9FBD8A0FC29D9FAD8A0EE
:10D2A000D051D9F8D8FC51D9F9D879D9FBD8A0D028
:10D2B000FC79D9FAD8A1F9F9F9F9F9A0DADFDFDFB9
:10D2C000D8A1F8F8F8F8F8ACDEF8ADDE8393AC2C12
:10D2D000547CF1A8DFDFDFF69D2CDAA0DFD9FADB82
:10D2E0002DF8D8A850DAA0D0DED9D0F8F8F8DB5560
:10D2F000F8D8A878DAA0D0DFD9D0FAF8F8F8F8DBB7
:10D300007DF8D89CA88CF530DB38D9D0DEDFA0D0F2
:10D31000DEDFD8A848DB58D9DFD0DEA0DFD0DED8EA
:10D32000A868DB70D9DFDFA0DFDFD8F1A888902CF8
:10D33000547C98A8D05C38D1DAF2AE8CDFF9D8B042
:10D3400087A8C1C1B188A8C6F9F9DA36D8A8F9DA30
:10D3500036D8A8F9DA36D8A8F9DA36D8A8F9DA36FC
:10D36000D8F78D9DADF818DAF2AEDFD8F7ADFA3008
:10D37000D9A4DEF9D8F2AEDEFAF983A7D9C3C5C7BE
:10D38000F1889BA77AADF7DEDFA4F8849408A7970D
:10D39000F300AEF29819A488C6A39488F632DFF29F
:10D3A0008393DB09D9F2AADFD8D8AEF8F9D1DAF342
:10D3B000A4DEA7F1889B7AD8F38494AE19F9DAAA8F
:10D3C000F1DFD8A881C0C3C5C7A39283F628ADDE1C
:10D3D000D9F8D8A350ADD9F8D8A378ADD9F8D8F8F2
:10D3E000F9D1A1DADEC3C5C7D8A18194F818F2B08B
:10D3F00089ACC3C5C7F1D8B8B4B09786A8319B062D
:10D400009907AB9728889BF00C201440B0B4B8F073
:10D41000A88A9A285078B79BA82951792470594432
:10D420006938644831F1BBAB88002C547CF0B38B75
:10D43000B8A804285078F1B088B49726A85998BBAA
:10D44000ABB38B02264666B0B8F08A9CA829517906
:10D450008B2951798A2470598B2058718A446938F4
:10D460008B3940688A6448318B30496088F1AC0060
:10D470002C547CF08CA804285078F1889726A85961
:10D4800098AC8C02264666F0899CA82951792470B4
:10D4900059446938644831A98809205970AB11385A
:10D4A0004069A8193148608CA83C415C207C00F19F
:10D4B00087981986A86E767EA999882D557DD8B152
:10D4C000B5B9A3DFDFDFAED0DFAAD0DEF2ABF8F96B
:10D4D000D9B087C4AAF1DFDFBBAFDFDFB9D8B1F1C4
:10D4E000A3978E60DFB084F2C8F8F9D9DED89385AF
:10D4F000F14AB183A308B5839A0810B79F10D8F1F9
:10D50000B0BAAEB08AC2B2B68E9EF1FBD9F41DD8C5
:10D51000F9D90CF1D8F8F8AD61D9AEFBD8F40CF11B
:10D52000D8F8F8AD19D9AEFBDFD8F416F1D8F8ADBC
:10D530008D61D9F4F4ACF59C9C8DDF2BBAB6AEFAB4
:10D54000F8F40BD8F1AED0F8AD51DAAEFAF8F1D864
:10D55000B9B1B6A3839C08B9B1839AB5AAC0FD300E
:10D5600083B79F10B58B93F20202D1ABDADED8F10C
:10D57000B080BAABC0C3B284C1C3D8B1B9F38BA376
:10D5800091B609B4D9ABDEB0879CB9A3DDF1B38BFA
:10D590008B8B8B8BB087A3A3A3A3B28BB69BF2A379
:10D5A000A3A3A3A3A3A3A3A3A3F1B087B59AA3F3B3
:10D5B0009BA3A3DCBAACDFB9A3A3A3A3A3A3A3A398
:10D5C000A3A3A3A3A3A3A3A3D8D8D8BBB3B7F1AAFB
:10D5D000F9DAFFD9809AAA28B48098A720B797874C
:10D5E000A86688F07951F1902C870CA781976293F7
:10D5F000F071716085940129517990A5F1284C6CE6
:10D60000870C95188578A38390284C6C886CD8F388
:10D61000A28200F210A8921980A2F2D926D8F1882D
:10D62000A84DD948D896A83980D93CD89580A83932
:10D63000A68698D92CDA87A72CD8A8899519A9800D
:10D64000D938D8A88939A980DA3CD8A82EA8399029
:10D65000D90CD8A8953198D90CD8A809D9FFD801E8
:10D66000DAFFD89539A9DA26FFD890A80D8999A8AC
:10D6700010809821DA2ED88999A83180DA2ED8A87E
:10D6800086963180DA2ED8A8873180DA2ED8A88203
:10D6900092F34180F1D92ED8A882F31980F1D92EC6
:10D6A000D882ACF3C0A28022F1A62EA72EA9229880
:10D6B000A829DAACDEFFD8A2F22AF1A92E8292A81C
:10D6C000F23180A696F1D900AC8C9C0C30ACDED047
:10D6D000DEFFD88C9CACD010ACDE8092A2F24C82E3
:10D6E000A8F1CAF235F19688A6D900D8F1FF00005A
:10D6F000555555555555C53F7D6FEB0312D6D4BFD3
:10D700005544880E55C1C93F3B8F68B52882A4BFD8
:10D7100088B20175E0EF493F09F7FD0DE13D023F99
:10D720004B2D8A1C273A03C0C88A599CE52A004021
:10D7300059018D1B6C06E6BF82922EB1C5B8B33F6E
:10D74000000000000000F03F000000000000F83F73
:10D7500000000000000000000000004003B8E23FAD
:10D76000000000000000000006D0CF43EBFD4C3E5F
:10D77000033333333333E33FFFAB6FDBB66DDB3F54
:10D780004D268F515555D53F01411DA96074D13F9C
:10D7900065DBC9934A86CD3FEF4E454A287ECA3F96
:10D7A0003E5555555555C53F93BDBE166CC166BF18
:10D7B0002CDE25AF6A56113FF16BD2C541BDBBBE11
:10D7C000D0A4BE726937663E4FBB610567ACDD3FD2
:10D7D000182D4454FB21E93F9BF681D20B73EF3F98
:10D7E000182D4454FB21F93FE2652F227F2B7A3C10
:10D7F000075C143326A6813CBDCBF07A8807703CC9
:10D80000075C143326A6913CC4EB98999999C9BF3B
:10D81000711623FEC671BCBF6D9A74AFF2B0B3BF70
:10D820009AFDDE522DDEADBF2F6C6A2C44B4A2BF30
:10D830000D5555555555D53FFF8300922449C23F9C
:10D840006E204CC5CD45B73F513DD0A0660DB13FD0
:10D85000EB0D76244B7BA93F11DA22E33AAD903FE2
:10D86000000000000000000050726F6475637420B7
:10D8700049442072656164206173203020696E64C0
:10D880006963617465732064657669636520697393
:10D890002065697468657220696E636F6D7061746C
:10D8A00069626C65206F7220616E204D5055333077
:10D8B00035302E0D0A000000D8D8000800000020E6
:10D8C000800300006C010008C4D900088003002018
:10D8D000701D0000C80100088112011202142C0101
:10D8E000013A090C3124F0D24623DC4233C84312FA
:10D8F000401C4083450C1910137A431B401C1C012B
:10D900005F031324F4232041072A803F6F12833AD8
:10D910001A01B409191E19F812031204120512068D
:10D92000120712081209120A120B120C120D120E13
:10D93000120F021D10CBDC050451024CC80A1B5803
:10D94000BCE10320803F5AFF0402130113B2CA1B3B
:10D9500008A60401201AD02405620AD7A33BA9D047
:10D96000290CC91083030223A0421A82041A20043E
:10D9700023704113C8432480BB431AAF081AA2087E
:10D980001A48041BA04020191C1AA004290861F29F
:10D99000091C3333336404110101FF1A345C1AB4D7
:10D9A000041A164C1AF0401B484408297419105ADE
:10D9B0000C041AD8182904292C8964011432017224
:04D9C0001000000053
:0400000508000131BD
:00000001FF
