:020000040800F2
:10000000200D00200D04000835020008370200080A
:10001000390200083B0200083D0200080000000011
:100020000000000000000000000000003F02000887
:1000300041020008000000004302000845020008D9
:1000400027040008270400082704000827040008E4
:1000500027040008270400082704000827040008D4
:1000600027040008270400082704000827040008C4
:1000700027040008270400082704000827040008B4
:1000800027040008270400082704000827040008A4
:100090002704000827040008270400087539000811
:1000A0002704000827040008270400082704000884
:1000B0002704000827040008A727000827040008D1
:1000C0002704000827040008270400082704000864
:1000D00027040008DF200008270400081F2E00085E
:1000E0002704000827040008270400082704000844
:1000F000BF27000827040008270400082704000879
:100100002704000827040008270400082704000823
:100110002704000827040008270400082704000813
:100120002704000827040008270400082704000803
:1001300000F002F800F068F80AA090E8000C824491
:100140008344AAF10107DA4501D100F05DF8AFF26E
:10015000090EBAE80F0013F0010F18BFFB1A43F0A5
:1001600001031847D0A60000F0A600000A444FF093
:10017000000C10F8013B13F0070408BF10F8014B06
:100180001D1108BF10F8015B641E05D010F8016B4B
:10019000641E01F8016BF9D113F0080F1EBF10F8AF
:1001A000014BAD1C0C1B09D16D1E58BF01F801CBD2
:1001B000FAD505E014F8016B01F8016B6D1EF9D555
:1001C0009142D6D37047000000230024002500266A
:1001D000103A28BF78C1FBD8520728BF30C148BFAA
:1001E0000B607047642906F00B84002070471FB530
:1001F00007F020F904000020002107F0D7FC401C84
:1002000060601FBD10B510BD07F0DCF81146FFF7A8
:10021000EEFF00F0C5F807F003F903B4FFF7F2FFB3
:1002200003BC01F053FE000030BF72B662B680F32B
:10023000088870477047FEE7FEE7FEE7FEE7704775
:1002400070477047704700000CB500224C48009280
:100250000192016841F4803101604FF4A0630168AC
:1002600001F4003101910099491C0091019911B9E3
:1002700000999942F3D10168890333D50121019195
:1002800040490A6842F010020A600A6822F003023C
:100290000A600A6842F002020A60416841604168EF
:1002A0004160416841F480614160416821F47C1102
:1002B0004160416841F4E8114160016841F080719A
:1002C000016001688901FCD5416821F003014160AA
:1002D000416841F0020141604168C1F38101022996
:1002E000FAD10CBD01920CBD254810B5016841F052
:1002F000010101604168244A114041600168234ABC
:1003000011400160016821F480210160416821F4FD
:10031000FE0141604FF41F018160FFF795FF1C490A
:100320004FF00060086010BD154A10B55068194BB9
:1003300010F00C01184803D0042901D0082901D07D
:10034000036012E05168536801F470114FF0020429
:1003500013F4803F04EB914102D053689B0301D515
:100360000E4B00E00B4B5943016051680A4AC1F340
:100370000311121D515C0268CA40026010BD0000EA
:1003800000100240002002400000FFF8FFFFF6FED0
:1003900008ED00E000127A000000002000093D0096
:1003A000022001F0A3FC01F04FFC022001F03AFD15
:1003B000012001F037FD01F0DDFF002141F61F4073
:1003C00002F094F84FF4E13001F08AFD4FF416503A
:1003D00002F099FC02F040F902F088F901F0F0FF18
:1003E00002F004FA05F0ACFE05F0BEFE06F0FAF9E4
:1003F00002F034FC044C0125257020780028FCD143
:1004000006F0FBF9F8E7000051000020094880479A
:1004100009480047FEE7FEE7FEE7FEE7FEE7FEE7E6
:10042000FEE7FEE7FEE7FEE704480549054A064BFE
:1004300070470000E9020008310100082007002091
:10044000200D002020090020200900202849084311
:1004500028490860704730B50F23C278017801251C
:10046000F2B1244A126801F1E02102F4E062C2F51F
:10047000E062120AC2F10404D3404278A2408478B8
:100480001C401443220181F80024007800F01F0171
:100490008D404009800000F1E020C0F8005130BDDF
:1004A00001F01F0085404809800000F1E020C0F8FD
:1004B000805130BD104A114001430E48001F0160B9
:1004C00070470C4A121D0029116801D0014300E059
:1004D0008143116070474FF0E0210428086903D080
:1004E00020F004000861704740F00400FAE70000C3
:1004F0000000FA050CED00E080FFFF1FC54910B5B4
:10050000884202D1012144150AE0C349884202D140
:100510000121041504E0C14988420AD10121CC031C
:10052000204600F048FC2046BDE81040002100F0C5
:1005300042BC10BD10B54268B94B0C791A400B682B
:1005400042EA0422134343608268B64B1A40D1E961
:10055000024323434C7942EA440213438360C26A54
:10056000097C22F47002491EC9B242EA0151C162FB
:1005700010BD00210160017141718160C1600121E4
:10058000017470470029816802D041F0010101E047
:1005900021F00101816070470029816802D041F497
:1005A000807101E021F4807181607047002A426807
:1005B000C9B201D00A4300E08A43426070478168B3
:1005C00041F00801816070470146002089680907F1
:1005D00000D501207047816841F0040181607047B7
:1005E000014600208968490700D50120704700298D
:1005F000816802D041F4A00101E021F4A0018160F2
:100600007047014600208968490200D501207047E3
:100610004268491E22F4604242EA4131416070471B
:100620000029416802D041F4006101E021F4006139
:100630004160704770B5072609290AD9C568A1F13C
:100640000A0404EB4404A640B543A3401D43C5601F
:1006500007E0056901EB4104A640B543A3401D43F3
:1006600005611F23072A09D2446B521E02EB820246
:1006700093409C4391400C43446370BD0D2A09D2C2
:10068000046BD21F02EB820293409C4391400C43C7
:10069000046370BDC46A0D3A02EB820293409C432E
:1006A00091400C43C46270BD0029816802D041F4BE
:1006B000801101E021F4801181607047C06C80B22C
:1006C000704754484C30006870470029416802D098
:1006D00041F4806101E021F48061416070470029AC
:1006E000416802D041F4805101E021F48051416021
:1006F0007047826822F4E0420A4382607047002912
:10070000816802D041F4004101E021F400418160A0
:1007100070470029816802D041F4021101E021F400
:10072000021181607047014600208968890200D566
:100730000120704770B5072609290AD9C568A1F1BB
:100740000A0404EB4404A640B543A3401D43C5601E
:1007500007E0056901EB4104A640B543A3401D43F2
:100760000561836BC3F30154121B921C02EB8202DE
:100770001F249440A34391400B43836370BD826B5D
:10078000491E22F4401242EA01518163704708B5C4
:1007900008440090026008BD08B508442830009065
:1007A000006880B208BD42681F4B1A400A4342608D
:1007B0007047416282627047426822F01F020A431A
:1007C00042607047134908310028086802D040F49D
:1007D000000001E020F4000008607047024600209D
:1007E00012680A4200D001207047C9430160704777
:1007F00010B50246002054680B0AC9B20C401168BB
:10080000194202D0002C00D0012010BD6FEA112146
:10081000016070470024014000280140003C014075
:10082000FFFEF0FFFDF7F1FFFFFD3FFF374900201E
:100830000860091D0860091D0860091D086033492A
:10084000334814310860704730B5304A8379016805
:1008500053B313688B431360111D0B680468A343E3
:100860000B60017911440B68046823430B60274B2C
:10087000083319680468A14319601C1D21680568C4
:10088000A94321604179102905D011440A68006804
:1008900002430A6030BD196802681143196021687B
:1008A00000680143216030BD0079104402688A432A
:1008B000026030BD0021016001710C224271817122
:1008C0007047124910310A6802430A6070470146B6
:1008D0000E4A0020143212680A4200D001207047EC
:1008E0000A49143108607047084A0146002012681E
:1008F000064B0A4014331B680B4202D0002A00D07A
:10090000012070470149143108607047000401401C
:10091000FFFF0F008F4910B5884206D10121042046
:1009200000F049FA002104203BE08B49884206D1BF
:100930000121082000F03FFA0021082031E087491A
:10094000884206D10121102000F035FA0021102044
:1009500027E08349884206D10121202000F02BFAAC
:10096000002120201DE07F49884206D1012140203E
:1009700000F021FA0021402013E07B49884206D193
:100980000121802000F017FA0021802009E077493A
:1009900088420AD184150121204600F00CFA00217A
:1009A0002046BDE8104000F006BA10BD10B5012188
:1009B000084600F000FA0021BDE81040012000F0D8
:1009C000FAB9F0B5CC78002204F00F03E40601D5A3
:1009D0008C7823430C784FF00F0C14F0FF0F4FF07E
:1009E000010E1BD005680E880EFA02F42640A642BE
:1009F00010D196000CFA06F725EA070703FA06F568
:100A0000CE783D43282E02D0482E02D002E0446129
:100A100000E00461521C082AE5D305600A88FF2A19
:100A20001CD94468002202F108060EFA06F50E8869
:100A30002E40AE420ED196000CFA06F7BC4303FAE4
:100A400006F7CE783C43282E00D14561CE78482E5B
:100A500000D10561521C082AE5D34460F0BD4FF671
:100A6000FF710180022181700421C170704702462C
:100A7000002092680A4200D001207047806880B24E
:100A8000704702460020D2680A4200D00120704719
:100A9000C06880B2704701617047416170470AB118
:100AA0000161704741617047C160704741F4803215
:100AB0008261816182618169806970472C4B10B5C8
:100AC0001A684FF68074224042EA0010084318600A
:100AD00010BD2849C8617047F0B5254C002801DADF
:100AE000E36900E06368450D2E0185B2C0F301574C
:100AF000B540C0F30342032F05D0C6020AD5032632
:100B00009640B34307E023F07062636823F070639C
:100B1000636002E0AB4343F0706201B12A430028F6
:100B200001DAE261F0BD6260F0BD10B58A0721F024
:100B300003040F49120F21440F238C6893409C43F8
:100B40008C608B68904003438B6010BD0949C1F8ED
:100B5000DC00704700080140000C0140001001401B
:100B60000014014000180140001C01400020014019
:100B70000000014000002042A548016841F0010149
:100B800001604168A34A114041600168A24A1140D6
:100B90000160016821F480210160416821F4FE01B7
:100BA00041604FF41F018160704799490A6822F43F
:100BB00080320A600A6822F480220A60B0F5803F21
:100BC00007D0B0F5802F03D1086840F4A02008605A
:100BD0007047086840F48030F9E70346002059095F
:100BE0008B4A01290AD002290AD0516A03F01F0258
:100BF000012393400B4200D0012070471168F5E7B4
:100C0000116AF3E718B500204FF4A064009031207A
:100C1000FFF7E3FF0099491C0091A14201D0002891
:100C2000F5D03120FFF7D9FF002800D0012018BDF2
:100C3000774A116821F0F80141EAC000106070475E
:100C4000764908607047724B5A68084322F47C1258
:100C50001043586070477149086670476C4A516884
:100C600021F003010143516070476948406800F07A
:100C70000C007047664A516821F0F0010143516051
:100C80007047634A516821F4E06101435160704745
:100C90005F4A516821F4605141EAC00050607047DA
:100CA0005B4A0029517A01D0014300E0814351722F
:100CB00070475A49C1F8D8007047554A516821F425
:100CC00040410143516070475149002281F8202082
:100CD00081F82020012802D0042802D1052081F8C3
:100CE000200070474E490860704749490A6A02432C
:100CF0000A6270474A4944390860704730B5444A2F
:100D00005168484B11F00C0103D0042901D0082987
:100D100001D0036012E05168536801F470114FF084
:100D2000020413F4803F04EB914102D053689B030B
:100D300001D53D4B00E03B4B5943016051680F2307
:100D400003EA1111394B5C5C0168E1404160546871
:100D5000072505EA14241C5D21FA04F48460546814
:100D600005EAD4241B5DD940C1605268032303EA1D
:100D700092322E4B1B1F9A5CB1FBF2F1016130BD28
:100D8000234A0029516901D0014300E081435161A8
:100D900070471F4A0029916901D0014300E0814357
:100DA000916170471A4A0029D16901D0014300E0DE
:100DB0008143D1617047164A0029D16801D00143AF
:100DC00000E08143D1607047114A0029116901D0C8
:100DD000014300E0814311617047114940390860C7
:100DE00070470E49C86470470949C8717047084880
:100DF000416A41F0807141627047054A0146002016
:100E000092680A4200D001207047014988727047F9
:100E1000001002400000FFF8FFFFF6FE0000424213
:100E20008004424200127A0000093D007400002054
:100E3000F94910B5884202D10121C41486E0B0F10D
:100E4000804F09D0F54988420DD101210220FFF7DA
:100E5000BBFF0021022064E001210846FFF7B4FF38
:100E6000002101205DE0EE49884206D101210420E5
:100E7000FFF7AAFF0021042053E0EA49884206D187
:100E800001210820FFF7A0FF0021082049E0E649E2
:100E9000884206D101211020FFF796FF0021102083
:100EA0003FE0E249884206D101212020FFF78CFF74
:100EB0000021202035E0DE49884202D1012144147E
:100EC00044E0DC49884202D10121CC043EE0DA4909
:100ED000884202D101210C0538E0D849884202D16C
:100EE00001214C0532E0D649884206D1012140203B
:100EF000FFF76AFF0021402013E0D249884206D163
:100F000001218020FFF760FF0021802009E0CE4909
:100F100088420AD1841501212046FFF755FF0021A0
:100F20002046BDE81040FFF74FBFC849884202D1B4
:100F300001210C040AE0C649884202D101214C0477
:100F400004E0C44988420AD101218C042046FFF7FD
:100F500032FF2046BDE810400021FFF72CBF10BD36
:100F600030B50288AC4CB24DA0420DD0A8420BD097
:100F7000B0F1804F08D0A94B984205D0A84B9842B9
:100F800002D0A84B984203D122F070034A881A433A
:100F9000A54B984206D0A54B984203D022F440734B
:100FA000CA881A4302808A8882850A880285A042FC
:100FB0000AD0A84208D0A54A904205D0A44A90423F
:100FC00002D0A44A904201D1097A0186012181828E
:100FD00030BD30B5028C22F001020284028C83887D
:100FE000048B22F0020224F073050C882C430D8937
:100FF00015434A882A43884DA8420BD08C4DA842FD
:1010000008D0924DA84205D0914DA84202D0914DF2
:10101000A8420DD122F008054A8923F440732A43DF
:1010200022F004058A882A438D891D43CB892B43EE
:1010300083800483C9888186028430BD70B5028CA8
:1010400022F010020284028C8388048B0D8824F421
:10105000E6464FF6FF7404EA052535430E8922F073
:10106000200204EA061616434A8804EA02123243B2
:10107000694EB04202D06E4EB04215D122F08006C9
:101080004A8923F4406304EA0212324322F0400604
:101090008A8804EA021232438E8904EA86061E43D5
:1010A000CB8904EA8303334383800583C98801879E
:1010B000028470BD70B5028C22F480720284028CAE
:1010C0008388848B0D8824F0730425430E894FF6A2
:1010D000FF7422F4007204EA062616434A8804EAE2
:1010E000022232434C4EB04202D0514EB04215D192
:1010F00022F400664A8923F4405304EA0222324370
:1011000022F480668A8804EA022232438E8904EA45
:1011100006161E43CB8904EA031333438380858379
:10112000C9888187028470BD70B5028C22F4805218
:101130000284058C8288838B0C8823F4E6464FF664
:10114000FF7303EA0424344325F400560D8903EAAF
:10115000053535434E8803EA06362E432E4DA84208
:1011600002D0334DA84205D122F480458A8903EA92
:1011700082122A4382808483C988A0F840100684A2
:1011800070BD828B22F440628283828B4FF6FF73A4
:1011900003EA01210A4382837047828B22F00C020A
:1011A0008283828B0A4382837047028B22F44062DF
:1011B0000283028B4FF6FF7303EA01210A43028385
:1011C0007047F0B5048C24F010040484078B048C61
:1011D0004FF6FF7527F4734705EA03333B4305EAEF
:1011E00002221A430C4B05EA011698420ED0104B0E
:1011F00098420BD0B0F1804F08D0084B984205D0F0
:10120000074B984202D0074B984225D124F0200189
:10121000314341F0100124E0002C01400004004063
:1012200000080040000C0040001000400014004086
:1012300000340140004C0140005001400054014086
:1012400000180040001C0040002000400040014009
:10125000004401400048014024F0A0030B4343F048
:10126000100102830184F0BD028B22F00C02028384
:10127000028B0A430283704770B5048C24F001048A
:101280000484058B048C4FF6FF7606EA03131343A0
:1012900025F0F305F84A2B4390420ED0F74A9042CE
:1012A0000BD0B0F1804F08D0F54A904205D0F54AF6
:1012B000904202D0F44A904202D124F0020201E0AE
:1012C00024F00A020A4342F001010383018470BD45
:1012D0002DE9F84F0D4604460888E74FDFF89CC318
:1012E000DFF89C83DFF89C934988AA882B894FF00C
:1012F000804A48B304282FD04FF6FF76082893463B
:1013000032D0208C9E4620F480502084A38B208CE9
:1013100006EA0132009223F4734306EA0B221A43D1
:1013200006EA0E331343BC420AD0644508D0544544
:1013300006D0444504D04C4502D0D34A944242D111
:1013400020F40050009940E02046FFF795FFE9881F
:101350002046BDE8F84F87E72046FFF732FFE988CF
:101360002046BDE8F84F20E7208C20F480702084D0
:10137000B4F81CE0208C06EA031306EA01222EF0E2
:10138000F30E43EA0B0343EA0E030092BC420AD079
:10139000644508D0544506D0444504D04C4502D09D
:1013A000B94A944203D120F40070009901E020F47E
:1013B0002060084340F48070A3832084E98820469D
:1013C000BDE8F84FE9E620F40240084340F48050BD
:1013D000A3832084E9882046BDE8F84FD1E62DE9B3
:1013E000F0410C46002649880746012501B902262E
:1013F000A288012A00D102252088238900283846A6
:1014000010D0FFF7DEFEE1883846FFF7CEFE2389D5
:101410002A4631463846FFF72FFFE1883846BDE8B7
:10142000F04121E7FFF728FFE1883846FFF71CFF6E
:1014300023892A4631463846FFF7C3FEE1883846FD
:10144000BDE8F041B1E610B50A884B88CC881A4354
:101450008B8823431A430B891A434B8989891A4382
:101460000A43A0F8442010BD4FF6FF71818000218F
:101470000180C1804180017270470021018041805C
:101480008180C180018141818181C18170470021BA
:101490000180418001228280C1800181704700214A
:1014A000018041808180C1800181418181817047BB
:1014B0000029018802D041F0010101E021F0010181
:1014C00001807047002930F8441F02D041F40041E8
:1014D00001E0C1F30E0101807047002A828901D02A
:1014E0000A4300E08A43828170478182704711433A
:1014F000A0F848107047002A828901D00A4300E012
:101500008A4382817047018921F007010181704778
:10151000028922F070020A430281704700B5034637
:10152000FFF7F6FF188940F00700188100BD70B57D
:1015300016460D46602904464FF0010231460AD096
:10154000FFF79AFE29462046FFF7E2FF208940F088
:101550000700208170BDFFF734FEF3E730B5048942
:101560004FF6FF7505EA03231343E4B20B4323430D
:10157000038130BD10B50446FFF7F0FF208940F02D
:101580007700208110BD10B50446FFF7E7FF2089E2
:1015900040F48040208110BD01858282704702881E
:1015A00022F070020A430280704770B50589048BEF
:1015B000068C25F007050D434FF6FC410C4040F228
:1015C00001110C434FF6FF7101EA031126F02206C8
:1015D0001143314305810483018470BD028B22F0E5
:1015E00070020A4302837047028B4FF6FF7322F4A6
:1015F000E04203EA0121114301837047828B22F00C
:1016000070020A4382837047828B4FF6FF7322F485
:10161000E04203EA012111438183704700290188D8
:1016200002D041F0800101E021F08001018070478B
:101630000029818802D041F0040101E021F0040179
:10164000818070470029818802D041F0080101E0C3
:1016500021F00801818070470029818802D041F083
:10166000010101E021F0010181807047028B22F02D
:1016700008020A4302837047002C014000340140F5
:101680000004004000080040000C0040028B4FF6B0
:10169000FF7322F4006203EA012111430183EAE7A8
:1016A000828B22F008020A438283E4E7828B4FF6A2
:1016B000FF7322F4006203EA012111438183DAE718
:1016C000028B22F004020A430283D4E7028B4FF616
:1016D000FF7322F4806203EA012111430183CAE708
:1016E000828B22F004020A438283C4E7828B4FF686
:1016F000FF7322F4806203EA012111438183BAE778
:10170000028B22F080020A430283B4E7028B4FF679
:10171000FF73C2F30E0203EA012111430183AAE71A
:10172000828B22F080020A438283A4E7828B4FF6E9
:10173000FF73C2F30E0203EA0121114381839AE78A
:10174000028C22F002020A43028494E7028C22F007
:1017500008020A4302848EE7028C4FF6FF7322F0E0
:10176000200203EA01111143018484E7028C4FF641
:10177000FF7322F0800203EA0111114301847AE72A
:10178000028C4FF6FF7322F4007203EA0121114329
:10179000018470E7028C4FF6FF7322F4006203EAC3
:1017A00001211143018466E7028C4FF6FF7322F496
:1017B000005203EA0131114301845CE710B50123B3
:1017C000048C8B409C430484038C8A401343038421
:1017D00010BD10B50423048C8B409C430484038CFF
:1017E0008A401343038410BD30B50124058C00F1F9
:1017F00018038C40A543058489B108290FD0091F1F
:10180000C1F34E001844016821F4E0410160016811
:101810004FF6FF7303EA02221143016030BD03EB70
:101820005100016821F0700101600168F4E70029AE
:10183000018802D041F0020101E021F002010180A3
:1018400019E70029018802D041F0040101E021F0EC
:10185000040101800FE70029818802D041F0800156
:1018600001E021F08001818005E7028822F0080272
:10187000028002880A430280FDE6828822F070021C
:10188000828082880A438280F5E6028922F007027C
:10189000028102890A430281EDE6028922F0800278
:1018A000028102890A430281E5E68184E3E68185BB
:1018B000E1E68186DFE60187DDE68187DBE6A0F8E9
:1018C0004010D8E6028822F44072028002880A435F
:1018D0000280D0E6808ECEE6008FCCE6808FCAE60E
:1018E000B0F84000C7E6808CC5E6008DC3E602462E
:1018F0000020128A0A4200D00120BCE6C9430182BE
:10190000B9E602460020138A92890B4202EA0102DC
:1019100002D0002A00D00120ADE6C9430182AAE628
:10192000C44910B588420AD101218C032046FFF733
:1019300042FA2046BDE810400021FFF73CBABE49FC
:10194000884202D101214C0410E0BC49884202D1F6
:1019500001218C040AE0BA49884202D10121CC0459
:1019600004E0B84988420AD101210C052046FFF75E
:101970002BFA2046BDE810400021FFF725BA10BD24
:1019800030B50446008A85B00D464CF6FF7108401C
:10199000E98801432182A0894EF6F3110840A98805
:1019A0002A8911436A8902431143A181A08A4FF613
:1019B000FF410840A9890143A1826846FFF79EF9CB
:1019C0009C48844201D1039800E00298A18909044F
:1019D00000EBC00101EB0010296801D5490000E0CF
:1019E0008900B0FBF1F06422B0FBF2F109010B09B0
:1019F0006FF018056B4300EB8300A3891D044FF0C3
:101A0000320306D503EBC000B0FBF2F000F0070094
:101A100005E003EB0010B0FBF2F000F00F0008430C
:101A2000208105B030BD4FF4165101600021818046
:101A3000C18001810C2242818181704710B5028AE8
:101A40004FF2FF031A400B884C8823438C88C988C7
:101A50000C4323431343038210BD002101804180C6
:101A60008180C18070470029818902D041F40051F2
:101A700001E021F400518181704710B5C1F3421398
:101A800001F01F040121A140012B07D0022B07D038
:101A90001430002A026805D00A4304E00C30F8E74D
:101AA0001030F6E78A43026010BD002A828A01D016
:101AB0000A4300E08A4382827047028A22F00F02C2
:101AC0000282028A0A4302827047828922F40062FB
:101AD000828182890A43828170470029818902D0EC
:101AE00041F0020101E021F0020181817047028A88
:101AF00022F020020282028A0A43028270470029F1
:101B0000018A02D041F4804101E021F48041018248
:101B10007047C1F30801818070478088C0F30800D6
:101B20007047818941F0010181817047028BD2B2F7
:101B30000283028B42EA012101837047028B02F487
:101B40007F420283028B0A43028370470029818A05
:101B500002D041F0200101E021F020018182704794
:101B60000029818A02D041F0100101E021F010012A
:101B7000818270470029818A02D041F0080101E08A
:101B800021F00801818270470029818902D041F447
:101B9000004101E0C1F30E01818170470029818A73
:101BA00002D041F4006101E021F4006181827047BC
:101BB000828A22F004028282828A0A4382827047E9
:101BC0000029818A02D041F0020101E021F00201E6
:101BD000818270470246002012880A4200D001200C
:101BE0007047C9430180704770B501F01F05012699
:101BF0000024C1F3421306FA05F2012B0FD0022B89
:101C00000FD0838A4FEA11210088134206FA01F6A9
:101C100000EA060001D000B10124204670BD83898E
:101C2000F0E7038AEEE70A0A01219140C9430180E7
:101C30007047000000380140004400400048004068
:101C4000004C00400050004010B56FF00400FEF75B
:101C500042FC204820490068B0FBF1F01F49C0B2A7
:101C600000EB40020870C2EBC0104FF6FF7202EAB0
:101C7000C000488010BD1949097848434FF0E02161
:101C8000486100238B61086940F001000861086920
:101C9000C20701D0C003FAD5086920F0010008612D
:101CA0008B6170470D49498848434FF0E0214861F6
:101CB00000238B61086940F0010008610869C207D0
:101CC00001D0C003FAD5086920F0010008618B61DA
:101CD000704700000000002000127A0084000020FD
:101CE000704A1140014370480160704707216E4AF5
:101CF0008143121D10684FF6FF0318406B4B1843C9
:101D000040EA012010607047F0B5054614460F46C2
:101D10001E461846FFF7EAFFC6F1040085400F2271
:101D2000F2403A402A436009800000F1E020D0F8F8
:101D3000001104F01F050123AB401943C0F8001146
:101D400004F1E02494F8000440EA021084F800044E
:101D5000F0BD70B5564D8B088C07AE69240F46F068
:101D60000106AE619D00534B2B449E680F25A54094
:101D7000AE439E609D68A04005439D604E4B1C682D
:101D80000120884004431C60D10704D04A490C312B
:101D90000B6803430B60910704D5474A083211686A
:101DA0000143116070BD424800210161C1601422ED
:101DB00042618161C161026842F0010202604268D1
:101DC0003E4B1A40426002683D4B1A400260026876
:101DD00022F480220260426822F4FE0242608160A6
:101DE000C0037DE730480830016841F0040101601C
:101DF0002F48C16941F08051C1613248416841F4C6
:101E000080714160016841F004010160016841F0A6
:101E100002010160FEF708BA24482349001D091D8C
:101E20000860704741062248826942F001028261DF
:101E30002048426822F0E062426042680A43426001
:101E4000704730B505460024FFF7ADFF1849086814
:101E500040F4803008600868400CFCD04FF480608B
:101E60004860AD1E4A68E8B242EA8040486048686F
:101E700040F4803048601448026842F03202026048
:101E8000086840F0807008600868400EFCD0486820
:101E900040F00200486002E04868C0F38104022C70
:101EA000FAD130BD80FFFF1F08ED00E00000FA0509
:101EB0000010024000000140000401400000FFF853
:101EC000FFFFF6FE00700040002002407047C84946
:101ED0000A885206FCD5C64AC1B2121D118070474D
:101EE00030B5054687B0012144F20400FEF751FFEA
:101EF0004FF40070ADF8100003208DF81200182088
:101F0000BC4C8DF8130004A92046FEF75AFD20159D
:101F1000ADF8100004208DF8130004A92046FEF748
:101F200050FD25208DF8140001218DF81510002496
:101F30008DF816408DF8171005A8FEF78CFAADF84D
:101F40000440ADF80640ADF80840ADF80C400C2058
:101F5000A74CADF80A00009569462046FFF710FD32
:101F6000012240F225512046FFF787FD012120463E
:101F7000FFF779FD07B030BD9D49091D0880081F96
:101F800001884906FCD570472DE9F04186B08046AE
:101F900003AB02AA98A104F06FFD9A4F9A4C022855
:101FA0004CD003AB02AA99A1404604F065FD9A4DBE
:101FB0009A4E02284CD005A904A8CDE9000103AB34
:101FC00002AA97A1404604F057FD04284ED002AA69
:101FD00098A1404604F050FD012859D097A14046F1
:101FE00004F064FE0125984C002856D097A1404685
:101FF00004F05CFE002853D097A1404604F056FE42
:10200000002851D097A1404604F050FE0024964E7F
:1020100000284DD095A1404604F048FE00284CD041
:1020200094A1404604F042FE002853D093A14046BC
:1020300004F03CFE002850D092A012E0029806F076
:102040001FFD3860039806F01BFD206092A008E099
:10205000029806F015FD2860039806F011FD306027
:1020600090A000F078F806B0BDE8F081029806F084
:1020700007FD3860039806F003FD2060049806F021
:10208000FFFC2860059806F0FBFC306088A0E8E7BC
:102090008A49029808608AA0E3E725708BA0E0E7F0
:1020A000022020708DA0DCE70320207090A0D8E7EC
:1020B00093480470347093A0D3E7357000F004FEA9
:1020C00099480480001D0480001D0480001D0480C8
:1020D00096A0C6E700F049F8C5E79748C1E770B594
:1020E000434C40F2255529462046FFF77DFD002848
:1020F00018D029462046FFF796FD2046FFF70DFD34
:10210000C0B200258D4A8E4C0D280CD00A280AD06A
:10211000A0F120015E2905D821783F2911D2505421
:10212000491C217070BD20780028FBD015548348CD
:10213000FFF72AFF2570BDE8704040217F4804F07A
:1021400093BD257040217D4804F08EFDBDE87040B0
:102150007CA0AFF3008000B5024602E0521CFFF7FE
:102160000BFF10780028F9D100BD2DE9F0417A4825
:10217000B8B0006806F048FC80467848006806F071
:1021800043FC07462548006806F03EFC0646224808
:10219000006806F039FC05461B48006806F034FC70
:1021A00004461848006806F02FFC7049DFF8B0C1FB
:1021B0006C4B6D4A09680DF11C0EDCF800C01B6801
:1021C00012688EE80E103D4A04A912688DE871006D
:1021D0001D4881E8840103782348027864490BA8EC
:1021E00004F0C6FB0BA8FFF7B6FF38B03CE70000D1
:1021F000003801400008014042414C20256C642019
:10220000256C6400580000205C00002056454C20DE
:10221000256C6420256C64006000002064000020B0
:1022200050494420256C6420256C6420256C642072
:10223000256C64004D494420256C64004D4F444595
:1022400020444D50000000001C0000204D4F44452C
:10225000204B414C4D414E004D4F444520434F4D86
:102260005000000041524D002B00002053544F50AD
:1022700000000000535441545553000048454C5051
:10228000000000004552522C554E4B4E4F574E5FAA
:10229000434D440D0A0000004F4B2C42414C0D0AA7
:1022A000000000004F4B2C56454C0D0A000000006A
:1022B0004F4B2C5049440D0A00000000180000202C
:1022C0004F4B2C4D49440D0A000000004F4B2C4D44
:1022D0004F44452C444D500D0A0000004F4B2C4DEF
:1022E0004F44452C4B414C4D414E0D0A000000001F
:1022F0004F4B2C4D4F44452C434F4D500D0A000081
:10230000140000204F4B2C41524D2C4B4559325F4D
:10231000454E41424C455F5354494C4C5F524551E8
:1023200055495245440D0A00340400404F4B2C538C
:10233000544F500D0A00000018A70008B8010020F3
:10234000880000204552522C434D445F544F4F5F4C
:102350004C4F4E470D0A000048000020440000206A
:102360003800002034000020300000202C00002025
:1023700080A7000838B501211420FEF70AFD0120CE
:10238000ADF8000004248DF8034069460A48FEF7C2
:1023900018FBE002ADF800008DF8034069460748DD
:1023A000FEF70FFB38BD10B501210348FEF75FFBB8
:1023B000012800D0002010BD00080140001001409D
:1023C00030B587B001214FF48260FEF7E2FC4FF494
:1023D0000040FEF772FC0220ADF8140000248DF8D6
:1023E000174005A93B48FEF7ECFA3B4D2846FEF79F
:1023F00085F84FF46020CDE9020401208DF80440F7
:102400008DF8100000948DF8054069462846FEF7C7
:1024100091F801212846FEF7B5F82846FEF7CFF8D7
:102420002846FEF7D1F80028FAD12846FEF7D3F85F
:102430002846FEF7D5F80028FAD107B030BD10B510
:10244000254C0146072301222046FEF7F3F801211F
:102450002046FEF7CCF802212046FEF7BFF90028FF
:10246000F9D02046BDE81040FEF728B910B50B2082
:10247000FFF7E5FF05F078FE4FF06632174B05F0E9
:1024800087FE0022164B05F083FE0022154B05F057
:102490007FFE6FF00B0206F002FDBDE8104005F074
:1024A0001DBE10B5104C0146072301222046FEF741
:1024B000C1F801212046FEF79AF800BF022120460C
:1024C000FEF78CF90028F9D02046BDE81040FEF751
:1024D000F5B80000001001400028014066660A407F
:1024E00000002640000059400024014070B50C4611
:1024F000054600F006F821462846BDE8704000F089
:1025000042B8F8B501210420FEF743FC4020ADF8A5
:10251000000018254D4E8DF8035003248DF802401D
:1025200069463046FEF74DFA01210420FEF731FCE2
:102530008020ADF800008DF803508DF80240694608
:102540003046FEF73EFA01210820FEF722FC01206A
:10255000ADF800003E4E8DF803508DF802406946FC
:102560003046FEF72EFA01210820FEF712FC022069
:10257000ADF800008DF803508DF8024069463046F2
:10258000FEF71FFAF8BDF0B50D46044687B00121ED
:102590000220FEF707FCADF8144000242D4FADF8E3
:1025A0001050ADF81240ADF8164004A93846FEF7B9
:1025B000D7FC6025ADF800500126ADF80260ADF8FB
:1025C0000640ADF8084069463846FEF702FDADF812
:1025D0000050ADF80260ADF80640ADF8084069461D
:1025E0003846FEF72BFDADF80050ADF80260ADF8AF
:1025F0000640ADF8084069463846FEF75BFDADF889
:102600000050ADF80260ADF80640ADF808406946EC
:102610003846FEF789FD08213846FFF727F80821DC
:102620003846FFF733F808213846FFF739F8082114
:102630003846FFF73BF801213846FEF7EFFF01214E
:102640003846FEF735FF07B0F0BD00000008014036
:10265000000C01400004004010B5012188B048037F
:10266000FEF797FB01211020FEF793FBC020ADF889
:10267000180004208DF81B0006A95748FEF7A1F9A1
:102680006846FEF7F1FE00204FF6FF71ADF804102A
:10269000ADF80000514CADF80600ADF802006946F7
:1026A0002046FEF75DFC00231A4603212046FEF774
:1026B0007CFF03A8FEF7EBFE0A21ADF8141003A976
:1026C0002046FEF705FE01212046FFF717F90122FB
:1026D00011462046FEF701FF00212046FFF7E5F8EE
:1026E00001212046FEF7E4FE08B010BD10B588B009
:1026F00001210420FEF756FB01210820FEF749FBCB
:10270000C020ADF8180004208DF81B0006A934483D
:10271000FEF757F96846FEF7A7FE00204FF6FF7157
:10272000ADF80410ADF800002E4CADF80600ADF881
:10273000020069462046FEF713FC00231A460321D7
:102740002046FEF732FF03A8FEF7A1FE0A21ADF8EE
:10275000141003A92046FEF7BBFD01212046FFF718
:10276000CDF8012211462046FEF7B7FE0021204693
:10277000FFF79BF801212046FEF79AFEB4E70021FF
:10278000032805D0042805D0082806D0002070476B
:10279000154A04E0134A243201E0104A2432B2F907
:1027A00000001180704710B50E4C01212046FFF744
:1027B0009EF82046BDE810400121FFF7AEB810B5E5
:1027C000064C01212046FFF792F82046BDE8104054
:1027D0000121FFF7A2B800000010014000340140C1
:1027E000000C0140000800402404004008B501210D
:1027F0000820FEF7CEFA4FF44040ADF8000010205C
:102800008DF8030003208DF802006946FE48FEF7AC
:10281000D8F808BD70B5FC48001D016821F0704172
:102820000160016841F040510160F84C0120C4F89A
:10283000BC01D4F83C1149B1C4F8B801FFF71BFA48
:102840000025C4F8BC51D4F83C0108B1002070BD8B
:102850000120FFF710FAC4F8B851012070BDEA4812
:1028600010B5001D016821F070410160016841F060
:1028700040510160E54C0020C4F8B801C4F8BC0127
:10288000012004F5DC74FFF7F6F901202060606098
:10289000BDE81040FFF7EFB970B5DB480024001D1C
:1028A000016821F070410160016841F00041016060
:1028B000D64D0126C5F8BC613046FFF7DCF9C5F8F6
:1028C000B86107E0641CE4B2322C03D9FFF7C7FFFC
:1028D000002070BD0120FFF7CEF9D5F83C0100289B
:1028E000F0D1C5F8B801012070BD70B5C74C002506
:1028F000C4F8B851C448001D016821F0704101605E
:10290000016841F040510160C4F8BC51012004F558
:10291000DC74FFF7B0F901202060FFF7ACF9256007
:1029200070BD70B5B94C0026C4F8B861B648001D3A
:10293000016821F070410160016841F0405101607F
:102940000125C4F8BC51284604F5DC74FFF793F95F
:1029500025600120FFF78FF9266070BD2DE9F04159
:102960000546A948001D016821F070410160016819
:1029700041F040510160A54E0027C6F8B8713C46B1
:102980004FF00108E809C6F8BC016806050E0120F1
:10299000FFF771F9C6F8B8810120FFF76CF9C6F8A6
:1029A000B8710120FFF767F9641CE4B2082CE9D381
:1029B000BDE8F0812DE9F0411D4616460C4607465C
:1029C000FFF728FF68B17806000EFFF7C7FFFFF793
:1029D00063FF40B12046FFF7C1FFFFF75DFF002412
:1029E0000BE00120E4E7FFF73AFFFAE7285DFFF785
:1029F000B5FFFFF751FF10B1641CB442F6DBFFF7DF
:102A00002EFF0020D4E72DE9F04781467E480024C0
:102A1000001D016821F070410160016841F0004132
:102A200001607A4E254627464FF00108C6F8B87176
:102A30000220FFF720F9C6F8B8816006040ED6F828
:102A40003C0108B1641CE4B20220FFF714F96D1CCC
:102A5000EDB2082DEAD3B9F1000F02D0FFF745FF20
:102A600001E0FFF75EFF2046BDE8F0872DE9F04169
:102A70001D4614460F460646FFF7CCFEB0B1700661
:102A8000000EFFF76BFFFFF707FF88B13846FFF72F
:102A900065FFFFF701FFFFF7BDFE012000EB4600D9
:102AA000C0B2FFF75BFFFFF7F7FE0DE001207FE705
:102AB000FFF7D5FEFAE7012C0CD00120FFF7A3FFAA
:102AC000641E05F8010BE4B2002CF4D1FFF7C7FE39
:102AD00000206DE70020F1E770B50D460446FFF7D2
:102AE00099FE2046FFF73AFFFFF7D6FE2846FFF78C
:102AF00035FFFFF7D1FEFFF78DFE641CE0B2FFF754
:102B00002DFFFFF7C9FE0020FFF77DFF0446FFF70A
:102B1000A6FE204670BD2DE9F0411D4616468846AA
:102B200007460024FFF776FE3846FFF717FFFFF74A
:102B3000B3FE4046FFF712FFFFF7AEFEFFF76AFE57
:102B40007F1CF8B2FFF70AFFFFF7A6FE771E09E029
:102B5000BC4201D0012000E00020FFF754FF2855BF
:102B6000641CE4B2B442F3D3FFF779FE20461FE7BA
:102B70002DE9F0411D461646884607460024FFF71A
:102B800049FE3846FFF7EAFEFFF786FE4046FFF7AC
:102B9000E5FEFFF781FE06E0285DFFF7DFFEFFF7A9
:102BA0007BFE641CE4B2B442F6D3FFF758FE01206A
:102BB000FEE610B51446FFF78FFF2070012010BD10
:102BC00007B502AB0122FFF7D3FF0EBD2DE9F84395
:102BD00014461E460D4680466A46089FFFF7E9FFE9
:102BE000002820D0621CFF2000FA02F1C4F1080284
:102BF0003244521ED0400143C6F108008740FAB269
:102C0000C4F10700C24003E0000C014000802142F3
:102C10009DF80000084010438DF80000C2B229461C
:102C20004046FFF7CDFFBDE8F883F8B515461C46D2
:102C30000E4607466A46FFF7BCFF01209DF80010CC
:102C4000A8400CB1014300E08143CAB28DF80020D6
:102C500031463846FFF7B4FFF8BD00001FB501212B
:102C60000846FEF796F801210820FEF792F84FF487
:102C70000074ADF80C4048208DF80F0003A91148EE
:102C8000FDF79FFE09210120FDF74FFF00208DF881
:102C900004000C2000948DF8050001248DF80640F6
:102CA0006846FDF7D1FD17208DF8080002208DF849
:102CB00009008DF80A408DF80B4002A8FDF7CBFB08
:102CC0001FBD0000000C014010B500F0BFF86449C2
:102CD0000020087010BD10B5044600F0B7F8604839
:102CE00004700120012C07D0022C07D0032C08D03F
:102CF000042C05D15B4902E05B4900E05B49088098
:102D000010BD5B49FBE770B5054686B00121082080
:102D1000FEF73FF801218804FEF744F84FF4806085
:102D2000ADF8100003248DF812401820514E8DF894
:102D3000130004A93046FDF744FEF014ADF810006E
:102D400004208DF8130004A93046FDF73AFE272031
:102D50008DF814008DF8154000248DF816400120E0
:102D60008DF8170005A8FDF776FBADF80440ADF827
:102D70000640ADF80840ADF80C400C203E4CADF8D4
:102D80000A00009569462046FEF7FAFD012240F24E
:102D900025512046FEF771FE01212046FEF763FE15
:102DA00006B070BD41281FD008DC09281BD2DFE81F
:102DB00000F01A1B1F1F1F1D21212100462819D0BA
:102DC00008DC422814D0432812D0442810D04528CB
:102DD00009D10BE047280DD048280BD027495828A7
:102DE0000AD0592813D06FE7012004E0022002E046
:102DF000042000E003206EE70888B0F5FA7F02D8CF
:102E00000888643001E04FF4167008807047088825
:102E1000C82802D308886438F7E76420F5E770B55E
:102E2000154D40F2255421462846FEF7DDFE0028C8
:102E30000BD02846FEF771FEC0B2FFF7B3FF214664
:102E40002846BDE87040FEF7EEBE70BD0649002082
:102E500008800649088006490880024908807047B2
:102E60002A000020240000201E0000202000002056
:102E700022000020000C01400048004028000020F3
:102E800070B50022F74C012311B1C4F88C3101E078
:102E9000C4F88C21F44D0021C5F8B821060602D5EE
:102EA000C4F8943101E0C4F89421C5F8B831400663
:102EB000491C000EC9B20829EED3C4F88C3170BD8C
:102EC00070B5EA4E002505F1B000C0B20021FFF751
:102ED000D7FF00210846FFF7D3FF00211020FFF79E
:102EE000CFFF002406EBC4000121405DFFF7C8FFBF
:102EF000641CE4B2802CF5D36D1CEDB2082DE2D336
:102F000070BD00B500218D20FFF7BAFF002114200D
:102F1000FFF7B6FF0021AF205DF804EBB0E700B586
:102F200000218D20FFF7ACFF00211020FFF7A8FF44
:102F30000021AE205DF804EBA2E710B40021CB4BDA
:102F40000A46002003EBC004401CC0B26254802833
:102F5000F8D3491CC9B20829F3D310BCB0E710B5A7
:102F60007F2816D83F2914D80723A3EBD10301F0FB
:102F70000701C1F107040121A140BC4CDBB204EB05
:102F8000C000002AC25CC9B201D00A4300E08A43F3
:102F9000C25410BD2DE9F04F203A9C460D468246A2
:102FA000884602F0FF090026DDF824B02FE0BCF1CE
:102FB0000C0F08D0AE4901EB09100027845D2006F4
:102FC00007D55A4609E0AB4909EB490001EB8000FF
:102FD000F3E7BBF1000F12D0002229465046FFF75D
:102FE000BEFF60066D1C040EEDB2A5EB0800604547
:102FF00007D10AF10100454600F0FF0A05E0012271
:10300000EBE77F1CFFB2082FD9D3761CF6B26645DA
:10301000CDD3BDE8F08F0346012000E05843491EA0
:10302000C9B2FBD270472DE9FF4F81B00027DDF810
:1030300038B01D46924680463C464FF001094FEAA3
:103040005B0627E0281B401EC1B20A20FFF7E3FF02
:10305000BAFBF0F00A21B0FBF1F201FB120027B934
:10306000691E8C4201DA48B101273030C2B206FB3A
:103070000480C0B25B46CDF8009006E006FB0480F9
:10308000C0B25B462022CDF800900299FFF782FF84
:10309000641CE4B2AC42D5D305B0BAE7F8B5164625
:1030A0000D460446012714E07A2C02D9002410357D
:1030B000EDB23A2D03D900242546FFF73EFF0097D5
:1030C00032780C2329462046FFF764FF0834E4B227
:1030D000761C30780028E7D1F8BDF8B50220FEF75D
:1030E000A1FE0120FEF79EFE01211820FDF751FEF2
:1030F00001210820FDF74DFE4FF48040ADF800009F
:1031000010248DF8034003258DF8025069465A4873
:10311000FDF757FC2020ADF80000584E8DF8034015
:103120008DF8025069463046FDF74BFCADF8004083
:103130008DF803408DF8025069463046FDF741FC9A
:103140000820ADF800008DF803408DF80250694664
:103150003046FDF736FC434C0020C4F89001642053
:1031600004F5C874FEF79EFD012020600021AE200A
:10317000FFF786FE0021D520FFF782FE00215020B8
:10318000FFF77EFE0021A820FFF77AFE00213F20F6
:10319000FFF776FE0021D320FFF772FE00210846DC
:1031A000FFF76EFE00214020FFF76AFE00218D2010
:1031B000FFF766FE00211420FFF762FE00212020A9
:1031C000FFF75EFE00210220FFF75AFE0021A1203A
:1031D000FFF756FE0021C020FFF752FE0021DA2043
:1031E000FFF74EFE00211220FFF74AFE002181204A
:1031F000FFF746FE0021EF20FFF742FE0021D92015
:10320000FFF73EFE0021F120FFF73AFE0021DB2010
:10321000FFF736FE00213020FFF732FE0021A42008
:10322000FFF72EFE0021A620FFF72AFE0021AF2087
:10323000FFF726FEFFF781FEF8BD30B5C400E1B20E
:1032400000220A4B083409E0002003EBC005401CB3
:10325000C0B26A548028F8D3491CC9B28C42F3D852
:1032600030BD00000080214200002242F801002011
:10327000EA930008768F000800100140000C01401E
:1032800010B5FE4B4FF4E1521C1D002804DD1A80DE
:10329000C0F5E150208003E000F5E1501880228065
:1032A000F6480830031D002904DDC1F5E151018015
:1032B0001A8010BD028001F5E151198010BD70B572
:1032C000EF4BD3F834510024EE4A012D00D1147095
:1032D000ED4DA84213D8ED4DA84210DCD3F83401CF
:1032E00001280CD0EA480078012808D0B1F57A7F8F
:1032F00005DB1078012802D00025284670BD012585
:10330000FFF7E2FCDD480480001D0480001D0480FE
:10331000001D0480F1E72DE9F0418046D9481446AC
:103320000D46007800282ED0DA4EDB4F708988B920
:1033300038680A3805F0A4FB414605F0CDFB09D2F8
:1033400038680A3005F09CFB414605F0C5FC01D207
:1033500005B91CB17089012802D016E001207081E6
:10336000B0890021401C80B2B081322801D9B181DE
:103370007181032D09DD032C07DD642D05DA642C32
:1033800003DA71810120BDE8F0810020FBE700280D
:1033900000DA404270472DE9F047BE4C90460246A5
:1033A00060881E4689460025A0B94046FFF7EFFF1A
:1033B00001463046FFF7EBFF0844962809DAA0885B
:1033C000401C81B2A1800A2904D901206080A58017
:1033D00003E0A580608801281ED1E088401C80B2EF
:1033E000E080C82801D9E5806580AC48AA4F8242B8
:1033F00012DD3868143805F043FB494605F06CFBD4
:103400000AD23868143005F03BFB494605F064FCED
:1034100002D20220608002E06088022813D1208955
:10342000401C80B22081642801D92581658008EB89
:103430000600FFF7ACFF40F6B831884203DD658037
:103440000120BDE8F0870020FBE7884200DD084648
:10345000904200DA104670472DE9F0410746904847
:10346000002506688F480188B9B1008805F020FB67
:1034700001468D480088874C012811D08B48008870
:1034800001280FD00020A0648948008801280DD0B1
:1034900088480088012809D00AE04FF07E51E8E70B
:1034A000854800E0854805F0EDF9ECE784480568BB
:1034B0003846294605F044FB824F394605F0E2F9CB
:1034C00005463146A06C05F03BFB394605F0DAF9BC
:1034D000294605F063F9BDE8F04105F095BA2DE9FC
:1034E000F35F8346724801887748784D784EDFF85D
:1034F000E481DFF8E491DFF8E4A10027654C0129BD
:1035000005D06C490988012905D0276427E0008887
:1035100004F02AFE03E00088404204F00EFE2A4632
:10352000334604F047FC0022434604F043FC0222E9
:1035300005F0B5FC00224B4604F02AFE002253465B
:1035400004F026FE012205F0AAFC04F045FB6449C4
:103550002064884202DC6349884200D921640199D1
:103560000BEB0100404205F08BFA0646A0635E4972
:10357000E06B05F0E5FA05465C49304605F0E0FAF7
:10358000294605F00BF905460146E063606C05F03D
:1035900005F9216C05F002F955496064884202DCA6
:1035A0005449884200D9616453480168606C05F051
:1035B000C7FA444905F066F90646504801682846AE
:1035C00005F0BEFA4E4905F05DF9314605F0C0FB45
:1035D00060634C4801684C480068FFF770FE0128A2
:1035E00003D02B480078012800D16764606BBDE8E8
:1035F000FC5F05F009BA70B5054627480C4600681F
:1036000005F03EFA294605F0A3FB4049054684F043
:103610000040096805F094FA2A4905F033F9044698
:103620003B483749006805F02DF9294605F088FA2E
:10363000214605F08DFBBDE8704005F0E5B92DE9A8
:10364000F35F04F07AFD234D00222B4604F0A0FD29
:103650006FF00106324605F022FC1F4F00223B4668
:1036600004F0A8FBDFF874800022434604F0A2FBBC
:1036700004F0B2FA05F066F84CE0000034040040B3
:103680000000224214000020000020C2000020425E
:103690002B00002090000020180000200060EA4667
:1036A00068000020260000202200002024000020C6
:1036B0001E00002020000020000058C200005842D8
:1036C0006C0000200000C84228000020D3DEE00B80
:1036D000934F6A400000694000003E4000407F4038
:1036E00000001645000016C53D0A573F0AD7233E85
:1036F000008CB948008CB9C864000020600000202C
:103700000000C8C240000020440000205C000020EF
:1037100058000020DFF89C93DFF89CB34A465B46D4
:1037200004F036FDDFF894A30022534604F030FD88
:1037300004F052FAE24C2062019804F0FEFC0022F0
:103740002B4604F025FD324605F0A9FB00223B463E
:1037500004F030FB0022434604F02CFB04F03CFA5A
:1037600004F0F0FF4A465B4604F012FD0022534687
:1037700004F00EFD04F030FA6062BDE8FC9F2DE914
:10378000F05F044602F0ECFDCE49DFF83C83CF4FFA
:10379000DFF83C93DFF83CA3CF4D0860012C7DD0CF
:1037A0004421D020FFF798F904464321D020FFF7A9
:1037B00093F904EB0020C24C46212083D020FFF770
:1037C0008BF906464521D020FFF786F906EB00204D
:1037D000A0834821D020FFF77FF906464721D0205B
:1037E000FFF77AF906EB002060833C21D020FFF739
:1037F00073F906463B21D020FFF76EF906EB002057
:1038000060823E21D020FFF767F906463D21D02097
:10381000FFF762F906EB0020E0814021D020FFF79E
:103820005BF906463F21D020FFF756F906EB002052
:1038300006B22682B4F91800404205F021F938603A
:10384000304604F07AFC06460F46B4F90E0004F048
:1038500074FC32463B4604F0B5F8DFF880B2002233
:103860005B4604F095FC934A934B04F0A3FA04F0F2
:1038700035FCA082B4F9100004F05FFC06460F4648
:10388000B4F9120004F059FC32463B4604F09AF8B1
:1038900000225B4604F07CFC864A00E01EE0864B7A
:1038A00004F088FA04F01AFCE082B4F9180005F07C
:1038B000E7F88B4E314604F0E5FF8346B4F91C006F
:1038C00005F0DEF8314604F0DDFF06468548864FF8
:1038D0000078022817D0032827D03AE002F0ADFC88
:1038E000824C2968C8F80010B4F9000005F0C8F847
:1038F0003860B4F9040005F0C3F8C9F800007C484A
:10390000B0F9040030E0B4F9140005F0B9F85946F4
:1039100000F006F980F000402860B4F9160005F0C8
:10392000AFF8314600F0BDF910E0B4F9140005F02D
:10393000A7F8594600F099F980F000402860B4F9E2
:10394000160005F09DF8314600F04FFA80F0004077
:1039500038602968C8F80010B4F91A0005F090F82A
:10396000C9F80000B4F9100005F08AF8CAF80000A0
:10397000BDE8F09F2DE9F05F5E48D0F824010028F3
:103980007CD15D494FF4007008600420FEF7F7FE1B
:103990005A4E30600820FEF7F2FE594D484F404223
:1039A0002860387878B1002038704E480078FFF7EA
:1039B000E6FE29683068FFF742FE524A107800247C
:1039C000012802D00AE00120EEE74F490878401CA8
:1039D000C0B208700A2801D10C7014703878DFF872
:1039E0002CB101284BD03948DFF8DC800168D8F8C9
:1039F0000000FFF700FE814629683068FFF76FFD81
:103A0000074633480068FFF727FD09EB0702014628
:103A10005018DFF8FCA0DFF8FC90511ACAF800003B
:103A2000DFF8F4C0C9F8001057464B46624641F62D
:103A3000F421FFF70AFD3860624641F6F421186868
:103A4000FFF703FD186023482B683268D8F8001090
:103A50000068FFF7A0FC314F08B1012038702A68D8
:103A600045463168D8F80000FFF755FC00B13C70BE
:103A7000DBF800102868FFF722FC90B117E0FEF792
:103A8000F5FCB862F96A491CF9623A6B6429104482
:103A900038630CD190FBF1F1CBF800103C63FC6271
:103AA00005E0D9F80010DAF80000FFF7E9FB002084
:103AB0005EE70000F1D4C853FB21094000C050402C
:103AC000900000203C00002044000020480000201E
:103AD0004C000020540000209C0100200080664023
:103AE000333383411C00002098010020A0010020F6
:103AF000A601002000802142140401402C00002077
:103B00003000002051000020500000204000002024
:103B100034000020380000200CE5FFFF14000020D6
:103B20002DE9F34FBF4E85B00846B168BC4D0491F6
:103B300005F00EF93168009105F002F8716804F0A3
:103B40002DFE06F15C04029067682846394605F0B0
:103B5000FFF8D4F80890494605F0FAF8B24A106028
:103B6000E168884681F00045B0495560C2E90251DC
:103B7000009904F0E5FF216804F010FE8346284612
:103B8000009904F0DDFF0546394604F007FE824641
:103B90002846494604F002FE8146A448009904F0F4
:103BA000CFFF414604F0FAFD80460299059805F0E2
:103BB000CFF8009059464FF07E5004F0C1FF054603
:103BC00049464FF07E5004F0BBFF039029464FF06A
:103BD0007E5004F0B5FF4FF07C5104F0DFFD074646
:103BE0000146284604F04EFE01903946039804F041
:103BF00049FE039051464FF07E5004F0A1FF074666
:103C00002946019804F09CFF594605F096F820607B
:103C10003946019804F094FF514605F08EF8606033
:103C20002946039804F08CFF494605F086F8A06009
:103C30003946039804F084FF414605F07EF8E060C1
:103C4000DDE9001004F07CFF029904F0A7FD70602C
:103C500004460099039804F073FF049904F09EFD54
:103C6000B060204607B0BDE8F08F2DE9F0416D4C03
:103C70000A4607466E4E1046216804F061FFE16A6D
:103C800004F08CFD01466B4804F05AFF05463146AE
:103C9000384604F055FF294604F080FDE062BDE897
:103CA000F0812DE9F34F5F4E85B00846716B5C4D96
:103CB000049105F04DF83168009104F041FF316B3B
:103CC00004F06CFD06F16C040290676828463946E2
:103CD00005F03EF8D4F80890494605F039F8524A04
:103CE00010321060E168884681F000454F49556008
:103CF000C2E90251009904F023FF216804F04EFD4F
:103D000083462846009904F01BFF0546394604F017
:103D100045FD82462846494604F040FD8146434819
:103D2000009904F00DFF414604F038FD80460299E9
:103D3000059805F00DF8009059464FF07E5004F0BC
:103D4000FFFE054649464FF07E5004F0F9FE039011
:103D500029464FF07E5004F0F3FE4FF07C5104F002
:103D60001DFD07460146284604F08CFD01903946AA
:103D7000039804F087FD039051464FF07E5004F005
:103D8000DFFE07462946019804F0DAFE594604F0A2
:103D9000D4FF20603946019804F0D2FE514604F069
:103DA000CCFF60602946039804F0CAFE494604F03F
:103DB000C4FFA0603946039804F0C2FE414604F0F7
:103DC000BCFFE060DDE9001004F0BAFE029904F0E7
:103DD000E5FC306304460099039804F0B1FE0499B1
:103DE00004F0DCFC706320463CE72DE9F0410D4C0B
:103DF0000A4607460E4E1046216804F0A1FEA16D4A
:103E000004F0CCFC01460B4804F09AFE054631460E
:103E1000384604F095FE294604F0C0FCA0653EE754
:103E20006F12833ADC000020F8050020A69B443B7B
:103E30000AD7A33C48E17A3FF8B5FA4C0023224662
:103E400094F82460D2E900125D1E56B190B10220B0
:103E50000DE01078C97B6B460122FEF7ABFD60B91F
:103E60000DE0A67A4EB128B1607C58B901208DF8DA
:103E70000000EEE78DF80030EBE72846F8BD9DF82E
:103E8000000060740020F8BD38B50024E54D12E054
:103E90002868C27AA2420CD0407DA04209D008789E
:103EA0006B4601222146FEF7E1FD10B14FF0FF30D5
:103EB00038BD641CE4B269680879A042E8D80020E3
:103EC00038BDD84A30B40B4611684FF0FF34CD7A74
:103ED000854206D0497D814203D051680A798242E9
:103EE00002D8204630BC70470C780146204630BCD2
:103EF0000122FEF7BBBD38B5CA4D044695F8230034
:103F0000A04201D1002038BD0CB1302000E00020DB
:103F10008DF80000A87C28B19DF8000040F0020058
:103F20008DF8000095F8220028B19DF8000040F0BF
:103F300080008DF8000028686B460122017D6868CA
:103F40000078FEF737FD10B14FF0FF3038BD85F82F
:103F50002340D7E7F8B5044610F0700F4FF0000685
:103F600001D0012004E014B18DF8006002E040208F
:103F70008DF80000AB4D6B4601222868817C686893
:103F80000078FEF717FD4FF0FF3760BB9DF800008B
:103F900020F0400028738DF80060600602D40420F1
:103FA0008DF80000A00605D49DF8000040F0020046
:103FB0008DF80000E00605D49DF8000040F00100F7
:103FC0008DF80000200705D49DF8000040F038006F
:103FD0008DF8000028686B460122C17C6868007873
:103FE000FEF7E8FC10B1AE723846F8BD24B1082CDB
:103FF00002D00020FFF77FFFAC722E753220FDF754
:1040000051FE0020F8BDF8B5864D0446A87CA042BC
:1040100001D10020F8BD83484FF0FF366B46D0E950
:1040200000104FF001020979007834B3FEF71EFD4D
:10403000D8BB9DF800006B4620F020008DF80000F2
:1040400028680122017968680078FEF7B3FC60BB3C
:104050000320FDF727FE02208DF8000095F82200CE
:1040600070B382202AE028686B460122017D6868CF
:104070000078FEF79FFCC0B92DE0FEF7F7FCA0B971
:10408000A87AC0079DF8000002D040F0200001E0AF
:1040900020F020008DF8000028686B46012201798D
:1040A00068680078FEF786FC08B13046F8BD03204A
:1040B000FDF7F8FD95F8220000B180208DF8000092
:1040C00095F823000028CED09DF8000040F0300085
:1040D0008DF80000C7E7AC749BE7F8B5514D4FF081
:1040E000FF36A87A00287CD000248DF8004028688C
:1040F0006B460122C17B68680078FEF75BFC0028F4
:104100006FD128686B460122417968680078FEF714
:1041100051FC002865D128686B4601220179686846
:104120000078FEF747FC00287AD195F82400C8B340
:104130000C208DF8000028686B4601220179686820
:104140000078FEF737FC00286AD1C0208DF8000007
:10415000A87AC00702D0E0208DF8000028686B46DE
:104160000122017968680078FEF724FC002857D105
:10417000687C18B102208DF8000001E08DF8004045
:1041800028686B460122C17B68680078FEF712FC44
:1041900038BB8DF8004028686B4601224179686879
:1041A000007839E0FFE704208DF8000028686B46AE
:1041B0000122017968680078FEF7FCFB88B9A87CC9
:1041C00080B9A87AC0070DD060208DF8000028685B
:1041D0006B460122017968680078FEF7EBFB00B9B5
:1041E00002E01DE04020F0E7687C18B101208DF866
:1041F000000001E08DF8004028686B460122C17B79
:1042000068680078FEF7D6FB50B92868054B012294
:104210004179686810330078FEF7CCFB002800D0A5
:104220003046F8BD580100202DE9F041FF4D20F047
:104230000104002695F8240010B10020BDE8F081AB
:10424000A87A4FF0FF3838B120402F7C2874A04264
:1042500000D0464624B901E04046EFE7287D40B152
:104260000120FFF7E9FD3CB1FFF737FF20B12F74C4
:10427000F2E70020FFF7E0FD3046DFE738B5EB4C12
:104280004FF0FF35A17A31B3BC2801D3012010E0F3
:10429000622801D302200CE02A2801D3032008E081
:1042A000142801D3042004E00A2801D3052000E0EB
:1042B00006208DF80000E07A9DF80010884201D1B8
:1042C000002038BD20686B46012281786068007844
:1042D000FEF770FB08B1284638BD9DF80000E0727B
:1042E000EEE72DE9F84304464FF0FF39282844D87B
:1042F0000727CE4D00267CB10120FFF7FCFD2020D2
:104300008DF800004FF00108012C17D0052C18D8AB
:104310008DF8018005201FE00020FFF7ECFD8DF8EF
:1043200000608DF8017028686B460222817C686805
:104330000078FEF73FFB00BB2E7529E08DF8016089
:10434000E8E7142C04D802208DF801000A2003E0CD
:1043500003208DF801001420FFF790FF9DF8010065
:104360006B4607EB80108DF8010028680222817CE3
:1043700068680078FEF71EFB10B14846BDE8F88378
:104380000820A8722E7385F814800020FFF74CFFD8
:104390000020F3E7F8B5A54D04464FF0FF37A87AA3
:1043A00028B395F8240010BB287D48B12CB1282CE7
:1043B00003D8E0B2FFF795FF24E00020FFF791FF5C
:1043C0004FF47A76042C01D2042402E0B44200D9DE
:1043D0003446B6FBF4F0401E8DF8000028686B46AA
:1043E0000122417868680078FEF7E4FA08B138469F
:1043F00017E79DF80000401CB6FBF0F0E88140088C
:10440000FFF73CFF00200CE738B5884C4FF0FF3534
:10441000A17A19B3022806D0042806D008280ED0A5
:1044200010281BD10DE0002000E008208DF80000CE
:10443000607A9DF80010B0EBD10F04D005E0102099
:10444000F4E71820F2E7002038BD20686B4601220F
:10445000C17960680078FEF7ADFA08B1284638BD2A
:104460009DF80000C0086072EDE738B56F4C4FF062
:10447000FF35A17A31B3FA2809D0B0F5FA7F08D018
:10448000B0F57A7F0FD0B0F5FA6F1BD10DE00020A8
:1044900000E008208DF80000207A9DF80010B0EBB5
:1044A000D10F04D005E01020F4E71820F2E7002037
:1044B00038BD20686B460122817960680078FEF77C
:1044C00079FA08B1284638BD9DF80000C00820726E
:1044D000EDE72DE9FC41554C80208DF80000206867
:1044E0006B460122817C60680078FEF763FA4FF02A
:1044F000FF37002832D16420FDF7D4FB00258DF86A
:10450000005020686B460122817C60680078FEF7CD
:1045100051FA002870D120686B460622817D6068C0
:104520000078FEF7A3FA002866D19DF805009DF8F3
:104530000310C007400F01F0010140EA41019DF85E
:1045400001004FF0010600F00100014309D00129EC
:1045500005D0022915D036A002F0FEF94CE0E67431
:1045600010E020686B460122C17860680078FEF791
:104570007DFA40BB9DF8000010F00F0020D0042809
:1045800022D0E574FF2004F80A0F4FF6FF7104F8FB
:10459000020C04F8010C6070A180A0712072A6705A
:1045A00026766576E572A572E56025616561A5767A
:1045B000E576A5834FF4FA60FFF757FF18B907E0D7
:1045C000254802F0C9F917E024A002F0C5F9C6E7B2
:1045D0000220FFF719FF78B92A20FFF74FFE58B9DC
:1045E0003220FFF7D7FE38B90020FFF71DFE18B9BB
:1045F0000020FFF708FD10B13846BDE8FC8100201F
:10460000FFF7A8FC0020F8E770477CB50446074890
:104610004FF0FF35817A11F0700F32D00168406899
:104620006B46097B0078062228E000005801002034
:10463000556E737570706F7274656420736F6674F5
:10464000776172652070726F64756374207265762D
:104650002025642E0A000000E4A7000848616C666B
:104660002073656E736974697669747920706172FC
:104670007420666F756E642E0D0A0000FEF7F6F961
:1046800008B128467CBDBDF8000040BA2080BDF8C6
:10469000020040BA6080BDF8040040BAA08000204B
:1046A0007CBD7CB50446FE484FF0FF35817A090792
:1046B00008D5016840686B46497B00780622FEF702
:1046C000D5F908B128467CBDBDF8000040BA20806D
:1046D000BDF8020040BA6080BDF8040040BAA08076
:1046E00000207CBDF8B5EE4C07464FF0FF35A07AB0
:1046F00040B120686B460222817B60680078FEF73B
:10470000B5F908B128468CE5BDF80000646840BAE8
:1047100005B2E08804F0CCF90646B4F9080004F0CC
:10472000AFF90446284604F0ABF9214604F010FB2B
:10473000314604F0A7F8DB4904F030F8102104F00A
:10474000DCFB04F061F9386000206AE52DE9FC41EA
:1047500004004FF0FF3862D0206820B9606810B9BB
:10476000A06800285CD0CE4F03226B4678681146C3
:104770000078FEF77BF9E0BB9DF80010082000EB05
:10478000111101F00F029DF801109DF8023000EBAD
:10479000111100EB1310236840325B0093FBF2F21F
:1047A00016B2626801F00F015200403192FBF1F144
:1047B0000DB2A16800F00F004900403091FBF0F00D
:1047C00004B2786806226B4600781146FEF74EF96F
:1047D00078B9BDF80000BDF8021040BABDF8042059
:1047E000304449BA52BA030A294422448DF80030B1
:1047F00000E014E08DF80100080A8DF80200100AAC
:104800008DF804008DF803108DF8052078680622D5
:104810006B4600781146FEF7CDF8002800D04046E0
:10482000EBE69F49097A39B1012907D002290AD05C
:1048300003290BD0002103E0FA2101E04FF4FA71C3
:104840000180002070474FF47A71F9E74FF4FA6164
:10485000F6E7934A517A41B1012908D002290FD0D5
:1048600003290FD04FF0FF307047022100E00421F0
:104870000170D17C11B101784900017000207047AE
:104880000821F5E71021F3E78549C97A072913D2F2
:10489000DFE801F01204060A0C0E1000BC2100E053
:1048A00062210180002070472A21FAE71421F8E7ED
:1048B0000A21F6E70521F4E70021F2E7784991F8AB
:1048C000242012B14FF0FF307047C98901800020C9
:1048D000704700210180481E70474FF0FF3070473D
:1048E0006F49097A41B1012908D002290AD0032968
:1048F0000AD04FF0FF3070476B4900E06B49016010
:10490000002070476A49FAE76A49F8E7644A517A31
:1049100041B1012909D0022911D0032912D04FF049
:10492000FF3070474FF4804101E041F69C710180F7
:10493000D17C11B1018849080180002070474FF4F3
:104940008051F4E74FF40061F1E75549097C0170AB
:10495000002070475249897A01B10121017000207D
:10496000704738B505464E484FF0FF34817A41B163
:10497000016840686B46097C00780222FEF776F8F1
:1049800008B1204638BDBDF8000040BA288000209C
:1049900038BD2DE9FE4F884641498146002491F8F3
:1049A00024001E4625464FF0FF3BD0BB0020307050
:1049B000887AB0B3087CA0B3420600D502248206F0
:1049C00000D5A41CC20600D5A41C000700D5A41D58
:1049D0008A460968DAF804006B46897A0078022270
:1049E000FEF744F8E8B9BDF8000047BAA74263D320
:1049F000DAF804004188B7EB510F13D9DAF8001048
:104A000000786B46497C0122FEF730F848B99DF8E2
:104A10000000C00606D5FFF760FB6FF00100BDE89F
:104A2000FE8F0AE0DAF80010DAF804006B46C97A63
:104A300000782246FEF71AF808B15846EFE7B7FBB0
:104A4000F4F00C99401E087000203070A4B39AF85E
:104A5000101050460A07694613D5BDF800200625F8
:104A600052BAA8F80020BDF8022052BAA8F80220D5
:104A7000BDF8042052BAA8F80420327842F00802A7
:104A80003270A5421AD0027C520617D54A191288F4
:104A900052BAA9F80020327842F0400232700CE09D
:104AA0005801002000000C42000003430000834234
:104AB00033330342333383411EE0AD1CA5420CD097
:104AC000027C920609D54A19AD1C128852BAA9F87F
:104AD0000220327842F020023270A5420CD09AF8BF
:104AE0001000C00608D54819008840BAA9F804008B
:104AF000307840F010003070002090E72DE9F84346
:104B0000FA4E0546174696F8240089464FF0FF38BE
:104B100088B3B07A78B330686B460222817A7068C5
:104B20000078FDF7A3FF30BBBDF8000044BAAC42EB
:104B300002D2002038701EE070684188B4EB510F3B
:104B400010D9316800786B46497C0122FDF78EFF51
:104B500088B99DF80000C00604D5FFF7BEFA6FF0D3
:104B600001000BE43068EAB24B46C17A7068007805
:104B7000FDF77CFF08B140460BE4B4FBF5F0401EA6
:104B80003870002005E4D94981F8220000207047E0
:104B90002DE9FE4F05460120D44E8DF800004FF060
:104BA00000088DF8018030680C461746817C7068DB
:104BB0006B4602220078FDF7FDFE4FF0FF3A002819
:104BC0007AD1C820FDF76EF88DF8008030686B460A
:104BD0000122C17B70680078FDF7ECFE0028EFD160
:104BE00030686B460122417970680078FDF7E2FE7B
:104BF0000028E5D130686B460122817C706800781E
:104C0000FDF7D8FE0028DBD130686B460122C17D5C
:104C100070680078FDF7CEFE0028D1D130686B4671
:104C20000122017970680078FDF7C4FE0028C7D121
:104C30004FF00C098DF8009030686B460122017925
:104C400070680078FDF7B6FE002835D10F20FDF71B
:104C500029F8B06A6B460122407A8DF8000030686E
:104C6000817870680078FDF7A5FE002824D1B06A2D
:104C70006B460122007A8DF8000030684178706838
:104C80000078FDF797FE002873D1B06A807A0FB1E3
:104C900040F0E0008DF8000030686B460122817919
:104CA00070680078FDF786FE002862D12FB1B06AE7
:104CB000C07A40F0E00001E04AE018208DF80000E2
:104CC00030686B460122C17970680078FDF772FE8A
:104CD000F0BB17B1C820FCF7E5FF40208DF80000BD
:104CE00030686B460122017970680078FDF762FE3A
:104CF00070BB78208DF8000030686B460122417946
:104D000070680078FDF756FE10BB3220FCF7CAFF32
:104D10008DF80080306847466B4641797068012203
:104D20000078FDF747FE98B931687068B046897A17
:104D300000786B460222FDF799FE48B9BDF80000E5
:104D4000AF6040BAB0FBF9F06F60C6B22F6000E010
:104D50000FE0A76067602760002738E0D8F80010F0
:104D6000D8F804006B46C97A00780C22FDF77EFE65
:104D700008B1504653E6BDF80000236840BA02B2BD
:104D8000BDF802001A4440BA01B2BDF80400226026
:104D9000626840BA11446160A16800B20844A06032
:104DA000BDF806002B6840BA02B2BDF808001A44EC
:104DB00040BA01B2BDF80A002A606A6840BA1144DC
:104DC0006960A96800B208447F1CFFB2A860B742BE
:104DD000C4D328688322C117090441EA10410004A2
:104DE000002301F094FD3246002301F090FD28607D
:104DF00068688322C117090441EA104100040023B6
:104E000001F085FD3246002301F081FD6860A8684D
:104E10008322C117090441EA10410004002301F074
:104E200076FD3246002301F072FDA86020684FF441
:104E30000065C117090441EA104100042A46002315
:104E400001F065FD3246002301F061FD20606068DD
:104E50002A46C117090441EA10410004002301F069
:104E600056FD3246002301F052FD6060A0682A46DC
:104E7000C117090441EA10410004002301F047FD75
:104E80003246002301F043FDA060002802DDA0F5BA
:104E9000803001E000F58030A0600020BFE538B52B
:104EA000124C94F8241081421DD00025E8B194F8EA
:104EB0002500E8B10020FEF7BFFF0020FFF7A3F8B0
:104EC000E08CFFF767FA8DF8005060686B460122AE
:104ED00000782321FDF76EFD012084F82400FEF701
:104EE000ABFFFFF7FAF8002038BD04E058010020BE
:104EF0004FF0FF30F8E70020FEF79EFF207C8DF892
:104F0000000060686B46012200782321FDF752FD06
:104F100084F82450E5E72DE9F047FA4E82468AB03E
:104F200096F824000F4620B10020FFF7B8FF0125B6
:104F300000E0002507A8FFF774FC06A8FFF789FC2E
:104F400009A8FFF7A1FC08A8FFF7B8FC96F80A909B
:104F500096F810800024002239465046FFF718FECC
:104F600010B1641C022CF6DB022C1AD000240122A2
:104F700003A96846FFF70CFE10B1641C022CF6DB97
:104F8000022C0ED003A9384600F0BEF9C7B269461C
:104F9000504600F0F0F910F0FF0F4FF0000402D07F
:104FA00002E0002403E001240FB944F00204FF20D2
:104FB00030727072F0724FF6FF71F181B07230741E
:104FC00001203073BDF81C00FFF74FFA9DF8180060
:104FD000FFF71AFABDF82400FFF750F9BDF82000DA
:104FE000FFF7D8F94846FEF7B5FF4046FFF71CF932
:104FF00015B10120FFF753FF0AB02046BDE8F08746
:10500000F8B517000D464FF0FF341FD0BD4EB17AF2
:10501000E1B1010A8DF80010C0B28DF8010041190C
:1050200070684289914211D8316800786B46097ED8
:105030000222FDF7BFFC48B93068EAB23B46417D29
:1050400070680078FDF7B6FC002800D02046F8BD57
:10505000F8B517000D464FF0FF341FD0A94EB17AB6
:10506000E1B1010A8DF80010C0B28DF801004119BC
:1050700070684289914211D8316800786B46097E88
:105080000222FDF797FC48B93068EAB23B46417D01
:1050900070680078FDF7EAFC002800D02046F8BDD3
:1050A0002DE9FF4FDFF85CA2054685B09AF8250090
:1050B000914688464FF0FF3BC0BBB8F1000F35D09A
:1050C00000241FE0281B102800DD102086B208EB0A
:1050D00004073A4631462046FFF792FF30BB6A4646
:1050E00031462046FFF7B4FF00BB384632466946DA
:1050F00001F086FD20B16FF0010009B0BDE8F08F2E
:10510000A01984B2AC42DDD34FEA19208DF810000B
:105110008DF81190DAF80000544604AB817EDAF87D
:10512000040002220078FDF745FC08B15846E4E788
:10513000012084F825000898E0840020DDE771490B
:1051400091F824100170002070474FF0FF30704735
:105150004FF0FF3070472DE9F84F6A4C0F4604F1CD
:10516000160115004FF0FF3B8A464FF000094FF043
:10517000010877D0B0F5FF5F01D9FF2605E02028B0
:1051800001D2012601E0C0F3471607B90127282DF7
:105190006AD8607DF0B994F8240028B10020FFF7A8
:1051A0007EFE84F8208001E084F820905046FFF7CE
:1051B00038FB54481830FFF74CFB52481A30FFF7C1
:1051C00063FB50481C30FFF779FBA07AA0774D486D
:1051D000217CC1770020FEF72FFE0020FFF781F829
:1051E0008DF8009020686B46012281786068007815
:1051F000FDF7E0FB002837D140208DF80000206843
:105200006B460122C17B60680078FDF7D3FB50BB81
:105210008DF800608DF8017020686B460222017ADB
:1052200060680078FDF7C6FBE8B90520FCF73AFD99
:10523000607A072606EBC0008DF8000020686B46F8
:105240000122C17960680078FDF7B4FB58B92020CD
:105250008DF80000012D08D0052D0AD840468DF8A4
:1052600001800DE01DE01FE049E048468DF8019007
:1052700006E0142D01D8022000E003208DF8010083
:10528000C0B206EB80108DF8010020686B46022248
:10529000817C60680078FDF78DFB28B984F8158063
:1052A00027E000200A5C3AB3FF2020726072E072AF
:1052B0004FF6FF71E181A072207484F80C80A07F0A
:1052C000FEF748FEE08AFFF7D0F8207EFFF79CF853
:1052D000608BFEF7D3FFA08BFFF75CF8E07FFEF753
:1052E000A3FF94F8200010B10120FFF7D8FD84F847
:1052F00015900020BDE8F88F401C0C28D2D35846EA
:10530000F8E70000580100202DE9FE4F80460F46C7
:105310000025684600F08FF800246FF00F0AE94678
:10532000012658F8240057F82410401A00D54042AE
:1053300003F0A6FB514603F0E0FD59F8241011F0EC
:10534000FF4F0BD003F09EFA4FF07E5103F000FDAB
:10535000604920F00040884205DC07E05E490844CF
:105360005E49884202D306FA04F00543641C032C0C
:10537000D7DB2846FEE42DE9F84F82465848894697
:10538000002540686B46032200780D21FDF76EFB77
:1053900008B10720AEE79DF80000002400F01F00D0
:1053A0008DF800009DF801006F4600F01F008DF899
:1053B00001009DF802004FF0010800F01F008DF879
:1053C00002005AF8241059F82400081A00D5404267
:1053D00003F056FB6FF00F0103F08FFD0646385DBA
:1053E000E0B1404ADFF800B104E05946104603F04E
:1053F000A7FB0246385D401E10F0FF003855F4D17F
:105400001146304603F03EFA4FF07E5103F0A0FC07
:10541000304920F00040884205DC07E03348304442
:10542000B0F1D97F02D908FA04F00543641C032CBB
:10543000C7DB28465EE72DE9FC47054628486B4652
:10544000042240680D210078FDF710FB10B1072001
:10545000BDE8FC879DF800001C2101EAD0029DF800
:105460000300DFF88C90C0F301131A438DF8042079
:105470009DF80120C0F3810301EAD2021A438DF89E
:1054800005209DF8022000F0030001EAD20101434B
:105490000024184F8DF80610A04601AE305D10B103
:1054A00045F8249009E045F824800CE055F82400E4
:1054B000394603F045FB45F82400305D401E10F0EE
:1054C000FF003055F2D1641CE4B2032CE6D3002077
:1054D000BEE70000295C0F3E666666C19A99D90056
:1054E000580100200000C84154E3853F0000E0BEA1
:1054F0007B14AE3E1D5A843FC8234FF48062FE49A0
:1055000040F6F630FFF7CCBD2DE9FF410446FBA085
:1055100002AB00680290FAA000680390F9A0066848
:10552000F9A0056804F00300195C8DF80010C4F3BD
:10553000C1015A5C8DF80120C4F381129B5C8DF887
:10554000023003AB185C8DF80400585C8DF8050040
:10555000985C8DF806006A46032140F22640FFF76A
:105560004FFD4FF0FF37E0BB01AA032140F22A4074
:10557000FFF746FDA8BBCDE9006560070BD59DF898
:10558000000040F001008DF800009DF8040040F09C
:1055900001008DF80400A0060BD59DF8010040F035
:1055A00001008DF801009DF8050040F001008DF824
:1055B0000500E0050BD59DF8020040F001008DF8D4
:1055C00002009DF8060040F001008DF806006A46D2
:1055D00003214FF48860FFF713FD10B901AA0321DE
:1055E00000E004E040F23140FFF70AFD18B1384610
:1055F00004B0BDE8F081C54804810020F8E7F8B5A3
:10560000C249098901F0030250F822404A0700D537
:105610006442C1F3C10250F822308A0600D55B42D1
:10562000C1F3811250F82220C80500D55242B84972
:1056300084FB0140850045EA947083FB014382FBB3
:105640000121950F45EA8105010E8DF80010010C2E
:105650008DF80110010A8DF80210A40F8DF80300D7
:1056600044EA83046A4604214FF47470FFF7C8FCCF
:105670004FF0FF3688B9200E8DF80000200C8DF811
:105680000100200A8DF802008DF803406A460421CB
:105690004FF47570FFF7B4FC08B13046F8BD280E22
:1056A0008DF80000280C8DF80100280A8DF8020002
:1056B0008DF803506A4604214FF47670FFF7A0FC82
:1056C000F8BD2DE9FF41054603A8FFF71FF9BDF816
:1056D0000C00460CC7038D48018901F0030055F802
:1056E0002020480700D55242C1F3C10055F82040A0
:1056F000880600D56442C1F3811055F82030C805F2
:1057000000D55B42A2FB0715D01700FB075002FB38
:105710000600820042EA9170A4FB0725E11701FB15
:10572000075104FB06118C0044EA9271A3FB074564
:10573000DA1702FB075203FB0622930043EA947236
:10574000030E8DF80030030C8DF80130030A8DF83C
:1057500002308DF80300080E8DF80400080C8DF857
:105760000500080A8DF80600100E8DF80800100CD0
:105770008DF80900100A8DF80A008DF807108DF8D1
:105780000B206A460C214FF42570FFF739FC2FE7F8
:1057900030B504465FA185B007C98DE807004FF01A
:1057A000FF35C82C16D8C820B0FBF4F1491E080AF2
:1057B0008DF80C008DF80D1003AA022140F216207E
:1057C000FFF71EFC30B96A460C2140F6C120FFF7F6
:1057D00017FC10B1284605B030BD4C48848100202C
:1057E000F9E74A4989890180002070472DE9FC4189
:1057F000054640074FF0FF367CD0B1F5C86F79D829
:10580000084603F055F9464903F03CF8074601A85D
:10581000FFF71FF89DF80400022806D004280DD0D9
:1058200008282ED0102865D134E00E21384603F028
:1058300064FB03F005F984B23A4907E00D213846CC
:1058400003F05BFB03F0FCF8374984B2384603F001
:1058500077F903F0F5F8210A8DF8001080B28DF881
:105860000140010A8DF802108DF80300E8076C462C
:1058700020D0224602214FF4EA70FFF7C1FBC8BBDB
:1058800011E00C21384603F038FB03F0D9F884B25C
:105890002649DBE70B21384603F02FFB03F0D0F855
:1058A00084B22349D2E7A21C02214FF49270FFF781
:1058B000A7FBF8B9A8070DD56A4602214FF4EC7092
:1058C000FFF79EFBB0B9A21C02214FF49470FFF7C2
:1058D00097FB78B9680731D56A4602214FF4EE701C
:1058E000FFF78EFB30B9A21C02214FF49670FFF730
:1058F00087FB1FE01FE000002C9A00084CCD6C00D5
:105900000CC92C0036567600264666001806002084
:1059100009E3CA02FEF2ABC4AAF1DFDFBBAFDFDFEF
:1059200000004843000040460000C04500004045DC
:105930000000C04410B13046BDE8FC810020FBE708
:1059400008B500218DF80010C10702D030218DF874
:105950000010810705D59DF8001041F00C018DF86D
:105960000010400705D59DF8000040F003008DF8B9
:1059700000006A4601214FF4A470FFF741FB08BD07
:1059800008B560B1042800D90420401E8DF800003D
:105990006A46012140F24F10FFF732FB08BD01209B
:1059A000F3E70521B0FBF1F008B5010A8DF800100E
:1059B0008DF801006A4602214FF4EF70FFF720FBDB
:1059C00008BD0521B0FBF1F008B5010A8DF8001003
:1059D0008DF801006A4602214FF4ED70FFF710FBCD
:1059E00008BD4FF47A7290FBF2F008B54843010EFF
:1059F0008DF80010010C8DF80110010A8DF80210CD
:105A00008DF803006A4604214FF4AE70FFF7F8FAF0
:105A100008BD0521B0FBF1F008B5010A8DF80010B2
:105A20008DF801006A4602214FF4AD70FFF7E8FAE5
:105A300008BD0521B0FBF1F008B5010A8DF8001092
:105A40008DF801006A4602214FF4AC70FFF7D8FAD6
:105A500008BD38B504004FF0FF3506D06A46042172
:105A60004FF45870FFF7F4FA08B1284638BDBDF876
:105A700000009DF8021040BA000440EA01209DF8A1
:105A8000031008432060002038BD08B5010E8DF8D2
:105A90000010010C8DF80110010A8DF802108DF82C
:105AA00003006A4604214FF45870FFF7A9FA08BDB5
:105AB00038B504004FF0FF3506D06A4604214FF494
:105AC0007170FFF7C5FA08B1284638BDBDF800006F
:105AD0009DF8021040BA000440EA01219DF803003D
:105AE000014301EB810080002060002038BD1421BB
:105AF000B0FBF1F008B5010E8DF80010010C8DF827
:105B00000110010A8DF802108DF803006A46042185
:105B10004FF47170FFF774FA08BD08B560B120202A
:105B20008DF8000028208DF8010030208DF802004B
:105B300038208DF8030004E0A3220421684601F018
:105B40008BF86A46042140F69E20FFF759FAFEF7CB
:105B5000C4FA08BD08B560B1C0208DF80000C220AD
:105B60008DF80100C4208DF80200C6208DF80300D6
:105B700004E08B220421684601F06EF86A46042195
:105B800040F69820FFF73CFAFEF7A7FA08BD0EB5DD
:105B90004FF4976308B1E9A000E0EBA007C88DE8D7
:105BA00007006A4609211846FFF72AFA0EBD3EB5DE
:105BB000044602208DF80000CA208DF80100E32081
:105BC0008DF8020009208DF803006A460421682040
:105BD000FFF716FAA3208DF80000610609D5C02151
:105BE0008DF80110C8218DF80210C2218DF8031024
:105BF00005E08DF801008DF802008DF8030014F423
:105C0000C07F09D0C4218DF80410CC218DF8051077
:105C1000C6218DF8061005E08DF804008DF805000A
:105C20008DF806008DF808008DF807008DF8090042
:105C30006A460A2140F6A720FFF7E2F9A0074FF0D5
:105C4000D80503D020208DF8000001E08DF8005029
:105C50006A46012140F6B620FFF7D2F9A00601D529
:105C6000012000E00020FFF792FF14F4C07F1ED057
:105C7000E0050AD5B2208DF800008B208DF80100D8
:105C8000B6208DF802009B2009E0B0208DF80000BE
:105C900080208DF80100B4208DF8020090208DF84E
:105CA00003006A46042140F6A220FFF7A9F9E007A5
:105CB0004FF40B6323D0F8208DF800006A460121D1
:105CC0001846FFF79DF9FA210720FFF78FFD0720FF
:105CD000FFF736FE0120FFF753FE6420FFF761FE59
:105CE0004FF4FA70FFF76DFEC8219A48FFF779FE6E
:105CF0002820FFF78EFE0A20FFF79BFE06E08DF8B6
:105D000000506A4601211846FFF77AF9A00703D52B
:105D1000D9208DF8000001E08DF800506A4601217D
:105D200040F23D70FFF76CF9600701D5012000E0FB
:105D30000020FFF70FFFE00601D5012000E0002062
:105D4000FFF7EBFE844D44F008006881FEF7C5F9CB
:105D50000020A873600601D50620A87314F4C07F44
:105D600002D0A87B801DA87314F0140F02D0A87B6A
:105D70001030A873A00702D0A87B001DA8730020D4
:105D80003EBD7549498901800020704700B573A167
:105D900087B00EC98DE80E0073A10DF10C0C0EC971
:105DA0008CE80E0040F68223012807D0022803D099
:105DB0004FF0FF3007B000BD6A4600E003AA0B2198
:105DC0001846FFF71DF9F5E72DE9FF4F89B0164694
:105DD000DDE916520024DFF880810F4681462C80D1
:105DE000A24698F80E006946FEF788FE4FF0FF3B8A
:105DF00018B158460DB0BDE8F08FB8F80A0010F0A1
:105E0000140F4CD0BDF800109DF8022049BA0904C7
:105E100041EA022C9DF803104CEA010CC6F800C0C0
:105E2000BDF804109DF8062049BA090441EA02238E
:105E30009DF807100B437360BDF808109DF80A2009
:105E400049BA090441EA02219DF80B201B141143B1
:105E5000B160BDF80C209DF80E4052BA120442EA1F
:105E600004229DF80F4009142243F2604FEA2C46A9
:105E700012147643494303FB036302FB02111944E6
:105E80001024A1F17061B1F1007F04D9FEF725F96A
:105E9000A5F800A0ADE7298841F48071298041066A
:105EA0006A460ED51119A41D0B885BBA3B804B883E
:105EB0005BBA7B80898849BAB980298841F008019A
:105EC000298010F4C07F11D01119A41D0B885BBA72
:105ED000A9F800304B885BBAA9F80230898849BA22
:105EE000A9F80410298841F070012980800718D092
:105EF0001444E07800F0C00500F03F016078C0076E
:105F000007D0C80801F00701D8F80020491C02B1E9
:105F100090476078000704D5D8F8041009B1A809A3
:105F200088470C98FEF770FB002063E70A49086079
:105F3000002070470849486000207047B8AAB38D18
:105F4000B4980D355D000000B8AAAAAAB088C3C5F0
:105F5000C700000009E3CA0218060020D8B1B9F34F
:105F60008BA391B609B4D900DAB1B9F38BA391B67A
:105F7000DAB4DA0090F90010002902DD4FF00000D9
:105F8000704702DA4FF00400704790F901100029C1
:105F900002DD4FF00100704702DA4FF00500704754
:105FA00090F90200002802DD4FF00200704702DA8B
:105FB0004FF0060070474FF007007047F0B5FC4FF8
:105FC000DDE905EC012507EB450437F8156024F8F9
:105FD000026CE68AA682A68D6685B4F84260A4F8B3
:105FE0004060B4F85860A4F856606D1CB4F86E6058
:105FF000EDB2A4F86C600A2DE5D378823985FA8772
:10600000A7F85430A7F86AE00021A7F880C0084636
:1060100037F91020401CC0B211440A28F8D30A22D4
:1060200091FBF2F0B8820021084607EB4003401CC8
:10603000B3F91630C0B219440A28F6D391FBF2F036
:1060400078850021084607EB4003401CB3F92C304B
:10605000C0B219440A28F6D391FBF2F0A7F8400029
:106060000021084607EB4003401CB3F94230C0B2A0
:1060700019440A28F6D391FBF2F0A7F85600002144
:10608000084607EB4003401CB3F95830C0B219442E
:106090000A28F6D391FBF2F0A7F86C00002108461D
:1060A00007EB4003401CB3F96E30C0B219440A2814
:1060B000F6D391FBF2F0A7F88200F0BD08B50323F8
:1060C000009002226B21D020FCF780FD08BD08B5AE
:1060D0000223009004221B21D020FCF777FD08BD8D
:1060E00008B50223009004221C21D020FCF76EFD8D
:1060F00008BD034606226B21D020FCF796BDAC4BB1
:1061000010B50E3B01227521D020FCF704FDA848F4
:106110000E38007810BD10B5FFF7F1FF682801D0E8
:10612000002010BD012010BD034605226A21D020A9
:10613000FCF77BBD034601223721D020FCF775BD5B
:1061400010B50220FFF7BAFF0320FFF7C0FF0020C1
:10615000FFF7C6FF0020FFF7CCFF0020FFF7E4FFAA
:10616000BDE810400020E5E738B5002000906B4600
:10617000012275216820FCF779FC8EA000F0ECFB71
:106180009DF80000682809D093480168934A01F4FB
:10619000E06111430160BFF34F8FFEE7FEF799F90D
:1061A000002849D17820FDF7D5FE10B981A000F074
:1061B000D3FB7820FEF738F810B989A000F0CCFBAB
:1061C000C820FEF7E7F810B98FA000F0C5FBFFF775
:1061D00093F910B996A000F0BFFBA2480446FFF760
:1061E000C9FE0546E01CFFF7C5FE45EAC005A01D37
:1061F000FFF7C0FE45EA801080B2FFF785F910B9BD
:1062000099A000F0A9FB40F27310FFF7D0FC10B981
:106210009FA000F0A1FBC820FFF7BAFA10B9A6A012
:1062200000F09AFB00F076F90120FEF738FE002816
:1062300002D1AAA000F090FB38BD2DE9F04788B04C
:10624000884C07A8283CCDE9004004F1220106ABA8
:1062500002AA881FFFF7B8FD2088C0057DD50298E7
:1062600002F00EFC6FF01D07394602F046FE0646AE
:106270006060039802F004FC394602F03EFE80465E
:10628000A060049802F0FCFB394602F036FE054699
:10629000E060059802F0F4FB394602F02EFE074656
:1062A00020610121304602F028FE294602F048FC18
:1062B00005464FF040463146404602F041FC394623
:1062C00002F03EFC294602F069FA02F03BFA01F0C6
:1062D00031F9DFF82C924FF0663842464B4601F018
:1062E00057FF01F079FC6061E0680121054602F08A
:1062F00004FE8246294602F023FC0546A06831468A
:10630000074602F01DFC394602F01AFC294602F04D
:106310001FFD4FF07E5102F041FA02F013FA0546DC
:106320000E460121606802F0E8FD394602F008FCE3
:1063300007465046216902F003FC394602F02EFA66
:1063400002F000FA2A46334601F03CFB42464B4637
:1063500001F01EFF01F040FCA06108B0BDE8F0872D
:1063600010B54221D020FCF7B7FB04464121D020D4
:10637000FCF7B2FB04EB002002F09AFBB0F18E4F69
:1063800003DD4FF08F4102F0E3FC5E4902F07AFA40
:1063900002F0D8F95C4A5D4B01F050FC00225C4BE6
:1063A00001F0F6FE01F018FCBDE8104002F02CBB35
:1063B000360600206D70755F7365745F73656E736C
:1063C0006F7220636F6D706C657465202E2E2E2E9B
:1063D0002E2E0D0A000000000CED00E00400FA056E
:1063E0006D70755F636F6E6669677572655F66690C
:1063F000666F20636F6D706C657465202E2E2E2E77
:106400002E2E0D0A000000006D70755F7365745FBD
:1064100073616D706C655F7261746520636F6D7020
:106420006C657465202E2E2E2E2E2E0D0A00000077
:10643000646D705F6C6F61645F6D6F74696F6E5FC8
:106440006472697665725F6669726D7761726520E4
:10645000636F6D706C657465202E2E2E2E2E2E0DA2
:106460000A000000AC010020646D705F7365745F0A
:106470006F7269656E746174696F6E20636F6D70A1
:106480006C657465202E2E2E2E2E2E0D0A00000017
:10649000646D705F656E61626C655F666561747581
:1064A000726520636F6D706C657465202E2E2E2EC4
:1064B0002E2E0D0A00000000646D705F7365745F1E
:1064C0006669666F5F7261746520636F6D706C657D
:1064D0007465202E2E2E2E2E2E0D0A006D70755FE7
:1064E0007365745F646D705F737461746520636F4E
:1064F0006D706C657465202E2E2E2E2E2E0D0A00CA
:1065000066A64C400000AA43A4703D0AD74342400F
:106510000000244010B588B002A905A8FEF7FBFCD6
:10652000072832D16846FEF7DBF9059802F0A8FA91
:1065300000990C4602F004FB02F066FA05900698FA
:1065400002F09EFA214602F0FBFA02F05DFA069094
:10655000079802F095FA214602F0F2FA02F054FA96
:10656000079005A8FFF74BF801A8FEF7CFF9BDF893
:106570000400029941430291039941430391049914
:10658000414302A80491FFF79CF808B010BD000039
:10659000F8B505464FF001001E4614000F46009066
:1065A00001D52D2200E02B220C232846FCF7F2FC1B
:1065B000002C00DA64420C20083500902246E8B234
:1065C00033463946FCF72FFDF8BD38B5002198A2B7
:1065D0000846FCF763FD9AA20C210020FCF75EFD43
:1065E0009948007801280ED002280ED003280ED03A
:1065F00004280ED095A20C212020FCF74FFD9548D1
:10660000007840B10CE094A2F5E795A2F3E796A2DA
:10661000F1E797A2EFE79848D0F83401002850D06E
:106620008AA20C215820FCF739FD94A218210020E1
:10663000FCF734FD9348006802F0E6F902460323B4
:1066400018212020FFF7A4FF8FA224210020FCF7AF
:1066500025FD8F4D64210C242868022390FBF1F264
:10666000242120200094FCF7DEFC8AA22421302083
:10667000FCF714FD29680A2091FBF0F191FBF0F280
:1066800000FB12120123242138200094FCF7CBFCDC
:1066900081A224214020FCF701FD80A230210020AE
:1066A000FCF7FCFC7F480094032302883021202063
:1066B000FCF7B9FCBDE8384030217BA23820FCF75C
:1066C000EDBC7BA2ADE738B500217BA20846FCF704
:1066D000E5FC7DA20C210020FCF7E0FC7B48006873
:1066E00002F0AEF90C24024605232146182000943E
:1066F000FCF799FC76A20C214820FCF7CFFC7548EA
:10670000006802F09DF9024603230C2160200094EA
:10671000FCF789FC70A218210020FCF7BFFC6F4831
:10672000006802F08DF90246182103230846009400
:10673000FCF779FC6AA218214020FCF7AFFC6948FD
:10674000006802F07DF902460323182158200094C6
:10675000FCF769FC64A224210020FCF79FFC64483C
:106760000323242102682020FFF712FF61A23021B9
:106770000020FCF793FC6048006802F045F90246EF
:10678000032330211820FFF703FF5CA230214020B3
:10679000FCF784FC5A48006802F036F901B0024662
:1067A000BDE83040032330215820F1E610B5002128
:1067B000544B0A46002003EBC004401CC0B2625494
:1067C0008028F8D3491CC9B20829F3D34E48007871
:1067D00028B1FFF778FFBDE81040FCF771BBFFF769
:1067E000F4FEF8E7484810B500210170417081704F
:1067F000FCF773FCBDE81040D8E7434A002350780B
:10680000401CC0B250709178491CC9B291703C29AB
:1068100009D39370107820B10020107004205070BC
:1068200003E00120F9E7042801D35370BEE7704765
:10683000455834204254202020202020312F32007F
:10684000434D443A000000002A00002053544F50AA
:10685000000000002B0000204657442000000000EC
:106860004241434B000000004C45465400000000EC
:10687000524748540000000000002242414E473A6F
:1068800000000000440000204241543A0000000093
:10689000400000202E000000560000005447543AEB
:1068A00000000000280000206D6D2F730000000024
:1068B00041524D2000000000434F4E54524F4C2097
:1068C00020202020322F3200424B3A005800002076
:1068D00042443A005C000020564B3A006000002021
:1068E00056493A00640000204D49443A0000000037
:1068F00018000020564C3A00B000002056523A00D2
:10690000B4000020F8010020B5010020704710B548
:106910004C1084EA530404D54042C1F1000138BF51
:10692000491E1B4204D55242C3F1000338BF5B1E0F
:1069300000F000FA14F0804F04D04042C1F1000191
:1069400038BF491E14F0004F04D05242C3F1000377
:1069500038BF5B1E10BD00000FB4044910B503AA78
:10696000029800F0E1FA10BC5DF814FB8C000020E6
:106970000FB41CB5074B06AA7B44694600900598E6
:1069800000F0B9FA0020694600F0C8FA1CBC5DF8B6
:1069900014FB0000A10500002DE9F0410E4604465D
:1069A000002020622046E168884730B3252805D0C2
:1069B000D4E901219047206A401CF2E7E1682046B3
:1069C00000278847050018D0A5F14100192802D8F2
:1069D00020354FF400673246294620462760F9F7F4
:1069E00001FC40B1012804D0F61D26F00706083648
:1069F000D8E7361DD6E72846DAE7206ABDE8F081F9
:106A00002DE9F0410646002410687529314616A587
:106A100010D0AFF30080002802DA404213A507E04F
:106A200031688A0701D512A502E0490704D511A5EE
:106A3000012401E0AFF3008000210A2206F12407BF
:106A400009E0B0FBF2FCB0FBF2F302FB1C003030BB
:106A500078541846491C0028F3D123462A4630466C
:106A6000BDE8F04100F0E8B9000000002D00000092
:106A70002B000000200000000FB400B58DB010A95D
:106A8000099000910B904FF0FF300A9000200C907D
:106A9000064878440690064878446A4607900F995D
:106AA00009A800F067FA0DB05DF814FBFF040000C0
:106AB000170500002DE9FF5F1D464FF0FF3B914693
:106AC0004FF000085F46D5E90146A96901987F1C8F
:106AD0008847296A824688470028F6D1BAF1FF3FE5
:106AE0000CD0002E24F4C06419DD600614D5BAF170
:106AF0002B0F09D0BAF12D0F0ED103E0584604B088
:106B0000BDE8F09F44F48064A96901987F1C884720
:106B1000761E8246002E02DDBAF1300F03D0B9F1A5
:106B2000000F26D032E0A969761E01987F1C44F43C
:106B300000748847002E824605DDBAF1780F06D032
:106B4000BAF1580F03D0B9F1000F10D01EE0B9F11F
:106B5000000F02D0B9F1100F18D1A969761E019863
:106B60007F1C24F4007488478246102002E008202D
:106B700000E00A20814609E0A96908FB0908761EA1
:106B800001987F1C44F4007488478246002E05DD7E
:106B90004946504600F0DAF90028EDDAE969019833
:106BA0008847A00502D46FF00100A8E7E00725D1CF
:106BB000600613D5600502D5C8F1000000E040462C
:106BC00029680A1D2A600968220501D5087015E0A8
:106BD000220701D5088011E008600FE02868011D38
:106BE00029600068210502D580F8008006E02107B1
:106BF00002D5A0F8008001E0C0F8008038467EE7AA
:106C000040EA010310B59B070FD1042A0DD310C829
:106C100008C9121F9C42F8D020BA19BA884201D97B
:106C2000012010BD4FF0FF3010BD1AB1D30703D0C3
:106C3000521C07E0002010BD10F8013B11F8014B79
:106C40001B1B07D110F8013B11F8014B1B1B01D195
:106C5000921EF1D1184610BD02F0FF0343EA032251
:106C600042EA024200F002B84FF000020429C0F0EC
:106C7000128010F0030C00F0AF81CCF1040CBCF1D9
:106C8000020F18BF00F8012BA8BF20F8022BA1EBC0
:106C90000C0100F0A1B95FEAC17C24BF00F8012B10
:106CA00000F8012B48BF00F8012B70474FF0013C62
:106CB00050F8042B51F8043B9A4221D1A2EB0C036B
:106CC000934313EACC1317D150F8042B51F8043B2B
:106CD0009A4215D1A2EB0C03934313EACC130BD1C8
:106CE00050F8042B51F8043B9A4209D1A2EB0C0353
:106CF000934313EACC13DBD04FF00000704700BF82
:106D0000D01A01BAB1FA81F101F0180122FA01F0AA
:106D1000CB40C1F12001DBB2C0B2C01A2CFA01F3A2
:106D2000D11A914311EAC311E6D1704770477047F9
:106D30007047704753EA020C00F069802DE9F04B70
:106D40004FF00006002B1FBFB3FA83F503FA05F4DA
:106D500024FA05F65E4012BF1643B2FA82F502FA33
:106D600005F4C5F120051EBF22FA05FC44EA0C0417
:106D7000203556EA044C4FEA144418BF641C4FF007
:106D800000084FF00009904271EB030C39D3002941
:106D900019BFB1FA81F701FA07F6B0FA80F700FAE5
:106DA00007F6C7F120071EBF20FA07FC46EA0C06CB
:106DB0002037B6FBF4FCA7EB0507103F07F01F0BCD
:106DC000CBF120060CFA0BFB2CFA06F644BFB346B7
:106DD0000026202FA4BF5E464FF0000B5BEA060C96
:106DE00008BF4FF0010B19EB0B09ABFB027C48EB22
:106DF0000608C01B06FB02CC0BFB03CC71EB0C019D
:106E0000C1E70B46024641464846BDE8F08B13B544
:106E10004FF000004FF00001AFF30080BDE81C40D0
:106E2000704710B500F0FEF8006810BD10B50446BC
:106E300000F0F8F8046010BD2DE9F0470D469946C2
:106E40009246044600F124080168880604D5E069EA
:106E500021F01001216000E00120A84201DD471B64
:106E600000E00027A1697A1902EB0900081AA06165
:106E70002078C00602D42046AFF30080002608E048
:106E8000D4E901211AF806009047206A401C761CBC
:106E900020624E45F4DB2078C0060AD52046AFF3C9
:106EA000008006E0D4E9012130209047206A401C90
:106EB0002062381EA7F10107F4DC07E0D4E90121C4
:106EC00018F805009047206A401C2062281EA5F192
:106ED0000105F3DC2046AFF300802078000602D5E0
:106EE0000220BDE8F0870120FBE7000001694A1C91
:106EF00002610878704700B58FB0CDE901310021FB
:106F0000059105497944CDE9031011466846FFF71C
:106F100043FD0FB000BD0000E5FFFFFF0A6802F867
:106F2000010B0A6070470000074B70B50D467B44AB
:106F3000FFF7E1FF0446284600F03CFA10B14FF09D
:106F4000FF3070BD204670BD9DAFFFFF3A2800D2D4
:106F5000303820F02002412A01D3A2F137008842C4
:106F600001D34FF0FF30704702681144137801607D
:106F700018467047D1600549794451610449794404
:106F8000116200211161114600F05AB8EDFFFFFFB8
:106F9000AB000000426842B1016811F8013B23B127
:106FA000521EC0E90012184670470121C160881EB8
:106FB000704742685AB1C368016843B983688B421D
:106FC00005D0491E521CC0E90012002070474FF046
:106FD000FF3070474FF0000200B5134694469646C6
:106FE000203922BFA0E80C50A0E80C50B1F12001DC
:106FF000BFF4F7AF090728BFA0E80C5048BF0CC08A
:107000005DF804EB890028BF40F8042B08BF7047E7
:1070100048BF20F8022B11F0804F18BF00F8012B59
:107020007047000000487047BC06002010B50446B9
:1070300000F0EEF90068005D00F0010010BD0000F6
:107040002DE9F34F4FF0000A0C4656468DB0012053
:107050000C9001F10C000B9062690B980121904794
:10706000051E2DD0252D2CD0216A8847C0B162691C
:107070000B9801219047216A88470028F7D162695F
:10708000411E0B98904700E0761CA1690D98884737
:10709000216A88470028F7D1E1690D988847DBE726
:1070A000A1690D988847A842074601D1761CD3E70D
:1070B000E1690D9888477F1C02D1BAF1000F6FD0AB
:1070C0006CE162690B9800273D46394690472A28B3
:1070D00004D162690B98012190470125DFF8D08225
:1070E00062690B9801219047A0F130010A290AD268
:1070F0004745E5DC07EB870100EB4107303FDFD474
:1071000045F01005ECE7E90601D46FF000476C2864
:107110000AD04C2814D0682815D06A280DD07428BD
:107120001CD07A281AD01DE062690B980121904783
:107130006C2802D045F0040514E045F002050DE08E
:1071400045F020050AE062690B9801219047682804
:1071500002D045F0080505E045F4006562690B982A
:1071600001219047C4E9015765283DD019DC582812
:107170007AD00CDC452837D004DC252826D04128DD
:107180009ED131E046282FD0472899D12CE05B28AA
:1071900077D0612828D063287CD0642823D15AE096
:1071A000F7E06F2848D008DC66281DD067281BD080
:1071B000692821D06E2816D127E0702845D0732881
:1071C00068D0752847D078280DD14DE0A1690D9879
:1071D0008847252805463FF469AFE1690D9888473F
:1071E0006D1C3FF46AAFD9E00D9923466A466FF0F3
:1071F0000100AFF30080C6E045F0400023464FF0A9
:1072000000026060A80736D43EE0E8077FF447AF8D
:107210002068011D21600068290501D506701BE763
:10722000290701D5068017E7A90703D5F117C0E99B
:10723000006111E706600FE745F0400023464FF07C
:1072400008026060A80716D41EE040F60E0125EA89
:107250000100606016E045F0400023464FF00A024E
:107260006060A80707D40FE045F040006060A80701
:1072700008D5234610220D996FF00100AFF300806E
:1072800081E007E0102223460D996FF00100FFF71F
:1072900011FC78E04FF0000963284F46C8464B4682
:1072A000CB4602D05B2807D039E02079C00601D454
:1072B0000120A060012732E06269D4F80CB00B987D
:1072C000012190475E2807D14FF0010949466269C4
:1072D000D4F80CB00B989047216939B900210A46BF
:1072E00003AB43F82120491C0829FADBD8B32169F4
:1072F00049B308F1010862690B98012190475D28A4
:10730000F4D1B9F1000F09D0002003A951F82020D1
:10731000D24341F82020401C0828F7DB03AB20694A
:10732000002820794FEA40701ED05B462246CDF8F7
:107330000080CDE901970D9900286FF0010020DA57
:10734000AFF300801FE0C11703AA00EBD1614B111E
:1073500021F01F0102EB8302411A136801208840CB
:1073600003431360C7E719E00D99224600286FF028
:107370000100009702DAAFF3008004E0AFF3008071
:1073800001E0AFF3008000280ADA401C06D10C9817
:1073900020B14FF0FF300FB0BDE8F08F5046FAE754
:1073A000E90701D10AF1010A064400200C9053E6D6
:1073B000CCCCCC0C007B00F08000704700487047BC
:1073C000BC0600207546FFF7F9FFAE46050069468A
:1073D000534620F00700854618B020B5F9F724F889
:1073E000BDE820404FF000064FF000074FF00008C6
:1073F0004FF0000B21F00701AC46ACE8C009ACE847
:10740000C009ACE8C009ACE8C0098D46704700006F
:1074100010B500F00FF8001D10BD00BF910700006F
:1074200010B50446AFF300802046BDE81040F8F7E1
:10743000F4BE000000487047DC060020490050EA16
:10744000C12018BF04204A0D18BF40F0010040F2CF
:10745000FF72B2EB515F08BF40F00200012808BF85
:10746000052070472DE9F0414F1E00EBC70104468F
:10747000D1E9000115461E4637F006020DD02A4616
:10748000334600F085FE7F1E04EBC703D3E90023DB
:1074900000F0D4FB37F00602F1D1022F25D0042FE3
:1074A00013D0062F18BFBDE8F0812A46334600F0FE
:1074B0006FFED4E90A2300F0C1FB2A46334600F0F0
:1074C00067FED4E9082300F0B9FB2A46334600F0F2
:1074D0005FFED4E9062300F0B1FB2A46334600F0F4
:1074E00057FED4E9042300F0A9FB2A46334600F0F6
:1074F0004FFED4E9022300F0A1FB2A46334600F0F8
:1075000047FED4E90023BDE8F04100F097BB01221B
:1075100001F0C5BC00F092BB002213461046114694
:1075200000F048BC024A0020110701F0B8BC00007E
:1075300001FDFFFF2DE9F04D8D4F21F0004A86B08F
:1075400005460C46BA452ADBAAEB070028430AD0B9
:107550008848824501DC1AD1CDB106B02846BDE885
:10756000F04DFFF7D4BF844A844B284600F010FE4C
:1075700007460E46824A834B2846214600F008FE05
:1075800006B03A463346BDE8F04D00F057BB012047
:10759000FFF74CFC06B0BDE8F04DFFF7BDBF7A48E1
:1075A000824542DABAF1795F0BDA2846FFF746FFE7
:1075B000042808BFFFF7B6FF284606B02146BDE8FD
:1075C000F08D2A460B46104600F0E2FD8346024647
:1075D0006E480E460B4606217844FFF743FF5A4695
:1075E000334600F0D5FD804669488A465A46334600
:1075F00004217844FFF736FF5A46334600F0C8FDB1
:1076000000223B4600F01AFB02460B46404651461C
:1076100000F0D0FB2A46234600F0BAFD06B02A4609
:107620002346BDE8F04D00F009BB284624F0004198
:1076300000223D463B4600F0A9FE4FF0FF3201F02C
:107640002EFC0646024653480F460B460621784458
:10765000FFF708FF32463B4600F09AFDCDE90001F6
:107660004D4832463B4604217844FFF7FBFE324644
:107670003B4600F08DFD00222B4600F0DFFA8346EA
:1076800002913046394600F06BFA804643480D4679
:10769000504517DCDDE900015A46029B00F08AFBE9
:1076A00042462B4600F074FD42462B4600F0C6FAD7
:1076B000012201F0F4FB304A304B00F059FF304A10
:1076C000304B4CE04FF0000A52460B46404600F06B
:1076D000B5FACDE9031052462B461046194600F084
:1076E00057FD32463B4600F051FEDDE9033200F023
:1076F00061FB06460F46DDE900015A46029B00F099
:1077000059FB8346009101223046394601F0C7FB00
:10771000194A1A4B00F03AFE06460F46012240462F
:10772000294601F0BCFB5A46009B00F031FD324671
:107730003B4600F01DFF06460F46012250462946F3
:1077400001F0ADFB0E4DDFF858802A46434600F0AD
:107750001DFE32463B4600F019FE2A46434600F025
:1077600015FE002CD8BF81F0004106B0BDE8F08DB9
:107770000000F03F0000F07F075C143326A6913C28
:10778000182D4454FB21F93F0000E03F4C3000002D
:1077900062300000D62F0000EC2F00003333EF3FA3
:1077A000FB21E93F2DE9F84F04460D4621F000404A
:1077B00000917349814211DC7249884201DC06D193
:1077C0002CB120462946BDE8F84FFFF7A0BE6E4811
:1077D000002DCCBF6D496E49BDE8F88F6D498142DF
:1077E00011DD6D498142D8BF4FF0FF366DDD204677
:1077F0002946FFF723FE042808BFFFF793FE204623
:107800002946BDE8F88F6549654F25F0004581425E
:1078100033DD6449814219DD002632464FF0804352
:107820002046294600F00AFA80468A460122204670
:10783000294601F034FB00223B4600F099FE424607
:10784000534600F0B7FA04460D463EE001260022FA
:10785000BA463B462046294600F0F0F980460F46DE
:10786000002253462046294600F082FE42463B460F
:1078700000F0A0FA04460D4627E04B4981421BDD8B
:10788000DFF828A10226002253462046294600F0B0
:107890007FFC00223B4600F0D1F980460F460022D3
:1078A00053462046294600F063FE42463B4600F020
:1078B00081FA04460D4608E0032622462B460020A6
:1078C0003B4900F077FA04460D4622462B46104607
:1078D000194600F05DFC8B46824602460B4600F0DE
:1078E00057FC07460246334888460B460621784433
:1078F000FFF7B8FD52465B4600F04AFC82462E4830
:107900008B463A46434605217844FFF7ABFD3A469D
:10791000434600F03DFC02460B46002E50465946B9
:107920000CDA00F08BF922462B4600F031FC01B056
:1079300022462B46BDE8F04F00F028BD00F07EF94E
:1079400022462B4600F024FC1C4A7A4402EBC60374
:10795000D3E9002300F00CFE22462B4600F008FE7F
:10796000174A7A4402EBC603D3E9002300F00EFD68
:10797000009A002AB8BF81F00041BDE8F88F0000EE
:10798000000010440000F07F182D4454FB21F93F03
:10799000FB21F9BF0000DC3F0000203E0000F33F68
:1079A0000000F03F0000E63F008003400000F83F89
:1079B0000000F0BFEE2D0000AC2D00004A2D0000AD
:1079C000122D00002DE9F04D9446CCF1000423F077
:1079D00000464CEA0404594F46EAD4749A46884655
:1079E00021F00042BC4206D8454240EA050442EA82
:1079F000D474BC4204D9BDE8F04D6246FFF78ABD9D
:107A0000AAF14055A5F17F6555EA0C040BD002247C
:107A100004EAAA744A4DDFF82CE144EAD87452EA29
:107A2000000B04D00CE0BDE8F04DFFF7BBBE002C0E
:107A300014BF012CBDE8F08D022C30D0032C32D0C5
:107A400056EA0C0B0AD0BE4220D1BA4209D126F028
:107A5000804622F080423346114617E000291ADBA7
:107A600025E0DFF8E4B0FB44002C04BFDBE90001B3
:107A7000BDE8F08D012C02BFDBE9000181F000417F
:107A8000BDE8F08D022C0AD0032C0CD0BA4212D1E2
:107A9000B8F1000F0BDA2A482C49BDE8F08D2846D2
:107AA0002B49BDE8F08D28467146BDE8F08D24488D
:107AB0002849BDE8F08D921B12153C2AC4BF204F07
:107AC000244E10DCBAF1000FBEBF12F13C0F0027AC
:107AD0003E4608DB624600F06DF921F00041FFF7F9
:107AE00061FE07460E4694B1012C08BF86F00046A1
:107AF0000DD0194A194B022C3846314615D000F0EA
:107B000037FD2A46BDE8F04D114B00F031BD002293
:107B100013463846314600F0A5FA04BF0220FFF7AD
:107B200085F938463146BDE8F08D00F021FD2A4642
:107B3000BDE8F04D064B00F029BC00000000F07FCE
:107B4000182D4454FB2109C0A62C0000FB21F9BFCD
:107B5000FB210940FB21F93F075C143326A6A13C19
:107B60002DE9F04106460F4600F01CFC041E0D46B0
:107B700018BF0120284320F00040C0F17F6000F1D1
:107B8000E040C00F0ED0301C18BF0120384320F059
:107B90000040C0F17F6000F1E040C00F04BF012051
:107BA000FFF744F920462946BDE8F08110B50029C9
:107BB0000AD00878002807D005487844FFF776F8FF
:107BC000002801D0002010BD0248784410BD0000FC
:107BD0009A2C0000922C000021F00042A2F1605289
:107BE000B2F5801F01F0004328BFD2F17F6C0BD9A2
:107BF0005FEA001C43EAC20242EB507018BF7047B4
:107C000028BF20F001007047B2F5801FBCBF1846A6
:107C100070474FEA410C1CF5001F02D2084601F0E4
:107C200056B870B500F05EFB00000089FFF7F6BFA4
:107C30004FF00040A0F580007047000010B591EAB9
:107C4000030F48BF83F0004300F19A84841A71EB5C
:107C5000030C05D2121943EB0C03001B61EB0C0162
:107C6000DFF824E14FEA1154A4EB135C1EEA430F42
:107C700018BF9EEA445F73D023EA0E03DCF1200EA6
:107C800021EA045143F4801332D322FA0CFE10EBA4
:107C90000E0023FA0CFE41EB0E01CCF1200E03FA8C
:107CA0000EFE10EB0E0051F10001B1F5801FCCF17A
:107CB000200E32D201EB045112FA0EF2BDE8104050
:107CC00058BF7047401C38BF5FEA420218BF704778
:107CD000002814BF20F0010041F100014FEA4103E8
:107CE00013F5001F38BF7047A1F1C04100F048BB39
:107CF000012A43EB0302ACF1200CDCF11F0E32BF72
:107D00004FF0000E23FA0CF310EB030041EB04518B
:107D1000B4EB115FD0D0A1EB045101F580114908FB
:107D20005FEA300001EB04510ED350F1000038BF80
:107D300012FA0EFE08D1BDE81040C9E7401C38BF5A
:107D40005FEA4202CAD1C3E7BDE810404FEA4103EF
:107D500013F5001F38BF7047A1F1C04100F010BB00
:107D60009EEA445F08D011EA5E0FBDE8104004BFF0
:107D700001F0004100207047BDE8104070B500F0F0
:107D8000B1FA00BF64FBBE3E0000E0FF02494FF0C5
:107D9000000001F052B800BF0000F87F491058BF42
:107DA000C1F140415B1058BFC3F140438B42EFF338
:107DB000008070472DE9C04130B4DFF8A0C23CEA32
:107DC000111418BF3CEA131400F0EC8081EA03059B
:107DD0001CEA111444EAD57418BF1CEA131500F00C
:107DE000C780A4EB05044FF0004545EAC12145EAF0
:107DF000C32341EA505143EA525304F17F7499423C
:107E000004F500344FEAC0204FEAC22208BF904276
:107E100000F09C804FEA13650FF24016765D4FEA42
:107E2000134506FB05F7C7F1807706FB07F74FEA16
:107E3000D737A7FB03687642C8F58038A7FB06CE84
:107E400038BFA8F1010807FB08E64FF0000EA6FBBB
:107E5000028CE6FB03CEDCF1000CCEF1004E38BF05
:107E6000AEF1010EA6FB0C584FF000074FF00005D5
:107E7000E6FB0E87A1FB08C6A0FB07CE16EB0E069D
:107E800045F10005E1FB076515F1E04E7EBFA4F565
:107E900080345FEA46066D4116F1800745F1000522
:107EA0004FEA17274FEA066647EA0567A6F1DE465E
:107EB000B6F1805F4FEA15251FD9384624F0010C32
:107EC00005EBC471BCF1FE6F01EB0C1102D8F0BCE4
:107ED000BDE8008124425CBF01F5801E9EEAC47F9C
:107EE00002D4F0BCBDE80081244238D4F0BCA1F13A
:107EF000C041BDE8004100F043BA4FEAD22242EA55
:107F000043524FEAD323A7FB02864FEAD02040EA30
:107F1000415007FB03661EEA0E0F4FEAD12105FB15
:107F2000026658BFA6EB0056B6EB00564FEA520E5B
:107F30004EEAC37E18EB0E0E56EB530EBDD518EB72
:107F400002085E417F1C55F10005B6E74FF480152D
:107F50004FF000074FF000064FF00008ADE7F0BC0F
:107F60004FF0000001F1C04101F00041BDE8008187
:107F700011EA0C1F0CEA131500D00CE013EA0C1FD9
:107F800000F025804FF00000F0BC81EA030101F011
:107F90000041BDE80081F0BCBDE8004181EA030179
:107FA00000F0EEB9F0BCBDE8004170B500F09AF900
:107FB000097EFC3E00F007B881EA03014FF00000A3
:107FC00001F00041704781EA030100F0D9B9F0BC2B
:107FD000BDE800414FF0000021497047FFFDFBF96B
:107FE000F7F5F4F2F0EEEDEBE9E8E6E4E3E1E0DEEC
:107FF000DDDBDAD8D7D5D4D3D1D0CFCDCCCBCAC85E
:10800000C7C6C5C4C2C1C0BFBEBDBCBBBAB9B8B784
:10801000B6B5B4B3B2B1B0AFAEADACABAAA9A8A877
:10802000A7A6A5A4A3A3A2A1A09F9F9E9D9C9C9B45
:108030009A999998979796959594939392919190F0
:108040008F8F8E8E8D8C8C8B8B8A89898888878781
:108050008685858484838382828181800000FF07F6
:108060000000F87F51EA030C17D41CF5801F58BF9D
:10807000BCF5801F00F10680994218BF704708BF09
:108080009042704707D711F5801F58BF13F5801F26
:1080900019D499427047894270471CF5801F08D552
:1080A000BCF5801FF7D58B4218BF704708BF8242CE
:1080B00070474FF4001C1CEB410F38BF1CEB430F03
:1080C00001D28B42704770B500F00CF99224490040
:1080D0004FF000514FF08053FFF760BE4FEA41036D
:1080E0004FEA5353A3F58063D3F11E03C8BFD3F106
:1080F000210C0CDD4FF0004242EAC12242EA50520C
:1081000032FA03FC8CEAE17CACEBE1707047102B97
:10811000C4BF0020704703F5787CBCF1FF3F04D05A
:108120006FF0004282EA2100704770B500F0DAF883
:108130004992248000207047F2E710F0004248BFC7
:108140004042B0FA80F310FA03F10AD0C3F11D03E4
:1081500003F580634FEA415002EB035202EBD12159
:1081600070474FF000007047B0FA80F310FA03F147
:108170000AD0C3F11D0303F580634FEA41504FEA73
:10818000035202EBD12170474FF00000704700000E
:10819000DFF848C170B51CEA111E1EBF1CEA13159A
:1081A0009EEA0C0F95EA0C0F00F06F8081EA030441
:1081B00023EA4C134EEAD47E21EA4C1141F480119B
:1081C00043F48013AE44A1FB024CA0FB0365AEF167
:1081D0007F7E361955EB0C05A1FB034C4CF10003D7
:1081E000A0FB021C16EB0C06654153F1000309428B
:1081F00018BF46F0010613F4007F0BD14FEA03319C
:108200004FEA0530340341EA155140EA16506FF049
:1082100003020AE04FEAC3214FEAC520F40241EA13
:10822000555140EA56506FF0020202EB2E4201EB2C
:10823000025585EACE710AD05FEA440C18BF24F0DB
:10824000004450F1000041F1000120EAD47040F2F6
:10825000FE7C624500D270BDA84214BF4FF080443E
:108260004FF04044002E08BF0024BEF1806FA8BF2D
:10827000A1F1C041BDE8704080F282804FF0000063
:1082800001F1C04101F0004170479EEA0C0F0CEA79
:10829000131518BF95EA0C0F06D04FF0000081EAC5
:1082A000030E0EF0004170BD00F01CF88900013E85
:1082B00000F007B800F009B84FEA430C5FEA5C5CD5
:1082C00008D081EA030100F05BB84FEA410C5FEA95
:1082D0005C5CF6D14FF00000014970470000FF07D9
:1082E0000000F87F0EF1020E2EF0030E5EF8046B14
:1082F000364205D4012A43EB030515F5001F12D8B9
:10830000012841EB010C1CF5001F0CD80ED14FEADF
:10831000D17C15F5001F0CEB4C0C0CF1020C08BFC6
:108320004CEBD37C04E04FF0080C01E04FEAD37C27
:108330000CEB4C0526FA05F606F00706B6F1040C20
:1083400006D20EEB860CBDE870404CF0010C604785
:10835000DFE80CF0090B02024FF000414FF0000083
:10836000A1F5002170BD19461046012851EB01040A
:1083700018BFD4F5001484BF002001F0004170BD87
:108380000808A0F500114FEA3101704791EA030F88
:1083900010B581F000413FF559AC83F0004300F087
:1083A000EFB800002DE9F04101F5801CBCF5001F7D
:1083B000C0F2C3804FEA115C21EA0C510CF1FD0CB4
:1083C00041F480115FEA5C0C0CF5C07C01D34000E5
:1083D00049413DA4890241EA905187028E0E0A0C60
:1083E000A45D04FB04F602FB06F6C6F14046A4FBBE
:1083F0000662F60D46EA422606FB06F4A4FB0123BC
:108400005242C3F1404338BF5B1EA6FB0242002428
:10841000E6FB0324D20B42EA4446A6FB0623A1FB5B
:1084200002E2A3FB07E4A4184FF0000252F100029D
:10843000E3FB01426442C2F1404E38BFAEF1010E8F
:10844000A6FB04234FF00002E6FB0E32A2FB03461C
:108450004FF00004B61954F10004E2FB0264A1FBE2
:1084600006E6A4FB07E816EB08064FF0000858F1F3
:108470000008E4FB01687642C8F1405838BFA8F113
:108480000108A2FB06E4A3FB08E52D194FF0000448
:1084900054F10004E2FB0854A1FB05E6A7FB04E845
:1084A00018EB06084FF0000656F10006E1FB0486C3
:1084B00018F1200556F10006A809A8F11B08B1091A
:1084C00008F03F08B8F10A0F40EA86601CD901EBBA
:1084D0000C51BDE8F08100BFFCF5EEE8E2DDD8D339
:1084E000CFCBC7C3C0BDB9B6B4B1AEACA9A7A5A325
:1084F000A19F9D9B9A9896959392908F8D8C8B8936
:108500008887868584838281A0FB006800FB01F256
:1085100008EB4208B8EB872807D5341858EB01045C
:10852000D5D5401C51F10001D1E7341A78EB010494
:10853000CDD4401E71F10001C9E75FEA4C0C5FEA3F
:108540009C5C0DD105D34FF0000001F00041BDE867
:10855000F081BDE8F04170B5FFF7C4FE6DDBFFBEF2
:10856000BDE8F0414FF00000004970470000F87F7F
:1085700010B591EA030F48BF83F000433FF566ABA7
:10858000841A71EB030C07D212198CF0004C43EBE8
:108590000C03001B61EB0C01DFF8A4E14FEA11545E
:1085A000A4EB135C1EEA430F18BF9EEA445F00F081
:1085B000B08023EA6E03524221EA0451C3EB6E03FA
:1085C00038BF5B1EDCF1200E25D322FA0CFE10EB27
:1085D0000E0043FA0CFE41EB0E01CCF1200E03FA23
:1085E0000EFE10EB0E0051F10001CCF1200E29D44B
:1085F00012FA0EF201EB0451BDE8104058BF70476B
:10860000401C1CBFB2F1004F704700280CBF491C32
:1086100020F00100704712EB020E43EB030218BF7B
:108620004FF0010E4EEA4202ACF1200CDCF11E0EBE
:1086300054D943FA0CFE10EB0E0051F1FF31CCF18E
:108640001E0ED5D50EF1010E12FA0EFE404141EB81
:10865000010101EB445C5FEA5C5C10D910EBDE7059
:1086600001EB045138BFBEF1004FBDE8104018BF08
:10867000704700280CBF491C20F00100704730D221
:108680004FEAD42C11F5001124F400641BD0B1FA88
:1086900081F20B3AA41AA41ED2F12003914030FAC1
:1086A00003F31943904001EBCC71002C01EB045112
:1086B000BDE81040A8BF704701F1C0414FF0000075
:1086C00001F000417047B0FA80F310FA03F100D1D5
:1086D00010BDE41A173C4805C90AE4E701EB045150
:1086E00010BD491001EB0451BDE810404FEA3000C5
:1086F00002E04FF0000170474A0008BF0042F8D086
:10870000B2F5001F28BF704701F000414FF0000094
:1087100070479EEA445F07D011EA5E0FBDE8104043
:1087200004BF002100207047BDE8104070B5FFF77E
:10873000D9FD00BF40DFF63E83F000411046704790
:108740000000E0FF43004FEAD30C4FEA3C0C4340EB
:108750001FBF40070CF1605113F0FE4F70471CF033
:10876000006F03D100200CF0004170470CF0004373
:1087700043EA507010B540EACC0000F062FA00BF46
:10878000000000924FEA0001FFF7FABD4FF00041F0
:108790004FF00000A1F500217047000090EA010FA2
:1087A00048BF81F0004100F1DA82421A3CBF801AD2
:1087B00089184FEAD0524FF07F4C1CEA410FA2EBD0
:1087C000D15318BF9CEA026F00F03B804FF0004C81
:1087D0004CEA00204CEA012121FA03FC10EB0C0CBE
:1087E0001ED202F1FF325FEA1C2040EBC25038BFBC
:1087F00070471CF07F0F4FEA400C18BFBCF17F4F51
:1088000038BF7047C3F12003994008BF20F0010032
:10881000BCF17F4F38BF7047A0F1C04000F057BA9D
:108820004FEA3C00000A40EBC25028BF1CF0FF0F8B
:108830004FEA400CE6D018BFBCF17F4F38BF7047FD
:10884000EAE79CEA026F05D010EA5C0F08BF00F06F
:108850000040704710B500F0F4F900BF64FBBE3E65
:10886000014800F0EABA00BF0000C07F401058BFC6
:10887000C0F14040491058BFC1F140418142EFF37F
:10888000008070474FF47F0C1CEAD0121EBF1CEA18
:10889000D11392EA0C0F93EA0C0F00F0858090EA56
:1088A000010F48BF42F4807240F4000C41F4000014
:1088B0002CF07F4120F07F4000B58142A2EB030203
:1088C0000FF2081CACEB504EC0F100009EF800E027
:1088D0004FEA4E0E00FB0EFC38BF49004FEA2C1C3D
:1088E00002F5FA020CFB0EF34FEACE1E4FEA112CF2
:1088F0004FEAC1210EEB635E42EB22420EFB0CFC01
:108900004FEA1C5300FB03114FEA112C4FEA0131CF
:108910000EFB0CFC4FEADC4C00FB0C11C14228BFE3
:1089200009184CEB03335DF804EB10EB410143EB0A
:10893000C250B2F57C0F38BF704729D512F0F00F46
:108940001CBF00F1C04000F00040704700818283EE
:108950008485868788898B8C8D8E8F91929395964E
:1089600097999A9C9D9FA0A2A3A5A7A8AAACAEB0D8
:10897000B2B3B5B7B9BCBEC0C2C5C7C9CCCED1D4DD
:10898000D7D9DCDFE2E6E9ECF0F3F7FAFE0000000D
:108990004FEA400C0CF1807CBCF17E4F28BF704741
:1089A000B0F1C04000F093B990EA010F0CEAD11386
:1089B00048BF42F48072624538BF634507D213F462
:1089C0007F0F16D080EA010000F00040704710B51C
:1089D00000F037F9097EFC3E00F005B880EA01009E
:1089E00000F00040704780EA010000F0004000F015
:1089F0006EB912F47F0F04BF0248704780EA01008D
:108A000000F065B90000C07F41000B0ED3F19E025B
:108A100008D950F400034FEA032323FA02F048BFB9
:108A20004042704710B500F00CF900BF4992248015
:108A3000002070476FF0004282EA2000704700007B
:108A4000C10DD1F19E0206DB4FEA002343F0004343
:108A500023FA02F07047004207D54FEA4001B1F116
:108A6000FE4F02D24FF00000704710B500F0E9F859
:108A700049922480002070476FEA20007047000070
:108A800010F0004148BF4042B0FA80F310FA03F200
:108A9000C3F19D030BD051EAC35101EB12205306E1
:108AA00038BF704700F1010008BF20F00100704797
:108AB000B0FA80F310FA03F2C3F19D030AD0D9058E
:108AC00001EB1220530638BF704700F1010008BFC8
:108AD00020F001007047000050EA010C00F1138003
:108AE0001CF5000F58BFBCF5000F01D48842704739
:108AF00007D710F5000F58BF11F5000F15D48842A5
:108B00007047894270471CF5000F04D5BCF5000F73
:108B1000F7D5814270474FF0807C1CEB400F38BF87
:108B20001CEB410F01D28142704710B500F089F86B
:108B3000922449004FF000504FF08051FFF796BE4D
:108B40004FF47F0C1CEAD0121EBF1CEAD11392EA2C
:108B50000C0F93EA0C0F00F0478090EA010F48BF1A
:108B600042F480724FF0004C4CEA00204CEA0121A4
:108B700002EB0302A0FB0113A2F50002002918BFBB
:108B800043F001035B0028BF4FEA330342EB22426C
:108B90005FEA132C4CEBC2502EBFBCEB436FB2F517
:108BA0007C0F70474FEA036CBCF1004F08BF20F008
:108BB0000100B2F57C0F38BF70470BD582F0FF0281
:108BC00012F5803FC8BF704700F1C040D8BF00F029
:108BD0000040704700F5000C5FEA4C0C48BF70473E
:108BE000B0F1C04000F073B890EA010F0CEAD11365
:108BF00048BF42F48072624538BF634504D280EAC0
:108C0000010000F00040704710B500F01AF800BFF6
:108C10008900013E00F007B800F009B85FEA410C96
:108C20005FEA1C6C08D080EA010000F050B85FEAEF
:108C3000400C5FEA1C6CF6D14FF00040A0F58000BC
:108C400070470EF1020E2EF0030E5EF8044B244224
:108C500004D44FEA4102B2F17F4F11D84FEA4003EA
:108C6000B3F17F4F0CD80ED14FEAD07CB2F17F4FD9
:108C70000CEB4C0C0CF1020C08BF4CEBD17C04E06B
:108C80004FF0080C01E04FEAD17C0CEB4C0324FAC6
:108C900003F404F00704B4F1040C06D20EEB840CC8
:108CA000BDE810404CF0010C6047DFE80CF007080D
:108CB00002024FF00040A0F5800010BD08464200BF
:108CC00018BFD2F1807288BF00F0004010BDFF21B4
:108CD00041EAD050C005704751EA000C00F1138002
:108CE0001CF5000F58BFBCF5000F01D4814270473E
:108CF00007D711F5000F58BF10F5000F15D48142AA
:108D00007047894270471CF5000F04D5BCF5000F71
:108D1000F7D5884270474FF0807C1CEB410F38BF7D
:108D20001CEB400F01D28842704780EA010081EAC3
:108D3000000180EA0100FFF7F8BE80F0004090EAF1
:108D4000010F7FF532AD81F0004100F008B800005E
:108D500090EA010F48BF81F000413FF526AD421A6D
:108D600004D882F00042A0EB020011444FEAD05236
:108D70004FF07F4C1CEA410FA2EBD15318BF9CEA85
:108D8000026F4AD04FF0004C4CEA00204CEA01211F
:108D900021FA03FCB0EB0C0C0FD412F0FE0F36D00E
:108DA0005FEA4C001DD5001240EBC25038BF70473F
:108DB0001CF03F0F18BF70470BE0A2F101025FEA01
:108DC0001C2040EBC25038BF70471CF07F0F18BF0B
:108DD0007047C3F12003994014BF401E20F00100EA
:108DE000704780084FEA122308BF7047B0FA80FC32
:108DF000A2EB0C02CCF1280C60FA0CF093EA122FD3
:108E000004BF00EBC25070474FEAC3707047130AAB
:108E10005FEADC1008BF7047F6E79CEA026F04D0F7
:108E200010EA5C0F08BF0020704710B5FFF709FF7C
:108E300040DFF63E81F0004070470CF00F03092B35
:108E400008BF082000F07F800A2B0BD0082B18BF2A
:108E5000704708BF1CF0400F0AD04FF000004FF0E1
:108E6000000170471CF0400F18BF4FF000407047E2
:108E70001CF0100F08D020F0704300F07F4242EA4F
:108E8000D3014FEA4370704700F0604021F07F4209
:108E900042EA000201F07F4040EA727070474FF0F2
:108EA000FF0C4CF4E06C1CEA11531CBF9CEA030C51
:108EB0009445C2BFDA4201EB02517047002B0DD03E
:108EC000BCF1000F0FD0002A01F00041A4BF41F017
:108ED000E04141F07F614FF00000704701F0004138
:108EE0004FF00000704750EA01334FF09B0C18BF61
:108EF0004CF0806C7EF44AAF70474FF0FF0212EAEC
:108F0000D0521CBF92F0FF038B42C2BFD14200EB94
:108F1000C1507047002A0AD0002B0BD0002900F066
:108F20000040A4BF40F0FE4040F40000704700F055
:108F30000040704743024FF00B0C18BF4CF0806CA0
:108F40007FF48EAC70471CF4801F11D01CF4E02F0E
:108F500003D06FEACC31490070474FF04050EFF337
:108F6000008222F0704242EA000282F300887047D9
:108F70004FF00000704700000000000000000000FB
:108F80000000000000003F40000000000000000062
:108F90003000400030004000000009000BC03D00E0
:108FA0000BC03D00090018C024407FE02240318002
:108FB0000000180024C01B000D8032400180038097
:108FC0001C4027401C80074000401000600000004B
:108FD0000000000000000000000000001F80204092
:108FE00040200000402020401F80000000000900B9
:108FF00006001F80060009000000040004003F80F6
:1090000004000400000000100060000000000000E8
:10901000000004000400040004000400000000003C
:1090200000400000000000000000002001C0060019
:109030003800400000001F802040204020401F805A
:109040000000000010403FC000400000000018C0B9
:10905000214022402440184000001080204024403D
:1090600024401B80000002000D0011003FC00140A1
:1090700000003C80244024402440238000001F80C6
:10908000244024403440038000003000200027C0EA
:109090003800200000001B802440244024401B8016
:1090A00000001C0022C0224022401F80000000005F
:1090B0000000084000000000000000000000046004
:1090C000000000000000000004000A0011002080E1
:1090D00040400900090009000900090000000000E3
:1090E0004040208011000A000400180020002340A6
:1090F0002400180000001F802040274029401F4006
:109100000000004007C039000F0001C000402040AF
:109110003FC0244024401B8000001F80204020408E
:1091200020403080000020403FC0204020401F8071
:10913000000020403FC024402E4030C000002040AE
:109140003FC024402E00300000000F00108020405F
:1091500022403380020020403FC0040004003FC092
:109160002040204020403FC02040204000000060C0
:10917000202020203FC02000200020403FC024406D
:109180000B0030C0204020403FC020400040004045
:1091900000C03FC03C0003C03C003FC00000204076
:1091A0003FC00C4023003FC020001F8020402040D3
:1091B00020401F80000020403FC0244024001800B1
:1091C00000001F802140214020E01FA0000020401F
:1091D0003FC02440260019C0004018C0244024404D
:1091E000224031800000300020403FC0204030004D
:1091F000000020003F80004000403F802000200011
:109200003E0001C0070038002000380007C03C00C5
:1092100007C038000000204039C0060039C0204097
:1092200000002000384007C03840200000003040D7
:1092300021C02640384020C00000000000007FE030
:10924000402040200000000070000C00038000401F
:1092500000000000402040207FE0000000000000EF
:10926000200040002000000000000010001000104E
:10927000001000100010000000004000000000007E
:109280000000000002800540054003C000402000AF
:109290003FC00440044003800000000003800440FD
:1092A00004400640000000000380044024403FC00A
:1092B000004000000380054005400340000000001E
:1092C00004401FC0244024402000000002E005505C
:1092D00005500650042020403FC00440040003C055
:1092E00000400000044027C00040000000000010C3
:1092F0000010041027E00000000020403FC00140A3
:10930000070004C00440204020403FC0004000400F
:10931000000007C0040007C0040003C000000440B0
:1093200007C00440040003C0004000000380044064
:10933000044003800000041007F004500440038040
:109340000000000003800440045007F000100440B7
:1093500007C0024004000400000000000640054071
:10936000054004C00000000004001F8004400040CD
:109370000000040007800040044007C000400400D3
:10938000070004C0018006000400060001C00700B9
:1093900001C006000000044006C0010006C00440F1
:1093A00000000410071004E0018006000400000023
:1093B000044005C006400440000000000000040016
:1093C0007BE040200000000000000000FFF00000F3
:1093D0000000000040207BE004000000000040008E
:1093E000800040002000200040000000000000003D
:1093F000000000000000000000000000000000006D
:109400001FCC000C0000000000000000080030002D
:1094100060000800300060000000022003FC1E20F5
:10942000022003FC1E200220000000000E18110480
:109430003FFF10840C78000000000F0010840F38EC
:1094400000C0077818840078000000780F8410C4EA
:1094500011240E9800E400840008080068007000E1
:1094600000000000000000000000000000000000FC
:1094700007E0181820044002000000004002200409
:10948000181807E0000000000000024002400180C0
:109490000FF0018002400240000000800080008048
:1094A0000FF800800080008000000001000D000E19
:1094B00000000000000000000000000000800080AC
:1094C000008000800080008000800000000C000C04
:1094D000000000000000000000000000000600186E
:1094E00000600180060018002000000007F0080856
:1094F00010041004080807F0000000000804080425
:109500001FFC000400040000000000000E0C1014FA
:109510001024104411840E0C000000000C181004DC
:109520001104110412880C700000000000E00320F8
:10953000042408241FFC0024000000001F9810844D
:1095400011041104108810700000000007F0088852
:109550001104110418880070000000001C001000A5
:1095600010FC13001C001000000000000E38114415
:109570001084108411440E38000000000700088C8D
:1095800010441044088807F00000000000000000AC
:10959000030C030C000000000000000000000001AC
:1095A00001060000000000000000000000800140F3
:1095B00002200410080810040000022002200220EB
:1095C00002200220022002200000000010040808EF
:1095D0000410022001400080000000000E00120074
:1095E000100C106C10800F00000003E00C1813E446
:1095F000142417C4082807D000000004003C03C44A
:109600001C40074000E4001C000410041FFC11046F
:10961000110411040E880070000003E00C181004FF
:109620001004100410081C10000010041FFC10048B
:1096300010041004080807F0000010041FFC1104B7
:10964000110417C410040818000010041FFC1104B2
:10965000110017C010000800000003E00C181004EF
:10966000100410441C780040000010041FFC1084FB
:109670000080008010841FFC1004000010041004FF
:109680001FFC100410040000000000030001100182
:1096900010011FFE10001000000010041FFC110438
:1096A00003801464181C1004000010041FFC100434
:1096B000000400040004000C000010041FFC1F0044
:1096C00000FC1F001FFC1004000010041FFC0C0411
:1096D000030000E010181FFC100007F00808100439
:1096E00010041004080807F0000010041FFC108488
:1096F0001080108010800F00000007F00818102460
:109700001024101C080A07F2000010041FFC1104AA
:10971000110011C011300E0C000400000E1C1104C9
:109720001084108410441C3800001800100010042D
:109730001FFC100410001800000010001FF8100497
:109740000004000410041FF8100010001E0011E0B7
:10975000001C007013801C0010001FC0103C00E0B3
:109760001F0000E0103C1FC000001004180C16344D
:1097700001C001C01634180C100410001C001304A2
:1097800000FC13041C00100000000804101C1064EE
:10979000108413041C0410180000000000000000D6
:1097A0007FFE4002400240020000000030000C003A
:1097B00003800060001C0003000000004002400223
:1097C00040027FFE000000000000000000002000BA
:1097D00040004000400020000000000100010001A6
:1097E00000010001000100010001000040004000F4
:1097F000200000000000000000000000009801248C
:1098000001440144014400FC000410001FFC0088D6
:10981000010401040088007000000000007000884E
:1098200001040104010400880000000000700088A9
:109830000104010411081FFC0004000000F80144A9
:1098400001440144014400C8000000000104010477
:109850000FFC1104110411001800000000D60129AA
:109860000129012901C90106000010041FFC008420
:1098700001000100010400FC0004000001041904BF
:1098800019FC0004000400000000000000030001B7
:109890000101190119FE0000000010041FFC002442
:1098A000004001B4010C0104000000001004100489
:1098B0001FFC0004000400000000010401FC01047E
:1098C000010001FC0104010000FC010401FC008412
:1098D00001000100010400FC0004000000F8010484
:1098E00001040104010400F80000010101FF0085EA
:1098F000010401040088007000000000007000886E
:1099000001040104010501FF00010104010401FC3F
:1099100000840104010001800000000000CC01244B
:10992000012401240124019800000000010001002D
:1099300007F80104010400000000010001F8000420
:1099400000040004010801FC000401000180017012
:10995000000C001001600180010001F0010C0030DA
:1099600001C00030010C01F0010000000104018C75
:1099700000740170018C010400000101018101717A
:10998000000E001801600180010000000184010C3C
:10999000013401440184010C0000000000000000BB
:1099A000000001003EFC40024002000000000000F8
:1099B0000000FFFF00000000000000004002400225
:1099C0003EFC01000000000000000000600080007C
:1099D0008000400040002000200068000004760065
:1099E0005401F7FD000175191A0C6A231B1C1F2076
:1099F0007274433B4138393A6B6C376F06246D6E95
:109A00007000000083000000000800000001001842
:109A100032000500000020410000D242295C0F3EC8
:109A20009A99993E3333733F295C0F3E00007000D2
:109A30000000002400000002000300000065005444
:109A4000FFEF0000FA80000B12820001030C30C30C
:109A50000E8C8CE914D5400213710F8E3883F88375
:109A60003000F883258EF8833000F883FFFFFFFF76
:109A70000FFEA9D6240004001A8279A10000003C40
:109A8000FFFF00000010000038836FA2003E03308B
:109A90004000000002CAE3093E80000020000000F0
:109AA000000000004000000060000000000C00000A
:109AB000000C186E000006920A16C0DFFFFF025667
:109AC000FD8CD377FFE1C496E0C5BEAA000000007C
:109AD000FFFF0B2B00001657000003594000000049
:109AE00000001DFA00026C1D000000003FFFDFEBCC
:109AF000003EB3B6000D227800002F3C00000000AD
:109B0000001942B5000039A20000B365D90E9FC903
:109B10001DCF4C3430000000500000003BB67AE806
:109B20000064000000C800000000000010000000F9
:109B30001000FA921000225E000D229F000100002A
:109B400000320000FF46000063D400001000000057
:109B500004D6000004CC000004CC00000000107209
:109B600000000040000000000000000000060002AD
:109B70000005000700000000006400000000000075
:109B80000000000500050064002000000000000047
:109B90000000000000004000000003000000003250
:109BA000F8980000FF650000830F0000FF9BFC0099
:109BB00000000000000000000000000000000000A5
:109BC0000000000000000000000000000000000095
:109BD0000000000000000000000010004000000035
:109BE000000000060000B26A000200000001FB83D2
:109BF0000068000000D9FC007CF1FF830000000039
:109C000000650000006403E80064002800000025EF
:109C10000000000016A0000000001000000010006E
:109C2000002F0000000001F40000100000280000D8
:109C3000FFFF4581FFFFFA720000000000000000F6
:109C4000004400050005BAC6004778A200000001E4
:109C50000000000000000600000000140000254D78
:109C6000002F706D000005AE000C02D00000000057
:109C7000000000000000000000000000001B0000C9
:109C80000000000000000000000000000064000070
:109C900000080000000000000000000000000000BC
:109CA00000000000000000000000000000000000B4
:109CB00000000000000000000000000000000000A4
:109CC0000000000000000000000000000000000094
:109CD0000000000000000000000000000000000084
:109CE000000000000000000000000000001B000059
:109CF0000000000000000000000E000E00000AC777
:109D00000004000000000032FFFFFF9C00000B2B4E
:109D1000000000020000000100000064FFE50000F8
:109D20000000000000000000000000000000000132
:109D300000000000000100000000000000018000A1
:109D40000001800000018000002426D300000000F4
:109D500000000000000600100096003C000000001B
:109D60000000000000000000000000000C0A4E6827
:109D7000CDCF770950166759C619CE820000000072
:109D800000000000000000000000000000000000D3
:109D90000000000017D7840003000000000000004E
:109DA00000000000C7938F9D1E1B1C1900000000BF
:109DB00000000000000000000000000000000000A3
:109DC00000000000020318850000400000000003AE
:109DD0000000000300000000000000004000000040
:109DE0000000000000000000000000000000000073
:109DF0000000000000000000000000000000000063
:109E00000000000000000000000000000000000052
:109E1000677DDF7E72902E554CF6E68800000000CC
:109E2000000000000000000000000000D8DCB4B812
:109E3000B0D8B9ABF3F8FAB3B7BB8E9EAEF132F53A
:109E40001BF1B4B8B08097F1A9DFDFDFAADFDFDF55
:109E5000F2AAC5CDC7A90CC92C97F1A989264666D7
:109E6000B28999A92D557DB0B08AA896365676F15B
:109E7000BAA3B4B280C0B8A89711B28398BAA3F0BD
:109E8000240844106418B2B9B49883F1A329557D0D
:109E9000BAB5B1A38393F0002850F5B2B6AA839364
:109EA00028547CF1B9A3829361BAA2DADEDFDB81A8
:109EB0009AB9AEF5606870F1DABAA2DFD9BAA2FA3F
:109EC000B9A38292DB31BAA2D9BAA2F8DF85A4D0B5
:109ED000C1BBAD83C2C5C7B8A2DFDFDFBAA0DFDF79
:109EE000DFD8D8F1B8AAB38DB4980D355DB2B6BA43
:109EF000AF8C96198F9FA70E161EB49AB8AA872CFE
:109F0000547CBAA4B08AB691325676B28494A4C86E
:109F100008CDD8B8B4B0F19982A82D557D98A80E77
:109F2000161EA22C547C92A4F02C5078F184A89890
:109F3000C4CDFCD80DDBA8FC2DF3D9BAA6F8DABA4B
:109F4000A6DED8BAB2B68696A6D0F3C841DAA6C8BD
:109F5000F8D8B0B4B882A892F52C548898F135D9C5
:109F6000F418D8F1A2D0F8F9A884D9C7DFF8F8839B
:109F7000C5DADF69DF83C1D8F40114F1A8824EA8E5
:109F800084F311D182F5D992289788F109F41C1C29
:109F9000D884A8F3C0F9D1D99782F129F40DD8F368
:109FA000F9F9D1D982F4C203D8DEDF1AD8F1A2FAC6
:109FB000F9A88498D9C7DFF8F8F883C7DADF69DF32
:109FC000F883C3D8F40114F198A8822EA884F31161
:109FD000D182F5D992509788F109F41CD884A8F35E
:109FE000C0F8F9D1D99782F149F40DD8F3F9F9D134
:109FF000D982F4C403D8DEDFD8F1AD8898CCA809A3
:10A00000F9D98292A8F57CF1883ACF944A6E98DB10
:10A010006931DAADF2DEF9D88795A8F221D1DAA557
:10A02000F9F417D9F1AE8ED0C0C3AE82C684C3A8EE
:10A030008595C8A588F2C0F1F4010EF18E9EA8C6E0
:10A040003E56F554F18872F40115F19845856EF588
:10A050008E9E0488F142985A8E9E068869F4011CEF
:10A06000F1981E1108D0F504F11E970202983625CA
:10A07000DBF9D985A5F3C1DA85A5F3DFD88595A8E5
:10A08000F309DAA5FAD88292A8F578F1881A849FA4
:10A0900026889821DAF41DF3D8879F39D1AFD9DF0C
:10A0A000DFFBF9F40CF3D8FAD0F8DAF9F9D0DFD9FC
:10A0B000F9D8F40BD8F3879F39D1AFD9DFDFF41D7E
:10A0C000F3D8FAFCA869F9F9AFD0DADEFAD9F88F3B
:10A0D0009FA8F1CCF398DB45D9AFDFD0F8D8F18F4A
:10A0E0009FA8CAF38809DAAF8FCBF8D8F2AD978D65
:10A0F0000CD9A5DFF9BAA6F3FAF412F2D8950DD16E
:10A10000D9BAA6F3FADAA5F2C1BAA6F3DFD8F1BA42
:10A11000B2B68696A6D0CAF349DAA6CBF8D8B0B4C0
:10A12000B8D8AD84F2C0DFF18FCBC3A8B2B68696A3
:10A13000C8C1CBC3F3B0B48898A821DB718D9D71E1
:10A14000859521D9ADF2FAD88597A828D9F408D8F1
:10A15000F28D29DAF405D9F285A4C2F2D8A88D943B
:10A1600001D1D9F411F2D88721D8F40AD8F2849811
:10A17000A8C801D1D9F411D8F3A4C8BBAFD0F2DE7E
:10A18000F8F8F8F8F8F8F8F8D8F1B8F6B5B9B08AF0
:10A1900095A3DE3CA3D9F8D85CA3D9F8D87CA3D981
:10A1A000F8D8F8F9D1A5D9DFDAFAD8B18530F7D9DE
:10A1B000DED8F830ADDADED8F2B48C99A32D557D17
:10A1C000A083DFDFDFB591A0F629D9FBD8A0FC2959
:10A1D000D9FAD8A0D051D9F8D8FC51D9F9D879D921
:10A1E000FBD8A0D0FC79D9FAD8A1F9F9F9F9F9A0EE
:10A1F000DADFDFDFD8A1F8F8F8F8F8ACDEF8ADDE8A
:10A200008393AC2C547CF1A8DFDFDFF69D2CDAA021
:10A21000DFD9FADB2DF8D8A850DAA0D0DED9D0F8F3
:10A22000F8F8DB55F8D8A878DAA0D0DFD9D0FAF85A
:10A23000F8F8F8DB7DF8D89CA88CF530DB38D9D05D
:10A24000DEDFA0D0DEDFD8A848DB58D9DFD0DEA023
:10A25000DFD0DED8A868DB70D9DFDFA0DFDFD8F180
:10A26000A888902C547C98A8D05C38D1DAF2AE8CB7
:10A27000DFF9D8B087A8C1C1B188A8C6F9F9DA3624
:10A28000D8A8F9DA36D8A8F9DA36D8A8F9DA36D85B
:10A29000A8F9DA36D8F78D9DADF818DAF2AEDFD826
:10A2A000F7ADFA30D9A4DEF9D8F2AEDEFAF983A719
:10A2B000D9C3C5C7F1889BA77AADF7DEDFA4F884C0
:10A2C0009408A797F300AEF29819A488C6A39488BF
:10A2D000F632DFF28393DB09D9F2AADFD8D8AEF8E1
:10A2E000F9D1DAF3A4DEA7F1889B7AD8F38494AE8F
:10A2F00019F9DAAAF1DFD8A881C0C3C5C7A3928330
:10A30000F628ADDED9F8D8A350ADD9F8D8A378ADEA
:10A31000D9F8D8F8F9D1A1DADEC3C5C7D8A181949C
:10A32000F818F2B089ACC3C5C7F1D8B8B4B09786F5
:10A33000A8319B069907AB9728889BF00C20144006
:10A34000B0B4B8F0A88A9A285078B79BA829517958
:10A35000247059446938644831F1BBAB88002C54EF
:10A360007CF0B38BB8A804285078F1B088B4972655
:10A37000A85998BBABB38B02264666B0B8F08A9C4E
:10A38000A82951798B2951798A2470598B205871C9
:10A390008A4469388B3940688A6448318B30496017
:10A3A00088F1AC002C547CF08CA804285078F188FB
:10A3B0009726A85998AC8C02264666F0899CA82955
:10A3C0005179247059446938644831A98809205961
:10A3D00070AB11384069A8193148608CA83C415CC9
:10A3E000207C00F187981986A86E767EA999882D21
:10A3F000557DD8B1B5B9A3DFDFDFAED0DFAAD0DE9F
:10A40000F2ABF8F9D9B087C4AAF1DFDFBBAFDFDF69
:10A41000B9D8B1F1A3978E60DFB084F2C8F8F9D94A
:10A42000DED89385F14AB183A308B5839A0810B7A3
:10A430009F10D8F1B0BAAEB08AC2B2B68E9EF1FB10
:10A44000D9F41DD8F9D90CF1D8F8F8AD61D9AEFB23
:10A45000D8F40CF1D8F8F8AD19D9AEFBDFD8F41662
:10A46000F1D8F8AD8D61D9F4F4ACF59C9C8DDF2B5F
:10A47000BAB6AEFAF8F40BD8F1AED0F8AD51DAAE08
:10A48000FAF8F1D8B9B1B6A3839C08B9B1839AB5EB
:10A49000AAC0FD3083B79F10B58B93F20202D1ABF7
:10A4A000DADED8F1B080BAABC0C3B284C1C3D8B1D0
:10A4B000B9F38BA391B609B4D9ABDEB0879CB9A32D
:10A4C000DDF1B38B8B8B8B8BB087A3A3A3A3B28B54
:10A4D000B69BF2A3A3A3A3A3A3A3A3A3A3F1B087B3
:10A4E000B59AA3F39BA3A3DCBAACDFB9A3A3A3A340
:10A4F000A3A3A3A3A3A3A3A3A3A3A3A3D8D8D8BB75
:10A50000B3B7F1AAF9DAFFD9809AAA28B48098A73C
:10A5100020B79787A86688F07951F1902C870CA70F
:10A5200081976293F071716085940129517990A5AA
:10A53000F1284C6C870C95188578A38390284C6C77
:10A54000886CD8F3A28200F210A8921980A2F2D9E6
:10A5500026D8F188A84DD948D896A83980D93CD8B2
:10A560009580A839A68698D92CDA87A72CD8A889EF
:10A570009519A980D938D8A88939A980DA3CD8A8F2
:10A580002EA83990D90CD8A8953198D90CD8A809FB
:10A59000D9FFD801DAFFD89539A9DA26FFD890A8D3
:10A5A0000D8999A810809821DA2ED88999A8318030
:10A5B000DA2ED8A886963180DA2ED8A8873180DAAC
:10A5C0002ED8A88292F34180F1D92ED8A882F3190F
:10A5D00080F1D92ED882ACF3C0A28022F1A62EA79A
:10A5E0002EA92298A829DAACDEFFD8A2F22AF1A976
:10A5F0002E8292A8F23180A696F1D900AC8C9C0CE8
:10A6000030ACDED0DEFFD88C9CACD010ACDE8092BB
:10A61000A2F24C82A8F1CAF235F19688A6D900D8E8
:10A62000F1FF000000000000555555555555C53F38
:10A630007D6FEB0312D6D4BF5544880E55C1C93F78
:10A640003B8F68B52882A4BF88B20175E0EF493F0F
:10A6500009F7FD0DE13D023F4B2D8A1C273A03C04F
:10A66000C88A599CE52A004059018D1B6C06E6BF3B
:10A6700082922EB1C5B8B33F4FBB610567ACDD3FD9
:10A68000182D4454FB21E93F9BF681D20B73EF3F19
:10A69000182D4454FB21F93FE2652F227F2B7A3C91
:10A6A000075C143326A6813CBDCBF07A8807703C4A
:10A6B000075C143326A6913CC4EB98999999C9BFBD
:10A6C000711623FEC671BCBF6D9A74AFF2B0B3BFF2
:10A6D0009AFDDE522DDEADBF2F6C6A2C44B4A2BFB2
:10A6E0000D5555555555D53FFF8300922449C23F1E
:10A6F0006E204CC5CD45B73F513DD0A0660DB13F52
:10A70000EB0D76244B7BA93F11DA22E33AAD903F63
:10A710000000000000000000434D443A2042414C3C
:10A72000206B70206B64207C2056454C206B702081
:10A730006B69207C2050494420626B206264207643
:10A740006B207669207C204D494420616E676C65E2
:10A75000207C204D4F444520444D502F4B414C4DC3
:10A76000414E2F434F4D50207C2041524D207C20A4
:10A7700053544F50207C205354415455530D0A00DC
:10A780005354415455532C53544F503D25642C4D34
:10A790004F44453D25642C424B3D25642C42443DAD
:10A7A00025642C564B3D25642C56493D25642C4D83
:10A7B00049443D25642C414E474C453D25642C477A
:10A7C00059524F3D25642C454C3D25642C45523D46
:10A7D00025642C4D4C3D25642C4D523D25640D0ABD
:10A7E0000000000050726F64756374204944207249
:10A7F000656164206173203020696E6469636174EF
:10A800006573206465766963652069732065697482
:10A8100068657220696E636F6D70617469626C65E2
:10A82000206F7220616E204D5055333035302E0D23
:10A830000A00000064A9000800000020B801000020
:10A840006C010008C0A90008B8010020680B0000D6
:10A85000C80100081001000043000000F8FFFFFFDE
:10A860000040404040404040404041414141414023
:10A8700040404040404040404040404040404040D8
:10A880004005020202020202020202020202020267
:10A89000022020202020202020202002020202026C
:10A8A00002029090909090901010101010101010C4
:10A8B00010101010101010101010101002020202D0
:10A8C0000202888888888888080808080808080814
:10A8D0000808080808080808080808080202020210
:10A8E0004000000000000000000000000000000028
:10A8F0000000000000000000000000000000000058
:10A900000000000000000000000000000000000047
:10A910000000000000000000000000000000000037
:10A920000000000000000000000000000000000027
:10A930000000000000000000000000000000000017
:10A940000000000000000000000000000000000007
:10A9500000000000000000000000000000000000F7
:10A96000000000001184A24A0480090102030406C9
:10A970000708099202120203162C017AB03EF12454
:10A98000F0D24623DC4233C84312401C4083450CBE
:10A990006E42020406086CE9700150055A0AD7A3FA
:10A9A0003BCB803F0CC91013E6991B08DA04012049
:10A9B0006B049A24A94001165AFF043201000000DA
:0400000508000131BD
:00000001FF
