record,ms,mode,target_left,target_right,speed_left_mm_s,speed_right_mm_s,pwm_left,pwm_right,raw_left,raw_right,total_left,total_right,enable
D,33685,0,0,0,0,0,0,0,0,0,-1,-11,1
D,33695,0,0,0,0,0,0,0,0,0,-1,-11,1
D,33705,0,0,0,0,0,0,0,0,0,-1,-11,1
D,33715,0,0,0,0,0,0,0,0,0,-1,-11,1
D,33725,0,0,0,0,0,0,0,0,0,-1,-11,1
D,33735,0,0,0,0,0,0,0,0,0,-1,-11,1
D,33745,0,0,0,0,0,0,0,0,0,-1,-11,1
D,33755,0,0,0,0,0,0,0,0,0,-1,-11,1
D,33765,0,0,0,0,0,0,0,0,0,-1,-11,1
D,33775,0,0,0,0,0,0,0,0,0,-1,-11,1
D,33785,0,0,0,0,0,0,0,0,0,-1,-11,1
D,33795,0,0,0,0,0,0,0,0,0,-1,-11,1
D,33805,0,0,0,0,0,0,0,0,0,-1,-11,1
D,33815,0,0,0,0,0,0,0,0,0,-1,-11,1
D,33825,0,0,0,0,0,0,0,0,0,-1,-11,1
D,33835,0,0,0,0,0,0,0,0,0,-1,-11,1
D,33845,0,0,0,0,0,0,0,0,0,-1,-11,1
D,33855,0,0,0,0,0,0,0,0,0,-1,-11,1
D,33865,0,0,0,0,0,0,0,0,0,-1,-11,1
D,33875,0,0,0,0,0,0,0,0,0,-1,-11,1
D,33885,0,0,0,0,0,0,0,0,0,-1,-11,1
D,33895,0,0,0,0,0,0,0,0,0,-1,-11,1
D,33905,0,0,0,0,0,0,0,0,0,-1,-11,1
D,33915,0,0,0,0,0,0,0,0,0,-1,-11,1
D,33925,0,0,0,0,0,0,0,0,0,-1,-11,1
D,33935,0,0,0,0,0,0,0,0,0,-1,-11,1
D,33945,0,0,0,0,0,0,0,0,0,-1,-11,1
D,33955,0,0,0,0,0,0,0,0,0,-1,-11,1
D,33965,0,0,0,0,0,0,0,0,0,-1,-11,1
D,33975,0,0,0,0,0,0,0,0,0,-1,-11,1
D,33985,0,0,0,0,0,0,0,0,0,-1,-11,1
D,33995,0,0,0,0,0,0,0,0,0,-1,-11,1
D,34005,0,0,0,0,0,0,0,0,0,-1,-11,1
D,34015,0,0,0,0,0,0,0,0,0,-1,-11,1
D,34025,0,0,0,0,0,0,0,0,0,-1,-11,1
D,34035,0,0,0,0,0,0,0,0,0,-1,-11,1
D,34045,0,0,0,0,0,0,0,0,0,-1,-11,1
D,34055,0,0,0,0,0,0,0,0,0,-1,-11,1
D,34065,0,0,0,0,0,0,0,0,0,-1,-11,1
D,34075,0,0,0,0,0,0,0,0,0,-1,-11,1
D,34085,0,0,0,0,0,0,0,0,0,-1,-11,1
D,34095,0,0,0,0,0,0,0,0,0,-1,-11,1
D,34105,0,0,0,0,0,0,0,0,0,-1,-11,1
D,34115,0,0,0,0,0,0,0,0,0,-1,-11,1
D,34125,0,0,0,0,0,0,0,0,0,-1,-11,1
D,34135,0,0,0,0,0,0,0,0,0,-1,-11,1
D,34145,0,0,0,0,0,0,0,0,0,-1,-11,1
D,34155,0,0,0,0,0,0,0,0,0,-1,-11,1
D,34165,0,0,0,0,0,0,0,0,0,-1,-11,1
D,34175,0,0,0,0,0,0,0,0,0,-1,-11,1
D,34185,0,0,0,0,0,0,0,0,0,-1,-11,1
D,34195,0,0,0,0,0,0,0,0,0,-1,-11,1
D,34205,0,0,0,0,0,0,0,0,0,-1,-11,1
D,34215,0,0,0,0,0,0,0,0,0,-1,-11,1
D,34225,0,0,0,0,0,0,0,0,0,-1,-11,1
D,34235,0,0,0,0,0,0,0,0,0,-1,-11,1
D,34245,0,0,0,0,0,0,0,0,0,-1,-11,1
D,34255,0,0,0,0,0,0,0,0,0,-1,-11,1
D,34265,0,0,0,0,0,0,0,0,0,-1,-11,1
D,34275,0,0,0,0,0,0,0,0,0,-1,-11,1
D,34285,0,0,0,0,0,0,0,0,0,-1,-11,1
D,34295,0,0,0,0,0,0,0,0,0,-1,-11,1
D,34305,0,0,0,0,0,0,0,0,0,-1,-11,1
D,34315,0,0,0,0,0,0,0,0,0,-1,-11,1
D,34325,0,0,0,0,0,0,0,0,0,-1,-11,1
D,34335,0,0,0,0,0,0,0,0,0,-1,-11,1
D,34345,0,0,0,0,0,0,0,0,0,-1,-11,1
D,34355,0,0,0,0,0,0,0,0,0,-1,-11,1
D,34365,0,0,0,0,0,0,0,0,0,-1,-11,1
D,34375,0,0,0,0,0,0,0,0,0,-1,-11,1
D,34385,0,0,0,0,0,0,0,0,0,-1,-11,1
D,34395,0,0,0,0,0,0,0,0,0,-1,-11,1
D,34405,0,0,0,0,0,0,0,0,0,-1,-11,1
D,34415,0,0,0,0,0,0,0,0,0,-1,-11,1
D,34425,0,0,0,0,0,0,0,0,0,-1,-11,1
D,34435,0,0,0,0,0,0,0,0,0,-1,-11,1
D,34445,0,0,0,0,0,0,0,0,0,-1,-11,1
D,34455,0,0,0,0,0,0,0,0,0,-1,-11,1
D,34465,0,0,0,0,0,0,0,0,0,-1,-11,1
D,34475,0,0,0,0,0,0,0,0,0,-1,-11,1
D,34485,0,0,0,0,0,0,0,0,0,-1,-11,1
D,34495,0,0,0,0,0,0,0,0,0,-1,-11,1
D,34505,0,0,0,0,0,0,0,0,0,-1,-11,1
D,34515,0,0,0,0,0,0,0,0,0,-1,-11,1
D,34525,0,0,0,0,0,0,0,0,0,-1,-11,1
D,34535,0,0,0,0,0,0,0,0,0,-1,-11,1
D,34545,0,0,0,0,0,0,0,0,0,-1,-11,1
D,34555,0,0,0,0,0,0,0,0,0,-1,-11,1
D,34565,0,0,0,0,0,0,0,0,0,-1,-11,1
D,34575,0,0,0,0,0,0,0,0,0,-1,-11,1
D,34585,0,0,0,0,0,0,0,0,0,-1,-11,1
D,34595,0,0,0,0,0,0,0,0,0,-1,-11,1
D,34605,0,0,0,0,0,0,0,0,0,-1,-11,1
D,34615,0,0,0,0,0,0,0,0,0,-1,-11,1
D,34625,0,0,0,0,0,0,0,0,0,-1,-11,1
D,34635,0,0,0,0,0,0,0,0,0,-1,-11,1
D,34645,0,0,0,0,0,0,0,0,0,-1,-11,1
D,34655,0,0,0,0,0,0,0,0,0,-1,-11,1
D,34665,0,0,0,0,0,0,0,0,0,-1,-11,1
D,34675,0,0,0,0,0,0,0,0,0,-1,-11,1
D,34685,0,0,0,0,0,0,0,0,0,-1,-11,1
D,34695,0,0,0,0,0,0,0,0,0,-1,-11,1
D,34705,0,0,0,0,0,0,0,0,0,-1,-11,1
D,34715,0,0,0,0,0,0,0,0,0,-1,-11,1
D,34725,0,0,0,0,0,0,0,0,0,-1,-11,1
D,34735,0,0,0,0,0,0,0,0,0,-1,-11,1
D,34745,0,0,0,0,0,0,0,0,0,-1,-11,1
D,34755,0,0,0,0,0,0,0,0,0,-1,-11,1
D,34765,0,0,0,0,0,0,0,0,0,-1,-11,1
D,34775,0,0,0,0,0,0,0,0,0,-1,-11,1
D,34785,0,0,0,0,0,0,0,0,0,-1,-11,1
D,34795,0,0,0,0,0,0,0,0,0,-1,-11,1
D,34805,0,0,0,0,0,0,0,0,0,-1,-11,1
D,34815,0,0,0,0,0,0,0,0,0,-1,-11,1
D,34825,0,0,0,0,0,0,0,0,0,-1,-11,1
D,34835,0,0,0,0,0,0,0,0,0,-1,-11,1
D,34845,0,0,0,0,0,0,0,0,0,-1,-11,1
D,34855,0,0,0,0,0,0,0,0,0,-1,-11,1
D,34865,0,0,0,0,0,0,0,0,0,-1,-11,1
D,34875,0,0,0,0,0,0,0,0,0,-1,-11,1
D,34885,0,0,0,0,0,0,0,0,0,-1,-11,1
D,34895,0,0,0,0,0,0,0,0,0,-1,-11,1
D,34905,0,0,0,0,0,0,0,0,0,-1,-11,1
D,34915,0,0,0,0,0,0,0,0,0,-1,-11,1
D,34925,0,0,0,0,0,0,0,0,0,-1,-11,1
D,34935,0,0,0,0,0,0,0,0,0,-1,-11,1
D,34945,0,0,0,0,0,0,0,0,0,-1,-11,1
D,34955,0,0,0,0,0,0,0,0,0,-1,-11,1
D,34965,0,0,0,0,0,0,0,0,0,-1,-11,1
D,34975,0,0,0,0,0,0,0,0,0,-1,-11,1
D,34985,0,0,0,0,0,0,0,0,0,-1,-11,1
D,34995,0,0,0,0,0,0,0,0,0,-1,-11,1
D,35005,0,0,0,0,0,0,0,0,0,-1,-11,1
D,35015,0,0,0,0,0,0,0,0,0,-1,-11,1
D,35025,0,0,0,0,0,0,0,0,0,-1,-11,1
D,35035,0,0,0,0,0,0,0,0,0,-1,-11,1
D,35045,0,0,0,0,0,0,0,0,0,-1,-11,1
D,35055,0,0,0,0,0,0,0,0,0,-1,-11,1
D,35065,0,0,0,0,0,0,0,0,0,-1,-11,1
D,35075,0,0,0,0,0,0,0,0,0,-1,-11,1
D,35085,0,0,0,0,0,0,0,0,0,-1,-11,1
D,35095,0,0,0,0,0,0,0,0,0,-1,-11,1
D,35105,0,0,0,0,0,0,0,0,0,-1,-11,1
D,35115,0,0,0,0,0,0,0,0,0,-1,-11,1
D,35125,0,0,0,0,0,0,0,0,0,-1,-11,1
D,35135,0,0,0,0,0,0,0,0,0,-1,-11,1
D,35145,0,0,0,0,0,0,0,0,0,-1,-11,1
D,35155,0,0,0,0,0,0,0,0,0,-1,-11,1
D,35165,0,0,0,0,0,0,0,0,0,-1,-11,1
D,35175,0,0,0,0,0,0,0,0,0,-1,-11,1
D,35185,0,0,0,0,0,0,0,0,0,-1,-11,1
D,35195,0,0,0,0,0,0,0,0,0,-1,-11,1
D,35205,0,0,0,0,0,0,0,0,0,-1,-11,1
D,35215,0,0,0,0,0,0,0,0,0,-1,-11,1
D,35225,0,0,0,0,0,0,0,0,0,-1,-11,1
D,35235,0,0,0,0,0,0,0,0,0,-1,-11,1
D,35245,0,0,0,0,0,0,0,0,0,-1,-11,1
D,35255,0,0,0,0,0,0,0,0,0,-1,-11,1
D,35265,0,0,0,0,0,0,0,0,0,-1,-11,1
D,35275,0,0,0,0,0,0,0,0,0,-1,-11,1
D,35285,0,0,0,0,0,0,0,0,0,-1,-11,1
D,35295,0,0,0,0,0,0,0,0,0,-1,-11,1
D,35305,0,0,0,0,0,0,0,0,0,-1,-11,1
D,35315,0,0,0,0,0,0,0,0,0,-1,-11,1
D,35325,0,0,0,0,0,0,0,0,0,-1,-11,1
D,35335,0,0,0,0,0,0,0,0,0,-1,-11,1
D,35345,0,0,0,0,0,0,0,0,0,-1,-11,1
D,35355,0,0,0,0,0,0,0,0,0,-1,-11,1
D,35365,0,0,0,0,0,0,0,0,0,-1,-11,1
D,35375,0,0,0,0,0,0,0,0,0,-1,-11,1
D,35385,0,0,0,0,0,0,0,0,0,-1,-11,1
D,35395,0,0,0,0,0,0,0,0,0,-1,-11,1
D,35405,0,0,0,0,0,0,0,0,0,-1,-11,1
D,35415,0,0,0,0,0,0,0,0,0,-1,-11,1
D,35425,0,0,0,0,0,0,0,0,0,-1,-11,1
D,35435,0,0,0,0,0,0,0,0,0,-1,-11,1
D,35445,0,0,0,0,0,0,0,0,0,-1,-11,1
D,35455,0,0,0,0,0,0,0,0,0,-1,-11,1
D,35465,0,0,0,0,0,0,0,0,0,-1,-11,1
D,35475,0,0,0,0,0,0,0,0,0,-1,-11,1
D,35485,0,0,0,0,0,0,0,0,0,-1,-11,1
D,35495,0,0,0,0,0,0,0,0,0,-1,-11,1
D,35505,0,0,0,0,0,0,0,0,0,-1,-11,1
D,35515,0,0,0,0,0,0,0,0,0,-1,-11,1
D,35525,0,0,0,0,0,0,0,0,0,-1,-11,1
D,35535,0,0,0,0,0,0,0,0,0,-1,-11,1
D,35545,0,0,0,0,0,0,0,0,0,-1,-11,1
D,35555,0,0,0,0,0,0,0,0,0,-1,-11,1
D,35565,0,0,0,0,0,0,0,0,0,-1,-11,1
D,35575,0,0,0,0,0,0,0,0,0,-1,-11,1
D,35585,0,0,0,0,0,0,0,0,0,-1,-11,1
D,35595,0,0,0,0,0,0,0,0,0,-1,-11,1
D,35605,0,0,0,0,0,0,0,0,0,-1,-11,1
D,35615,0,0,0,0,0,0,0,0,0,-1,-11,1
D,35625,0,0,0,0,0,0,0,0,0,-1,-11,1
D,35635,0,0,0,0,0,0,0,0,0,-1,-11,1
D,35645,0,0,0,0,0,0,0,0,0,-1,-11,1
D,35655,0,0,0,0,0,0,0,0,0,-1,-11,1
D,35665,0,0,0,0,0,0,0,0,0,-1,-11,1
D,35675,0,0,0,0,0,0,0,0,0,-1,-11,1
D,35685,0,0,0,0,0,0,0,0,0,-1,-11,1
D,35695,0,0,0,0,0,0,0,0,0,-1,-11,1
D,35705,0,0,0,0,0,0,0,0,0,-1,-11,1
D,35715,0,0,0,0,0,0,0,0,0,-1,-11,1
D,35725,0,0,0,0,0,0,0,0,0,-1,-11,1
D,35735,0,0,0,0,0,0,0,0,0,-1,-11,1
D,35745,0,0,0,0,0,0,0,0,0,-1,-11,1
D,35755,0,0,0,0,0,0,0,0,0,-1,-11,1
D,35765,0,0,0,0,0,0,0,0,0,-1,-11,1
D,35775,0,0,0,0,0,0,0,0,0,-1,-11,1
D,35785,0,0,0,0,0,0,0,0,0,-1,-11,1
D,35795,0,0,0,0,0,0,0,0,0,-1,-11,1
D,35805,0,0,0,0,0,0,0,0,0,-1,-11,1
D,35815,0,0,0,0,0,0,0,0,0,-1,-11,1
D,35825,0,0,0,0,0,0,0,0,0,-1,-11,1
D,35835,0,0,0,0,0,0,0,0,0,-1,-11,1
D,35845,0,0,0,0,0,0,0,0,0,-1,-11,1
D,35855,0,0,0,0,0,0,0,0,0,-1,-11,1
D,35865,0,0,0,0,0,0,0,0,0,-1,-11,1
D,35875,0,0,0,0,0,0,0,0,0,-1,-11,1
D,35885,0,0,0,0,0,0,0,0,0,-1,-11,1
D,35895,0,0,0,0,0,0,0,0,0,-1,-11,1
D,35905,0,0,0,0,0,0,0,0,0,-1,-11,1
D,35915,0,0,0,0,0,0,0,0,0,-1,-11,1
D,35925,0,0,0,0,0,0,0,0,0,-1,-11,1
D,35935,0,0,0,0,0,0,0,0,0,-1,-11,1
D,35945,0,0,0,0,0,0,0,0,0,-1,-11,1
D,35955,0,0,0,0,0,0,0,0,0,-1,-11,1
D,35965,0,0,0,0,0,0,0,0,0,-1,-11,1
D,35975,0,0,0,0,0,0,0,0,0,-1,-11,1
D,35985,0,0,0,0,0,0,0,0,0,-1,-11,1
D,35995,0,0,0,0,0,0,0,0,0,-1,-11,1
D,36005,0,0,0,0,0,0,0,0,0,-1,-11,1
D,36015,0,0,0,0,0,0,0,0,0,-1,-11,1
D,36025,0,0,0,0,0,0,0,0,0,-1,-11,1
D,36035,0,0,0,0,0,0,0,0,0,-1,-11,1
D,36045,0,0,0,0,0,0,0,0,0,-1,-11,1
D,36055,0,0,0,0,0,0,0,0,0,-1,-11,1
D,36065,0,0,0,0,0,0,0,0,0,-1,-11,1
D,36075,0,0,0,0,0,0,0,0,0,-1,-11,1
D,36085,0,0,0,0,0,0,0,0,0,-1,-11,1
D,36095,0,0,0,0,0,0,0,0,0,-1,-11,1
D,36105,0,0,0,0,0,0,0,0,0,-1,-11,1
D,36115,0,0,0,0,0,0,0,0,0,-1,-11,1
D,36125,0,0,0,0,0,0,0,0,0,-1,-11,1
D,36135,0,0,0,0,0,0,0,0,0,-1,-11,1
D,36145,0,0,0,0,0,0,0,0,0,-1,-11,1
D,36155,0,0,0,0,0,0,0,0,0,-1,-11,1
D,36165,0,0,0,0,0,0,0,0,0,-1,-11,1
D,36175,0,0,0,0,0,0,0,0,0,-1,-11,1
D,36185,0,0,0,0,0,0,0,0,0,-1,-11,1
D,36195,0,0,0,0,0,0,0,0,0,-1,-11,1
D,36205,0,0,0,0,0,0,0,0,0,-1,-11,1
D,36215,0,0,0,0,0,0,0,0,0,-1,-11,1
D,36225,0,0,0,0,0,0,0,0,0,-1,-11,1
D,36235,0,0,0,0,0,0,0,0,0,-1,-11,1
D,36245,0,0,0,0,0,0,0,0,0,-1,-11,1
D,36255,0,0,0,0,0,0,0,0,0,-1,-11,1
D,36265,0,0,0,0,0,0,0,0,0,-1,-11,1
D,36275,0,0,0,0,0,0,0,0,0,-1,-11,1
D,36285,0,0,0,0,0,0,0,0,0,-1,-11,1
D,36295,0,0,0,0,0,0,0,0,0,-1,-11,1
D,36305,0,0,0,0,0,0,0,0,0,-1,-11,1
D,36315,0,0,0,0,0,0,0,0,0,-1,-11,1
D,36325,0,0,0,0,0,0,0,0,0,-1,-11,1
D,36335,0,0,0,0,0,0,0,0,0,-1,-11,1
D,36345,0,0,0,0,0,0,0,0,0,-1,-11,1
D,36355,0,0,0,0,0,0,0,0,0,-1,-11,1
D,36365,0,0,0,0,0,0,0,0,0,-1,-11,1
D,36375,0,0,0,0,0,0,0,0,0,-1,-11,1
D,36385,0,0,0,0,0,0,0,0,0,-1,-11,1
D,36395,0,0,0,0,0,0,0,0,0,-1,-11,1
D,36405,0,0,0,0,0,0,0,0,0,-1,-11,1
D,36415,0,0,0,0,0,0,0,0,0,-1,-11,1
D,36425,0,0,0,0,0,0,0,0,0,-1,-11,1
D,36435,0,0,0,0,0,0,0,0,0,-1,-11,1
D,36445,0,0,0,0,0,0,0,0,0,-1,-11,1
D,36455,0,0,0,0,0,0,0,0,0,-1,-11,1
D,36465,0,0,0,0,0,0,0,0,0,-1,-11,1
D,36475,0,0,0,0,0,0,0,0,0,-1,-11,1
D,36485,0,0,0,0,0,0,0,0,0,-1,-11,1
D,36495,0,0,0,0,0,0,0,0,0,-1,-11,1
D,36505,0,0,0,0,0,0,0,0,0,-1,-11,1
D,36515,0,0,0,0,0,0,0,0,0,-1,-11,1
D,36525,0,0,0,0,0,0,0,0,0,-1,-11,1
D,36535,0,0,0,0,0,0,0,0,0,-1,-11,1
D,36545,0,0,0,0,0,0,0,0,0,-1,-11,1
D,36555,0,0,0,0,0,0,0,0,0,-1,-11,1
D,36565,0,0,0,0,0,0,0,0,0,-1,-11,1
D,36575,0,0,0,0,0,0,0,0,0,-1,-11,1
D,36585,0,0,0,0,0,0,0,0,0,-1,-11,1
D,36595,0,0,0,0,0,0,0,0,0,-1,-11,1
D,36605,0,0,0,0,0,0,0,0,0,-1,-11,1
D,36615,0,0,0,0,0,0,0,0,0,-1,-11,1
D,36625,0,0,0,0,0,0,0,0,0,-1,-11,1
D,36635,0,0,0,0,0,0,0,0,0,-1,-11,1
D,36645,0,0,0,0,0,0,0,0,0,-1,-11,1
D,36655,0,0,0,0,0,0,0,0,0,-1,-11,1
D,36665,0,0,0,0,0,0,0,0,0,-1,-11,1
D,36675,0,0,0,0,0,0,0,0,0,-1,-11,1
D,36685,0,0,0,0,0,0,0,0,0,-1,-11,1
D,36695,0,0,0,0,0,0,0,0,0,-1,-11,1
D,36705,0,0,0,0,0,0,0,0,0,-1,-11,1
D,36715,0,0,0,0,0,0,0,0,0,-1,-11,1
D,36725,0,0,0,0,0,0,0,0,0,-1,-11,1
D,36735,0,0,0,0,0,0,0,0,0,-1,-11,1
D,36745,0,0,0,0,0,0,0,0,0,-1,-11,1
D,36755,0,0,0,0,0,0,0,0,0,-1,-11,1
D,36765,0,0,0,0,0,0,0,0,0,-1,-11,1
D,36775,0,0,0,0,0,0,0,0,0,-1,-11,1
D,36785,0,0,0,0,0,0,0,0,0,-1,-11,1
D,36795,0,0,0,0,0,0,0,0,0,-1,-11,1
D,36805,0,0,0,0,0,0,0,0,0,-1,-11,1
D,36815,0,0,0,0,0,0,0,0,0,-1,-11,1
D,36825,0,0,0,0,0,0,0,0,0,-1,-11,1
D,36835,0,0,0,0,0,0,0,0,0,-1,-11,1
D,36845,0,0,0,0,0,0,0,0,0,-1,-11,1
D,36855,0,0,0,0,0,0,0,0,0,-1,-11,1
D,36865,0,0,0,0,0,0,0,0,0,-1,-11,1
D,36875,0,0,0,0,0,0,0,0,0,-1,-11,1
D,36885,0,0,0,0,0,0,0,0,0,-1,-11,1
D,36895,0,0,0,0,0,0,0,0,0,-1,-11,1
D,36905,0,0,0,0,0,0,0,0,0,-1,-11,1
D,36915,0,0,0,0,0,0,0,0,0,-1,-11,1
D,36925,0,0,0,0,0,0,0,0,0,-1,-11,1
D,36935,0,0,0,0,0,0,0,0,0,-1,-11,1
D,36945,0,0,0,0,0,0,0,0,0,-1,-11,1
D,36955,0,0,0,0,0,0,0,0,0,-1,-11,1
D,36965,0,0,0,0,0,0,0,0,0,-1,-11,1
D,36975,0,0,0,0,0,0,0,0,0,-1,-11,1
D,36985,0,0,0,0,0,0,0,0,0,-1,-11,1
D,36995,0,0,0,0,0,0,0,0,0,-1,-11,1
D,37005,0,0,0,0,0,0,0,0,0,-1,-11,1
D,37015,0,0,0,0,0,0,0,0,0,-1,-11,1
D,37025,0,0,0,0,0,0,0,0,0,-1,-11,1
D,37035,0,0,0,0,0,0,0,0,0,-1,-11,1
D,37045,0,0,0,0,0,0,0,0,0,-1,-11,1
D,37055,0,0,0,0,0,0,0,0,0,-1,-11,1
D,37065,0,0,0,0,0,0,0,0,0,-1,-11,1
D,37075,0,0,0,0,0,0,0,0,0,-1,-11,1
D,37085,0,0,0,0,0,0,0,0,0,-1,-11,1
D,37095,0,0,0,0,0,0,0,0,0,-1,-11,1
D,37105,0,0,0,0,0,0,0,0,0,-1,-11,1
D,37115,0,0,0,0,0,0,0,0,0,-1,-11,1
D,37125,0,0,0,0,0,0,0,0,0,-1,-11,1
D,37135,0,0,0,0,0,0,0,0,0,-1,-11,1
D,37145,0,0,0,0,0,0,0,0,0,-1,-11,1
D,37155,0,0,0,0,0,0,0,0,0,-1,-11,1
D,37165,0,0,0,0,0,0,0,0,0,-1,-11,1
D,37175,0,0,0,0,0,0,0,0,0,-1,-11,1
D,37185,0,0,0,0,0,0,0,0,0,-1,-11,1
D,37195,0,0,0,0,0,0,0,0,0,-1,-11,1
D,37205,0,0,0,0,0,0,0,0,0,-1,-11,1
D,37215,0,0,0,0,0,0,0,0,0,-1,-11,1
D,37225,0,0,0,0,0,0,0,0,0,-1,-11,1
D,37235,0,0,0,0,0,0,0,0,0,-1,-11,1
D,37245,0,0,0,0,0,0,0,0,0,-1,-11,1
D,37255,0,0,0,0,0,0,0,0,0,-1,-11,1
D,37265,0,0,0,0,0,0,0,0,0,-1,-11,1
D,37275,0,0,0,0,0,0,0,0,0,-1,-11,1
D,37285,0,0,0,0,0,0,0,0,0,-1,-11,1
D,37295,0,0,0,0,0,0,0,0,0,-1,-11,1
D,37305,0,0,0,0,0,0,0,0,0,-1,-11,1
D,37315,0,0,0,0,0,0,0,0,0,-1,-11,1
D,37325,0,0,0,0,0,0,0,0,0,-1,-11,1
D,37335,0,0,0,0,0,0,0,0,0,-1,-11,1
D,37345,0,0,0,0,0,0,0,0,0,-1,-11,1
D,37355,0,0,0,0,0,0,0,0,0,-1,-11,1
D,37365,0,0,0,0,0,0,0,0,0,-1,-11,1
D,37375,0,0,0,0,0,0,0,0,0,-1,-11,1
D,37385,0,0,0,0,0,0,0,0,0,-1,-11,1
D,37395,0,0,0,0,0,0,0,0,0,-1,-11,1
D,37405,0,0,0,0,0,0,0,0,0,-1,-11,1
D,37415,0,0,0,0,0,0,0,0,0,-1,-11,1
D,37425,0,0,0,0,0,0,0,0,0,-1,-11,1
D,37435,0,0,0,0,0,0,0,0,0,-1,-11,1
D,37445,0,0,0,0,0,0,0,0,0,-1,-11,1
D,37455,0,0,0,0,0,0,0,0,0,-1,-11,1
D,37465,0,0,0,0,0,0,0,0,0,-1,-11,1
D,37475,0,0,0,0,0,0,0,0,0,-1,-11,1
D,37485,0,0,0,0,0,0,0,0,0,-1,-11,1
D,37495,0,0,0,0,0,0,0,0,0,-1,-11,1
D,37505,0,0,0,0,0,0,0,0,0,-1,-11,1
D,37515,0,0,0,0,0,0,0,0,0,-1,-11,1
D,37525,0,0,0,0,0,0,0,0,0,-1,-11,1
D,37535,0,0,0,0,0,0,0,0,0,-1,-11,1
D,37545,0,0,0,0,0,0,0,0,0,-1,-11,1
D,37555,0,0,0,0,0,0,0,0,0,-1,-11,1
D,37565,0,0,0,0,0,0,0,0,0,-1,-11,1
D,37575,0,0,0,0,0,0,0,0,0,-1,-11,1
D,37585,0,0,0,0,0,0,0,0,0,-1,-11,1
D,37595,0,0,0,0,0,0,0,0,0,-1,-11,1
D,37605,0,0,0,0,0,0,0,0,0,-1,-11,1
D,37615,0,0,0,0,0,0,0,0,0,-1,-11,1
D,37625,0,0,0,0,0,0,0,0,0,-1,-11,1
D,37635,0,0,0,0,0,0,0,0,0,-1,-11,1
D,37645,0,0,0,0,0,0,0,0,0,-1,-11,1
D,37655,0,0,0,0,0,0,0,0,0,-1,-11,1
D,37665,0,0,0,0,0,0,0,0,0,-1,-11,1
D,37675,0,0,0,0,0,0,0,0,0,-1,-11,1
D,37685,0,0,0,0,0,0,0,0,0,-1,-11,1
D,37695,0,0,0,0,0,0,0,0,0,-1,-11,1
D,37705,0,0,0,0,0,0,0,0,0,-1,-11,1
D,37715,0,0,0,0,0,0,0,0,0,-1,-11,1
D,37725,0,0,0,0,0,0,0,0,0,-1,-11,1
D,37735,0,0,0,0,0,0,0,0,0,-1,-11,1
D,37745,0,0,0,0,0,0,0,0,0,-1,-11,1
D,37755,0,0,0,0,0,0,0,0,0,-1,-11,1
D,37765,0,0,0,0,0,0,0,0,0,-1,-11,1
D,37775,0,0,0,0,0,0,0,0,0,-1,-11,1
D,37785,0,0,0,0,0,0,0,0,0,-1,-11,1
D,37795,0,0,0,0,0,0,0,0,0,-1,-11,1
D,37805,0,0,0,0,0,0,0,0,0,-1,-11,1
D,37815,0,0,0,0,0,0,0,0,0,-1,-11,1
D,37825,0,0,0,0,0,0,0,0,0,-1,-11,1
D,37835,0,0,0,0,0,0,0,0,0,-1,-11,1
D,37845,0,0,0,0,0,0,0,0,0,-1,-11,1
D,37855,0,0,0,0,0,0,0,0,0,-1,-11,1
D,37865,0,0,0,0,0,0,0,0,0,-1,-11,1
D,37875,0,0,0,0,0,0,0,0,0,-1,-11,1
D,37885,0,0,0,0,0,0,0,0,0,-1,-11,1
D,37895,0,0,0,0,0,0,0,0,0,-1,-11,1
D,37905,0,0,0,0,0,0,0,0,0,-1,-11,1
D,37915,0,0,0,0,0,0,0,0,0,-1,-11,1
D,37925,0,0,0,0,0,0,0,0,0,-1,-11,1
D,37935,0,0,0,0,0,0,0,0,0,-1,-11,1
D,37945,0,0,0,0,0,0,0,0,0,-1,-11,1
D,37955,0,0,0,0,0,0,0,0,0,-1,-11,1
D,37965,0,0,0,0,0,0,0,0,0,-1,-11,1
D,37975,0,0,0,0,0,0,0,0,0,-1,-11,1
D,37985,0,0,0,0,0,0,0,0,0,-1,-11,1
D,37995,0,0,0,0,0,0,0,0,0,-1,-11,1
D,38005,0,0,0,0,0,0,0,0,0,-1,-11,1
D,38015,0,0,0,0,0,0,0,0,0,-1,-11,1
D,38025,0,0,0,0,0,0,0,0,0,-1,-11,1
D,38035,0,0,0,0,0,0,0,0,0,-1,-11,1
D,38045,0,0,0,0,0,0,0,0,0,-1,-11,1
D,38055,0,0,0,0,0,0,0,0,0,-1,-11,1
D,38065,0,0,0,0,0,0,0,0,0,-1,-11,1
D,38075,0,0,0,0,0,0,0,0,0,-1,-11,1
D,38085,0,0,0,0,0,0,0,0,0,-1,-11,1
D,38095,0,0,0,0,0,0,0,0,0,-1,-11,1
D,38105,0,0,0,0,0,0,0,0,0,-1,-11,1
D,38115,0,0,0,0,0,0,0,0,0,-1,-11,1
D,38125,0,0,0,0,0,0,0,0,0,-1,-11,1
D,38135,0,0,0,0,0,0,0,0,0,-1,-11,1
D,38145,0,0,0,0,0,0,0,0,0,-1,-11,1
D,38155,0,0,0,0,0,0,0,0,0,-1,-11,1
D,38165,0,0,0,0,0,0,0,0,0,-1,-11,1
D,38175,0,0,0,0,0,0,0,0,0,-1,-11,1
D,38185,0,0,0,0,0,0,0,0,0,-1,-11,1
D,38195,0,0,0,0,0,0,0,0,0,-1,-11,1
D,38205,0,0,0,0,0,0,0,0,0,-1,-11,1
D,38215,0,0,0,0,0,0,0,0,0,-1,-11,1
D,38225,0,0,0,0,0,0,0,0,0,-1,-11,1
D,38235,0,0,0,0,0,0,0,0,0,-1,-11,1
D,38245,0,0,0,0,0,0,0,0,0,-1,-11,1
D,38255,0,0,0,0,0,0,0,0,0,-1,-11,1
D,38265,0,0,0,0,0,0,0,0,0,-1,-11,1
D,38275,0,0,0,0,0,0,0,0,0,-1,-11,1
D,38285,0,0,0,0,0,0,0,0,0,-1,-11,1
D,38295,0,0,0,0,0,0,0,0,0,-1,-11,1
D,38305,0,0,0,0,0,0,0,0,0,-1,-11,1
D,38315,0,0,0,0,0,0,0,0,0,-1,-11,1
D,38325,0,0,0,0,0,0,0,0,0,-1,-11,1
D,38335,0,0,0,0,0,0,0,0,0,-1,-11,1
D,38345,0,0,0,0,0,0,0,0,0,-1,-11,1
D,38355,0,0,0,0,0,0,0,0,0,-1,-11,1
D,38365,0,0,0,0,0,0,0,0,0,-1,-11,1
D,38375,0,0,0,0,0,0,0,0,0,-1,-11,1
D,38385,0,0,0,0,0,0,0,0,0,-1,-11,1
D,38395,0,0,0,0,0,0,0,0,0,-1,-11,1
D,38405,0,0,0,0,0,0,0,0,0,-1,-11,1
D,38415,0,0,0,0,0,0,0,0,0,-1,-11,1
D,38425,0,0,0,0,0,0,0,0,0,-1,-11,1
D,38435,0,0,0,0,0,0,0,0,0,-1,-11,1
D,38445,0,0,0,0,0,0,0,0,0,-1,-11,1
D,38455,0,0,0,0,0,0,0,0,0,-1,-11,1
D,38465,0,0,0,0,0,0,0,0,0,-1,-11,1
D,38475,0,0,0,0,0,0,0,0,0,-1,-11,1
D,38485,0,0,0,0,0,0,0,0,0,-1,-11,1
D,38495,0,0,0,0,0,0,0,0,0,-1,-11,1
D,38505,0,0,0,0,0,0,0,0,0,-1,-11,1
D,38515,0,0,0,0,0,0,0,0,0,-1,-11,1
D,38525,0,0,0,0,0,0,0,0,0,-1,-11,1
D,38535,0,0,0,0,0,0,0,0,0,-1,-11,1
D,38545,0,0,0,0,0,0,0,0,0,-1,-11,1
D,38555,0,0,0,0,0,0,0,0,0,-1,-11,1
D,38565,0,0,0,0,0,0,0,0,0,-1,-11,1
D,38575,0,0,0,0,0,0,0,0,0,-1,-11,1
D,38585,0,0,0,0,0,0,0,0,0,-1,-11,1
D,38595,0,0,0,0,0,0,0,0,0,-1,-11,1
D,38605,0,0,0,0,0,0,0,0,0,-1,-11,1
D,38615,0,0,0,0,0,0,0,0,0,-1,-11,1
D,38625,0,0,0,0,0,0,0,0,0,-1,-11,1
D,38635,0,0,0,0,0,0,0,0,0,-1,-11,1
D,38645,0,0,0,0,0,0,0,0,0,-1,-11,1
D,38655,0,0,0,0,0,0,0,0,0,-1,-11,1
D,38665,0,0,0,0,0,0,0,0,0,-1,-11,1
D,38675,0,0,0,0,0,0,0,0,0,-1,-11,1
D,38685,0,0,0,0,0,0,0,0,0,-1,-11,1
D,38695,0,0,0,0,0,0,0,0,0,-1,-11,1
D,38705,0,0,0,0,0,0,0,0,0,-1,-11,1
D,38715,0,0,0,0,0,0,0,0,0,-1,-11,1
D,38725,0,0,0,0,0,0,0,0,0,-1,-11,1
D,38735,0,0,0,0,0,0,0,0,0,-1,-11,1
D,38745,0,0,0,0,0,0,0,0,0,-1,-11,1
D,38755,0,0,0,0,0,0,0,0,0,-1,-11,1
D,38765,0,0,0,0,0,0,0,0,0,-1,-11,1
D,38775,0,0,0,0,0,0,0,0,0,-1,-11,1
D,38785,0,0,0,0,0,0,0,0,0,-1,-11,1
D,38795,0,0,0,0,0,0,0,0,0,-1,-11,1
D,38805,0,0,0,0,0,0,0,0,0,-1,-11,1
D,38815,0,0,0,0,0,0,0,0,0,-1,-11,1
D,38825,0,0,0,0,0,0,0,0,0,-1,-11,1
D,38835,0,0,0,0,0,0,0,0,0,-1,-11,1
D,38845,0,0,0,0,0,0,0,0,0,-1,-11,1
D,38855,0,0,0,0,0,0,0,0,0,-1,-11,1
D,38865,0,0,0,0,0,0,0,0,0,-1,-11,1
D,38875,0,0,0,0,0,0,0,0,0,-1,-11,1
D,38885,0,0,0,0,0,0,0,0,0,-1,-11,1
D,38895,0,0,0,0,0,0,0,0,0,-1,-11,1
D,38905,0,0,0,0,0,0,0,0,0,-1,-11,1
D,38915,0,0,0,0,0,0,0,0,0,-1,-11,1
D,38925,0,0,0,0,0,0,0,0,0,-1,-11,1
D,38935,0,0,0,0,0,0,0,0,0,-1,-11,1
D,38945,0,0,0,0,0,0,0,0,0,-1,-11,1
D,38955,0,0,0,0,0,0,0,0,0,-1,-11,1
D,38965,0,0,0,0,0,0,0,0,0,-1,-11,1
D,38975,0,0,0,0,0,0,0,0,0,-1,-11,1
D,38985,0,0,0,0,0,0,0,0,0,-1,-11,1
D,38995,0,0,0,0,0,0,0,0,0,-1,-11,1
D,39005,0,0,0,0,0,0,0,0,0,-1,-11,1
D,39015,0,0,0,0,0,0,0,0,0,-1,-11,1
D,39025,0,0,0,0,0,0,0,0,0,-1,-11,1
D,39035,0,0,0,0,0,0,0,0,0,-1,-11,1
D,39045,0,0,0,0,0,0,0,0,0,-1,-11,1
D,39055,0,0,0,0,0,0,0,0,0,-1,-11,1
D,39065,0,0,0,0,0,0,0,0,0,-1,-11,1
D,39075,0,0,0,0,0,0,0,0,0,-1,-11,1
D,39085,0,0,0,0,0,0,0,0,0,-1,-11,1
D,39095,0,0,0,0,0,0,0,0,0,-1,-11,1
D,39105,0,0,0,0,0,0,0,0,0,-1,-11,1
D,39115,0,0,0,0,0,0,0,0,0,-1,-11,1
D,39125,0,0,0,0,0,0,0,0,0,-1,-11,1
D,39135,0,0,0,0,0,0,0,0,0,-1,-11,1
D,39145,0,0,0,0,0,0,0,0,0,-1,-11,1
D,39155,0,0,0,0,0,0,0,0,0,-1,-11,1
D,39165,0,0,0,0,0,0,0,0,0,-1,-11,1
D,39175,0,0,0,0,0,0,0,0,0,-1,-11,1
D,39185,0,0,0,0,0,0,0,0,0,-1,-11,1
D,39195,0,0,0,0,0,0,0,0,0,-1,-11,1
D,39205,0,0,0,0,0,0,0,0,0,-1,-11,1
D,39215,0,0,0,0,0,0,0,0,0,-1,-11,1
D,39225,0,0,0,0,0,0,0,0,0,-1,-11,1
D,39235,0,0,0,0,0,0,0,0,0,-1,-11,1
D,39245,0,0,0,0,0,0,0,0,0,-1,-11,1
D,39255,0,0,0,0,0,0,0,0,0,-1,-11,1
D,39265,0,0,0,0,0,0,0,0,0,-1,-11,1
D,39275,0,0,0,0,0,0,0,0,0,-1,-11,1
D,39285,0,0,0,0,0,0,0,0,0,-1,-11,1
D,39295,0,0,0,0,0,0,0,0,0,-1,-11,1
D,39305,0,0,0,0,0,0,0,0,0,-1,-11,1
D,39315,0,0,0,0,0,0,0,0,0,-1,-11,1
D,39325,0,0,0,0,0,0,0,0,0,-1,-11,1
D,39335,0,0,0,0,0,0,0,0,0,-1,-11,1
D,39345,0,0,0,0,0,0,0,0,0,-1,-11,1
D,39355,0,0,0,0,0,0,0,0,0,-1,-11,1
D,39365,0,0,0,0,0,0,0,0,0,-1,-11,1
D,39375,0,0,0,0,0,0,0,0,0,-1,-11,1
D,39385,0,0,0,0,0,0,0,0,0,-1,-11,1
D,39395,0,0,0,0,0,0,0,0,0,-1,-11,1
D,39405,0,0,0,0,0,0,0,0,0,-1,-11,1
D,39415,0,0,0,0,0,0,0,0,0,-1,-11,1
D,39425,0,0,0,0,0,0,0,0,0,-1,-11,1
D,39435,0,0,0,0,0,0,0,0,0,-1,-11,1
D,39445,0,0,0,0,0,0,0,0,0,-1,-11,1
D,39455,0,0,0,0,0,0,0,0,0,-1,-11,1
D,39465,0,0,0,0,0,0,0,0,0,-1,-11,1
D,39475,0,0,0,0,0,0,0,0,0,-1,-11,1
D,39485,0,0,0,0,0,0,0,0,0,-1,-11,1
D,39495,0,0,0,0,0,0,0,0,0,-1,-11,1
D,39505,0,0,0,0,0,0,0,0,0,-1,-11,1
D,39515,0,0,0,0,0,0,0,0,0,-1,-11,1
D,39525,0,0,0,0,0,0,0,0,0,-1,-11,1
D,39535,0,0,0,0,0,0,0,0,0,-1,-11,1
D,39545,0,0,0,0,0,0,0,0,0,-1,-11,1
D,39555,0,0,0,0,0,0,0,0,0,-1,-11,1
D,39565,0,0,0,0,0,0,0,0,0,-1,-11,1
D,39575,0,0,0,0,0,0,0,0,0,-1,-11,1
D,39585,0,0,0,0,0,0,0,0,0,-1,-11,1
D,39595,0,0,0,0,0,0,0,0,0,-1,-11,1
D,39605,0,0,0,0,0,0,0,0,0,-1,-11,1
D,39615,0,0,0,0,0,0,0,0,0,-1,-11,1
D,39625,0,0,0,0,0,0,0,0,0,-1,-11,1
D,39635,0,0,0,0,0,0,0,0,0,-1,-11,1
D,39645,0,0,0,0,0,0,0,0,0,-1,-11,1
D,39655,0,0,0,0,0,0,0,0,0,-1,-11,1
D,39665,0,0,0,0,0,0,0,0,0,-1,-11,1
D,39675,0,0,0,0,0,0,0,0,0,-1,-11,1
D,39685,0,0,0,0,0,0,0,0,0,-1,-11,1
D,39695,0,0,0,0,0,0,0,0,0,-1,-11,1
D,39705,0,0,0,0,0,0,0,0,0,-1,-11,1
D,39715,0,0,0,0,0,0,0,0,0,-1,-11,1
D,39725,0,0,0,0,0,0,0,0,0,-1,-11,1
D,39735,0,0,0,0,0,0,0,0,0,-1,-11,1
D,39745,0,0,0,0,0,0,0,0,0,-1,-11,1
D,39755,0,0,0,0,0,0,0,0,0,-1,-11,1
D,39765,0,0,0,0,0,0,0,0,0,-1,-11,1
D,39775,0,0,0,0,0,0,0,0,0,-1,-11,1
D,39785,0,0,0,0,0,0,0,0,0,-1,-11,1
D,39795,0,0,0,0,0,0,0,0,0,-1,-11,1
D,39805,0,0,0,0,0,0,0,0,0,-1,-11,1
D,39815,0,0,0,0,0,0,0,0,0,-1,-11,1
D,39825,0,0,0,0,0,0,0,0,0,-1,-11,1
D,39835,0,0,0,0,0,0,0,0,0,-1,-11,1
D,39845,0,0,0,0,0,0,0,0,0,-1,-11,1
D,39855,0,0,0,0,0,0,0,0,0,-1,-11,1
D,39865,0,0,0,0,0,0,0,0,0,-1,-11,1
D,39875,0,0,0,0,0,0,0,0,0,-1,-11,1
D,39885,0,0,0,0,0,0,0,0,0,-1,-11,1
D,39895,0,0,0,0,0,0,0,0,0,-1,-11,1
D,39905,0,0,0,0,0,0,0,0,0,-1,-11,1
D,39915,0,0,0,0,0,0,0,0,0,-1,-11,1
D,39925,0,0,0,0,0,0,0,0,0,-1,-11,1
D,39935,0,0,0,0,0,0,0,0,0,-1,-11,1
D,39945,0,0,0,0,0,0,0,0,0,-1,-11,1
D,39955,0,0,0,0,0,0,0,0,0,-1,-11,1
D,39965,0,0,0,0,0,0,0,0,0,-1,-11,1
D,39975,0,0,0,0,0,0,0,0,0,-1,-11,1
D,39985,0,0,0,0,0,0,0,0,0,-1,-11,1
D,39995,0,0,0,0,0,0,0,0,0,-1,-11,1
D,40005,0,0,0,0,0,0,0,0,0,-1,-11,1
D,40015,0,0,0,0,0,0,0,0,0,-1,-11,1
D,40025,0,0,0,0,0,0,0,0,0,-1,-11,1
D,40035,0,0,0,0,0,0,0,0,0,-1,-11,1
D,40045,0,0,0,0,0,0,0,0,0,-1,-11,1
D,40055,0,0,0,0,0,0,0,0,0,-1,-11,1
D,40065,0,0,0,0,0,0,0,0,0,-1,-11,1
D,40075,0,0,0,0,0,0,0,0,0,-1,-11,1
D,40085,0,0,0,0,0,0,0,0,0,-1,-11,1
D,40095,0,0,0,0,0,0,0,0,0,-1,-11,1
D,40105,0,0,0,0,0,0,0,0,0,-1,-11,1
D,40115,0,0,0,0,0,0,0,0,0,-1,-11,1
D,40125,0,0,0,0,0,0,0,0,0,-1,-11,1
D,40135,0,0,0,0,0,0,0,0,0,-1,-11,1
D,40145,0,0,0,0,0,0,0,0,0,-1,-11,1
D,40155,0,0,0,0,0,0,0,0,0,-1,-11,1
D,40165,0,0,0,0,0,0,0,0,0,-1,-11,1
D,40175,0,0,0,0,0,0,0,0,0,-1,-11,1
D,40185,0,0,0,0,0,0,0,0,0,-1,-11,1
D,40195,0,0,0,0,0,0,0,0,0,-1,-11,1
D,40205,0,0,0,0,0,0,0,0,0,-1,-11,1
D,40215,0,0,0,0,0,0,0,0,0,-1,-11,1
D,40225,0,0,0,0,0,0,0,0,0,-1,-11,1
D,40235,0,0,0,0,0,0,0,0,0,-1,-11,1
D,40245,0,0,0,0,0,0,0,0,0,-1,-11,1
D,40255,0,0,0,0,0,0,0,0,0,-1,-11,1
D,40265,0,0,0,0,0,0,0,0,0,-1,-11,1
D,40275,0,0,0,0,0,0,0,0,0,-1,-11,1
D,40285,0,0,0,0,0,0,0,0,0,-1,-11,1
D,40295,0,0,0,0,0,0,0,0,0,-1,-11,1
D,40305,0,0,0,0,0,0,0,0,0,-1,-11,1
D,40315,0,0,0,0,0,0,0,0,0,-1,-11,1
D,40325,0,0,0,0,0,0,0,0,0,-1,-11,1
D,40335,0,0,0,0,0,0,0,0,0,-1,-11,1
D,40345,0,0,0,0,0,0,0,0,0,-1,-11,1
D,40355,0,0,0,0,0,0,0,0,0,-1,-11,1
D,40365,0,0,0,0,0,0,0,0,0,-1,-11,1
D,40375,0,0,0,0,0,0,0,0,0,-1,-11,1
D,40385,0,0,0,0,0,0,0,0,0,-1,-11,1
D,40395,0,0,0,0,0,0,0,0,0,-1,-11,1
D,40405,0,0,0,0,0,0,0,0,0,-1,-11,1
D,40415,0,0,0,0,0,0,0,0,0,-1,-11,1
D,40425,0,0,0,0,0,0,0,0,0,-1,-11,1
D,40435,0,0,0,0,0,0,0,0,0,-1,-11,1
D,40445,0,0,0,0,0,0,0,0,0,-1,-11,1
D,40455,0,0,0,0,0,0,0,0,0,-1,-11,1
D,40465,0,0,0,0,0,0,0,0,0,-1,-11,1
D,40475,0,0,0,0,0,0,0,0,0,-1,-11,1
D,40485,0,0,0,0,0,0,0,0,0,-1,-11,1
D,40495,0,0,0,0,0,0,0,0,0,-1,-11,1
D,40505,0,0,0,0,0,0,0,0,0,-1,-11,1
D,40515,0,0,0,0,0,0,0,0,0,-1,-11,1
D,40525,0,0,0,0,0,0,0,0,0,-1,-11,1
D,40535,0,0,0,0,0,0,0,0,0,-1,-11,1
D,40545,0,0,0,0,0,0,0,0,0,-1,-11,1
D,40555,0,0,0,0,0,0,0,0,0,-1,-11,1
D,40565,0,0,0,0,0,0,0,0,0,-1,-11,1
D,40575,0,0,0,0,0,0,0,0,0,-1,-11,1
D,40585,0,0,0,0,0,0,0,0,0,-1,-11,1
D,40595,0,0,0,0,0,0,0,0,0,-1,-11,1
D,40605,0,0,0,0,0,0,0,0,0,-1,-11,1
D,40615,0,0,0,0,0,0,0,0,0,-1,-11,1
D,40625,0,0,0,0,0,0,0,0,0,-1,-11,1
D,40635,0,0,0,0,0,0,0,0,0,-1,-11,1
D,40645,0,0,0,0,0,0,0,0,0,-1,-11,1
D,40655,0,0,0,0,0,0,0,0,0,-1,-11,1
D,40665,0,0,0,0,0,0,0,0,0,-1,-11,1
D,40675,0,0,0,0,0,0,0,0,0,-1,-11,1
D,40685,0,0,0,0,0,0,0,0,0,-1,-11,1
D,40695,0,0,0,0,0,0,0,0,0,-1,-11,1
D,40705,0,0,0,0,0,0,0,0,0,-1,-11,1
D,40715,0,0,0,0,0,0,0,0,0,-1,-11,1
D,40725,0,0,0,0,0,0,0,0,0,-1,-11,1
D,40735,0,0,0,0,0,0,0,0,0,-1,-11,1
D,40745,0,0,0,0,0,0,0,0,0,-1,-11,1
D,40755,0,0,0,0,0,0,0,0,0,-1,-11,1
D,40765,0,0,0,0,0,0,0,0,0,-1,-11,1
D,40775,0,0,0,0,0,0,0,0,0,-1,-11,1
D,40785,0,0,0,0,0,0,0,0,0,-1,-11,1
D,40795,0,0,0,0,0,0,0,0,0,-1,-11,1
D,40805,0,0,0,0,0,0,0,0,0,-1,-11,1
D,40815,0,0,0,0,0,0,0,0,0,-1,-11,1
D,40825,0,0,0,0,0,0,0,0,0,-1,-11,1
D,40835,0,0,0,0,0,0,0,0,0,-1,-11,1
D,40845,0,0,0,0,0,0,0,0,0,-1,-11,1
D,40855,0,0,0,0,0,0,0,0,0,-1,-11,1
D,40865,0,0,0,0,0,0,0,0,0,-1,-11,1
D,40875,0,0,0,0,0,0,0,0,0,-1,-11,1
D,40885,0,0,0,0,0,0,0,0,0,-1,-11,1
D,40895,0,0,0,0,0,0,0,0,0,-1,-11,1
D,40905,0,0,0,0,0,0,0,0,0,-1,-11,1
D,40915,0,0,0,0,0,0,0,0,0,-1,-11,1
D,40925,0,0,0,0,0,0,0,0,0,-1,-11,1
D,40935,0,0,0,0,0,0,0,0,0,-1,-11,1
D,40945,0,0,0,0,0,0,0,0,0,-1,-11,1
D,40955,0,0,0,0,0,0,0,0,0,-1,-11,1
D,40965,0,0,0,0,0,0,0,0,0,-1,-11,1
D,40975,0,0,0,0,0,0,0,0,0,-1,-11,1
D,40985,0,0,0,0,0,0,0,0,0,-1,-11,1
D,40995,0,0,0,0,0,0,0,0,0,-1,-11,1
D,41005,0,0,0,0,0,0,0,0,0,-1,-11,1
D,41015,0,0,0,0,0,0,0,0,0,-1,-11,1
D,41025,0,0,0,0,0,0,0,0,0,-1,-11,1
D,41035,0,0,0,0,0,0,0,0,0,-1,-11,1
D,41045,0,0,0,0,0,0,0,0,0,-1,-11,1
D,41055,0,0,0,0,0,0,0,0,0,-1,-11,1
D,41065,0,0,0,0,0,0,0,0,0,-1,-11,1
D,41075,0,0,0,0,0,0,0,0,0,-1,-11,1
D,41085,0,0,0,0,0,0,0,0,0,-1,-11,1
D,41095,0,0,0,0,0,0,0,0,0,-1,-11,1
D,41105,0,0,0,0,0,0,0,0,0,-1,-11,1
D,41115,0,0,0,0,0,0,0,0,0,-1,-11,1
D,41125,0,0,0,0,0,0,0,0,0,-1,-11,1
D,41135,0,0,0,0,0,0,0,0,0,-1,-11,1
D,41145,0,0,0,0,0,0,0,0,0,-1,-11,1
D,41155,0,0,0,0,0,0,0,0,0,-1,-11,1
D,41165,0,0,0,0,0,0,0,0,0,-1,-11,1
D,41175,0,0,0,0,0,0,0,0,0,-1,-11,1
D,41185,0,0,0,0,0,0,0,0,0,-1,-11,1
D,41195,0,0,0,0,0,0,0,0,0,-1,-11,1
D,41205,0,0,0,0,0,0,0,0,0,-1,-11,1
D,41215,0,0,0,0,0,0,0,0,0,-1,-11,1
D,41225,0,0,0,0,0,0,0,0,0,-1,-11,1
D,41235,0,0,0,0,0,0,0,0,0,-1,-11,1
D,41245,0,0,0,0,0,0,0,0,0,-1,-11,1
D,41255,0,0,0,0,0,0,0,0,0,-1,-11,1
D,41265,0,0,0,0,0,0,0,0,0,-1,-11,1
D,41275,0,0,0,0,0,0,0,0,0,-1,-11,1
D,41285,0,0,0,0,0,0,0,0,0,-1,-11,1
D,41295,0,0,0,0,0,0,0,0,0,-1,-11,1
D,41305,0,0,0,0,0,0,0,0,0,-1,-11,1
D,41315,0,0,0,0,0,0,0,0,0,-1,-11,1
D,41325,0,0,0,0,0,0,0,0,0,-1,-11,1
D,41335,0,0,0,0,0,0,0,0,0,-1,-11,1
D,41345,0,0,0,0,0,0,0,0,0,-1,-11,1
D,41355,0,0,0,0,0,0,0,0,0,-1,-11,1
D,41365,0,0,0,0,0,0,0,0,0,-1,-11,1
D,41375,0,0,0,0,0,0,0,0,0,-1,-11,1
D,41385,0,0,0,0,0,0,0,0,0,-1,-11,1
D,41395,0,0,0,0,0,0,0,0,0,-1,-11,1
D,41405,0,0,0,0,0,0,0,0,0,-1,-11,1
D,41415,0,0,0,0,0,0,0,0,0,-1,-11,1
D,41425,0,0,0,0,0,0,0,0,0,-1,-11,1
D,41435,0,0,0,0,0,0,0,0,0,-1,-11,1
D,41445,0,0,0,0,0,0,0,0,0,-1,-11,1
D,41455,0,0,0,0,0,0,0,0,0,-1,-11,1
D,41465,0,0,0,0,0,0,0,0,0,-1,-11,1
D,41475,0,0,0,0,0,0,0,0,0,-1,-11,1
D,41485,0,0,0,0,0,0,0,0,0,-1,-11,1
D,41495,0,0,0,0,0,0,0,0,0,-1,-11,1
D,41505,0,0,0,0,0,0,0,0,0,-1,-11,1
D,41515,0,0,0,0,0,0,0,0,0,-1,-11,1
D,41525,0,0,0,0,0,0,0,0,0,-1,-11,1
D,41535,0,0,0,0,0,0,0,0,0,-1,-11,1
D,41545,0,0,0,0,0,0,0,0,0,-1,-11,1
D,41555,0,0,0,0,0,0,0,0,0,-1,-11,1
D,41565,0,0,0,0,0,0,0,0,0,-1,-11,1
D,41575,0,0,0,0,0,0,0,0,0,-1,-11,1
D,41585,0,0,0,0,0,0,0,0,0,-1,-11,1
D,41595,0,0,0,0,0,0,0,0,0,-1,-11,1
D,41605,0,0,0,0,0,0,0,0,0,-1,-11,1
D,41615,0,0,0,0,0,0,0,0,0,-1,-11,1
D,41625,0,0,0,0,0,0,0,0,0,-1,-11,1
D,41635,0,0,0,0,0,0,0,0,0,-1,-11,1
D,41645,0,0,0,0,0,0,0,0,0,-1,-11,1
D,41655,0,0,0,0,0,0,0,0,0,-1,-11,1
D,41665,0,0,0,0,0,0,0,0,0,-1,-11,1
D,41675,0,0,0,0,0,0,0,0,0,-1,-11,1
D,41685,0,0,0,0,0,0,0,0,0,-1,-11,1
D,41695,0,0,0,0,0,0,0,0,0,-1,-11,1
D,41705,0,0,0,0,0,0,0,0,0,-1,-11,1
D,41715,0,0,0,0,0,0,0,0,0,-1,-11,1
D,41725,0,0,0,0,0,0,0,0,0,-1,-11,1
D,41735,0,0,0,0,0,0,0,0,0,-1,-11,1
D,41745,0,0,0,0,0,0,0,0,0,-1,-11,1
D,41755,0,0,0,0,0,0,0,0,0,-1,-11,1
D,41765,0,0,0,0,0,0,0,0,0,-1,-11,1
D,41775,0,0,0,0,0,0,0,0,0,-1,-11,1
D,41785,0,0,0,0,0,0,0,0,0,-1,-11,1
D,41795,0,0,0,0,0,0,0,0,0,-1,-11,1
D,41805,0,0,0,0,0,0,0,0,0,-1,-11,1
D,41815,0,0,0,0,0,0,0,0,0,-1,-11,1
D,41825,0,0,0,0,0,0,0,0,0,-1,-11,1
D,41835,0,0,0,0,0,0,0,0,0,-1,-11,1
D,41845,0,0,0,0,0,0,0,0,0,-1,-11,1
D,41855,0,0,0,0,0,0,0,0,0,-1,-11,1
D,41865,0,0,0,0,0,0,0,0,0,-1,-11,1
D,41875,0,0,0,0,0,0,0,0,0,-1,-11,1
D,41885,0,0,0,0,0,0,0,0,0,-1,-11,1
D,41895,0,0,0,0,0,0,0,0,0,-1,-11,1
D,41905,0,0,0,0,0,0,0,0,0,-1,-11,1
D,41915,0,0,0,0,0,0,0,0,0,-1,-11,1
D,41925,0,0,0,0,0,0,0,0,0,-1,-11,1
D,41935,0,0,0,0,0,0,0,0,0,-1,-11,1
D,41945,0,0,0,0,0,0,0,0,0,-1,-11,1
D,41955,0,0,0,0,0,0,0,0,0,-1,-11,1
D,41965,0,0,0,0,0,0,0,0,0,-1,-11,1
D,41975,0,0,0,0,0,0,0,0,0,-1,-11,1
D,41985,0,0,0,0,0,0,0,0,0,-1,-11,1
D,41995,0,0,0,0,0,0,0,0,0,-1,-11,1
D,42005,0,0,0,0,0,0,0,0,0,-1,-11,1
D,42015,0,0,0,0,0,0,0,0,0,-1,-11,1
D,42025,0,0,0,0,0,0,0,0,0,-1,-11,1
D,42035,0,0,0,0,0,0,0,0,0,-1,-11,1
D,42045,0,0,0,0,0,0,0,0,0,-1,-11,1
D,42055,0,0,0,0,0,0,0,0,0,-1,-11,1
D,42065,0,0,0,0,0,0,0,0,0,-1,-11,1
D,42075,0,0,0,0,0,0,0,0,0,-1,-11,1
D,42085,0,0,0,0,0,0,0,0,0,-1,-11,1
D,42095,0,0,0,0,0,0,0,0,0,-1,-11,1
D,42105,0,0,0,0,0,0,0,0,0,-1,-11,1
D,42115,0,0,0,0,0,0,0,0,0,-1,-11,1
D,42125,0,0,0,0,0,0,0,0,0,-1,-11,1
D,42135,0,0,0,0,0,0,0,0,0,-1,-11,1
D,42145,0,0,0,0,0,0,0,0,0,-1,-11,1
D,42155,0,0,0,0,0,0,0,0,0,-1,-11,1
D,42165,0,0,0,0,0,0,0,0,0,-1,-11,1
D,42175,0,0,0,0,0,0,0,0,0,-1,-11,1
D,42185,0,0,0,0,0,0,0,0,0,-1,-11,1
D,42195,0,0,0,0,0,0,0,0,0,-1,-11,1
D,42205,0,0,0,0,0,0,0,0,0,-1,-11,1
D,42215,0,0,0,0,0,0,0,0,0,-1,-11,1
D,42225,0,0,0,0,0,0,0,0,0,-1,-11,1
D,42235,0,0,0,0,0,0,0,0,0,-1,-11,1
D,42245,0,0,0,0,0,0,0,0,0,-1,-11,1
D,42255,0,0,0,0,0,0,0,0,0,-1,-11,1
D,42265,0,0,0,0,0,0,0,0,0,-1,-11,1
D,42275,0,0,0,0,0,0,0,0,0,-1,-11,1
D,42285,0,0,0,0,0,0,0,0,0,-1,-11,1
D,42295,0,0,0,0,0,0,0,0,0,-1,-11,1
D,42305,0,0,0,0,0,0,0,0,0,-1,-11,1
D,42315,0,0,0,0,0,0,0,0,0,-1,-11,1
D,42325,0,0,0,0,0,0,0,0,0,-1,-11,1
D,42335,0,0,0,0,0,0,0,0,0,-1,-11,1
D,42345,0,0,0,0,0,0,0,0,0,-1,-11,1
D,42355,0,0,0,0,0,0,0,0,0,-1,-11,1
D,42365,0,0,0,0,0,0,0,0,0,-1,-11,1
D,42375,0,0,0,0,0,0,0,0,0,-1,-11,1
D,42385,0,0,0,0,0,0,0,0,0,-1,-11,1
D,42395,0,0,0,0,0,0,0,0,0,-1,-11,1
D,42405,0,0,0,0,0,0,0,0,0,-1,-11,1
D,42415,0,0,0,0,0,0,0,0,0,-1,-11,1
D,42425,0,0,0,0,0,0,0,0,0,-1,-11,1
D,42435,0,0,0,0,0,0,0,0,0,-1,-11,1
D,42445,0,0,0,0,0,0,0,0,0,-1,-11,1
D,42455,0,0,0,0,0,0,0,0,0,-1,-11,1
D,42465,0,0,0,0,0,0,0,0,0,-1,-11,1
D,42475,0,0,0,0,0,0,0,0,0,-1,-11,1
D,42485,0,0,0,0,0,0,0,0,0,-1,-11,1
D,42495,0,0,0,0,0,0,0,0,0,-1,-11,1
D,42505,0,0,0,0,0,0,0,0,0,-1,-11,1
D,42515,0,0,0,0,0,0,0,0,0,-1,-11,1
D,42525,0,0,0,0,0,0,0,0,0,-1,-11,1
D,42535,0,0,0,0,0,0,0,0,0,-1,-11,1
D,42545,0,0,0,0,0,0,0,0,0,-1,-11,1
D,42555,0,0,0,0,0,0,0,0,0,-1,-11,1
D,42565,0,0,0,0,0,0,0,0,0,-1,-11,1
D,42575,0,0,0,0,0,0,0,0,0,-1,-11,1
D,42585,0,0,0,0,0,0,0,0,0,-1,-11,1
D,42595,0,0,0,0,0,0,0,0,0,-1,-11,1
D,42605,0,0,0,0,0,0,0,0,0,-1,-11,1
D,42615,0,0,0,0,0,0,0,0,0,-1,-11,1
D,42625,0,0,0,0,0,0,0,0,0,-1,-11,1
D,42635,0,0,0,0,0,0,0,0,0,-1,-11,1
D,42645,0,0,0,0,0,0,0,0,0,-1,-11,1
D,42655,0,0,0,0,0,0,0,0,0,-1,-11,1
D,42665,0,0,0,0,0,0,0,0,0,-1,-11,1
D,42675,0,0,0,0,0,0,0,0,0,-1,-11,1
D,42685,0,0,0,0,0,0,0,0,0,-1,-11,1
D,42695,0,0,0,0,0,0,0,0,0,-1,-11,1
D,42705,0,0,0,0,0,0,0,0,0,-1,-11,1
D,42715,0,0,0,0,0,0,0,0,0,-1,-11,1
D,42725,0,0,0,0,0,0,0,0,0,-1,-11,1
D,42735,0,0,0,0,0,0,0,0,0,-1,-11,1
D,42745,0,0,0,0,0,0,0,0,0,-1,-11,1
D,42755,0,0,0,0,0,0,0,0,0,-1,-11,1
D,42765,0,0,0,0,0,0,0,0,0,-1,-11,1
D,42775,0,0,0,0,0,0,0,0,0,-1,-11,1
D,42785,0,0,0,0,0,0,0,0,0,-1,-11,1
D,42795,0,0,0,0,0,0,0,0,0,-1,-11,1
D,42805,0,0,0,0,0,0,0,0,0,-1,-11,1
D,42815,0,0,0,0,0,0,0,0,0,-1,-11,1
D,42825,0,0,0,0,0,0,0,0,0,-1,-11,1
D,42835,0,0,0,0,0,0,0,0,0,-1,-11,1
D,42845,0,0,0,0,0,0,0,0,0,-1,-11,1
D,42855,0,0,0,0,0,0,0,0,0,-1,-11,1
D,42865,0,0,0,0,0,0,0,0,0,-1,-11,1
D,42875,0,0,0,0,0,0,0,0,0,-1,-11,1
D,42885,0,0,0,0,0,0,0,0,0,-1,-11,1
D,42895,0,0,0,0,0,0,0,0,0,-1,-11,1
D,42905,0,0,0,0,0,0,0,0,0,-1,-11,1
D,42915,0,0,0,0,0,0,0,0,0,-1,-11,1
D,42925,0,0,0,0,0,0,0,0,0,-1,-11,1
D,42935,0,0,0,0,0,0,0,0,0,-1,-11,1
D,42945,0,0,0,0,0,0,0,0,0,-1,-11,1
D,42955,0,0,0,0,0,0,0,0,0,-1,-11,1
D,42965,0,0,0,0,0,0,0,0,0,-1,-11,1
D,42975,0,0,0,0,0,0,0,0,0,-1,-11,1
D,42985,0,0,0,0,0,0,0,0,0,-1,-11,1
D,42995,0,0,0,0,0,0,0,0,0,-1,-11,1
D,43005,0,0,0,0,0,0,0,0,0,-1,-11,1
D,43015,0,0,0,0,0,0,0,0,0,-1,-11,1
D,43025,0,0,0,0,0,0,0,0,0,-1,-11,1
D,43035,0,0,0,0,0,0,0,0,0,-1,-11,1
D,43045,0,0,0,0,0,0,0,0,0,-1,-11,1
D,43055,0,0,0,0,0,0,0,0,0,-1,-11,1
D,43065,0,0,0,0,0,0,0,0,0,-1,-11,1
D,43075,0,0,0,0,0,0,0,0,0,-1,-11,1
D,43085,0,0,0,0,0,0,0,0,0,-1,-11,1
D,43095,0,0,0,0,0,0,0,0,0,-1,-11,1
D,43105,0,0,0,0,0,0,0,0,0,-1,-11,1
D,43115,0,0,0,0,0,0,0,0,0,-1,-11,1
D,43125,0,0,0,0,0,0,0,0,0,-1,-11,1
D,43135,0,0,0,0,0,0,0,0,0,-1,-11,1
D,43145,0,0,0,0,0,0,0,0,0,-1,-11,1
D,43155,0,0,0,0,0,0,0,0,0,-1,-11,1
D,43165,0,0,0,0,0,0,0,0,0,-1,-11,1
D,43175,0,0,0,0,0,0,0,0,0,-1,-11,1
D,43185,0,0,0,0,0,0,0,0,0,-1,-11,1
D,43195,0,0,0,0,0,0,0,0,0,-1,-11,1
D,43205,0,0,0,0,0,0,0,0,0,-1,-11,1
D,43215,0,0,0,0,0,0,0,0,0,-1,-11,1
D,43225,0,0,0,0,0,0,0,0,0,-1,-11,1
D,43235,0,0,0,0,0,0,0,0,0,-1,-11,1
D,43245,0,0,0,0,0,0,0,0,0,-1,-11,1
D,43255,0,0,0,0,0,0,0,0,0,-1,-11,1
D,43265,0,0,0,0,0,0,0,0,0,-1,-11,1
D,43275,0,0,0,0,0,0,0,0,0,-1,-11,1
D,43285,0,0,0,0,0,0,0,0,0,-1,-11,1
D,43295,0,0,0,0,0,0,0,0,0,-1,-11,1
D,43305,0,0,0,0,0,0,0,0,0,-1,-11,1
D,43315,0,0,0,0,0,0,0,0,0,-1,-11,1
D,43325,0,0,0,0,0,0,0,0,0,-1,-11,1
D,43335,0,0,0,0,0,0,0,0,0,-1,-11,1
D,43345,0,0,0,0,0,0,0,0,0,-1,-11,1
D,43355,0,0,0,0,0,0,0,0,0,-1,-11,1
D,43365,0,0,0,0,0,0,0,0,0,-1,-11,1
D,43375,0,0,0,0,0,0,0,0,0,-1,-11,1
D,43385,0,0,0,0,0,0,0,0,0,-1,-11,1
D,43395,0,0,0,0,0,0,0,0,0,-1,-11,1
D,43405,0,0,0,0,0,0,0,0,0,-1,-11,1
D,43415,0,0,0,0,0,0,0,0,0,-1,-11,1
D,43425,0,0,0,0,0,0,0,0,0,-1,-11,1
D,43435,0,0,0,0,0,0,0,0,0,-1,-11,1
D,43445,0,0,0,0,0,0,0,0,0,-1,-11,1
D,43455,0,0,0,0,0,0,0,0,0,-1,-11,1
D,43465,0,0,0,0,0,0,0,0,0,-1,-11,1
D,43475,0,0,0,0,0,0,0,0,0,-1,-11,1
D,43485,0,0,0,0,0,0,0,0,0,-1,-11,1
D,43495,0,0,0,0,0,0,0,0,0,-1,-11,1
D,43505,0,0,0,0,0,0,0,0,0,-1,-11,1
D,43515,0,0,0,0,0,0,0,0,0,-1,-11,1
D,43525,0,0,0,0,0,0,0,0,0,-1,-11,1
D,43535,0,0,0,0,0,0,0,0,0,-1,-11,1
D,43545,0,0,0,0,0,0,0,0,0,-1,-11,1
D,43555,0,0,0,0,0,0,0,0,0,-1,-11,1
D,43565,0,0,0,0,0,0,0,0,0,-1,-11,1
D,43575,0,0,0,0,0,0,0,0,0,-1,-11,1
D,43585,0,0,0,0,0,0,0,0,0,-1,-11,1
D,43595,0,0,0,0,0,0,0,0,0,-1,-11,1
D,43605,0,0,0,0,0,0,0,0,0,-1,-11,1
D,43615,0,0,0,0,0,0,0,0,0,-1,-11,1
D,43625,0,0,0,0,0,0,0,0,0,-1,-11,1
D,43635,0,0,0,0,0,0,0,0,0,-1,-11,1
D,43645,0,0,0,0,0,0,0,0,0,-1,-11,1
D,43655,0,0,0,0,0,0,0,0,0,-1,-11,1
D,43665,0,0,0,0,0,0,0,0,0,-1,-11,1
D,43675,0,0,0,0,0,0,0,0,0,-1,-11,1
D,43685,0,0,0,0,0,0,0,0,0,-1,-11,1
D,43695,0,0,0,0,0,0,0,0,0,-1,-11,1
D,43705,0,0,0,0,0,0,0,0,0,-1,-11,1
D,43715,0,0,0,0,0,0,0,0,0,-1,-11,1
D,43725,0,0,0,0,0,0,0,0,0,-1,-11,1
D,43735,0,0,0,0,0,0,0,0,0,-1,-11,1
D,43745,0,0,0,0,0,0,0,0,0,-1,-11,1
D,43755,0,0,0,0,0,0,0,0,0,-1,-11,1
D,43765,0,0,0,0,0,0,0,0,0,-1,-11,1
D,43775,0,0,0,0,0,0,0,0,0,-1,-11,1
D,43785,0,0,0,0,0,0,0,0,0,-1,-11,1
D,43795,0,0,0,0,0,0,0,0,0,-1,-11,1
D,43805,0,0,0,0,0,0,0,0,0,-1,-11,1
D,43815,0,0,0,0,0,0,0,0,0,-1,-11,1
D,43825,0,0,0,0,0,0,0,0,0,-1,-11,1
D,43835,0,0,0,0,0,0,0,0,0,-1,-11,1
D,43845,0,0,0,0,0,0,0,0,0,-1,-11,1
D,43855,0,0,0,0,0,0,0,0,0,-1,-11,1
D,43865,0,0,0,0,0,0,0,0,0,-1,-11,1
D,43875,0,0,0,0,0,0,0,0,0,-1,-11,1
D,43885,0,0,0,0,0,0,0,0,0,-1,-11,1
D,43895,0,0,0,0,0,0,0,0,0,-1,-11,1
D,43905,0,0,0,0,0,0,0,0,0,-1,-11,1
D,43915,0,0,0,0,0,0,0,0,0,-1,-11,1
D,43925,0,0,0,0,0,0,0,0,0,-1,-11,1
D,43935,0,0,0,0,0,0,0,0,0,-1,-11,1
D,43945,0,0,0,0,0,0,0,0,0,-1,-11,1
D,43955,0,0,0,0,0,0,0,0,0,-1,-11,1
D,43965,0,0,0,0,0,0,0,0,0,-1,-11,1
D,43975,0,0,0,0,0,0,0,0,0,-1,-11,1
D,43985,0,0,0,0,0,0,0,0,0,-1,-11,1
D,43995,0,0,0,0,0,0,0,0,0,-1,-11,1
D,44005,0,0,0,0,0,0,0,0,0,-1,-11,1
D,44015,0,0,0,0,0,0,0,0,0,-1,-11,1
D,44025,0,0,0,0,0,0,0,0,0,-1,-11,1
D,44035,0,0,0,0,0,0,0,0,0,-1,-11,1
D,44045,0,0,0,0,0,0,0,0,0,-1,-11,1
D,44055,0,0,0,0,0,0,0,0,0,-1,-11,1
D,44065,0,0,0,0,0,0,0,0,0,-1,-11,1
D,44075,0,0,0,0,0,0,0,0,0,-1,-11,1
D,44085,0,0,0,0,0,0,0,0,0,-1,-11,1
D,44095,0,0,0,0,0,0,0,0,0,-1,-11,1
D,44105,0,0,0,0,0,0,0,0,0,-1,-11,1
D,44115,0,0,0,0,0,0,0,0,0,-1,-11,1
D,44125,0,0,0,0,0,0,0,0,0,-1,-11,1
D,44135,0,0,0,0,0,0,0,0,0,-1,-11,1
D,44145,0,0,0,0,0,0,0,0,0,-1,-11,1
D,44155,0,0,0,0,0,0,0,0,0,-1,-11,1
D,44165,0,0,0,0,0,0,0,0,0,-1,-11,1
D,44175,0,0,0,0,0,0,0,0,0,-1,-11,1
D,44185,0,0,0,0,0,0,0,0,0,-1,-11,1
D,44195,0,0,0,0,0,0,0,0,0,-1,-11,1
D,44205,0,0,0,0,0,0,0,0,0,-1,-11,1
D,44215,0,0,0,0,0,0,0,0,0,-1,-11,1
D,44225,0,0,0,0,0,0,0,0,0,-1,-11,1
D,44235,0,0,0,0,0,0,0,0,0,-1,-11,1
D,44245,0,0,0,0,0,0,0,0,0,-1,-11,1
D,44255,0,0,0,0,0,0,0,0,0,-1,-11,1
D,44265,0,0,0,0,0,0,0,0,0,-1,-11,1
D,44275,0,0,0,0,0,0,0,0,0,-1,-11,1
D,44285,0,0,0,0,0,0,0,0,0,-1,-11,1
D,44295,0,0,0,0,0,0,0,0,0,-1,-11,1
D,44305,0,0,0,0,0,0,0,0,0,-1,-11,1
D,44315,0,0,0,0,0,0,0,0,0,-1,-11,1
D,44325,0,0,0,0,0,0,0,0,0,-1,-11,1
D,44335,0,0,0,0,0,0,0,0,0,-1,-11,1
D,44345,0,0,0,0,0,0,0,0,0,-1,-11,1
D,44355,0,0,0,0,0,0,0,0,0,-1,-11,1
D,44365,0,0,0,0,0,0,0,0,0,-1,-11,1
D,44375,0,0,0,0,0,0,0,0,0,-1,-11,1
D,44385,0,0,0,0,0,0,0,0,0,-1,-11,1
D,44395,0,0,0,0,0,0,0,0,0,-1,-11,1
D,44405,0,0,0,0,0,0,0,0,0,-1,-11,1
D,44415,0,0,0,0,0,0,0,0,0,-1,-11,1
D,44425,0,0,0,0,0,0,0,0,0,-1,-11,1
D,44435,0,0,0,0,0,0,0,0,0,-1,-11,1
D,44445,0,0,0,0,0,0,0,0,0,-1,-11,1
D,44455,0,0,0,0,0,0,0,0,0,-1,-11,1
D,44465,0,0,0,0,0,0,0,0,0,-1,-11,1
D,44475,0,0,0,0,0,0,0,0,0,-1,-11,1
D,44485,0,0,0,0,0,0,0,0,0,-1,-11,1
D,44495,0,0,0,0,0,0,0,0,0,-1,-11,1
D,44505,0,0,0,0,0,0,0,0,0,-1,-11,1
D,44515,0,0,0,0,0,0,0,0,0,-1,-11,1
D,44525,0,0,0,0,0,0,0,0,0,-1,-11,1
D,44535,0,0,0,0,0,0,0,0,0,-1,-11,1
D,44545,0,0,0,0,0,0,0,0,0,-1,-11,1
D,44555,0,0,0,0,0,0,0,0,0,-1,-11,1
D,44565,0,0,0,0,0,0,0,0,0,-1,-11,1
D,44575,0,0,0,0,0,0,0,0,0,-1,-11,1
D,44585,0,0,0,0,0,0,0,0,0,-1,-11,1
D,44595,0,0,0,0,0,0,0,0,0,-1,-11,1
D,44605,0,0,0,0,0,0,0,0,0,-1,-11,1
D,44615,0,0,0,0,0,0,0,0,0,-1,-11,1
D,44625,0,0,0,0,0,0,0,0,0,-1,-11,1
D,44635,0,0,0,0,0,0,0,0,0,-1,-11,1
D,44645,0,0,0,0,0,0,0,0,0,-1,-11,1
D,44655,0,0,0,0,0,0,0,0,0,-1,-11,1
D,44665,0,0,0,0,0,0,0,0,0,-1,-11,1
D,44675,0,0,0,0,0,0,0,0,0,-1,-11,1
D,44685,0,0,0,0,0,0,0,0,0,-1,-11,1
D,44695,0,0,0,0,0,0,0,0,0,-1,-11,1
D,44705,0,0,0,0,0,0,0,0,0,-1,-11,1
D,44715,0,0,0,0,0,0,0,0,0,-1,-11,1
D,44725,0,0,0,0,0,0,0,0,0,-1,-11,1
D,44735,0,0,0,0,0,0,0,0,0,-1,-11,1
D,44745,0,0,0,0,0,0,0,0,0,-1,-11,1
D,44755,0,0,0,0,0,0,0,0,0,-1,-11,1
D,44765,0,0,0,0,0,0,0,0,0,-1,-11,1
D,44775,0,0,0,0,0,0,0,0,0,-1,-11,1
D,44785,0,0,0,0,0,0,0,0,0,-1,-11,1
D,44795,0,0,0,0,0,0,0,0,0,-1,-11,1
D,44805,0,0,0,0,0,0,0,0,0,-1,-11,1
D,44815,0,0,0,0,0,0,0,0,0,-1,-11,1
D,44825,0,0,0,0,0,0,0,0,0,-1,-11,1
D,44835,0,0,0,0,0,0,0,0,0,-1,-11,1
D,44845,0,0,0,0,0,0,0,0,0,-1,-11,1
D,44855,0,0,0,0,0,0,0,0,0,-1,-11,1
D,44865,0,0,0,0,0,0,0,0,0,-1,-11,1
D,44875,0,0,0,0,0,0,0,0,0,-1,-11,1
D,44885,0,0,0,0,0,0,0,0,0,-1,-11,1
D,44895,0,0,0,0,0,0,0,0,0,-1,-11,1
D,44905,0,0,0,0,0,0,0,0,0,-1,-11,1
D,44915,0,0,0,0,0,0,0,0,0,-1,-11,1
D,44925,0,0,0,0,0,0,0,0,0,-1,-11,1
D,44935,0,0,0,0,0,0,0,0,0,-1,-11,1
D,44945,0,0,0,0,0,0,0,0,0,-1,-11,1
D,44955,0,0,0,0,0,0,0,0,0,-1,-11,1
D,44965,0,0,0,0,0,0,0,0,0,-1,-11,1
D,44975,0,0,0,0,0,0,0,0,0,-1,-11,1
D,44985,0,0,0,0,0,0,0,0,0,-1,-11,1
D,44995,0,0,0,0,0,0,0,0,0,-1,-11,1
D,45005,0,0,0,0,0,0,0,0,0,-1,-11,1
D,45015,0,0,0,0,0,0,0,0,0,-1,-11,1
D,45025,0,0,0,0,0,0,0,0,0,-1,-11,1
D,45035,0,0,0,0,0,0,0,0,0,-1,-11,1
D,45045,0,0,0,0,0,0,0,0,0,-1,-11,1
D,45055,0,0,0,0,0,0,0,0,0,-1,-11,1
D,45065,0,0,0,0,0,0,0,0,0,-1,-11,1
D,45075,0,0,0,0,0,0,0,0,0,-1,-11,1
D,45085,0,0,0,0,0,0,0,0,0,-1,-11,1
D,45095,0,0,0,0,0,0,0,0,0,-1,-11,1
D,45105,0,0,0,0,0,0,0,0,0,-1,-11,1
D,45115,0,0,0,0,0,0,0,0,0,-1,-11,1
D,45125,0,0,0,0,0,0,0,0,0,-1,-11,1
D,45135,0,0,0,0,0,0,0,0,0,-1,-11,1
D,45145,0,0,0,0,0,0,0,0,0,-1,-11,1
D,45155,0,0,0,0,0,0,0,0,0,-1,-11,1
D,45165,0,0,0,0,0,0,0,0,0,-1,-11,1
D,45175,0,0,0,0,0,0,0,0,0,-1,-11,1
D,45185,0,0,0,0,0,0,0,0,0,-1,-11,1
D,45195,0,0,0,0,0,0,0,0,0,-1,-11,1
D,45205,0,0,0,0,0,0,0,0,0,-1,-11,1
D,45215,0,0,0,0,0,0,0,0,0,-1,-11,1
D,45225,0,0,0,0,0,0,0,0,0,-1,-11,1
D,45235,0,0,0,0,0,0,0,0,0,-1,-11,1
D,45245,0,0,0,0,0,0,0,0,0,-1,-11,1
D,45255,0,0,0,0,0,0,0,0,0,-1,-11,1
D,45265,0,0,0,0,0,0,0,0,0,-1,-11,1
D,45275,0,0,0,0,0,0,0,0,0,-1,-11,1
D,45285,0,0,0,0,0,0,0,0,0,-1,-11,1
D,45295,0,0,0,0,0,0,0,0,0,-1,-11,1
D,45305,0,0,0,0,0,0,0,0,0,-1,-11,1
D,45315,0,0,0,0,0,0,0,0,0,-1,-11,1
D,45325,0,0,0,0,0,0,0,0,0,-1,-11,1
D,45335,0,0,0,0,0,0,0,0,0,-1,-11,1
D,45345,0,0,0,0,0,0,0,0,0,-1,-11,1
D,45355,0,0,0,0,0,0,0,0,0,-1,-11,1
D,45365,0,0,0,0,0,0,0,0,0,-1,-11,1
D,45375,0,0,0,0,0,0,0,0,0,-1,-11,1
D,45385,0,0,0,0,0,0,0,0,0,-1,-11,1
D,45395,0,0,0,0,0,0,0,0,0,-1,-11,1
D,45405,0,0,0,0,0,0,0,0,0,-1,-11,1
D,45415,0,0,0,0,0,0,0,0,0,-1,-11,1
D,45425,0,0,0,0,0,0,0,0,0,-1,-11,1
D,45435,0,0,0,0,0,0,0,0,0,-1,-11,1
D,45445,0,0,0,0,0,0,0,0,0,-1,-11,1
D,45455,0,0,0,0,0,0,0,0,0,-1,-11,1
D,45465,0,0,0,0,0,0,0,0,0,-1,-11,1
D,45475,0,0,0,0,0,0,0,0,0,-1,-11,1
D,45485,0,0,0,0,0,0,0,0,0,-1,-11,1
D,45495,0,0,0,0,0,0,0,0,0,-1,-11,1
D,45505,0,0,0,0,0,0,0,0,0,-1,-11,1
D,45515,0,0,0,0,0,0,0,0,0,-1,-11,1
D,45525,0,0,0,0,0,0,0,0,0,-1,-11,1
D,45535,0,0,0,0,0,0,0,0,0,-1,-11,1
D,45545,0,0,0,0,0,0,0,0,0,-1,-11,1
D,45555,0,0,0,0,0,0,0,0,0,-1,-11,1
D,45565,0,0,0,0,0,0,0,0,0,-1,-11,1
D,45575,0,0,0,0,0,0,0,0,0,-1,-11,1
D,45585,0,0,0,0,0,0,0,0,0,-1,-11,1
D,45595,0,0,0,0,0,0,0,0,0,-1,-11,1
D,45605,0,0,0,0,0,0,0,0,0,-1,-11,1
D,45615,0,0,0,0,0,0,0,0,0,-1,-11,1
D,45625,0,0,0,0,0,0,0,0,0,-1,-11,1
D,45635,0,0,0,0,0,0,0,0,0,-1,-11,1
D,45645,0,0,0,0,0,0,0,0,0,-1,-11,1
D,45655,0,0,0,0,0,0,0,0,0,-1,-11,1
D,45665,0,0,0,0,0,0,0,0,0,-1,-11,1
D,45675,0,0,0,0,0,0,0,0,0,-1,-11,1
D,45685,0,0,0,0,0,0,0,0,0,-1,-11,1
D,45695,0,0,0,0,0,0,0,0,0,-1,-11,1
D,45705,0,0,0,0,0,0,0,0,0,-1,-11,1
D,45715,0,0,0,0,0,0,0,0,0,-1,-11,1
D,45725,0,0,0,0,0,0,0,0,0,-1,-11,1
D,45735,0,0,0,0,0,0,0,0,0,-1,-11,1
D,45745,0,0,0,0,0,0,0,0,0,-1,-11,1
D,45755,0,0,0,0,0,0,0,0,0,-1,-11,1
D,45765,0,0,0,0,0,0,0,0,0,-1,-11,1
D,45775,0,0,0,0,0,0,0,0,0,-1,-11,1
D,45785,0,0,0,0,0,0,0,0,0,-1,-11,1
D,45795,0,0,0,0,0,0,0,0,0,-1,-11,1
D,45805,0,0,0,0,0,0,0,0,0,-1,-11,1
D,45815,0,0,0,0,0,0,0,0,0,-1,-11,1
D,45825,0,0,0,0,0,0,0,0,0,-1,-11,1
D,45835,0,0,0,0,0,0,0,0,0,-1,-11,1
D,45845,0,0,0,0,0,0,0,0,0,-1,-11,1
D,45855,0,0,0,0,0,0,0,0,0,-1,-11,1
D,45865,0,0,0,0,0,0,0,0,0,-1,-11,1
D,45875,0,0,0,0,0,0,0,0,0,-1,-11,1
D,45885,0,0,0,0,0,0,0,0,0,-1,-11,1
D,45895,0,0,0,0,0,0,0,0,0,-1,-11,1
D,45905,0,0,0,0,0,0,0,0,0,-1,-11,1
D,45915,0,0,0,0,0,0,0,0,0,-1,-11,1
D,45925,0,0,0,0,0,0,0,0,0,-1,-11,1
D,45935,0,0,0,0,0,0,0,0,0,-1,-11,1
D,45945,0,0,0,0,0,0,0,0,0,-1,-11,1
D,45955,0,0,0,0,0,0,0,0,0,-1,-11,1
D,45965,0,0,0,0,0,0,0,0,0,-1,-11,1
D,45975,0,0,0,0,0,0,0,0,0,-1,-11,1
D,45985,0,0,0,0,0,0,0,0,0,-1,-11,1
D,45995,0,0,0,0,0,0,0,0,0,-1,-11,1
D,46005,0,0,0,0,0,0,0,0,0,-1,-11,1
D,46015,0,0,0,0,0,0,0,0,0,-1,-11,1
D,46025,0,0,0,0,0,0,0,0,0,-1,-11,1
D,46035,0,0,0,0,0,0,0,0,0,-1,-11,1
D,46045,0,0,0,0,0,0,0,0,0,-1,-11,1
D,46055,0,0,0,0,0,0,0,0,0,-1,-11,1
D,46065,0,0,0,0,0,0,0,0,0,-1,-11,1
D,46075,0,0,0,0,0,0,0,0,0,-1,-11,1
D,46085,0,0,0,0,0,0,0,0,0,-1,-11,1
D,46095,0,0,0,0,0,0,0,0,0,-1,-11,1
D,46105,0,0,0,0,0,0,0,0,0,-1,-11,1
D,46115,0,0,0,0,0,0,0,0,0,-1,-11,1
D,46125,0,0,0,0,0,0,0,0,0,-1,-11,1
D,46135,0,0,0,0,0,0,0,0,0,-1,-11,1
D,46145,0,0,0,0,0,0,0,0,0,-1,-11,1
D,46155,0,0,0,0,0,0,0,0,0,-1,-11,1
D,46165,0,0,0,0,0,0,0,0,0,-1,-11,1
D,46175,0,0,0,0,0,0,0,0,0,-1,-11,1
D,46185,0,0,0,0,0,0,0,0,0,-1,-11,1
D,46195,0,0,0,0,0,0,0,0,0,-1,-11,1
D,46205,0,0,0,0,0,0,0,0,0,-1,-11,1
D,46215,0,0,0,0,0,0,0,0,0,-1,-11,1
D,46225,0,0,0,0,0,0,0,0,0,-1,-11,1
D,46235,0,0,0,0,0,0,0,0,0,-1,-11,1
D,46245,0,0,0,0,0,0,0,0,0,-1,-11,1
D,46255,0,0,0,0,0,0,0,0,0,-1,-11,1
D,46265,0,0,0,0,0,0,0,0,0,-1,-11,1
D,46275,0,0,0,0,0,0,0,0,0,-1,-11,1
D,46285,0,0,0,0,0,0,0,0,0,-1,-11,1
D,46295,0,0,0,0,0,0,0,0,0,-1,-11,1
D,46305,0,0,0,0,0,0,0,0,0,-1,-11,1
D,46315,0,0,0,0,0,0,0,0,0,-1,-11,1
D,46325,0,0,0,0,0,0,0,0,0,-1,-11,1
D,46335,0,0,0,0,0,0,0,0,0,-1,-11,1
D,46345,0,0,0,0,0,0,0,0,0,-1,-11,1
D,46355,0,0,0,0,0,0,0,0,0,-1,-11,1
D,46365,0,0,0,0,0,0,0,0,0,-1,-11,1
D,46375,0,0,0,0,0,0,0,0,0,-1,-11,1
D,46385,0,0,0,0,0,0,0,0,0,-1,-11,1
D,46395,0,0,0,0,0,0,0,0,0,-1,-11,1
D,46405,0,0,0,0,0,0,0,0,0,-1,-11,1
D,46415,0,0,0,0,0,0,0,0,0,-1,-11,1
D,46425,0,0,0,0,0,0,0,0,0,-1,-11,1
D,46435,0,0,0,0,0,0,0,0,0,-1,-11,1
D,46445,0,0,0,0,0,0,0,0,0,-1,-11,1
D,46455,0,0,0,0,0,0,0,0,0,-1,-11,1
D,46465,0,0,0,0,0,0,0,0,0,-1,-11,1
D,46475,0,0,0,0,0,0,0,0,0,-1,-11,1
D,46485,0,0,0,0,0,0,0,0,0,-1,-11,1
D,46495,0,0,0,0,0,0,0,0,0,-1,-11,1
D,46505,0,0,0,0,0,0,0,0,0,-1,-11,1
D,46515,0,0,0,0,0,0,0,0,0,-1,-11,1
D,46525,0,0,0,0,0,0,0,0,0,-1,-11,1
D,46535,0,0,0,0,0,0,0,0,0,-1,-11,1
D,46545,0,0,0,0,0,0,0,0,0,-1,-11,1
D,46555,0,0,0,0,0,0,0,0,0,-1,-11,1
D,46565,0,0,0,0,0,0,0,0,0,-1,-11,1
D,46575,0,0,0,0,0,0,0,0,0,-1,-11,1
D,46585,0,0,0,0,0,0,0,0,0,-1,-11,1
D,46595,0,0,0,0,0,0,0,0,0,-1,-11,1
D,46605,0,0,0,0,0,0,0,0,0,-1,-11,1
D,46615,0,0,0,0,0,0,0,0,0,-1,-11,1
D,46625,0,0,0,0,0,0,0,0,0,-1,-11,1
D,46635,0,0,0,0,0,0,0,0,0,-1,-11,1
D,46645,0,0,0,0,0,0,0,0,0,-1,-11,1
D,46655,0,0,0,0,0,0,0,0,0,-1,-11,1
D,46665,0,0,0,0,0,0,0,0,0,-1,-11,1
D,46675,0,0,0,0,0,0,0,0,0,-1,-11,1
D,46685,0,0,0,0,0,0,0,0,0,-1,-11,1
D,46695,0,0,0,0,0,0,0,0,0,-1,-11,1
D,46705,0,0,0,0,0,0,0,0,0,-1,-11,1
D,46715,0,0,0,0,0,0,0,0,0,-1,-11,1
D,46725,0,0,0,0,0,0,0,0,0,-1,-11,1
D,46735,0,0,0,0,0,0,0,0,0,-1,-11,1
D,46745,0,0,0,0,0,0,0,0,0,-1,-11,1
D,46755,0,0,0,0,0,0,0,0,0,-1,-11,1
D,46765,0,0,0,0,0,0,0,0,0,-1,-11,1
D,46775,0,0,0,0,0,0,0,0,0,-1,-11,1
D,46785,0,0,0,0,0,0,0,0,0,-1,-11,1
D,46795,0,0,0,0,0,0,0,0,0,-1,-11,1
D,46805,0,0,0,0,0,0,0,0,0,-1,-11,1
D,46815,0,0,0,0,0,0,0,0,0,-1,-11,1
D,46825,0,0,0,0,0,0,0,0,0,-1,-11,1
D,46835,0,0,0,0,0,0,0,0,0,-1,-11,1
D,46845,0,0,0,0,0,0,0,0,0,-1,-11,1
D,46855,0,0,0,0,0,0,0,0,0,-1,-11,1
D,46865,0,0,0,0,0,0,0,0,0,-1,-11,1
D,46875,0,0,0,0,0,0,0,0,0,-1,-11,1
D,46885,0,0,0,0,0,0,0,0,0,-1,-11,1
D,46895,0,0,0,0,0,0,0,0,0,-1,-11,1
D,46905,0,0,0,0,0,0,0,0,0,-1,-11,1
D,46915,0,0,0,0,0,0,0,0,0,-1,-11,1
D,46925,0,0,0,0,0,0,0,0,0,-1,-11,1
D,46935,0,0,0,0,0,0,0,0,0,-1,-11,1
D,46945,0,0,0,0,0,0,0,0,0,-1,-11,1
D,46955,0,0,0,0,0,0,0,0,0,-1,-11,1
D,46965,0,0,0,0,0,0,0,0,0,-1,-11,1
D,46975,0,0,0,0,0,0,0,0,0,-1,-11,1
D,46985,0,0,0,0,0,0,0,0,0,-1,-11,1
D,46995,0,0,0,0,0,0,0,0,0,-1,-11,1
D,47005,0,0,0,0,0,0,0,0,0,-1,-11,1
D,47015,0,0,0,0,0,0,0,0,0,-1,-11,1
D,47025,0,0,0,0,0,0,0,0,0,-1,-11,1
D,47035,0,0,0,0,0,0,0,0,0,-1,-11,1
D,47045,0,0,0,0,0,0,0,0,0,-1,-11,1
D,47055,0,0,0,0,0,0,0,0,0,-1,-11,1
D,47065,0,0,0,0,0,0,0,0,0,-1,-11,1
D,47075,0,0,0,0,0,0,0,0,0,-1,-11,1
D,47085,0,0,0,0,0,0,0,0,0,-1,-11,1
D,47095,0,0,0,0,0,0,0,0,0,-1,-11,1
D,47105,0,0,0,0,0,0,0,0,0,-1,-11,1
D,47115,0,0,0,0,0,0,0,0,0,-1,-11,1
D,47125,0,0,0,0,0,0,0,0,0,-1,-11,1
D,47135,0,0,0,0,0,0,0,0,0,-1,-11,1
D,47145,0,0,0,0,0,0,0,0,0,-1,-11,1
D,47155,0,0,0,0,0,0,0,0,0,-1,-11,1
D,47165,0,0,0,0,0,0,0,0,0,-1,-11,1
D,47175,0,0,0,0,0,0,0,0,0,-1,-11,1
D,47185,0,0,0,0,0,0,0,0,0,-1,-11,1
D,47195,0,0,0,0,0,0,0,0,0,-1,-11,1
D,47205,0,0,0,0,0,0,0,0,0,-1,-11,1
D,47215,0,0,0,0,0,0,0,0,0,-1,-11,1
D,47225,0,0,0,0,0,0,0,0,0,-1,-11,1
D,47235,0,0,0,0,0,0,0,0,0,-1,-11,1
D,47245,0,0,0,0,0,0,0,0,0,-1,-11,1
D,47255,0,0,0,0,0,0,0,0,0,-1,-11,1
D,47265,0,0,0,0,0,0,0,0,0,-1,-11,1
D,47275,0,0,0,0,0,0,0,0,0,-1,-11,1
D,47285,0,0,0,0,0,0,0,0,0,-1,-11,1
D,47295,0,0,0,0,0,0,0,0,0,-1,-11,1
D,47305,0,0,0,0,0,0,0,0,0,-1,-11,1
D,47315,0,0,0,0,0,0,0,0,0,-1,-11,1
D,47325,0,0,0,0,0,0,0,0,0,-1,-11,1
D,47335,0,0,0,0,0,0,0,0,0,-1,-11,1
D,47345,0,0,0,0,0,0,0,0,0,-1,-11,1
D,47355,0,0,0,0,0,0,0,0,0,-1,-11,1
D,47365,0,0,0,0,0,0,0,0,0,-1,-11,1
D,47375,0,0,0,0,0,0,0,0,0,-1,-11,1
D,47385,0,0,0,0,0,0,0,0,0,-1,-11,1
D,47395,0,0,0,0,0,0,0,0,0,-1,-11,1
D,47405,0,0,0,0,0,0,0,0,0,-1,-11,1
D,47415,0,0,0,0,0,0,0,0,0,-1,-11,1
D,47425,0,0,0,0,0,0,0,0,0,-1,-11,1
D,47435,0,0,0,0,0,0,0,0,0,-1,-11,1
D,47445,0,0,0,0,0,0,0,0,0,-1,-11,1
D,47455,0,0,0,0,0,0,0,0,0,-1,-11,1
D,47465,0,0,0,0,0,0,0,0,0,-1,-11,1
D,47475,0,0,0,0,0,0,0,0,0,-1,-11,1
D,47485,0,0,0,0,0,0,0,0,0,-1,-11,1
D,47495,0,0,0,0,0,0,0,0,0,-1,-11,1
D,47505,0,0,0,0,0,0,0,0,0,-1,-11,1
D,47515,0,0,0,0,0,0,0,0,0,-1,-11,1
D,47525,0,0,0,0,0,0,0,0,0,-1,-11,1
D,47535,0,0,0,0,0,0,0,0,0,-1,-11,1
D,47545,0,0,0,0,0,0,0,0,0,-1,-11,1
D,47555,0,0,0,0,0,0,0,0,0,-1,-11,1
D,47565,0,0,0,0,0,0,0,0,0,-1,-11,1
D,47575,0,0,0,0,0,0,0,0,0,-1,-11,1
D,47585,0,0,0,0,0,0,0,0,0,-1,-11,1
D,47595,0,0,0,0,0,0,0,0,0,-1,-11,1
D,47605,0,0,0,0,0,0,0,0,0,-1,-11,1
D,47615,0,0,0,0,0,0,0,0,0,-1,-11,1
D,47625,0,0,0,0,0,0,0,0,0,-1,-11,1
D,47635,0,0,0,0,0,0,0,0,0,-1,-11,1
D,47645,0,0,0,0,0,0,0,0,0,-1,-11,1
D,47655,0,0,0,0,0,0,0,0,0,-1,-11,1
D,47665,0,0,0,0,0,0,0,0,0,-1,-11,1
D,47675,0,0,0,0,0,0,0,0,0,-1,-11,1
D,47685,0,0,0,0,0,0,0,0,0,-1,-11,1
D,47695,0,0,0,0,0,0,0,0,0,-1,-11,1
D,47705,0,0,0,0,0,0,0,0,0,-1,-11,1
D,47715,0,0,0,0,0,0,0,0,0,-1,-11,1
D,47725,0,0,0,0,0,0,0,0,0,-1,-11,1
D,47735,0,0,0,0,0,0,0,0,0,-1,-11,1
D,47745,0,0,0,0,0,0,0,0,0,-1,-11,1
D,47755,0,0,0,0,0,0,0,0,0,-1,-11,1
D,47765,0,0,0,0,0,0,0,0,0,-1,-11,1
D,47775,0,0,0,0,0,0,0,0,0,-1,-11,1
D,47785,0,0,0,0,0,0,0,0,0,-1,-11,1
D,47795,0,0,0,0,0,0,0,0,0,-1,-11,1
D,47805,0,0,0,0,0,0,0,0,0,-1,-11,1
D,47815,0,0,0,0,0,0,0,0,0,-1,-11,1
D,47825,0,0,0,0,0,0,0,0,0,-1,-11,1
D,47835,0,0,0,0,0,0,0,0,0,-1,-11,1
D,47845,0,0,0,0,0,0,0,0,0,-1,-11,1
D,47855,0,0,0,0,0,0,0,0,0,-1,-11,1
D,47865,0,0,0,0,0,0,0,0,0,-1,-11,1
D,47875,0,0,0,0,0,0,0,0,0,-1,-11,1
D,47885,0,0,0,0,0,0,0,0,0,-1,-11,1
D,47895,0,0,0,0,0,0,0,0,0,-1,-11,1
D,47905,0,0,0,0,0,0,0,0,0,-1,-11,1
D,47915,0,0,0,0,0,0,0,0,0,-1,-11,1
D,47925,0,0,0,0,0,0,0,0,0,-1,-11,1
D,47935,0,0,0,0,0,0,0,0,0,-1,-11,1
D,47945,0,0,0,0,0,0,0,0,0,-1,-11,1
D,47955,0,0,0,0,0,0,0,0,0,-1,-11,1
D,47965,0,0,0,0,0,0,0,0,0,-1,-11,1
D,47975,0,0,0,0,0,0,0,0,0,-1,-11,1
D,47985,0,0,0,0,0,0,0,0,0,-1,-11,1
D,47995,0,0,0,0,0,0,0,0,0,-1,-11,1
D,48005,0,0,0,0,0,0,0,0,0,-1,-11,1
D,48015,0,0,0,0,0,0,0,0,0,-1,-11,1
D,48025,0,0,0,0,0,0,0,0,0,-1,-11,1
D,48035,0,0,0,0,0,0,0,0,0,-1,-11,1
D,48045,0,0,0,0,0,0,0,0,0,-1,-11,1
D,48055,0,0,0,0,0,0,0,0,0,-1,-11,1
D,48065,0,0,0,0,0,0,0,0,0,-1,-11,1
D,48075,0,0,0,0,0,0,0,0,0,-1,-11,1
D,48085,0,0,0,0,0,0,0,0,0,-1,-11,1
D,48095,0,0,0,0,0,0,0,0,0,-1,-11,1
D,48105,0,0,0,0,0,0,0,0,0,-1,-11,1
D,48115,0,0,0,0,0,0,0,0,0,-1,-11,1
D,48125,0,0,0,0,0,0,0,0,0,-1,-11,1
D,48135,0,0,0,0,0,0,0,0,0,-1,-11,1
D,48145,0,0,0,0,0,0,0,0,0,-1,-11,1
D,48155,0,0,0,0,0,0,0,0,0,-1,-11,1
D,48165,0,0,0,0,0,0,0,0,0,-1,-11,1
D,48175,0,0,0,0,0,0,0,0,0,-1,-11,1
D,48185,0,0,0,0,0,0,0,0,0,-1,-11,1
D,48195,0,0,0,0,0,0,0,0,0,-1,-11,1
D,48205,0,0,0,0,0,0,0,0,0,-1,-11,1
D,48215,0,0,0,0,0,0,0,0,0,-1,-11,1
D,48225,0,0,0,0,0,0,0,0,0,-1,-11,1
D,48235,0,0,0,0,0,0,0,0,0,-1,-11,1
D,48245,0,0,0,0,0,0,0,0,0,-1,-11,1
D,48255,0,0,0,0,0,0,0,0,0,-1,-11,1
D,48265,0,0,0,0,0,0,0,0,0,-1,-11,1
D,48275,0,0,0,0,0,0,0,0,0,-1,-11,1
D,48285,0,0,0,0,0,0,0,0,0,-1,-11,1
D,48295,0,0,0,0,0,0,0,0,0,-1,-11,1
D,48305,0,0,0,0,0,0,0,0,0,-1,-11,1
D,48315,0,0,0,0,0,0,0,0,0,-1,-11,1
D,48325,0,0,0,0,0,0,0,0,0,-1,-11,1
D,48335,0,0,0,0,0,0,0,0,0,-1,-11,1
D,48345,0,0,0,0,0,0,0,0,0,-1,-11,1
D,48355,0,0,0,0,0,0,0,0,0,-1,-11,1
D,48365,0,0,0,0,0,0,0,0,0,-1,-11,1
D,48375,0,0,0,0,0,0,0,0,0,-1,-11,1
D,48385,0,0,0,0,0,0,0,0,0,-1,-11,1
D,48395,0,0,0,0,0,0,0,0,0,-1,-11,1
D,48405,0,0,0,0,0,0,0,0,0,-1,-11,1
D,48415,0,0,0,0,0,0,0,0,0,-1,-11,1
D,48425,0,0,0,0,0,0,0,0,0,-1,-11,1
D,48435,0,0,0,0,0,0,0,0,0,-1,-11,1
D,48445,0,0,0,0,0,0,0,0,0,-1,-11,1
D,48455,0,0,0,0,0,0,0,0,0,-1,-11,1
D,48465,0,0,0,0,0,0,0,0,0,-1,-11,1
D,48475,0,0,0,0,0,0,0,0,0,-1,-11,1
D,48485,0,0,0,0,0,0,0,0,0,-1,-11,1
D,48495,0,0,0,0,0,0,0,0,0,-1,-11,1
D,48505,0,0,0,0,0,0,0,0,0,-1,-11,1
D,48515,0,0,0,0,0,0,0,0,0,-1,-11,1
D,48525,0,0,0,0,0,0,0,0,0,-1,-11,1
D,48535,0,0,0,0,0,0,0,0,0,-1,-11,1
D,48545,0,0,0,0,0,0,0,0,0,-1,-11,1
D,48555,0,0,0,0,0,0,0,0,0,-1,-11,1
D,48565,0,0,0,0,0,0,0,0,0,-1,-11,1
D,48575,0,0,0,0,0,0,0,0,0,-1,-11,1
D,48585,0,0,0,0,0,0,0,0,0,-1,-11,1
D,48595,0,0,0,0,0,0,0,0,0,-1,-11,1
D,48605,0,0,0,0,0,0,0,0,0,-1,-11,1
D,48615,0,0,0,0,0,0,0,0,0,-1,-11,1
D,48625,0,0,0,0,0,0,0,0,0,-1,-11,1
D,48635,0,0,0,0,0,0,0,0,0,-1,-11,1
D,48645,0,0,0,0,0,0,0,0,0,-1,-11,1
D,48655,0,0,0,0,0,0,0,0,0,-1,-11,1
D,48665,0,0,0,0,0,0,0,0,0,-1,-11,1
D,48675,0,0,0,0,0,0,0,0,0,-1,-11,1
D,48685,0,0,0,0,0,0,0,0,0,-1,-11,1
D,48695,0,0,0,0,0,0,0,0,0,-1,-11,1
D,48705,0,0,0,0,0,0,0,0,0,-1,-11,1
D,48715,0,0,0,0,0,0,0,0,0,-1,-11,1
D,48725,0,0,0,0,0,0,0,0,0,-1,-11,1
D,48735,0,0,0,0,0,0,0,0,0,-1,-11,1
D,48745,0,0,0,0,0,0,0,0,0,-1,-11,1
D,48755,0,0,0,0,0,0,0,0,0,-1,-11,1
D,48765,0,0,0,0,0,0,0,0,0,-1,-11,1
D,48775,0,0,0,0,0,0,0,0,0,-1,-11,1
D,48785,0,0,0,0,0,0,0,0,0,-1,-11,1
D,48795,0,0,0,0,0,0,0,0,0,-1,-11,1
D,48805,0,0,0,0,0,0,0,0,0,-1,-11,1
D,48815,0,0,0,0,0,0,0,0,0,-1,-11,1
D,48825,0,0,0,0,0,0,0,0,0,-1,-11,1
D,48835,0,0,0,0,0,0,0,0,0,-1,-11,1
D,48845,0,0,0,0,0,0,0,0,0,-1,-11,1
D,48855,0,0,0,0,0,0,0,0,0,-1,-11,1
D,48865,0,0,0,0,0,0,0,0,0,-1,-11,1
D,48875,0,0,0,0,0,0,0,0,0,-1,-11,1
D,48885,0,0,0,0,0,0,0,0,0,-1,-11,1
D,48895,0,0,0,0,0,0,0,0,0,-1,-11,1
D,48905,0,0,0,0,0,0,0,0,0,-1,-11,1
D,48915,0,0,0,0,0,0,0,0,0,-1,-11,1
D,48925,0,0,0,0,0,0,0,0,0,-1,-11,1
D,48935,0,0,0,0,0,0,0,0,0,-1,-11,1
D,48945,0,0,0,0,0,0,0,0,0,-1,-11,1
D,48955,0,0,0,0,0,0,0,0,0,-1,-11,1
D,48965,0,0,0,0,0,0,0,0,0,-1,-11,1
D,48975,0,0,0,0,0,0,0,0,0,-1,-11,1
D,48985,0,0,0,0,0,0,0,0,0,-1,-11,1
D,48995,0,0,0,0,0,0,0,0,0,-1,-11,1
D,49005,0,0,0,0,0,0,0,0,0,-1,-11,1
D,49015,0,0,0,0,0,0,0,0,0,-1,-11,1
D,49025,0,0,0,0,0,0,0,0,0,-1,-11,1
D,49035,0,0,0,0,0,0,0,0,0,-1,-11,1
D,49045,0,0,0,0,0,0,0,0,0,-1,-11,1
D,49055,0,0,0,0,0,0,0,0,0,-1,-11,1
D,49065,0,0,0,0,0,0,0,0,0,-1,-11,1
D,49075,0,0,0,0,0,0,0,0,0,-1,-11,1
D,49085,0,0,0,0,0,0,0,0,0,-1,-11,1
D,49095,0,0,0,0,0,0,0,0,0,-1,-11,1
D,49105,0,0,0,0,0,0,0,0,0,-1,-11,1
D,49115,0,0,0,0,0,0,0,0,0,-1,-11,1
D,49125,0,0,0,0,0,0,0,0,0,-1,-11,1
D,49135,0,0,0,0,0,0,0,0,0,-1,-11,1
D,49145,0,0,0,0,0,0,0,0,0,-1,-11,1
D,49155,0,0,0,0,0,0,0,0,0,-1,-11,1
D,49165,0,0,0,0,0,0,0,0,0,-1,-11,1
D,49175,0,0,0,0,0,0,0,0,0,-1,-11,1
D,49185,0,0,0,0,0,0,0,0,0,-1,-11,1
D,49195,0,0,0,0,0,0,0,0,0,-1,-11,1
D,49205,0,0,0,0,0,0,0,0,0,-1,-11,1
D,49215,0,0,0,0,0,0,0,0,0,-1,-11,1
D,49225,0,0,0,0,0,0,0,0,0,-1,-11,1
D,49235,0,0,0,0,0,0,0,0,0,-1,-11,1
D,49245,0,0,0,0,0,0,0,0,0,-1,-11,1
D,49255,0,0,0,0,0,0,0,0,0,-1,-11,1
D,49265,0,0,0,0,0,0,0,0,0,-1,-11,1
D,49275,0,0,0,0,0,0,0,0,0,-1,-11,1
D,49285,0,0,0,0,0,0,0,0,0,-1,-11,1
D,49295,0,0,0,0,0,0,0,0,0,-1,-11,1
D,49305,0,0,0,0,0,0,0,0,0,-1,-11,1
D,49315,0,0,0,0,0,0,0,0,0,-1,-11,1
D,49325,0,0,0,0,0,0,0,0,0,-1,-11,1
D,49335,0,0,0,0,0,0,0,0,0,-1,-11,1
D,49345,0,0,0,0,0,0,0,0,0,-1,-11,1
D,49355,0,0,0,0,0,0,0,0,0,-1,-11,1
D,49365,0,0,0,0,0,0,0,0,0,-1,-11,1
D,49375,0,0,0,0,0,0,0,0,0,-1,-11,1
D,49385,0,0,0,0,0,0,0,0,0,-1,-11,1
D,49395,0,0,0,0,0,0,0,0,0,-1,-11,1
D,49405,0,0,0,0,0,0,0,0,0,-1,-11,1
D,49415,0,0,0,0,0,0,0,0,0,-1,-11,1
D,49425,0,0,0,0,0,0,0,0,0,-1,-11,1
D,49435,0,0,0,0,0,0,0,0,0,-1,-11,1
D,49445,0,0,0,0,0,0,0,0,0,-1,-11,1
D,49455,0,0,0,0,0,0,0,0,0,-1,-11,1
D,49465,0,0,0,0,0,0,0,0,0,-1,-11,1
D,49475,0,0,0,0,0,0,0,0,0,-1,-11,1
D,49485,0,0,0,0,0,0,0,0,0,-1,-11,1
D,49495,0,0,0,0,0,0,0,0,0,-1,-11,1
D,49505,0,0,0,0,0,0,0,0,0,-1,-11,1
D,49515,0,0,0,0,0,0,0,0,0,-1,-11,1
D,49525,0,0,0,0,0,0,0,0,0,-1,-11,1
D,49535,0,0,0,0,0,0,0,0,0,-1,-11,1
D,49545,0,0,0,0,0,0,0,0,0,-1,-11,1
D,49555,0,0,0,0,0,0,0,0,0,-1,-11,1
D,49565,0,0,0,0,0,0,0,0,0,-1,-11,1
D,49575,0,0,0,0,0,0,0,0,0,-1,-11,1
D,49585,0,0,0,0,0,0,0,0,0,-1,-11,1
D,49595,0,0,0,0,0,0,0,0,0,-1,-11,1
D,49605,0,0,0,0,0,0,0,0,0,-1,-11,1
D,49615,0,0,0,0,0,0,0,0,0,-1,-11,1
D,49625,0,0,0,0,0,0,0,0,0,-1,-11,1
D,49635,0,0,0,0,0,0,0,0,0,-1,-11,1
D,49645,0,0,0,0,0,0,0,0,0,-1,-11,1
D,49655,0,0,0,0,0,0,0,0,0,-1,-11,1
D,49665,0,0,0,0,0,0,0,0,0,-1,-11,1
D,49675,0,0,0,0,0,0,0,0,0,-1,-11,1
D,49685,0,0,0,0,0,0,0,0,0,-1,-11,1
D,49695,0,0,0,0,0,0,0,0,0,-1,-11,1
D,49705,0,0,0,0,0,0,0,0,0,-1,-11,1
D,49715,0,0,0,0,0,0,0,0,0,-1,-11,1
D,49725,0,0,0,0,0,0,0,0,0,-1,-11,1
D,49735,0,0,0,0,0,0,0,0,0,-1,-11,1
D,49745,0,0,0,0,0,0,0,0,0,-1,-11,1
D,49755,0,0,0,0,0,0,0,0,0,-1,-11,1
D,49765,0,0,0,0,0,0,0,0,0,-1,-11,1
D,49775,0,0,0,0,0,0,0,0,0,-1,-11,1
D,49785,0,0,0,0,0,0,0,0,0,-1,-11,1
D,49795,0,0,0,0,0,0,0,0,0,-1,-11,1
D,49805,0,0,0,0,0,0,0,0,0,-1,-11,1
D,49815,0,0,0,0,0,0,0,0,0,-1,-11,1
D,49825,0,0,0,0,0,0,0,0,0,-1,-11,1
D,49835,0,0,0,0,0,0,0,0,0,-1,-11,1
D,49845,0,0,0,0,0,0,0,0,0,-1,-11,1
D,49855,0,0,0,0,0,0,0,0,0,-1,-11,1
D,49865,0,0,0,0,0,0,0,0,0,-1,-11,1
D,49875,0,0,0,0,0,0,0,0,0,-1,-11,1
D,49885,0,0,0,0,0,0,0,0,0,-1,-11,1
D,49895,0,0,0,0,0,0,0,0,0,-1,-11,1
D,49905,0,0,0,0,0,0,0,0,0,-1,-11,1
D,49915,0,0,0,0,0,0,0,0,0,-1,-11,1
D,49925,0,0,0,0,0,0,0,0,0,-1,-11,1
D,49935,0,0,0,0,0,0,0,0,0,-1,-11,1
D,49945,0,0,0,0,0,0,0,0,0,-1,-11,1
D,49955,0,0,0,0,0,0,0,0,0,-1,-11,1
D,49965,0,0,0,0,0,0,0,0,0,-1,-11,1
D,49975,0,0,0,0,0,0,0,0,0,-1,-11,1
D,49985,0,0,0,0,0,0,0,0,0,-1,-11,1
D,49995,0,0,0,0,0,0,0,0,0,-1,-11,1
D,50005,0,0,0,0,0,0,0,0,0,-1,-11,1
D,50015,0,0,0,0,0,0,0,0,0,-1,-11,1
D,50025,0,0,0,0,0,0,0,0,0,-1,-11,1
D,50035,0,0,0,0,0,0,0,0,0,-1,-11,1
D,50045,0,0,0,0,0,0,0,0,0,-1,-11,1
D,50055,0,0,0,0,0,0,0,0,0,-1,-11,1
D,50065,0,0,0,0,0,0,0,0,0,-1,-11,1
D,50075,0,0,0,0,0,0,0,0,0,-1,-11,1
D,50085,0,0,0,0,0,0,0,0,0,-1,-11,1
D,50095,0,0,0,0,0,0,0,0,0,-1,-11,1
D,50105,0,0,0,0,0,0,0,0,0,-1,-11,1
D,50115,0,0,0,0,0,0,0,0,0,-1,-11,1
D,50125,0,0,0,0,0,0,0,0,0,-1,-11,1
D,50135,0,0,0,0,0,0,0,0,0,-1,-11,1
D,50145,0,0,0,0,0,0,0,0,0,-1,-11,1
D,50155,0,0,0,0,0,0,0,0,0,-1,-11,1
D,50165,0,0,0,0,0,0,0,0,0,-1,-11,1
D,50175,0,0,0,0,0,0,0,0,0,-1,-11,1
D,50185,0,0,0,0,0,0,0,0,0,-1,-11,1
D,50195,0,0,0,0,0,0,0,0,0,-1,-11,1
D,50205,0,0,0,0,0,0,0,0,0,-1,-11,1
D,50215,0,0,0,0,0,0,0,0,0,-1,-11,1
D,50225,0,0,0,0,0,0,0,0,0,-1,-11,1
D,50235,0,0,0,0,0,0,0,0,0,-1,-11,1
D,50245,0,0,0,0,0,0,0,0,0,-1,-11,1
D,50255,0,0,0,0,0,0,0,0,0,-1,-11,1
D,50265,0,0,0,0,0,0,0,0,0,-1,-11,1
D,50275,0,0,0,0,0,0,0,0,0,-1,-11,1
D,50285,0,0,0,0,0,0,0,0,0,-1,-11,1
D,50295,0,0,0,0,0,0,0,0,0,-1,-11,1
D,50305,0,0,0,0,0,0,0,0,0,-1,-11,1
D,50315,0,0,0,0,0,0,0,0,0,-1,-11,1
D,50325,0,0,0,0,0,0,0,0,0,-1,-11,1
D,50335,0,0,0,0,0,0,0,0,0,-1,-11,1
D,50345,0,0,0,0,0,0,0,0,0,-1,-11,1
D,50355,0,0,0,0,0,0,0,0,0,-1,-11,1
D,50365,0,0,0,0,0,0,0,0,0,-1,-11,1
D,50375,0,0,0,0,0,0,0,0,0,-1,-11,1
D,50385,0,0,0,0,0,0,0,0,0,-1,-11,1
D,50395,0,0,0,0,0,0,0,0,0,-1,-11,1
D,50405,0,0,0,0,0,0,0,0,0,-1,-11,1
D,50415,0,0,0,0,0,0,0,0,0,-1,-11,1
D,50425,0,0,0,0,0,0,0,0,0,-1,-11,1
D,50435,0,0,0,0,0,0,0,0,0,-1,-11,1
D,50445,0,0,0,0,0,0,0,0,0,-1,-11,1
D,50455,0,0,0,0,0,0,0,0,0,-1,-11,1
D,50465,0,0,0,0,0,0,0,0,0,-1,-11,1
D,50475,0,0,0,0,0,0,0,0,0,-1,-11,1
D,50485,0,0,0,0,0,0,0,0,0,-1,-11,1
D,50495,0,0,0,0,0,0,0,0,0,-1,-11,1
D,50505,0,0,0,0,0,0,0,0,0,-1,-11,1
D,50515,0,0,0,0,0,0,0,0,0,-1,-11,1
D,50525,0,0,0,0,0,0,0,0,0,-1,-11,1
D,50535,0,0,0,0,0,0,0,0,0,-1,-11,1
D,50545,0,0,0,0,0,0,0,0,0,-1,-11,1
D,50555,0,0,0,0,0,0,0,0,0,-1,-11,1
D,50565,0,0,0,0,0,0,0,0,0,-1,-11,1
D,50575,0,0,0,0,0,0,0,0,0,-1,-11,1
D,50585,0,0,0,0,0,0,0,0,0,-1,-11,1
D,50595,0,0,0,0,0,0,0,0,0,-1,-11,1
D,50605,0,0,0,0,0,0,0,0,0,-1,-11,1
D,50615,0,0,0,0,0,0,0,0,0,-1,-11,1
D,50625,0,0,0,0,0,0,0,0,0,-1,-11,1
D,50635,0,0,0,0,0,0,0,0,0,-1,-11,1
D,50645,0,0,0,0,0,0,0,0,0,-1,-11,1
D,50655,0,0,0,0,0,0,0,0,0,-1,-11,1
D,50665,0,0,0,0,0,0,0,0,0,-1,-11,1
D,50675,0,0,0,0,0,0,0,0,0,-1,-11,1
D,50685,0,0,0,0,0,0,0,0,0,-1,-11,1
D,50695,0,0,0,0,0,0,0,0,0,-1,-11,1
D,50705,0,0,0,0,0,0,0,0,0,-1,-11,1
D,50715,0,0,0,0,0,0,0,0,0,-1,-11,1
D,50725,0,0,0,0,0,0,0,0,0,-1,-11,1
D,50735,0,0,0,0,0,0,0,0,0,-1,-11,1
D,50745,0,0,0,0,0,0,0,0,0,-1,-11,1
D,50755,0,0,0,0,0,0,0,0,0,-1,-11,1
D,50765,0,0,0,0,0,0,0,0,0,-1,-11,1
D,50775,0,0,0,0,0,0,0,0,0,-1,-11,1
D,50785,0,0,0,0,0,0,0,0,0,-1,-11,1
D,50795,0,0,0,0,0,0,0,0,0,-1,-11,1
D,50805,0,0,0,0,0,0,0,0,0,-1,-11,1
D,50815,0,0,0,0,0,0,0,0,0,-1,-11,1
D,50825,0,0,0,0,0,0,0,0,0,-1,-11,1
D,50835,0,0,0,0,0,0,0,0,0,-1,-11,1
D,50845,0,0,0,0,0,0,0,0,0,-1,-11,1
D,50855,0,0,0,0,0,0,0,0,0,-1,-11,1
D,50865,0,0,0,0,0,0,0,0,0,-1,-11,1
D,50875,0,0,0,0,0,0,0,0,0,-1,-11,1
D,50885,0,0,0,0,0,0,0,0,0,-1,-11,1
D,50895,0,0,0,0,0,0,0,0,0,-1,-11,1
D,50905,0,0,0,0,0,0,0,0,0,-1,-11,1
D,50915,0,0,0,0,0,0,0,0,0,-1,-11,1
D,50925,0,0,0,0,0,0,0,0,0,-1,-11,1
D,50935,0,0,0,0,0,0,0,0,0,-1,-11,1
D,50945,0,0,0,0,0,0,0,0,0,-1,-11,1
D,50955,0,0,0,0,0,0,0,0,0,-1,-11,1
D,50965,0,0,0,0,0,0,0,0,0,-1,-11,1
D,50975,0,0,0,0,0,0,0,0,0,-1,-11,1
D,50985,0,0,0,0,0,0,0,0,0,-1,-11,1
D,50995,0,0,0,0,0,0,0,0,0,-1,-11,1
D,51005,0,0,0,0,0,0,0,0,0,-1,-11,1
D,51015,0,0,0,0,0,0,0,0,0,-1,-11,1
D,51025,0,0,0,0,0,0,0,0,0,-1,-11,1
D,51035,0,0,0,0,0,0,0,0,0,-1,-11,1
D,51045,0,0,0,0,0,0,0,0,0,-1,-11,1
D,51055,0,0,0,0,0,0,0,0,0,-1,-11,1
D,51065,0,0,0,0,0,0,0,0,0,-1,-11,1
D,51075,0,0,0,0,0,0,0,0,0,-1,-11,1
D,51085,0,0,0,0,0,0,0,0,0,-1,-11,1
D,51095,0,0,0,0,0,0,0,0,0,-1,-11,1
D,51105,0,0,0,0,0,0,0,0,0,-1,-11,1
D,51115,0,0,0,0,0,0,0,0,0,-1,-11,1
D,51125,0,0,0,0,0,0,0,0,0,-1,-11,1
D,51135,0,0,0,0,0,0,0,0,0,-1,-11,1
D,51145,0,0,0,0,0,0,0,0,0,-1,-11,1
D,51155,0,0,0,0,0,0,0,0,0,-1,-11,1
D,51165,0,0,0,0,0,0,0,0,0,-1,-11,1
D,51175,0,0,0,0,0,0,0,0,0,-1,-11,1
D,51185,0,0,0,0,0,0,0,0,0,-1,-11,1
D,51195,0,0,0,0,0,0,0,0,0,-1,-11,1
D,51205,0,0,0,0,0,0,0,0,0,-1,-11,1
D,51215,0,0,0,0,0,0,0,0,0,-1,-11,1
D,51225,0,0,0,0,0,0,0,0,0,-1,-11,1
D,51235,0,0,0,0,0,0,0,0,0,-1,-11,1
D,51245,0,0,0,0,0,0,0,0,0,-1,-11,1
D,51255,0,0,0,0,0,0,0,0,0,-1,-11,1
D,51265,0,0,0,0,0,0,0,0,0,-1,-11,1
D,51275,0,0,0,0,0,0,0,0,0,-1,-11,1
D,51285,0,0,0,0,0,0,0,0,0,-1,-11,1
D,51295,0,0,0,0,0,0,0,0,0,-1,-11,1
D,51305,0,0,0,0,0,0,0,0,0,-1,-11,1
D,51315,0,0,0,0,0,0,0,0,0,-1,-11,1
D,51325,0,0,0,0,0,0,0,0,0,-1,-11,1
D,51335,0,0,0,0,0,0,0,0,0,-1,-11,1
D,51345,0,0,0,0,0,0,0,0,0,-1,-11,1
D,51355,0,0,0,0,0,0,0,0,0,-1,-11,1
D,51365,0,0,0,0,0,0,0,0,0,-1,-11,1
D,51375,0,0,0,0,0,0,0,0,0,-1,-11,1
D,51385,0,0,0,0,0,0,0,0,0,-1,-11,1
D,51395,0,0,0,0,0,0,0,0,0,-1,-11,1
D,51405,0,0,0,0,0,0,0,0,0,-1,-11,1
D,51415,0,0,0,0,0,0,0,0,0,-1,-11,1
D,51425,0,0,0,0,0,0,0,0,0,-1,-11,1
D,51435,0,0,0,0,0,0,0,0,0,-1,-11,1
D,51445,0,0,0,0,0,0,0,0,0,-1,-11,1
D,51455,0,0,0,0,0,0,0,0,0,-1,-11,1
D,51465,0,0,0,0,0,0,0,0,0,-1,-11,1
D,51475,0,0,0,0,0,0,0,0,0,-1,-11,1
D,51485,0,0,0,0,0,0,0,0,0,-1,-11,1
D,51495,0,0,0,0,0,0,0,0,0,-1,-11,1
D,51505,0,0,0,0,0,0,0,0,0,-1,-11,1
D,51515,0,0,0,0,0,0,0,0,0,-1,-11,1
D,51525,0,0,0,0,0,0,0,0,0,-1,-11,1
D,51535,0,0,0,0,0,0,0,0,0,-1,-11,1
D,51545,0,0,0,0,0,0,0,0,0,-1,-11,1
D,51555,0,0,0,0,0,0,0,0,0,-1,-11,1
D,51565,0,0,0,0,0,0,0,0,0,-1,-11,1
D,51575,0,0,0,0,0,0,0,0,0,-1,-11,1
D,51585,0,0,0,0,0,0,0,0,0,-1,-11,1
D,51595,0,0,0,0,0,0,0,0,0,-1,-11,1
D,51605,0,0,0,0,0,0,0,0,0,-1,-11,1
D,51615,0,0,0,0,0,0,0,0,0,-1,-11,1
D,51625,0,0,0,0,0,0,0,0,0,-1,-11,1
D,51635,0,0,0,0,0,0,0,0,0,-1,-11,1
D,51645,0,0,0,0,0,0,0,0,0,-1,-11,1
D,51655,0,0,0,0,0,0,0,0,0,-1,-11,1
D,51665,0,0,0,0,0,0,0,0,0,-1,-11,1
D,51675,0,0,0,0,0,0,0,0,0,-1,-11,1
D,51685,0,0,0,0,0,0,0,0,0,-1,-11,1
D,51695,0,0,0,0,0,0,0,0,0,-1,-11,1
D,51705,0,0,0,0,0,0,0,0,0,-1,-11,1
D,51715,0,0,0,0,0,0,0,0,0,-1,-11,1
D,51725,0,0,0,0,0,0,0,0,0,-1,-11,1
D,51735,0,0,0,0,0,0,0,0,0,-1,-11,1
D,51745,0,0,0,0,0,0,0,0,0,-1,-11,1
D,51755,0,0,0,0,0,0,0,0,0,-1,-11,1
D,51765,0,0,0,0,0,0,0,0,0,-1,-11,1
D,51775,0,0,0,0,0,0,0,0,0,-1,-11,1
D,51785,0,0,0,0,0,0,0,0,0,-1,-11,1
D,51795,0,0,0,0,0,0,0,0,0,-1,-11,1
D,51805,0,0,0,0,0,0,0,0,0,-1,-11,1
D,51815,0,0,0,0,0,0,0,0,0,-1,-11,1
D,51825,0,0,0,0,0,0,0,0,0,-1,-11,1
D,51835,0,0,0,0,0,0,0,0,0,-1,-11,1
D,51845,0,0,0,0,0,0,0,0,0,-1,-11,1
D,51855,0,0,0,0,0,0,0,0,0,-1,-11,1
D,51865,0,0,0,0,0,0,0,0,0,-1,-11,1
D,51875,0,0,0,0,0,0,0,0,0,-1,-11,1
D,51885,0,0,0,0,0,0,0,0,0,-1,-11,1
D,51895,0,0,0,0,0,0,0,0,0,-1,-11,1
D,51905,0,0,0,0,0,0,0,0,0,-1,-11,1
D,51915,0,0,0,0,0,0,0,0,0,-1,-11,1
D,51925,0,0,0,0,0,0,0,0,0,-1,-11,1
D,51935,0,0,0,0,0,0,0,0,0,-1,-11,1
D,51945,0,0,0,0,0,0,0,0,0,-1,-11,1
D,51955,0,0,0,0,0,0,0,0,0,-1,-11,1
D,51965,0,0,0,0,0,0,0,0,0,-1,-11,1
D,51975,0,0,0,0,0,0,0,0,0,-1,-11,1
D,51985,0,0,0,0,0,0,0,0,0,-1,-11,1
D,51995,0,0,0,0,0,0,0,0,0,-1,-11,1
D,52005,0,0,0,0,0,0,0,0,0,-1,-11,1
D,52015,0,0,0,0,0,0,0,0,0,-1,-11,1
D,52025,0,0,0,0,0,0,0,0,0,-1,-11,1
D,52035,0,0,0,0,0,0,0,0,0,-1,-11,1
D,52045,0,0,0,0,0,0,0,0,0,-1,-11,1
D,52055,0,0,0,0,0,0,0,0,0,-1,-11,1
D,52065,0,0,0,0,0,0,0,0,0,-1,-11,1
D,52075,0,0,0,0,0,0,0,0,0,-1,-11,1
D,52085,0,0,0,0,0,0,0,0,0,-1,-11,1
D,52095,0,0,0,0,0,0,0,0,0,-1,-11,1
D,52105,0,0,0,0,0,0,0,0,0,-1,-11,1
D,52115,0,0,0,0,0,0,0,0,0,-1,-11,1
D,52125,0,0,0,0,0,0,0,0,0,-1,-11,1
D,52135,0,0,0,0,0,0,0,0,0,-1,-11,1
D,52145,0,0,0,0,0,0,0,0,0,-1,-11,1
D,52155,0,0,0,0,0,0,0,0,0,-1,-11,1
D,52165,0,0,0,0,0,0,0,0,0,-1,-11,1
D,52175,0,0,0,0,0,0,0,0,0,-1,-11,1
D,52185,0,0,0,0,0,0,0,0,0,-1,-11,1
D,52195,0,0,0,0,0,0,0,0,0,-1,-11,1
D,52205,0,0,0,0,0,0,0,0,0,-1,-11,1
D,52215,0,0,0,0,0,0,0,0,0,-1,-11,1
D,52225,0,0,0,0,0,0,0,0,0,-1,-11,1
D,52235,0,0,0,0,0,0,0,0,0,-1,-11,1
D,52245,0,0,0,0,0,0,0,0,0,-1,-11,1
D,52255,0,0,0,0,0,0,0,0,0,-1,-11,1
D,52265,0,0,0,0,0,0,0,0,0,-1,-11,1
D,52275,0,0,0,0,0,0,0,0,0,-1,-11,1
D,52285,0,0,0,0,0,0,0,0,0,-1,-11,1
D,52295,0,0,0,0,0,0,0,0,0,-1,-11,1
D,52305,0,0,0,0,0,0,0,0,0,-1,-11,1
D,52315,0,0,0,0,0,0,0,0,0,-1,-11,1
D,52325,0,0,0,0,0,0,0,0,0,-1,-11,1
D,52335,0,0,0,0,0,0,0,0,0,-1,-11,1
D,52345,0,0,0,0,0,0,0,0,0,-1,-11,1
D,52355,1,400,0,0,0,400,0,0,0,-1,-11,1
D,52365,1,400,0,0,0,400,0,0,0,-1,-11,1
D,52375,1,400,0,0,0,400,0,0,0,-1,-11,1
D,52385,1,400,0,0,0,400,0,0,0,-1,-11,1
D,52395,1,400,0,0,0,400,0,0,0,-1,-11,1
D,52405,1,400,0,0,0,400,0,0,0,-1,-11,1
D,52415,1,400,0,0,0,400,0,0,0,-1,-11,1
D,52425,1,400,0,0,0,400,0,0,0,-1,-11,1
D,52435,1,400,0,0,0,400,0,0,0,-1,-11,1
D,52445,1,400,0,0,0,400,0,0,0,-1,-11,1
D,52455,1,400,0,0,0,400,0,0,0,-1,-11,1
D,52465,1,400,0,0,0,400,0,0,0,-1,-11,1
D,52475,1,400,0,0,0,400,0,0,0,-1,-11,1
D,52485,1,400,0,0,0,400,0,0,0,-1,-11,1
D,52495,1,400,0,0,0,400,0,0,0,-1,-11,1
D,52505,1,400,0,0,0,400,0,0,0,-1,-11,1
D,52515,1,400,0,0,0,400,0,0,0,-1,-11,1
D,52525,1,400,0,0,0,400,0,0,0,-1,-11,1
D,52535,1,400,0,0,0,400,0,0,0,-1,-11,1
D,52545,1,400,0,0,0,400,0,0,0,-1,-11,1
D,52555,1,400,0,0,0,400,0,0,0,-1,-11,1
D,52565,1,400,0,0,0,400,0,0,0,-1,-11,1
D,52575,1,400,0,0,0,400,0,0,0,-1,-11,1
D,52585,1,400,0,0,0,400,0,0,0,-1,-11,1
D,52595,1,400,0,0,0,400,0,0,0,-1,-11,1
D,52605,1,400,0,0,0,400,0,0,0,-1,-11,1
D,52615,1,400,0,0,0,400,0,0,0,-1,-11,1
D,52625,1,400,0,0,0,400,0,0,0,-1,-11,1
D,52635,1,400,0,0,0,400,0,0,0,-1,-11,1
D,52645,1,400,0,0,0,400,0,0,0,-1,-11,1
D,52655,1,400,0,0,0,400,0,0,0,-1,-11,1
D,52665,1,400,0,0,0,400,0,0,0,-1,-11,1
D,52675,1,400,0,0,0,400,0,0,0,-1,-11,1
D,52685,1,400,0,0,0,400,0,0,0,-1,-11,1
D,52695,1,400,0,0,0,400,0,0,0,-1,-11,1
D,52705,1,400,0,0,0,400,0,0,0,-1,-11,1
D,52715,1,400,0,0,0,400,0,0,0,-1,-11,1
D,52725,1,400,0,0,0,400,0,0,0,-1,-11,1
D,52735,1,400,0,0,0,400,0,0,0,-1,-11,1
D,52745,1,400,0,0,0,400,0,0,0,-1,-11,1
D,52755,1,400,0,0,0,400,0,0,0,-1,-11,1
D,52765,1,400,0,0,0,400,0,0,0,-1,-11,1
D,52775,1,400,0,0,0,400,0,0,0,-1,-11,1
D,52785,1,400,0,0,0,400,0,0,0,-1,-11,1
D,52795,1,400,0,0,0,400,0,0,0,-1,-11,1
D,52805,1,400,0,0,0,400,0,0,0,-1,-11,1
D,52815,1,400,0,0,0,400,0,0,0,-1,-11,1
D,52825,1,400,0,0,0,400,0,0,0,-1,-11,1
D,52835,1,400,0,0,0,400,0,0,0,-1,-11,1
D,52845,1,400,0,0,0,400,0,0,0,-1,-11,1
D,52855,1,400,0,0,0,400,0,0,0,-1,-11,1
D,52865,1,400,0,0,0,400,0,0,0,-1,-11,1
D,52875,1,400,0,0,0,400,0,0,0,-1,-11,1
D,52885,1,400,0,0,0,400,0,0,0,-1,-11,1
D,52895,1,400,0,0,0,400,0,0,0,-1,-11,1
D,52905,1,400,0,0,0,400,0,0,0,-1,-11,1
D,52915,1,400,0,0,0,400,0,0,0,-1,-11,1
D,52925,1,400,0,0,0,400,0,0,0,-1,-11,1
D,52935,1,400,0,0,0,400,0,0,0,-1,-11,1
D,52945,1,400,0,0,0,400,0,0,0,-1,-11,1
D,52955,1,400,0,0,0,400,0,0,0,-1,-11,1
D,52965,1,400,0,0,0,400,0,0,0,-1,-11,1
D,52975,1,400,0,0,0,400,0,0,0,-1,-11,1
D,52985,1,400,0,0,0,400,0,0,0,-1,-11,1
D,52995,1,400,0,0,0,400,0,0,0,-1,-11,1
D,53005,1,400,0,0,0,400,0,0,0,-1,-11,1
D,53015,1,400,0,0,0,400,0,0,0,-1,-11,1
D,53025,1,400,0,0,0,400,0,0,0,-1,-11,1
D,53035,1,400,0,0,0,400,0,0,0,-1,-11,1
D,53045,1,400,0,0,0,400,0,0,0,-1,-11,1
D,53055,1,400,0,0,0,400,0,0,0,-1,-11,1
D,53065,1,400,0,0,0,400,0,0,0,-1,-11,1
D,53075,1,400,0,0,0,400,0,0,0,-1,-11,1
D,53085,1,400,0,0,0,400,0,0,0,-1,-11,1
D,53095,1,400,0,0,0,400,0,0,0,-1,-11,1
D,53105,1,400,0,0,0,400,0,0,0,-1,-11,1
D,53115,1,400,0,0,0,400,0,0,0,-1,-11,1
D,53125,1,400,0,0,0,400,0,0,0,-1,-11,1
D,53135,1,400,0,0,0,400,0,0,0,-1,-11,1
D,53145,1,400,0,0,0,400,0,0,0,-1,-11,1
D,53155,1,400,0,0,0,400,0,0,0,-1,-11,1
D,53165,1,400,0,0,0,400,0,0,0,-1,-11,1
D,53175,1,400,0,0,0,400,0,0,0,-1,-11,1
D,53185,1,400,0,0,0,400,0,0,0,-1,-11,1
D,53195,1,400,0,0,0,400,0,0,0,-1,-11,1
D,53205,1,400,0,0,0,400,0,0,0,-1,-11,1
D,53215,1,400,0,0,0,400,0,0,0,-1,-11,1
D,53225,1,400,0,0,0,400,0,0,0,-1,-11,1
D,53235,1,400,0,0,0,400,0,0,0,-1,-11,1
D,53245,1,400,0,0,0,400,0,0,0,-1,-11,1
D,53255,1,400,0,0,0,400,0,0,0,-1,-11,1
D,53265,1,400,0,0,0,400,0,0,0,-1,-11,1
D,53275,1,400,0,0,0,400,0,0,0,-1,-11,1
D,53285,1,400,0,0,0,400,0,0,0,-1,-11,1
D,53295,1,400,0,0,0,400,0,0,0,-1,-11,1
D,53305,1,400,0,0,0,400,0,0,0,-1,-11,1
D,53315,1,400,0,0,0,400,0,0,0,-1,-11,1
D,53325,1,400,0,0,0,400,0,0,0,-1,-11,1
D,53335,1,400,0,0,0,400,0,0,0,-1,-11,1
D,53345,1,400,0,0,0,400,0,0,0,-1,-11,1
D,53355,1,400,0,0,0,400,0,0,0,-1,-11,1
D,53365,1,400,0,0,0,400,0,0,0,-1,-11,1
D,53375,1,400,0,0,0,400,0,0,0,-1,-11,1
D,53385,1,400,0,0,0,400,0,0,0,-1,-11,1
D,53395,1,400,0,0,0,400,0,0,0,-1,-11,1
D,53405,1,400,0,0,0,400,0,0,0,-1,-11,1
D,53415,1,400,0,0,0,400,0,0,0,-1,-11,1
D,53425,1,400,0,0,0,400,0,0,0,-1,-11,1
D,53435,1,400,0,0,0,400,0,0,0,-1,-11,1
D,53445,1,400,0,0,0,400,0,0,0,-1,-11,1
D,53455,1,400,0,0,0,400,0,0,0,-1,-11,1
D,53465,1,400,0,0,0,400,0,0,0,-1,-11,1
D,53475,1,400,0,0,0,400,0,0,0,-1,-11,1
D,53485,1,400,0,0,0,400,0,0,0,-1,-11,1
D,53495,1,400,0,0,0,400,0,0,0,-1,-11,1
D,53505,1,400,0,0,0,400,0,0,0,-1,-11,1
D,53515,1,400,0,0,0,400,0,0,0,-1,-11,1
D,53525,1,400,0,0,0,400,0,0,0,-1,-11,1
D,53535,1,400,0,0,0,400,0,0,0,-1,-11,1
D,53545,1,400,0,0,0,400,0,0,0,-1,-11,1
D,53555,1,400,0,0,0,400,0,0,0,-1,-11,1
D,53565,1,400,0,0,0,400,0,0,0,-1,-11,1
D,53575,1,400,0,0,0,400,0,0,0,-1,-11,1
D,53585,1,400,0,0,0,400,0,0,0,-1,-11,1
D,53595,1,400,0,0,0,400,0,0,0,-1,-11,1
D,53605,1,400,0,0,0,400,0,0,0,-1,-11,1
D,53615,1,400,0,0,0,400,0,0,0,-1,-11,1
D,53625,1,400,0,0,0,400,0,0,0,-1,-11,1
D,53635,1,400,0,0,0,400,0,0,0,-1,-11,1
D,53645,1,400,0,0,0,400,0,0,0,-1,-11,1
D,53655,1,400,0,0,0,400,0,0,0,-1,-11,1
D,53665,1,400,0,0,0,400,0,0,0,-1,-11,1
D,53675,1,400,0,0,0,400,0,0,0,-1,-11,1
D,53685,1,400,0,0,0,400,0,0,0,-1,-11,1
D,53695,1,400,0,0,0,400,0,0,0,-1,-11,1
D,53705,1,400,0,0,0,400,0,0,0,-1,-11,1
D,53715,1,400,0,0,0,400,0,0,0,-1,-11,1
D,53725,1,400,0,0,0,400,0,0,0,-1,-11,1
D,53735,1,400,0,0,0,400,0,0,0,-1,-11,1
D,53745,1,400,0,0,0,400,0,0,0,-1,-11,1
D,53755,1,400,0,0,0,400,0,0,0,-1,-11,1
D,53765,1,400,0,0,0,400,0,0,0,-1,-11,1
D,53775,1,400,0,0,0,400,0,0,0,-1,-11,1
D,53785,1,400,0,0,0,400,0,0,0,-1,-11,1
D,53795,1,400,0,0,0,400,0,0,0,-1,-11,1
D,53805,1,400,0,0,0,400,0,0,0,-1,-11,1
D,53815,1,400,0,0,0,400,0,0,0,-1,-11,1
D,53825,1,400,0,0,0,400,0,0,0,-1,-11,1
D,53835,1,400,0,0,0,400,0,0,0,-1,-11,1
D,53845,1,400,0,0,0,400,0,0,0,-1,-11,1
D,53855,1,400,0,0,0,400,0,0,0,-1,-11,1
D,53865,1,400,0,0,0,400,0,0,0,-1,-11,1
D,53875,1,400,0,0,0,400,0,0,0,-1,-11,1
D,53885,1,400,0,0,0,400,0,0,0,-1,-11,1
D,53895,1,400,0,0,0,400,0,0,0,-1,-11,1
D,53905,1,400,0,0,0,400,0,0,0,-1,-11,1
D,53915,1,400,0,0,0,400,0,0,0,-1,-11,1
D,53925,1,400,0,0,0,400,0,0,0,-1,-11,1
D,53935,1,400,0,0,0,400,0,0,0,-1,-11,1
D,53945,1,400,0,0,0,400,0,0,0,-1,-11,1
D,53955,1,400,0,0,0,400,0,0,0,-1,-11,1
D,53965,1,400,0,0,0,400,0,0,0,-1,-11,1
D,53975,1,400,0,0,0,400,0,0,0,-1,-11,1
D,53985,1,400,0,0,0,400,0,0,0,-1,-11,1
D,53995,1,400,0,0,0,400,0,0,0,-1,-11,1
D,54005,1,400,0,0,0,400,0,0,0,-1,-11,1
D,54015,1,400,0,0,0,400,0,0,0,-1,-11,1
D,54025,1,400,0,0,0,400,0,0,0,-1,-11,1
D,54035,1,400,0,0,0,400,0,0,0,-1,-11,1
D,54045,1,400,0,0,0,400,0,0,0,-1,-11,1
D,54055,1,400,0,0,0,400,0,0,0,-1,-11,1
D,54065,1,400,0,0,0,400,0,0,0,-1,-11,1
D,54075,1,400,0,0,0,400,0,0,0,-1,-11,1
D,54085,1,400,0,0,0,400,0,0,0,-1,-11,1
D,54095,1,400,0,0,0,400,0,0,0,-1,-11,1
D,54105,1,400,0,0,0,400,0,0,0,-1,-11,1
D,54115,1,400,0,0,0,400,0,0,0,-1,-11,1
D,54125,1,400,0,0,0,400,0,0,0,-1,-11,1
D,54135,1,400,0,0,0,400,0,0,0,-1,-11,1
D,54145,1,400,0,0,0,400,0,0,0,-1,-11,1
D,54155,1,400,0,0,0,400,0,0,0,-1,-11,1
D,54165,1,400,0,0,0,400,0,0,0,-1,-11,1
D,54175,1,400,0,0,0,400,0,0,0,-1,-11,1
D,54185,1,400,0,0,0,400,0,0,0,-1,-11,1
D,54195,1,400,0,0,0,400,0,0,0,-1,-11,1
D,54205,1,400,0,0,0,400,0,0,0,-1,-11,1
D,54215,1,400,0,0,0,400,0,0,0,-1,-11,1
D,54225,1,400,0,0,0,400,0,0,0,-1,-11,1
D,54235,1,400,0,0,0,400,0,0,0,-1,-11,1
D,54245,1,400,0,0,0,400,0,0,0,-1,-11,1
D,54255,1,400,0,0,0,400,0,0,0,-1,-11,1
D,54265,1,400,0,0,0,400,0,0,0,-1,-11,1
D,54275,1,400,0,0,0,400,0,0,0,-1,-11,1
D,54285,1,400,0,0,0,400,0,0,0,-1,-11,1
D,54295,1,400,0,0,0,400,0,0,0,-1,-11,1
D,54305,1,400,0,0,0,400,0,0,0,-1,-11,1
D,54315,1,400,0,0,0,400,0,0,0,-1,-11,1
D,54325,1,400,0,0,0,400,0,0,0,-1,-11,1
D,54335,1,400,0,0,0,400,0,0,0,-1,-11,1
D,54345,1,400,0,0,0,400,0,0,0,-1,-11,1
D,54355,1,400,0,0,0,400,0,0,0,-1,-11,1
D,54365,1,400,0,0,0,400,0,0,0,-1,-11,1
D,54375,1,400,0,0,0,400,0,0,0,-1,-11,1
D,54385,1,400,0,0,0,400,0,0,0,-1,-11,1
D,54395,1,400,0,0,0,400,0,0,0,-1,-11,1
D,54405,1,400,0,0,0,400,0,0,0,-1,-11,1
D,54415,1,400,0,0,0,400,0,0,0,-1,-11,1
D,54425,1,400,0,0,0,400,0,0,0,-1,-11,1
D,54435,1,400,0,0,0,400,0,0,0,-1,-11,1
D,54445,1,400,0,0,0,400,0,0,0,-1,-11,1
D,54455,1,400,0,0,0,400,0,0,0,-1,-11,1
D,54465,1,400,0,0,0,400,0,0,0,-1,-11,1
D,54475,1,400,0,0,0,400,0,0,0,-1,-11,1
D,54485,1,400,0,0,0,400,0,0,0,-1,-11,1
D,54495,1,400,0,0,0,400,0,0,0,-1,-11,1
D,54505,1,400,0,0,0,400,0,0,0,-1,-11,1
D,54515,1,400,0,0,0,400,0,0,0,-1,-11,1
D,54525,1,400,0,0,0,400,0,0,0,-1,-11,1
D,54535,1,400,0,0,0,400,0,0,0,-1,-11,1
D,54545,1,400,0,0,0,400,0,0,0,-1,-11,1
D,54555,1,400,0,0,0,400,0,0,0,-1,-11,1
D,54565,1,400,0,0,0,400,0,0,0,-1,-11,1
D,54575,1,400,0,0,0,400,0,0,0,-1,-11,1
D,54585,1,400,0,0,0,400,0,0,0,-1,-11,1
D,54595,1,400,0,0,0,400,0,0,0,-1,-11,1
D,54605,1,400,0,0,0,400,0,0,0,-1,-11,1
D,54615,1,400,0,0,0,400,0,0,0,-1,-11,1
D,54625,1,400,0,0,0,400,0,0,0,-1,-11,1
D,54635,1,400,0,0,0,400,0,0,0,-1,-11,1
D,54645,1,400,0,0,0,400,0,0,0,-1,-11,1
D,54655,1,400,0,0,0,400,0,0,0,-1,-11,1
D,54665,1,400,0,0,0,400,0,0,0,-1,-11,1
D,54675,1,400,0,0,0,400,0,0,0,-1,-11,1
D,54685,1,400,0,0,0,400,0,0,0,-1,-11,1
D,54695,1,400,0,0,0,400,0,0,0,-1,-11,1
D,54705,1,400,0,0,0,400,0,0,0,-1,-11,1
D,54715,1,400,0,0,0,400,0,0,0,-1,-11,1
D,54725,1,400,0,0,0,400,0,0,0,-1,-11,1
D,54735,1,400,0,0,0,400,0,0,0,-1,-11,1
D,54745,1,400,0,0,0,400,0,0,0,-1,-11,1
D,54755,1,400,0,0,0,400,0,0,0,-1,-11,1
D,54765,1,400,0,0,0,400,0,0,0,-1,-11,1
D,54775,1,400,0,0,0,400,0,0,0,-1,-11,1
D,54785,1,400,0,0,0,400,0,0,0,-1,-11,1
D,54795,1,400,0,0,0,400,0,0,0,-1,-11,1
D,54805,1,400,0,0,0,400,0,0,0,-1,-11,1
D,54815,1,400,0,0,0,400,0,0,0,-1,-11,1
D,54825,1,400,0,0,0,400,0,0,0,-1,-11,1
D,54835,1,400,0,0,0,400,0,0,0,-1,-11,1
D,54845,1,400,0,0,0,400,0,0,0,-1,-11,1
D,54855,1,400,0,0,0,400,0,0,0,-1,-11,1
D,54865,1,400,0,0,0,400,0,0,0,-1,-11,1
D,54875,1,400,0,0,0,400,0,0,0,-1,-11,1
D,54885,1,400,0,0,0,400,0,0,0,-1,-11,1
D,54895,1,400,0,0,0,400,0,0,0,-1,-11,1
D,54905,1,400,0,0,0,400,0,0,0,-1,-11,1
D,54915,1,400,0,0,0,400,0,0,0,-1,-11,1
D,54925,1,400,0,0,0,400,0,0,0,-1,-11,1
D,54935,1,400,0,0,0,400,0,0,0,-1,-11,1
D,54945,1,400,0,0,0,400,0,0,0,-1,-11,1
D,54955,1,400,0,0,0,400,0,0,0,-1,-11,1
D,54965,1,400,0,0,0,400,0,0,0,-1,-11,1
D,54975,1,400,0,0,0,400,0,0,0,-1,-11,1
D,54985,1,400,0,0,0,400,0,0,0,-1,-11,1
D,54995,1,400,0,0,0,400,0,0,0,-1,-11,1
D,55005,1,400,0,0,0,400,0,0,0,-1,-11,1
D,55015,1,400,0,0,0,400,0,0,0,-1,-11,1
D,55025,1,400,0,0,0,400,0,0,0,-1,-11,1
D,55035,1,400,0,0,0,400,0,0,0,-1,-11,1
D,55045,1,400,0,0,0,400,0,0,0,-1,-11,1
D,55055,1,400,0,0,0,400,0,0,0,-1,-11,1
D,55065,1,400,0,0,0,400,0,0,0,-1,-11,1
D,55075,1,400,0,0,0,400,0,0,0,-1,-11,1
D,55085,1,400,0,0,0,400,0,0,0,-1,-11,1
D,55095,1,400,0,0,0,400,0,0,0,-1,-11,1
D,55105,1,400,0,0,0,400,0,0,0,-1,-11,1
D,55115,1,400,0,0,0,400,0,0,0,-1,-11,1
D,55125,1,400,0,0,0,400,0,0,0,-1,-11,1
D,55135,1,400,0,0,0,400,0,0,0,-1,-11,1
D,55145,1,400,0,0,0,400,0,0,0,-1,-11,1
D,55155,1,400,0,0,0,400,0,0,0,-1,-11,1
D,55165,1,400,0,0,0,400,0,0,0,-1,-11,1
D,55175,1,400,0,0,0,400,0,0,0,-1,-11,1
D,55185,1,400,0,0,0,400,0,0,0,-1,-11,1
D,55195,1,400,0,0,0,400,0,0,0,-1,-11,1
D,55205,1,400,0,0,0,400,0,0,0,-1,-11,1
D,55215,1,400,0,0,0,400,0,0,0,-1,-11,1
D,55225,1,400,0,0,0,400,0,0,0,-1,-11,1
D,55235,1,400,0,0,0,400,0,0,0,-1,-11,1
D,55245,1,400,0,0,0,400,0,0,0,-1,-11,1
D,55255,1,400,0,0,0,400,0,0,0,-1,-11,1
D,55265,1,400,0,0,0,400,0,0,0,-1,-11,1
D,55275,1,400,0,0,0,400,0,0,0,-1,-11,1
D,55285,1,400,0,0,0,400,0,0,0,-1,-11,1
D,55295,1,400,0,0,0,400,0,0,0,-1,-11,1
D,55305,1,400,0,0,0,400,0,0,0,-1,-11,1
D,55315,1,400,0,0,0,400,0,0,0,-1,-11,1
D,55325,1,400,0,0,0,400,0,0,0,-1,-11,1
D,55335,1,400,0,0,0,400,0,0,0,-1,-11,1
D,55345,1,400,0,0,0,400,0,0,0,-1,-11,1
D,55355,1,400,0,0,0,400,0,0,0,-1,-11,1
D,55365,1,400,0,0,0,400,0,0,0,-1,-11,1
D,55375,1,400,0,0,0,400,0,0,0,-1,-11,1
D,55385,1,400,0,0,0,400,0,0,0,-1,-11,1
D,55395,1,400,0,0,0,400,0,0,0,-1,-11,1
D,55405,1,400,0,0,0,400,0,0,0,-1,-11,1
D,55415,1,400,0,0,0,400,0,0,0,-1,-11,1
D,55425,1,400,0,0,0,400,0,0,0,-1,-11,1
D,55435,1,400,0,0,0,400,0,0,0,-1,-11,1
D,55445,1,400,0,0,0,400,0,0,0,-1,-11,1
D,55455,1,400,0,0,0,400,0,0,0,-1,-11,1
D,55465,1,400,0,0,0,400,0,0,0,-1,-11,1
D,55475,1,400,0,0,0,400,0,0,0,-1,-11,1
D,55485,1,400,0,0,0,400,0,0,0,-1,-11,1
D,55495,1,400,0,0,0,400,0,0,0,-1,-11,1
D,55505,1,400,0,0,0,400,0,0,0,-1,-11,1
D,55515,1,400,0,0,0,400,0,0,0,-1,-11,1
D,55525,1,400,0,0,0,400,0,0,0,-1,-11,1
D,55535,1,400,0,0,0,400,0,0,0,-1,-11,1
D,55545,1,400,0,0,0,400,0,0,0,-1,-11,1
D,55555,1,400,0,0,0,400,0,0,0,-1,-11,1
D,55565,1,400,0,0,0,400,0,0,0,-1,-11,1
D,55575,1,400,0,0,0,400,0,0,0,-1,-11,1
D,55585,1,400,0,0,0,400,0,0,0,-1,-11,1
D,55595,1,400,0,0,0,400,0,0,0,-1,-11,1
D,55605,1,400,0,0,0,400,0,0,0,-1,-11,1
D,55615,1,400,0,0,0,400,0,0,0,-1,-11,1
D,55625,1,400,0,0,0,400,0,0,0,-1,-11,1
D,55635,1,400,0,0,0,400,0,0,0,-1,-11,1
D,55645,1,400,0,0,0,400,0,0,0,-1,-11,1
D,55655,1,400,0,0,0,400,0,0,0,-1,-11,1
D,55665,1,400,0,0,0,400,0,0,0,-1,-11,1
D,55675,1,400,0,0,0,400,0,0,0,-1,-11,1
D,55685,1,400,0,0,0,400,0,0,0,-1,-11,1
D,55695,1,400,0,0,0,400,0,0,0,-1,-11,1
D,55705,1,400,0,0,0,400,0,0,0,-1,-11,1
D,55715,1,400,0,0,0,400,0,0,0,-1,-11,1
D,55725,1,400,0,0,0,400,0,0,0,-1,-11,1
D,55735,1,400,0,0,0,400,0,0,0,-1,-11,1
D,55745,1,400,0,0,0,400,0,0,0,-1,-11,1
D,55755,1,400,0,0,0,400,0,0,0,-1,-11,1
D,55765,1,400,0,0,0,400,0,0,0,-1,-11,1
D,55775,1,400,0,0,0,400,0,0,0,-1,-11,1
D,55785,1,400,0,0,0,400,0,0,0,-1,-11,1
D,55795,1,400,0,0,0,400,0,0,0,-1,-11,1
D,55805,1,400,0,0,0,400,0,0,0,-1,-11,1
D,55815,1,400,0,0,0,400,0,0,0,-1,-11,1
D,55825,1,400,0,0,0,400,0,0,0,-1,-11,1
D,55835,1,400,0,0,0,400,0,0,0,-1,-11,1
D,55845,1,400,0,0,0,400,0,0,0,-1,-11,1
D,55855,1,400,0,0,0,400,0,0,0,-1,-11,1
D,55865,1,400,0,0,0,400,0,0,0,-1,-11,1
D,55875,1,400,0,0,0,400,0,0,0,-1,-11,1
D,55885,1,400,0,0,0,400,0,0,0,-1,-11,1
D,55895,1,400,0,0,0,400,0,0,0,-1,-11,1
D,55905,1,400,0,0,0,400,0,0,0,-1,-11,1
D,55915,1,400,0,0,0,400,0,0,0,-1,-11,1
D,55925,1,400,0,0,0,400,0,0,0,-1,-11,1
D,55935,1,400,0,0,0,400,0,0,0,-1,-11,1
D,55945,1,400,0,0,0,400,0,0,0,-1,-11,1
D,55955,1,400,0,0,0,400,0,0,0,-1,-11,1
D,55965,1,400,0,0,0,400,0,0,0,-1,-11,1
D,55975,1,400,0,0,0,400,0,0,0,-1,-11,1
D,55985,1,400,0,0,0,400,0,0,0,-1,-11,1
D,55995,1,400,0,0,0,400,0,0,0,-1,-11,1
D,56005,1,400,0,0,0,400,0,0,0,-1,-11,1
D,56015,1,400,0,0,0,400,0,0,0,-1,-11,1
D,56025,1,400,0,0,0,400,0,0,0,-1,-11,1
D,56035,1,400,0,0,0,400,0,0,0,-1,-11,1
D,56045,1,400,0,0,0,400,0,0,0,-1,-11,1
D,56055,1,400,0,0,0,400,0,0,0,-1,-11,1
D,56065,1,400,0,0,0,400,0,0,0,-1,-11,1
D,56075,1,400,0,0,0,400,0,0,0,-1,-11,1
D,56085,1,400,0,0,0,400,0,0,0,-1,-11,1
D,56095,1,400,0,0,0,400,0,0,0,-1,-11,1
D,56105,1,400,0,0,0,400,0,0,0,-1,-11,1
D,56115,1,400,0,0,0,400,0,0,0,-1,-11,1
D,56125,1,400,0,0,0,400,0,0,0,-1,-11,1
D,56135,1,400,0,0,0,400,0,0,0,-1,-11,1
D,56145,1,400,0,0,0,400,0,0,0,-1,-11,1
D,56155,1,400,0,0,0,400,0,0,0,-1,-11,1
D,56165,1,400,0,0,0,400,0,0,0,-1,-11,1
D,56175,1,400,0,0,0,400,0,0,0,-1,-11,1
D,56185,1,400,0,0,0,400,0,0,0,-1,-11,1
D,56195,1,400,0,0,0,400,0,0,0,-1,-11,1
D,56205,1,400,0,0,0,400,0,0,0,-1,-11,1
D,56215,1,400,0,0,0,400,0,0,0,-1,-11,1
D,56225,1,400,0,0,0,400,0,0,0,-1,-11,1
D,56235,1,400,0,0,0,400,0,0,0,-1,-11,1
D,56245,1,400,0,0,0,400,0,0,0,-1,-11,1
D,56255,1,400,0,0,0,400,0,0,0,-1,-11,1
D,56265,1,400,0,0,0,400,0,0,0,-1,-11,1
D,56275,1,400,0,0,0,400,0,0,0,-1,-11,1
D,56285,1,400,0,0,0,400,0,0,0,-1,-11,1
D,56295,1,400,0,0,0,400,0,0,0,-1,-11,1
D,56305,1,400,0,0,0,400,0,0,0,-1,-11,1
D,56315,1,400,0,0,0,400,0,0,0,-1,-11,1
D,56325,1,400,0,0,0,400,0,0,0,-1,-11,1
D,56335,1,400,0,0,0,400,0,0,0,-1,-11,1
D,56345,1,400,0,0,0,400,0,0,0,-1,-11,1
D,56355,1,400,0,0,0,400,0,0,0,-1,-11,1
D,56365,1,400,0,0,0,400,0,0,0,-1,-11,1
D,56375,1,400,0,0,0,400,0,0,0,-1,-11,1
D,56385,1,400,0,0,0,400,0,0,0,-1,-11,1
D,56395,1,400,0,0,0,400,0,0,0,-1,-11,1
D,56405,1,400,0,0,0,400,0,0,0,-1,-11,1
D,56415,1,400,0,0,0,400,0,0,0,-1,-11,1
D,56425,1,400,0,0,0,400,0,0,0,-1,-11,1
D,56435,1,400,0,0,0,400,0,0,0,-1,-11,1
D,56445,1,400,0,0,0,400,0,0,0,-1,-11,1
D,56455,1,400,0,0,0,400,0,0,0,-1,-11,1
D,56465,1,400,0,0,0,400,0,0,0,-1,-11,1
D,56475,1,400,0,0,0,400,0,0,0,-1,-11,1
D,56485,1,400,0,0,0,400,0,0,0,-1,-11,1
D,56495,1,400,0,0,0,400,0,0,0,-1,-11,1
D,56505,1,400,0,0,0,400,0,0,0,-1,-11,1
D,56515,1,400,0,0,0,400,0,0,0,-1,-11,1
D,56525,1,400,0,0,0,400,0,0,0,-1,-11,1
D,56535,1,400,0,0,0,400,0,0,0,-1,-11,1
D,56545,1,400,0,0,0,400,0,0,0,-1,-11,1
D,56555,1,400,0,0,0,400,0,0,0,-1,-11,1
D,56565,1,400,0,0,0,400,0,0,0,-1,-11,1
D,56575,1,400,0,0,0,400,0,0,0,-1,-11,1
D,56585,1,400,0,0,0,400,0,0,0,-1,-11,1
D,56595,1,400,0,0,0,400,0,0,0,-1,-11,1
D,56605,1,400,0,0,0,400,0,0,0,-1,-11,1
D,56615,1,400,0,0,0,400,0,0,0,-1,-11,1
D,56625,1,400,0,0,0,400,0,0,0,-1,-11,1
D,56635,1,400,0,0,0,400,0,0,0,-1,-11,1
D,56645,1,400,0,0,0,400,0,0,0,-1,-11,1
D,56655,1,400,0,0,0,400,0,0,0,-1,-11,1
D,56665,1,400,0,0,0,400,0,0,0,-1,-11,1
D,56675,1,400,0,0,0,400,0,0,0,-1,-11,1
D,56685,1,400,0,0,0,400,0,0,0,-1,-11,1
D,56695,1,400,0,0,0,400,0,0,0,-1,-11,1
D,56705,1,400,0,0,0,400,0,0,0,-1,-11,1
D,56715,1,400,0,0,0,400,0,0,0,-1,-11,1
D,56725,1,400,0,0,0,400,0,0,0,-1,-11,1
D,56735,1,400,0,0,0,400,0,0,0,-1,-11,1
D,56745,1,400,0,0,0,400,0,0,0,-1,-11,1
D,56755,1,400,0,0,0,400,0,0,0,-1,-11,1
D,56765,1,400,0,0,0,400,0,0,0,-1,-11,1
D,56775,1,400,0,0,0,400,0,0,0,-1,-11,1
D,56785,1,400,0,0,0,400,0,0,0,-1,-11,1
D,56795,1,400,0,0,0,400,0,0,0,-1,-11,1
D,56805,1,400,0,0,0,400,0,0,0,-1,-11,1
D,56815,1,400,0,0,0,400,0,0,0,-1,-11,1
D,56825,1,400,0,0,0,400,0,0,0,-1,-11,1
D,56835,1,400,0,0,0,400,0,0,0,-1,-11,1
D,56845,1,400,0,0,0,400,0,0,0,-1,-11,1
D,56855,1,400,0,0,0,400,0,0,0,-1,-11,1
D,56865,1,400,0,0,0,400,0,0,0,-1,-11,1
D,56875,1,400,0,0,0,400,0,0,0,-1,-11,1
D,56885,1,400,0,0,0,400,0,0,0,-1,-11,1
D,56895,1,400,0,0,0,400,0,0,0,-1,-11,1
D,56905,1,400,0,0,0,400,0,0,0,-1,-11,1
D,56915,1,400,0,0,0,400,0,0,0,-1,-11,1
D,56925,1,400,0,0,0,400,0,0,0,-1,-11,1
D,56935,1,400,0,0,0,400,0,0,0,-1,-11,1
D,56945,1,400,0,0,0,400,0,0,0,-1,-11,1
D,56955,1,400,0,0,0,400,0,0,0,-1,-11,1
D,56965,1,400,0,0,0,400,0,0,0,-1,-11,1
D,56975,1,400,0,0,0,400,0,0,0,-1,-11,1
D,56985,1,400,0,0,0,400,0,0,0,-1,-11,1
D,56995,1,400,0,0,0,400,0,0,0,-1,-11,1
D,57005,1,400,0,0,0,400,0,0,0,-1,-11,1
D,57015,1,400,0,0,0,400,0,0,0,-1,-11,1
D,57025,1,400,0,0,0,400,0,0,0,-1,-11,1
D,57035,1,400,0,0,0,400,0,0,0,-1,-11,1
D,57045,1,400,0,0,0,400,0,0,0,-1,-11,1
D,57055,1,400,0,0,0,400,0,0,0,-1,-11,1
D,57065,1,400,0,0,0,400,0,0,0,-1,-11,1
D,57075,1,400,0,0,0,400,0,0,0,-1,-11,1
D,57085,1,400,0,0,0,400,0,0,0,-1,-11,1
D,57095,1,400,0,0,0,400,0,0,0,-1,-11,1
D,57105,1,400,0,0,0,400,0,0,0,-1,-11,1
D,57115,1,400,0,0,0,400,0,0,0,-1,-11,1
D,57125,1,400,0,0,0,400,0,0,0,-1,-11,1
D,57135,1,400,0,0,0,400,0,0,0,-1,-11,1
D,57145,1,400,0,0,0,400,0,0,0,-1,-11,1
D,57155,1,400,0,0,0,400,0,0,0,-1,-11,1
D,57165,1,400,0,0,0,400,0,0,0,-1,-11,1
D,57175,1,400,0,0,0,400,0,0,0,-1,-11,1
D,57185,1,400,0,0,0,400,0,0,0,-1,-11,1
D,57195,1,400,0,0,0,400,0,0,0,-1,-11,1
D,57205,1,400,0,0,0,400,0,0,0,-1,-11,1
D,57215,1,400,0,0,0,400,0,0,0,-1,-11,1
D,57225,1,400,0,0,0,400,0,0,0,-1,-11,1
D,57235,1,400,0,0,0,400,0,0,0,-1,-11,1
D,57245,1,400,0,0,0,400,0,0,0,-1,-11,1
D,57255,1,400,0,0,0,400,0,0,0,-1,-11,1
D,57265,1,400,0,0,0,400,0,0,0,-1,-11,1
D,57275,1,400,0,0,0,400,0,0,0,-1,-11,1
D,57285,1,400,0,0,0,400,0,0,0,-1,-11,1
D,57295,1,400,0,0,0,400,0,0,0,-1,-11,1
D,57305,1,400,0,0,0,400,0,0,0,-1,-11,1
D,57315,1,400,0,0,0,400,0,0,0,-1,-11,1
D,57325,1,400,0,0,0,400,0,0,0,-1,-11,1
D,57335,1,400,0,0,0,400,0,0,0,-1,-11,1
D,57345,1,400,0,0,0,400,0,0,0,-1,-11,1
D,57355,1,400,0,0,0,400,0,0,0,-1,-11,1
D,57365,1,400,0,0,0,400,0,0,0,-1,-11,1
D,57375,1,400,0,0,0,400,0,0,0,-1,-11,1
D,57385,1,400,0,0,0,400,0,0,0,-1,-11,1
D,57395,1,400,0,0,0,400,0,0,0,-1,-11,1
D,57405,1,400,0,0,0,400,0,0,0,-1,-11,1
D,57415,1,400,0,0,0,400,0,0,0,-1,-11,1
D,57425,1,400,0,0,0,400,0,0,0,-1,-11,1
D,57435,1,400,0,0,0,400,0,0,0,-1,-11,1
D,57445,1,400,0,0,0,400,0,0,0,-1,-11,1
D,57455,1,400,0,0,0,400,0,0,0,-1,-11,1
D,57465,1,400,0,0,0,400,0,0,0,-1,-11,1
D,57475,1,400,0,0,0,400,0,0,0,-1,-11,1
D,57485,1,400,0,0,0,400,0,0,0,-1,-11,1
D,57495,1,400,0,0,0,400,0,0,0,-1,-11,1
D,57505,1,400,0,0,0,400,0,0,0,-1,-11,1
D,57515,1,400,0,0,0,400,0,0,0,-1,-11,1
D,57525,1,400,0,0,0,400,0,0,0,-1,-11,1
D,57535,1,400,0,0,0,400,0,0,0,-1,-11,1
D,57545,1,400,0,0,0,400,0,0,0,-1,-11,1
D,57555,1,400,0,0,0,400,0,0,0,-1,-11,1
D,57565,1,400,0,0,0,400,0,0,0,-1,-11,1
D,57575,1,400,0,0,0,400,0,0,0,-1,-11,1
D,57585,1,400,0,0,0,400,0,0,0,-1,-11,1
D,57595,1,400,0,0,0,400,0,0,0,-1,-11,1
D,57605,1,400,0,0,0,400,0,0,0,-1,-11,1
D,57615,1,400,0,0,0,400,0,0,0,-1,-11,1
D,57625,1,400,0,0,0,400,0,0,0,-1,-11,1
D,57635,1,400,0,0,0,400,0,0,0,-1,-11,1
D,57645,1,400,0,0,0,400,0,0,0,-1,-11,1
D,57655,1,400,0,0,0,400,0,0,0,-1,-11,1
D,57665,1,400,0,0,0,400,0,0,0,-1,-11,1
D,57675,1,400,0,0,0,400,0,0,0,-1,-11,1
D,57685,1,400,0,0,0,400,0,0,0,-1,-11,1
D,57695,1,400,0,0,0,400,0,0,0,-1,-11,1
D,57705,1,400,0,0,0,400,0,0,0,-1,-11,1
D,57715,1,400,0,0,0,400,0,0,0,-1,-11,1
D,57725,1,400,0,0,0,400,0,0,0,-1,-11,1
D,57735,1,400,0,0,0,400,0,0,0,-1,-11,1
D,57745,1,400,0,0,0,400,0,0,0,-1,-11,1
D,57755,1,400,0,0,0,400,0,0,0,-1,-11,1
D,57765,1,400,0,0,0,400,0,0,0,-1,-11,1
D,57775,1,400,0,0,0,400,0,0,0,-1,-11,1
D,57785,1,400,0,0,0,400,0,0,0,-1,-11,1
D,57795,1,400,0,0,0,400,0,0,0,-1,-11,1
D,57805,1,400,0,0,0,400,0,0,0,-1,-11,1
D,57815,1,400,0,0,0,400,0,0,0,-1,-11,1
D,57825,1,400,0,0,0,400,0,0,0,-1,-11,1
D,57835,1,400,0,0,0,400,0,0,0,-1,-11,1
D,57845,1,400,0,0,0,400,0,0,0,-1,-11,1
D,57855,1,400,0,0,0,400,0,0,0,-1,-11,1
D,57865,1,400,0,0,0,400,0,0,0,-1,-11,1
D,57875,1,400,0,0,0,400,0,0,0,-1,-11,1
D,57885,1,400,0,0,0,400,0,0,0,-1,-11,1
D,57895,1,400,0,0,0,400,0,0,0,-1,-11,1
D,57905,1,400,0,0,0,400,0,0,0,-1,-11,1
D,57915,1,400,0,0,0,400,0,0,0,-1,-11,1
D,57925,1,400,0,0,0,400,0,0,0,-1,-11,1
D,57935,1,400,0,0,0,400,0,0,0,-1,-11,1
D,57945,1,400,0,0,0,400,0,0,0,-1,-11,1
D,57955,1,400,0,0,0,400,0,0,0,-1,-11,1
D,57965,1,400,0,0,0,400,0,0,0,-1,-11,1
D,57975,1,400,0,0,0,400,0,0,0,-1,-11,1
D,57985,1,400,0,0,0,400,0,0,0,-1,-11,1
D,57995,1,400,0,0,0,400,0,0,0,-1,-11,1
D,58005,1,400,0,0,0,400,0,0,0,-1,-11,1
D,58015,1,400,0,0,0,400,0,0,0,-1,-11,1
D,58025,1,400,0,0,0,400,0,0,0,-1,-11,1
D,58035,1,400,0,0,0,400,0,0,0,-1,-11,1
D,58045,1,400,0,0,0,400,0,0,0,-1,-11,1
D,58055,1,400,0,0,0,400,0,0,0,-1,-11,1
D,58065,1,400,0,0,0,400,0,0,0,-1,-11,1
D,58075,1,400,0,0,0,400,0,0,0,-1,-11,1
D,58085,1,400,0,0,0,400,0,0,0,-1,-11,1
D,58095,1,400,0,0,0,400,0,0,0,-1,-11,1
D,58105,1,400,0,0,0,400,0,0,0,-1,-11,1
D,58115,1,400,0,0,0,400,0,0,0,-1,-11,1
D,58125,1,400,0,0,0,400,0,0,0,-1,-11,1
D,58135,1,400,0,0,0,400,0,0,0,-1,-11,1
D,58145,1,400,0,0,0,400,0,0,0,-1,-11,1
D,58155,1,400,0,0,0,400,0,0,0,-1,-11,1
D,58165,1,400,0,0,0,400,0,0,0,-1,-11,1
D,58175,1,400,0,0,0,400,0,0,0,-1,-11,1
D,58185,1,400,0,0,0,400,0,0,0,-1,-11,1
D,58195,1,400,0,0,0,400,0,0,0,-1,-11,1
D,58205,1,400,0,0,0,400,0,0,0,-1,-11,1
D,58215,1,400,0,0,0,400,0,0,0,-1,-11,1
D,58225,1,400,0,0,0,400,0,0,0,-1,-11,1
D,58235,1,400,0,0,0,400,0,0,0,-1,-11,1
D,58245,1,400,0,0,0,400,0,0,0,-1,-11,1
D,58255,1,400,0,0,0,400,0,0,0,-1,-11,1
D,58265,1,400,0,0,0,400,0,0,0,-1,-11,1
D,58275,1,400,0,0,0,400,0,0,0,-1,-11,1
D,58285,1,400,0,0,0,400,0,0,0,-1,-11,1
D,58295,1,400,0,0,0,400,0,0,0,-1,-11,1
D,58305,1,400,0,0,0,400,0,0,0,-1,-11,1
D,58315,1,400,0,0,0,400,0,0,0,-1,-11,1
D,58325,1,400,0,0,0,400,0,0,0,-1,-11,1
D,58335,1,400,0,0,0,400,0,0,0,-1,-11,1
D,58345,1,400,0,0,0,400,0,0,0,-1,-11,1
D,58355,1,400,0,0,0,400,0,0,0,-1,-11,1
D,58365,1,400,0,0,0,400,0,0,0,-1,-11,1
D,58375,1,400,0,0,0,400,0,0,0,-1,-11,1
D,58385,1,400,0,0,0,400,0,0,0,-1,-11,1
D,58395,1,400,0,0,0,400,0,0,0,-1,-11,1
D,58405,1,400,0,0,0,400,0,0,0,-1,-11,1
D,58415,1,400,0,0,0,400,0,0,0,-1,-11,1
D,58425,1,400,0,0,0,400,0,0,0,-1,-11,1
D,58435,1,400,0,0,0,400,0,0,0,-1,-11,1
D,58445,1,400,0,0,0,400,0,0,0,-1,-11,1
D,58455,1,400,0,0,0,400,0,0,0,-1,-11,1
D,58465,1,400,0,0,0,400,0,0,0,-1,-11,1
D,58475,1,400,0,0,0,400,0,0,0,-1,-11,1
D,58485,1,400,0,0,0,400,0,0,0,-1,-11,1
D,58495,1,400,0,0,0,400,0,0,0,-1,-11,1
D,58505,1,400,0,0,0,400,0,0,0,-1,-11,1
D,58515,1,400,0,0,0,400,0,0,0,-1,-11,1
D,58525,1,400,0,0,0,400,0,0,0,-1,-11,1
D,58535,1,400,0,0,0,400,0,0,0,-1,-11,1
D,58545,1,400,0,0,0,400,0,0,0,-1,-11,1
D,58555,1,400,0,0,0,400,0,0,0,-1,-11,1
D,58565,1,400,0,0,0,400,0,0,0,-1,-11,1
D,58575,1,400,0,0,0,400,0,0,0,-1,-11,1
D,58585,1,400,0,0,0,400,0,0,0,-1,-11,1
D,58595,1,400,0,0,0,400,0,0,0,-1,-11,1
D,58605,1,400,0,0,0,400,0,0,0,-1,-11,1
D,58615,1,400,0,0,0,400,0,0,0,-1,-11,1
D,58625,1,400,0,0,0,400,0,0,0,-1,-11,1
D,58635,1,400,0,0,0,400,0,0,0,-1,-11,1
D,58645,1,400,0,0,0,400,0,0,0,-1,-11,1
D,58655,1,400,0,0,0,400,0,0,0,-1,-11,1
D,58665,1,400,0,0,0,400,0,0,0,-1,-11,1
D,58675,1,400,0,0,0,400,0,0,0,-1,-11,1
D,58685,1,400,0,0,0,400,0,0,0,-1,-11,1
D,58695,1,400,0,0,0,400,0,0,0,-1,-11,1
D,58705,1,400,0,0,0,400,0,0,0,-1,-11,1
D,58715,1,400,0,0,0,400,0,0,0,-1,-11,1
D,58725,1,400,0,0,0,400,0,0,0,-1,-11,1
D,58735,1,400,0,0,0,400,0,0,0,-1,-11,1
D,58745,1,400,0,0,0,400,0,0,0,-1,-11,1
D,58755,1,400,0,0,0,400,0,0,0,-1,-11,1
D,58765,1,400,0,0,0,400,0,0,0,-1,-11,1
D,58775,1,400,0,0,0,400,0,0,0,-1,-11,1
D,58785,1,400,0,0,0,400,0,0,0,-1,-11,1
D,58795,1,400,0,0,0,400,0,0,0,-1,-11,1
D,58805,1,400,0,0,0,400,0,0,0,-1,-11,1
D,58815,1,400,0,0,0,400,0,0,0,-1,-11,1
D,58825,1,400,0,0,0,400,0,0,0,-1,-11,1
D,58835,1,400,0,0,0,400,0,0,0,-1,-11,1
D,58845,1,400,0,0,0,400,0,0,0,-1,-11,1
D,58855,1,400,0,0,0,400,0,0,0,-1,-11,1
D,58865,1,400,0,0,0,400,0,0,0,-1,-11,1
D,58875,1,400,0,0,0,400,0,0,0,-1,-11,1
D,58885,1,400,0,0,0,400,0,0,0,-1,-11,1
D,58895,1,400,0,0,0,400,0,0,0,-1,-11,1
D,58905,1,400,0,0,0,400,0,0,0,-1,-11,1
D,58915,1,400,0,0,0,400,0,0,0,-1,-11,1
D,58925,1,400,0,0,0,400,0,0,0,-1,-11,1
D,58935,1,400,0,0,0,400,0,0,0,-1,-11,1
D,58945,1,400,0,0,0,400,0,0,0,-1,-11,1
D,58955,1,400,0,0,0,400,0,0,0,-1,-11,1
D,58965,1,400,0,0,0,400,0,0,0,-1,-11,1
D,58975,1,400,0,0,0,400,0,0,0,-1,-11,1
D,58985,1,400,0,0,0,400,0,0,0,-1,-11,1
D,58995,1,400,0,0,0,400,0,0,0,-1,-11,1
D,59005,1,400,0,0,0,400,0,0,0,-1,-11,1
D,59015,1,400,0,0,0,400,0,0,0,-1,-11,1
D,59025,1,400,0,0,0,400,0,0,0,-1,-11,1
D,59035,1,400,0,0,0,400,0,0,0,-1,-11,1
D,59045,1,400,0,0,0,400,0,0,0,-1,-11,1
D,59055,1,400,0,0,0,400,0,0,0,-1,-11,1
D,59065,1,400,0,0,0,400,0,0,0,-1,-11,1
D,59075,1,400,0,0,0,400,0,0,0,-1,-11,1
D,59085,1,400,0,0,0,400,0,0,0,-1,-11,1
D,59095,1,400,0,0,0,400,0,0,0,-1,-11,1
D,59105,1,400,0,0,0,400,0,0,0,-1,-11,1
D,59115,1,400,0,0,0,400,0,0,0,-1,-11,1
D,59125,1,400,0,0,0,400,0,0,0,-1,-11,1
D,59135,1,400,0,0,0,400,0,0,0,-1,-11,1
D,59145,1,400,0,0,0,400,0,0,0,-1,-11,1
D,59155,1,400,0,0,0,400,0,0,0,-1,-11,1
D,59165,1,400,0,0,0,400,0,0,0,-1,-11,1
D,59175,1,400,0,0,0,400,0,0,0,-1,-11,1
D,59185,1,400,0,0,0,400,0,0,0,-1,-11,1
D,59195,1,400,0,0,0,400,0,0,0,-1,-11,1
D,59205,1,400,0,0,0,400,0,0,0,-1,-11,1
D,59215,1,400,0,0,0,400,0,0,0,-1,-11,1
D,59225,1,400,0,0,0,400,0,0,0,-1,-11,1
D,59235,1,400,0,0,0,400,0,0,0,-1,-11,1
D,59245,1,400,0,0,0,400,0,0,0,-1,-11,1
D,59255,1,400,0,0,0,400,0,0,0,-1,-11,1
D,59265,1,400,0,0,0,400,0,0,0,-1,-11,1
D,59275,1,400,0,0,0,400,0,0,0,-1,-11,1
D,59285,1,400,0,0,0,400,0,0,0,-1,-11,1
D,59295,1,400,0,0,0,400,0,0,0,-1,-11,1
D,59305,1,400,0,0,0,400,0,0,0,-1,-11,1
D,59315,1,400,0,0,0,400,0,0,0,-1,-11,1
D,59325,1,400,0,0,0,400,0,0,0,-1,-11,1
D,59335,1,400,0,0,0,400,0,0,0,-1,-11,1
D,59345,1,400,0,0,0,400,0,0,0,-1,-11,1
D,59355,1,400,0,0,0,400,0,0,0,-1,-11,1
D,59365,1,400,0,0,0,400,0,0,0,-1,-11,1
D,59375,1,400,0,0,0,400,0,0,0,-1,-11,1
D,59385,1,400,0,0,0,400,0,0,0,-1,-11,1
D,59395,1,400,0,0,0,400,0,0,0,-1,-11,1
D,59405,1,400,0,0,0,400,0,0,0,-1,-11,1
D,59415,1,400,0,0,0,400,0,0,0,-1,-11,1
D,59425,1,400,0,0,0,400,0,0,0,-1,-11,1
D,59435,1,400,0,0,0,400,0,0,0,-1,-11,1
D,59445,1,400,0,0,0,400,0,0,0,-1,-11,1
D,59455,1,400,0,0,0,400,0,0,0,-1,-11,1
D,59465,1,400,0,0,0,400,0,0,0,-1,-11,1
D,59475,1,400,0,0,0,400,0,0,0,-1,-11,1
D,59485,1,400,0,0,0,400,0,0,0,-1,-11,1
D,59495,1,400,0,0,0,400,0,0,0,-1,-11,1
D,59505,1,400,0,0,0,400,0,0,0,-1,-11,1
D,59515,1,400,0,0,0,400,0,0,0,-1,-11,1
D,59525,1,400,0,0,0,400,0,0,0,-1,-11,1
D,59535,1,400,0,0,0,400,0,0,0,-1,-11,1
D,59545,1,400,0,0,0,400,0,0,0,-1,-11,1
D,59555,1,400,0,0,0,400,0,0,0,-1,-11,1
D,59565,1,400,0,0,0,400,0,0,0,-1,-11,1
D,59575,1,400,0,0,0,400,0,0,0,-1,-11,1
D,59585,1,400,0,0,0,400,0,0,0,-1,-11,1
D,59595,1,400,0,0,0,400,0,0,0,-1,-11,1
D,59605,1,400,0,0,0,400,0,0,0,-1,-11,1
D,59615,1,400,0,0,0,400,0,0,0,-1,-11,1
D,59625,1,400,0,0,0,400,0,0,0,-1,-11,1
D,59635,1,400,0,0,0,400,0,0,0,-1,-11,1
D,59645,1,400,0,0,0,400,0,0,0,-1,-11,1
D,59655,1,400,0,0,0,400,0,0,0,-1,-11,1
D,59665,1,400,0,0,0,400,0,0,0,-1,-11,1
D,59675,1,400,0,0,0,400,0,0,0,-1,-11,1
D,59685,1,400,0,0,0,400,0,0,0,-1,-11,1
D,59695,1,400,0,0,0,400,0,0,0,-1,-11,1
D,59705,1,400,0,0,0,400,0,0,0,-1,-11,1
D,59715,1,400,0,0,0,400,0,0,0,-1,-11,1
D,59725,1,400,0,0,0,400,0,0,0,-1,-11,1
D,59735,1,400,0,0,0,400,0,0,0,-1,-11,1
D,59745,1,400,0,0,0,400,0,0,0,-1,-11,1
D,59755,1,400,0,0,0,400,0,0,0,-1,-11,1
D,59765,1,400,0,0,0,400,0,0,0,-1,-11,1
D,59775,1,400,0,0,0,400,0,0,0,-1,-11,1
D,59785,1,400,0,0,0,400,0,0,0,-1,-11,1
D,59795,1,400,0,0,0,400,0,0,0,-1,-11,1
D,59805,1,400,0,0,0,400,0,0,0,-1,-11,1
D,59815,1,400,0,0,0,400,0,0,0,-1,-11,1
D,59825,1,400,0,0,0,400,0,0,0,-1,-11,1
D,59835,1,400,0,0,0,400,0,0,0,-1,-11,1
D,59845,1,400,0,0,0,400,0,0,0,-1,-11,1
D,59855,1,400,0,0,0,400,0,0,0,-1,-11,1
D,59865,1,400,0,0,0,400,0,0,0,-1,-11,1
D,59875,1,400,0,0,0,400,0,0,0,-1,-11,1
D,59885,1,400,0,0,0,400,0,0,0,-1,-11,1
D,59895,1,400,0,0,0,400,0,0,0,-1,-11,1
D,59905,1,400,0,0,0,400,0,0,0,-1,-11,1
D,59915,1,400,0,0,0,400,0,0,0,-1,-11,1
D,59925,1,400,0,0,0,400,0,0,0,-1,-11,1
D,59935,1,400,0,0,0,400,0,0,0,-1,-11,1
D,59945,1,400,0,0,0,400,0,0,0,-1,-11,1
D,59955,1,400,0,0,0,400,0,0,0,-1,-11,1
D,59965,1,400,0,0,0,400,0,0,0,-1,-11,1
D,59975,1,400,0,0,0,400,0,0,0,-1,-11,1
D,59985,1,400,0,0,0,400,0,0,0,-1,-11,1
D,59995,1,400,0,0,0,400,0,0,0,-1,-11,1
D,60005,1,400,0,0,0,400,0,0,0,-1,-11,1
D,60015,1,400,0,0,0,400,0,0,0,-1,-11,1
D,60025,1,400,0,0,0,400,0,0,0,-1,-11,1
D,60035,1,400,0,0,0,400,0,0,0,-1,-11,1
D,60045,1,400,0,0,0,400,0,0,0,-1,-11,1
D,60055,1,400,0,0,0,400,0,0,0,-1,-11,1
D,60065,1,400,0,0,0,400,0,0,0,-1,-11,1
D,60075,1,400,0,0,0,400,0,0,0,-1,-11,1
D,60085,1,400,0,0,0,400,0,0,0,-1,-11,1
D,60095,1,400,0,0,0,400,0,0,0,-1,-11,1
D,60105,1,400,0,0,0,400,0,0,0,-1,-11,1
D,60115,1,400,0,0,0,400,0,0,0,-1,-11,1
D,60125,1,400,0,0,0,400,0,0,0,-1,-11,1
D,60135,1,400,0,0,0,400,0,0,0,-1,-11,1
D,60145,1,400,0,0,0,400,0,0,0,-1,-11,1
D,60155,1,400,0,0,0,400,0,0,0,-1,-11,1
D,60165,1,400,0,0,0,400,0,0,0,-1,-11,1
D,60175,1,400,0,0,0,400,0,0,0,-1,-11,1
D,60185,1,400,0,0,0,400,0,0,0,-1,-11,1
D,60195,1,400,0,0,0,400,0,0,0,-1,-11,1
D,60205,1,400,0,0,0,400,0,0,0,-1,-11,1
D,60215,1,400,0,0,0,400,0,0,0,-1,-11,1
D,60225,1,400,0,0,0,400,0,0,0,-1,-11,1
D,60235,1,400,0,0,0,400,0,0,0,-1,-11,1
D,60245,1,400,0,0,0,400,0,0,0,-1,-11,1
D,60255,1,400,0,0,0,400,0,0,0,-1,-11,1
D,60265,1,400,0,0,0,400,0,0,0,-1,-11,1
D,60275,1,400,0,0,0,400,0,0,0,-1,-11,1
D,60285,1,400,0,0,0,400,0,0,0,-1,-11,1
D,60295,1,400,0,0,0,400,0,0,0,-1,-11,1
D,60305,1,400,0,0,0,400,0,0,0,-1,-11,1
D,60315,1,400,0,0,0,400,0,0,0,-1,-11,1
D,60325,1,400,0,0,0,400,0,0,0,-1,-11,1
D,60335,1,400,0,0,0,400,0,0,0,-1,-11,1
D,60345,1,400,0,0,0,400,0,0,0,-1,-11,1
D,60355,1,400,0,0,0,400,0,0,0,-1,-11,1
D,60365,1,400,0,0,0,400,0,0,0,-1,-11,1
D,60375,1,400,0,0,0,400,0,0,0,-1,-11,1
D,60385,1,400,0,0,0,400,0,0,0,-1,-11,1
D,60395,1,400,0,0,0,400,0,0,0,-1,-11,1
D,60405,1,400,0,0,0,400,0,0,0,-1,-11,1
D,60415,1,400,0,0,0,400,0,0,0,-1,-11,1
D,60425,1,400,0,0,0,400,0,0,0,-1,-11,1
D,60435,1,400,0,0,0,400,0,0,0,-1,-11,1
D,60445,1,400,0,0,0,400,0,0,0,-1,-11,1
D,60455,1,400,0,0,0,400,0,0,0,-1,-11,1
D,60465,1,400,0,0,0,400,0,0,0,-1,-11,1
D,60475,1,400,0,0,0,400,0,0,0,-1,-11,1
D,60485,1,400,0,0,0,400,0,0,0,-1,-11,1
D,60495,1,400,0,0,0,400,0,0,0,-1,-11,1
D,60505,1,400,0,0,0,400,0,0,0,-1,-11,1
D,60515,1,400,0,0,0,400,0,0,0,-1,-11,1
D,60525,1,400,0,0,0,400,0,0,0,-1,-11,1
D,60535,1,400,0,0,0,400,0,0,0,-1,-11,1
D,60545,1,400,0,0,0,400,0,0,0,-1,-11,1
D,60555,1,400,0,0,0,400,0,0,0,-1,-11,1
D,60565,1,400,0,0,0,400,0,0,0,-1,-11,1
D,60575,1,400,0,0,0,400,0,0,0,-1,-11,1
D,60585,1,400,0,0,0,400,0,0,0,-1,-11,1
D,60595,1,400,0,0,0,400,0,0,0,-1,-11,1
D,60605,1,400,0,0,0,400,0,0,0,-1,-11,1
D,60615,1,400,0,0,0,400,0,0,0,-1,-11,1
D,60625,1,400,0,0,0,400,0,0,0,-1,-11,1
D,60635,1,400,0,0,0,400,0,0,0,-1,-11,1
D,60645,1,400,0,0,0,400,0,0,0,-1,-11,1
D,60655,1,400,0,0,0,400,0,0,0,-1,-11,1
D,60665,1,400,0,0,0,400,0,0,0,-1,-11,1
D,60675,1,400,0,0,0,400,0,0,0,-1,-11,1
D,60685,1,400,0,0,0,400,0,0,0,-1,-11,1
D,60695,1,400,0,0,0,400,0,0,0,-1,-11,1
D,60705,1,400,0,0,0,400,0,0,0,-1,-11,1
D,60715,1,400,0,0,0,400,0,0,0,-1,-11,1
D,60725,1,400,0,0,0,400,0,0,0,-1,-11,1
D,60735,1,400,0,0,0,400,0,0,0,-1,-11,1
D,60745,1,400,0,0,0,400,0,0,0,-1,-11,1
D,60755,1,400,0,0,0,400,0,0,0,-1,-11,1
D,60765,1,400,0,0,0,400,0,0,0,-1,-11,1
D,60775,1,400,0,0,0,400,0,0,0,-1,-11,1
D,60785,1,400,0,0,0,400,0,0,0,-1,-11,1
D,60795,1,400,0,0,0,400,0,0,0,-1,-11,1
D,60805,1,400,0,0,0,400,0,0,0,-1,-11,1
D,60815,1,400,0,0,0,400,0,0,0,-1,-11,1
D,60825,1,400,0,0,0,400,0,0,0,-1,-11,1
D,60835,1,400,0,0,0,400,0,0,0,-1,-11,1
D,60845,1,400,0,0,0,400,0,0,0,-1,-11,1
D,60855,1,400,0,0,0,400,0,0,0,-1,-11,1
D,60865,1,400,0,0,0,400,0,0,0,-1,-11,1
D,60875,1,400,0,0,0,400,0,0,0,-1,-11,1
D,60885,1,400,0,0,0,400,0,0,0,-1,-11,1
D,60895,1,400,0,0,0,400,0,0,0,-1,-11,1
D,60905,1,400,0,0,0,400,0,0,0,-1,-11,1
D,60915,1,400,0,0,0,400,0,0,0,-1,-11,1
D,60925,1,400,0,0,0,400,0,0,0,-1,-11,1
D,60935,1,400,0,0,0,400,0,0,0,-1,-11,1
D,60945,1,400,0,0,0,400,0,0,0,-1,-11,1
D,60955,1,400,0,0,0,400,0,0,0,-1,-11,1
D,60965,1,400,0,0,0,400,0,0,0,-1,-11,1
D,60975,1,400,0,0,0,400,0,0,0,-1,-11,1
D,60985,1,400,0,0,0,400,0,0,0,-1,-11,1
D,60995,1,400,0,0,0,400,0,0,0,-1,-11,1
D,61005,1,400,0,0,0,400,0,0,0,-1,-11,1
D,61015,1,400,0,0,0,400,0,0,0,-1,-11,1
D,61025,1,400,0,0,0,400,0,0,0,-1,-11,1
D,61035,1,400,0,0,0,400,0,0,0,-1,-11,1
D,61045,1,400,0,0,0,400,0,0,0,-1,-11,1
D,61055,1,400,0,0,0,400,0,0,0,-1,-11,1
D,61065,1,400,0,0,0,400,0,0,0,-1,-11,1
D,61075,1,400,0,0,0,400,0,0,0,-1,-11,1
D,61085,1,400,0,0,0,400,0,0,0,-1,-11,1
D,61095,1,400,0,0,0,400,0,0,0,-1,-11,1
D,61105,1,400,0,0,0,400,0,0,0,-1,-11,1
D,61115,1,400,0,0,0,400,0,0,0,-1,-11,1
D,61125,1,400,0,0,0,400,0,0,0,-1,-11,1
D,61135,1,400,0,0,0,400,0,0,0,-1,-11,1
D,61145,1,400,0,0,0,400,0,0,0,-1,-11,1
D,61155,1,400,0,0,0,400,0,0,0,-1,-11,1
D,61165,1,400,0,0,0,400,0,0,0,-1,-11,1
D,61175,1,400,0,0,0,400,0,0,0,-1,-11,1
D,61185,1,400,0,0,0,400,0,0,0,-1,-11,1
D,61195,1,400,0,0,0,400,0,0,0,-1,-11,1
D,61205,1,400,0,0,0,400,0,0,0,-1,-11,1
D,61215,1,400,0,0,0,400,0,0,0,-1,-11,1
D,61225,1,400,0,0,0,400,0,0,0,-1,-11,1
D,61235,1,400,0,0,0,400,0,0,0,-1,-11,1
D,61245,1,400,0,0,0,400,0,0,0,-1,-11,1
D,61255,1,400,0,0,0,400,0,0,0,-1,-11,1
D,61265,1,400,0,0,0,400,0,0,0,-1,-11,1
D,61275,1,400,0,0,0,400,0,0,0,-1,-11,1
D,61285,1,400,0,0,0,400,0,0,0,-1,-11,1
D,61295,1,400,0,0,0,400,0,0,0,-1,-11,1
D,61305,1,400,0,0,0,400,0,0,0,-1,-11,1
D,61315,1,400,0,0,0,400,0,0,0,-1,-11,1
D,61325,1,400,0,0,0,400,0,0,0,-1,-11,1
D,61335,1,400,0,0,0,400,0,0,0,-1,-11,1
D,61345,1,400,0,0,0,400,0,0,0,-1,-11,1
D,61355,1,400,0,0,0,400,0,0,0,-1,-11,1
D,61365,1,400,0,0,0,400,0,0,0,-1,-11,1
D,61375,1,400,0,0,0,400,0,0,0,-1,-11,1
D,61385,1,400,0,0,0,400,0,0,0,-1,-11,1
D,61395,1,400,0,0,0,400,0,0,0,-1,-11,1
D,61405,1,400,0,0,0,400,0,0,0,-1,-11,1
D,61415,1,400,0,0,0,400,0,0,0,-1,-11,1
D,61425,1,400,0,0,0,400,0,0,0,-1,-11,1
D,61435,1,400,0,0,0,400,0,0,0,-1,-11,1
D,61445,1,400,0,0,0,400,0,0,0,-1,-11,1
D,61455,1,400,0,0,0,400,0,0,0,-1,-11,1
D,61465,1,400,0,0,0,400,0,0,0,-1,-11,1
D,61475,1,400,0,0,0,400,0,0,0,-1,-11,1
D,61485,1,400,0,0,0,400,0,0,0,-1,-11,1
D,61495,1,400,0,0,0,400,0,0,0,-1,-11,1
D,61505,1,400,0,0,0,400,0,0,0,-1,-11,1
D,61515,1,400,0,0,0,400,0,0,0,-1,-11,1
D,61525,1,400,0,0,0,400,0,0,0,-1,-11,1
D,61535,1,400,0,0,0,400,0,0,0,-1,-11,1
D,61545,1,400,0,0,0,400,0,0,0,-1,-11,1
D,61555,1,400,0,0,0,400,0,0,0,-1,-11,1
D,61565,1,400,0,0,0,400,0,0,0,-1,-11,1
D,61575,1,400,0,0,0,400,0,0,0,-1,-11,1
D,61585,1,400,0,0,0,400,0,0,0,-1,-11,1
D,61595,1,400,0,0,0,400,0,0,0,-1,-11,1
D,61605,1,400,0,0,0,400,0,0,0,-1,-11,1
D,61615,1,400,0,0,0,400,0,0,0,-1,-11,1
D,61625,1,400,0,0,0,400,0,0,0,-1,-11,1
D,61635,1,400,0,0,0,400,0,0,0,-1,-11,1
D,61645,1,400,0,0,0,400,0,0,0,-1,-11,1
D,61655,1,400,0,0,0,400,0,0,0,-1,-11,1
D,61665,1,400,0,0,0,400,0,0,0,-1,-11,1
D,61675,1,400,0,0,0,400,0,0,0,-1,-11,1
D,61685,1,400,0,0,0,400,0,0,0,-1,-11,1
D,61695,1,400,0,0,0,400,0,0,0,-1,-11,1
D,61705,1,400,0,0,0,400,0,0,0,-1,-11,1
D,61715,1,400,0,0,0,400,0,0,0,-1,-11,1
D,61725,1,400,0,0,0,400,0,0,0,-1,-11,1
D,61735,1,400,0,0,0,400,0,0,0,-1,-11,1
D,61745,1,400,0,0,0,400,0,0,0,-1,-11,1
D,61755,1,400,0,0,0,400,0,0,0,-1,-11,1
D,61765,1,400,0,0,0,400,0,0,0,-1,-11,1
D,61775,1,400,0,0,0,400,0,0,0,-1,-11,1
D,61785,1,400,0,0,0,400,0,0,0,-1,-11,1
D,61795,1,400,0,0,0,400,0,0,0,-1,-11,1
D,61805,1,400,0,0,0,400,0,0,0,-1,-11,1
D,61815,1,400,0,0,0,400,0,0,0,-1,-11,1
D,61825,1,400,0,0,0,400,0,0,0,-1,-11,1
D,61835,1,400,0,0,0,400,0,0,0,-1,-11,1
D,61845,1,400,0,0,0,400,0,0,0,-1,-11,1
D,61855,1,400,0,0,0,400,0,0,0,-1,-11,1
D,61865,1,400,0,0,0,400,0,0,0,-1,-11,1
D,61875,1,400,0,0,0,400,0,0,0,-1,-11,1
D,61885,1,400,0,0,0,400,0,0,0,-1,-11,1
D,61895,1,400,0,0,0,400,0,0,0,-1,-11,1
D,61905,1,400,0,0,0,400,0,0,0,-1,-11,1
D,61915,1,400,0,0,0,400,0,0,0,-1,-11,1
D,61925,1,400,0,0,0,400,0,0,0,-1,-11,1
D,61935,1,400,0,0,0,400,0,0,0,-1,-11,1
D,61945,1,400,0,0,0,400,0,0,0,-1,-11,1
D,61955,1,400,0,0,0,400,0,0,0,-1,-11,1
D,61965,1,400,0,0,0,400,0,0,0,-1,-11,1
D,61975,1,400,0,0,0,400,0,0,0,-1,-11,1
D,61985,1,400,0,0,0,400,0,0,0,-1,-11,1
D,61995,1,400,0,0,0,400,0,0,0,-1,-11,1
D,62005,1,400,0,0,0,400,0,0,0,-1,-11,1
D,62015,1,400,0,0,0,400,0,0,0,-1,-11,1
D,62025,1,400,0,0,0,400,0,0,0,-1,-11,1
D,62035,1,400,0,0,0,400,0,0,0,-1,-11,1
D,62045,1,400,0,0,0,400,0,0,0,-1,-11,1
D,62055,1,400,0,0,0,400,0,0,0,-1,-11,1
D,62065,1,400,0,0,0,400,0,0,0,-1,-11,1
D,62075,1,400,0,0,0,400,0,0,0,-1,-11,1
D,62085,1,400,0,0,0,400,0,0,0,-1,-11,1
D,62095,1,400,0,0,0,400,0,0,0,-1,-11,1
D,62105,1,400,0,0,0,400,0,0,0,-1,-11,1
D,62115,1,400,0,0,0,400,0,0,0,-1,-11,1
D,62125,1,400,0,0,0,400,0,0,0,-1,-11,1
D,62135,1,400,0,0,0,400,0,0,0,-1,-11,1
D,62145,1,400,0,0,0,400,0,0,0,-1,-11,1
D,62155,1,400,0,0,0,400,0,0,0,-1,-11,1
D,62165,1,400,0,0,0,400,0,0,0,-1,-11,1
D,62175,1,400,0,0,0,400,0,0,0,-1,-11,1
D,62185,1,400,0,0,0,400,0,0,0,-1,-11,1
D,62195,1,400,0,0,0,400,0,0,0,-1,-11,1
D,62205,1,400,0,0,0,400,0,0,0,-1,-11,1
D,62215,1,400,0,0,0,400,0,0,0,-1,-11,1
D,62225,1,400,0,0,0,400,0,0,0,-1,-11,1
D,62235,1,400,0,0,0,400,0,0,0,-1,-11,1
D,62245,1,400,0,0,0,400,0,0,0,-1,-11,1
D,62255,1,400,0,0,0,400,0,0,0,-1,-11,1
D,62265,1,400,0,0,0,400,0,0,0,-1,-11,1
D,62275,1,400,0,0,0,400,0,0,0,-1,-11,1
D,62285,1,400,0,0,0,400,0,0,0,-1,-11,1
D,62295,1,400,0,0,0,400,0,0,0,-1,-11,1
D,62305,1,400,0,0,0,400,0,0,0,-1,-11,1
D,62315,1,400,0,0,0,400,0,0,0,-1,-11,1
D,62325,1,400,0,0,0,400,0,0,0,-1,-11,1
D,62335,1,400,0,0,0,400,0,0,0,-1,-11,1
D,62345,1,400,0,0,0,400,0,0,0,-1,-11,1
D,62355,1,400,0,0,0,400,0,0,0,-1,-11,1
D,62365,1,400,0,0,0,400,0,0,0,-1,-11,1
D,62375,1,400,0,0,0,400,0,0,0,-1,-11,1
D,62385,1,400,0,0,0,400,0,0,0,-1,-11,1
D,62395,1,400,0,0,0,400,0,0,0,-1,-11,1
D,62405,1,400,0,0,0,400,0,0,0,-1,-11,1
D,62415,1,400,0,0,0,400,0,0,0,-1,-11,1
D,62425,1,400,0,0,0,400,0,0,0,-1,-11,1
D,62435,1,400,0,0,0,400,0,0,0,-1,-11,1
D,62445,1,400,0,0,0,400,0,0,0,-1,-11,1
D,62455,1,400,0,0,0,400,0,0,0,-1,-11,1
D,62465,1,400,0,0,0,400,0,0,0,-1,-11,1
D,62475,1,400,0,0,0,400,0,0,0,-1,-11,1
D,62485,1,400,0,0,0,400,0,0,0,-1,-11,1
D,62495,1,400,0,0,0,400,0,0,0,-1,-11,1
D,62505,1,400,0,0,0,400,0,0,0,-1,-11,1
D,62515,1,400,0,0,0,400,0,0,0,-1,-11,1
D,62525,1,400,0,0,0,400,0,0,0,-1,-11,1
D,62535,1,400,0,0,0,400,0,0,0,-1,-11,1
D,62545,1,400,0,0,0,400,0,0,0,-1,-11,1
D,62555,1,400,0,0,0,400,0,0,0,-1,-11,1
D,62565,1,400,0,0,0,400,0,0,0,-1,-11,1
D,62575,1,400,0,0,0,400,0,0,0,-1,-11,1
D,62585,1,400,0,0,0,400,0,0,0,-1,-11,1
D,62595,1,400,0,0,0,400,0,0,0,-1,-11,1
D,62605,1,400,0,0,0,400,0,0,0,-1,-11,1
D,62615,1,400,0,0,0,400,0,0,0,-1,-11,1
D,62625,1,400,0,0,0,400,0,0,0,-1,-11,1
D,62635,1,400,0,0,0,400,0,0,0,-1,-11,1
D,62645,1,400,0,0,0,400,0,0,0,-1,-11,1
D,62655,1,400,0,0,0,400,0,0,0,-1,-11,1
D,62665,1,400,0,0,0,400,0,0,0,-1,-11,1
D,62675,1,400,0,0,0,400,0,0,0,-1,-11,1
D,62685,1,400,0,0,0,400,0,0,0,-1,-11,1
D,62695,1,400,0,0,0,400,0,0,0,-1,-11,1
D,62705,1,400,0,0,0,400,0,0,0,-1,-11,1
D,62715,1,400,0,0,0,400,0,0,0,-1,-11,1
D,62725,1,400,0,0,0,400,0,0,0,-1,-11,1
D,62735,1,400,0,0,0,400,0,0,0,-1,-11,1
D,62745,1,400,0,0,0,400,0,0,0,-1,-11,1
D,62755,1,400,0,0,0,400,0,0,0,-1,-11,1
D,62765,1,400,0,0,0,400,0,0,0,-1,-11,1
D,62775,1,400,0,0,0,400,0,0,0,-1,-11,1
D,62785,1,400,0,0,0,400,0,0,0,-1,-11,1
D,62795,1,400,0,0,0,400,0,0,0,-1,-11,1
D,62805,1,400,0,0,0,400,0,0,0,-1,-11,1
D,62815,1,400,0,0,0,400,0,0,0,-1,-11,1
D,62825,1,400,0,0,0,400,0,0,0,-1,-11,1
D,62835,1,400,0,0,0,400,0,0,0,-1,-11,1
D,62845,1,400,0,0,0,400,0,0,0,-1,-11,1
D,62855,1,400,0,0,0,400,0,0,0,-1,-11,1
D,62865,1,400,0,0,0,400,0,0,0,-1,-11,1
D,62875,1,400,0,0,0,400,0,0,0,-1,-11,1
D,62885,1,400,0,0,0,400,0,0,0,-1,-11,1
D,62895,1,400,0,0,0,400,0,0,0,-1,-11,1
D,62905,1,400,0,0,0,400,0,0,0,-1,-11,1
D,62915,1,400,0,0,0,400,0,0,0,-1,-11,1
D,62925,1,400,0,0,0,400,0,0,0,-1,-11,1
D,62935,1,400,0,0,0,400,0,0,0,-1,-11,1
D,62945,1,400,0,0,0,400,0,0,0,-1,-11,1
D,62955,1,400,0,0,0,400,0,0,0,-1,-11,1
D,62965,1,400,0,0,0,400,0,0,0,-1,-11,1
D,62975,1,400,0,0,0,400,0,0,0,-1,-11,1
D,62985,1,400,0,0,0,400,0,0,0,-1,-11,1
D,62995,1,400,0,0,0,400,0,0,0,-1,-11,1
D,63005,1,400,0,0,0,400,0,0,0,-1,-11,1
D,63015,1,400,0,0,0,400,0,0,0,-1,-11,1
D,63025,1,400,0,0,0,400,0,0,0,-1,-11,1
D,63035,1,400,0,0,0,400,0,0,0,-1,-11,1
D,63045,1,400,0,0,0,400,0,0,0,-1,-11,1
D,63055,1,400,0,0,0,400,0,0,0,-1,-11,1
D,63065,1,400,0,0,0,400,0,0,0,-1,-11,1
D,63075,1,400,0,0,0,400,0,0,0,-1,-11,1
D,63085,1,400,0,0,0,400,0,0,0,-1,-11,1
D,63095,1,400,0,0,0,400,0,0,0,-1,-11,1
D,63105,1,400,0,0,0,400,0,0,0,-1,-11,1
D,63115,1,400,0,0,0,400,0,0,0,-1,-11,1
D,63125,1,400,0,0,0,400,0,0,0,-1,-11,1
D,63135,1,400,0,0,0,400,0,0,0,-1,-11,1
D,63145,1,400,0,0,0,400,0,0,0,-1,-11,1
D,63155,1,400,0,0,0,400,0,0,0,-1,-11,1
D,63165,1,400,0,0,0,400,0,0,0,-1,-11,1
D,63175,1,400,0,0,0,400,0,0,0,-1,-11,1
D,63185,1,400,0,0,0,400,0,0,0,-1,-11,1
D,63195,1,400,0,0,0,400,0,0,0,-1,-11,1
D,63205,1,400,0,0,0,400,0,0,0,-1,-11,1
D,63215,1,400,0,0,0,400,0,0,0,-1,-11,1
D,63225,1,400,0,0,0,400,0,0,0,-1,-11,1
D,63235,1,400,0,0,0,400,0,0,0,-1,-11,1
D,63245,1,400,0,0,0,400,0,0,0,-1,-11,1
D,63255,1,400,0,0,0,400,0,0,0,-1,-11,1
D,63265,1,400,0,0,0,400,0,0,0,-1,-11,1
D,63275,1,400,0,0,0,400,0,0,0,-1,-11,1
D,63285,1,400,0,0,0,400,0,0,0,-1,-11,1
D,63295,1,400,0,0,0,400,0,0,0,-1,-11,1
D,63305,1,400,0,0,0,400,0,0,0,-1,-11,1
D,63315,1,400,0,0,0,400,0,0,0,-1,-11,1
D,63325,1,400,0,0,0,400,0,0,0,-1,-11,1
D,63335,1,400,0,0,0,400,0,0,0,-1,-11,1
D,63345,1,400,0,0,0,400,0,0,0,-1,-11,1
D,63355,1,400,0,0,0,400,0,0,0,-1,-11,1
D,63365,1,400,0,0,0,400,0,0,0,-1,-11,1
D,63375,1,400,0,0,0,400,0,0,0,-1,-11,1
D,63385,1,400,0,0,0,400,0,0,0,-1,-11,1
D,63395,1,400,0,0,0,400,0,0,0,-1,-11,1
D,63405,1,400,0,0,0,400,0,0,0,-1,-11,1
D,63415,1,400,0,0,0,400,0,0,0,-1,-11,1
D,63425,1,400,0,0,0,400,0,0,0,-1,-11,1
D,63435,1,400,0,0,0,400,0,0,0,-1,-11,1
D,63445,1,400,0,0,0,400,0,0,0,-1,-11,1
D,63455,1,400,0,0,0,400,0,0,0,-1,-11,1
D,63465,1,400,0,0,0,400,0,0,0,-1,-11,1
D,63475,1,400,0,0,0,400,0,0,0,-1,-11,1
D,63485,1,400,0,0,0,400,0,0,0,-1,-11,1
D,63495,1,400,0,0,0,400,0,0,0,-1,-11,1
D,63505,1,400,0,0,0,400,0,0,0,-1,-11,1
D,63515,1,400,0,0,0,400,0,0,0,-1,-11,1
D,63525,1,400,0,0,0,400,0,0,0,-1,-11,1
D,63535,1,400,0,0,0,400,0,0,0,-1,-11,1
D,63545,1,400,0,0,0,400,0,0,0,-1,-11,1
D,63555,1,400,0,0,0,400,0,0,0,-1,-11,1
D,63565,1,400,0,0,0,400,0,0,0,-1,-11,1
D,63575,1,400,0,0,0,400,0,0,0,-1,-11,1
D,63585,1,400,0,0,0,400,0,0,0,-1,-11,1
D,63595,1,400,0,0,0,400,0,0,0,-1,-11,1
D,63605,1,400,0,0,0,400,0,0,0,-1,-11,1
D,63615,1,400,0,0,0,400,0,0,0,-1,-11,1
D,63625,1,400,0,0,0,400,0,0,0,-1,-11,1
D,63635,1,400,0,0,0,400,0,0,0,-1,-11,1
D,63645,1,400,0,0,0,400,0,0,0,-1,-11,1
D,63655,1,400,0,0,0,400,0,0,0,-1,-11,1
D,63665,1,400,0,0,0,400,0,0,0,-1,-11,1
D,63675,1,400,0,0,0,400,0,0,0,-1,-11,1
D,63685,1,400,0,0,0,400,0,0,0,-1,-11,1
D,63695,1,400,0,0,0,400,0,0,0,-1,-11,1
D,63705,1,400,0,0,0,400,0,0,0,-1,-11,1
D,63715,1,400,0,0,0,400,0,0,0,-1,-11,1
D,63725,1,400,0,0,0,400,0,0,0,-1,-11,1
D,63735,1,400,0,0,0,400,0,0,0,-1,-11,1
D,63745,1,400,0,0,0,400,0,0,0,-1,-11,1
D,63755,1,400,0,0,0,400,0,0,0,-1,-11,1
D,63765,1,400,0,0,0,400,0,0,0,-1,-11,1
D,63775,1,400,0,0,0,400,0,0,0,-1,-11,1
D,63785,1,400,0,0,0,400,0,0,0,-1,-11,1
D,63795,1,400,0,0,0,400,0,0,0,-1,-11,1
D,63805,1,400,0,0,0,400,0,0,0,-1,-11,1
D,63815,1,400,0,0,0,400,0,0,0,-1,-11,1
D,63825,1,400,0,0,0,400,0,0,0,-1,-11,1
D,63835,1,400,0,0,0,400,0,0,0,-1,-11,1
D,63845,1,400,0,0,0,400,0,0,0,-1,-11,1
D,63855,1,400,0,0,0,400,0,0,0,-1,-11,1
D,63865,1,400,0,0,0,400,0,0,0,-1,-11,1
D,63875,1,400,0,0,0,400,0,0,0,-1,-11,1
D,63885,1,400,0,0,0,400,0,0,0,-1,-11,1
D,63895,1,400,0,0,0,400,0,0,0,-1,-11,1
D,63905,1,400,0,0,0,400,0,0,0,-1,-11,1
D,63915,1,400,0,0,0,400,0,0,0,-1,-11,1
D,63925,1,400,0,0,0,400,0,0,0,-1,-11,1
D,63935,1,400,0,0,0,400,0,0,0,-1,-11,1
D,63945,1,400,0,0,0,400,0,0,0,-1,-11,1
D,63955,1,400,0,0,0,400,0,0,0,-1,-11,1
D,63965,1,400,0,0,0,400,0,0,0,-1,-11,1
D,63975,1,400,0,0,0,400,0,0,0,-1,-11,1
D,63985,1,400,0,0,0,400,0,0,0,-1,-11,1
D,63995,1,400,0,0,0,400,0,0,0,-1,-11,1
D,64005,1,400,0,0,0,400,0,0,0,-1,-11,1
D,64015,1,400,0,0,0,400,0,0,0,-1,-11,1
D,64025,1,400,0,0,0,400,0,0,0,-1,-11,1
D,64035,1,400,0,0,0,400,0,0,0,-1,-11,1
D,64045,1,400,0,0,0,400,0,0,0,-1,-11,1
D,64055,1,400,0,0,0,400,0,0,0,-1,-11,1
D,64065,1,400,0,0,0,400,0,0,0,-1,-11,1
D,64075,1,400,0,0,0,400,0,0,0,-1,-11,1
D,64085,1,400,0,0,0,400,0,0,0,-1,-11,1
D,64095,1,400,0,0,0,400,0,0,0,-1,-11,1
D,64105,1,400,0,0,0,400,0,0,0,-1,-11,1
D,64115,1,400,0,0,0,400,0,0,0,-1,-11,1
D,64125,1,400,0,0,0,400,0,0,0,-1,-11,1
D,64135,1,400,0,0,0,400,0,0,0,-1,-11,1
D,64145,1,400,0,0,0,400,0,0,0,-1,-11,1
D,64155,1,400,0,0,0,400,0,0,0,-1,-11,1
D,64165,1,400,0,0,0,400,0,0,0,-1,-11,1
D,64175,1,400,0,0,0,400,0,0,0,-1,-11,1
D,64185,1,400,0,0,0,400,0,0,0,-1,-11,1
D,64195,1,400,0,0,0,400,0,0,0,-1,-11,1
D,64205,1,400,0,0,0,400,0,0,0,-1,-11,1
D,64215,1,400,0,0,0,400,0,0,0,-1,-11,1
D,64225,1,400,0,0,0,400,0,0,0,-1,-11,1
D,64235,1,400,0,0,0,400,0,0,0,-1,-11,1
D,64245,1,400,0,0,0,400,0,0,0,-1,-11,1
D,64255,1,400,0,0,0,400,0,0,0,-1,-11,1
D,64265,1,400,0,0,0,400,0,0,0,-1,-11,1
D,64275,1,400,0,0,0,400,0,0,0,-1,-11,1
D,64285,1,400,0,0,0,400,0,0,0,-1,-11,1
D,64295,1,400,0,0,0,400,0,0,0,-1,-11,1
D,64305,1,400,0,0,0,400,0,0,0,-1,-11,1
D,64315,1,400,0,0,0,400,0,0,0,-1,-11,1
D,64325,1,400,0,0,0,400,0,0,0,-1,-11,1
D,64335,1,400,0,0,0,400,0,0,0,-1,-11,1
D,64345,1,400,0,0,0,400,0,0,0,-1,-11,1
D,64355,1,400,0,0,0,400,0,0,0,-1,-11,1
D,64365,1,400,0,0,0,400,0,0,0,-1,-11,1
D,64375,1,400,0,0,0,400,0,0,0,-1,-11,1
D,64385,1,400,0,0,0,400,0,0,0,-1,-11,1
D,64395,1,400,0,0,0,400,0,0,0,-1,-11,1
D,64405,1,400,0,0,0,400,0,0,0,-1,-11,1
D,64415,1,400,0,0,0,400,0,0,0,-1,-11,1
D,64425,1,400,0,0,0,400,0,0,0,-1,-11,1
D,64435,1,400,0,0,0,400,0,0,0,-1,-11,1
D,64445,1,400,0,0,0,400,0,0,0,-1,-11,1
D,64455,1,400,0,0,0,400,0,0,0,-1,-11,1
D,64465,1,400,0,0,0,400,0,0,0,-1,-11,1
D,64475,1,400,0,0,0,400,0,0,0,-1,-11,1
D,64485,1,400,0,0,0,400,0,0,0,-1,-11,1
D,64495,1,400,0,0,0,400,0,0,0,-1,-11,1
D,64505,1,400,0,0,0,400,0,0,0,-1,-11,1
D,64515,1,400,0,0,0,400,0,0,0,-1,-11,1
D,64525,1,400,0,0,0,400,0,0,0,-1,-11,1
D,64535,1,400,0,0,0,400,0,0,0,-1,-11,1
D,64545,1,400,0,0,0,400,0,0,0,-1,-11,1
D,64555,1,400,0,0,0,400,0,0,0,-1,-11,1
D,64565,1,400,0,0,0,400,0,0,0,-1,-11,1
D,64575,1,400,0,0,0,400,0,0,0,-1,-11,1
D,64585,1,400,0,0,0,400,0,0,0,-1,-11,1
D,64595,1,400,0,0,0,400,0,0,0,-1,-11,1
D,64605,1,400,0,0,0,400,0,0,0,-1,-11,1
D,64615,1,400,0,0,0,400,0,0,0,-1,-11,1
D,64625,1,400,0,0,0,400,0,0,0,-1,-11,1
D,64635,1,400,0,0,0,400,0,0,0,-1,-11,1
D,64645,1,400,0,0,0,400,0,0,0,-1,-11,1
D,64655,1,400,0,0,0,400,0,0,0,-1,-11,1
D,64665,1,400,0,0,0,400,0,0,0,-1,-11,1
D,64675,1,400,0,0,0,400,0,0,0,-1,-11,1
D,64685,1,400,0,0,0,400,0,0,0,-1,-11,1
D,64695,1,400,0,0,0,400,0,0,0,-1,-11,1
D,64705,1,400,0,0,0,400,0,0,0,-1,-11,1
D,64715,1,400,0,0,0,400,0,0,0,-1,-11,1
D,64725,1,400,0,0,0,400,0,0,0,-1,-11,1
D,64735,1,400,0,0,0,400,0,0,0,-1,-11,1
D,64745,1,400,0,0,0,400,0,0,0,-1,-11,1
D,64755,1,400,0,0,0,400,0,0,0,-1,-11,1
D,64765,1,400,0,0,0,400,0,0,0,-1,-11,1
D,64775,1,400,0,0,0,400,0,0,0,-1,-11,1
D,64785,1,400,0,0,0,400,0,0,0,-1,-11,1
D,64795,1,400,0,0,0,400,0,0,0,-1,-11,1
D,64805,1,400,0,0,0,400,0,0,0,-1,-11,1
D,64815,1,400,0,0,0,400,0,0,0,-1,-11,1
D,64825,1,400,0,0,0,400,0,0,0,-1,-11,1
D,64835,1,400,0,0,0,400,0,0,0,-1,-11,1
D,64845,1,400,0,0,0,400,0,0,0,-1,-11,1
D,64855,1,400,0,0,0,400,0,0,0,-1,-11,1
D,64865,1,400,0,0,0,400,0,0,0,-1,-11,1
D,64875,1,400,0,0,0,400,0,0,0,-1,-11,1
D,64885,1,400,0,0,0,400,0,0,0,-1,-11,1
D,64895,1,400,0,0,0,400,0,0,0,-1,-11,1
D,64905,1,400,0,0,0,400,0,0,0,-1,-11,1
D,64915,1,400,0,0,0,400,0,0,0,-1,-11,1
D,64925,1,400,0,0,0,400,0,0,0,-1,-11,1
D,64935,1,400,0,0,0,400,0,0,0,-1,-11,1
D,64945,1,400,0,0,0,400,0,0,0,-1,-11,1
D,64955,1,400,0,0,0,400,0,0,0,-1,-11,1
D,64965,1,400,0,0,0,400,0,0,0,-1,-11,1
D,64975,1,400,0,0,0,400,0,0,0,-1,-11,1
D,64985,1,400,0,0,0,400,0,0,0,-1,-11,1
D,64995,1,400,0,0,0,400,0,0,0,-1,-11,1
D,65005,1,400,0,0,0,400,0,0,0,-1,-11,1
D,65015,0,0,0,0,0,0,0,0,0,-1,-11,1
D,65025,0,0,0,0,0,0,0,0,0,-1,-11,1
D,65035,0,0,0,0,0,0,0,0,0,-1,-11,1
D,65045,0,0,0,0,0,0,0,0,0,-1,-11,1
D,65055,0,0,0,0,0,0,0,0,0,-1,-11,1
D,65065,0,0,0,0,0,0,0,0,0,-1,-11,1
D,65075,0,0,0,0,0,0,0,0,0,-1,-11,1
D,65085,0,0,0,0,0,0,0,0,0,-1,-11,1
D,65095,0,0,0,0,0,0,0,0,0,-1,-11,1
D,65105,0,0,0,0,0,0,0,0,0,-1,-11,1
D,65115,0,0,0,0,0,0,0,0,0,-1,-11,1
D,65125,0,0,0,0,0,0,0,0,0,-1,-11,1
D,65135,0,0,0,0,0,0,0,0,0,-1,-11,1
D,65145,0,0,0,0,0,0,0,0,0,-1,-11,1
D,65155,0,0,0,0,0,0,0,0,0,-1,-11,1
D,65165,0,0,0,0,0,0,0,0,0,-1,-11,1
D,65175,0,0,0,0,0,0,0,0,0,-1,-11,1
D,65185,0,0,0,0,0,0,0,0,0,-1,-11,1
D,65195,0,0,0,0,0,0,0,0,0,-1,-11,1
D,65205,0,0,0,0,0,0,0,0,0,-1,-11,1
D,65215,0,0,0,0,0,0,0,0,0,-1,-11,1
D,65225,0,0,0,0,0,0,0,0,0,-1,-11,1
D,65235,0,0,0,0,0,0,0,0,0,-1,-11,1
D,65245,0,0,0,0,0,0,0,0,0,-1,-11,1
D,65255,0,0,0,0,0,0,0,0,0,-1,-11,1
D,65265,0,0,0,0,0,0,0,0,0,-1,-11,1
D,65275,0,0,0,0,0,0,0,0,0,-1,-11,1
D,65285,0,0,0,0,0,0,0,0,0,-1,-11,1
D,65295,0,0,0,0,0,0,0,0,0,-1,-11,1
D,65305,0,0,0,0,0,0,0,0,0,-1,-11,1
D,65315,0,0,0,0,0,0,0,0,0,-1,-11,1
D,65325,0,0,0,0,0,0,0,0,0,-1,-11,1
D,65335,0,0,0,0,0,0,0,0,0,-1,-11,1
D,65345,0,0,0,0,0,0,0,0,0,-1,-11,1
D,65355,0,0,0,0,0,0,0,0,0,-1,-11,1
D,65365,0,0,0,0,0,0,0,0,0,-1,-11,1
D,65375,0,0,0,0,0,0,0,0,0,-1,-11,1
D,65385,0,0,0,0,0,0,0,0,0,-1,-11,1
D,65395,0,0,0,0,0,0,0,0,0,-1,-11,1
D,65405,0,0,0,0,0,0,0,0,0,-1,-11,1
D,65415,0,0,0,0,0,0,0,0,0,-1,-11,1
D,65425,0,0,0,0,0,0,0,0,0,-1,-11,1
D,65435,0,0,0,0,0,0,0,0,0,-1,-11,1
D,65445,0,0,0,0,0,0,0,0,0,-1,-11,1
D,65455,0,0,0,0,0,0,0,0,0,-1,-11,1
D,65465,0,0,0,0,0,0,0,0,0,-1,-11,1
D,65475,0,0,0,0,0,0,0,0,0,-1,-11,1
D,65485,0,0,0,0,0,0,0,0,0,-1,-11,1
D,65495,0,0,0,0,0,0,0,0,0,-1,-11,1
D,65505,0,0,0,0,0,0,0,0,0,-1,-11,1
D,65515,0,0,0,0,0,0,0,0,0,-1,-11,1
D,65525,0,0,0,0,0,0,0,0,0,-1,-11,1
D,65535,0,0,0,0,0,0,0,0,0,-1,-11,1
D,65545,0,0,0,0,0,0,0,0,0,-1,-11,1
D,65555,0,0,0,0,0,0,0,0,0,-1,-11,1
D,65565,0,0,0,0,0,0,0,0,0,-1,-11,1
D,65575,0,0,0,0,0,0,0,0,0,-1,-11,1
D,65585,0,0,0,0,0,0,0,0,0,-1,-11,1
D,65595,0,0,0,0,0,0,0,0,0,-1,-11,1
D,65605,0,0,0,0,0,0,0,0,0,-1,-11,1
D,65615,0,0,0,0,0,0,0,0,0,-1,-11,1
D,65625,0,0,0,0,0,0,0,0,0,-1,-11,1
D,65635,0,0,0,0,0,0,0,0,0,-1,-11,1
D,65645,0,0,0,0,0,0,0,0,0,-1,-11,1
D,65655,0,0,0,0,0,0,0,0,0,-1,-11,1
D,65665,0,0,0,0,0,0,0,0,0,-1,-11,1
D,65675,0,0,0,0,0,0,0,0,0,-1,-11,1
D,65685,0,0,0,0,0,0,0,0,0,-1,-11,1
D,65695,0,0,0,0,0,0,0,0,0,-1,-11,1
D,65705,0,0,0,0,0,0,0,0,0,-1,-11,1
D,65715,0,0,0,0,0,0,0,0,0,-1,-11,1
D,65725,0,0,0,0,0,0,0,0,0,-1,-11,1
D,65735,0,0,0,0,0,0,0,0,0,-1,-11,1
D,65745,0,0,0,0,0,0,0,0,0,-1,-11,1
D,65755,0,0,0,0,0,0,0,0,0,-1,-11,1
D,65765,0,0,0,0,0,0,0,0,0,-1,-11,1
D,65775,0,0,0,0,0,0,0,0,0,-1,-11,1
D,65785,0,0,0,0,0,0,0,0,0,-1,-11,1
D,65795,0,0,0,0,0,0,0,0,0,-1,-11,1
D,65805,0,0,0,0,0,0,0,0,0,-1,-11,1
D,65815,0,0,0,0,0,0,0,0,0,-1,-11,1
D,65825,0,0,0,0,0,0,0,0,0,-1,-11,1
D,65835,0,0,0,0,0,0,0,0,0,-1,-11,1
D,65845,0,0,0,0,0,0,0,0,0,-1,-11,1
D,65855,0,0,0,0,0,0,0,0,0,-1,-11,1
D,65865,0,0,0,0,0,0,0,0,0,-1,-11,1
D,65875,0,0,0,0,0,0,0,0,0,-1,-11,1
D,65885,0,0,0,0,0,0,0,0,0,-1,-11,1
D,65895,0,0,0,0,0,0,0,0,0,-1,-11,1
D,65905,0,0,0,0,0,0,0,0,0,-1,-11,1
D,65915,0,0,0,0,0,0,0,0,0,-1,-11,1
D,65925,0,0,0,0,0,0,0,0,0,-1,-11,1
D,65935,0,0,0,0,0,0,0,0,0,-1,-11,1
D,65945,0,0,0,0,0,0,0,0,0,-1,-11,1
D,65955,0,0,0,0,0,0,0,0,0,-1,-11,1
D,65965,0,0,0,0,0,0,0,0,0,-1,-11,1
D,65975,0,0,0,0,0,0,0,0,0,-1,-11,1
D,65985,0,0,0,0,0,0,0,0,0,-1,-11,1
D,65995,0,0,0,0,0,0,0,0,0,-1,-11,1
D,66005,0,0,0,0,0,0,0,0,0,-1,-11,1
D,66015,0,0,0,0,0,0,0,0,0,-1,-11,1
D,66025,0,0,0,0,0,0,0,0,0,-1,-11,1
D,66035,0,0,0,0,0,0,0,0,0,-1,-11,1
D,66045,0,0,0,0,0,0,0,0,0,-1,-11,1
D,66055,0,0,0,0,0,0,0,0,0,-1,-11,1
D,66065,0,0,0,0,0,0,0,0,0,-1,-11,1
D,66075,0,0,0,0,0,0,0,0,0,-1,-11,1
D,66085,0,0,0,0,0,0,0,0,0,-1,-11,1
D,66095,0,0,0,0,0,0,0,0,0,-1,-11,1
D,66105,0,0,0,0,0,0,0,0,0,-1,-11,1
D,66115,0,0,0,0,0,0,0,0,0,-1,-11,1
D,66125,0,0,0,0,0,0,0,0,0,-1,-11,1
D,66135,0,0,0,0,0,0,0,0,0,-1,-11,1
D,66145,0,0,0,0,0,0,0,0,0,-1,-11,1
D,66155,0,0,0,0,0,0,0,0,0,-1,-11,1
D,66165,0,0,0,0,0,0,0,0,0,-1,-11,1
D,66175,0,0,0,0,0,0,0,0,0,-1,-11,1
D,66185,0,0,0,0,0,0,0,0,0,-1,-11,1
D,66195,0,0,0,0,0,0,0,0,0,-1,-11,1
D,66205,0,0,0,0,0,0,0,0,0,-1,-11,1
D,66215,0,0,0,0,0,0,0,0,0,-1,-11,1
D,66225,0,0,0,0,0,0,0,0,0,-1,-11,1
D,66235,0,0,0,0,0,0,0,0,0,-1,-11,1
D,66245,0,0,0,0,0,0,0,0,0,-1,-11,1
D,66255,0,0,0,0,0,0,0,0,0,-1,-11,1
D,66265,0,0,0,0,0,0,0,0,0,-1,-11,1
D,66275,0,0,0,0,0,0,0,0,0,-1,-11,1
D,66285,0,0,0,0,0,0,0,0,0,-1,-11,1
D,66295,0,0,0,0,0,0,0,0,0,-1,-11,1
D,66305,0,0,0,0,0,0,0,0,0,-1,-11,1
D,66315,0,0,0,0,0,0,0,0,0,-1,-11,1
D,66325,0,0,0,0,0,0,0,0,0,-1,-11,1
D,66335,0,0,0,0,0,0,0,0,0,-1,-11,1
D,66345,0,0,0,0,0,0,0,0,0,-1,-11,1
D,66355,0,0,0,0,0,0,0,0,0,-1,-11,1
D,66365,0,0,0,0,0,0,0,0,0,-1,-11,1
D,66375,0,0,0,0,0,0,0,0,0,-1,-11,1
D,66385,0,0,0,0,0,0,0,0,0,-1,-11,1
D,66395,0,0,0,0,0,0,0,0,0,-1,-11,1
D,66405,0,0,0,0,0,0,0,0,0,-1,-11,1
D,66415,0,0,0,0,0,0,0,0,0,-1,-11,1
D,66425,0,0,0,0,0,0,0,0,0,-1,-11,1
D,66435,0,0,0,0,0,0,0,0,0,-1,-11,1
D,66445,0,0,0,0,0,0,0,0,0,-1,-11,1
D,66455,0,0,0,0,0,0,0,0,0,-1,-11,1
D,66465,0,0,0,0,0,0,0,0,0,-1,-11,1
D,66475,0,0,0,0,0,0,0,0,0,-1,-11,1
D,66485,0,0,0,0,0,0,0,0,0,-1,-11,1
D,66495,0,0,0,0,0,0,0,0,0,-1,-11,1
D,66505,0,0,0,0,0,0,0,0,0,-1,-11,1
D,66515,0,0,0,0,0,0,0,0,0,-1,-11,1
D,66525,0,0,0,0,0,0,0,0,0,-1,-11,1
D,66535,0,0,0,0,0,0,0,0,0,-1,-11,1
D,66545,0,0,0,0,0,0,0,0,0,-1,-11,1
D,66555,0,0,0,0,0,0,0,0,0,-1,-11,1
D,66565,0,0,0,0,0,0,0,0,0,-1,-11,1
D,66575,0,0,0,0,0,0,0,0,0,-1,-11,1
D,66585,0,0,0,0,0,0,0,0,0,-1,-11,1
D,66595,0,0,0,0,0,0,0,0,0,-1,-11,1
D,66605,0,0,0,0,0,0,0,0,0,-1,-11,1
D,66615,0,0,0,0,0,0,0,0,0,-1,-11,1
D,66625,0,0,0,0,0,0,0,0,0,-1,-11,1
D,66635,0,0,0,0,0,0,0,0,0,-1,-11,1
D,66645,0,0,0,0,0,0,0,0,0,-1,-11,1
D,66655,0,0,0,0,0,0,0,0,0,-1,-11,1
D,66665,0,0,0,0,0,0,0,0,0,-1,-11,1
D,66675,0,0,0,0,0,0,0,0,0,-1,-11,1
D,66685,0,0,0,0,0,0,0,0,0,-1,-11,1
D,66695,0,0,0,0,0,0,0,0,0,-1,-11,1
D,66705,0,0,0,0,0,0,0,0,0,-1,-11,1
D,66715,0,0,0,0,0,0,0,0,0,-1,-11,1
D,66725,0,0,0,0,0,0,0,0,0,-1,-11,1
D,66735,0,0,0,0,0,0,0,0,0,-1,-11,1
D,66745,0,0,0,0,0,0,0,0,0,-1,-11,1
D,66755,0,0,0,0,0,0,0,0,0,-1,-11,1
D,66765,0,0,0,0,0,0,0,0,0,-1,-11,1
D,66775,0,0,0,0,0,0,0,0,0,-1,-11,1
D,66785,0,0,0,0,0,0,0,0,0,-1,-11,1
D,66795,0,0,0,0,0,0,0,0,0,-1,-11,1
D,66805,0,0,0,0,0,0,0,0,0,-1,-11,1
D,66815,0,0,0,0,0,0,0,0,0,-1,-11,1
D,66825,0,0,0,0,0,0,0,0,0,-1,-11,1
D,66835,0,0,0,0,0,0,0,0,0,-1,-11,1
D,66845,0,0,0,0,0,0,0,0,0,-1,-11,1
D,66855,0,0,0,0,0,0,0,0,0,-1,-11,1
D,66865,0,0,0,0,0,0,0,0,0,-1,-11,1
D,66875,0,0,0,0,0,0,0,0,0,-1,-11,1
D,66885,0,0,0,0,0,0,0,0,0,-1,-11,1
D,66895,0,0,0,0,0,0,0,0,0,-1,-11,1
D,66905,0,0,0,0,0,0,0,0,0,-1,-11,1
D,66915,0,0,0,0,0,0,0,0,0,-1,-11,1
D,66925,0,0,0,0,0,0,0,0,0,-1,-11,1
D,66935,0,0,0,0,0,0,0,0,0,-1,-11,1
D,66945,0,0,0,0,0,0,0,0,0,-1,-11,1
D,66955,0,0,0,0,0,0,0,0,0,-1,-11,1
D,66965,0,0,0,0,0,0,0,0,0,-1,-11,1
D,66975,0,0,0,0,0,0,0,0,0,-1,-11,1
D,66985,0,0,0,0,0,0,0,0,0,-1,-11,1
D,66995,0,0,0,0,0,0,0,0,0,-1,-11,1
D,67005,0,0,0,0,0,0,0,0,0,-1,-11,1
D,67015,0,0,0,0,0,0,0,0,0,-1,-11,1
D,67025,0,0,0,0,0,0,0,0,0,-1,-11,1
D,67035,0,0,0,0,0,0,0,0,0,-1,-11,1
D,67045,0,0,0,0,0,0,0,0,0,-1,-11,1
D,67055,0,0,0,0,0,0,0,0,0,-1,-11,1
D,67065,0,0,0,0,0,0,0,0,0,-1,-11,1
D,67075,0,0,0,0,0,0,0,0,0,-1,-11,1
D,67085,0,0,0,0,0,0,0,0,0,-1,-11,1
D,67095,0,0,0,0,0,0,0,0,0,-1,-11,1
D,67105,0,0,0,0,0,0,0,0,0,-1,-11,1
D,67115,0,0,0,0,0,0,0,0,0,-1,-11,1
D,67125,0,0,0,0,0,0,0,0,0,-1,-11,1
D,67135,0,0,0,0,0,0,0,0,0,-1,-11,1
D,67145,0,0,0,0,0,0,0,0,0,-1,-11,1
D,67155,0,0,0,0,0,0,0,0,0,-1,-11,1
D,67165,0,0,0,0,0,0,0,0,0,-1,-11,1
D,67175,0,0,0,0,0,0,0,0,0,-1,-11,1
D,67185,0,0,0,0,0,0,0,0,0,-1,-11,1
D,67195,0,0,0,0,0,0,0,0,0,-1,-11,1
D,67205,0,0,0,0,0,0,0,0,0,-1,-11,1
D,67215,0,0,0,0,0,0,0,0,0,-1,-11,1
D,67225,0,0,0,0,0,0,0,0,0,-1,-11,1
D,67235,0,0,0,0,0,0,0,0,0,-1,-11,1
D,67245,0,0,0,0,0,0,0,0,0,-1,-11,1
D,67255,0,0,0,0,0,0,0,0,0,-1,-11,1
D,67265,0,0,0,0,0,0,0,0,0,-1,-11,1
D,67275,0,0,0,0,0,0,0,0,0,-1,-11,1
D,67285,0,0,0,0,0,0,0,0,0,-1,-11,1
D,67295,0,0,0,0,0,0,0,0,0,-1,-11,1
D,67305,0,0,0,0,0,0,0,0,0,-1,-11,1
D,67315,0,0,0,0,0,0,0,0,0,-1,-11,1
D,67325,0,0,0,0,0,0,0,0,0,-1,-11,1
D,67335,0,0,0,0,0,0,0,0,0,-1,-11,1
D,67345,0,0,0,0,0,0,0,0,0,-1,-11,1
D,67355,0,0,0,0,0,0,0,0,0,-1,-11,1
D,67365,0,0,0,0,0,0,0,0,0,-1,-11,1
D,67375,0,0,0,0,0,0,0,0,0,-1,-11,1
D,67385,0,0,0,0,0,0,0,0,0,-1,-11,1
D,67395,0,0,0,0,0,0,0,0,0,-1,-11,1
D,67405,0,0,0,0,0,0,0,0,0,-1,-11,1
D,67415,0,0,0,0,0,0,0,0,0,-1,-11,1
D,67425,0,0,0,0,0,0,0,0,0,-1,-11,1
D,67435,0,0,0,0,0,0,0,0,0,-1,-11,1
D,67445,0,0,0,0,0,0,0,0,0,-1,-11,1
D,67455,0,0,0,0,0,0,0,0,0,-1,-11,1
D,67465,0,0,0,0,0,0,0,0,0,-1,-11,1
D,67475,0,0,0,0,0,0,0,0,0,-1,-11,1
D,67485,0,0,0,0,0,0,0,0,0,-1,-11,1
D,67495,0,0,0,0,0,0,0,0,0,-1,-11,1
D,67505,0,0,0,0,0,0,0,0,0,-1,-11,1
D,67515,0,0,0,0,0,0,0,0,0,-1,-11,1
D,67525,0,0,0,0,0,0,0,0,0,-1,-11,1
D,67535,0,0,0,0,0,0,0,0,0,-1,-11,1
D,67545,0,0,0,0,0,0,0,0,0,-1,-11,1
D,67555,0,0,0,0,0,0,0,0,0,-1,-11,1
D,67565,0,0,0,0,0,0,0,0,0,-1,-11,1
D,67575,0,0,0,0,0,0,0,0,0,-1,-11,1
D,67585,0,0,0,0,0,0,0,0,0,-1,-11,1
D,67595,0,0,0,0,0,0,0,0,0,-1,-11,1
D,67605,0,0,0,0,0,0,0,0,0,-1,-11,1
D,67615,0,0,0,0,0,0,0,0,0,-1,-11,1
D,67625,0,0,0,0,0,0,0,0,0,-1,-11,1
D,67635,0,0,0,0,0,0,0,0,0,-1,-11,1
D,67645,0,0,0,0,0,0,0,0,0,-1,-11,1
D,67655,0,0,0,0,0,0,0,0,0,-1,-11,1
D,67665,0,0,0,0,0,0,0,0,0,-1,-11,1
D,67675,0,0,0,0,0,0,0,0,0,-1,-11,1
D,67685,0,0,0,0,0,0,0,0,0,-1,-11,1
D,67695,0,0,0,0,0,0,0,0,0,-1,-11,1
D,67705,0,0,0,0,0,0,0,0,0,-1,-11,1
D,67715,0,0,0,0,0,0,0,0,0,-1,-11,1
D,67725,0,0,0,0,0,0,0,0,0,-1,-11,1
D,67735,0,0,0,0,0,0,0,0,0,-1,-11,1
D,67745,0,0,0,0,0,0,0,0,0,-1,-11,1
D,67755,0,0,0,0,0,0,0,0,0,-1,-11,1
D,67765,0,0,0,0,0,0,0,0,0,-1,-11,1
D,67775,0,0,0,0,0,0,0,0,0,-1,-11,1
D,67785,0,0,0,0,0,0,0,0,0,-1,-11,1
D,67795,0,0,0,0,0,0,0,0,0,-1,-11,1
D,67805,0,0,0,0,0,0,0,0,0,-1,-11,1
D,67815,0,0,0,0,0,0,0,0,0,-1,-11,1
D,67825,0,0,0,0,0,0,0,0,0,-1,-11,1
D,67835,0,0,0,0,0,0,0,0,0,-1,-11,1
D,67845,0,0,0,0,0,0,0,0,0,-1,-11,1
D,67855,0,0,0,0,0,0,0,0,0,-1,-11,1
D,67865,0,0,0,0,0,0,0,0,0,-1,-11,1
D,67875,0,0,0,0,0,0,0,0,0,-1,-11,1
D,67885,0,0,0,0,0,0,0,0,0,-1,-11,1
D,67895,0,0,0,0,0,0,0,0,0,-1,-11,1
D,67905,0,0,0,0,0,0,0,0,0,-1,-11,1
D,67915,0,0,0,0,0,0,0,0,0,-1,-11,1
D,67925,0,0,0,0,0,0,0,0,0,-1,-11,1
D,67935,0,0,0,0,0,0,0,0,0,-1,-11,1
D,67945,0,0,0,0,0,0,0,0,0,-1,-11,1
D,67955,0,0,0,0,0,0,0,0,0,-1,-11,1
D,67965,0,0,0,0,0,0,0,0,0,-1,-11,1
D,67975,0,0,0,0,0,0,0,0,0,-1,-11,1
D,67985,0,0,0,0,0,0,0,0,0,-1,-11,1
D,67995,0,0,0,0,0,0,0,0,0,-1,-11,1
D,68005,0,0,0,0,0,0,0,0,0,-1,-11,1
D,68015,0,0,0,0,0,0,0,0,0,-1,-11,1
D,68025,0,0,0,0,0,0,0,0,0,-1,-11,1
D,68035,0,0,0,0,0,0,0,0,0,-1,-11,1
D,68045,0,0,0,0,0,0,0,0,0,-1,-11,1
D,68055,0,0,0,0,0,0,0,0,0,-1,-11,1
D,68065,0,0,0,0,0,0,0,0,0,-1,-11,1
D,68075,0,0,0,0,0,0,0,0,0,-1,-11,1
D,68085,0,0,0,0,0,0,0,0,0,-1,-11,1
D,68095,0,0,0,0,0,0,0,0,0,-1,-11,1
D,68105,0,0,0,0,0,0,0,0,0,-1,-11,1
D,68115,0,0,0,0,0,0,0,0,0,-1,-11,1
D,68125,0,0,0,0,0,0,0,0,0,-1,-11,1
D,68135,0,0,0,0,0,0,0,0,0,-1,-11,1
D,68145,0,0,0,0,0,0,0,0,0,-1,-11,1
D,68155,0,0,0,0,0,0,0,0,0,-1,-11,1
D,68165,0,0,0,0,0,0,0,0,0,-1,-11,1
D,68175,0,0,0,0,0,0,0,0,0,-1,-11,1
D,68185,0,0,0,0,0,0,0,0,0,-1,-11,1
D,68195,0,0,0,0,0,0,0,0,0,-1,-11,1
D,68205,0,0,0,0,0,0,0,0,0,-1,-11,1
D,68215,0,0,0,0,0,0,0,0,0,-1,-11,1
D,68225,0,0,0,0,0,0,0,0,0,-1,-11,1
D,68235,0,0,0,0,0,0,0,0,0,-1,-11,1
D,68245,0,0,0,0,0,0,0,0,0,-1,-11,1
D,68255,0,0,0,0,0,0,0,0,0,-1,-11,1
D,68265,0,0,0,0,0,0,0,0,0,-1,-11,1
D,68275,0,0,0,0,0,0,0,0,0,-1,-11,1
D,68285,0,0,0,0,0,0,0,0,0,-1,-11,1
D,68295,0,0,0,0,0,0,0,0,0,-1,-11,1
D,68305,0,0,0,0,0,0,0,0,0,-1,-11,1
D,68315,0,0,0,0,0,0,0,0,0,-1,-11,1
D,68325,0,0,0,0,0,0,0,0,0,-1,-11,1
D,68335,0,0,0,0,0,0,0,0,0,-1,-11,1
D,68345,0,0,0,0,0,0,0,0,0,-1,-11,1
D,68355,0,0,0,0,0,0,0,0,0,-1,-11,1
D,68365,0,0,0,0,0,0,0,0,0,-1,-11,1
D,68375,0,0,0,0,0,0,0,0,0,-1,-11,1
D,68385,0,0,0,0,0,0,0,0,0,-1,-11,1
D,68395,0,0,0,0,0,0,0,0,0,-1,-11,1
D,68405,0,0,0,0,0,0,0,0,0,-1,-11,1
D,68415,0,0,0,0,0,0,0,0,0,-1,-11,1
D,68425,0,0,0,0,0,0,0,0,0,-1,-11,1
D,68435,0,0,0,0,0,0,0,0,0,-1,-11,1
D,68445,0,0,0,0,0,0,0,0,0,-1,-11,1
D,68455,0,0,0,0,0,0,0,0,0,-1,-11,1
D,68465,0,0,0,0,0,0,0,0,0,-1,-11,1
D,68475,0,0,0,0,0,0,0,0,0,-1,-11,1
D,68485,0,0,0,0,0,0,0,0,0,-1,-11,1
D,68495,0,0,0,0,0,0,0,0,0,-1,-11,1
D,68505,0,0,0,0,0,0,0,0,0,-1,-11,1
D,68515,0,0,0,0,0,0,0,0,0,-1,-11,1
D,68525,0,0,0,0,0,0,0,0,0,-1,-11,1
D,68535,0,0,0,0,0,0,0,0,0,-1,-11,1
D,68545,0,0,0,0,0,0,0,0,0,-1,-11,1
D,68555,0,0,0,0,0,0,0,0,0,-1,-11,1
D,68565,0,0,0,0,0,0,0,0,0,-1,-11,1
D,68575,0,0,0,0,0,0,0,0,0,-1,-11,1
D,68585,0,0,0,0,0,0,0,0,0,-1,-11,1
D,68595,0,0,0,0,0,0,0,0,0,-1,-11,1
D,68605,0,0,0,0,0,0,0,0,0,-1,-11,1
D,68615,0,0,0,0,0,0,0,0,0,-1,-11,1
D,68625,0,0,0,0,0,0,0,0,0,-1,-11,1
D,68635,0,0,0,0,0,0,0,0,0,-1,-11,1
D,68645,0,0,0,0,0,0,0,0,0,-1,-11,1
D,68655,0,0,0,0,0,0,0,0,0,-1,-11,1
D,68665,0,0,0,0,0,0,0,0,0,-1,-11,1
D,68675,0,0,0,0,0,0,0,0,0,-1,-11,1
D,68685,0,0,0,0,0,0,0,0,0,-1,-11,1
D,68695,0,0,0,0,0,0,0,0,0,-1,-11,1
D,68705,0,0,0,0,0,0,0,0,0,-1,-11,1
D,68715,0,0,0,0,0,0,0,0,0,-1,-11,1
D,68725,0,0,0,0,0,0,0,0,0,-1,-11,1
D,68735,0,0,0,0,0,0,0,0,0,-1,-11,1
D,68745,0,0,0,0,0,0,0,0,0,-1,-11,1
D,68755,0,0,0,0,0,0,0,0,0,-1,-11,1
D,68765,0,0,0,0,0,0,0,0,0,-1,-11,1
D,68775,0,0,0,0,0,0,0,0,0,-1,-11,1
D,68785,0,0,0,0,0,0,0,0,0,-1,-11,1
D,68795,0,0,0,0,0,0,0,0,0,-1,-11,1
D,68805,0,0,0,0,0,0,0,0,0,-1,-11,1
D,68815,0,0,0,0,0,0,0,0,0,-1,-11,1
D,68825,0,0,0,0,0,0,0,0,0,-1,-11,1
D,68835,0,0,0,0,0,0,0,0,0,-1,-11,1
D,68845,0,0,0,0,0,0,0,0,0,-1,-11,1
D,68855,0,0,0,0,0,0,0,0,0,-1,-11,1
D,68865,0,0,0,0,0,0,0,0,0,-1,-11,1
D,68875,0,0,0,0,0,0,0,0,0,-1,-11,1
D,68885,0,0,0,0,0,0,0,0,0,-1,-11,1
D,68895,0,0,0,0,0,0,0,0,0,-1,-11,1
D,68905,0,0,0,0,0,0,0,0,0,-1,-11,1
D,68915,0,0,0,0,0,0,0,0,0,-1,-11,1
D,68925,0,0,0,0,0,0,0,0,0,-1,-11,1
D,68935,0,0,0,0,0,0,0,0,0,-1,-11,1
D,68945,0,0,0,0,0,0,0,0,0,-1,-11,1
D,68955,0,0,0,0,0,0,0,0,0,-1,-11,1
D,68965,0,0,0,0,0,0,0,0,0,-1,-11,1
D,68975,0,0,0,0,0,0,0,0,0,-1,-11,1
D,68985,0,0,0,0,0,0,0,0,0,-1,-11,1
D,68995,0,0,0,0,0,0,0,0,0,-1,-11,1
D,69005,0,0,0,0,0,0,0,0,0,-1,-11,1
D,69015,0,0,0,0,0,0,0,0,0,-1,-11,1
D,69025,0,0,0,0,0,0,0,0,0,-1,-11,1
D,69035,0,0,0,0,0,0,0,0,0,-1,-11,1
D,69045,0,0,0,0,0,0,0,0,0,-1,-11,1
D,69055,0,0,0,0,0,0,0,0,0,-1,-11,1
D,69065,0,0,0,0,0,0,0,0,0,-1,-11,1
D,69075,0,0,0,0,0,0,0,0,0,-1,-11,1
D,69085,0,0,0,0,0,0,0,0,0,-1,-11,1
D,69095,0,0,0,0,0,0,0,0,0,-1,-11,1
D,69105,0,0,0,0,0,0,0,0,0,-1,-11,1
D,69115,0,0,0,0,0,0,0,0,0,-1,-11,1
D,69125,0,0,0,0,0,0,0,0,0,-1,-11,1
D,69135,0,0,0,0,0,0,0,0,0,-1,-11,1
D,69145,0,0,0,0,0,0,0,0,0,-1,-11,1
D,69155,0,0,0,0,0,0,0,0,0,-1,-11,1
D,69165,0,0,0,0,0,0,0,0,0,-1,-11,1
D,69175,0,0,0,0,0,0,0,0,0,-1,-11,1
D,69185,0,0,0,0,0,0,0,0,0,-1,-11,1
D,69195,0,0,0,0,0,0,0,0,0,-1,-11,1
D,69205,0,0,0,0,0,0,0,0,0,-1,-11,1
D,69215,0,0,0,0,0,0,0,0,0,-1,-11,1
D,69225,0,0,0,0,0,0,0,0,0,-1,-11,1
D,69235,0,0,0,0,0,0,0,0,0,-1,-11,1
D,69245,0,0,0,0,0,0,0,0,0,-1,-11,1
D,69255,0,0,0,0,0,0,0,0,0,-1,-11,1
D,69265,0,0,0,0,0,0,0,0,0,-1,-11,1
D,69275,0,0,0,0,0,0,0,0,0,-1,-11,1
D,69285,0,0,0,0,0,0,0,0,0,-1,-11,1
D,69295,0,0,0,0,0,0,0,0,0,-1,-11,1
D,69305,0,0,0,0,0,0,0,0,0,-1,-11,1
D,69315,0,0,0,0,0,0,0,0,0,-1,-11,1
D,69325,0,0,0,0,0,0,0,0,0,-1,-11,1
D,69335,0,0,0,0,0,0,0,0,0,-1,-11,1
D,69345,0,0,0,0,0,0,0,0,0,-1,-11,1
D,69355,0,0,0,0,0,0,0,0,0,-1,-11,1
D,69365,0,0,0,0,0,0,0,0,0,-1,-11,1
D,69375,0,0,0,0,0,0,0,0,0,-1,-11,1
D,69385,0,0,0,0,0,0,0,0,0,-1,-11,1
D,69395,0,0,0,0,0,0,0,0,0,-1,-11,1
D,69405,0,0,0,0,0,0,0,0,0,-1,-11,1
D,69415,0,0,0,0,0,0,0,0,0,-1,-11,1
D,69425,0,0,0,0,0,0,0,0,0,-1,-11,1
D,69435,0,0,0,0,0,0,0,0,0,-1,-11,1
D,69445,0,0,0,0,0,0,0,0,0,-1,-11,1
D,69455,0,0,0,0,0,0,0,0,0,-1,-11,1
D,69465,0,0,0,0,0,0,0,0,0,-1,-11,1
D,69475,0,0,0,0,0,0,0,0,0,-1,-11,1
D,69485,0,0,0,0,0,0,0,0,0,-1,-11,1
D,69495,0,0,0,0,0,0,0,0,0,-1,-11,1
D,69505,0,0,0,0,0,0,0,0,0,-1,-11,1
D,69515,0,0,0,0,0,0,0,0,0,-1,-11,1
D,69525,0,0,0,0,0,0,0,0,0,-1,-11,1
D,69535,0,0,0,0,0,0,0,0,0,-1,-11,1
D,69545,0,0,0,0,0,0,0,0,0,-1,-11,1
D,69555,0,0,0,0,0,0,0,0,0,-1,-11,1
D,69565,0,0,0,0,0,0,0,0,0,-1,-11,1
D,69575,0,0,0,0,0,0,0,0,0,-1,-11,1
D,69585,0,0,0,0,0,0,0,0,0,-1,-11,1
D,69595,0,0,0,0,0,0,0,0,0,-1,-11,1
D,69605,0,0,0,0,0,0,0,0,0,-1,-11,1
D,69615,0,0,0,0,0,0,0,0,0,-1,-11,1
D,69625,0,0,0,0,0,0,0,0,0,-1,-11,1
D,69635,0,0,0,0,0,0,0,0,0,-1,-11,1
D,69645,0,0,0,0,0,0,0,0,0,-1,-11,1
D,69655,0,0,0,0,0,0,0,0,0,-1,-11,1
D,69665,0,0,0,0,0,0,0,0,0,-1,-11,1
D,69675,0,0,0,0,0,0,0,0,0,-1,-11,1
D,69685,0,0,0,0,0,0,0,0,0,-1,-11,1
D,69695,0,0,0,0,0,0,0,0,0,-1,-11,1
D,69705,0,0,0,0,0,0,0,0,0,-1,-11,1
D,69715,0,0,0,0,0,0,0,0,0,-1,-11,1
D,69725,0,0,0,0,0,0,0,0,0,-1,-11,1
D,69735,0,0,0,0,0,0,0,0,0,-1,-11,1
D,69745,0,0,0,0,0,0,0,0,0,-1,-11,1
D,69755,0,0,0,0,0,0,0,0,0,-1,-11,1
D,69765,0,0,0,0,0,0,0,0,0,-1,-11,1
D,69775,0,0,0,0,0,0,0,0,0,-1,-11,1
D,69785,0,0,0,0,0,0,0,0,0,-1,-11,1
D,69795,0,0,0,0,0,0,0,0,0,-1,-11,1
D,69805,0,0,0,0,0,0,0,0,0,-1,-11,1
D,69815,0,0,0,0,0,0,0,0,0,-1,-11,1
D,69825,0,0,0,0,0,0,0,0,0,-1,-11,1
D,69835,0,0,0,0,0,0,0,0,0,-1,-11,1
D,69845,0,0,0,0,0,0,0,0,0,-1,-11,1
D,69855,0,0,0,0,0,0,0,0,0,-1,-11,1
D,69865,0,0,0,0,0,0,0,0,0,-1,-11,1
D,69875,0,0,0,0,0,0,0,0,0,-1,-11,1
D,69885,0,0,0,0,0,0,0,0,0,-1,-11,1
D,69895,0,0,0,0,0,0,0,0,0,-1,-11,1
D,69905,0,0,0,0,0,0,0,0,0,-1,-11,1
D,69915,0,0,0,0,0,0,0,0,0,-1,-11,1
D,69925,0,0,0,0,0,0,0,0,0,-1,-11,1
D,69935,0,0,0,0,0,0,0,0,0,-1,-11,1
D,69945,0,0,0,0,0,0,0,0,0,-1,-11,1
D,69955,0,0,0,0,0,0,0,0,0,-1,-11,1
D,69965,0,0,0,0,0,0,0,0,0,-1,-11,1
D,69975,0,0,0,0,0,0,0,0,0,-1,-11,1
D,69985,0,0,0,0,0,0,0,0,0,-1,-11,1
D,69995,0,0,0,0,0,0,0,0,0,-1,-11,1
D,70005,0,0,0,0,0,0,0,0,0,-1,-11,1
D,70015,0,0,0,0,0,0,0,0,0,-1,-11,1
D,70025,0,0,0,0,0,0,0,0,0,-1,-11,1
D,70035,0,0,0,0,0,0,0,0,0,-1,-11,1
D,70045,0,0,0,0,0,0,0,0,0,-1,-11,1
D,70055,0,0,0,0,0,0,0,0,0,-1,-11,1
D,70065,0,0,0,0,0,0,0,0,0,-1,-11,1
D,70075,0,0,0,0,0,0,0,0,0,-1,-11,1
D,70085,0,0,0,0,0,0,0,0,0,-1,-11,1
D,70095,0,0,0,0,0,0,0,0,0,-1,-11,1
D,70105,0,0,0,0,0,0,0,0,0,-1,-11,1
D,70115,0,0,0,0,0,0,0,0,0,-1,-11,1
D,70125,0,0,0,0,0,0,0,0,0,-1,-11,1
D,70135,0,0,0,0,0,0,0,0,0,-1,-11,1
D,70145,0,0,0,0,0,0,0,0,0,-1,-11,1
D,70155,0,0,0,0,0,0,0,0,0,-1,-11,1
D,70165,0,0,0,0,0,0,0,0,0,-1,-11,1
D,70175,0,0,0,0,0,0,0,0,0,-1,-11,1
D,70185,0,0,0,0,0,0,0,0,0,-1,-11,1
D,70195,0,0,0,0,0,0,0,0,0,-1,-11,1
D,70205,0,0,0,0,0,0,0,0,0,-1,-11,1
D,70215,0,0,0,0,0,0,0,0,0,-1,-11,1
D,70225,0,0,0,0,0,0,0,0,0,-1,-11,1
D,70235,0,0,0,0,0,0,0,0,0,-1,-11,1
D,70245,0,0,0,0,0,0,0,0,0,-1,-11,1
D,70255,0,0,0,0,0,0,0,0,0,-1,-11,1
D,70265,0,0,0,0,0,0,0,0,0,-1,-11,1
D,70275,0,0,0,0,0,0,0,0,0,-1,-11,1
D,70285,0,0,0,0,0,0,0,0,0,-1,-11,1
D,70295,0,0,0,0,0,0,0,0,0,-1,-11,1
D,70305,0,0,0,0,0,0,0,0,0,-1,-11,1
D,70315,0,0,0,0,0,0,0,0,0,-1,-11,1
D,70325,0,0,0,0,0,0,0,0,0,-1,-11,1
D,70335,0,0,0,0,0,0,0,0,0,-1,-11,1
D,70345,0,0,0,0,0,0,0,0,0,-1,-11,1
D,70355,0,0,0,0,0,0,0,0,0,-1,-11,1
D,70365,0,0,0,0,0,0,0,0,0,-1,-11,1
D,70375,0,0,0,0,0,0,0,0,0,-1,-11,1
D,70385,0,0,0,0,0,0,0,0,0,-1,-11,1
D,70395,0,0,0,0,0,0,0,0,0,-1,-11,1
D,70405,0,0,0,0,0,0,0,0,0,-1,-11,1
D,70415,0,0,0,0,0,0,0,0,0,-1,-11,1
D,70425,0,0,0,0,0,0,0,0,0,-1,-11,1
D,70435,0,0,0,0,0,0,0,0,0,-1,-11,1
D,70445,0,0,0,0,0,0,0,0,0,-1,-11,1
D,70455,0,0,0,0,0,0,0,0,0,-1,-11,1
D,70465,0,0,0,0,0,0,0,0,0,-1,-11,1
D,70475,0,0,0,0,0,0,0,0,0,-1,-11,1
D,70485,0,0,0,0,0,0,0,0,0,-1,-11,1
D,70495,0,0,0,0,0,0,0,0,0,-1,-11,1
D,70505,0,0,0,0,0,0,0,0,0,-1,-11,1
D,70515,0,0,0,0,0,0,0,0,0,-1,-11,1
D,70525,0,0,0,0,0,0,0,0,0,-1,-11,1
D,70535,0,0,0,0,0,0,0,0,0,-1,-11,1
D,70545,0,0,0,0,0,0,0,0,0,-1,-11,1
D,70555,0,0,0,0,0,0,0,0,0,-1,-11,1
D,70565,0,0,0,0,0,0,0,0,0,-1,-11,1
D,70575,0,0,0,0,0,0,0,0,0,-1,-11,1
D,70585,0,0,0,0,0,0,0,0,0,-1,-11,1
D,70595,0,0,0,0,0,0,0,0,0,-1,-11,1
D,70605,0,0,0,0,0,0,0,0,0,-1,-11,1
D,70615,0,0,0,0,0,0,0,0,0,-1,-11,1
D,70625,0,0,0,0,0,0,0,0,0,-1,-11,1
D,70635,0,0,0,0,0,0,0,0,0,-1,-11,1
D,70645,0,0,0,0,0,0,0,0,0,-1,-11,1
D,70655,0,0,0,0,0,0,0,0,0,-1,-11,1
D,70665,0,0,0,0,0,0,0,0,0,-1,-11,1
D,70675,0,0,0,0,0,0,0,0,0,-1,-11,1
D,70685,0,0,0,0,0,0,0,0,0,-1,-11,1
D,70695,0,0,0,0,0,0,0,0,0,-1,-11,1
D,70705,0,0,0,0,0,0,0,0,0,-1,-11,1
D,70715,0,0,0,0,0,0,0,0,0,-1,-11,1
D,70725,0,0,0,0,0,0,0,0,0,-1,-11,1
D,70735,0,0,0,0,0,0,0,0,0,-1,-11,1
D,70745,0,0,0,0,0,0,0,0,0,-1,-11,1
D,70755,0,0,0,0,0,0,0,0,0,-1,-11,1
D,70765,0,0,0,0,0,0,0,0,0,-1,-11,1
D,70775,0,0,0,0,0,0,0,0,0,-1,-11,1
D,70785,0,0,0,0,0,0,0,0,0,-1,-11,1
D,70795,0,0,0,0,0,0,0,0,0,-1,-11,1
D,70805,0,0,0,0,0,0,0,0,0,-1,-11,1
D,70815,0,0,0,0,0,0,0,0,0,-1,-11,1
D,70825,0,0,0,0,0,0,0,0,0,-1,-11,1
D,70835,0,0,0,0,0,0,0,0,0,-1,-11,1
D,70845,0,0,0,0,0,0,0,0,0,-1,-11,1
D,70855,0,0,0,0,0,0,0,0,0,-1,-11,1
D,70865,0,0,0,0,0,0,0,0,0,-1,-11,1
D,70875,0,0,0,0,0,0,0,0,0,-1,-11,1
D,70885,0,0,0,0,0,0,0,0,0,-1,-11,1
D,70895,0,0,0,0,0,0,0,0,0,-1,-11,1
D,70905,0,0,0,0,0,0,0,0,0,-1,-11,1
D,70915,0,0,0,0,0,0,0,0,0,-1,-11,1
D,70925,0,0,0,0,0,0,0,0,0,-1,-11,1
D,70935,0,0,0,0,0,0,0,0,0,-1,-11,1
D,70945,0,0,0,0,0,0,0,0,0,-1,-11,1
D,70955,0,0,0,0,0,0,0,0,0,-1,-11,1
D,70965,0,0,0,0,0,0,0,0,0,-1,-11,1
D,70975,0,0,0,0,0,0,0,0,0,-1,-11,1
D,70985,0,0,0,0,0,0,0,0,0,-1,-11,1
D,70995,0,0,0,0,0,0,0,0,0,-1,-11,1
D,71005,0,0,0,0,0,0,0,0,0,-1,-11,1
D,71015,0,0,0,0,0,0,0,0,0,-1,-11,1
D,71025,0,0,0,0,0,0,0,0,0,-1,-11,1
D,71035,0,0,0,0,0,0,0,0,0,-1,-11,1
D,71045,0,0,0,0,0,0,0,0,0,-1,-11,1
D,71055,0,0,0,0,0,0,0,0,0,-1,-11,1
D,71065,0,0,0,0,0,0,0,0,0,-1,-11,1
D,71075,0,0,0,0,0,0,0,0,0,-1,-11,1
D,71085,0,0,0,0,0,0,0,0,0,-1,-11,1
D,71095,0,0,0,0,0,0,0,0,0,-1,-11,1
D,71105,0,0,0,0,0,0,0,0,0,-1,-11,1
D,71115,0,0,0,0,0,0,0,0,0,-1,-11,1
D,71125,0,0,0,0,0,0,0,0,0,-1,-11,1
D,71135,0,0,0,0,0,0,0,0,0,-1,-11,1
D,71145,0,0,0,0,0,0,0,0,0,-1,-11,1
D,71155,0,0,0,0,0,0,0,0,0,-1,-11,1
D,71165,0,0,0,0,0,0,0,0,0,-1,-11,1
D,71175,0,0,0,0,0,0,0,0,0,-1,-11,1
D,71185,0,0,0,0,0,0,0,0,0,-1,-11,1
D,71195,0,0,0,0,0,0,0,0,0,-1,-11,1
D,71205,0,0,0,0,0,0,0,0,0,-1,-11,1
D,71215,0,0,0,0,0,0,0,0,0,-1,-11,1
D,71225,0,0,0,0,0,0,0,0,0,-1,-11,1
D,71235,0,0,0,0,0,0,0,0,0,-1,-11,1
D,71245,0,0,0,0,0,0,0,0,0,-1,-11,1
D,71255,0,0,0,0,0,0,0,0,0,-1,-11,1
D,71265,0,0,0,0,0,0,0,0,0,-1,-11,1
D,71275,0,0,0,0,0,0,0,0,0,-1,-11,1
D,71285,0,0,0,0,0,0,0,0,0,-1,-11,1
D,71295,0,0,0,0,0,0,0,0,0,-1,-11,1
D,71305,0,0,0,0,0,0,0,0,0,-1,-11,1
D,71315,0,0,0,0,0,0,0,0,0,-1,-11,1
D,71325,0,0,0,0,0,0,0,0,0,-1,-11,1
D,71335,0,0,0,0,0,0,0,0,0,-1,-11,1
D,71345,0,0,0,0,0,0,0,0,0,-1,-11,1
D,71355,0,0,0,0,0,0,0,0,0,-1,-11,1
D,71365,0,0,0,0,0,0,0,0,0,-1,-11,1
D,71375,0,0,0,0,0,0,0,0,0,-1,-11,1
D,71385,0,0,0,0,0,0,0,0,0,-1,-11,1
D,71395,0,0,0,0,0,0,0,0,0,-1,-11,1
D,71405,0,0,0,0,0,0,0,0,0,-1,-11,1
D,71415,0,0,0,0,0,0,0,0,0,-1,-11,1
D,71425,0,0,0,0,0,0,0,0,0,-1,-11,1
D,71435,0,0,0,0,0,0,0,0,0,-1,-11,1
D,71445,0,0,0,0,0,0,0,0,0,-1,-11,1
D,71455,0,0,0,0,0,0,0,0,0,-1,-11,1
D,71465,0,0,0,0,0,0,0,0,0,-1,-11,1
D,71475,0,0,0,0,0,0,0,0,0,-1,-11,1
D,71485,0,0,0,0,0,0,0,0,0,-1,-11,1
D,71495,0,0,0,0,0,0,0,0,0,-1,-11,1
D,71505,0,0,0,0,0,0,0,0,0,-1,-11,1
D,71515,0,0,0,0,0,0,0,0,0,-1,-11,1
D,71525,0,0,0,0,0,0,0,0,0,-1,-11,1
D,71535,0,0,0,0,0,0,0,0,0,-1,-11,1
D,71545,0,0,0,0,0,0,0,0,0,-1,-11,1
D,71555,0,0,0,0,0,0,0,0,0,-1,-11,1
D,71565,0,0,0,0,0,0,0,0,0,-1,-11,1
D,71575,0,0,0,0,0,0,0,0,0,-1,-11,1
D,71585,0,0,0,0,0,0,0,0,0,-1,-11,1
D,71595,0,0,0,0,0,0,0,0,0,-1,-11,1
D,71605,0,0,0,0,0,0,0,0,0,-1,-11,1
D,71615,0,0,0,0,0,0,0,0,0,-1,-11,1
D,71625,0,0,0,0,0,0,0,0,0,-1,-11,1
D,71635,0,0,0,0,0,0,0,0,0,-1,-11,1
D,71645,0,0,0,0,0,0,0,0,0,-1,-11,1
D,71655,0,0,0,0,0,0,0,0,0,-1,-11,1
D,71665,0,0,0,0,0,0,0,0,0,-1,-11,1
D,71675,0,0,0,0,0,0,0,0,0,-1,-11,1
D,71685,0,0,0,0,0,0,0,0,0,-1,-11,1
D,71695,0,0,0,0,0,0,0,0,0,-1,-11,1
D,71705,0,0,0,0,0,0,0,0,0,-1,-11,1
D,71715,0,0,0,0,0,0,0,0,0,-1,-11,1
D,71725,0,0,0,0,0,0,0,0,0,-1,-11,1
D,71735,0,0,0,0,0,0,0,0,0,-1,-11,1
D,71745,0,0,0,0,0,0,0,0,0,-1,-11,1
D,71755,0,0,0,0,0,0,0,0,0,-1,-11,1
D,71765,0,0,0,0,0,0,0,0,0,-1,-11,1
D,71775,0,0,0,0,0,0,0,0,0,-1,-11,1
D,71785,0,0,0,0,0,0,0,0,0,-1,-11,1
D,71795,0,0,0,0,0,0,0,0,0,-1,-11,1
D,71805,0,0,0,0,0,0,0,0,0,-1,-11,1
D,71815,0,0,0,0,0,0,0,0,0,-1,-11,1
D,71825,0,0,0,0,0,0,0,0,0,-1,-11,1
D,71835,0,0,0,0,0,0,0,0,0,-1,-11,1
D,71845,0,0,0,0,0,0,0,0,0,-1,-11,1
D,71855,0,0,0,0,0,0,0,0,0,-1,-11,1
D,71865,0,0,0,0,0,0,0,0,0,-1,-11,1
D,71875,0,0,0,0,0,0,0,0,0,-1,-11,1
D,71885,0,0,0,0,0,0,0,0,0,-1,-11,1
D,71895,0,0,0,0,0,0,0,0,0,-1,-11,1
D,71905,0,0,0,0,0,0,0,0,0,-1,-11,1
D,71915,0,0,0,0,0,0,0,0,0,-1,-11,1
D,71925,0,0,0,0,0,0,0,0,0,-1,-11,1
D,71935,0,0,0,0,0,0,0,0,0,-1,-11,1
D,71945,0,0,0,0,0,0,0,0,0,-1,-11,1
D,71955,0,0,0,0,0,0,0,0,0,-1,-11,1
D,71965,0,0,0,0,0,0,0,0,0,-1,-11,1
D,71975,0,0,0,0,0,0,0,0,0,-1,-11,1
D,71985,0,0,0,0,0,0,0,0,0,-1,-11,1
D,71995,0,0,0,0,0,0,0,0,0,-1,-11,1
D,72005,0,0,0,0,0,0,0,0,0,-1,-11,1
D,72015,0,0,0,0,0,0,0,0,0,-1,-11,1
D,72025,0,0,0,0,0,0,0,0,0,-1,-11,1
D,72035,0,0,0,0,0,0,0,0,0,-1,-11,1
D,72045,0,0,0,0,0,0,0,0,0,-1,-11,1
D,72055,0,0,0,0,0,0,0,0,0,-1,-11,1
D,72065,0,0,0,0,0,0,0,0,0,-1,-11,1
D,72075,0,0,0,0,0,0,0,0,0,-1,-11,1
D,72085,0,0,0,0,0,0,0,0,0,-1,-11,1
D,72095,0,0,0,0,0,0,0,0,0,-1,-11,1
D,72105,0,0,0,0,0,0,0,0,0,-1,-11,1
D,72115,0,0,0,0,0,0,0,0,0,-1,-11,1
D,72125,0,0,0,0,0,0,0,0,0,-1,-11,1
D,72135,0,0,0,0,0,0,0,0,0,-1,-11,1
D,72145,0,0,0,0,0,0,0,0,0,-1,-11,1
D,72155,0,0,0,0,0,0,0,0,0,-1,-11,1
D,72165,0,0,0,0,0,0,0,0,0,-1,-11,1
D,72175,0,0,0,0,0,0,0,0,0,-1,-11,1
D,72185,0,0,0,0,0,0,0,0,0,-1,-11,1
D,72195,0,0,0,0,0,0,0,0,0,-1,-11,1
D,72205,0,0,0,0,0,0,0,0,0,-1,-11,1
D,72215,0,0,0,0,0,0,0,0,0,-1,-11,1
D,72225,0,0,0,0,0,0,0,0,0,-1,-11,1
D,72235,0,0,0,0,0,0,0,0,0,-1,-11,1
D,72245,0,0,0,0,0,0,0,0,0,-1,-11,1
D,72255,0,0,0,0,0,0,0,0,0,-1,-11,1
D,72265,0,0,0,0,0,0,0,0,0,-1,-11,1
D,72275,0,0,0,0,0,0,0,0,0,-1,-11,1
D,72285,0,0,0,0,0,0,0,0,0,-1,-11,1
D,72295,0,0,0,0,0,0,0,0,0,-1,-11,1
D,72305,0,0,0,0,0,0,0,0,0,-1,-11,1
D,72315,0,0,0,0,0,0,0,0,0,-1,-11,1
D,72325,0,0,0,0,0,0,0,0,0,-1,-11,1
D,72335,0,0,0,0,0,0,0,0,0,-1,-11,1
D,72345,0,0,0,0,0,0,0,0,0,-1,-11,1
D,72355,0,0,0,0,0,0,0,0,0,-1,-11,1
D,72365,0,0,0,0,0,0,0,0,0,-1,-11,1
D,72375,0,0,0,0,0,0,0,0,0,-1,-11,1
D,72385,0,0,0,0,0,0,0,0,0,-1,-11,1
D,72395,0,0,0,0,0,0,0,0,0,-1,-11,1
D,72405,0,0,0,0,0,0,0,0,0,-1,-11,1
D,72415,0,0,0,0,0,0,0,0,0,-1,-11,1
D,72425,0,0,0,0,0,0,0,0,0,-1,-11,1
D,72435,0,0,0,0,0,0,0,0,0,-1,-11,1
D,72445,0,0,0,0,0,0,0,0,0,-1,-11,1
D,72455,0,0,0,0,0,0,0,0,0,-1,-11,1
D,72465,0,0,0,0,0,0,0,0,0,-1,-11,1
D,72475,0,0,0,0,0,0,0,0,0,-1,-11,1
D,72485,0,0,0,0,0,0,0,0,0,-1,-11,1
D,72495,0,0,0,0,0,0,0,0,0,-1,-11,1
D,72505,0,0,0,0,0,0,0,0,0,-1,-11,1
D,72515,0,0,0,0,0,0,0,0,0,-1,-11,1
D,72525,0,0,0,0,0,0,0,0,0,-1,-11,1
D,72535,0,0,0,0,0,0,0,0,0,-1,-11,1
D,72545,0,0,0,0,0,0,0,0,0,-1,-11,1
D,72555,0,0,0,0,0,0,0,0,0,-1,-11,1
D,72565,0,0,0,0,0,0,0,0,0,-1,-11,1
D,72575,0,0,0,0,0,0,0,0,0,-1,-11,1
D,72585,0,0,0,0,0,0,0,0,0,-1,-11,1
D,72595,0,0,0,0,0,0,0,0,0,-1,-11,1
D,72605,0,0,0,0,0,0,0,0,0,-1,-11,1
D,72615,0,0,0,0,0,0,0,0,0,-1,-11,1
D,72625,0,0,0,0,0,0,0,0,0,-1,-11,1
D,72635,0,0,0,0,0,0,0,0,0,-1,-11,1
D,72645,0,0,0,0,0,0,0,0,0,-1,-11,1
D,72655,0,0,0,0,0,0,0,0,0,-1,-11,1
D,72665,0,0,0,0,0,0,0,0,0,-1,-11,1
D,72675,0,0,0,0,0,0,0,0,0,-1,-11,1
D,72685,0,0,0,0,0,0,0,0,0,-1,-11,1
D,72695,0,0,0,0,0,0,0,0,0,-1,-11,1
D,72705,0,0,0,0,0,0,0,0,0,-1,-11,1
D,72715,0,0,0,0,0,0,0,0,0,-1,-11,1
D,72725,0,0,0,0,0,0,0,0,0,-1,-11,1
D,72735,0,0,0,0,0,0,0,0,0,-1,-11,1
D,72745,0,0,0,0,0,0,0,0,0,-1,-11,1
D,72755,0,0,0,0,0,0,0,0,0,-1,-11,1
D,72765,0,0,0,0,0,0,0,0,0,-1,-11,1
D,72775,0,0,0,0,0,0,0,0,0,-1,-11,1
D,72785,0,0,0,0,0,0,0,0,0,-1,-11,1
D,72795,0,0,0,0,0,0,0,0,0,-1,-11,1
D,72805,0,0,0,0,0,0,0,0,0,-1,-11,1
D,72815,0,0,0,0,0,0,0,0,0,-1,-11,1
D,72825,0,0,0,0,0,0,0,0,0,-1,-11,1
D,72835,0,0,0,0,0,0,0,0,0,-1,-11,1
D,72845,0,0,0,0,0,0,0,0,0,-1,-11,1
D,72855,0,0,0,0,0,0,0,0,0,-1,-11,1
D,72865,0,0,0,0,0,0,0,0,0,-1,-11,1
D,72875,0,0,0,0,0,0,0,0,0,-1,-11,1
D,72885,0,0,0,0,0,0,0,0,0,-1,-11,1
D,72895,0,0,0,0,0,0,0,0,0,-1,-11,1
D,72905,0,0,0,0,0,0,0,0,0,-1,-11,1
D,72915,0,0,0,0,0,0,0,0,0,-1,-11,1
D,72925,0,0,0,0,0,0,0,0,0,-1,-11,1
D,72935,0,0,0,0,0,0,0,0,0,-1,-11,1
D,72945,0,0,0,0,0,0,0,0,0,-1,-11,1
D,72955,0,0,0,0,0,0,0,0,0,-1,-11,1
D,72965,0,0,0,0,0,0,0,0,0,-1,-11,1
D,72975,0,0,0,0,0,0,0,0,0,-1,-11,1
D,72985,0,0,0,0,0,0,0,0,0,-1,-11,1
D,72995,0,0,0,0,0,0,0,0,0,-1,-11,1
D,73005,0,0,0,0,0,0,0,0,0,-1,-11,1
D,73015,0,0,0,0,0,0,0,0,0,-1,-11,1
D,73025,0,0,0,0,0,0,0,0,0,-1,-11,1
D,73035,0,0,0,0,0,0,0,0,0,-1,-11,1
D,73045,0,0,0,0,0,0,0,0,0,-1,-11,1
D,73055,0,0,0,0,0,0,0,0,0,-1,-11,1
D,73065,0,0,0,0,0,0,0,0,0,-1,-11,1
D,73075,0,0,0,0,0,0,0,0,0,-1,-11,1
D,73085,0,0,0,0,0,0,0,0,0,-1,-11,1
D,73095,0,0,0,0,0,0,0,0,0,-1,-11,1
D,73105,0,0,0,0,0,0,0,0,0,-1,-11,1
D,73115,0,0,0,0,0,0,0,0,0,-1,-11,1
D,73125,0,0,0,0,0,0,0,0,0,-1,-11,1
D,73135,0,0,0,0,0,0,0,0,0,-1,-11,1
D,73145,0,0,0,0,0,0,0,0,0,-1,-11,1
D,73155,0,0,0,0,0,0,0,0,0,-1,-11,1
D,73165,0,0,0,0,0,0,0,0,0,-1,-11,1
D,73175,0,0,0,0,0,0,0,0,0,-1,-11,1
D,73185,0,0,0,0,0,0,0,0,0,-1,-11,1
D,73195,0,0,0,0,0,0,0,0,0,-1,-11,1
D,73205,0,0,0,0,0,0,0,0,0,-1,-11,1
D,73215,0,0,0,0,0,0,0,0,0,-1,-11,1
D,73225,0,0,0,0,0,0,0,0,0,-1,-11,1
D,73235,0,0,0,0,0,0,0,0,0,-1,-11,1
D,73245,0,0,0,0,0,0,0,0,0,-1,-11,1
D,73255,0,0,0,0,0,0,0,0,0,-1,-11,1
D,73265,0,0,0,0,0,0,0,0,0,-1,-11,1
D,73275,0,0,0,0,0,0,0,0,0,-1,-11,1
D,73285,0,0,0,0,0,0,0,0,0,-1,-11,1
D,73295,0,0,0,0,0,0,0,0,0,-1,-11,1
D,73305,0,0,0,0,0,0,0,0,0,-1,-11,1
D,73315,0,0,0,0,0,0,0,0,0,-1,-11,1
D,73325,0,0,0,0,0,0,0,0,0,-1,-11,1
D,73335,0,0,0,0,0,0,0,0,0,-1,-11,1
D,73345,0,0,0,0,0,0,0,0,0,-1,-11,1
D,73355,0,0,0,0,0,0,0,0,0,-1,-11,1
D,73365,0,0,0,0,0,0,0,0,0,-1,-11,1
D,73375,0,0,0,0,0,0,0,0,0,-1,-11,1
D,73385,0,0,0,0,0,0,0,0,0,-1,-11,1
D,73395,0,0,0,0,0,0,0,0,0,-1,-11,1
D,73405,0,0,0,0,0,0,0,0,0,-1,-11,1
D,73415,0,0,0,0,0,0,0,0,0,-1,-11,1
D,73425,0,0,0,0,0,0,0,0,0,-1,-11,1
D,73435,0,0,0,0,0,0,0,0,0,-1,-11,1
D,73445,0,0,0,0,0,0,0,0,0,-1,-11,1
D,73455,0,0,0,0,0,0,0,0,0,-1,-11,1
D,73465,0,0,0,0,0,0,0,0,0,-1,-11,1
D,73475,0,0,0,0,0,0,0,0,0,-1,-11,1
D,73485,0,0,0,0,0,0,0,0,0,-1,-11,1
D,73495,0,0,0,0,0,0,0,0,0,-1,-11,1
D,73505,0,0,0,0,0,0,0,0,0,-1,-11,1
D,73515,0,0,0,0,0,0,0,0,0,-1,-11,1
D,73525,0,0,0,0,0,0,0,0,0,-1,-11,1
D,73535,0,0,0,0,0,0,0,0,0,-1,-11,1
D,73545,0,0,0,0,0,0,0,0,0,-1,-11,1
D,73555,0,0,0,0,0,0,0,0,0,-1,-11,1
D,73565,0,0,0,0,0,0,0,0,0,-1,-11,1
D,73575,0,0,0,0,0,0,0,0,0,-1,-11,1
D,73585,0,0,0,0,0,0,0,0,0,-1,-11,1
D,73595,0,0,0,0,0,0,0,0,0,-1,-11,1
D,73605,0,0,0,0,0,0,0,0,0,-1,-11,1
D,73615,0,0,0,0,0,0,0,0,0,-1,-11,1
D,73625,0,0,0,0,0,0,0,0,0,-1,-11,1
D,73635,0,0,0,0,0,0,0,0,0,-1,-11,1
D,73645,0,0,0,0,0,0,0,0,0,-1,-11,1
D,73655,0,0,0,0,0,0,0,0,0,-1,-11,1
D,73665,0,0,0,0,0,0,0,0,0,-1,-11,1
D,73675,0,0,0,0,0,0,0,0,0,-1,-11,1
D,73685,0,0,0,0,0,0,0,0,0,-1,-11,1
D,73695,0,0,0,0,0,0,0,0,0,-1,-11,1
D,73705,0,0,0,0,0,0,0,0,0,-1,-11,1
D,73715,0,0,0,0,0,0,0,0,0,-1,-11,1
D,73725,0,0,0,0,0,0,0,0,0,-1,-11,1
D,73735,0,0,0,0,0,0,0,0,0,-1,-11,1
D,73745,0,0,0,0,0,0,0,0,0,-1,-11,1
D,73755,0,0,0,0,0,0,0,0,0,-1,-11,1
D,73765,0,0,0,0,0,0,0,0,0,-1,-11,1
D,73775,0,0,0,0,0,0,0,0,0,-1,-11,1
D,73785,0,0,0,0,0,0,0,0,0,-1,-11,1
D,73795,0,0,0,0,0,0,0,0,0,-1,-11,1
D,73805,0,0,0,0,0,0,0,0,0,-1,-11,1
D,73815,0,0,0,0,0,0,0,0,0,-1,-11,1
D,73825,0,0,0,0,0,0,0,0,0,-1,-11,1
D,73835,0,0,0,0,0,0,0,0,0,-1,-11,1
D,73845,0,0,0,0,0,0,0,0,0,-1,-11,1
D,73855,0,0,0,0,0,0,0,0,0,-1,-11,1
D,73865,0,0,0,0,0,0,0,0,0,-1,-11,1
D,73875,0,0,0,0,0,0,0,0,0,-1,-11,1
D,73885,0,0,0,0,0,0,0,0,0,-1,-11,1
D,73895,0,0,0,0,0,0,0,0,0,-1,-11,1
D,73905,0,0,0,0,0,0,0,0,0,-1,-11,1
D,73915,0,0,0,0,0,0,0,0,0,-1,-11,1
D,73925,0,0,0,0,0,0,0,0,0,-1,-11,1
D,73935,0,0,0,0,0,0,0,0,0,-1,-11,1
D,73945,0,0,0,0,0,0,0,0,0,-1,-11,1
D,73955,0,0,0,0,0,0,0,0,0,-1,-11,1
D,73965,0,0,0,0,0,0,0,0,0,-1,-11,1
D,73975,0,0,0,0,0,0,0,0,0,-1,-11,1
D,73985,0,0,0,0,0,0,0,0,0,-1,-11,1
D,73995,0,0,0,0,0,0,0,0,0,-1,-11,1
D,74005,0,0,0,0,0,0,0,0,0,-1,-11,1
D,74015,0,0,0,0,0,0,0,0,0,-1,-11,1
D,74025,0,0,0,0,0,0,0,0,0,-1,-11,1
D,74035,0,0,0,0,0,0,0,0,0,-1,-11,1
D,74045,0,0,0,0,0,0,0,0,0,-1,-11,1
D,74055,0,0,0,0,0,0,0,0,0,-1,-11,1
D,74065,0,0,0,0,0,0,0,0,0,-1,-11,1
D,74075,0,0,0,0,0,0,0,0,0,-1,-11,1
D,74085,0,0,0,0,0,0,0,0,0,-1,-11,1
D,74095,0,0,0,0,0,0,0,0,0,-1,-11,1
D,74105,0,0,0,0,0,0,0,0,0,-1,-11,1
D,74115,0,0,0,0,0,0,0,0,0,-1,-11,1
D,74125,0,0,0,0,0,0,0,0,0,-1,-11,1
D,74135,0,0,0,0,0,0,0,0,0,-1,-11,1
D,74145,0,0,0,0,0,0,0,0,0,-1,-11,1
D,74155,0,0,0,0,0,0,0,0,0,-1,-11,1
D,74165,0,0,0,0,0,0,0,0,0,-1,-11,1
D,74175,0,0,0,0,0,0,0,0,0,-1,-11,1
D,74185,0,0,0,0,0,0,0,0,0,-1,-11,1
D,74195,0,0,0,0,0,0,0,0,0,-1,-11,1
D,74205,0,0,0,0,0,0,0,0,0,-1,-11,1
D,74215,0,0,0,0,0,0,0,0,0,-1,-11,1
D,74225,0,0,0,0,0,0,0,0,0,-1,-11,1
D,74235,0,0,0,0,0,0,0,0,0,-1,-11,1
D,74245,0,0,0,0,0,0,0,0,0,-1,-11,1
D,74255,0,0,0,0,0,0,0,0,0,-1,-11,1
D,74265,0,0,0,0,0,0,0,0,0,-1,-11,1
D,74275,0,0,0,0,0,0,0,0,0,-1,-11,1
D,74285,0,0,0,0,0,0,0,0,0,-1,-11,1
D,74295,0,0,0,0,0,0,0,0,0,-1,-11,1
D,74305,0,0,0,0,0,0,0,0,0,-1,-11,1
D,74315,0,0,0,0,0,0,0,0,0,-1,-11,1
D,74325,0,0,0,0,0,0,0,0,0,-1,-11,1
D,74335,0,0,0,0,0,0,0,0,0,-1,-11,1
D,74345,0,0,0,0,0,0,0,0,0,-1,-11,1
D,74355,0,0,0,0,0,0,0,0,0,-1,-11,1
D,74365,0,0,0,0,0,0,0,0,0,-1,-11,1
D,74375,0,0,0,0,0,0,0,0,0,-1,-11,1
D,74385,0,0,0,0,0,0,0,0,0,-1,-11,1
D,74395,0,0,0,0,0,0,0,0,0,-1,-11,1
D,74405,0,0,0,0,0,0,0,0,0,-1,-11,1
D,74415,0,0,0,0,0,0,0,0,0,-1,-11,1
D,74425,0,0,0,0,0,0,0,0,0,-1,-11,1
D,74435,0,0,0,0,0,0,0,0,0,-1,-11,1
D,74445,0,0,0,0,0,0,0,0,0,-1,-11,1
D,74455,0,0,0,0,0,0,0,0,0,-1,-11,1
D,74465,0,0,0,0,0,0,0,0,0,-1,-11,1
D,74475,0,0,0,0,0,0,0,0,0,-1,-11,1
D,74485,0,0,0,0,0,0,0,0,0,-1,-11,1
D,74495,0,0,0,0,0,0,0,0,0,-1,-11,1
D,74505,0,0,0,0,0,0,0,0,0,-1,-11,1
D,74515,0,0,0,0,0,0,0,0,0,-1,-11,1
D,74525,0,0,0,0,0,0,0,0,0,-1,-11,1
D,74535,0,0,0,0,0,0,0,0,0,-1,-11,1
D,74545,0,0,0,0,0,0,0,0,0,-1,-11,1
D,74555,0,0,0,0,0,0,0,0,0,-1,-11,1
D,74565,0,0,0,0,0,0,0,0,0,-1,-11,1
D,74575,0,0,0,0,0,0,0,0,0,-1,-11,1
D,74585,0,0,0,0,0,0,0,0,0,-1,-11,1
D,74595,0,0,0,0,0,0,0,0,0,-1,-11,1
D,74605,0,0,0,0,0,0,0,0,0,-1,-11,1
D,74615,0,0,0,0,0,0,0,0,0,-1,-11,1
D,74625,0,0,0,0,0,0,0,0,0,-1,-11,1
D,74635,0,0,0,0,0,0,0,0,0,-1,-11,1
D,74645,0,0,0,0,0,0,0,0,0,-1,-11,1
D,74655,0,0,0,0,0,0,0,0,0,-1,-11,1
D,74665,0,0,0,0,0,0,0,0,0,-1,-11,1
D,74675,0,0,0,0,0,0,0,0,0,-1,-11,1
D,74685,0,0,0,0,0,0,0,0,0,-1,-11,1
D,74695,0,0,0,0,0,0,0,0,0,-1,-11,1
D,74705,0,0,0,0,0,0,0,0,0,-1,-11,1
D,74715,0,0,0,0,0,0,0,0,0,-1,-11,1
D,74725,0,0,0,0,0,0,0,0,0,-1,-11,1
D,74735,0,0,0,0,0,0,0,0,0,-1,-11,1
D,74745,0,0,0,0,0,0,0,0,0,-1,-11,1
D,74755,0,0,0,0,0,0,0,0,0,-1,-11,1
D,74765,0,0,0,0,0,0,0,0,0,-1,-11,1
D,74775,0,0,0,0,0,0,0,0,0,-1,-11,1
D,74785,0,0,0,0,0,0,0,0,0,-1,-11,1
D,74795,0,0,0,0,0,0,0,0,0,-1,-11,1
D,74805,0,0,0,0,0,0,0,0,0,-1,-11,1
D,74815,0,0,0,0,0,0,0,0,0,-1,-11,1
D,74825,0,0,0,0,0,0,0,0,0,-1,-11,1
D,74835,0,0,0,0,0,0,0,0,0,-1,-11,1
D,74845,0,0,0,0,0,0,0,0,0,-1,-11,1
D,74855,0,0,0,0,0,0,0,0,0,-1,-11,1
D,74865,0,0,0,0,0,0,0,0,0,-1,-11,1
D,74875,0,0,0,0,0,0,0,0,0,-1,-11,1
D,74885,0,0,0,0,0,0,0,0,0,-1,-11,1
D,74895,0,0,0,0,0,0,0,0,0,-1,-11,1
D,74905,0,0,0,0,0,0,0,0,0,-1,-11,1
D,74915,0,0,0,0,0,0,0,0,0,-1,-11,1
D,74925,0,0,0,0,0,0,0,0,0,-1,-11,1
D,74935,0,0,0,0,0,0,0,0,0,-1,-11,1
D,74945,0,0,0,0,0,0,0,0,0,-1,-11,1
D,74955,0,0,0,0,0,0,0,0,0,-1,-11,1
D,74965,0,0,0,0,0,0,0,0,0,-1,-11,1
D,74975,0,0,0,0,0,0,0,0,0,-1,-11,1
D,74985,0,0,0,0,0,0,0,0,0,-1,-11,1
D,74995,0,0,0,0,0,0,0,0,0,-1,-11,1
D,75005,0,0,0,0,0,0,0,0,0,-1,-11,1
D,75015,0,0,0,0,0,0,0,0,0,-1,-11,1
D,75025,0,0,0,0,0,0,0,0,0,-1,-11,1
D,75035,0,0,0,0,0,0,0,0,0,-1,-11,1
D,75045,0,0,0,0,0,0,0,0,0,-1,-11,1
D,75055,0,0,0,0,0,0,0,0,0,-1,-11,1
D,75065,0,0,0,0,0,0,0,0,0,-1,-11,1
D,75075,0,0,0,0,0,0,0,0,0,-1,-11,1
D,75085,0,0,0,0,0,0,0,0,0,-1,-11,1
D,75095,0,0,0,0,0,0,0,0,0,-1,-11,1
D,75105,0,0,0,0,0,0,0,0,0,-1,-11,1
D,75115,0,0,0,0,0,0,0,0,0,-1,-11,1
D,75125,0,0,0,0,0,0,0,0,0,-1,-11,1
D,75135,0,0,0,0,0,0,0,0,0,-1,-11,1
D,75145,0,0,0,0,0,0,0,0,0,-1,-11,1
D,75155,0,0,0,0,0,0,0,0,0,-1,-11,1
D,75165,0,0,0,0,0,0,0,0,0,-1,-11,1
D,75175,0,0,0,0,0,0,0,0,0,-1,-11,1
D,75185,0,0,0,0,0,0,0,0,0,-1,-11,1
D,75195,0,0,0,0,0,0,0,0,0,-1,-11,1
D,75205,0,0,0,0,0,0,0,0,0,-1,-11,1
D,75215,0,0,0,0,0,0,0,0,0,-1,-11,1
D,75225,0,0,0,0,0,0,0,0,0,-1,-11,1
D,75235,0,0,0,0,0,0,0,0,0,-1,-11,1
D,75245,0,0,0,0,0,0,0,0,0,-1,-11,1
D,75255,0,0,0,0,0,0,0,0,0,-1,-11,1
D,75265,0,0,0,0,0,0,0,0,0,-1,-11,1
D,75275,0,0,0,0,0,0,0,0,0,-1,-11,1
D,75285,0,0,0,0,0,0,0,0,0,-1,-11,1
D,75295,0,0,0,0,0,0,0,0,0,-1,-11,1
D,75305,0,0,0,0,0,0,0,0,0,-1,-11,1
D,75315,0,0,0,0,0,0,0,0,0,-1,-11,1
D,75325,0,0,0,0,0,0,0,0,0,-1,-11,1
D,75335,0,0,0,0,0,0,0,0,0,-1,-11,1
D,75345,0,0,0,0,0,0,0,0,0,-1,-11,1
D,75355,0,0,0,0,0,0,0,0,0,-1,-11,1
D,75365,0,0,0,0,0,0,0,0,0,-1,-11,1
D,75375,0,0,0,0,0,0,0,0,0,-1,-11,1
D,75385,0,0,0,0,0,0,0,0,0,-1,-11,1
D,75395,0,0,0,0,0,0,0,0,0,-1,-11,1
D,75405,0,0,0,0,0,0,0,0,0,-1,-11,1
D,75415,0,0,0,0,0,0,0,0,0,-1,-11,1
D,75425,0,0,0,0,0,0,0,0,0,-1,-11,1
D,75435,0,0,0,0,0,0,0,0,0,-1,-11,1
D,75445,0,0,0,0,0,0,0,0,0,-1,-11,1
D,75455,0,0,0,0,0,0,0,0,0,-1,-11,1
D,75465,0,0,0,0,0,0,0,0,0,-1,-11,1
D,75475,0,0,0,0,0,0,0,0,0,-1,-11,1
D,75485,0,0,0,0,0,0,0,0,0,-1,-11,1
D,75495,0,0,0,0,0,0,0,0,0,-1,-11,1
D,75505,0,0,0,0,0,0,0,0,0,-1,-11,1
D,75515,0,0,0,0,0,0,0,0,0,-1,-11,1
D,75525,0,0,0,0,0,0,0,0,0,-1,-11,1
D,75535,0,0,0,0,0,0,0,0,0,-1,-11,1
D,75545,0,0,0,0,0,0,0,0,0,-1,-11,1
D,75555,0,0,0,0,0,0,0,0,0,-1,-11,1
D,75565,0,0,0,0,0,0,0,0,0,-1,-11,1
D,75575,0,0,0,0,0,0,0,0,0,-1,-11,1
D,75585,0,0,0,0,0,0,0,0,0,-1,-11,1
D,75595,0,0,0,0,0,0,0,0,0,-1,-11,1
D,75605,0,0,0,0,0,0,0,0,0,-1,-11,1
D,75615,0,0,0,0,0,0,0,0,0,-1,-11,1
D,75625,0,0,0,0,0,0,0,0,0,-1,-11,1
D,75635,0,0,0,0,0,0,0,0,0,-1,-11,1
D,75645,0,0,0,0,0,0,0,0,0,-1,-11,1
D,75655,0,0,0,0,0,0,0,0,0,-1,-11,1
D,75665,0,0,0,0,0,0,0,0,0,-1,-11,1
D,75675,0,0,0,0,0,0,0,0,0,-1,-11,1
D,75685,0,0,0,0,0,0,0,0,0,-1,-11,1
D,75695,0,0,0,0,0,0,0,0,0,-1,-11,1
D,75705,0,0,0,0,0,0,0,0,0,-1,-11,1
D,75715,0,0,0,0,0,0,0,0,0,-1,-11,1
D,75725,0,0,0,0,0,0,0,0,0,-1,-11,1
D,75735,0,0,0,0,0,0,0,0,0,-1,-11,1
D,75745,0,0,0,0,0,0,0,0,0,-1,-11,1
D,75755,0,0,0,0,0,0,0,0,0,-1,-11,1
D,75765,0,0,0,0,0,0,0,0,0,-1,-11,1
D,75775,0,0,0,0,0,0,0,0,0,-1,-11,1
D,75785,0,0,0,0,0,0,0,0,0,-1,-11,1
D,75795,0,0,0,0,0,0,0,0,0,-1,-11,1
D,75805,0,0,0,0,0,0,0,0,0,-1,-11,1
D,75815,0,0,0,0,0,0,0,0,0,-1,-11,1
D,75825,0,0,0,0,0,0,0,0,0,-1,-11,1
D,75835,0,0,0,0,0,0,0,0,0,-1,-11,1
D,75845,0,0,0,0,0,0,0,0,0,-1,-11,1
D,75855,0,0,0,0,0,0,0,0,0,-1,-11,1
D,75865,0,0,0,0,0,0,0,0,0,-1,-11,1
D,75875,0,0,0,0,0,0,0,0,0,-1,-11,1
D,75885,0,0,0,0,0,0,0,0,0,-1,-11,1
D,75895,0,0,0,0,0,0,0,0,0,-1,-11,1
D,75905,0,0,0,0,0,0,0,0,0,-1,-11,1
D,75915,0,0,0,0,0,0,0,0,0,-1,-11,1
D,75925,0,0,0,0,0,0,0,0,0,-1,-11,1
D,75935,0,0,0,0,0,0,0,0,0,-1,-11,1
D,75945,0,0,0,0,0,0,0,0,0,-1,-11,1
D,75955,0,0,0,0,0,0,0,0,0,-1,-11,1
D,75965,0,0,0,0,0,0,0,0,0,-1,-11,1
D,75975,0,0,0,0,0,0,0,0,0,-1,-11,1
D,75985,0,0,0,0,0,0,0,0,0,-1,-11,1
D,75995,0,0,0,0,0,0,0,0,0,-1,-11,1
D,76005,0,0,0,0,0,0,0,0,0,-1,-11,1
D,76015,0,0,0,0,0,0,0,0,0,-1,-11,1
D,76025,0,0,0,0,0,0,0,0,0,-1,-11,1
D,76035,0,0,0,0,0,0,0,0,0,-1,-11,1
D,76045,0,0,0,0,0,0,0,0,0,-1,-11,1
D,76055,0,0,0,0,0,0,0,0,0,-1,-11,1
D,76065,0,0,0,0,0,0,0,0,0,-1,-11,1
D,76075,0,0,0,0,0,0,0,0,0,-1,-11,1
D,76085,0,0,0,0,0,0,0,0,0,-1,-11,1
D,76095,0,0,0,0,0,0,0,0,0,-1,-11,1
D,76105,0,0,0,0,0,0,0,0,0,-1,-11,1
D,76115,0,0,0,0,0,0,0,0,0,-1,-11,1
D,76125,0,0,0,0,0,0,0,0,0,-1,-11,1
D,76135,0,0,0,0,0,0,0,0,0,-1,-11,1
D,76145,0,0,0,0,0,0,0,0,0,-1,-11,1
D,76155,0,0,0,0,0,0,0,0,0,-1,-11,1
D,76165,0,0,0,0,0,0,0,0,0,-1,-11,1
D,76175,0,0,0,0,0,0,0,0,0,-1,-11,1
D,76185,0,0,0,0,0,0,0,0,0,-1,-11,1
D,76195,0,0,0,0,0,0,0,0,0,-1,-11,1
D,76205,0,0,0,0,0,0,0,0,0,-1,-11,1
D,76215,0,0,0,0,0,0,0,0,0,-1,-11,1
D,76225,0,0,0,0,0,0,0,0,0,-1,-11,1
D,76235,0,0,0,0,0,0,0,0,0,-1,-11,1
D,76245,0,0,0,0,0,0,0,0,0,-1,-11,1
D,76255,0,0,0,0,0,0,0,0,0,-1,-11,1
D,76265,0,0,0,0,0,0,0,0,0,-1,-11,1
D,76275,0,0,0,0,0,0,0,0,0,-1,-11,1
D,76285,0,0,0,0,0,0,0,0,0,-1,-11,1
D,76295,0,0,0,0,0,0,0,0,0,-1,-11,1
D,76305,0,0,0,0,0,0,0,0,0,-1,-11,1
D,76315,0,0,0,0,0,0,0,0,0,-1,-11,1
D,76325,0,0,0,0,0,0,0,0,0,-1,-11,1
D,76335,0,0,0,0,0,0,0,0,0,-1,-11,1
D,76345,0,0,0,0,0,0,0,0,0,-1,-11,1
D,76355,0,0,0,0,0,0,0,0,0,-1,-11,1
D,76365,0,0,0,0,0,0,0,0,0,-1,-11,1
D,76375,0,0,0,0,0,0,0,0,0,-1,-11,1
D,76385,0,0,0,0,0,0,0,0,0,-1,-11,1
D,76395,0,0,0,0,0,0,0,0,0,-1,-11,1
D,76405,0,0,0,0,0,0,0,0,0,-1,-11,1
D,76415,0,0,0,0,0,0,0,0,0,-1,-11,1
D,76425,0,0,0,0,0,0,0,0,0,-1,-11,1
D,76435,0,0,0,0,0,0,0,0,0,-1,-11,1
D,76445,0,0,0,0,0,0,0,0,0,-1,-11,1
D,76455,0,0,0,0,0,0,0,0,0,-1,-11,1
D,76465,0,0,0,0,0,0,0,0,0,-1,-11,1
D,76475,0,0,0,0,0,0,0,0,0,-1,-11,1
D,76485,0,0,0,0,0,0,0,0,0,-1,-11,1
D,76495,0,0,0,0,0,0,0,0,0,-1,-11,1
D,76505,0,0,0,0,0,0,0,0,0,-1,-11,1
D,76515,0,0,0,0,0,0,0,0,0,-1,-11,1
D,76525,0,0,0,0,0,0,0,0,0,-1,-11,1
D,76535,0,0,0,0,0,0,0,0,0,-1,-11,1
D,76545,0,0,0,0,0,0,0,0,0,-1,-11,1
D,76555,0,0,0,0,0,0,0,0,0,-1,-11,1
D,76565,0,0,0,0,0,0,0,0,0,-1,-11,1
D,76575,0,0,0,0,0,0,0,0,0,-1,-11,1
D,76585,0,0,0,0,0,0,0,0,0,-1,-11,1
D,76595,0,0,0,0,0,0,0,0,0,-1,-11,1
D,76605,0,0,0,0,0,0,0,0,0,-1,-11,1
D,76615,0,0,0,0,0,0,0,0,0,-1,-11,1
D,76625,0,0,0,0,0,0,0,0,0,-1,-11,1
D,76635,0,0,0,0,0,0,0,0,0,-1,-11,1
D,76645,0,0,0,0,0,0,0,0,0,-1,-11,1
D,76655,0,0,0,0,0,0,0,0,0,-1,-11,1
D,76665,0,0,0,0,0,0,0,0,0,-1,-11,1
D,76675,0,0,0,0,0,0,0,0,0,-1,-11,1
D,76685,0,0,0,0,0,0,0,0,0,-1,-11,1
D,76695,0,0,0,0,0,0,0,0,0,-1,-11,1
D,76705,0,0,0,0,0,0,0,0,0,-1,-11,1
D,76715,0,0,0,0,0,0,0,0,0,-1,-11,1
D,76725,0,0,0,0,0,0,0,0,0,-1,-11,1
D,76735,0,0,0,0,0,0,0,0,0,-1,-11,1
D,76745,0,0,0,0,0,0,0,0,0,-1,-11,1
D,76755,0,0,0,0,0,0,0,0,0,-1,-11,1
D,76765,0,0,0,0,0,0,0,0,0,-1,-11,1
D,76775,0,0,0,0,0,0,0,0,0,-1,-11,1
D,76785,0,0,0,0,0,0,0,0,0,-1,-11,1
D,76795,0,0,0,0,0,0,0,0,0,-1,-11,1
D,76805,0,0,0,0,0,0,0,0,0,-1,-11,1
D,76815,0,0,0,0,0,0,0,0,0,-1,-11,1
D,76825,0,0,0,0,0,0,0,0,0,-1,-11,1
D,76835,0,0,0,0,0,0,0,0,0,-1,-11,1
D,76845,0,0,0,0,0,0,0,0,0,-1,-11,1
D,76855,0,0,0,0,0,0,0,0,0,-1,-11,1
D,76865,0,0,0,0,0,0,0,0,0,-1,-11,1
D,76875,0,0,0,0,0,0,0,0,0,-1,-11,1
D,76885,0,0,0,0,0,0,0,0,0,-1,-11,1
D,76895,0,0,0,0,0,0,0,0,0,-1,-11,1
D,76905,0,0,0,0,0,0,0,0,0,-1,-11,1
D,76915,0,0,0,0,0,0,0,0,0,-1,-11,1
D,76925,0,0,0,0,0,0,0,0,0,-1,-11,1
D,76935,0,0,0,0,0,0,0,0,0,-1,-11,1
D,76945,0,0,0,0,0,0,0,0,0,-1,-11,1
D,76955,0,0,0,0,0,0,0,0,0,-1,-11,1
D,76965,0,0,0,0,0,0,0,0,0,-1,-11,1
D,76975,0,0,0,0,0,0,0,0,0,-1,-11,1
D,76985,0,0,0,0,0,0,0,0,0,-1,-11,1
D,76995,0,0,0,0,0,0,0,0,0,-1,-11,1
D,77005,0,0,0,0,0,0,0,0,0,-1,-11,1
D,77015,0,0,0,0,0,0,0,0,0,-1,-11,1
D,77025,0,0,0,0,0,0,0,0,0,-1,-11,1
D,77035,0,0,0,0,0,0,0,0,0,-1,-11,1
D,77045,0,0,0,0,0,0,0,0,0,-1,-11,1
D,77055,0,0,0,0,0,0,0,0,0,-1,-11,1
D,77065,0,0,0,0,0,0,0,0,0,-1,-11,1
D,77075,0,0,0,0,0,0,0,0,0,-1,-11,1
D,77085,0,0,0,0,0,0,0,0,0,-1,-11,1
D,77095,0,0,0,0,0,0,0,0,0,-1,-11,1
D,77105,0,0,0,0,0,0,0,0,0,-1,-11,1
D,77115,0,0,0,0,0,0,0,0,0,-1,-11,1
D,77125,0,0,0,0,0,0,0,0,0,-1,-11,1
D,77135,0,0,0,0,0,0,0,0,0,-1,-11,1
D,77145,0,0,0,0,0,0,0,0,0,-1,-11,1
D,77155,0,0,0,0,0,0,0,0,0,-1,-11,1
D,77165,0,0,0,0,0,0,0,0,0,-1,-11,1
D,77175,0,0,0,0,0,0,0,0,0,-1,-11,1
D,77185,0,0,0,0,0,0,0,0,0,-1,-11,1
D,77195,0,0,0,0,0,0,0,0,0,-1,-11,1
D,77205,0,0,0,0,0,0,0,0,0,-1,-11,1
D,77215,0,0,0,0,0,0,0,0,0,-1,-11,1
D,77225,0,0,0,0,0,0,0,0,0,-1,-11,1
D,77235,0,0,0,0,0,0,0,0,0,-1,-11,1
D,77245,0,0,0,0,0,0,0,0,0,-1,-11,1
D,77255,0,0,0,0,0,0,0,0,0,-1,-11,1
D,77265,0,0,0,0,0,0,0,0,0,-1,-11,1
D,77275,0,0,0,0,0,0,0,0,0,-1,-11,1
D,77285,0,0,0,0,0,0,0,0,0,-1,-11,1
D,77295,0,0,0,0,0,0,0,0,0,-1,-11,1
D,77305,0,0,0,0,0,0,0,0,0,-1,-11,1
D,77315,0,0,0,0,0,0,0,0,0,-1,-11,1
D,77325,0,0,0,0,0,0,0,0,0,-1,-11,1
D,77335,0,0,0,0,0,0,0,0,0,-1,-11,1
D,77345,0,0,0,0,0,0,0,0,0,-1,-11,1
D,77355,0,0,0,0,0,0,0,0,0,-1,-11,1
D,77365,0,0,0,0,0,0,0,0,0,-1,-11,1
D,77375,0,0,0,0,0,0,0,0,0,-1,-11,1
D,77385,0,0,0,0,0,0,0,0,0,-1,-11,1
D,77395,0,0,0,0,0,0,0,0,0,-1,-11,1
D,77405,0,0,0,0,0,0,0,0,0,-1,-11,1
D,77415,0,0,0,0,0,0,0,0,0,-1,-11,1
D,77425,0,0,0,0,0,0,0,0,0,-1,-11,1
D,77435,0,0,0,0,0,0,0,0,0,-1,-11,1
D,77445,0,0,0,0,0,0,0,0,0,-1,-11,1
D,77455,0,0,0,0,0,0,0,0,0,-1,-11,1
D,77465,0,0,0,0,0,0,0,0,0,-1,-11,1
D,77475,0,0,0,0,0,0,0,0,0,-1,-11,1
D,77485,0,0,0,0,0,0,0,0,0,-1,-11,1
D,77495,0,0,0,0,0,0,0,0,0,-1,-11,1
D,77505,0,0,0,0,0,0,0,0,0,-1,-11,1
D,77515,0,0,0,0,0,0,0,0,0,-1,-11,1
D,77525,0,0,0,0,0,0,0,0,0,-1,-11,1
D,77535,0,0,0,0,0,0,0,0,0,-1,-11,1
D,77545,0,0,0,0,0,0,0,0,0,-1,-11,1
D,77555,0,0,0,0,0,0,0,0,0,-1,-11,1
D,77565,0,0,0,0,0,0,0,0,0,-1,-11,1
D,77575,0,0,0,0,0,0,0,0,0,-1,-11,1
D,77585,0,0,0,0,0,0,0,0,0,-1,-11,1
D,77595,0,0,0,0,0,0,0,0,0,-1,-11,1
D,77605,0,0,0,0,0,0,0,0,0,-1,-11,1
D,77615,0,0,0,0,0,0,0,0,0,-1,-11,1
D,77625,0,0,0,0,0,0,0,0,0,-1,-11,1
D,77635,0,0,0,0,0,0,0,0,0,-1,-11,1
D,77645,0,0,0,0,0,0,0,0,0,-1,-11,1
D,77655,0,0,0,0,0,0,0,0,0,-1,-11,1
D,77665,0,0,0,0,0,0,0,0,0,-1,-11,1
D,77675,0,0,0,0,0,0,0,0,0,-1,-11,1
D,77685,0,0,0,0,0,0,0,0,0,-1,-11,1
D,77695,0,0,0,0,0,0,0,0,0,-1,-11,1
D,77705,0,0,0,0,0,0,0,0,0,-1,-11,1
D,77715,0,0,0,0,0,0,0,0,0,-1,-11,1
D,77725,0,0,0,0,0,0,0,0,0,-1,-11,1
D,77735,0,0,0,0,0,0,0,0,0,-1,-11,1
D,77745,0,0,0,0,0,0,0,0,0,-1,-11,1
D,77755,0,0,0,0,0,0,0,0,0,-1,-11,1
D,77765,0,0,0,0,0,0,0,0,0,-1,-11,1
D,77775,0,0,0,0,0,0,0,0,0,-1,-11,1
D,77785,0,0,0,0,0,0,0,0,0,-1,-11,1
D,77795,0,0,0,0,0,0,0,0,0,-1,-11,1
D,77805,0,0,0,0,0,0,0,0,0,-1,-11,1
D,77815,0,0,0,0,0,0,0,0,0,-1,-11,1
D,77825,0,0,0,0,0,0,0,0,0,-1,-11,1
D,77835,0,0,0,0,0,0,0,0,0,-1,-11,1
D,77845,0,0,0,0,0,0,0,0,0,-1,-11,1
D,77855,0,0,0,0,0,0,0,0,0,-1,-11,1
D,77865,0,0,0,0,0,0,0,0,0,-1,-11,1
D,77875,0,0,0,0,0,0,0,0,0,-1,-11,1
D,77885,0,0,0,0,0,0,0,0,0,-1,-11,1
D,77895,0,0,0,0,0,0,0,0,0,-1,-11,1
D,77905,0,0,0,0,0,0,0,0,0,-1,-11,1
D,77915,0,0,0,0,0,0,0,0,0,-1,-11,1
D,77925,0,0,0,0,0,0,0,0,0,-1,-11,1
D,77935,0,0,0,0,0,0,0,0,0,-1,-11,1
D,77945,0,0,0,0,0,0,0,0,0,-1,-11,1
D,77955,0,0,0,0,0,0,0,0,0,-1,-11,1
D,77965,0,0,0,0,0,0,0,0,0,-1,-11,1
D,77975,0,0,0,0,0,0,0,0,0,-1,-11,1
D,77985,0,0,0,0,0,0,0,0,0,-1,-11,1
D,77995,0,0,0,0,0,0,0,0,0,-1,-11,1
D,78005,0,0,0,0,0,0,0,0,0,-1,-11,1
D,78015,0,0,0,0,0,0,0,0,0,-1,-11,1
D,78025,0,0,0,0,0,0,0,0,0,-1,-11,1
D,78035,0,0,0,0,0,0,0,0,0,-1,-11,1
D,78045,0,0,0,0,0,0,0,0,0,-1,-11,1
D,78055,0,0,0,0,0,0,0,0,0,-1,-11,1
D,78065,0,0,0,0,0,0,0,0,0,-1,-11,1
D,78075,0,0,0,0,0,0,0,0,0,-1,-11,1
D,78085,0,0,0,0,0,0,0,0,0,-1,-11,1
D,78095,0,0,0,0,0,0,0,0,0,-1,-11,1
D,78105,0,0,0,0,0,0,0,0,0,-1,-11,1
D,78115,0,0,0,0,0,0,0,0,0,-1,-11,1
D,78125,0,0,0,0,0,0,0,0,0,-1,-11,1
D,78135,0,0,0,0,0,0,0,0,0,-1,-11,1
D,78145,0,0,0,0,0,0,0,0,0,-1,-11,1
D,78155,0,0,0,0,0,0,0,0,0,-1,-11,1
D,78165,0,0,0,0,0,0,0,0,0,-1,-11,1
D,78175,0,0,0,0,0,0,0,0,0,-1,-11,1
D,78185,0,0,0,0,0,0,0,0,0,-1,-11,1
D,78195,0,0,0,0,0,0,0,0,0,-1,-11,1
D,78205,0,0,0,0,0,0,0,0,0,-1,-11,1
D,78215,0,0,0,0,0,0,0,0,0,-1,-11,1
D,78225,0,0,0,0,0,0,0,0,0,-1,-11,1
D,78235,0,0,0,0,0,0,0,0,0,-1,-11,1
D,78245,0,0,0,0,0,0,0,0,0,-1,-11,1
D,78255,0,0,0,0,0,0,0,0,0,-1,-11,1
D,78265,0,0,0,0,0,0,0,0,0,-1,-11,1
D,78275,0,0,0,0,0,0,0,0,0,-1,-11,1
D,78285,0,0,0,0,0,0,0,0,0,-1,-11,1
D,78295,0,0,0,0,0,0,0,0,0,-1,-11,1
D,78305,0,0,0,0,0,0,0,0,0,-1,-11,1
D,78315,0,0,0,0,0,0,0,0,0,-1,-11,1
D,78325,0,0,0,0,0,0,0,0,0,-1,-11,1
D,78335,0,0,0,0,0,0,0,0,0,-1,-11,1
D,78345,0,0,0,0,0,0,0,0,0,-1,-11,1
D,78355,0,0,0,0,0,0,0,0,0,-1,-11,1
D,78365,0,0,0,0,0,0,0,0,0,-1,-11,1
D,78375,0,0,0,0,0,0,0,0,0,-1,-11,1
D,78385,0,0,0,0,0,0,0,0,0,-1,-11,1
D,78395,0,0,0,0,0,0,0,0,0,-1,-11,1
D,78405,0,0,0,0,0,0,0,0,0,-1,-11,1
D,78415,0,0,0,0,0,0,0,0,0,-1,-11,1
D,78425,0,0,0,0,0,0,0,0,0,-1,-11,1
D,78435,0,0,0,0,0,0,0,0,0,-1,-11,1
D,78445,0,0,0,0,0,0,0,0,0,-1,-11,1
D,78455,0,0,0,0,0,0,0,0,0,-1,-11,1
D,78465,0,0,0,0,0,0,0,0,0,-1,-11,1
D,78475,0,0,0,0,0,0,0,0,0,-1,-11,1
D,78485,0,0,0,0,0,0,0,0,0,-1,-11,1
D,78495,0,0,0,0,0,0,0,0,0,-1,-11,1
D,78505,0,0,0,0,0,0,0,0,0,-1,-11,1
D,78515,0,0,0,0,0,0,0,0,0,-1,-11,1
D,78525,0,0,0,0,0,0,0,0,0,-1,-11,1
D,78535,0,0,0,0,0,0,0,0,0,-1,-11,1
D,78545,0,0,0,0,0,0,0,0,0,-1,-11,1
D,78555,0,0,0,0,0,0,0,0,0,-1,-11,1
D,78565,0,0,0,0,0,0,0,0,0,-1,-11,1
D,78575,0,0,0,0,0,0,0,0,0,-1,-11,1
D,78585,0,0,0,0,0,0,0,0,0,-1,-11,1
D,78595,0,0,0,0,0,0,0,0,0,-1,-11,1
D,78605,0,0,0,0,0,0,0,0,0,-1,-11,1
D,78615,0,0,0,0,0,0,0,0,0,-1,-11,1
D,78625,0,0,0,0,0,0,0,0,0,-1,-11,1
D,78635,0,0,0,0,0,0,0,0,0,-1,-11,1
D,78645,0,0,0,0,0,0,0,0,0,-1,-11,1
D,78655,0,0,0,0,0,0,0,0,0,-1,-11,1
D,78665,0,0,0,0,0,0,0,0,0,-1,-11,1
D,78675,0,0,0,0,0,0,0,0,0,-1,-11,1
D,78685,0,0,0,0,0,0,0,0,0,-1,-11,1
D,78695,0,0,0,0,0,0,0,0,0,-1,-11,1
D,78705,0,0,0,0,0,0,0,0,0,-1,-11,1
D,78715,0,0,0,0,0,0,0,0,0,-1,-11,1
D,78725,0,0,0,0,0,0,0,0,0,-1,-11,1
D,78735,0,0,0,0,0,0,0,0,0,-1,-11,1
D,78745,0,0,0,0,0,0,0,0,0,-1,-11,1
D,78755,0,0,0,0,0,0,0,0,0,-1,-11,1
D,78765,0,0,0,0,0,0,0,0,0,-1,-11,1
D,78775,0,0,0,0,0,0,0,0,0,-1,-11,1
D,78785,0,0,0,0,0,0,0,0,0,-1,-11,1
D,78795,0,0,0,0,0,0,0,0,0,-1,-11,1
D,78805,0,0,0,0,0,0,0,0,0,-1,-11,1
D,78815,0,0,0,0,0,0,0,0,0,-1,-11,1
D,78825,0,0,0,0,0,0,0,0,0,-1,-11,1
D,78835,0,0,0,0,0,0,0,0,0,-1,-11,1
D,78845,0,0,0,0,0,0,0,0,0,-1,-11,1
D,78855,0,0,0,0,0,0,0,0,0,-1,-11,1
D,78865,0,0,0,0,0,0,0,0,0,-1,-11,1
D,78875,0,0,0,0,0,0,0,0,0,-1,-11,1
D,78885,0,0,0,0,0,0,0,0,0,-1,-11,1
D,78895,0,0,0,0,0,0,0,0,0,-1,-11,1
D,78905,0,0,0,0,0,0,0,0,0,-1,-11,1
D,78915,0,0,0,0,0,0,0,0,0,-1,-11,1
D,78925,0,0,0,0,0,0,0,0,0,-1,-11,1
D,78935,0,0,0,0,0,0,0,0,0,-1,-11,1
D,78945,0,0,0,0,0,0,0,0,0,-1,-11,1
D,78955,0,0,0,0,0,0,0,0,0,-1,-11,1
D,78965,0,0,0,0,0,0,0,0,0,-1,-11,1
D,78975,0,0,0,0,0,0,0,0,0,-1,-11,1
D,78985,0,0,0,0,0,0,0,0,0,-1,-11,1
D,78995,0,0,0,0,0,0,0,0,0,-1,-11,1
D,79005,0,0,0,0,0,0,0,0,0,-1,-11,1
D,79015,0,0,0,0,0,0,0,0,0,-1,-11,1
D,79025,0,0,0,0,0,0,0,0,0,-1,-11,1
D,79035,0,0,0,0,0,0,0,0,0,-1,-11,1
D,79045,0,0,0,0,0,0,0,0,0,-1,-11,1
D,79055,0,0,0,0,0,0,0,0,0,-1,-11,1
D,79065,0,0,0,0,0,0,0,0,0,-1,-11,1
D,79075,0,0,0,0,0,0,0,0,0,-1,-11,1
D,79085,0,0,0,0,0,0,0,0,0,-1,-11,1
D,79095,0,0,0,0,0,0,0,0,0,-1,-11,1
D,79105,0,0,0,0,0,0,0,0,0,-1,-11,1
D,79115,0,0,0,0,0,0,0,0,0,-1,-11,1
D,79125,0,0,0,0,0,0,0,0,0,-1,-11,1
D,79135,0,0,0,0,0,0,0,0,0,-1,-11,1
D,79145,0,0,0,0,0,0,0,0,0,-1,-11,1
D,79155,0,0,0,0,0,0,0,0,0,-1,-11,1
D,79165,0,0,0,0,0,0,0,0,0,-1,-11,1
D,79175,0,0,0,0,0,0,0,0,0,-1,-11,1
D,79185,0,0,0,0,0,0,0,0,0,-1,-11,1
D,79195,0,0,0,0,0,0,0,0,0,-1,-11,1
D,79205,0,0,0,0,0,0,0,0,0,-1,-11,1
D,79215,0,0,0,0,0,0,0,0,0,-1,-11,1
D,79225,0,0,0,0,0,0,0,0,0,-1,-11,1
D,79235,0,0,0,0,0,0,0,0,0,-1,-11,1
D,79245,0,0,0,0,0,0,0,0,0,-1,-11,1
D,79255,0,0,0,0,0,0,0,0,0,-1,-11,1
D,79265,0,0,0,0,0,0,0,0,0,-1,-11,1
D,79275,0,0,0,0,0,0,0,0,0,-1,-11,1
D,79285,0,0,0,0,0,0,0,0,0,-1,-11,1
D,79295,0,0,0,0,0,0,0,0,0,-1,-11,1
D,79305,0,0,0,0,0,0,0,0,0,-1,-11,1
D,79315,0,0,0,0,0,0,0,0,0,-1,-11,1
D,79325,0,0,0,0,0,0,0,0,0,-1,-11,1
D,79335,0,0,0,0,0,0,0,0,0,-1,-11,1
D,79345,0,0,0,0,0,0,0,0,0,-1,-11,1
D,79355,0,0,0,0,0,0,0,0,0,-1,-11,1
D,79365,0,0,0,0,0,0,0,0,0,-1,-11,1
D,79375,0,0,0,0,0,0,0,0,0,-1,-11,1
D,79385,0,0,0,0,0,0,0,0,0,-1,-11,1
D,79395,0,0,0,0,0,0,0,0,0,-1,-11,1
D,79405,0,0,0,0,0,0,0,0,0,-1,-11,1
D,79415,0,0,0,0,0,0,0,0,0,-1,-11,1
D,79425,0,0,0,0,0,0,0,0,0,-1,-11,1
D,79435,0,0,0,0,0,0,0,0,0,-1,-11,1
D,79445,0,0,0,0,0,0,0,0,0,-1,-11,1
D,79455,0,0,0,0,0,0,0,0,0,-1,-11,1
D,79465,0,0,0,0,0,0,0,0,0,-1,-11,1
D,79475,0,0,0,0,0,0,0,0,0,-1,-11,1
D,79485,0,0,0,0,0,0,0,0,0,-1,-11,1
D,79495,0,0,0,0,0,0,0,0,0,-1,-11,1
D,79505,0,0,0,0,0,0,0,0,0,-1,-11,1
D,79515,0,0,0,0,0,0,0,0,0,-1,-11,1
D,79525,0,0,0,0,0,0,0,0,0,-1,-11,1
D,79535,0,0,0,0,0,0,0,0,0,-1,-11,1
D,79545,0,0,0,0,0,0,0,0,0,-1,-11,1
D,79555,0,0,0,0,0,0,0,0,0,-1,-11,1
D,79565,0,0,0,0,0,0,0,0,0,-1,-11,1
D,79575,0,0,0,0,0,0,0,0,0,-1,-11,1
D,79585,0,0,0,0,0,0,0,0,0,-1,-11,1
D,79595,0,0,0,0,0,0,0,0,0,-1,-11,1
D,79605,0,0,0,0,0,0,0,0,0,-1,-11,1
D,79615,0,0,0,0,0,0,0,0,0,-1,-11,1
D,79625,0,0,0,0,0,0,0,0,0,-1,-11,1
D,79635,0,0,0,0,0,0,0,0,0,-1,-11,1
D,79645,0,0,0,0,0,0,0,0,0,-1,-11,1
D,79655,0,0,0,0,0,0,0,0,0,-1,-11,1
D,79665,0,0,0,0,0,0,0,0,0,-1,-11,1
D,79675,0,0,0,0,0,0,0,0,0,-1,-11,1
D,79685,0,0,0,0,0,0,0,0,0,-1,-11,1
D,79695,0,0,0,0,0,0,0,0,0,-1,-11,1
D,79705,0,0,0,0,0,0,0,0,0,-1,-11,1
D,79715,0,0,0,0,0,0,0,0,0,-1,-11,1
D,79725,0,0,0,0,0,0,0,0,0,-1,-11,1
D,79735,0,0,0,0,0,0,0,0,0,-1,-11,1
D,79745,0,0,0,0,0,0,0,0,0,-1,-11,1
D,79755,0,0,0,0,0,0,0,0,0,-1,-11,1
D,79765,0,0,0,0,0,0,0,0,0,-1,-11,1
D,79775,0,0,0,0,0,0,0,0,0,-1,-11,1
D,79785,0,0,0,0,0,0,0,0,0,-1,-11,1
D,79795,0,0,0,0,0,0,0,0,0,-1,-11,1
D,79805,0,0,0,0,0,0,0,0,0,-1,-11,1
D,79815,0,0,0,0,0,0,0,0,0,-1,-11,1
D,79825,0,0,0,0,0,0,0,0,0,-1,-11,1
D,79835,0,0,0,0,0,0,0,0,0,-1,-11,1
D,79845,0,0,0,0,0,0,0,0,0,-1,-11,1
D,79855,0,0,0,0,0,0,0,0,0,-1,-11,1
D,79865,0,0,0,0,0,0,0,0,0,-1,-11,1
D,79875,0,0,0,0,0,0,0,0,0,-1,-11,1
D,79885,0,0,0,0,0,0,0,0,0,-1,-11,1
D,79895,0,0,0,0,0,0,0,0,0,-1,-11,1
D,79905,0,0,0,0,0,0,0,0,0,-1,-11,1
D,79915,0,0,0,0,0,0,0,0,0,-1,-11,1
D,79925,0,0,0,0,0,0,0,0,0,-1,-11,1
D,79935,0,0,0,0,0,0,0,0,0,-1,-11,1
D,79945,0,0,0,0,0,0,0,0,0,-1,-11,1
D,79955,0,0,0,0,0,0,0,0,0,-1,-11,1
D,79965,0,0,0,0,0,0,0,0,0,-1,-11,1
D,79975,0,0,0,0,0,0,0,0,0,-1,-11,1
D,79985,0,0,0,0,0,0,0,0,0,-1,-11,1
D,79995,0,0,0,0,0,0,0,0,0,-1,-11,1
D,80005,0,0,0,0,0,0,0,0,0,-1,-11,1
D,80015,0,0,0,0,0,0,0,0,0,-1,-11,1
D,80025,0,0,0,0,0,0,0,0,0,-1,-11,1
D,80035,0,0,0,0,0,0,0,0,0,-1,-11,1
D,80045,0,0,0,0,0,0,0,0,0,-1,-11,1
D,80055,0,0,0,0,0,0,0,0,0,-1,-11,1
D,80065,0,0,0,0,0,0,0,0,0,-1,-11,1
D,80075,0,0,0,0,0,0,0,0,0,-1,-11,1
D,80085,0,0,0,0,0,0,0,0,0,-1,-11,1
D,80095,0,0,0,0,0,0,0,0,0,-1,-11,1
D,80105,0,0,0,0,0,0,0,0,0,-1,-11,1
D,80115,0,0,0,0,0,0,0,0,0,-1,-11,1
D,80125,0,0,0,0,0,0,0,0,0,-1,-11,1
D,80135,0,0,0,0,0,0,0,0,0,-1,-11,1
D,80145,0,0,0,0,0,0,0,0,0,-1,-11,1
D,80155,0,0,0,0,0,0,0,0,0,-1,-11,1
D,80165,0,0,0,0,0,0,0,0,0,-1,-11,1
D,80175,0,0,0,0,0,0,0,0,0,-1,-11,1
D,80185,0,0,0,0,0,0,0,0,0,-1,-11,1
D,80195,0,0,0,0,0,0,0,0,0,-1,-11,1
D,80205,0,0,0,0,0,0,0,0,0,-1,-11,1
D,80215,0,0,0,0,0,0,0,0,0,-1,-11,1
D,80225,0,0,0,0,0,0,0,0,0,-1,-11,1
D,80235,0,0,0,0,0,0,0,0,0,-1,-11,1
D,80245,0,0,0,0,0,0,0,0,0,-1,-11,1
D,80255,0,0,0,0,0,0,0,0,0,-1,-11,1
D,80265,0,0,0,0,0,0,0,0,0,-1,-11,1
D,80275,0,0,0,0,0,0,0,0,0,-1,-11,1
D,80285,0,0,0,0,0,0,0,0,0,-1,-11,1
D,80295,0,0,0,0,0,0,0,0,0,-1,-11,1
D,80305,0,0,0,0,0,0,0,0,0,-1,-11,1
D,80315,0,0,0,0,0,0,0,0,0,-1,-11,1
D,80325,0,0,0,0,0,0,0,0,0,-1,-11,1
D,80335,0,0,0,0,0,0,0,0,0,-1,-11,1
D,80345,0,0,0,0,0,0,0,0,0,-1,-11,1
D,80355,0,0,0,0,0,0,0,0,0,-1,-11,1
D,80365,0,0,0,0,0,0,0,0,0,-1,-11,1
D,80375,0,0,0,0,0,0,0,0,0,-1,-11,1
D,80385,0,0,0,0,0,0,0,0,0,-1,-11,1
D,80395,0,0,0,0,0,0,0,0,0,-1,-11,1
D,80405,0,0,0,0,0,0,0,0,0,-1,-11,1
D,80415,0,0,0,0,0,0,0,0,0,-1,-11,1
D,80425,0,0,0,0,0,0,0,0,0,-1,-11,1
D,80435,0,0,0,0,0,0,0,0,0,-1,-11,1
D,80445,0,0,0,0,0,0,0,0,0,-1,-11,1
D,80455,0,0,0,0,0,0,0,0,0,-1,-11,1
D,80465,0,0,0,0,0,0,0,0,0,-1,-11,1
D,80475,0,0,0,0,0,0,0,0,0,-1,-11,1
D,80485,0,0,0,0,0,0,0,0,0,-1,-11,1
D,80495,0,0,0,0,0,0,0,0,0,-1,-11,1
D,80505,0,0,0,0,0,0,0,0,0,-1,-11,1
D,80515,0,0,0,0,0,0,0,0,0,-1,-11,1
D,80525,0,0,0,0,0,0,0,0,0,-1,-11,1
D,80535,0,0,0,0,0,0,0,0,0,-1,-11,1
D,80545,0,0,0,0,0,0,0,0,0,-1,-11,1
D,80555,0,0,0,0,0,0,0,0,0,-1,-11,1
D,80565,0,0,0,0,0,0,0,0,0,-1,-11,1
D,80575,0,0,0,0,0,0,0,0,0,-1,-11,1
D,80585,0,0,0,0,0,0,0,0,0,-1,-11,1
D,80595,0,0,0,0,0,0,0,0,0,-1,-11,1
D,80605,0,0,0,0,0,0,0,0,0,-1,-11,1
D,80615,0,0,0,0,0,0,0,0,0,-1,-11,1
D,80625,0,0,0,0,0,0,0,0,0,-1,-11,1
D,80635,0,0,0,0,0,0,0,0,0,-1,-11,1
D,80645,0,0,0,0,0,0,0,0,0,-1,-11,1
D,80655,0,0,0,0,0,0,0,0,0,-1,-11,1
D,80665,0,0,0,0,0,0,0,0,0,-1,-11,1
D,80675,0,0,0,0,0,0,0,0,0,-1,-11,1
D,80685,0,0,0,0,0,0,0,0,0,-1,-11,1
D,80695,0,0,0,0,0,0,0,0,0,-1,-11,1
D,80705,0,0,0,0,0,0,0,0,0,-1,-11,1
D,80715,0,0,0,0,0,0,0,0,0,-1,-11,1
D,80725,0,0,0,0,0,0,0,0,0,-1,-11,1
D,80735,0,0,0,0,0,0,0,0,0,-1,-11,1
D,80745,0,0,0,0,0,0,0,0,0,-1,-11,1
D,80755,0,0,0,0,0,0,0,0,0,-1,-11,1
D,80765,0,0,0,0,0,0,0,0,0,-1,-11,1
D,80775,0,0,0,0,0,0,0,0,0,-1,-11,1
D,80785,0,0,0,0,0,0,0,0,0,-1,-11,1
D,80795,0,0,0,0,0,0,0,0,0,-1,-11,1
D,80805,0,0,0,0,0,0,0,0,0,-1,-11,1
D,80815,0,0,0,0,0,0,0,0,0,-1,-11,1
D,80825,0,0,0,0,0,0,0,0,0,-1,-11,1
D,80835,0,0,0,0,0,0,0,0,0,-1,-11,1
D,80845,0,0,0,0,0,0,0,0,0,-1,-11,1
D,80855,0,0,0,0,0,0,0,0,0,-1,-11,1
D,80865,0,0,0,0,0,0,0,0,0,-1,-11,1
D,80875,0,0,0,0,0,0,0,0,0,-1,-11,1
D,80885,0,0,0,0,0,0,0,0,0,-1,-11,1
D,80895,0,0,0,0,0,0,0,0,0,-1,-11,1
D,80905,0,0,0,0,0,0,0,0,0,-1,-11,1
D,80915,0,0,0,0,0,0,0,0,0,-1,-11,1
D,80925,0,0,0,0,0,0,0,0,0,-1,-11,1
D,80935,0,0,0,0,0,0,0,0,0,-1,-11,1
D,80945,0,0,0,0,0,0,0,0,0,-1,-11,1
D,80955,0,0,0,0,0,0,0,0,0,-1,-11,1
D,80965,0,0,0,0,0,0,0,0,0,-1,-11,1
D,80975,0,0,0,0,0,0,0,0,0,-1,-11,1
D,80985,0,0,0,0,0,0,0,0,0,-1,-11,1
D,80995,0,0,0,0,0,0,0,0,0,-1,-11,1
D,81005,0,0,0,0,0,0,0,0,0,-1,-11,1
D,81015,0,0,0,0,0,0,0,0,0,-1,-11,1
D,81025,0,0,0,0,0,0,0,0,0,-1,-11,1
D,81035,0,0,0,0,0,0,0,0,0,-1,-11,1
D,81045,0,0,0,0,0,0,0,0,0,-1,-11,1
D,81055,0,0,0,0,0,0,0,0,0,-1,-11,1
D,81065,0,0,0,0,0,0,0,0,0,-1,-11,1
D,81075,0,0,0,0,0,0,0,0,0,-1,-11,1
D,81085,0,0,0,0,0,0,0,0,0,-1,-11,1
D,81095,0,0,0,0,0,0,0,0,0,-1,-11,1
D,81105,0,0,0,0,0,0,0,0,0,-1,-11,1
D,81115,0,0,0,0,0,0,0,0,0,-1,-11,1
D,81125,0,0,0,0,0,0,0,0,0,-1,-11,1
D,81135,0,0,0,0,0,0,0,0,0,-1,-11,1
D,81145,0,0,0,0,0,0,0,0,0,-1,-11,1
D,81155,0,0,0,0,0,0,0,0,0,-1,-11,1
D,81165,0,0,0,0,0,0,0,0,0,-1,-11,1
D,81175,0,0,0,0,0,0,0,0,0,-1,-11,1
D,81185,0,0,0,0,0,0,0,0,0,-1,-11,1
D,81195,0,0,0,0,0,0,0,0,0,-1,-11,1
D,81205,0,0,0,0,0,0,0,0,0,-1,-11,1
D,81215,0,0,0,0,0,0,0,0,0,-1,-11,1
D,81225,0,0,0,0,0,0,0,0,0,-1,-11,1
D,81235,0,0,0,0,0,0,0,0,0,-1,-11,1
D,81245,0,0,0,0,0,0,0,0,0,-1,-11,1
D,81255,0,0,0,0,0,0,0,0,0,-1,-11,1
D,81265,0,0,0,0,0,0,0,0,0,-1,-11,1
D,81275,0,0,0,0,0,0,0,0,0,-1,-11,1
D,81285,0,0,0,0,0,0,0,0,0,-1,-11,1
D,81295,0,0,0,0,0,0,0,0,0,-1,-11,1
D,81305,0,0,0,0,0,0,0,0,0,-1,-11,1
D,81315,0,0,0,0,0,0,0,0,0,-1,-11,1
D,81325,0,0,0,0,0,0,0,0,0,-1,-11,1
D,81335,0,0,0,0,0,0,0,0,0,-1,-11,1
D,81345,0,0,0,0,0,0,0,0,0,-1,-11,1
D,81355,0,0,0,0,0,0,0,0,0,-1,-11,1
D,81365,0,0,0,0,0,0,0,0,0,-1,-11,1
D,81375,0,0,0,0,0,0,0,0,0,-1,-11,1
D,81385,0,0,0,0,0,0,0,0,0,-1,-11,1
D,81395,0,0,0,0,0,0,0,0,0,-1,-11,1
D,81405,0,0,0,0,0,0,0,0,0,-1,-11,1
D,81415,0,0,0,0,0,0,0,0,0,-1,-11,1
D,81425,0,0,0,0,0,0,0,0,0,-1,-11,1
D,81435,0,0,0,0,0,0,0,0,0,-1,-11,1
D,81445,0,0,0,0,0,0,0,0,0,-1,-11,1
D,81455,0,0,0,0,0,0,0,0,0,-1,-11,1
D,81465,0,0,0,0,0,0,0,0,0,-1,-11,1
D,81475,0,0,0,0,0,0,0,0,0,-1,-11,1
D,81485,0,0,0,0,0,0,0,0,0,-1,-11,1
D,81495,0,0,0,0,0,0,0,0,0,-1,-11,1
D,81505,0,0,0,0,0,0,0,0,0,-1,-11,1
D,81515,0,0,0,0,0,0,0,0,0,-1,-11,1
D,81525,0,0,0,0,0,0,0,0,0,-1,-11,1
D,81535,0,0,0,0,0,0,0,0,0,-1,-11,1
D,81545,0,0,0,0,0,0,0,0,0,-1,-11,1
D,81555,0,0,0,0,0,0,0,0,0,-1,-11,1
D,81565,0,0,0,0,0,0,0,0,0,-1,-11,1
D,81575,0,0,0,0,0,0,0,0,0,-1,-11,1
D,81585,0,0,0,0,0,0,0,0,0,-1,-11,1
D,81595,0,0,0,0,0,0,0,0,0,-1,-11,1
D,81605,0,0,0,0,0,0,0,0,0,-1,-11,1
D,81615,0,0,0,0,0,0,0,0,0,-1,-11,1
D,81625,0,0,0,0,0,0,0,0,0,-1,-11,1
D,81635,0,0,0,0,0,0,0,0,0,-1,-11,1
D,81645,0,0,0,0,0,0,0,0,0,-1,-11,1
D,81655,0,0,0,0,0,0,0,0,0,-1,-11,1
D,81665,0,0,0,0,0,0,0,0,0,-1,-11,1
D,81675,0,0,0,0,0,0,0,0,0,-1,-11,1
D,81685,0,0,0,0,0,0,0,0,0,-1,-11,1
D,81695,0,0,0,0,0,0,0,0,0,-1,-11,1
D,81705,0,0,0,0,0,0,0,0,0,-1,-11,1
D,81715,0,0,0,0,0,0,0,0,0,-1,-11,1
D,81725,0,0,0,0,0,0,0,0,0,-1,-11,1
D,81735,0,0,0,0,0,0,0,0,0,-1,-11,1
D,81745,0,0,0,0,0,0,0,0,0,-1,-11,1
D,81755,0,0,0,0,0,0,0,0,0,-1,-11,1
D,81765,0,0,0,0,0,0,0,0,0,-1,-11,1
D,81775,0,0,0,0,0,0,0,0,0,-1,-11,1
D,81785,0,0,0,0,0,0,0,0,0,-1,-11,1
D,81795,0,0,0,0,0,0,0,0,0,-1,-11,1
D,81805,0,0,0,0,0,0,0,0,0,-1,-11,1
D,81815,0,0,0,0,0,0,0,0,0,-1,-11,1
D,81825,0,0,0,0,0,0,0,0,0,-1,-11,1
D,81835,0,0,0,0,0,0,0,0,0,-1,-11,1
D,81845,0,0,0,0,0,0,0,0,0,-1,-11,1
D,81855,0,0,0,0,0,0,0,0,0,-1,-11,1
D,81865,0,0,0,0,0,0,0,0,0,-1,-11,1
D,81875,0,0,0,0,0,0,0,0,0,-1,-11,1
D,81885,0,0,0,0,0,0,0,0,0,-1,-11,1
D,81895,0,0,0,0,0,0,0,0,0,-1,-11,1
D,81905,0,0,0,0,0,0,0,0,0,-1,-11,1
D,81915,0,0,0,0,0,0,0,0,0,-1,-11,1
D,81925,0,0,0,0,0,0,0,0,0,-1,-11,1
D,81935,0,0,0,0,0,0,0,0,0,-1,-11,1
D,81945,0,0,0,0,0,0,0,0,0,-1,-11,1
D,81955,0,0,0,0,0,0,0,0,0,-1,-11,1
D,81965,0,0,0,0,0,0,0,0,0,-1,-11,1
D,81975,0,0,0,0,0,0,0,0,0,-1,-11,1
D,81985,0,0,0,0,0,0,0,0,0,-1,-11,1
D,81995,0,0,0,0,0,0,0,0,0,-1,-11,1
D,82005,0,0,0,0,0,0,0,0,0,-1,-11,1
D,82015,0,0,0,0,0,0,0,0,0,-1,-11,1
D,82025,0,0,0,0,0,0,0,0,0,-1,-11,1
D,82035,0,0,0,0,0,0,0,0,0,-1,-11,1
D,82045,0,0,0,0,0,0,0,0,0,-1,-11,1
D,82055,0,0,0,0,0,0,0,0,0,-1,-11,1
D,82065,0,0,0,0,0,0,0,0,0,-1,-11,1
D,82075,0,0,0,0,0,0,0,0,0,-1,-11,1
D,82085,0,0,0,0,0,0,0,0,0,-1,-11,1
D,82095,0,0,0,0,0,0,0,0,0,-1,-11,1
D,82105,0,0,0,0,0,0,0,0,0,-1,-11,1
D,82115,0,0,0,0,0,0,0,0,0,-1,-11,1
D,82125,0,0,0,0,0,0,0,0,0,-1,-11,1
D,82135,0,0,0,0,0,0,0,0,0,-1,-11,1
D,82145,0,0,0,0,0,0,0,0,0,-1,-11,1
D,82155,0,0,0,0,0,0,0,0,0,-1,-11,1
D,82165,0,0,0,0,0,0,0,0,0,-1,-11,1
D,82175,0,0,0,0,0,0,0,0,0,-1,-11,1
D,82185,0,0,0,0,0,0,0,0,0,-1,-11,1
D,82195,0,0,0,0,0,0,0,0,0,-1,-11,1
D,82205,0,0,0,0,0,0,0,0,0,-1,-11,1
D,82215,0,0,0,0,0,0,0,0,0,-1,-11,1
D,82225,0,0,0,0,0,0,0,0,0,-1,-11,1
D,82235,0,0,0,0,0,0,0,0,0,-1,-11,1
D,82245,0,0,0,0,0,0,0,0,0,-1,-11,1
D,82255,0,0,0,0,0,0,0,0,0,-1,-11,1
D,82265,0,0,0,0,0,0,0,0,0,-1,-11,1
D,82275,0,0,0,0,0,0,0,0,0,-1,-11,1
D,82285,0,0,0,0,0,0,0,0,0,-1,-11,1
D,82295,0,0,0,0,0,0,0,0,0,-1,-11,1
D,82305,0,0,0,0,0,0,0,0,0,-1,-11,1
D,82315,0,0,0,0,0,0,0,0,0,-1,-11,1
D,82325,0,0,0,0,0,0,0,0,0,-1,-11,1
D,82335,0,0,0,0,0,0,0,0,0,-1,-11,1
D,82345,0,0,0,0,0,0,0,0,0,-1,-11,1
D,82355,0,0,0,0,0,0,0,0,0,-1,-11,1
D,82365,0,0,0,0,0,0,0,0,0,-1,-11,1
D,82375,0,0,0,0,0,0,0,0,0,-1,-11,1
D,82385,0,0,0,0,0,0,0,0,0,-1,-11,1
D,82395,0,0,0,0,0,0,0,0,0,-1,-11,1
D,82405,0,0,0,0,0,0,0,0,0,-1,-11,1
D,82415,0,0,0,0,0,0,0,0,0,-1,-11,1
D,82425,0,0,0,0,0,0,0,0,0,-1,-11,1
D,82435,0,0,0,0,0,0,0,0,0,-1,-11,1
D,82445,0,0,0,0,0,0,0,0,0,-1,-11,1
D,82455,0,0,0,0,0,0,0,0,0,-1,-11,1
D,82465,0,0,0,0,0,0,0,0,0,-1,-11,1
D,82475,0,0,0,0,0,0,0,0,0,-1,-11,1
D,82485,0,0,0,0,0,0,0,0,0,-1,-11,1
D,82495,0,0,0,0,0,0,0,0,0,-1,-11,1
D,82505,0,0,0,0,0,0,0,0,0,-1,-11,1
D,82515,0,0,0,0,0,0,0,0,0,-1,-11,1
D,82525,0,0,0,0,0,0,0,0,0,-1,-11,1
D,82535,0,0,0,0,0,0,0,0,0,-1,-11,1
D,82545,0,0,0,0,0,0,0,0,0,-1,-11,1
D,82555,0,0,0,0,0,0,0,0,0,-1,-11,1
D,82565,0,0,0,0,0,0,0,0,0,-1,-11,1
D,82575,0,0,0,0,0,0,0,0,0,-1,-11,1
D,82585,0,0,0,0,0,0,0,0,0,-1,-11,1
D,82595,0,0,0,0,0,0,0,0,0,-1,-11,1
D,82605,0,0,0,0,0,0,0,0,0,-1,-11,1
D,82615,0,0,0,0,0,0,0,0,0,-1,-11,1
D,82625,0,0,0,0,0,0,0,0,0,-1,-11,1
D,82635,0,0,0,0,0,0,0,0,0,-1,-11,1
D,82645,0,0,0,0,0,0,0,0,0,-1,-11,1
D,82655,0,0,0,0,0,0,0,0,0,-1,-11,1
D,82665,0,0,0,0,0,0,0,0,0,-1,-11,1
D,82675,0,0,0,0,0,0,0,0,0,-1,-11,1
D,82685,0,0,0,0,0,0,0,0,0,-1,-11,1
D,82695,0,0,0,0,0,0,0,0,0,-1,-11,1
D,82705,0,0,0,0,0,0,0,0,0,-1,-11,1
D,82715,0,0,0,0,0,0,0,0,0,-1,-11,1
D,82725,0,0,0,0,0,0,0,0,0,-1,-11,1
D,82735,0,0,0,0,0,0,0,0,0,-1,-11,1
D,82745,0,0,0,0,0,0,0,0,0,-1,-11,1
D,82755,0,0,0,0,0,0,0,0,0,-1,-11,1
D,82765,0,0,0,0,0,0,0,0,0,-1,-11,1
D,82775,0,0,0,0,0,0,0,0,0,-1,-11,1
D,82785,0,0,0,0,0,0,0,0,0,-1,-11,1
D,82795,0,0,0,0,0,0,0,0,0,-1,-11,1
D,82805,0,0,0,0,0,0,0,0,0,-1,-11,1
D,82815,0,0,0,0,0,0,0,0,0,-1,-11,1
D,82825,0,0,0,0,0,0,0,0,0,-1,-11,1
D,82835,0,0,0,0,0,0,0,0,0,-1,-11,1
D,82845,0,0,0,0,0,0,0,0,0,-1,-11,1
D,82855,0,0,0,0,0,0,0,0,0,-1,-11,1
D,82865,0,0,0,0,0,0,0,0,0,-1,-11,1
D,82875,0,0,0,0,0,0,0,0,0,-1,-11,1
D,82885,0,0,0,0,0,0,0,0,0,-1,-11,1
D,82895,0,0,0,0,0,0,0,0,0,-1,-11,1
D,82905,0,0,0,0,0,0,0,0,0,-1,-11,1
D,82915,0,0,0,0,0,0,0,0,0,-1,-11,1
D,82925,0,0,0,0,0,0,0,0,0,-1,-11,1
D,82935,0,0,0,0,0,0,0,0,0,-1,-11,1
D,82945,0,0,0,0,0,0,0,0,0,-1,-11,1
D,82955,0,0,0,0,0,0,0,0,0,-1,-11,1
D,82965,0,0,0,0,0,0,0,0,0,-1,-11,1
D,82975,0,0,0,0,0,0,0,0,0,-1,-11,1
D,82985,0,0,0,0,0,0,0,0,0,-1,-11,1
D,82995,0,0,0,0,0,0,0,0,0,-1,-11,1
D,83005,0,0,0,0,0,0,0,0,0,-1,-11,1
D,83015,0,0,0,0,0,0,0,0,0,-1,-11,1
D,83025,0,0,0,0,0,0,0,0,0,-1,-11,1
D,83035,0,0,0,0,0,0,0,0,0,-1,-11,1
D,83045,0,0,0,0,0,0,0,0,0,-1,-11,1
D,83055,0,0,0,0,0,0,0,0,0,-1,-11,1
D,83065,0,0,0,0,0,0,0,0,0,-1,-11,1
D,83075,0,0,0,0,0,0,0,0,0,-1,-11,1
D,83085,0,0,0,0,0,0,0,0,0,-1,-11,1
D,83095,0,0,0,0,0,0,0,0,0,-1,-11,1
D,83105,0,0,0,0,0,0,0,0,0,-1,-11,1
D,83115,0,0,0,0,0,0,0,0,0,-1,-11,1
D,83125,0,0,0,0,0,0,0,0,0,-1,-11,1
D,83135,0,0,0,0,0,0,0,0,0,-1,-11,1
D,83145,0,0,0,0,0,0,0,0,0,-1,-11,1
D,83155,0,0,0,0,0,0,0,0,0,-1,-11,1
D,83165,0,0,0,0,0,0,0,0,0,-1,-11,1
D,83175,0,0,0,0,0,0,0,0,0,-1,-11,1
D,83185,0,0,0,0,0,0,0,0,0,-1,-11,1
D,83195,0,0,0,0,0,0,0,0,0,-1,-11,1
D,83205,0,0,0,0,0,0,0,0,0,-1,-11,1
D,83215,0,0,0,0,0,0,0,0,0,-1,-11,1
D,83225,0,0,0,0,0,0,0,0,0,-1,-11,1
D,83235,0,0,0,0,0,0,0,0,0,-1,-11,1
D,83245,0,0,0,0,0,0,0,0,0,-1,-11,1
D,83255,0,0,0,0,0,0,0,0,0,-1,-11,1
D,83265,0,0,0,0,0,0,0,0,0,-1,-11,1
D,83275,0,0,0,0,0,0,0,0,0,-1,-11,1
D,83285,0,0,0,0,0,0,0,0,0,-1,-11,1
D,83295,0,0,0,0,0,0,0,0,0,-1,-11,1
D,83305,0,0,0,0,0,0,0,0,0,-1,-11,1
D,83315,0,0,0,0,0,0,0,0,0,-1,-11,1
D,83325,0,0,0,0,0,0,0,0,0,-1,-11,1
D,83335,0,0,0,0,0,0,0,0,0,-1,-11,1
D,83345,0,0,0,0,0,0,0,0,0,-1,-11,1
D,83355,0,0,0,0,0,0,0,0,0,-1,-11,1
D,83365,0,0,0,0,0,0,0,0,0,-1,-11,1
D,83375,0,0,0,0,0,0,0,0,0,-1,-11,1
D,83385,0,0,0,0,0,0,0,0,0,-1,-11,1
D,83395,0,0,0,0,0,0,0,0,0,-1,-11,1
D,83405,0,0,0,0,0,0,0,0,0,-1,-11,1
D,83415,0,0,0,0,0,0,0,0,0,-1,-11,1
D,83425,0,0,0,0,0,0,0,0,0,-1,-11,1
D,83435,0,0,0,0,0,0,0,0,0,-1,-11,1
D,83445,0,0,0,0,0,0,0,0,0,-1,-11,1
D,83455,0,0,0,0,0,0,0,0,0,-1,-11,1
D,83465,0,0,0,0,0,0,0,0,0,-1,-11,1
D,83475,0,0,0,0,0,0,0,0,0,-1,-11,1
D,83485,0,0,0,0,0,0,0,0,0,-1,-11,1
D,83495,0,0,0,0,0,0,0,0,0,-1,-11,1
D,83505,0,0,0,0,0,0,0,0,0,-1,-11,1
D,83515,0,0,0,0,0,0,0,0,0,-1,-11,1
D,83525,0,0,0,0,0,0,0,0,0,-1,-11,1
D,83535,0,0,0,0,0,0,0,0,0,-1,-11,1
D,83545,0,0,0,0,0,0,0,0,0,-1,-11,1
D,83555,0,0,0,0,0,0,0,0,0,-1,-11,1
D,83565,0,0,0,0,0,0,0,0,0,-1,-11,1
D,83575,0,0,0,0,0,0,0,0,0,-1,-11,1
D,83585,0,0,0,0,0,0,0,0,0,-1,-11,1
D,83595,0,0,0,0,0,0,0,0,0,-1,-11,1
D,83605,0,0,0,0,0,0,0,0,0,-1,-11,1
D,83615,0,0,0,0,0,0,0,0,0,-1,-11,1
D,83625,0,0,0,0,0,0,0,0,0,-1,-11,1
D,83635,0,0,0,0,0,0,0,0,0,-1,-11,1
D,83645,0,0,0,0,0,0,0,0,0,-1,-11,1
D,83655,0,0,0,0,0,0,0,0,0,-1,-11,1
D,83665,0,0,0,0,0,0,0,0,0,-1,-11,1
D,83675,0,0,0,0,0,0,0,0,0,-1,-11,1
D,83685,0,0,0,0,0,0,0,0,0,-1,-11,1
D,83695,0,0,0,0,0,0,0,0,0,-1,-11,1
D,83705,0,0,0,0,0,0,0,0,0,-1,-11,1
D,83715,0,0,0,0,0,0,0,0,0,-1,-11,1
D,83725,0,0,0,0,0,0,0,0,0,-1,-11,1
D,83735,0,0,0,0,0,0,0,0,0,-1,-11,1
D,83745,0,0,0,0,0,0,0,0,0,-1,-11,1
D,83755,0,0,0,0,0,0,0,0,0,-1,-11,1
D,83765,0,0,0,0,0,0,0,0,0,-1,-11,1
D,83775,0,0,0,0,0,0,0,0,0,-1,-11,1
D,83785,0,0,0,0,0,0,0,0,0,-1,-11,1
D,83795,0,0,0,0,0,0,0,0,0,-1,-11,1
D,83805,0,0,0,0,0,0,0,0,0,-1,-11,1
D,83815,0,0,0,0,0,0,0,0,0,-1,-11,1
D,83825,0,0,0,0,0,0,0,0,0,-1,-11,1
D,83835,0,0,0,0,0,0,0,0,0,-1,-11,1
D,83845,0,0,0,0,0,0,0,0,0,-1,-11,1
D,83855,0,0,0,0,0,0,0,0,0,-1,-11,1
D,83865,0,0,0,0,0,0,0,0,0,-1,-11,1
D,83875,0,0,0,0,0,0,0,0,0,-1,-11,1
D,83885,0,0,0,0,0,0,0,0,0,-1,-11,1
D,83895,0,0,0,0,0,0,0,0,0,-1,-11,1
D,83905,0,0,0,0,0,0,0,0,0,-1,-11,1
D,83915,0,0,0,0,0,0,0,0,0,-1,-11,1
D,83925,0,0,0,0,0,0,0,0,0,-1,-11,1
D,83935,0,0,0,0,0,0,0,0,0,-1,-11,1
D,83945,0,0,0,0,0,0,0,0,0,-1,-11,1
D,83955,0,0,0,0,0,0,0,0,0,-1,-11,1
D,83965,0,0,0,0,0,0,0,0,0,-1,-11,1
D,83975,0,0,0,0,0,0,0,0,0,-1,-11,1
D,83985,0,0,0,0,0,0,0,0,0,-1,-11,1
D,83995,0,0,0,0,0,0,0,0,0,-1,-11,1
D,84005,0,0,0,0,0,0,0,0,0,-1,-11,1
D,84015,0,0,0,0,0,0,0,0,0,-1,-11,1
D,84025,0,0,0,0,0,0,0,0,0,-1,-11,1
D,84035,0,0,0,0,0,0,0,0,0,-1,-11,1
D,84045,0,0,0,0,0,0,0,0,0,-1,-11,1
D,84055,0,0,0,0,0,0,0,0,0,-1,-11,1
D,84065,0,0,0,0,0,0,0,0,0,-1,-11,1
D,84075,0,0,0,0,0,0,0,0,0,-1,-11,1
D,84085,0,0,0,0,0,0,0,0,0,-1,-11,1
D,84095,0,0,0,0,0,0,0,0,0,-1,-11,1
D,84105,0,0,0,0,0,0,0,0,0,-1,-11,1
D,84115,0,0,0,0,0,0,0,0,0,-1,-11,1
D,84125,0,0,0,0,0,0,0,0,0,-1,-11,1
D,84135,0,0,0,0,0,0,0,0,0,-1,-11,1
D,84145,0,0,0,0,0,0,0,0,0,-1,-11,1
D,84155,0,0,0,0,0,0,0,0,0,-1,-11,1
D,84165,0,0,0,0,0,0,0,0,0,-1,-11,1
D,84175,0,0,0,0,0,0,0,0,0,-1,-11,1
D,84185,0,0,0,0,0,0,0,0,0,-1,-11,1
D,84195,0,0,0,0,0,0,0,0,0,-1,-11,1
D,84205,0,0,0,0,0,0,0,0,0,-1,-11,1
D,84215,0,0,0,0,0,0,0,0,0,-1,-11,1
D,84225,0,0,0,0,0,0,0,0,0,-1,-11,1
D,84235,0,0,0,0,0,0,0,0,0,-1,-11,1
D,84245,0,0,0,0,0,0,0,0,0,-1,-11,1
D,84255,0,0,0,0,0,0,0,0,0,-1,-11,1
D,84265,0,0,0,0,0,0,0,0,0,-1,-11,1
D,84275,0,0,0,0,0,0,0,0,0,-1,-11,1
D,84285,0,0,0,0,0,0,0,0,0,-1,-11,1
D,84295,0,0,0,0,0,0,0,0,0,-1,-11,1
D,84305,0,0,0,0,0,0,0,0,0,-1,-11,1
D,84315,0,0,0,0,0,0,0,0,0,-1,-11,1
D,84325,0,0,0,0,0,0,0,0,0,-1,-11,1
D,84335,0,0,0,0,0,0,0,0,0,-1,-11,1
D,84345,0,0,0,0,0,0,0,0,0,-1,-11,1
D,84355,0,0,0,0,0,0,0,0,0,-1,-11,1
D,84365,0,0,0,0,0,0,0,0,0,-1,-11,1
D,84375,0,0,0,0,0,0,0,0,0,-1,-11,1
D,84385,0,0,0,0,0,0,0,0,0,-1,-11,1
D,84395,0,0,0,0,0,0,0,0,0,-1,-11,1
D,84405,0,0,0,0,0,0,0,0,0,-1,-11,1
D,84415,0,0,0,0,0,0,0,0,0,-1,-11,1
D,84425,0,0,0,0,0,0,0,0,0,-1,-11,1
D,84435,0,0,0,0,0,0,0,0,0,-1,-11,1
D,84445,0,0,0,0,0,0,0,0,0,-1,-11,1
D,84455,0,0,0,0,0,0,0,0,0,-1,-11,1
D,84465,0,0,0,0,0,0,0,0,0,-1,-11,1
D,84475,0,0,0,0,0,0,0,0,0,-1,-11,1
D,84485,0,0,0,0,0,0,0,0,0,-1,-11,1
D,84495,0,0,0,0,0,0,0,0,0,-1,-11,1
D,84505,0,0,0,0,0,0,0,0,0,-1,-11,1
D,84515,0,0,0,0,0,0,0,0,0,-1,-11,1
D,84525,0,0,0,0,0,0,0,0,0,-1,-11,1
D,84535,0,0,0,0,0,0,0,0,0,-1,-11,1
D,84545,0,0,0,0,0,0,0,0,0,-1,-11,1
D,84555,0,0,0,0,0,0,0,0,0,-1,-11,1
D,84565,0,0,0,0,0,0,0,0,0,-1,-11,1
D,84575,0,0,0,0,0,0,0,0,0,-1,-11,1
D,84585,0,0,0,0,0,0,0,0,0,-1,-11,1
D,84595,0,0,0,0,0,0,0,0,0,-1,-11,1
D,84605,0,0,0,0,0,0,0,0,0,-1,-11,1
D,84615,0,0,0,0,0,0,0,0,0,-1,-11,1
D,84625,0,0,0,0,0,0,0,0,0,-1,-11,1
D,84635,0,0,0,0,0,0,0,0,0,-1,-11,1
D,84645,0,0,0,0,0,0,0,0,0,-1,-11,1
D,84655,0,0,0,0,0,0,0,0,0,-1,-11,1
D,84665,0,0,0,0,0,0,0,0,0,-1,-11,1
D,84675,0,0,0,0,0,0,0,0,0,-1,-11,1
D,84685,0,0,0,0,0,0,0,0,0,-1,-11,1
D,84695,0,0,0,0,0,0,0,0,0,-1,-11,1
D,84705,0,0,0,0,0,0,0,0,0,-1,-11,1
D,84715,0,0,0,0,0,0,0,0,0,-1,-11,1
D,84725,0,0,0,0,0,0,0,0,0,-1,-11,1
D,84735,0,0,0,0,0,0,0,0,0,-1,-11,1
D,84745,0,0,0,0,0,0,0,0,0,-1,-11,1
D,84755,0,0,0,0,0,0,0,0,0,-1,-11,1
D,84765,0,0,0,0,0,0,0,0,0,-1,-11,1
D,84775,0,0,0,0,0,0,0,0,0,-1,-11,1
D,84785,0,0,0,0,0,0,0,0,0,-1,-11,1
D,84795,0,0,0,0,0,0,0,0,0,-1,-11,1
D,84805,0,0,0,0,0,0,0,0,0,-1,-11,1
D,84815,0,0,0,0,0,0,0,0,0,-1,-11,1
D,84825,0,0,0,0,0,0,0,0,0,-1,-11,1
D,84835,0,0,0,0,0,0,0,0,0,-1,-11,1
D,84845,0,0,0,0,0,0,0,0,0,-1,-11,1
D,84855,0,0,0,0,0,0,0,0,0,-1,-11,1
D,84865,0,0,0,0,0,0,0,0,0,-1,-11,1
D,84875,0,0,0,0,0,0,0,0,0,-1,-11,1
D,84885,0,0,0,0,0,0,0,0,0,-1,-11,1
D,84895,0,0,0,0,0,0,0,0,0,-1,-11,1
D,84905,0,0,0,0,0,0,0,0,0,-1,-11,1
D,84915,0,0,0,0,0,0,0,0,0,-1,-11,1
D,84925,0,0,0,0,0,0,0,0,0,-1,-11,1
D,84935,0,0,0,0,0,0,0,0,0,-1,-11,1
D,84945,0,0,0,0,0,0,0,0,0,-1,-11,1
D,84955,0,0,0,0,0,0,0,0,0,-1,-11,1
D,84965,0,0,0,0,0,0,0,0,0,-1,-11,1
D,84975,0,0,0,0,0,0,0,0,0,-1,-11,1
D,84985,0,0,0,0,0,0,0,0,0,-1,-11,1
D,84995,0,0,0,0,0,0,0,0,0,-1,-11,1
D,85005,0,0,0,0,0,0,0,0,0,-1,-11,1
D,85015,0,0,0,0,0,0,0,0,0,-1,-11,1
D,85025,0,0,0,0,0,0,0,0,0,-1,-11,1
D,85035,0,0,0,0,0,0,0,0,0,-1,-11,1
D,85045,0,0,0,0,0,0,0,0,0,-1,-11,1
D,85055,0,0,0,0,0,0,0,0,0,-1,-11,1
D,85065,0,0,0,0,0,0,0,0,0,-1,-11,1
D,85075,0,0,0,0,0,0,0,0,0,-1,-11,1
D,85085,0,0,0,0,0,0,0,0,0,-1,-11,1
D,85095,0,0,0,0,0,0,0,0,0,-1,-11,1
D,85105,0,0,0,0,0,0,0,0,0,-1,-11,1
D,85115,0,0,0,0,0,0,0,0,0,-1,-11,1
D,85125,0,0,0,0,0,0,0,0,0,-1,-11,1
D,85135,0,0,0,0,0,0,0,0,0,-1,-11,1
D,85145,0,0,0,0,0,0,0,0,0,-1,-11,1
D,85155,0,0,0,0,0,0,0,0,0,-1,-11,1
D,85165,0,0,0,0,0,0,0,0,0,-1,-11,1
D,85175,0,0,0,0,0,0,0,0,0,-1,-11,1
D,85185,0,0,0,0,0,0,0,0,0,-1,-11,1
D,85195,0,0,0,0,0,0,0,0,0,-1,-11,1
D,85205,0,0,0,0,0,0,0,0,0,-1,-11,1
D,85215,0,0,0,0,0,0,0,0,0,-1,-11,1
D,85225,0,0,0,0,0,0,0,0,0,-1,-11,1
D,85235,0,0,0,0,0,0,0,0,0,-1,-11,1
D,85245,0,0,0,0,0,0,0,0,0,-1,-11,1
D,85255,0,0,0,0,0,0,0,0,0,-1,-11,1
D,85265,0,0,0,0,0,0,0,0,0,-1,-11,1
D,85275,0,0,0,0,0,0,0,0,0,-1,-11,1
D,85285,0,0,0,0,0,0,0,0,0,-1,-11,1
D,85295,0,0,0,0,0,0,0,0,0,-1,-11,1
D,85305,0,0,0,0,0,0,0,0,0,-1,-11,1
D,85315,0,0,0,0,0,0,0,0,0,-1,-11,1
D,85325,0,0,0,0,0,0,0,0,0,-1,-11,1
D,85335,0,0,0,0,0,0,0,0,0,-1,-11,1
D,85345,0,0,0,0,0,0,0,0,0,-1,-11,1
D,85355,0,0,0,0,0,0,0,0,0,-1,-11,1
D,85365,0,0,0,0,0,0,0,0,0,-1,-11,1
D,85375,0,0,0,0,0,0,0,0,0,-1,-11,1
D,85385,0,0,0,0,0,0,0,0,0,-1,-11,1
D,85395,0,0,0,0,0,0,0,0,0,-1,-11,1
D,85405,0,0,0,0,0,0,0,0,0,-1,-11,1
D,85415,0,0,0,0,0,0,0,0,0,-1,-11,1
D,85425,0,0,0,0,0,0,0,0,0,-1,-11,1
D,85435,0,0,0,0,0,0,0,0,0,-1,-11,1
D,85445,0,0,0,0,0,0,0,0,0,-1,-11,1
D,85455,0,0,0,0,0,0,0,0,0,-1,-11,1
D,85465,0,0,0,0,0,0,0,0,0,-1,-11,1
D,85475,0,0,0,0,0,0,0,0,0,-1,-11,1
D,85485,0,0,0,0,0,0,0,0,0,-1,-11,1
D,85495,0,0,0,0,0,0,0,0,0,-1,-11,1
D,85505,0,0,0,0,0,0,0,0,0,-1,-11,1
D,85515,0,0,0,0,0,0,0,0,0,-1,-11,1
D,85525,0,0,0,0,0,0,0,0,0,-1,-11,1
D,85535,0,0,0,0,0,0,0,0,0,-1,-11,1
D,85545,0,0,0,0,0,0,0,0,0,-1,-11,1
D,85555,0,0,0,0,0,0,0,0,0,-1,-11,1
D,85565,0,0,0,0,0,0,0,0,0,-1,-11,1
D,85575,0,0,0,0,0,0,0,0,0,-1,-11,1
D,85585,0,0,0,0,0,0,0,0,0,-1,-11,1
D,85595,0,0,0,0,0,0,0,0,0,-1,-11,1
D,85605,0,0,0,0,0,0,0,0,0,-1,-11,1
D,85615,0,0,0,0,0,0,0,0,0,-1,-11,1
D,85625,0,0,0,0,0,0,0,0,0,-1,-11,1
D,85635,0,0,0,0,0,0,0,0,0,-1,-11,1
D,85645,0,0,0,0,0,0,0,0,0,-1,-11,1
D,85655,0,0,0,0,0,0,0,0,0,-1,-11,1
D,85665,0,0,0,0,0,0,0,0,0,-1,-11,1
D,85675,0,0,0,0,0,0,0,0,0,-1,-11,1
D,85685,0,0,0,0,0,0,0,0,0,-1,-11,1
D,85695,0,0,0,0,0,0,0,0,0,-1,-11,1
D,85705,0,0,0,0,0,0,0,0,0,-1,-11,1
D,85715,0,0,0,0,0,0,0,0,0,-1,-11,1
D,85725,0,0,0,0,0,0,0,0,0,-1,-11,1
D,85735,0,0,0,0,0,0,0,0,0,-1,-11,1
D,85745,0,0,0,0,0,0,0,0,0,-1,-11,1
D,85755,0,0,0,0,0,0,0,0,0,-1,-11,1
D,85765,0,0,0,0,0,0,0,0,0,-1,-11,1
D,85775,0,0,0,0,0,0,0,0,0,-1,-11,1
D,85785,0,0,0,0,0,0,0,0,0,-1,-11,1
D,85795,0,0,0,0,0,0,0,0,0,-1,-11,1
D,85805,0,0,0,0,0,0,0,0,0,-1,-11,1
D,85815,0,0,0,0,0,0,0,0,0,-1,-11,1
D,85825,0,0,0,0,0,0,0,0,0,-1,-11,1
D,85835,0,0,0,0,0,0,0,0,0,-1,-11,1
D,85845,0,0,0,0,0,0,0,0,0,-1,-11,1
D,85855,0,0,0,0,0,0,0,0,0,-1,-11,1
D,85865,0,0,0,0,0,0,0,0,0,-1,-11,1
D,85875,0,0,0,0,0,0,0,0,0,-1,-11,1
D,85885,0,0,0,0,0,0,0,0,0,-1,-11,1
D,85895,0,0,0,0,0,0,0,0,0,-1,-11,1
D,85905,0,0,0,0,0,0,0,0,0,-1,-11,1
D,85915,0,0,0,0,0,0,0,0,0,-1,-11,1
D,85925,0,0,0,0,0,0,0,0,0,-1,-11,1
D,85935,0,0,0,0,0,0,0,0,0,-1,-11,1
D,85945,0,0,0,0,0,0,0,0,0,-1,-11,1
D,85955,0,0,0,0,0,0,0,0,0,-1,-11,1
D,85965,0,0,0,0,0,0,0,0,0,-1,-11,1
D,85975,0,0,0,0,0,0,0,0,0,-1,-11,1
D,85985,0,0,0,0,0,0,0,0,0,-1,-11,1
D,85995,0,0,0,0,0,0,0,0,0,-1,-11,1
D,86005,0,0,0,0,0,0,0,0,0,-1,-11,1
D,86015,0,0,0,0,0,0,0,0,0,-1,-11,1
D,86025,0,0,0,0,0,0,0,0,0,-1,-11,1
D,86035,0,0,0,0,0,0,0,0,0,-1,-11,1
D,86045,0,0,0,0,0,0,0,0,0,-1,-11,1
D,86055,0,0,0,0,0,0,0,0,0,-1,-11,1
D,86065,0,0,0,0,0,0,0,0,0,-1,-11,1
D,86075,0,0,0,0,0,0,0,0,0,-1,-11,1
D,86085,0,0,0,0,0,0,0,0,0,-1,-11,1
D,86095,0,0,0,0,0,0,0,0,0,-1,-11,1
D,86105,0,0,0,0,0,0,0,0,0,-1,-11,1
D,86115,0,0,0,0,0,0,0,0,0,-1,-11,1
D,86125,0,0,0,0,0,0,0,0,0,-1,-11,1
D,86135,0,0,0,0,0,0,0,0,0,-1,-11,1
D,86145,0,0,0,0,0,0,0,0,0,-1,-11,1
D,86155,0,0,0,0,0,0,0,0,0,-1,-11,1
D,86165,0,0,0,0,0,0,0,0,0,-1,-11,1
D,86175,0,0,0,0,0,0,0,0,0,-1,-11,1
D,86185,0,0,0,0,0,0,0,0,0,-1,-11,1
D,86195,0,0,0,0,0,0,0,0,0,-1,-11,1
D,86205,0,0,0,0,0,0,0,0,0,-1,-11,1
D,86215,0,0,0,0,0,0,0,0,0,-1,-11,1
D,86225,0,0,0,0,0,0,0,0,0,-1,-11,1
D,86235,0,0,0,0,0,0,0,0,0,-1,-11,1
D,86245,0,0,0,0,0,0,0,0,0,-1,-11,1
D,86255,0,0,0,0,0,0,0,0,0,-1,-11,1
D,86265,0,0,0,0,0,0,0,0,0,-1,-11,1
D,86275,0,0,0,0,0,0,0,0,0,-1,-11,1
D,86285,0,0,0,0,0,0,0,0,0,-1,-11,1
D,86295,0,0,0,0,0,0,0,0,0,-1,-11,1
D,86305,0,0,0,0,0,0,0,0,0,-1,-11,1
D,86315,0,0,0,0,0,0,0,0,0,-1,-11,1
D,86325,0,0,0,0,0,0,0,0,0,-1,-11,1
D,86335,0,0,0,0,0,0,0,0,0,-1,-11,1
D,86345,0,0,0,0,0,0,0,0,0,-1,-11,1
D,86355,0,0,0,0,0,0,0,0,0,-1,-11,1
D,86365,0,0,0,0,0,0,0,0,0,-1,-11,1
D,86375,0,0,0,0,0,0,0,0,0,-1,-11,1
D,86385,0,0,0,0,0,0,0,0,0,-1,-11,1
D,86395,0,0,0,0,0,0,0,0,0,-1,-11,1
D,86405,0,0,0,0,0,0,0,0,0,-1,-11,1
D,86415,0,0,0,0,0,0,0,0,0,-1,-11,1
D,86425,0,0,0,0,0,0,0,0,0,-1,-11,1
D,86435,0,0,0,0,0,0,0,0,0,-1,-11,1
D,86445,0,0,0,0,0,0,0,0,0,-1,-11,1
D,86455,0,0,0,0,0,0,0,0,0,-1,-11,1
D,86465,0,0,0,0,0,0,0,0,0,-1,-11,1
D,86475,0,0,0,0,0,0,0,0,0,-1,-11,1
D,86485,0,0,0,0,0,0,0,0,0,-1,-11,1
D,86495,0,0,0,0,0,0,0,0,0,-1,-11,1
D,86505,0,0,0,0,0,0,0,0,0,-1,-11,1
D,86515,0,0,0,0,0,0,0,0,0,-1,-11,1
D,86525,0,0,0,0,0,0,0,0,0,-1,-11,1
D,86535,0,0,0,0,0,0,0,0,0,-1,-11,1
D,86545,0,0,0,0,0,0,0,0,0,-1,-11,1
D,86555,0,0,0,0,0,0,0,0,0,-1,-11,1
D,86565,0,0,0,0,0,0,0,0,0,-1,-11,1
D,86575,0,0,0,0,0,0,0,0,0,-1,-11,1
D,86585,0,0,0,0,0,0,0,0,0,-1,-11,1
D,86595,0,0,0,0,0,0,0,0,0,-1,-11,1
D,86605,0,0,0,0,0,0,0,0,0,-1,-11,1
D,86615,0,0,0,0,0,0,0,0,0,-1,-11,1
D,86625,0,0,0,0,0,0,0,0,0,-1,-11,1
D,86635,0,0,0,0,0,0,0,0,0,-1,-11,1
D,86645,0,0,0,0,0,0,0,0,0,-1,-11,1
D,86655,0,0,0,0,0,0,0,0,0,-1,-11,1
D,86665,0,0,0,0,0,0,0,0,0,-1,-11,1
D,86675,0,0,0,0,0,0,0,0,0,-1,-11,1
D,86685,0,0,0,0,0,0,0,0,0,-1,-11,1
D,86695,0,0,0,0,0,0,0,0,0,-1,-11,1
D,86705,0,0,0,0,0,0,0,0,0,-1,-11,1
D,86715,0,0,0,0,0,0,0,0,0,-1,-11,1
D,86725,0,0,0,0,0,0,0,0,0,-1,-11,1
D,86735,0,0,0,0,0,0,0,0,0,-1,-11,1
D,86745,0,0,0,0,0,0,0,0,0,-1,-11,1
D,86755,0,0,0,0,0,0,0,0,0,-1,-11,1
D,86765,0,0,0,0,0,0,0,0,0,-1,-11,1
D,86775,0,0,0,0,0,0,0,0,0,-1,-11,1
D,86785,0,0,0,0,0,0,0,0,0,-1,-11,1
D,86795,0,0,0,0,0,0,0,0,0,-1,-11,1
D,86805,0,0,0,0,0,0,0,0,0,-1,-11,1
D,86815,0,0,0,0,0,0,0,0,0,-1,-11,1
D,86825,0,0,0,0,0,0,0,0,0,-1,-11,1
D,86835,0,0,0,0,0,0,0,0,0,-1,-11,1
D,86845,0,0,0,0,0,0,0,0,0,-1,-11,1
D,86855,0,0,0,0,0,0,0,0,0,-1,-11,1
D,86865,0,0,0,0,0,0,0,0,0,-1,-11,1
D,86875,0,0,0,0,0,0,0,0,0,-1,-11,1
D,86885,0,0,0,0,0,0,0,0,0,-1,-11,1
D,86895,0,0,0,0,0,0,0,0,0,-1,-11,1
D,86905,0,0,0,0,0,0,0,0,0,-1,-11,1
D,86915,0,0,0,0,0,0,0,0,0,-1,-11,1
D,86925,0,0,0,0,0,0,0,0,0,-1,-11,1
D,86935,0,0,0,0,0,0,0,0,0,-1,-11,1
D,86945,0,0,0,0,0,0,0,0,0,-1,-11,1
D,86955,0,0,0,0,0,0,0,0,0,-1,-11,1
D,86965,0,0,0,0,0,0,0,0,0,-1,-11,1
D,86975,0,0,0,0,0,0,0,0,0,-1,-11,1
D,86985,0,0,0,0,0,0,0,0,0,-1,-11,1
D,86995,0,0,0,0,0,0,0,0,0,-1,-11,1
D,87005,0,0,0,0,0,0,0,0,0,-1,-11,1
D,87015,0,0,0,0,0,0,0,0,0,-1,-11,1
D,87025,0,0,0,0,0,0,0,0,0,-1,-11,1
D,87035,0,0,0,0,0,0,0,0,0,-1,-11,1
D,87045,0,0,0,0,0,0,0,0,0,-1,-11,1
D,87055,0,0,0,0,0,0,0,0,0,-1,-11,1
D,87065,0,0,0,0,0,0,0,0,0,-1,-11,1
D,87075,0,0,0,0,0,0,0,0,0,-1,-11,1
D,87085,0,0,0,0,0,0,0,0,0,-1,-11,1
D,87095,0,0,0,0,0,0,0,0,0,-1,-11,1
D,87105,0,0,0,0,0,0,0,0,0,-1,-11,1
D,87115,0,0,0,0,0,0,0,0,0,-1,-11,1
D,87125,0,0,0,0,0,0,0,0,0,-1,-11,1
D,87135,0,0,0,0,0,0,0,0,0,-1,-11,1
D,87145,0,0,0,0,0,0,0,0,0,-1,-11,1
D,87155,0,0,0,0,0,0,0,0,0,-1,-11,1
D,87165,0,0,0,0,0,0,0,0,0,-1,-11,1
D,87175,0,0,0,0,0,0,0,0,0,-1,-11,1
D,87185,0,0,0,0,0,0,0,0,0,-1,-11,1
D,87195,0,0,0,0,0,0,0,0,0,-1,-11,1
D,87205,0,0,0,0,0,0,0,0,0,-1,-11,1
D,87215,0,0,0,0,0,0,0,0,0,-1,-11,1
D,87225,0,0,0,0,0,0,0,0,0,-1,-11,1
D,87235,0,0,0,0,0,0,0,0,0,-1,-11,1
D,87245,0,0,0,0,0,0,0,0,0,-1,-11,1
D,87255,0,0,0,0,0,0,0,0,0,-1,-11,1
D,87265,0,0,0,0,0,0,0,0,0,-1,-11,1
D,87275,0,0,0,0,0,0,0,0,0,-1,-11,1
D,87285,0,0,0,0,0,0,0,0,0,-1,-11,1
D,87295,0,0,0,0,0,0,0,0,0,-1,-11,1
D,87305,0,0,0,0,0,0,0,0,0,-1,-11,1
D,87315,0,0,0,0,0,0,0,0,0,-1,-11,1
D,87325,0,0,0,0,0,0,0,0,0,-1,-11,1
D,87335,0,0,0,0,0,0,0,0,0,-1,-11,1
D,87345,0,0,0,0,0,0,0,0,0,-1,-11,1
D,87355,0,0,0,0,0,0,0,0,0,-1,-11,1
D,87365,0,0,0,0,0,0,0,0,0,-1,-11,1
D,87375,0,0,0,0,0,0,0,0,0,-1,-11,1
D,87385,0,0,0,0,0,0,0,0,0,-1,-11,1
D,87395,0,0,0,0,0,0,0,0,0,-1,-11,1
D,87405,0,0,0,0,0,0,0,0,0,-1,-11,1
D,87415,0,0,0,0,0,0,0,0,0,-1,-11,1
D,87425,0,0,0,0,0,0,0,0,0,-1,-11,1
D,87435,0,0,0,0,0,0,0,0,0,-1,-11,1
D,87445,0,0,0,0,0,0,0,0,0,-1,-11,1
D,87455,0,0,0,0,0,0,0,0,0,-1,-11,1
D,87465,0,0,0,0,0,0,0,0,0,-1,-11,1
D,87475,0,0,0,0,0,0,0,0,0,-1,-11,1
D,87485,0,0,0,0,0,0,0,0,0,-1,-11,1
D,87495,0,0,0,0,0,0,0,0,0,-1,-11,1
D,87505,0,0,0,0,0,0,0,0,0,-1,-11,1
D,87515,0,0,0,0,0,0,0,0,0,-1,-11,1
D,87525,0,0,0,0,0,0,0,0,0,-1,-11,1
D,87535,0,0,0,0,0,0,0,0,0,-1,-11,1
D,87545,0,0,0,0,0,0,0,0,0,-1,-11,1
D,87555,0,0,0,0,0,0,0,0,0,-1,-11,1
D,87565,0,0,0,0,0,0,0,0,0,-1,-11,1
D,87575,0,0,0,0,0,0,0,0,0,-1,-11,1
D,87585,0,0,0,0,0,0,0,0,0,-1,-11,1
D,87595,0,0,0,0,0,0,0,0,0,-1,-11,1
D,87605,0,0,0,0,0,0,0,0,0,-1,-11,1
D,87615,0,0,0,0,0,0,0,0,0,-1,-11,1
D,87625,0,0,0,0,0,0,0,0,0,-1,-11,1
D,87635,0,0,0,0,0,0,0,0,0,-1,-11,1
D,87645,0,0,0,0,0,0,0,0,0,-1,-11,1
D,87655,0,0,0,0,0,0,0,0,0,-1,-11,1
D,87665,0,0,0,0,0,0,0,0,0,-1,-11,1
D,87675,0,0,0,0,0,0,0,0,0,-1,-11,1
D,87685,0,0,0,0,0,0,0,0,0,-1,-11,1
D,87695,0,0,0,0,0,0,0,0,0,-1,-11,1
D,87705,0,0,0,0,0,0,0,0,0,-1,-11,1
D,87715,0,0,0,0,0,0,0,0,0,-1,-11,1
D,87725,0,0,0,0,0,0,0,0,0,-1,-11,1
D,87735,0,0,0,0,0,0,0,0,0,-1,-11,1
D,87745,0,0,0,0,0,0,0,0,0,-1,-11,1
D,87755,0,0,0,0,0,0,0,0,0,-1,-11,1
D,87765,0,0,0,0,0,0,0,0,0,-1,-11,1
D,87775,0,0,0,0,0,0,0,0,0,-1,-11,1
D,87785,0,0,0,0,0,0,0,0,0,-1,-11,1
D,87795,0,0,0,0,0,0,0,0,0,-1,-11,1
D,87805,0,0,0,0,0,0,0,0,0,-1,-11,1
D,87815,0,0,0,0,0,0,0,0,0,-1,-11,1
D,87825,0,0,0,0,0,0,0,0,0,-1,-11,1
D,87835,0,0,0,0,0,0,0,0,0,-1,-11,1
D,87845,0,0,0,0,0,0,0,0,0,-1,-11,1
D,87855,0,0,0,0,0,0,0,0,0,-1,-11,1
D,87865,0,0,0,0,0,0,0,0,0,-1,-11,1
D,87875,0,0,0,0,0,0,0,0,0,-1,-11,1
D,87885,0,0,0,0,0,0,0,0,0,-1,-11,1
D,87895,0,0,0,0,0,0,0,0,0,-1,-11,1
D,87905,0,0,0,0,0,0,0,0,0,-1,-11,1
D,87915,0,0,0,0,0,0,0,0,0,-1,-11,1
D,87925,0,0,0,0,0,0,0,0,0,-1,-11,1
D,87935,0,0,0,0,0,0,0,0,0,-1,-11,1
D,87945,0,0,0,0,0,0,0,0,0,-1,-11,1
D,87955,0,0,0,0,0,0,0,0,0,-1,-11,1
D,87965,0,0,0,0,0,0,0,0,0,-1,-11,1
D,87975,0,0,0,0,0,0,0,0,0,-1,-11,1
D,87985,0,0,0,0,0,0,0,0,0,-1,-11,1
D,87995,0,0,0,0,0,0,0,0,0,-1,-11,1
D,88005,0,0,0,0,0,0,0,0,0,-1,-11,1
D,88015,0,0,0,0,0,0,0,0,0,-1,-11,1
D,88025,0,0,0,0,0,0,0,0,0,-1,-11,1
D,88035,0,0,0,0,0,0,0,0,0,-1,-11,1
D,88045,0,0,0,0,0,0,0,0,0,-1,-11,1
D,88055,0,0,0,0,0,0,0,0,0,-1,-11,1
D,88065,0,0,0,0,0,0,0,0,0,-1,-11,1
D,88075,0,0,0,0,0,0,0,0,0,-1,-11,1
D,88085,0,0,0,0,0,0,0,0,0,-1,-11,1
D,88095,0,0,0,0,0,0,0,0,0,-1,-11,1
D,88105,0,0,0,0,0,0,0,0,0,-1,-11,1
D,88115,0,0,0,0,0,0,0,0,0,-1,-11,1
D,88125,0,0,0,0,0,0,0,0,0,-1,-11,1
D,88135,0,0,0,0,0,0,0,0,0,-1,-11,1
D,88145,0,0,0,0,0,0,0,0,0,-1,-11,1
D,88155,0,0,0,0,0,0,0,0,0,-1,-11,1
D,88165,0,0,0,0,0,0,0,0,0,-1,-11,1
D,88175,0,0,0,0,0,0,0,0,0,-1,-11,1
D,88185,0,0,0,0,0,0,0,0,0,-1,-11,1
D,88195,0,0,0,0,0,0,0,0,0,-1,-11,1
D,88205,0,0,0,0,0,0,0,0,0,-1,-11,1
D,88215,0,0,0,0,0,0,0,0,0,-1,-11,1
D,88225,0,0,0,0,0,0,0,0,0,-1,-11,1
D,88235,0,0,0,0,0,0,0,0,0,-1,-11,1
D,88245,0,0,0,0,0,0,0,0,0,-1,-11,1
D,88255,0,0,0,0,0,0,0,0,0,-1,-11,1
D,88265,0,0,0,0,0,0,0,0,0,-1,-11,1
D,88275,0,0,0,0,0,0,0,0,0,-1,-11,1
D,88285,0,0,0,0,0,0,0,0,0,-1,-11,1
D,88295,0,0,0,0,0,0,0,0,0,-1,-11,1
D,88305,0,0,0,0,0,0,0,0,0,-1,-11,1
D,88315,0,0,0,0,0,0,0,0,0,-1,-11,1
D,88325,0,0,0,0,0,0,0,0,0,-1,-11,1
D,88335,0,0,0,0,0,0,0,0,0,-1,-11,1
D,88345,0,0,0,0,0,0,0,0,0,-1,-11,1
D,88355,0,0,0,0,0,0,0,0,0,-1,-11,1
D,88365,0,0,0,0,0,0,0,0,0,-1,-11,1
D,88375,0,0,0,0,0,0,0,0,0,-1,-11,1
D,88385,0,0,0,0,0,0,0,0,0,-1,-11,1
D,88395,0,0,0,0,0,0,0,0,0,-1,-11,1
D,88405,0,0,0,0,0,0,0,0,0,-1,-11,1
D,88415,0,0,0,0,0,0,0,0,0,-1,-11,1
D,88425,0,0,0,0,0,0,0,0,0,-1,-11,1
D,88435,0,0,0,0,0,0,0,0,0,-1,-11,1
D,88445,0,0,0,0,0,0,0,0,0,-1,-11,1
D,88455,0,0,0,0,0,0,0,0,0,-1,-11,1
D,88465,0,0,0,0,0,0,0,0,0,-1,-11,1
D,88475,0,0,0,0,0,0,0,0,0,-1,-11,1
D,88485,0,0,0,0,0,0,0,0,0,-1,-11,1
D,88495,0,0,0,0,0,0,0,0,0,-1,-11,1
D,88505,0,0,0,0,0,0,0,0,0,-1,-11,1
D,88515,0,0,0,0,0,0,0,0,0,-1,-11,1
D,88525,0,0,0,0,0,0,0,0,0,-1,-11,1
D,88535,0,0,0,0,0,0,0,0,0,-1,-11,1
D,88545,0,0,0,0,0,0,0,0,0,-1,-11,1
D,88555,0,0,0,0,0,0,0,0,0,-1,-11,1
D,88565,0,0,0,0,0,0,0,0,0,-1,-11,1
D,88575,0,0,0,0,0,0,0,0,0,-1,-11,1
D,88585,0,0,0,0,0,0,0,0,0,-1,-11,1
D,88595,0,0,0,0,0,0,0,0,0,-1,-11,1
D,88605,0,0,0,0,0,0,0,0,0,-1,-11,1
D,88615,0,0,0,0,0,0,0,0,0,-1,-11,1
D,88625,0,0,0,0,0,0,0,0,0,-1,-11,1
D,88635,0,0,0,0,0,0,0,0,0,-1,-11,1
D,88645,0,0,0,0,0,0,0,0,0,-1,-11,1
D,88655,0,0,0,0,0,0,0,0,0,-1,-11,1
D,88665,0,0,0,0,0,0,0,0,0,-1,-11,1
D,88675,0,0,0,0,0,0,0,0,0,-1,-11,1
D,88685,0,0,0,0,0,0,0,0,0,-1,-11,1
D,88695,0,0,0,0,0,0,0,0,0,-1,-11,1
D,88705,0,0,0,0,0,0,0,0,0,-1,-11,1
D,88715,0,0,0,0,0,0,0,0,0,-1,-11,1
D,88725,0,0,0,0,0,0,0,0,0,-1,-11,1
D,88735,0,0,0,0,0,0,0,0,0,-1,-11,1
D,88745,0,0,0,0,0,0,0,0,0,-1,-11,1
D,88755,0,0,0,0,0,0,0,0,0,-1,-11,1
D,88765,0,0,0,0,0,0,0,0,0,-1,-11,1
D,88775,0,0,0,0,0,0,0,0,0,-1,-11,1
D,88785,0,0,0,0,0,0,0,0,0,-1,-11,1
D,88795,0,0,0,0,0,0,0,0,0,-1,-11,1
D,88805,0,0,0,0,0,0,0,0,0,-1,-11,1
D,88815,0,0,0,0,0,0,0,0,0,-1,-11,1
D,88825,0,0,0,0,0,0,0,0,0,-1,-11,1
D,88835,0,0,0,0,0,0,0,0,0,-1,-11,1
D,88845,0,0,0,0,0,0,0,0,0,-1,-11,1
D,88855,0,0,0,0,0,0,0,0,0,-1,-11,1
D,88865,0,0,0,0,0,0,0,0,0,-1,-11,1
D,88875,0,0,0,0,0,0,0,0,0,-1,-11,1
D,88885,0,0,0,0,0,0,0,0,0,-1,-11,1
D,88895,0,0,0,0,0,0,0,0,0,-1,-11,1
D,88905,0,0,0,0,0,0,0,0,0,-1,-11,1
D,88915,0,0,0,0,0,0,0,0,0,-1,-11,1
D,88925,0,0,0,0,0,0,0,0,0,-1,-11,1
D,88935,0,0,0,0,0,0,0,0,0,-1,-11,1
D,88945,0,0,0,0,0,0,0,0,0,-1,-11,1
D,88955,0,0,0,0,0,0,0,0,0,-1,-11,1
D,88965,0,0,0,0,0,0,0,0,0,-1,-11,1
D,88975,0,0,0,0,0,0,0,0,0,-1,-11,1
D,88985,0,0,0,0,0,0,0,0,0,-1,-11,1
D,88995,0,0,0,0,0,0,0,0,0,-1,-11,1
D,89005,0,0,0,0,0,0,0,0,0,-1,-11,1
D,89015,0,0,0,0,0,0,0,0,0,-1,-11,1
D,89025,0,0,0,0,0,0,0,0,0,-1,-11,1
D,89035,0,0,0,0,0,0,0,0,0,-1,-11,1
D,89045,0,0,0,0,0,0,0,0,0,-1,-11,1
D,89055,0,0,0,0,0,0,0,0,0,-1,-11,1
D,89065,0,0,0,0,0,0,0,0,0,-1,-11,1
D,89075,0,0,0,0,0,0,0,0,0,-1,-11,1
D,89085,0,0,0,0,0,0,0,0,0,-1,-11,1
D,89095,0,0,0,0,0,0,0,0,0,-1,-11,1
D,89105,0,0,0,0,0,0,0,0,0,-1,-11,1
D,89115,0,0,0,0,0,0,0,0,0,-1,-11,1
D,89125,0,0,0,0,0,0,0,0,0,-1,-11,1
D,89135,0,0,0,0,0,0,0,0,0,-1,-11,1
D,89145,0,0,0,0,0,0,0,0,0,-1,-11,1
D,89155,0,0,0,0,0,0,0,0,0,-1,-11,1
D,89165,0,0,0,0,0,0,0,0,0,-1,-11,1
D,89175,0,0,0,0,0,0,0,0,0,-1,-11,1
D,89185,0,0,0,0,0,0,0,0,0,-1,-11,1
D,89195,0,0,0,0,0,0,0,0,0,-1,-11,1
D,89205,0,0,0,0,0,0,0,0,0,-1,-11,1
D,89215,0,0,0,0,0,0,0,0,0,-1,-11,1
D,89225,0,0,0,0,0,0,0,0,0,-1,-11,1
D,89235,0,0,0,0,0,0,0,0,0,-1,-11,1
D,89245,0,0,0,0,0,0,0,0,0,-1,-11,1
D,89255,0,0,0,0,0,0,0,0,0,-1,-11,1
D,89265,0,0,0,0,0,0,0,0,0,-1,-11,1
D,89275,0,0,0,0,0,0,0,0,0,-1,-11,1
D,89285,0,0,0,0,0,0,0,0,0,-1,-11,1
D,89295,0,0,0,0,0,0,0,0,0,-1,-11,1
D,89305,0,0,0,0,0,0,0,0,0,-1,-11,1
D,89315,0,0,0,0,0,0,0,0,0,-1,-11,1
D,89325,0,0,0,0,0,0,0,0,0,-1,-11,1
D,89335,0,0,0,0,0,0,0,0,0,-1,-11,1
D,89345,0,0,0,0,0,0,0,0,0,-1,-11,1
D,89355,0,0,0,0,0,0,0,0,0,-1,-11,1
D,89365,0,0,0,0,0,0,0,0,0,-1,-11,1
D,89375,0,0,0,0,0,0,0,0,0,-1,-11,1
D,89385,0,0,0,0,0,0,0,0,0,-1,-11,1
D,89395,0,0,0,0,0,0,0,0,0,-1,-11,1
D,89405,0,0,0,0,0,0,0,0,0,-1,-11,1
D,89415,0,0,0,0,0,0,0,0,0,-1,-11,1
D,89425,0,0,0,0,0,0,0,0,0,-1,-11,1
D,89435,0,0,0,0,0,0,0,0,0,-1,-11,1
D,89445,0,0,0,0,0,0,0,0,0,-1,-11,1
D,89455,0,0,0,0,0,0,0,0,0,-1,-11,1
D,89465,0,0,0,0,0,0,0,0,0,-1,-11,1
D,89475,0,0,0,0,0,0,0,0,0,-1,-11,1
D,89485,0,0,0,0,0,0,0,0,0,-1,-11,1
D,89495,0,0,0,0,0,0,0,0,0,-1,-11,1
D,89505,0,0,0,0,0,0,0,0,0,-1,-11,1
D,89515,0,0,0,0,0,0,0,0,0,-1,-11,1
D,89525,0,0,0,0,0,0,0,0,0,-1,-11,1
D,89535,0,0,0,0,0,0,0,0,0,-1,-11,1
D,89545,0,0,0,0,0,0,0,0,0,-1,-11,1
D,89555,0,0,0,0,0,0,0,0,0,-1,-11,1
D,89565,0,0,0,0,0,0,0,0,0,-1,-11,1
D,89575,0,0,0,0,0,0,0,0,0,-1,-11,1
D,89585,0,0,0,0,0,0,0,0,0,-1,-11,1
D,89595,0,0,0,0,0,0,0,0,0,-1,-11,1
D,89605,0,0,0,0,0,0,0,0,0,-1,-11,1
D,89615,0,0,0,0,0,0,0,0,0,-1,-11,1
D,89625,0,0,0,0,0,0,0,0,0,-1,-11,1
D,89635,0,0,0,0,0,0,0,0,0,-1,-11,1
D,89645,0,0,0,0,0,0,0,0,0,-1,-11,1
D,89655,0,0,0,0,0,0,0,0,0,-1,-11,1
D,89665,0,0,0,0,0,0,0,0,0,-1,-11,1
D,89675,0,0,0,0,0,0,0,0,0,-1,-11,1
D,89685,0,0,0,0,0,0,0,0,0,-1,-11,1
D,89695,0,0,0,0,0,0,0,0,0,-1,-11,1
D,89705,0,0,0,0,0,0,0,0,0,-1,-11,1
D,89715,0,0,0,0,0,0,0,0,0,-1,-11,1
D,89725,0,0,0,0,0,0,0,0,0,-1,-11,1
D,89735,0,0,0,0,0,0,0,0,0,-1,-11,1
D,89745,0,0,0,0,0,0,0,0,0,-1,-11,1
D,89755,0,0,0,0,0,0,0,0,0,-1,-11,1
D,89765,0,0,0,0,0,0,0,0,0,-1,-11,1
D,89775,0,0,0,0,0,0,0,0,0,-1,-11,1
D,89785,0,0,0,0,0,0,0,0,0,-1,-11,1
D,89795,0,0,0,0,0,0,0,0,0,-1,-11,1
D,89805,0,0,0,0,0,0,0,0,0,-1,-11,1
D,89815,0,0,0,0,0,0,0,0,0,-1,-11,1
D,89825,0,0,0,0,0,0,0,0,0,-1,-11,1
D,89835,0,0,0,0,0,0,0,0,0,-1,-11,1
D,89845,0,0,0,0,0,0,0,0,0,-1,-11,1
D,89855,0,0,0,0,0,0,0,0,0,-1,-11,1
D,89865,0,0,0,0,0,0,0,0,0,-1,-11,1
D,89875,0,0,0,0,0,0,0,0,0,-1,-11,1
D,89885,0,0,0,0,0,0,0,0,0,-1,-11,1
D,89895,0,0,0,0,0,0,0,0,0,-1,-11,1
D,89905,0,0,0,0,0,0,0,0,0,-1,-11,1
D,89915,0,0,0,0,0,0,0,0,0,-1,-11,1
D,89925,0,0,0,0,0,0,0,0,0,-1,-11,1
D,89935,0,0,0,0,0,0,0,0,0,-1,-11,1
D,89945,0,0,0,0,0,0,0,0,0,-1,-11,1
D,89955,0,0,0,0,0,0,0,0,0,-1,-11,1
D,89965,0,0,0,0,0,0,0,0,0,-1,-11,1
D,89975,0,0,0,0,0,0,0,0,0,-1,-11,1
D,89985,0,0,0,0,0,0,0,0,0,-1,-11,1
D,89995,0,0,0,0,0,0,0,0,0,-1,-11,1
D,90005,0,0,0,0,0,0,0,0,0,-1,-11,1
D,90015,0,0,0,0,0,0,0,0,0,-1,-11,1
D,90025,0,0,0,0,0,0,0,0,0,-1,-11,1
D,90035,0,0,0,0,0,0,0,0,0,-1,-11,1
D,90045,0,0,0,0,0,0,0,0,0,-1,-11,1
D,90055,0,0,0,0,0,0,0,0,0,-1,-11,1
D,90065,0,0,0,0,0,0,0,0,0,-1,-11,1
D,90075,0,0,0,0,0,0,0,0,0,-1,-11,1
D,90085,0,0,0,0,0,0,0,0,0,-1,-11,1
D,90095,0,0,0,0,0,0,0,0,0,-1,-11,1
D,90105,0,0,0,0,0,0,0,0,0,-1,-11,1
D,90115,0,0,0,0,0,0,0,0,0,-1,-11,1
D,90125,0,0,0,0,0,0,0,0,0,-1,-11,1
D,90135,0,0,0,0,0,0,0,0,0,-1,-11,1
D,90145,0,0,0,0,0,0,0,0,0,-1,-11,1
D,90155,0,0,0,0,0,0,0,0,0,-1,-11,1
D,90165,0,0,0,0,0,0,0,0,0,-1,-11,1
D,90175,0,0,0,0,0,0,0,0,0,-1,-11,1
D,90185,0,0,0,0,0,0,0,0,0,-1,-11,1
D,90195,0,0,0,0,0,0,0,0,0,-1,-11,1
D,90205,0,0,0,0,0,0,0,0,0,-1,-11,1
D,90215,0,0,0,0,0,0,0,0,0,-1,-11,1
D,90225,0,0,0,0,0,0,0,0,0,-1,-11,1
D,90235,0,0,0,0,0,0,0,0,0,-1,-11,1
D,90245,0,0,0,0,0,0,0,0,0,-1,-11,1
D,90255,0,0,0,0,0,0,0,0,0,-1,-11,1
D,90265,0,0,0,0,0,0,0,0,0,-1,-11,1
D,90275,0,0,0,0,0,0,0,0,0,-1,-11,1
D,90285,0,0,0,0,0,0,0,0,0,-1,-11,1
D,90295,0,0,0,0,0,0,0,0,0,-1,-11,1
D,90305,0,0,0,0,0,0,0,0,0,-1,-11,1
D,90315,0,0,0,0,0,0,0,0,0,-1,-11,1
D,90325,0,0,0,0,0,0,0,0,0,-1,-11,1
D,90335,0,0,0,0,0,0,0,0,0,-1,-11,1
D,90345,0,0,0,0,0,0,0,0,0,-1,-11,1
D,90355,0,0,0,0,0,0,0,0,0,-1,-11,1
D,90365,0,0,0,0,0,0,0,0,0,-1,-11,1
D,90375,0,0,0,0,0,0,0,0,0,-1,-11,1
D,90385,0,0,0,0,0,0,0,0,0,-1,-11,1
D,90395,0,0,0,0,0,0,0,0,0,-1,-11,1
D,90405,0,0,0,0,0,0,0,0,0,-1,-11,1
D,90415,0,0,0,0,0,0,0,0,0,-1,-11,1
D,90425,0,0,0,0,0,0,0,0,0,-1,-11,1
D,90435,0,0,0,0,0,0,0,0,0,-1,-11,1
D,90445,0,0,0,0,0,0,0,0,0,-1,-11,1
D,90455,0,0,0,0,0,0,0,0,0,-1,-11,1
D,90465,0,0,0,0,0,0,0,0,0,-1,-11,1
D,90475,0,0,0,0,0,0,0,0,0,-1,-11,1
D,90485,0,0,0,0,0,0,0,0,0,-1,-11,1
D,90495,0,0,0,0,0,0,0,0,0,-1,-11,1
D,90505,0,0,0,0,0,0,0,0,0,-1,-11,1
D,90515,0,0,0,0,0,0,0,0,0,-1,-11,1
D,90525,0,0,0,0,0,0,0,0,0,-1,-11,1
D,90535,0,0,0,0,0,0,0,0,0,-1,-11,1
D,90545,0,0,0,0,0,0,0,0,0,-1,-11,1
D,90555,0,0,0,0,0,0,0,0,0,-1,-11,1
D,90565,0,0,0,0,0,0,0,0,0,-1,-11,1
D,90575,0,0,0,0,0,0,0,0,0,-1,-11,1
D,90585,0,0,0,0,0,0,0,0,0,-1,-11,1
D,90595,0,0,0,0,0,0,0,0,0,-1,-11,1
D,90605,0,0,0,0,0,0,0,0,0,-1,-11,1
D,90615,0,0,0,0,0,0,0,0,0,-1,-11,1
D,90625,0,0,0,0,0,0,0,0,0,-1,-11,1
D,90635,0,0,0,0,0,0,0,0,0,-1,-11,1
D,90645,0,0,0,0,0,0,0,0,0,-1,-11,1
D,90655,0,0,0,0,0,0,0,0,0,-1,-11,1
D,90665,0,0,0,0,0,0,0,0,0,-1,-11,1
D,90675,0,0,0,0,0,0,0,0,0,-1,-11,1
D,90685,0,0,0,0,0,0,0,0,0,-1,-11,1
D,90695,0,0,0,0,0,0,0,0,0,-1,-11,1
D,90705,0,0,0,0,0,0,0,0,0,-1,-11,1
D,90715,0,0,0,0,0,0,0,0,0,-1,-11,1
D,90725,0,0,0,0,0,0,0,0,0,-1,-11,1
D,90735,0,0,0,0,0,0,0,0,0,-1,-11,1
D,90745,0,0,0,0,0,0,0,0,0,-1,-11,1
D,90755,0,0,0,0,0,0,0,0,0,-1,-11,1
D,90765,0,0,0,0,0,0,0,0,0,-1,-11,1
D,90775,0,0,0,0,0,0,0,0,0,-1,-11,1
D,90785,0,0,0,0,0,0,0,0,0,-1,-11,1
D,90795,0,0,0,0,0,0,0,0,0,-1,-11,1
D,90805,0,0,0,0,0,0,0,0,0,-1,-11,1
D,90815,0,0,0,0,0,0,0,0,0,-1,-11,1
D,90825,0,0,0,0,0,0,0,0,0,-1,-11,1
D,90835,0,0,0,0,0,0,0,0,0,-1,-11,1
D,90845,0,0,0,0,0,0,0,0,0,-1,-11,1
D,90855,0,0,0,0,0,0,0,0,0,-1,-11,1
D,90865,0,0,0,0,0,0,0,0,0,-1,-11,1
D,90875,0,0,0,0,0,0,0,0,0,-1,-11,1
D,90885,0,0,0,0,0,0,0,0,0,-1,-11,1
D,90895,0,0,0,0,0,0,0,0,0,-1,-11,1
D,90905,0,0,0,0,0,0,0,0,0,-1,-11,1
D,90915,0,0,0,0,0,0,0,0,0,-1,-11,1
D,90925,0,0,0,0,0,0,0,0,0,-1,-11,1
D,90935,0,0,0,0,0,0,0,0,0,-1,-11,1
D,90945,0,0,0,0,0,0,0,0,0,-1,-11,1
D,90955,0,0,0,0,0,0,0,0,0,-1,-11,1
D,90965,0,0,0,0,0,0,0,0,0,-1,-11,1
D,90975,0,0,0,0,0,0,0,0,0,-1,-11,1
D,90985,0,0,0,0,0,0,0,0,0,-1,-11,1
D,90995,0,0,0,0,0,0,0,0,0,-1,-11,1
D,91005,0,0,0,0,0,0,0,0,0,-1,-11,1
D,91015,0,0,0,0,0,0,0,0,0,-1,-11,1
D,91025,0,0,0,0,0,0,0,0,0,-1,-11,1
D,91035,0,0,0,0,0,0,0,0,0,-1,-11,1
D,91045,0,0,0,0,0,0,0,0,0,-1,-11,1
D,91055,0,0,0,0,0,0,0,0,0,-1,-11,1
D,91065,0,0,0,0,0,0,0,0,0,-1,-11,1
D,91075,0,0,0,0,0,0,0,0,0,-1,-11,1
D,91085,0,0,0,0,0,0,0,0,0,-1,-11,1
D,91095,0,0,0,0,0,0,0,0,0,-1,-11,1
D,91105,0,0,0,0,0,0,0,0,0,-1,-11,1
D,91115,0,0,0,0,0,0,0,0,0,-1,-11,1
D,91125,0,0,0,0,0,0,0,0,0,-1,-11,1
D,91135,0,0,0,0,0,0,0,0,0,-1,-11,1
D,91145,0,0,0,0,0,0,0,0,0,-1,-11,1
D,91155,0,0,0,0,0,0,0,0,0,-1,-11,1
D,91165,0,0,0,0,0,0,0,0,0,-1,-11,1
D,91175,0,0,0,0,0,0,0,0,0,-1,-11,1
D,91185,0,0,0,0,0,0,0,0,0,-1,-11,1
D,91195,0,0,0,0,0,0,0,0,0,-1,-11,1
D,91205,0,0,0,0,0,0,0,0,0,-1,-11,1
D,91215,0,0,0,0,0,0,0,0,0,-1,-11,1
D,91225,0,0,0,0,0,0,0,0,0,-1,-11,1
D,91235,0,0,0,0,0,0,0,0,0,-1,-11,1
D,91245,0,0,0,0,0,0,0,0,0,-1,-11,1
D,91255,0,0,0,0,0,0,0,0,0,-1,-11,1
D,91265,0,0,0,0,0,0,0,0,0,-1,-11,1
D,91275,0,0,0,0,0,0,0,0,0,-1,-11,1
D,91285,0,0,0,0,0,0,0,0,0,-1,-11,1
D,91295,0,0,0,0,0,0,0,0,0,-1,-11,1
D,91305,0,0,0,0,0,0,0,0,0,-1,-11,1
D,91315,0,0,0,0,0,0,0,0,0,-1,-11,1
D,91325,0,0,0,0,0,0,0,0,0,-1,-11,1
D,91335,0,0,0,0,0,0,0,0,0,-1,-11,1
D,91345,0,0,0,0,0,0,0,0,0,-1,-11,1
D,91355,0,0,0,0,0,0,0,0,0,-1,-11,1
D,91365,0,0,0,0,0,0,0,0,0,-1,-11,1
D,91375,0,0,0,0,0,0,0,0,0,-1,-11,1
D,91385,0,0,0,0,0,0,0,0,0,-1,-11,1
D,91395,0,0,0,0,0,0,0,0,0,-1,-11,1
D,91405,0,0,0,0,0,0,0,0,0,-1,-11,1
D,91415,0,0,0,0,0,0,0,0,0,-1,-11,1
D,91425,0,0,0,0,0,0,0,0,0,-1,-11,1
D,91435,0,0,0,0,0,0,0,0,0,-1,-11,1
D,91445,0,0,0,0,0,0,0,0,0,-1,-11,1
D,91455,0,0,0,0,0,0,0,0,0,-1,-11,1
D,91465,0,0,0,0,0,0,0,0,0,-1,-11,1
D,91475,0,0,0,0,0,0,0,0,0,-1,-11,1
D,91485,0,0,0,0,0,0,0,0,0,-1,-11,1
D,91495,0,0,0,0,0,0,0,0,0,-1,-11,1
D,91505,0,0,0,0,0,0,0,0,0,-1,-11,1
D,91515,0,0,0,0,0,0,0,0,0,-1,-11,1
D,91525,0,0,0,0,0,0,0,0,0,-1,-11,1
D,91535,0,0,0,0,0,0,0,0,0,-1,-11,1
D,91545,0,0,0,0,0,0,0,0,0,-1,-11,1
D,91555,0,0,0,0,0,0,0,0,0,-1,-11,1
D,91565,0,0,0,0,0,0,0,0,0,-1,-11,1
D,91575,0,0,0,0,0,0,0,0,0,-1,-11,1
D,91585,0,0,0,0,0,0,0,0,0,-1,-11,1
D,91595,0,0,0,0,0,0,0,0,0,-1,-11,1
D,91605,0,0,0,0,0,0,0,0,0,-1,-11,1
D,91615,0,0,0,0,0,0,0,0,0,-1,-11,1
D,91625,0,0,0,0,0,0,0,0,0,-1,-11,1
D,91635,0,0,0,0,0,0,0,0,0,-1,-11,1
D,91645,0,0,0,0,0,0,0,0,0,-1,-11,1
D,91655,0,0,0,0,0,0,0,0,0,-1,-11,1
D,91665,0,0,0,0,0,0,0,0,0,-1,-11,1
D,91675,0,0,0,0,0,0,0,0,0,-1,-11,1
D,91685,0,0,0,0,0,0,0,0,0,-1,-11,1
D,91695,0,0,0,0,0,0,0,0,0,-1,-11,1
D,91705,0,0,0,0,0,0,0,0,0,-1,-11,1
D,91715,0,0,0,0,0,0,0,0,0,-1,-11,1
D,91725,0,0,0,0,0,0,0,0,0,-1,-11,1
D,91735,0,0,0,0,0,0,0,0,0,-1,-11,1
D,91745,0,0,0,0,0,0,0,0,0,-1,-11,1
D,91755,0,0,0,0,0,0,0,0,0,-1,-11,1
D,91765,0,0,0,0,0,0,0,0,0,-1,-11,1
D,91775,0,0,0,0,0,0,0,0,0,-1,-11,1
D,91785,0,0,0,0,0,0,0,0,0,-1,-11,1
D,91795,0,0,0,0,0,0,0,0,0,-1,-11,1
D,91805,0,0,0,0,0,0,0,0,0,-1,-11,1
D,91815,0,0,0,0,0,0,0,0,0,-1,-11,1
D,91825,0,0,0,0,0,0,0,0,0,-1,-11,1
D,91835,0,0,0,0,0,0,0,0,0,-1,-11,1
D,91845,0,0,0,0,0,0,0,0,0,-1,-11,1
D,91855,0,0,0,0,0,0,0,0,0,-1,-11,1
D,91865,0,0,0,0,0,0,0,0,0,-1,-11,1
D,91875,0,0,0,0,0,0,0,0,0,-1,-11,1
D,91885,0,0,0,0,0,0,0,0,0,-1,-11,1
D,91895,0,0,0,0,0,0,0,0,0,-1,-11,1
D,91905,0,0,0,0,0,0,0,0,0,-1,-11,1
D,91915,0,0,0,0,0,0,0,0,0,-1,-11,1
D,91925,0,0,0,0,0,0,0,0,0,-1,-11,1
D,91935,0,0,0,0,0,0,0,0,0,-1,-11,1
D,91945,0,0,0,0,0,0,0,0,0,-1,-11,1
D,91955,0,0,0,0,0,0,0,0,0,-1,-11,1
D,91965,0,0,0,0,0,0,0,0,0,-1,-11,1
D,91975,0,0,0,0,0,0,0,0,0,-1,-11,1
D,91985,0,0,0,0,0,0,0,0,0,-1,-11,1
D,91995,0,0,0,0,0,0,0,0,0,-1,-11,1
D,92005,0,0,0,0,0,0,0,0,0,-1,-11,1
D,92015,0,0,0,0,0,0,0,0,0,-1,-11,1
D,92025,0,0,0,0,0,0,0,0,0,-1,-11,1
D,92035,0,0,0,0,0,0,0,0,0,-1,-11,1
D,92045,0,0,0,0,0,0,0,0,0,-1,-11,1
D,92055,0,0,0,0,0,0,0,0,0,-1,-11,1
D,92065,0,0,0,0,0,0,0,0,0,-1,-11,1
D,92075,0,0,0,0,0,0,0,0,0,-1,-11,1
D,92085,0,0,0,0,0,0,0,0,0,-1,-11,1
D,92095,0,0,0,0,0,0,0,0,0,-1,-11,1
D,92105,0,0,0,0,0,0,0,0,0,-1,-11,1
D,92115,0,0,0,0,0,0,0,0,0,-1,-11,1
D,92125,0,0,0,0,0,0,0,0,0,-1,-11,1
D,92135,0,0,0,0,0,0,0,0,0,-1,-11,1
D,92145,0,0,0,0,0,0,0,0,0,-1,-11,1
D,92155,0,0,0,0,0,0,0,0,0,-1,-11,1
D,92165,0,0,0,0,0,0,0,0,0,-1,-11,1
D,92175,0,0,0,0,0,0,0,0,0,-1,-11,1
D,92185,0,0,0,0,0,0,0,0,0,-1,-11,1
D,92195,0,0,0,0,0,0,0,0,0,-1,-11,1
D,92205,0,0,0,0,0,0,0,0,0,-1,-11,1
D,92215,0,0,0,0,0,0,0,0,0,-1,-11,1
D,92225,0,0,0,0,0,0,0,0,0,-1,-11,1
D,92235,0,0,0,0,0,0,0,0,0,-1,-11,1
D,92245,0,0,0,0,0,0,0,0,0,-1,-11,1
D,92255,0,0,0,0,0,0,0,0,0,-1,-11,1
D,92265,0,0,0,0,0,0,0,0,0,-1,-11,1
D,92275,0,0,0,0,0,0,0,0,0,-1,-11,1
D,92285,0,0,0,0,0,0,0,0,0,-1,-11,1
D,92295,0,0,0,0,0,0,0,0,0,-1,-11,1
D,92305,0,0,0,0,0,0,0,0,0,-1,-11,1
D,92315,0,0,0,0,0,0,0,0,0,-1,-11,1
D,92325,0,0,0,0,0,0,0,0,0,-1,-11,1
D,92335,0,0,0,0,0,0,0,0,0,-1,-11,1
D,92345,0,0,0,0,0,0,0,0,0,-1,-11,1
D,92355,0,0,0,0,0,0,0,0,0,-1,-11,1
D,92365,0,0,0,0,0,0,0,0,0,-1,-11,1
D,92375,0,0,0,0,0,0,0,0,0,-1,-11,1
D,92385,0,0,0,0,0,0,0,0,0,-1,-11,1
D,92395,0,0,0,0,0,0,0,0,0,-1,-11,1
D,92405,0,0,0,0,0,0,0,0,0,-1,-11,1
D,92415,0,0,0,0,0,0,0,0,0,-1,-11,1
D,92425,0,0,0,0,0,0,0,0,0,-1,-11,1
D,92435,0,0,0,0,0,0,0,0,0,-1,-11,1
D,92445,0,0,0,0,0,0,0,0,0,-1,-11,1
D,92455,0,0,0,0,0,0,0,0,0,-1,-11,1
D,92465,0,0,0,0,0,0,0,0,0,-1,-11,1
D,92475,0,0,0,0,0,0,0,0,0,-1,-11,1
D,92485,0,0,0,0,0,0,0,0,0,-1,-11,1
D,92495,0,0,0,0,0,0,0,0,0,-1,-11,1
D,92505,0,0,0,0,0,0,0,0,0,-1,-11,1
D,92515,0,0,0,0,0,0,0,0,0,-1,-11,1
D,92525,0,0,0,0,0,0,0,0,0,-1,-11,1
D,92535,0,0,0,0,0,0,0,0,0,-1,-11,1
D,92545,0,0,0,0,0,0,0,0,0,-1,-11,1
D,92555,0,0,0,0,0,0,0,0,0,-1,-11,1
D,92565,0,0,0,0,0,0,0,0,0,-1,-11,1
D,92575,0,0,0,0,0,0,0,0,0,-1,-11,1
D,92585,0,0,0,0,0,0,0,0,0,-1,-11,1
D,92595,0,0,0,0,0,0,0,0,0,-1,-11,1
D,92605,0,0,0,0,0,0,0,0,0,-1,-11,1
D,92615,0,0,0,0,0,0,0,0,0,-1,-11,1
D,92625,0,0,0,0,0,0,0,0,0,-1,-11,1
D,92635,0,0,0,0,0,0,0,0,0,-1,-11,1
D,92645,0,0,0,0,0,0,0,0,0,-1,-11,1
D,92655,0,0,0,0,0,0,0,0,0,-1,-11,1
D,92665,0,0,0,0,0,0,0,0,0,-1,-11,1
D,92675,0,0,0,0,0,0,0,0,0,-1,-11,1
D,92685,0,0,0,0,0,0,0,0,0,-1,-11,1
D,92695,0,0,0,0,0,0,0,0,0,-1,-11,1
D,92705,0,0,0,0,0,0,0,0,0,-1,-11,1
D,92715,0,0,0,0,0,0,0,0,0,-1,-11,1
D,92725,0,0,0,0,0,0,0,0,0,-1,-11,1
D,92735,0,0,0,0,0,0,0,0,0,-1,-11,1
D,92745,0,0,0,0,0,0,0,0,0,-1,-11,1
D,92755,0,0,0,0,0,0,0,0,0,-1,-11,1
D,92765,0,0,0,0,0,0,0,0,0,-1,-11,1
D,92775,0,0,0,0,0,0,0,0,0,-1,-11,1
D,92785,0,0,0,0,0,0,0,0,0,-1,-11,1
D,92795,0,0,0,0,0,0,0,0,0,-1,-11,1
D,92805,0,0,0,0,0,0,0,0,0,-1,-11,1
D,92815,0,0,0,0,0,0,0,0,0,-1,-11,1
D,92825,0,0,0,0,0,0,0,0,0,-1,-11,1
D,92835,0,0,0,0,0,0,0,0,0,-1,-11,1
D,92845,0,0,0,0,0,0,0,0,0,-1,-11,1
D,92855,0,0,0,0,0,0,0,0,0,-1,-11,1
D,92865,0,0,0,0,0,0,0,0,0,-1,-11,1
D,92875,0,0,0,0,0,0,0,0,0,-1,-11,1
D,92885,0,0,0,0,0,0,0,0,0,-1,-11,1
D,92895,0,0,0,0,0,0,0,0,0,-1,-11,1
D,92905,0,0,0,0,0,0,0,0,0,-1,-11,1
D,92915,0,0,0,0,0,0,0,0,0,-1,-11,1
D,92925,0,0,0,0,0,0,0,0,0,-1,-11,1
D,92935,0,0,0,0,0,0,0,0,0,-1,-11,1
D,92945,0,0,0,0,0,0,0,0,0,-1,-11,1
D,92955,0,0,0,0,0,0,0,0,0,-1,-11,1
D,92965,0,0,0,0,0,0,0,0,0,-1,-11,1
D,92975,0,0,0,0,0,0,0,0,0,-1,-11,1
D,92985,0,0,0,0,0,0,0,0,0,-1,-11,1
D,92995,0,0,0,0,0,0,0,0,0,-1,-11,1
D,93005,0,0,0,0,0,0,0,0,0,-1,-11,1
D,93015,0,0,0,0,0,0,0,0,0,-1,-11,1
D,93025,0,0,0,0,0,0,0,0,0,-1,-11,1
D,93035,0,0,0,0,0,0,0,0,0,-1,-11,1
D,93045,0,0,0,0,0,0,0,0,0,-1,-11,1
D,93055,0,0,0,0,0,0,0,0,0,-1,-11,1
D,93065,0,0,0,0,0,0,0,0,0,-1,-11,1
D,93075,0,0,0,0,0,0,0,0,0,-1,-11,1
D,93085,0,0,0,0,0,0,0,0,0,-1,-11,1
D,93095,0,0,0,0,0,0,0,0,0,-1,-11,1
D,93105,0,0,0,0,0,0,0,0,0,-1,-11,1
D,93115,0,0,0,0,0,0,0,0,0,-1,-11,1
D,93125,0,0,0,0,0,0,0,0,0,-1,-11,1
D,93135,0,0,0,0,0,0,0,0,0,-1,-11,1
D,93145,0,0,0,0,0,0,0,0,0,-1,-11,1
D,93155,0,0,0,0,0,0,0,0,0,-1,-11,1
D,93165,0,0,0,0,0,0,0,0,0,-1,-11,1
D,93175,0,0,0,0,0,0,0,0,0,-1,-11,1
D,93185,0,0,0,0,0,0,0,0,0,-1,-11,1
D,93195,0,0,0,0,0,0,0,0,0,-1,-11,1
D,93205,0,0,0,0,0,0,0,0,0,-1,-11,1
D,93215,0,0,0,0,0,0,0,0,0,-1,-11,1
D,93225,0,0,0,0,0,0,0,0,0,-1,-11,1
D,93235,0,0,0,0,0,0,0,0,0,-1,-11,1
D,93245,0,0,0,0,0,0,0,0,0,-1,-11,1
D,93255,0,0,0,0,0,0,0,0,0,-1,-11,1
D,93265,0,0,0,0,0,0,0,0,0,-1,-11,1
D,93275,0,0,0,0,0,0,0,0,0,-1,-11,1
D,93285,0,0,0,0,0,0,0,0,0,-1,-11,1
D,93295,0,0,0,0,0,0,0,0,0,-1,-11,1
D,93305,0,0,0,0,0,0,0,0,0,-1,-11,1
D,93315,0,0,0,0,0,0,0,0,0,-1,-11,1
D,93325,0,0,0,0,0,0,0,0,0,-1,-11,1
D,93335,0,0,0,0,0,0,0,0,0,-1,-11,1
D,93345,0,0,0,0,0,0,0,0,0,-1,-11,1
D,93355,0,0,0,0,0,0,0,0,0,-1,-11,1
D,93365,0,0,0,0,0,0,0,0,0,-1,-11,1
D,93375,0,0,0,0,0,0,0,0,0,-1,-11,1
D,93385,0,0,0,0,0,0,0,0,0,-1,-11,1
D,93395,0,0,0,0,0,0,0,0,0,-1,-11,1
D,93405,0,0,0,0,0,0,0,0,0,-1,-11,1
D,93415,0,0,0,0,0,0,0,0,0,-1,-11,1
D,93425,0,0,0,0,0,0,0,0,0,-1,-11,1
D,93435,0,0,0,0,0,0,0,0,0,-1,-11,1
D,93445,0,0,0,0,0,0,0,0,0,-1,-11,1
D,93455,0,0,0,0,0,0,0,0,0,-1,-11,1
D,93465,0,0,0,0,0,0,0,0,0,-1,-11,1
D,93475,0,0,0,0,0,0,0,0,0,-1,-11,1
D,93485,0,0,0,0,0,0,0,0,0,-1,-11,1
D,93495,0,0,0,0,0,0,0,0,0,-1,-11,1
D,93505,0,0,0,0,0,0,0,0,0,-1,-11,1
D,93515,0,0,0,0,0,0,0,0,0,-1,-11,1
D,93525,0,0,0,0,0,0,0,0,0,-1,-11,1
D,93535,0,0,0,0,0,0,0,0,0,-1,-11,1
D,93545,0,0,0,0,0,0,0,0,0,-1,-11,1
D,93555,0,0,0,0,0,0,0,0,0,-1,-11,1
D,93565,0,0,0,0,0,0,0,0,0,-1,-11,1
D,93575,0,0,0,0,0,0,0,0,0,-1,-11,1
D,93585,0,0,0,0,0,0,0,0,0,-1,-11,1
D,93595,0,0,0,0,0,0,0,0,0,-1,-11,1
D,93605,0,0,0,0,0,0,0,0,0,-1,-11,1
D,93615,0,0,0,0,0,0,0,0,0,-1,-11,1
D,93625,0,0,0,0,0,0,0,0,0,-1,-11,1
D,93635,0,0,0,0,0,0,0,0,0,-1,-11,1
D,93645,0,0,0,0,0,0,0,0,0,-1,-11,1
D,93655,0,0,0,0,0,0,0,0,0,-1,-11,1
D,93665,0,0,0,0,0,0,0,0,0,-1,-11,1
D,93675,0,0,0,0,0,0,0,0,0,-1,-11,1
D,93685,0,0,0,0,0,0,0,0,0,-1,-11,1
D,93695,0,0,0,0,0,0,0,0,0,-1,-11,1
D,93705,0,0,0,0,0,0,0,0,0,-1,-11,1
D,93715,0,0,0,0,0,0,0,0,0,-1,-11,1
D,93725,0,0,0,0,0,0,0,0,0,-1,-11,1
D,93735,0,0,0,0,0,0,0,0,0,-1,-11,1
D,93745,0,0,0,0,0,0,0,0,0,-1,-11,1
D,93755,0,0,0,0,0,0,0,0,0,-1,-11,1
D,93765,0,0,0,0,0,0,0,0,0,-1,-11,1
D,93775,0,0,0,0,0,0,0,0,0,-1,-11,1
D,93785,0,0,0,0,0,0,0,0,0,-1,-11,1
D,93795,0,0,0,0,0,0,0,0,0,-1,-11,1
D,93805,0,0,0,0,0,0,0,0,0,-1,-11,1
D,93815,0,0,0,0,0,0,0,0,0,-1,-11,1
D,93825,0,0,0,0,0,0,0,0,0,-1,-11,1
D,93835,0,0,0,0,0,0,0,0,0,-1,-11,1
D,93845,0,0,0,0,0,0,0,0,0,-1,-11,1
D,93855,0,0,0,0,0,0,0,0,0,-1,-11,1
D,93865,0,0,0,0,0,0,0,0,0,-1,-11,1
D,93875,0,0,0,0,0,0,0,0,0,-1,-11,1
D,93885,0,0,0,0,0,0,0,0,0,-1,-11,1
D,93895,0,0,0,0,0,0,0,0,0,-1,-11,1
D,93905,0,0,0,0,0,0,0,0,0,-1,-11,1
D,93915,0,0,0,0,0,0,0,0,0,-1,-11,1
D,93925,0,0,0,0,0,0,0,0,0,-1,-11,1
D,93935,0,0,0,0,0,0,0,0,0,-1,-11,1
D,93945,0,0,0,0,0,0,0,0,0,-1,-11,1
D,93955,0,0,0,0,0,0,0,0,0,-1,-11,1
D,93965,0,0,0,0,0,0,0,0,0,-1,-11,1
D,93975,0,0,0,0,0,0,0,0,0,-1,-11,1
D,93985,0,0,0,0,0,0,0,0,0,-1,-11,1
D,93995,0,0,0,0,0,0,0,0,0,-1,-11,1
D,94005,0,0,0,0,0,0,0,0,0,-1,-11,1
D,94015,0,0,0,0,0,0,0,0,0,-1,-11,1
D,94025,0,0,0,0,0,0,0,0,0,-1,-11,1
D,94035,0,0,0,0,0,0,0,0,0,-1,-11,1
D,94045,0,0,0,0,0,0,0,0,0,-1,-11,1
D,94055,0,0,0,0,0,0,0,0,0,-1,-11,1
D,94065,0,0,0,0,0,0,0,0,0,-1,-11,1
D,94075,0,0,0,0,0,0,0,0,0,-1,-11,1
D,94085,0,0,0,0,0,0,0,0,0,-1,-11,1
D,94095,0,0,0,0,0,0,0,0,0,-1,-11,1
D,94105,0,0,0,0,0,0,0,0,0,-1,-11,1
D,94115,0,0,0,0,0,0,0,0,0,-1,-11,1
D,94125,0,0,0,0,0,0,0,0,0,-1,-11,1
D,94135,0,0,0,0,0,0,0,0,0,-1,-11,1
D,94145,0,0,0,0,0,0,0,0,0,-1,-11,1
D,94155,0,0,0,0,0,0,0,0,0,-1,-11,1
D,94165,0,0,0,0,0,0,0,0,0,-1,-11,1
D,94175,0,0,0,0,0,0,0,0,0,-1,-11,1
D,94185,0,0,0,0,0,0,0,0,0,-1,-11,1
D,94195,0,0,0,0,0,0,0,0,0,-1,-11,1
D,94205,0,0,0,0,0,0,0,0,0,-1,-11,1
D,94215,0,0,0,0,0,0,0,0,0,-1,-11,1
D,94225,0,0,0,0,0,0,0,0,0,-1,-11,1
D,94235,0,0,0,0,0,0,0,0,0,-1,-11,1
D,94245,0,0,0,0,0,0,0,0,0,-1,-11,1
D,94255,0,0,0,0,0,0,0,0,0,-1,-11,1
D,94265,0,0,0,0,0,0,0,0,0,-1,-11,1
D,94275,0,0,0,0,0,0,0,0,0,-1,-11,1
D,94285,0,0,0,0,0,0,0,0,0,-1,-11,1
D,94295,0,0,0,0,0,0,0,0,0,-1,-11,1
D,94305,0,0,0,0,0,0,0,0,0,-1,-11,1
D,94315,0,0,0,0,0,0,0,0,0,-1,-11,1
D,94325,0,0,0,0,0,0,0,0,0,-1,-11,1
D,94335,0,0,0,0,0,0,0,0,0,-1,-11,1
D,94345,0,0,0,0,0,0,0,0,0,-1,-11,1
D,94355,0,0,0,0,0,0,0,0,0,-1,-11,1
D,94365,0,0,0,0,0,0,0,0,0,-1,-11,1
D,94375,0,0,0,0,0,0,0,0,0,-1,-11,1
D,94385,0,0,0,0,0,0,0,0,0,-1,-11,1
D,94395,0,0,0,0,0,0,0,0,0,-1,-11,1
D,94405,0,0,0,0,0,0,0,0,0,-1,-11,1
D,94415,0,0,0,0,0,0,0,0,0,-1,-11,1
D,94425,0,0,0,0,0,0,0,0,0,-1,-11,1
D,94435,0,0,0,0,0,0,0,0,0,-1,-11,1
D,94445,0,0,0,0,0,0,0,0,0,-1,-11,1
D,94455,0,0,0,0,0,0,0,0,0,-1,-11,1
D,94465,0,0,0,0,0,0,0,0,0,-1,-11,1
D,94475,0,0,0,0,0,0,0,0,0,-1,-11,1
D,94485,0,0,0,0,0,0,0,0,0,-1,-11,1
D,94495,0,0,0,0,0,0,0,0,0,-1,-11,1
D,94505,0,0,0,0,0,0,0,0,0,-1,-11,1
D,94515,0,0,0,0,0,0,0,0,0,-1,-11,1
D,94525,0,0,0,0,0,0,0,0,0,-1,-11,1
D,94535,0,0,0,0,0,0,0,0,0,-1,-11,1
D,94545,0,0,0,0,0,0,0,0,0,-1,-11,1
D,94555,0,0,0,0,0,0,0,0,0,-1,-11,1
D,94565,0,0,0,0,0,0,0,0,0,-1,-11,1
D,94575,0,0,0,0,0,0,0,0,0,-1,-11,1
D,94585,0,0,0,0,0,0,0,0,0,-1,-11,1
D,94595,0,0,0,0,0,0,0,0,0,-1,-11,1
D,94605,0,0,0,0,0,0,0,0,0,-1,-11,1
D,94615,0,0,0,0,0,0,0,0,0,-1,-11,1
D,94625,0,0,0,0,0,0,0,0,0,-1,-11,1
D,94635,0,0,0,0,0,0,0,0,0,-1,-11,1
D,94645,0,0,0,0,0,0,0,0,0,-1,-11,1
D,94655,0,0,0,0,0,0,0,0,0,-1,-11,1
D,94665,0,0,0,0,0,0,0,0,0,-1,-11,1
D,94675,0,0,0,0,0,0,0,0,0,-1,-11,1
D,94685,0,0,0,0,0,0,0,0,0,-1,-11,1
D,94695,0,0,0,0,0,0,0,0,0,-1,-11,1
D,94705,0,0,0,0,0,0,0,0,0,-1,-11,1
D,94715,0,0,0,0,0,0,0,0,0,-1,-11,1
D,94725,0,0,0,0,0,0,0,0,0,-1,-11,1
D,94735,0,0,0,0,0,0,0,0,0,-1,-11,1
D,94745,0,0,0,0,0,0,0,0,0,-1,-11,1
D,94755,0,0,0,0,0,0,0,0,0,-1,-11,1
D,94765,0,0,0,0,0,0,0,0,0,-1,-11,1
D,94775,0,0,0,0,0,0,0,0,0,-1,-11,1
D,94785,0,0,0,0,0,0,0,0,0,-1,-11,1
D,94795,0,0,0,0,0,0,0,0,0,-1,-11,1
D,94805,0,0,0,0,0,0,0,0,0,-1,-11,1
D,94815,0,0,0,0,0,0,0,0,0,-1,-11,1
D,94825,0,0,0,0,0,0,0,0,0,-1,-11,1
D,94835,0,0,0,0,0,0,0,0,0,-1,-11,1
D,94845,0,0,0,0,0,0,0,0,0,-1,-11,1
D,94855,0,0,0,0,0,0,0,0,0,-1,-11,1
D,94865,0,0,0,0,0,0,0,0,0,-1,-11,1
D,94875,0,0,0,0,0,0,0,0,0,-1,-11,1
D,94885,0,0,0,0,0,0,0,0,0,-1,-11,1
D,94895,0,0,0,0,0,0,0,0,0,-1,-11,1
D,94905,0,0,0,0,0,0,0,0,0,-1,-11,1
D,94915,0,0,0,0,0,0,0,0,0,-1,-11,1
D,94925,0,0,0,0,0,0,0,0,0,-1,-11,1
D,94935,0,0,0,0,0,0,0,0,0,-1,-11,1
D,94945,0,0,0,0,0,0,0,0,0,-1,-11,1
D,94955,0,0,0,0,0,0,0,0,0,-1,-11,1
D,94965,0,0,0,0,0,0,0,0,0,-1,-11,1
D,94975,0,0,0,0,0,0,0,0,0,-1,-11,1
D,94985,0,0,0,0,0,0,0,0,0,-1,-11,1
D,94995,0,0,0,0,0,0,0,0,0,-1,-11,1
D,95005,0,0,0,0,0,0,0,0,0,-1,-11,1
D,95015,0,0,0,0,0,0,0,0,0,-1,-11,1
D,95025,0,0,0,0,0,0,0,0,0,-1,-11,1
D,95035,0,0,0,0,0,0,0,0,0,-1,-11,1
D,95045,0,0,0,0,0,0,0,0,0,-1,-11,1
D,95055,0,0,0,0,0,0,0,0,0,-1,-11,1
D,95065,0,0,0,0,0,0,0,0,0,-1,-11,1
D,95075,0,0,0,0,0,0,0,0,0,-1,-11,1
D,95085,0,0,0,0,0,0,0,0,0,-1,-11,1
D,95095,0,0,0,0,0,0,0,0,0,-1,-11,1
D,95105,0,0,0,0,0,0,0,0,0,-1,-11,1
D,95115,0,0,0,0,0,0,0,0,0,-1,-11,1
D,95125,0,0,0,0,0,0,0,0,0,-1,-11,1
D,95135,0,0,0,0,0,0,0,0,0,-1,-11,1
D,95145,0,0,0,0,0,0,0,0,0,-1,-11,1
D,95155,0,0,0,0,0,0,0,0,0,-1,-11,1
D,95165,0,0,0,0,0,0,0,0,0,-1,-11,1
D,95175,0,0,0,0,0,0,0,0,0,-1,-11,1
D,95185,0,0,0,0,0,0,0,0,0,-1,-11,1
D,95195,0,0,0,0,0,0,0,0,0,-1,-11,1
D,95205,0,0,0,0,0,0,0,0,0,-1,-11,1
D,95215,0,0,0,0,0,0,0,0,0,-1,-11,1
D,95225,0,0,0,0,0,0,0,0,0,-1,-11,1
D,95235,0,0,0,0,0,0,0,0,0,-1,-11,1
D,95245,0,0,0,0,0,0,0,0,0,-1,-11,1
D,95255,0,0,0,0,0,0,0,0,0,-1,-11,1
D,95265,0,0,0,0,0,0,0,0,0,-1,-11,1
D,95275,0,0,0,0,0,0,0,0,0,-1,-11,1
D,95285,0,0,0,0,0,0,0,0,0,-1,-11,1
D,95295,0,0,0,0,0,0,0,0,0,-1,-11,1
D,95305,0,0,0,0,0,0,0,0,0,-1,-11,1
D,95315,0,0,0,0,0,0,0,0,0,-1,-11,1
D,95325,0,0,0,0,0,0,0,0,0,-1,-11,1
D,95335,0,0,0,0,0,0,0,0,0,-1,-11,1
D,95345,0,0,0,0,0,0,0,0,0,-1,-11,1
D,95355,0,0,0,0,0,0,0,0,0,-1,-11,1
D,95365,0,0,0,0,0,0,0,0,0,-1,-11,1
D,95375,0,0,0,0,0,0,0,0,0,-1,-11,1
D,95385,0,0,0,0,0,0,0,0,0,-1,-11,1
D,95395,0,0,0,0,0,0,0,0,0,-1,-11,1
D,95405,0,0,0,0,0,0,0,0,0,-1,-11,1
D,95415,0,0,0,0,0,0,0,0,0,-1,-11,1
D,95425,0,0,0,0,0,0,0,0,0,-1,-11,1
D,95435,0,0,0,0,0,0,0,0,0,-1,-11,1
D,95445,0,0,0,0,0,0,0,0,0,-1,-11,1
D,95455,0,0,0,0,0,0,0,0,0,-1,-11,1
D,95465,0,0,0,0,0,0,0,0,0,-1,-11,1
D,95475,0,0,0,0,0,0,0,0,0,-1,-11,1
D,95485,0,0,0,0,0,0,0,0,0,-1,-11,1
D,95495,0,0,0,0,0,0,0,0,0,-1,-11,1
D,95505,0,0,0,0,0,0,0,0,0,-1,-11,1
D,95515,0,0,0,0,0,0,0,0,0,-1,-11,1
D,95525,0,0,0,0,0,0,0,0,0,-1,-11,1
D,95535,0,0,0,0,0,0,0,0,0,-1,-11,1
D,95545,0,0,0,0,0,0,0,0,0,-1,-11,1
D,95555,0,0,0,0,0,0,0,0,0,-1,-11,1
D,95565,0,0,0,0,0,0,0,0,0,-1,-11,1
D,95575,0,0,0,0,0,0,0,0,0,-1,-11,1
D,95585,0,0,0,0,0,0,0,0,0,-1,-11,1
D,95595,0,0,0,0,0,0,0,0,0,-1,-11,1
D,95605,0,0,0,0,0,0,0,0,0,-1,-11,1
D,95615,0,0,0,0,0,0,0,0,0,-1,-11,1
D,95625,0,0,0,0,0,0,0,0,0,-1,-11,1
D,95635,0,0,0,0,0,0,0,0,0,-1,-11,1
D,95645,0,0,0,0,0,0,0,0,0,-1,-11,1
D,95655,0,0,0,0,0,0,0,0,0,-1,-11,1
D,95665,0,0,0,0,0,0,0,0,0,-1,-11,1
D,95675,0,0,0,0,0,0,0,0,0,-1,-11,1
D,95685,0,0,0,0,0,0,0,0,0,-1,-11,1
D,95695,0,0,0,0,0,0,0,0,0,-1,-11,1
D,95705,0,0,0,0,0,0,0,0,0,-1,-11,1
D,95715,0,0,0,0,0,0,0,0,0,-1,-11,1
D,95725,0,0,0,0,0,0,0,0,0,-1,-11,1
D,95735,0,0,0,0,0,0,0,0,0,-1,-11,1
D,95745,0,0,0,0,0,0,0,0,0,-1,-11,1
D,95755,0,0,0,0,0,0,0,0,0,-1,-11,1
D,95765,0,0,0,0,0,0,0,0,0,-1,-11,1
D,95775,0,0,0,0,0,0,0,0,0,-1,-11,1
D,95785,0,0,0,0,0,0,0,0,0,-1,-11,1
D,95795,0,0,0,0,0,0,0,0,0,-1,-11,1
D,95805,0,0,0,0,0,0,0,0,0,-1,-11,1
D,95815,0,0,0,0,0,0,0,0,0,-1,-11,1
D,95825,0,0,0,0,0,0,0,0,0,-1,-11,1
D,95835,0,0,0,0,0,0,0,0,0,-1,-11,1
D,95845,0,0,0,0,0,0,0,0,0,-1,-11,1
D,95855,0,0,0,0,0,0,0,0,0,-1,-11,1
D,95865,0,0,0,0,0,0,0,0,0,-1,-11,1
D,95875,0,0,0,0,0,0,0,0,0,-1,-11,1
D,95885,0,0,0,0,0,0,0,0,0,-1,-11,1
D,95895,0,0,0,0,0,0,0,0,0,-1,-11,1
D,95905,0,0,0,0,0,0,0,0,0,-1,-11,1
D,95915,0,0,0,0,0,0,0,0,0,-1,-11,1
D,95925,0,0,0,0,0,0,0,0,0,-1,-11,1
D,95935,0,0,0,0,0,0,0,0,0,-1,-11,1
D,95945,0,0,0,0,0,0,0,0,0,-1,-11,1
D,95955,0,0,0,0,0,0,0,0,0,-1,-11,1
D,95965,0,0,0,0,0,0,0,0,0,-1,-11,1
D,95975,0,0,0,0,0,0,0,0,0,-1,-11,1
D,95985,0,0,0,0,0,0,0,0,0,-1,-11,1
D,95995,0,0,0,0,0,0,0,0,0,-1,-11,1
D,96005,0,0,0,0,0,0,0,0,0,-1,-11,1
D,96015,0,0,0,0,0,0,0,0,0,-1,-11,1
D,96025,0,0,0,0,0,0,0,0,0,-1,-11,1
D,96035,0,0,0,0,0,0,0,0,0,-1,-11,1
D,96045,0,0,0,0,0,0,0,0,0,-1,-11,1
D,96055,0,0,0,0,0,0,0,0,0,-1,-11,1
D,96065,0,0,0,0,0,0,0,0,0,-1,-11,1
D,96075,0,0,0,0,0,0,0,0,0,-1,-11,1
D,96085,0,0,0,0,0,0,0,0,0,-1,-11,1
D,96095,0,0,0,0,0,0,0,0,0,-1,-11,1
D,96105,0,0,0,0,0,0,0,0,0,-1,-11,1
D,96115,0,0,0,0,0,0,0,0,0,-1,-11,1
D,96125,0,0,0,0,0,0,0,0,0,-1,-11,1
D,96135,0,0,0,0,0,0,0,0,0,-1,-11,1
D,96145,0,0,0,0,0,0,0,0,0,-1,-11,1
D,96155,0,0,0,0,0,0,0,0,0,-1,-11,1
D,96165,0,0,0,0,0,0,0,0,0,-1,-11,1
D,96175,0,0,0,0,0,0,0,0,0,-1,-11,1
D,96185,0,0,0,0,0,0,0,0,0,-1,-11,1
D,96195,0,0,0,0,0,0,0,0,0,-1,-11,1
D,96205,0,0,0,0,0,0,0,0,0,-1,-11,1
D,96215,0,0,0,0,0,0,0,0,0,-1,-11,1
D,96225,0,0,0,0,0,0,0,0,0,-1,-11,1
D,96235,0,0,0,0,0,0,0,0,0,-1,-11,1
D,96245,0,0,0,0,0,0,0,0,0,-1,-11,1
D,96255,0,0,0,0,0,0,0,0,0,-1,-11,1
D,96265,0,0,0,0,0,0,0,0,0,-1,-11,1
D,96275,0,0,0,0,0,0,0,0,0,-1,-11,1
D,96285,0,0,0,0,0,0,0,0,0,-1,-11,1
D,96295,0,0,0,0,0,0,0,0,0,-1,-11,1
D,96305,0,0,0,0,0,0,0,0,0,-1,-11,1
D,96315,0,0,0,0,0,0,0,0,0,-1,-11,1
D,96325,0,0,0,0,0,0,0,0,0,-1,-11,1
D,96335,0,0,0,0,0,0,0,0,0,-1,-11,1
D,96345,0,0,0,0,0,0,0,0,0,-1,-11,1
D,96355,0,0,0,0,0,0,0,0,0,-1,-11,1
D,96365,0,0,0,0,0,0,0,0,0,-1,-11,1
D,96375,0,0,0,0,0,0,0,0,0,-1,-11,1
D,96385,0,0,0,0,0,0,0,0,0,-1,-11,1
D,96395,0,0,0,0,0,0,0,0,0,-1,-11,1
D,96405,0,0,0,0,0,0,0,0,0,-1,-11,1
D,96415,0,0,0,0,0,0,0,0,0,-1,-11,1
D,96425,0,0,0,0,0,0,0,0,0,-1,-11,1
D,96435,0,0,0,0,0,0,0,0,0,-1,-11,1
D,96445,0,0,0,0,0,0,0,0,0,-1,-11,1
D,96455,0,0,0,0,0,0,0,0,0,-1,-11,1
D,96465,0,0,0,0,0,0,0,0,0,-1,-11,1
D,96475,0,0,0,0,0,0,0,0,0,-1,-11,1
D,96485,0,0,0,0,0,0,0,0,0,-1,-11,1
D,96495,0,0,0,0,0,0,0,0,0,-1,-11,1
D,96505,0,0,0,0,0,0,0,0,0,-1,-11,1
D,96515,0,0,0,0,0,0,0,0,0,-1,-11,1
D,96525,0,0,0,0,0,0,0,0,0,-1,-11,1
D,96535,0,0,0,0,0,0,0,0,0,-1,-11,1
D,96545,0,0,0,0,0,0,0,0,0,-1,-11,1
D,96555,0,0,0,0,0,0,0,0,0,-1,-11,1
D,96565,0,0,0,0,0,0,0,0,0,-1,-11,1
D,96575,0,0,0,0,0,0,0,0,0,-1,-11,1
D,96585,0,0,0,0,0,0,0,0,0,-1,-11,1
D,96595,0,0,0,0,0,0,0,0,0,-1,-11,1
D,96605,0,0,0,0,0,0,0,0,0,-1,-11,1
D,96615,0,0,0,0,0,0,0,0,0,-1,-11,1
D,96625,0,0,0,0,0,0,0,0,0,-1,-11,1
D,96635,0,0,0,0,0,0,0,0,0,-1,-11,1
D,96645,0,0,0,0,0,0,0,0,0,-1,-11,1
D,96655,0,0,0,0,0,0,0,0,0,-1,-11,1
D,96665,0,0,0,0,0,0,0,0,0,-1,-11,1
D,96675,0,0,0,0,0,0,0,0,0,-1,-11,1
D,96685,0,0,0,0,0,0,0,0,0,-1,-11,1
D,96695,0,0,0,0,0,0,0,0,0,-1,-11,1
D,96705,0,0,0,0,0,0,0,0,0,-1,-11,1
D,96715,0,0,0,0,0,0,0,0,0,-1,-11,1
D,96725,0,0,0,0,0,0,0,0,0,-1,-11,1
D,96735,0,0,0,0,0,0,0,0,0,-1,-11,1
D,96745,0,0,0,0,0,0,0,0,0,-1,-11,1
D,96755,0,0,0,0,0,0,0,0,0,-1,-11,1
D,96765,0,0,0,0,0,0,0,0,0,-1,-11,1
D,96775,0,0,0,0,0,0,0,0,0,-1,-11,1
D,96785,0,0,0,0,0,0,0,0,0,-1,-11,1
D,96795,0,0,0,0,0,0,0,0,0,-1,-11,1
D,96805,0,0,0,0,0,0,0,0,0,-1,-11,1
D,96815,0,0,0,0,0,0,0,0,0,-1,-11,1
D,96825,0,0,0,0,0,0,0,0,0,-1,-11,1
D,96835,0,0,0,0,0,0,0,0,0,-1,-11,1
D,96845,0,0,0,0,0,0,0,0,0,-1,-11,1
D,96855,0,0,0,0,0,0,0,0,0,-1,-11,1
D,96865,0,0,0,0,0,0,0,0,0,-1,-11,1
D,96875,0,0,0,0,0,0,0,0,0,-1,-11,1
D,96885,0,0,0,0,0,0,0,0,0,-1,-11,1
D,96895,0,0,0,0,0,0,0,0,0,-1,-11,1
D,96905,0,0,0,0,0,0,0,0,0,-1,-11,1
D,96915,0,0,0,0,0,0,0,0,0,-1,-11,1
D,155115,0,0,0,0,0,0,0,0,0,0,-8,1
D,155125,0,0,0,0,0,0,0,0,0,0,-8,1
D,155135,0,0,0,0,0,0,0,0,0,0,-8,1
D,155145,0,0,0,0,0,0,0,0,0,0,-8,1
D,155155,0,0,0,0,0,0,0,0,0,0,-8,1
D,155165,0,0,0,0,0,0,0,0,0,0,-8,1
D,155175,0,0,0,0,0,0,0,0,0,0,-8,1
D,155185,0,0,0,0,0,0,0,0,0,0,-8,1
D,155195,0,0,0,0,0,0,0,0,0,0,-8,1
D,155205,0,0,0,0,0,0,0,0,0,0,-8,1
D,155215,0,0,0,0,0,0,0,0,0,0,-8,1
D,155225,0,0,0,0,0,0,0,0,0,0,-8,1
D,155235,0,0,0,0,0,0,0,0,0,0,-8,1
D,155245,0,0,0,0,0,0,0,0,0,0,-8,1
D,155255,0,0,0,0,0,0,0,0,0,0,-8,1
D,155265,0,0,0,0,0,0,0,0,0,0,-8,1
D,155275,0,0,0,0,0,0,0,0,0,0,-8,1
D,155285,0,0,0,0,0,0,0,0,0,0,-8,1
D,155295,0,0,0,0,0,0,0,0,0,0,-8,1
D,155305,0,0,0,0,0,0,0,0,0,0,-8,1
D,155315,0,0,0,0,0,0,0,0,0,0,-8,1
D,155325,0,0,0,0,0,0,0,0,0,0,-8,1
D,155335,0,0,0,0,0,0,0,0,0,0,-8,1
D,155345,0,0,0,0,0,0,0,0,0,0,-8,1
D,155355,0,0,0,0,0,0,0,0,0,0,-8,1
D,155365,0,0,0,0,0,0,0,0,0,0,-8,1
D,155375,0,0,0,0,0,0,0,0,0,0,-8,1
D,155385,0,0,0,0,0,0,0,0,0,0,-8,1
D,155395,0,0,0,0,0,0,0,0,0,0,-8,1
D,155405,0,0,0,0,0,0,0,0,0,0,-8,1
D,155415,0,0,0,0,0,0,0,0,0,0,-8,1
D,155425,0,0,0,0,0,0,0,0,0,0,-8,1
D,155435,0,0,0,0,0,0,0,0,0,0,-8,1
D,155445,0,0,0,0,0,0,0,0,0,0,-8,1
D,155455,0,0,0,0,0,0,0,0,0,0,-8,1
D,155465,0,0,0,0,0,0,0,0,0,0,-8,1
D,155475,0,0,0,0,0,0,0,0,0,0,-8,1
D,155485,0,0,0,0,0,0,0,0,0,0,-8,1
D,155495,0,0,0,0,0,0,0,0,0,0,-8,1
D,155505,0,0,0,0,0,0,0,0,0,0,-8,1
D,155515,0,0,0,0,0,0,0,0,0,0,-8,1
D,155525,0,0,0,0,0,0,0,0,0,0,-8,1
D,155535,0,0,0,0,0,0,0,0,0,0,-8,1
D,155545,0,0,0,0,0,0,0,0,0,0,-8,1
D,155555,0,0,0,0,0,0,0,0,0,0,-8,1
D,155565,0,0,0,0,0,0,0,0,0,0,-8,1
D,155575,0,0,0,0,0,0,0,0,0,0,-8,1
D,155585,0,0,0,0,0,0,0,0,0,0,-8,1
D,155595,0,0,0,0,0,0,0,0,0,0,-8,1
D,155605,0,0,0,0,0,0,0,0,0,0,-8,1
D,155615,0,0,0,0,0,0,0,0,0,0,-8,1
D,155625,0,0,0,0,0,0,0,0,0,0,-8,1
D,155635,0,0,0,0,0,0,0,0,0,0,-8,1
D,155645,0,0,0,0,0,0,0,0,0,0,-8,1
D,155655,0,0,0,0,0,0,0,0,0,0,-8,1
D,155665,0,0,0,0,0,0,0,0,0,0,-8,1
D,155675,0,0,0,0,0,0,0,0,0,0,-8,1
D,155685,0,0,0,0,0,0,0,0,0,0,-8,1
D,155695,0,0,0,0,0,0,0,0,0,0,-8,1
D,155705,0,0,0,0,0,0,0,0,0,0,-8,1
D,155715,0,0,0,0,0,0,0,0,0,0,-8,1
D,155725,0,0,0,0,0,0,0,0,0,0,-8,1
D,155735,0,0,0,0,0,0,0,0,0,0,-8,1
D,155745,0,0,0,0,0,0,0,0,0,0,-8,1
D,155755,0,0,0,0,0,0,0,0,0,0,-8,1
D,155765,0,0,0,0,0,0,0,0,0,0,-8,1
D,155775,0,0,0,0,0,0,0,0,0,0,-8,1
D,155785,0,0,0,0,0,0,0,0,0,0,-8,1
D,155795,0,0,0,0,0,0,0,0,0,0,-8,1
D,155805,0,0,0,0,0,0,0,0,0,0,-8,1
D,155815,0,0,0,0,0,0,0,0,0,0,-8,1
D,155825,0,0,0,0,0,0,0,0,0,0,-8,1
D,155835,0,0,0,0,0,0,0,0,0,0,-8,1
D,155845,0,0,0,0,0,0,0,0,0,0,-8,1
D,155855,0,0,0,0,0,0,0,0,0,0,-8,1
D,155865,0,0,0,0,0,0,0,0,0,0,-8,1
D,155875,0,0,0,0,0,0,0,0,0,0,-8,1
D,155885,0,0,0,0,0,0,0,0,0,0,-8,1
D,155895,0,0,0,0,0,0,0,0,0,0,-8,1
D,155905,0,0,0,0,0,0,0,0,0,0,-8,1
D,155915,0,0,0,0,0,0,0,0,0,0,-8,1
D,155925,0,0,0,0,0,0,0,0,0,0,-8,1
D,155935,0,0,0,0,0,0,0,0,0,0,-8,1
D,155945,0,0,0,0,0,0,0,0,0,0,-8,1
D,155955,0,0,0,0,0,0,0,0,0,0,-8,1
D,155965,0,0,0,0,0,0,0,0,0,0,-8,1
D,155975,0,0,0,0,0,0,0,0,0,0,-8,1
D,155985,0,0,0,0,0,0,0,0,0,0,-8,1
D,155995,0,0,0,0,0,0,0,0,0,0,-8,1
D,156005,0,0,0,0,0,0,0,0,0,0,-8,1
D,156015,0,0,0,0,0,0,0,0,0,0,-8,1
D,156025,0,0,0,0,0,0,0,0,0,0,-8,1
D,156035,0,0,0,0,0,0,0,0,0,0,-8,1
D,156045,0,0,0,0,0,0,0,0,0,0,-8,1
D,156055,0,0,0,0,0,0,0,0,0,0,-8,1
D,156065,0,0,0,0,0,0,0,0,0,0,-8,1
D,156075,0,0,0,0,0,0,0,0,0,0,-8,1
D,156085,0,0,0,0,0,0,0,0,0,0,-8,1
D,156095,0,0,0,0,0,0,0,0,0,0,-8,1
D,156105,0,0,0,0,0,0,0,0,0,0,-8,1
D,156115,0,0,0,0,0,0,0,0,0,0,-8,1
D,156125,0,0,0,0,0,0,0,0,0,0,-8,1
D,156135,0,0,0,0,0,0,0,0,0,0,-8,1
D,156145,0,0,0,0,0,0,0,0,0,0,-8,1
D,156155,0,0,0,0,0,0,0,0,0,0,-8,1
D,156165,0,0,0,0,0,0,0,0,0,0,-8,1
D,156175,0,0,0,0,0,0,0,0,0,0,-8,1
D,156185,0,0,0,0,0,0,0,0,0,0,-8,1
D,156195,0,0,0,0,0,0,0,0,0,0,-8,1
D,156205,0,0,0,0,0,0,0,0,0,0,-8,1
D,156215,0,0,0,0,0,0,0,0,0,0,-8,1
D,156225,0,0,0,0,0,0,0,0,0,0,-8,1
D,156235,0,0,0,0,0,0,0,0,0,0,-8,1
D,156245,0,0,0,0,0,0,0,0,0,0,-8,1
D,156255,0,0,0,0,0,0,0,0,0,0,-8,1
D,156265,0,0,0,0,0,0,0,0,0,0,-8,1
D,156275,0,0,0,0,0,0,0,0,0,0,-8,1
D,156285,0,0,0,0,0,0,0,0,0,0,-8,1
D,156295,0,0,0,0,0,0,0,0,0,0,-8,1
D,156305,0,0,0,0,0,0,0,0,0,0,-8,1
D,156315,0,0,0,0,0,0,0,0,0,0,-8,1
D,156325,0,0,0,0,0,0,0,0,0,0,-8,1
D,156335,0,0,0,0,0,0,0,0,0,0,-8,1
D,156345,0,0,0,0,0,0,0,0,0,0,-8,1
D,156355,0,0,0,0,0,0,0,0,0,0,-8,1
D,156365,0,0,0,0,0,0,0,0,0,0,-8,1
D,156375,0,0,0,0,0,0,0,0,0,0,-8,1
D,156385,0,0,0,0,0,0,0,0,0,0,-8,1
D,156395,0,0,0,0,0,0,0,0,0,0,-8,1
D,156405,0,0,0,0,0,0,0,0,0,0,-8,1
D,156415,0,0,0,0,0,0,0,0,0,0,-8,1
D,156425,0,0,0,0,0,0,0,0,0,0,-8,1
D,156435,0,0,0,0,0,0,0,0,0,0,-8,1
D,156445,0,0,0,0,0,0,0,0,0,0,-8,1
D,156455,0,0,0,0,0,0,0,0,0,0,-8,1
D,156465,0,0,0,0,0,0,0,0,0,0,-8,1
D,156475,0,0,0,0,0,0,0,0,0,0,-8,1
D,156485,0,0,0,0,0,0,0,0,0,0,-8,1
D,156495,0,0,0,0,0,0,0,0,0,0,-8,1
D,156505,0,0,0,0,0,0,0,0,0,0,-8,1
D,156515,0,0,0,0,0,0,0,0,0,0,-8,1
D,156525,0,0,0,0,0,0,0,0,0,0,-8,1
D,156535,0,0,0,0,0,0,0,0,0,0,-8,1
D,156545,0,0,0,0,0,0,0,0,0,0,-8,1
D,156555,0,0,0,0,0,0,0,0,0,0,-8,1
D,156565,0,0,0,0,0,0,0,0,0,0,-8,1
D,156575,0,0,0,0,0,0,0,0,0,0,-8,1
D,156585,0,0,0,0,0,0,0,0,0,0,-8,1
D,156595,0,0,0,0,0,0,0,0,0,0,-8,1
D,156605,0,0,0,0,0,0,0,0,0,0,-8,1
D,156615,0,0,0,0,0,0,0,0,0,0,-8,1
D,156625,0,0,0,0,0,0,0,0,0,0,-8,1
D,156635,0,0,0,0,0,0,0,0,0,0,-8,1
D,156645,0,0,0,0,0,0,0,0,0,0,-8,1
D,156655,0,0,0,0,0,0,0,0,0,0,-8,1
D,156665,0,0,0,0,0,0,0,0,0,0,-8,1
D,156675,0,0,0,0,0,0,0,0,0,0,-8,1
D,156685,0,0,0,0,0,0,0,0,0,0,-8,1
D,156695,0,0,0,0,0,0,0,0,0,0,-8,1
D,156705,0,0,0,0,0,0,0,0,0,0,-8,1
D,156715,0,0,0,0,0,0,0,0,0,0,-8,1
D,156725,0,0,0,0,0,0,0,0,0,0,-8,1
D,156735,0,0,0,0,0,0,0,0,0,0,-8,1
D,156745,0,0,0,0,0,0,0,0,0,0,-8,1
D,156755,0,0,0,0,0,0,0,0,0,0,-8,1
D,156765,0,0,0,0,0,0,0,0,0,0,-8,1
D,156775,0,0,0,0,0,0,0,0,0,0,-8,1
D,156785,0,0,0,0,0,0,0,0,0,0,-8,1
D,156795,0,0,0,0,0,0,0,0,0,0,-8,1
D,156805,0,0,0,0,0,0,0,0,0,0,-8,1
D,156815,0,0,0,0,0,0,0,0,0,0,-8,1
D,156825,0,0,0,0,0,0,0,0,0,0,-8,1
D,156835,0,0,0,0,0,0,0,0,0,0,-8,1
D,156845,0,0,0,0,0,0,0,0,0,0,-8,1
D,156855,0,0,0,0,0,0,0,0,0,0,-8,1
D,156865,0,0,0,0,0,0,0,0,0,0,-8,1
D,156875,0,0,0,0,0,0,0,0,0,0,-8,1
D,156885,1,600,0,0,0,600,0,0,0,0,-8,1
D,156895,1,600,0,0,0,600,0,0,0,0,-8,1
D,156905,1,600,0,0,0,600,0,0,0,0,-8,1
D,156915,1,600,0,0,0,600,0,0,0,0,-8,1
D,156925,1,600,0,0,0,600,0,0,0,0,-8,1
D,156935,1,600,0,0,0,600,0,0,0,0,-8,1
D,156945,1,600,0,0,0,600,0,0,0,0,-8,1
D,156955,1,600,0,0,0,600,0,0,0,0,-8,1
D,156965,1,600,0,0,0,600,0,0,0,0,-8,1
D,156975,1,600,0,0,0,600,0,0,0,0,-8,1
D,156985,1,600,0,0,0,600,0,0,0,0,-8,1
D,156995,1,600,0,0,0,600,0,0,0,0,-8,1
D,157005,1,600,0,0,0,600,0,0,0,0,-8,1
D,157015,1,600,0,0,0,600,0,0,0,0,-8,1
D,157025,1,600,0,0,0,600,0,0,0,0,-8,1
D,157035,1,600,0,0,0,600,0,0,0,0,-8,1
D,157045,1,600,0,0,0,600,0,0,0,0,-8,1
D,157055,1,600,0,0,0,600,0,0,0,0,-8,1
D,157065,1,600,0,0,0,600,0,0,0,0,-8,1
D,157075,1,600,0,0,0,600,0,0,0,0,-8,1
D,157085,1,600,0,0,0,600,0,0,0,0,-8,1
D,157095,1,600,0,0,0,600,0,0,0,0,-8,1
D,157105,1,600,0,0,0,600,0,0,0,0,-8,1
D,157115,1,600,0,0,0,600,0,0,0,0,-8,1
D,157125,1,600,0,0,0,600,0,0,0,0,-8,1
D,157135,1,600,0,0,0,600,0,0,0,0,-8,1
D,157145,1,600,0,0,0,600,0,0,0,0,-8,1
D,157155,1,600,0,0,0,600,0,0,0,0,-8,1
D,157165,1,600,0,0,0,600,0,0,0,0,-8,1
D,157175,1,600,0,0,0,600,0,0,0,0,-8,1
D,157185,1,600,0,0,0,600,0,0,0,0,-8,1
D,157195,1,600,0,0,0,600,0,0,0,0,-8,1
D,157205,1,600,0,0,0,600,0,0,0,0,-8,1
D,157215,1,600,0,0,0,600,0,0,0,0,-8,1
D,157225,1,600,0,0,0,600,0,0,0,0,-8,1
D,157235,1,600,0,0,0,600,0,0,0,0,-8,1
D,157245,1,600,0,0,0,600,0,0,0,0,-8,1
D,157255,1,600,0,0,0,600,0,0,0,0,-8,1
D,157265,1,600,0,0,0,600,0,0,0,0,-8,1
D,157275,1,600,0,0,0,600,0,0,0,0,-8,1
D,157285,1,600,0,0,0,600,0,0,0,0,-8,1
D,157295,1,600,0,0,0,600,0,0,0,0,-8,1
D,157305,1,600,0,0,0,600,0,0,0,0,-8,1
D,157315,1,600,0,0,0,600,0,0,0,0,-8,1
D,157325,1,600,0,0,0,600,0,0,0,0,-8,1
D,157335,1,600,0,0,0,600,0,0,0,0,-8,1
D,157345,1,600,0,0,0,600,0,0,0,0,-8,1
D,157355,1,600,0,0,0,600,0,0,0,0,-8,1
D,157365,1,600,0,0,0,600,0,0,0,0,-8,1
D,157375,1,600,0,0,0,600,0,0,0,0,-8,1
D,157385,1,600,0,0,0,600,0,0,0,0,-8,1
D,157395,1,600,0,0,0,600,0,0,0,0,-8,1
D,157405,1,600,0,0,0,600,0,0,0,0,-8,1
D,157415,1,600,0,0,0,600,0,0,0,0,-8,1
D,157425,1,600,0,0,0,600,0,0,0,0,-8,1
D,157435,1,600,0,0,0,600,0,0,0,0,-8,1
D,157445,1,600,0,0,0,600,0,0,0,0,-8,1
D,157455,1,600,0,0,0,600,0,0,0,0,-8,1
D,157465,1,600,0,0,0,600,0,0,0,0,-8,1
D,157475,1,600,0,0,0,600,0,0,0,0,-8,1
D,157485,1,600,0,0,0,600,0,0,0,0,-8,1
D,157495,1,600,0,0,0,600,0,0,0,0,-8,1
D,157505,1,600,0,0,0,600,0,0,0,0,-8,1
D,157515,1,600,0,0,0,600,0,0,0,0,-8,1
D,157525,1,600,0,0,0,600,0,0,0,0,-8,1
D,157535,1,600,0,0,0,600,0,0,0,0,-8,1
D,157545,1,600,0,0,0,600,0,0,0,0,-8,1
D,157555,1,600,0,0,0,600,0,0,0,0,-8,1
D,157565,1,600,0,0,0,600,0,0,0,0,-8,1
D,157575,1,600,0,0,0,600,0,0,0,0,-8,1
D,157585,1,600,0,0,0,600,0,0,0,0,-8,1
D,157595,1,600,0,0,0,600,0,0,0,0,-8,1
D,157605,1,600,0,0,0,600,0,0,0,0,-8,1
D,157615,1,600,0,0,0,600,0,0,0,0,-8,1
D,157625,1,600,0,0,0,600,0,0,0,0,-8,1
D,157635,1,600,0,0,0,600,0,0,0,0,-8,1
D,157645,1,600,0,0,0,600,0,0,0,0,-8,1
D,157655,1,600,0,0,0,600,0,0,0,0,-8,1
D,157665,1,600,0,0,0,600,0,0,0,0,-8,1
D,157675,1,600,0,0,0,600,0,0,0,0,-8,1
D,157685,1,600,0,0,0,600,0,0,0,0,-8,1
D,157695,1,600,0,0,0,600,0,0,0,0,-8,1
D,157705,1,600,0,0,0,600,0,0,0,0,-8,1
D,157715,1,600,0,0,0,600,0,0,0,0,-8,1
D,157725,1,600,0,0,0,600,0,0,0,0,-8,1
D,157735,1,600,0,0,0,600,0,0,0,0,-8,1
D,157745,1,600,0,0,0,600,0,0,0,0,-8,1
D,157755,1,600,0,0,0,600,0,0,0,0,-8,1
D,157765,1,600,0,0,0,600,0,0,0,0,-8,1
D,157775,1,600,0,0,0,600,0,0,0,0,-8,1
D,157785,1,600,0,0,0,600,0,0,0,0,-8,1
D,157795,1,600,0,0,0,600,0,0,0,0,-8,1
D,157805,1,600,0,0,0,600,0,0,0,0,-8,1
D,157815,1,600,0,0,0,600,0,0,0,0,-8,1
D,157825,1,600,0,0,0,600,0,0,0,0,-8,1
D,157835,1,600,0,0,0,600,0,0,0,0,-8,1
D,157845,1,600,0,0,0,600,0,0,0,0,-8,1
D,157855,1,600,0,0,0,600,0,0,0,0,-8,1
D,157865,1,600,0,0,0,600,0,0,0,0,-8,1
D,157875,1,600,0,0,0,600,0,0,0,0,-8,1
D,157885,1,600,0,0,0,600,0,0,0,0,-8,1
D,157895,1,600,0,0,0,600,0,0,0,0,-8,1
D,157905,1,600,0,0,0,600,0,0,0,0,-8,1
D,157915,1,600,0,0,0,600,0,0,0,0,-8,1
D,157925,1,600,0,0,0,600,0,0,0,0,-8,1
D,157935,1,600,0,0,0,600,0,0,0,0,-8,1
D,157945,1,600,0,0,0,600,0,0,0,0,-8,1
D,157955,1,600,0,0,0,600,0,0,0,0,-8,1
D,157965,1,600,0,0,0,600,0,0,0,0,-8,1
D,157975,1,600,0,0,0,600,0,0,0,0,-8,1
D,157985,1,600,0,0,0,600,0,0,0,0,-8,1
D,157995,1,600,0,0,0,600,0,0,0,0,-8,1
D,158005,1,600,0,0,0,600,0,0,0,0,-8,1
D,158015,1,600,0,0,0,600,0,0,0,0,-8,1
D,158025,1,600,0,0,0,600,0,0,0,0,-8,1
D,158035,1,600,0,0,0,600,0,0,0,0,-8,1
D,158045,1,600,0,0,0,600,0,0,0,0,-8,1
D,158055,1,600,0,0,0,600,0,0,0,0,-8,1
D,158065,1,600,0,0,0,600,0,0,0,0,-8,1
D,158075,1,600,0,0,0,600,0,0,0,0,-8,1
D,158085,1,600,0,0,0,600,0,0,0,0,-8,1
D,158095,1,600,0,0,0,600,0,0,0,0,-8,1
D,158105,1,600,0,0,0,600,0,0,0,0,-8,1
D,158115,1,600,0,0,0,600,0,0,0,0,-8,1
D,158125,1,600,0,0,0,600,0,0,0,0,-8,1
D,158135,1,600,0,0,0,600,0,0,0,0,-8,1
D,158145,1,600,0,0,0,600,0,0,0,0,-8,1
D,158155,1,600,0,0,0,600,0,0,0,0,-8,1
D,158165,1,600,0,0,0,600,0,0,0,0,-8,1
D,158175,1,600,0,0,0,600,0,0,0,0,-8,1
D,158185,1,600,0,0,0,600,0,0,0,0,-8,1
D,158195,1,600,0,0,0,600,0,0,0,0,-8,1
D,158205,1,600,0,0,0,600,0,0,0,0,-8,1
D,158215,1,600,0,0,0,600,0,0,0,0,-8,1
D,158225,1,600,0,0,0,600,0,0,0,0,-8,1
D,158235,1,600,0,0,0,600,0,0,0,0,-8,1
D,158245,1,600,0,0,0,600,0,0,0,0,-8,1
D,158255,1,600,0,0,0,600,0,0,0,0,-8,1
D,158265,1,600,0,0,0,600,0,0,0,0,-8,1
D,158275,1,600,0,0,0,600,0,0,0,0,-8,1
D,158285,1,600,0,0,0,600,0,0,0,0,-8,1
D,158295,1,600,0,0,0,600,0,0,0,0,-8,1
D,158305,1,600,0,0,0,600,0,0,0,0,-8,1
D,158315,1,600,0,0,0,600,0,0,0,0,-8,1
D,158325,1,600,0,0,0,600,0,0,0,0,-8,1
D,158335,1,600,0,0,0,600,0,0,0,0,-8,1
D,158345,1,600,0,0,0,600,0,0,0,0,-8,1
D,158355,1,600,0,0,0,600,0,0,0,0,-8,1
D,158365,1,600,0,0,0,600,0,0,0,0,-8,1
D,158375,1,600,0,0,0,600,0,0,0,0,-8,1
D,158385,1,600,0,0,0,600,0,0,0,0,-8,1
D,158395,1,600,0,0,0,600,0,0,0,0,-8,1
D,158405,1,600,0,0,0,600,0,0,0,0,-8,1
D,158415,1,600,0,0,0,600,0,0,0,0,-8,1
D,158425,1,600,0,0,0,600,0,0,0,0,-8,1
D,158435,1,600,0,0,0,600,0,0,0,0,-8,1
D,158445,1,600,0,0,0,600,0,0,0,0,-8,1
D,158455,1,600,0,0,0,600,0,0,0,0,-8,1
D,158465,1,600,0,0,0,600,0,0,0,0,-8,1
D,158475,1,600,0,0,0,600,0,0,0,0,-8,1
D,158485,1,600,0,0,0,600,0,0,0,0,-8,1
D,158495,1,600,0,0,0,600,0,0,0,0,-8,1
D,158505,1,600,0,0,0,600,0,0,0,0,-8,1
D,158515,1,600,0,0,0,600,0,0,0,0,-8,1
D,158525,1,600,0,0,0,600,0,0,0,0,-8,1
D,158535,1,600,0,0,0,600,0,0,0,0,-8,1
D,158545,1,600,0,0,0,600,0,0,0,0,-8,1
D,158555,1,600,0,0,0,600,0,0,0,0,-8,1
D,158565,1,600,0,0,0,600,0,0,0,0,-8,1
D,158575,1,600,0,0,0,600,0,0,0,0,-8,1
D,158585,1,600,0,0,0,600,0,0,0,0,-8,1
D,158595,1,600,0,0,0,600,0,0,0,0,-8,1
D,158605,1,600,0,0,0,600,0,0,0,0,-8,1
D,158615,1,600,0,0,0,600,0,0,0,0,-8,1
D,158625,1,600,0,0,0,600,0,0,0,0,-8,1
D,158635,1,600,0,0,0,600,0,0,0,0,-8,1
D,158645,1,600,0,0,0,600,0,0,0,0,-8,1
D,158655,1,600,0,0,0,600,0,0,0,0,-8,1
D,158665,1,600,0,0,0,600,0,0,0,0,-8,1
D,158675,1,600,0,0,0,600,0,0,0,0,-8,1
D,158685,1,600,0,0,0,600,0,0,0,0,-8,1
D,158695,1,600,0,0,0,600,0,0,0,0,-8,1
D,158705,1,600,0,0,0,600,0,0,0,0,-8,1
D,158715,1,600,0,0,0,600,0,0,0,0,-8,1
D,158725,1,600,0,0,0,600,0,0,0,0,-8,1
D,158735,1,600,0,0,0,600,0,0,0,0,-8,1
D,158745,1,600,0,0,0,600,0,0,0,0,-8,1
D,158755,1,600,0,0,0,600,0,0,0,0,-8,1
D,158765,1,600,0,0,0,600,0,0,0,0,-8,1
D,158775,1,600,0,0,0,600,0,0,0,0,-8,1
D,158785,1,600,0,0,0,600,0,0,0,0,-8,1
D,158795,1,600,0,0,0,600,0,0,0,0,-8,1
D,158805,1,600,0,0,0,600,0,0,0,0,-8,1
D,158815,1,600,0,0,0,600,0,0,0,0,-8,1
D,158825,1,600,0,0,0,600,0,0,0,0,-8,1
D,158835,1,600,0,0,0,600,0,0,0,0,-8,1
D,158845,1,600,0,0,0,600,0,0,0,0,-8,1
D,158855,1,600,0,0,0,600,0,0,0,0,-8,1
D,158865,1,600,0,0,0,600,0,0,0,0,-8,1
D,158875,1,600,0,0,0,600,0,0,0,0,-8,1
D,158885,1,600,0,0,0,600,0,0,0,0,-8,1
D,158895,1,600,0,0,0,600,0,0,0,0,-8,1
D,158905,1,600,0,0,0,600,0,0,0,0,-8,1
D,158915,1,600,0,0,0,600,0,0,0,0,-8,1
D,158925,1,600,0,0,0,600,0,0,0,0,-8,1
D,158935,1,600,0,0,0,600,0,0,0,0,-8,1
D,158945,1,600,0,0,0,600,0,0,0,0,-8,1
D,158955,1,600,0,0,0,600,0,0,0,0,-8,1
D,158965,1,600,0,0,0,600,0,0,0,0,-8,1
D,158975,1,600,0,0,0,600,0,0,0,0,-8,1
D,158985,1,600,0,0,0,600,0,0,0,0,-8,1
D,158995,1,600,0,0,0,600,0,0,0,0,-8,1
D,159005,1,600,0,0,0,600,0,0,0,0,-8,1
D,159015,1,600,0,0,0,600,0,0,0,0,-8,1
D,159025,1,600,0,0,0,600,0,0,0,0,-8,1
D,159035,1,600,0,0,0,600,0,0,0,0,-8,1
D,159045,1,600,0,0,0,600,0,0,0,0,-8,1
D,159055,1,600,0,0,0,600,0,0,0,0,-8,1
D,159065,1,600,0,0,0,600,0,0,0,0,-8,1
D,159075,1,600,0,0,0,600,0,0,0,0,-8,1
D,159085,1,600,0,0,0,600,0,0,0,0,-8,1
D,159095,1,600,0,0,0,600,0,0,0,0,-8,1
D,159105,1,600,0,0,0,600,0,0,0,0,-8,1
D,159115,1,600,0,0,0,600,0,0,0,0,-8,1
D,159125,1,600,0,0,0,600,0,0,0,0,-8,1
D,159135,1,600,0,0,0,600,0,0,0,0,-8,1
D,159145,1,600,0,0,0,600,0,0,0,0,-8,1
D,159155,1,600,0,0,0,600,0,0,0,0,-8,1
D,159165,1,600,0,0,0,600,0,0,0,0,-8,1
D,159175,1,600,0,0,0,600,0,0,0,0,-8,1
D,159185,1,600,0,0,0,600,0,0,0,0,-8,1
D,159195,1,600,0,0,0,600,0,0,0,0,-8,1
D,159205,1,600,0,0,0,600,0,0,0,0,-8,1
D,159215,1,600,0,0,0,600,0,0,0,0,-8,1
D,159225,1,600,0,0,0,600,0,0,0,0,-8,1
D,159235,1,600,0,0,0,600,0,0,0,0,-8,1
D,159245,1,600,0,0,0,600,0,0,0,0,-8,1
D,159255,1,600,0,0,0,600,0,0,0,0,-8,1
D,159265,1,600,0,0,0,600,0,0,0,0,-8,1
D,159275,1,600,0,0,0,600,0,0,0,0,-8,1
D,159285,1,600,0,0,0,600,0,0,0,0,-8,1
D,159295,1,600,0,0,0,600,0,0,0,0,-8,1
D,159305,1,600,0,0,0,600,0,0,0,0,-8,1
D,159315,1,600,0,0,0,600,0,0,0,0,-8,1
D,159325,1,600,0,0,0,600,0,0,0,0,-8,1
D,159335,1,600,0,0,0,600,0,0,0,0,-8,1
D,159345,1,600,0,0,0,600,0,0,0,0,-8,1
D,159355,1,600,0,0,0,600,0,0,0,0,-8,1
D,159365,1,600,0,0,0,600,0,0,0,0,-8,1
D,159375,1,600,0,0,0,600,0,0,0,0,-8,1
D,159385,1,600,0,0,0,600,0,0,0,0,-8,1
D,159395,1,600,0,0,0,600,0,0,0,0,-8,1
D,159405,1,600,0,0,0,600,0,0,0,0,-8,1
D,159415,1,600,0,0,0,600,0,0,0,0,-8,1
D,159425,1,600,0,0,0,600,0,0,0,0,-8,1
D,159435,1,600,0,0,0,600,0,0,0,0,-8,1
D,159445,1,600,0,0,0,600,0,0,0,0,-8,1
D,159455,1,600,0,0,0,600,0,0,0,0,-8,1
D,159465,1,600,0,0,0,600,0,0,0,0,-8,1
D,159475,1,600,0,0,0,600,0,0,0,0,-8,1
D,159485,1,600,0,0,0,600,0,0,0,0,-8,1
D,159495,1,600,0,0,0,600,0,0,0,0,-8,1
D,159505,1,600,0,0,0,600,0,0,0,0,-8,1
D,159515,1,600,0,0,0,600,0,0,0,0,-8,1
D,159525,1,600,0,0,0,600,0,0,0,0,-8,1
D,159535,1,600,0,0,0,600,0,0,0,0,-8,1
D,159545,1,600,0,0,0,600,0,0,0,0,-8,1
D,159555,1,600,0,0,0,600,0,0,0,0,-8,1
D,159565,1,600,0,0,0,600,0,0,0,0,-8,1
D,159575,1,600,0,0,0,600,0,0,0,0,-8,1
D,159585,1,600,0,0,0,600,0,0,0,0,-8,1
D,159595,1,600,0,0,0,600,0,0,0,0,-8,1
D,159605,1,600,0,0,0,600,0,0,0,0,-8,1
D,159615,1,600,0,0,0,600,0,0,0,0,-8,1
D,159625,1,600,0,0,0,600,0,0,0,0,-8,1
D,159635,1,600,0,0,0,600,0,0,0,0,-8,1
D,159645,1,600,0,0,0,600,0,0,0,0,-8,1
D,159655,1,600,0,0,0,600,0,0,0,0,-8,1
D,159665,1,600,0,0,0,600,0,0,0,0,-8,1
D,159675,1,600,0,0,0,600,0,0,0,0,-8,1
D,159685,1,600,0,0,0,600,0,0,0,0,-8,1
D,159695,1,600,0,0,0,600,0,0,0,0,-8,1
D,159705,1,600,0,0,0,600,0,0,0,0,-8,1
D,159715,1,600,0,0,0,600,0,0,0,0,-8,1
D,159725,1,600,0,0,0,600,0,0,0,0,-8,1
D,159735,1,600,0,0,0,600,0,0,0,0,-8,1
D,159745,1,600,0,0,0,600,0,0,0,0,-8,1
D,159755,1,600,0,0,0,600,0,0,0,0,-8,1
D,159765,1,600,0,0,0,600,0,0,0,0,-8,1
D,159775,1,600,0,0,0,600,0,0,0,0,-8,1
D,159785,1,600,0,0,0,600,0,0,0,0,-8,1
D,159795,1,600,0,0,0,600,0,0,0,0,-8,1
D,159805,1,600,0,0,0,600,0,0,0,0,-8,1
D,159815,1,600,0,0,0,600,0,0,0,0,-8,1
D,159825,1,600,0,0,0,600,0,0,0,0,-8,1
D,159835,1,600,0,0,0,600,0,0,0,0,-8,1
D,159845,1,600,0,0,0,600,0,0,0,0,-8,1
D,159855,1,600,0,0,0,600,0,0,0,0,-8,1
D,159865,1,600,0,0,0,600,0,0,0,0,-8,1
D,159875,1,600,0,0,0,600,0,0,0,0,-8,1
D,159885,1,600,0,0,0,600,0,0,0,0,-8,1
D,159895,1,600,0,0,0,600,0,0,0,0,-8,1
D,159905,1,600,0,0,0,600,0,0,0,0,-8,1
D,159915,1,600,0,0,0,600,0,0,0,0,-8,1
D,159925,1,600,0,0,0,600,0,0,0,0,-8,1
D,159935,1,600,0,0,0,600,0,0,0,0,-8,1
D,159945,1,600,0,0,0,600,0,0,0,0,-8,1
D,159955,1,600,0,0,0,600,0,0,0,0,-8,1
D,159965,1,600,0,0,0,600,0,0,0,0,-8,1
D,159975,1,600,0,0,0,600,0,0,0,0,-8,1
D,159985,1,600,0,0,0,600,0,0,0,0,-8,1
D,159995,1,600,0,0,0,600,0,0,0,0,-8,1
D,160005,1,600,0,0,0,600,0,0,0,0,-8,1
D,160015,1,600,0,0,0,600,0,0,0,0,-8,1
D,160025,1,600,0,0,0,600,0,0,0,0,-8,1
D,160035,1,600,0,0,0,600,0,0,0,0,-8,1
D,160045,1,600,0,0,0,600,0,0,0,0,-8,1
D,160055,1,600,0,0,0,600,0,0,0,0,-8,1
D,160065,1,600,0,0,0,600,0,0,0,0,-8,1
D,160075,1,600,0,0,0,600,0,0,0,0,-8,1
D,160085,1,600,0,0,0,600,0,0,0,0,-8,1
D,160095,1,600,0,0,0,600,0,0,0,0,-8,1
D,160105,1,600,0,0,0,600,0,0,0,0,-8,1
D,160115,1,600,0,0,0,600,0,0,0,0,-8,1
D,160125,1,600,0,0,0,600,0,0,0,0,-8,1
D,160135,1,600,0,0,0,600,0,0,0,0,-8,1
D,160145,1,600,0,0,0,600,0,0,0,0,-8,1
D,160155,1,600,0,0,0,600,0,0,0,0,-8,1
D,160165,1,600,0,0,0,600,0,0,0,0,-8,1
D,160175,1,600,0,0,0,600,0,0,0,0,-8,1
D,160185,1,600,0,0,0,600,0,0,0,0,-8,1
D,160195,1,600,0,0,0,600,0,0,0,0,-8,1
D,160205,1,600,0,0,0,600,0,0,0,0,-8,1
D,160215,1,600,0,0,0,600,0,0,0,0,-8,1
D,160225,1,600,0,0,0,600,0,0,0,0,-8,1
D,160235,1,600,0,0,0,600,0,0,0,0,-8,1
D,160245,1,600,0,0,0,600,0,0,0,0,-8,1
D,160255,1,600,0,0,0,600,0,0,0,0,-8,1
D,160265,1,600,0,0,0,600,0,0,0,0,-8,1
D,160275,1,600,0,0,0,600,0,0,0,0,-8,1
D,160285,1,600,0,0,0,600,0,0,0,0,-8,1
D,160295,1,600,0,0,0,600,0,0,0,0,-8,1
D,160305,1,600,0,0,0,600,0,0,0,0,-8,1
D,160315,1,600,0,0,0,600,0,0,0,0,-8,1
D,160325,1,600,0,0,0,600,0,0,0,0,-8,1
D,160335,1,600,0,0,0,600,0,0,0,0,-8,1
D,160345,1,600,0,0,0,600,0,0,0,0,-8,1
D,160355,1,600,0,0,0,600,0,0,0,0,-8,1
D,160365,1,600,0,0,0,600,0,0,0,0,-8,1
D,160375,1,600,0,0,0,600,0,0,0,0,-8,1
D,160385,1,600,0,0,0,600,0,0,0,0,-8,1
D,160395,1,600,0,0,0,600,0,0,0,0,-8,1
D,160405,1,600,0,0,0,600,0,0,0,0,-8,1
D,160415,1,600,0,0,0,600,0,0,0,0,-8,1
D,160425,1,600,0,0,0,600,0,0,0,0,-8,1
D,160435,1,600,0,0,0,600,0,0,0,0,-8,1
D,160445,1,600,0,0,0,600,0,0,0,0,-8,1
D,160455,1,600,0,0,0,600,0,0,0,0,-8,1
D,160465,1,600,0,0,0,600,0,0,0,0,-8,1
D,160475,1,600,0,0,0,600,0,0,0,0,-8,1
D,160485,1,600,0,0,0,600,0,0,0,0,-8,1
D,160495,1,600,0,0,0,600,0,0,0,0,-8,1
D,160505,1,600,0,0,0,600,0,0,0,0,-8,1
D,160515,1,600,0,0,0,600,0,0,0,0,-8,1
D,160525,1,600,0,0,0,600,0,0,0,0,-8,1
D,160535,1,600,0,0,0,600,0,0,0,0,-8,1
D,160545,1,600,0,0,0,600,0,0,0,0,-8,1
D,160555,1,600,0,0,0,600,0,0,0,0,-8,1
D,160565,1,600,0,0,0,600,0,0,0,0,-8,1
D,160575,1,600,0,0,0,600,0,0,0,0,-8,1
D,160585,1,600,0,0,0,600,0,0,0,0,-8,1
D,160595,1,600,0,0,0,600,0,0,0,0,-8,1
D,160605,1,600,0,0,0,600,0,0,0,0,-8,1
D,160615,1,600,0,0,0,600,0,0,0,0,-8,1
D,160625,1,600,0,0,0,600,0,0,0,0,-8,1
D,160635,1,600,0,0,0,600,0,0,0,0,-8,1
D,160645,1,600,0,0,0,600,0,0,0,0,-8,1
D,160655,1,600,0,0,0,600,0,0,0,0,-8,1
D,160665,1,600,0,0,0,600,0,0,0,0,-8,1
D,160675,1,600,0,0,0,600,0,0,0,0,-8,1
D,160685,1,600,0,0,0,600,0,0,0,0,-8,1
D,160695,1,600,0,0,0,600,0,0,0,0,-8,1
D,160705,1,600,0,0,0,600,0,0,0,0,-8,1
D,160715,1,600,0,0,0,600,0,0,0,0,-8,1
D,160725,1,600,0,0,0,600,0,0,0,0,-8,1
D,160735,1,600,0,0,0,600,0,0,0,0,-8,1
D,160745,1,600,0,0,0,600,0,0,0,0,-8,1
D,160755,1,600,0,0,0,600,0,0,0,0,-8,1
D,160765,1,600,0,0,0,600,0,0,0,0,-8,1
D,160775,1,600,0,0,0,600,0,0,0,0,-8,1
D,160785,1,600,0,0,0,600,0,0,0,0,-8,1
D,160795,1,600,0,0,0,600,0,0,0,0,-8,1
D,160805,1,600,0,0,0,600,0,0,0,0,-8,1
D,160815,1,600,0,0,0,600,0,0,0,0,-8,1
D,160825,1,600,0,0,0,600,0,0,0,0,-8,1
D,160835,1,600,0,0,0,600,0,0,0,0,-8,1
D,160845,1,600,0,0,0,600,0,0,0,0,-8,1
D,160855,1,600,0,0,0,600,0,0,0,0,-8,1
D,160865,1,600,0,0,0,600,0,0,0,0,-8,1
D,160875,1,600,0,0,0,600,0,0,0,0,-8,1
D,160885,1,600,0,0,0,600,0,0,0,0,-8,1
D,160895,1,600,0,0,0,600,0,0,0,0,-8,1
D,160905,1,600,0,0,0,600,0,0,0,0,-8,1
D,160915,1,600,0,0,0,600,0,0,0,0,-8,1
D,160925,1,600,0,0,0,600,0,0,0,0,-8,1
D,160935,1,600,0,0,0,600,0,0,0,0,-8,1
D,160945,1,600,0,0,0,600,0,0,0,0,-8,1
D,160955,1,600,0,0,0,600,0,0,0,0,-8,1
D,160965,1,600,0,0,0,600,0,0,0,0,-8,1
D,160975,1,600,0,0,0,600,0,0,0,0,-8,1
D,160985,1,600,0,0,0,600,0,0,0,0,-8,1
D,160995,1,600,0,0,0,600,0,0,0,0,-8,1
D,161005,1,600,0,0,0,600,0,0,0,0,-8,1
D,161015,1,600,0,0,0,600,0,0,0,0,-8,1
D,161025,1,600,0,0,0,600,0,0,0,0,-8,1
D,161035,1,600,0,0,0,600,0,0,0,0,-8,1
D,161045,1,600,0,0,0,600,0,0,0,0,-8,1
D,161055,1,600,0,0,0,600,0,0,0,0,-8,1
D,161065,1,600,0,0,0,600,0,0,0,0,-8,1
D,161075,1,600,0,0,0,600,0,0,0,0,-8,1
D,161085,1,600,0,0,0,600,0,0,0,0,-8,1
D,161095,1,600,0,0,0,600,0,0,0,0,-8,1
D,161105,1,600,0,0,0,600,0,0,0,0,-8,1
D,161115,1,600,0,0,0,600,0,0,0,0,-8,1
D,161125,1,600,0,0,0,600,0,0,0,0,-8,1
D,161135,1,600,0,0,0,600,0,0,0,0,-8,1
D,161145,1,600,0,0,0,600,0,0,0,0,-8,1
D,161155,1,600,0,0,0,600,0,0,0,0,-8,1
D,161165,1,600,0,0,0,600,0,0,0,0,-8,1
D,161175,1,600,0,0,0,600,0,0,0,0,-8,1
D,161185,1,600,0,0,0,600,0,0,0,0,-8,1
D,161195,1,600,0,0,0,600,0,0,0,0,-8,1
D,161205,1,600,0,0,0,600,0,0,0,0,-8,1
D,161215,1,600,0,0,0,600,0,0,0,0,-8,1
D,161225,1,600,0,0,0,600,0,0,0,0,-8,1
D,161235,1,600,0,0,0,600,0,0,0,0,-8,1
D,161245,1,600,0,0,0,600,0,0,0,0,-8,1
D,161255,1,600,0,0,0,600,0,0,0,0,-8,1
D,161265,1,600,0,0,0,600,0,0,0,0,-8,1
D,161275,1,600,0,0,0,600,0,0,0,0,-8,1
D,161285,1,600,0,0,0,600,0,0,0,0,-8,1
D,161295,1,600,0,0,0,600,0,0,0,0,-8,1
D,161305,1,600,0,0,0,600,0,0,0,0,-8,1
D,161315,1,600,0,0,0,600,0,0,0,0,-8,1
D,161325,1,600,0,0,0,600,0,0,0,0,-8,1
D,161335,1,600,0,0,0,600,0,0,0,0,-8,1
D,161345,1,600,0,0,0,600,0,0,0,0,-8,1
D,161355,1,600,0,0,0,600,0,0,0,0,-8,1
D,161365,1,600,0,0,0,600,0,0,0,0,-8,1
D,161375,1,600,0,0,0,600,0,0,0,0,-8,1
D,161385,1,600,0,0,0,600,0,0,0,0,-8,1
D,161395,1,600,0,0,0,600,0,0,0,0,-8,1
D,161405,1,600,0,0,0,600,0,0,0,0,-8,1
D,161415,1,600,0,0,0,600,0,0,0,0,-8,1
D,161425,1,600,0,0,0,600,0,0,0,0,-8,1
D,161435,1,600,0,0,0,600,0,0,0,0,-8,1
D,161445,1,600,0,0,0,600,0,0,0,0,-8,1
D,161455,1,600,0,0,0,600,0,0,0,0,-8,1
D,161465,1,600,0,0,0,600,0,0,0,0,-8,1
D,161475,1,600,0,0,0,600,0,0,0,0,-8,1
D,161485,1,600,0,0,0,600,0,0,0,0,-8,1
D,161495,1,600,0,0,0,600,0,0,0,0,-8,1
D,161505,1,600,0,0,0,600,0,0,0,0,-8,1
D,161515,1,600,0,0,0,600,0,0,0,0,-8,1
D,161525,1,600,0,0,0,600,0,0,0,0,-8,1
D,161535,1,600,0,0,0,600,0,0,0,0,-8,1
D,161545,1,600,0,0,0,600,0,0,0,0,-8,1
D,161555,1,600,0,0,0,600,0,0,0,0,-8,1
D,161565,1,600,0,0,0,600,0,0,0,0,-8,1
D,161575,1,600,0,0,0,600,0,0,0,0,-8,1
D,161585,1,600,0,0,0,600,0,0,0,0,-8,1
D,161595,1,600,0,0,0,600,0,0,0,0,-8,1
D,161605,1,600,0,0,0,600,0,0,0,0,-8,1
D,161615,1,600,0,0,0,600,0,0,0,0,-8,1
D,161625,1,600,0,0,0,600,0,0,0,0,-8,1
D,161635,1,600,0,0,0,600,0,0,0,0,-8,1
D,161645,1,600,0,0,0,600,0,0,0,0,-8,1
D,161655,1,600,0,0,0,600,0,0,0,0,-8,1
D,161665,1,600,0,0,0,600,0,0,0,0,-8,1
D,161675,1,600,0,0,0,600,0,0,0,0,-8,1
D,161685,1,600,0,0,0,600,0,0,0,0,-8,1
D,161695,1,600,0,0,0,600,0,0,0,0,-8,1
D,161705,1,600,0,0,0,600,0,0,0,0,-8,1
D,161715,1,600,0,0,0,600,0,0,0,0,-8,1
D,161725,1,600,0,0,0,600,0,0,0,0,-8,1
D,161735,1,600,0,0,0,600,0,0,0,0,-8,1
D,161745,1,600,0,0,0,600,0,0,0,0,-8,1
D,161755,1,600,0,0,0,600,0,0,0,0,-8,1
D,161765,1,600,0,0,0,600,0,0,0,0,-8,1
D,161775,1,600,0,0,0,600,0,0,0,0,-8,1
D,161785,1,600,0,0,0,600,0,0,0,0,-8,1
D,161795,1,600,0,0,0,600,0,0,0,0,-8,1
D,161805,1,600,0,0,0,600,0,0,0,0,-8,1
D,161815,1,600,0,0,0,600,0,0,0,0,-8,1
D,161825,1,600,0,0,0,600,0,0,0,0,-8,1
D,161835,1,600,0,0,0,600,0,0,0,0,-8,1
D,161845,1,600,0,0,0,600,0,0,0,0,-8,1
D,161855,1,600,0,0,0,600,0,0,0,0,-8,1
D,161865,1,600,0,0,0,600,0,0,0,0,-8,1
D,161875,1,600,0,0,0,600,0,0,0,0,-8,1
D,161885,1,600,0,0,0,600,0,0,0,0,-8,1
D,161895,1,600,0,0,0,600,0,0,0,0,-8,1
D,161905,1,600,0,0,0,600,0,0,0,0,-8,1
D,161915,1,600,0,0,0,600,0,0,0,0,-8,1
D,161925,1,600,0,0,0,600,0,0,0,0,-8,1
D,161935,1,600,0,0,0,600,0,0,0,0,-8,1
D,161945,1,600,0,0,0,600,0,0,0,0,-8,1
D,161955,1,600,0,0,0,600,0,0,0,0,-8,1
D,161965,1,600,0,0,0,600,0,0,0,0,-8,1
D,161975,1,600,0,0,0,600,0,0,0,0,-8,1
D,161985,1,600,0,0,0,600,0,0,0,0,-8,1
D,161995,1,600,0,0,0,600,0,0,0,0,-8,1
D,162005,1,600,0,0,0,600,0,0,0,0,-8,1
D,162015,1,600,0,0,0,600,0,0,0,0,-8,1
D,162025,1,600,0,0,0,600,0,0,0,0,-8,1
D,162035,1,600,0,0,0,600,0,0,0,0,-8,1
D,162045,1,600,0,0,0,600,0,0,0,0,-8,1
D,162055,1,600,0,0,0,600,0,0,0,0,-8,1
D,162065,1,600,0,0,0,600,0,0,0,0,-8,1
D,162075,1,600,0,0,0,600,0,0,0,0,-8,1
D,162085,1,600,0,0,0,600,0,0,0,0,-8,1
D,162095,1,600,0,0,0,600,0,0,0,0,-8,1
D,162105,1,600,0,0,0,600,0,0,0,0,-8,1
D,162115,1,600,0,0,0,600,0,0,0,0,-8,1
D,162125,1,600,0,0,0,600,0,0,0,0,-8,1
D,162135,1,600,0,0,0,600,0,0,0,0,-8,1
D,162145,1,600,0,0,0,600,0,0,0,0,-8,1
D,162155,1,600,0,0,0,600,0,0,0,0,-8,1
D,162165,1,600,0,0,0,600,0,0,0,0,-8,1
D,162175,1,600,0,0,0,600,0,0,0,0,-8,1
D,162185,1,600,0,0,0,600,0,0,0,0,-8,1
D,162195,1,600,0,0,0,600,0,0,0,0,-8,1
D,162205,1,600,0,0,0,600,0,0,0,0,-8,1
D,162215,1,600,0,0,0,600,0,0,0,0,-8,1
D,162225,1,600,0,0,0,600,0,0,0,0,-8,1
D,162235,1,600,0,0,0,600,0,0,0,0,-8,1
D,162245,1,600,0,0,0,600,0,0,0,0,-8,1
D,162255,1,600,0,0,0,600,0,0,0,0,-8,1
D,162265,1,600,0,0,0,600,0,0,0,0,-8,1
D,162275,1,600,0,0,0,600,0,0,0,0,-8,1
D,162285,1,600,0,0,0,600,0,0,0,0,-8,1
D,162295,1,600,0,0,0,600,0,0,0,0,-8,1
D,162305,1,600,0,0,0,600,0,0,0,0,-8,1
D,162315,1,600,0,0,0,600,0,0,0,0,-8,1
D,162325,1,600,0,0,0,600,0,0,0,0,-8,1
D,162335,1,600,0,0,0,600,0,0,0,0,-8,1
D,162345,1,600,0,0,0,600,0,0,0,0,-8,1
D,162355,1,600,0,0,0,600,0,0,0,0,-8,1
D,162365,1,600,0,0,0,600,0,0,0,0,-8,1
D,162375,1,600,0,0,0,600,0,0,0,0,-8,1
D,162385,1,600,0,0,0,600,0,0,0,0,-8,1
D,162395,1,600,0,0,0,600,0,0,0,0,-8,1
D,162405,1,600,0,0,0,600,0,0,0,0,-8,1
D,162415,1,600,0,0,0,600,0,0,0,0,-8,1
D,162425,1,600,0,0,0,600,0,0,0,0,-8,1
D,162435,1,600,0,0,0,600,0,0,0,0,-8,1
D,162445,1,600,0,0,0,600,0,0,0,0,-8,1
D,162455,1,600,0,0,0,600,0,0,0,0,-8,1
D,162465,1,600,0,0,0,600,0,0,0,0,-8,1
D,162475,1,600,0,0,0,600,0,0,0,0,-8,1
D,162485,1,600,0,0,0,600,0,0,0,0,-8,1
D,162495,1,600,0,0,0,600,0,0,0,0,-8,1
D,162505,1,600,0,0,0,600,0,0,0,0,-8,1
D,162515,1,600,0,0,0,600,0,0,0,0,-8,1
D,162525,1,600,0,0,0,600,0,0,0,0,-8,1
D,162535,1,600,0,0,0,600,0,0,0,0,-8,1
D,162545,1,600,0,0,0,600,0,0,0,0,-8,1
D,162555,1,600,0,0,0,600,0,0,0,0,-8,1
D,162565,1,600,0,0,0,600,0,0,0,0,-8,1
D,162575,1,600,0,0,0,600,0,0,0,0,-8,1
D,162585,1,600,0,0,0,600,0,0,0,0,-8,1
D,162595,1,600,0,0,0,600,0,0,0,0,-8,1
D,162605,1,600,0,0,0,600,0,0,0,0,-8,1
D,162615,1,600,0,0,0,600,0,0,0,0,-8,1
D,162625,1,600,0,0,0,600,0,0,0,0,-8,1
D,162635,1,600,0,0,0,600,0,0,0,0,-8,1
D,162645,1,600,0,0,0,600,0,0,0,0,-8,1
D,162655,1,600,0,0,0,600,0,0,0,0,-8,1
D,162665,1,600,0,0,0,600,0,0,0,0,-8,1
D,162675,1,600,0,0,0,600,0,0,0,0,-8,1
D,162685,1,600,0,0,0,600,0,0,0,0,-8,1
D,162695,1,600,0,0,0,600,0,0,0,0,-8,1
D,162705,1,600,0,0,0,600,0,0,0,0,-8,1
D,162715,1,600,0,0,0,600,0,0,0,0,-8,1
D,162725,1,600,0,0,0,600,0,0,0,0,-8,1
D,162735,1,600,0,0,0,600,0,0,0,0,-8,1
D,162745,1,600,0,0,0,600,0,0,0,0,-8,1
D,162755,1,600,0,0,0,600,0,0,0,0,-8,1
D,162765,1,600,0,0,0,600,0,0,0,0,-8,1
D,162775,1,600,0,0,0,600,0,0,0,0,-8,1
D,162785,1,600,0,0,0,600,0,0,0,0,-8,1
D,162795,1,600,0,0,0,600,0,0,0,0,-8,1
D,162805,1,600,0,0,0,600,0,0,0,0,-8,1
D,162815,1,600,0,0,0,600,0,0,0,0,-8,1
D,162825,1,600,0,0,0,600,0,0,0,0,-8,1
D,162835,1,600,0,0,0,600,0,0,0,0,-8,1
D,162845,1,600,0,0,0,600,0,0,0,0,-8,1
D,162855,1,600,0,0,0,600,0,0,0,0,-8,1
D,162865,1,600,0,0,0,600,0,0,0,0,-8,1
D,162875,1,600,0,0,0,600,0,0,0,0,-8,1
D,162885,1,600,0,0,0,600,0,0,0,0,-8,1
D,162895,1,600,0,0,0,600,0,0,0,0,-8,1
D,162905,1,600,0,0,0,600,0,0,0,0,-8,1
D,162915,1,600,0,0,0,600,0,0,0,0,-8,1
D,162925,1,600,0,0,0,600,0,0,0,0,-8,1
D,162935,1,600,0,0,0,600,0,0,0,0,-8,1
D,162945,1,600,0,0,0,600,0,0,0,0,-8,1
D,162955,1,600,0,0,0,600,0,0,0,0,-8,1
D,162965,1,600,0,0,0,600,0,0,0,0,-8,1
D,162975,1,600,0,0,0,600,0,0,0,0,-8,1
D,162985,1,600,0,0,0,600,0,0,0,0,-8,1
D,162995,1,600,0,0,0,600,0,0,0,0,-8,1
D,163005,1,600,0,0,0,600,0,0,0,0,-8,1
D,163015,1,600,0,0,0,600,0,0,0,0,-8,1
D,163025,1,600,0,0,0,600,0,0,0,0,-8,1
D,163035,1,600,0,0,0,600,0,0,0,0,-8,1
D,163045,1,600,0,0,0,600,0,0,0,0,-8,1
D,163055,1,600,0,0,0,600,0,0,0,0,-8,1
D,163065,1,600,0,0,0,600,0,0,0,0,-8,1
D,163075,1,600,0,0,0,600,0,0,0,0,-8,1
D,163085,1,600,0,0,0,600,0,0,0,0,-8,1
D,163095,1,600,0,0,0,600,0,0,0,0,-8,1
D,163105,1,600,0,0,0,600,0,0,0,0,-8,1
D,163115,1,600,0,0,0,600,0,0,0,0,-8,1
D,163125,1,600,0,0,0,600,0,0,0,0,-8,1
D,163135,1,600,0,0,0,600,0,0,0,0,-8,1
D,163145,1,600,0,0,0,600,0,0,0,0,-8,1
D,163155,1,600,0,0,0,600,0,0,0,0,-8,1
D,163165,1,600,0,0,0,600,0,0,0,0,-8,1
D,163175,1,600,0,0,0,600,0,0,0,0,-8,1
D,163185,1,600,0,0,0,600,0,0,0,0,-8,1
D,163195,1,600,0,0,0,600,0,0,0,0,-8,1
D,163205,1,600,0,0,0,600,0,0,0,0,-8,1
D,163215,1,600,0,0,0,600,0,0,0,0,-8,1
D,163225,1,600,0,0,0,600,0,0,0,0,-8,1
D,163235,1,600,0,0,0,600,0,0,0,0,-8,1
D,163245,1,600,0,0,0,600,0,0,0,0,-8,1
D,163255,1,600,0,0,0,600,0,0,0,0,-8,1
D,163265,1,600,0,0,0,600,0,0,0,0,-8,1
D,163275,1,600,0,0,0,600,0,0,0,0,-8,1
D,163285,1,600,0,0,0,600,0,0,0,0,-8,1
D,163295,1,600,0,0,0,600,0,0,0,0,-8,1
D,163305,1,600,0,0,0,600,0,0,0,0,-8,1
D,163315,1,600,0,0,0,600,0,0,0,0,-8,1
D,163325,1,600,0,0,0,600,0,0,0,0,-8,1
D,163335,1,600,0,0,0,600,0,0,0,0,-8,1
D,163345,1,600,0,0,0,600,0,0,0,0,-8,1
D,163355,1,600,0,0,0,600,0,0,0,0,-8,1
D,163365,1,600,0,0,0,600,0,0,0,0,-8,1
D,163375,1,600,0,0,0,600,0,0,0,0,-8,1
D,163385,1,600,0,0,0,600,0,0,0,0,-8,1
D,163395,1,600,0,0,0,600,0,0,0,0,-8,1
D,163405,1,600,0,0,0,600,0,0,0,0,-8,1
D,163415,1,600,0,0,0,600,0,0,0,0,-8,1
D,163425,1,600,0,0,0,600,0,0,0,0,-8,1
D,163435,1,600,0,0,0,600,0,0,0,0,-8,1
D,163445,1,600,0,0,0,600,0,0,0,0,-8,1
D,163455,1,600,0,0,0,600,0,0,0,0,-8,1
D,163465,1,600,0,0,0,600,0,0,0,0,-8,1
D,163475,1,600,0,0,0,600,0,0,0,0,-8,1
D,163485,1,600,0,0,0,600,0,0,0,0,-8,1
D,163495,1,600,0,0,0,600,0,0,0,0,-8,1
D,163505,1,600,0,0,0,600,0,0,0,0,-8,1
D,163515,1,600,0,0,0,600,0,0,0,0,-8,1
D,163525,1,600,0,0,0,600,0,0,0,0,-8,1
D,163535,1,600,0,0,0,600,0,0,0,0,-8,1
D,163545,1,600,0,0,0,600,0,0,0,0,-8,1
D,163555,1,600,0,0,0,600,0,0,0,0,-8,1
D,163565,1,600,0,0,0,600,0,0,0,0,-8,1
D,163575,1,600,0,0,0,600,0,0,0,0,-8,1
D,163585,1,600,0,0,0,600,0,0,0,0,-8,1
D,163595,1,600,0,0,0,600,0,0,0,0,-8,1
D,163605,1,600,0,0,0,600,0,0,0,0,-8,1
D,163615,1,600,0,0,0,600,0,0,0,0,-8,1
D,163625,1,600,0,0,0,600,0,0,0,0,-8,1
D,163635,1,600,0,0,0,600,0,0,0,0,-8,1
D,163645,1,600,0,0,0,600,0,0,0,0,-8,1
D,163655,1,600,0,0,0,600,0,0,0,0,-8,1
D,163665,1,600,0,0,0,600,0,0,0,0,-8,1
D,163675,1,600,0,0,0,600,0,0,0,0,-8,1
D,163685,1,600,0,0,0,600,0,0,0,0,-8,1
D,163695,1,600,0,0,0,600,0,0,0,0,-8,1
D,163705,1,600,0,0,0,600,0,0,0,0,-8,1
D,163715,1,600,0,0,0,600,0,0,0,0,-8,1
D,163725,1,600,0,0,0,600,0,0,0,0,-8,1
D,163735,1,600,0,0,0,600,0,0,0,0,-8,1
D,163745,1,600,0,0,0,600,0,0,0,0,-8,1
D,163755,1,600,0,0,0,600,0,0,0,0,-8,1
D,163765,1,600,0,0,0,600,0,0,0,0,-8,1
D,163775,1,600,0,0,0,600,0,0,0,0,-8,1
D,163785,1,600,0,0,0,600,0,0,0,0,-8,1
D,163795,1,600,0,0,0,600,0,0,0,0,-8,1
D,163805,1,600,0,0,0,600,0,0,0,0,-8,1
D,163815,1,600,0,0,0,600,0,0,0,0,-8,1
D,163825,1,600,0,0,0,600,0,0,0,0,-8,1
D,163835,1,600,0,0,0,600,0,0,0,0,-8,1
D,163845,1,600,0,0,0,600,0,0,0,0,-8,1
D,163855,1,600,0,0,0,600,0,0,0,0,-8,1
D,163865,1,600,0,0,0,600,0,0,0,0,-8,1
D,163875,1,600,0,0,0,600,0,0,0,0,-8,1
D,163885,1,600,0,0,0,600,0,0,0,0,-8,1
D,163895,1,600,0,0,0,600,0,0,0,0,-8,1
D,163905,1,600,0,0,0,600,0,0,0,0,-8,1
D,163915,1,600,0,0,0,600,0,0,0,0,-8,1
D,163925,1,600,0,0,0,600,0,0,0,0,-8,1
D,163935,1,600,0,0,0,600,0,0,0,0,-8,1
D,163945,1,600,0,0,0,600,0,0,0,0,-8,1
D,163955,1,600,0,0,0,600,0,0,0,0,-8,1
D,163965,1,600,0,0,0,600,0,0,0,0,-8,1
D,163975,1,600,0,0,0,600,0,0,0,0,-8,1
D,163985,1,600,0,0,0,600,0,0,0,0,-8,1
D,163995,1,600,0,0,0,600,0,0,0,0,-8,1
D,164005,1,600,0,0,0,600,0,0,0,0,-8,1
D,164015,1,600,0,0,0,600,0,0,0,0,-8,1
D,164025,1,600,0,0,0,600,0,0,0,0,-8,1
D,164035,1,600,0,0,0,600,0,0,0,0,-8,1
D,164045,1,600,0,0,0,600,0,0,0,0,-8,1
D,164055,1,600,0,0,0,600,0,0,0,0,-8,1
D,164065,1,600,0,0,0,600,0,0,0,0,-8,1
D,164075,1,600,0,0,0,600,0,0,0,0,-8,1
D,164085,1,600,0,0,0,600,0,0,0,0,-8,1
D,164095,1,600,0,0,0,600,0,0,0,0,-8,1
D,164105,1,600,0,0,0,600,0,0,0,0,-8,1
D,164115,1,600,0,0,0,600,0,0,0,0,-8,1
D,164125,1,600,0,0,0,600,0,0,0,0,-8,1
D,164135,1,600,0,0,0,600,0,0,0,0,-8,1
D,164145,1,600,0,0,0,600,0,0,0,0,-8,1
D,164155,1,600,0,0,0,600,0,0,0,0,-8,1
D,164165,1,600,0,0,0,600,0,0,0,0,-8,1
D,164175,1,600,0,0,0,600,0,0,0,0,-8,1
D,164185,1,600,0,0,0,600,0,0,0,0,-8,1
D,164195,1,600,0,0,0,600,0,0,0,0,-8,1
D,164205,1,600,0,0,0,600,0,0,0,0,-8,1
D,164215,1,600,0,0,0,600,0,0,0,0,-8,1
D,164225,1,600,0,0,0,600,0,0,0,0,-8,1
D,164235,1,600,0,0,0,600,0,0,0,0,-8,1
D,164245,1,600,0,0,0,600,0,0,0,0,-8,1
D,164255,1,600,0,0,0,600,0,0,0,0,-8,1
D,164265,1,600,0,0,0,600,0,0,0,0,-8,1
D,164275,1,600,0,0,0,600,0,0,0,0,-8,1
D,164285,1,600,0,0,0,600,0,0,0,0,-8,1
D,164295,1,600,0,0,0,600,0,0,0,0,-8,1
D,164305,1,600,0,0,0,600,0,0,0,0,-8,1
D,164315,1,600,0,0,0,600,0,0,0,0,-8,1
D,164325,1,600,0,0,0,600,0,0,0,0,-8,1
D,164335,1,600,0,0,0,600,0,0,0,0,-8,1
D,164345,1,600,0,0,0,600,0,0,0,0,-8,1
D,164355,1,600,0,0,0,600,0,0,0,0,-8,1
D,164365,1,600,0,0,0,600,0,0,0,0,-8,1
D,164375,1,600,0,0,0,600,0,0,0,0,-8,1
D,164385,1,600,0,0,0,600,0,0,0,0,-8,1
D,164395,1,600,0,0,0,600,0,0,0,0,-8,1
D,164405,1,600,0,0,0,600,0,0,0,0,-8,1
D,164415,1,600,0,0,0,600,0,0,0,0,-8,1
D,164425,1,600,0,0,0,600,0,0,0,0,-8,1
D,164435,1,600,0,0,0,600,0,0,0,0,-8,1
D,164445,1,600,0,0,0,600,0,0,0,0,-8,1
D,164455,1,600,0,0,0,600,0,0,0,0,-8,1
D,164465,1,600,0,0,0,600,0,0,0,0,-8,1
D,164475,1,600,0,0,0,600,0,0,0,0,-8,1
D,164485,1,600,0,0,0,600,0,0,0,0,-8,1
D,164495,1,600,0,0,0,600,0,0,0,0,-8,1
D,164505,1,600,0,0,0,600,0,0,0,0,-8,1
D,164515,1,600,0,0,0,600,0,0,0,0,-8,1
D,164525,1,600,0,0,0,600,0,0,0,0,-8,1
D,164535,1,600,0,0,0,600,0,0,0,0,-8,1
D,164545,1,600,0,0,0,600,0,0,0,0,-8,1
D,164555,1,600,0,0,0,600,0,0,0,0,-8,1
D,164565,1,600,0,0,0,600,0,0,0,0,-8,1
D,164575,1,600,0,0,0,600,0,0,0,0,-8,1
D,164585,1,600,0,0,0,600,0,0,0,0,-8,1
D,164595,1,600,0,0,0,600,0,0,0,0,-8,1
D,164605,1,600,0,0,0,600,0,0,0,0,-8,1
D,164615,1,600,0,0,0,600,0,0,0,0,-8,1
D,164625,1,600,0,0,0,600,0,0,0,0,-8,1
D,164635,1,600,0,0,0,600,0,0,0,0,-8,1
D,164645,1,600,0,0,0,600,0,0,0,0,-8,1
D,164655,1,600,0,0,0,600,0,0,0,0,-8,1
D,164665,1,600,0,0,0,600,0,0,0,0,-8,1
D,164675,1,600,0,0,0,600,0,0,0,0,-8,1
D,164685,1,600,0,0,0,600,0,0,0,0,-8,1
D,164695,1,600,0,0,0,600,0,0,0,0,-8,1
D,164705,1,600,0,0,0,600,0,0,0,0,-8,1
D,164715,1,600,0,0,0,600,0,0,0,0,-8,1
D,164725,1,600,0,0,0,600,0,0,0,0,-8,1
D,164735,1,600,0,0,0,600,0,0,0,0,-8,1
D,164745,1,600,0,0,0,600,0,0,0,0,-8,1
D,164755,1,600,0,0,0,600,0,0,0,0,-8,1
D,164765,1,600,0,0,0,600,0,0,0,0,-8,1
D,164775,1,600,0,0,0,600,0,0,0,0,-8,1
D,164785,1,600,0,0,0,600,0,0,0,0,-8,1
D,164795,1,600,0,0,0,600,0,0,0,0,-8,1
D,164805,1,600,0,0,0,600,0,0,0,0,-8,1
D,164815,1,600,0,0,0,600,0,0,0,0,-8,1
D,164825,1,600,0,0,0,600,0,0,0,0,-8,1
D,164835,1,600,0,0,0,600,0,0,0,0,-8,1
D,164845,1,600,0,0,0,600,0,0,0,0,-8,1
D,164855,1,600,0,0,0,600,0,0,0,0,-8,1
D,164865,1,600,0,0,0,600,0,0,0,0,-8,1
D,164875,1,600,0,0,0,600,0,0,0,0,-8,1
D,164885,1,600,0,0,0,600,0,0,0,0,-8,1
D,164895,1,600,0,0,0,600,0,0,0,0,-8,1
D,164905,1,600,0,0,0,600,0,0,0,0,-8,1
D,164915,1,600,0,0,0,600,0,0,0,0,-8,1
D,164925,1,600,0,0,0,600,0,0,0,0,-8,1
D,164935,1,600,0,0,0,600,0,0,0,0,-8,1
D,164945,1,600,0,0,0,600,0,0,0,0,-8,1
D,164955,1,600,0,0,0,600,0,0,0,0,-8,1
D,164965,1,600,0,0,0,600,0,0,0,0,-8,1
D,164975,1,600,0,0,0,600,0,0,0,0,-8,1
D,164985,1,600,0,0,0,600,0,0,0,0,-8,1
D,164995,1,600,0,0,0,600,0,0,0,0,-8,1
D,165005,1,600,0,0,0,600,0,0,0,0,-8,1
D,165015,1,600,0,0,0,600,0,0,0,0,-8,1
D,165025,1,600,0,0,0,600,0,0,0,0,-8,1
D,165035,1,600,0,0,0,600,0,0,0,0,-8,1
D,165045,1,600,0,0,0,600,0,0,0,0,-8,1
D,165055,1,600,0,0,0,600,0,0,0,0,-8,1
D,165065,1,600,0,0,0,600,0,0,0,0,-8,1
D,165075,1,600,0,0,0,600,0,0,0,0,-8,1
D,165085,1,600,0,0,0,600,0,0,0,0,-8,1
D,165095,1,600,0,0,0,600,0,0,0,0,-8,1
D,165105,1,600,0,0,0,600,0,0,0,0,-8,1
D,165115,1,600,0,0,0,600,0,0,0,0,-8,1
D,165125,1,600,0,0,0,600,0,0,0,0,-8,1
D,165135,1,600,0,0,0,600,0,0,0,0,-8,1
D,165145,1,600,0,0,0,600,0,0,0,0,-8,1
D,165155,1,600,0,0,0,600,0,0,0,0,-8,1
D,165165,1,600,0,0,0,600,0,0,0,0,-8,1
D,165175,1,600,0,0,0,600,0,0,0,0,-8,1
D,165185,1,600,0,0,0,600,0,0,0,0,-8,1
D,165195,1,600,0,0,0,600,0,0,0,0,-8,1
D,165205,1,600,0,0,0,600,0,0,0,0,-8,1
D,165215,1,600,0,0,0,600,0,0,0,0,-8,1
D,165225,1,600,0,0,0,600,0,0,0,0,-8,1
D,165235,1,600,0,0,0,600,0,0,0,0,-8,1
D,165245,1,600,0,0,0,600,0,0,0,0,-8,1
D,165255,1,600,0,0,0,600,0,0,0,0,-8,1
D,165265,1,600,0,0,0,600,0,0,0,0,-8,1
D,165275,1,600,0,0,0,600,0,0,0,0,-8,1
D,165285,1,600,0,0,0,600,0,0,0,0,-8,1
D,165295,1,600,0,0,0,600,0,0,0,0,-8,1
D,165305,1,600,0,0,0,600,0,0,0,0,-8,1
D,165315,1,600,0,0,0,600,0,0,0,0,-8,1
D,165325,1,600,0,0,0,600,0,0,0,0,-8,1
D,165335,1,600,0,0,0,600,0,0,0,0,-8,1
D,165345,1,600,0,0,0,600,0,0,0,0,-8,1
D,165355,1,600,0,0,0,600,0,0,0,0,-8,1
D,165365,1,600,0,0,0,600,0,0,0,0,-8,1
D,165375,1,600,0,0,0,600,0,0,0,0,-8,1
D,165385,1,600,0,0,0,600,0,0,0,0,-8,1
D,165395,1,600,0,0,0,600,0,0,0,0,-8,1
D,165405,1,600,0,0,0,600,0,0,0,0,-8,1
D,165417,0,0,0,0,0,0,0,0,0,0,-8,1
D,165425,0,0,0,0,0,0,0,0,0,0,-8,1
D,165435,0,0,0,0,0,0,0,0,0,0,-8,1
D,165445,0,0,0,0,0,0,0,0,0,0,-8,1
D,165455,0,0,0,0,0,0,0,0,0,0,-8,1
D,165465,0,0,0,0,0,0,0,0,0,0,-8,1
D,165475,0,0,0,0,0,0,0,0,0,0,-8,1
D,165485,0,0,0,0,0,0,0,0,0,0,-8,1
D,165495,0,0,0,0,0,0,0,0,0,0,-8,1
D,165505,0,0,0,0,0,0,0,0,0,0,-8,1
D,165515,0,0,0,0,0,0,0,0,0,0,-8,1
D,165525,0,0,0,0,0,0,0,0,0,0,-8,1
D,165535,0,0,0,0,0,0,0,0,0,0,-8,1
D,165545,0,0,0,0,0,0,0,0,0,0,-8,1
D,165555,0,0,0,0,0,0,0,0,0,0,-8,1
D,165565,0,0,0,0,0,0,0,0,0,0,-8,1
D,165575,0,0,0,0,0,0,0,0,0,0,-8,1
D,165585,0,0,0,0,0,0,0,0,0,0,-8,1
D,165595,0,0,0,0,0,0,0,0,0,0,-8,1
D,165605,0,0,0,0,0,0,0,0,0,0,-8,1
D,165615,0,0,0,0,0,0,0,0,0,0,-8,1
D,165625,0,0,0,0,0,0,0,0,0,0,-8,1
D,165635,0,0,0,0,0,0,0,0,0,0,-8,1
D,165645,0,0,0,0,0,0,0,0,0,0,-8,1
D,165655,0,0,0,0,0,0,0,0,0,0,-8,1
D,165665,0,0,0,0,0,0,0,0,0,0,-8,1
D,165675,0,0,0,0,0,0,0,0,0,0,-8,1
D,165685,0,0,0,0,0,0,0,0,0,0,-8,1
D,165695,0,0,0,0,0,0,0,0,0,0,-8,1
D,165705,0,0,0,0,0,0,0,0,0,0,-8,1
D,165715,0,0,0,0,0,0,0,0,0,0,-8,1
D,165725,0,0,0,0,0,0,0,0,0,0,-8,1
D,165735,0,0,0,0,0,0,0,0,0,0,-8,1
D,165745,0,0,0,0,0,0,0,0,0,0,-8,1
D,165755,0,0,0,0,0,0,0,0,0,0,-8,1
D,165765,0,0,0,0,0,0,0,0,0,0,-8,1
D,165775,0,0,0,0,0,0,0,0,0,0,-8,1
D,165785,0,0,0,0,0,0,0,0,0,0,-8,1
D,165795,0,0,0,0,0,0,0,0,0,0,-8,1
D,165805,0,0,0,0,0,0,0,0,0,0,-8,1
D,165815,0,0,0,0,0,0,0,0,0,0,-8,1
D,165825,0,0,0,0,0,0,0,0,0,0,-8,1
D,165835,0,0,0,0,0,0,0,0,0,0,-8,1
D,165845,0,0,0,0,0,0,0,0,0,0,-8,1
D,165855,0,0,0,0,0,0,0,0,0,0,-8,1
D,165865,0,0,0,0,0,0,0,0,0,0,-8,1
D,165875,0,0,0,0,0,0,0,0,0,0,-8,1
D,165885,0,0,0,0,0,0,0,0,0,0,-8,1
D,165895,0,0,0,0,0,0,0,0,0,0,-8,1
D,165905,0,0,0,0,0,0,0,0,0,0,-8,1
D,165915,0,0,0,0,0,0,0,0,0,0,-8,1
D,165925,0,0,0,0,0,0,0,0,0,0,-8,1
D,165935,0,0,0,0,0,0,0,0,0,0,-8,1
D,165945,0,0,0,0,0,0,0,0,0,0,-8,1
D,165955,0,0,0,0,0,0,0,0,0,0,-8,1
D,165965,0,0,0,0,0,0,0,0,0,0,-8,1
D,165975,0,0,0,0,0,0,0,0,0,0,-8,1
D,165985,0,0,0,0,0,0,0,0,0,0,-8,1
D,165995,0,0,0,0,0,0,0,0,0,0,-8,1
D,166005,0,0,0,0,0,0,0,0,0,0,-8,1
D,166015,0,0,0,0,0,0,0,0,0,0,-8,1
D,166025,0,0,0,0,0,0,0,0,0,0,-8,1
D,166035,0,0,0,0,0,0,0,0,0,0,-8,1
D,166045,0,0,0,0,0,0,0,0,0,0,-8,1
D,166055,0,0,0,0,0,0,0,0,0,0,-8,1
D,166065,0,0,0,0,0,0,0,0,0,0,-8,1
D,166075,0,0,0,0,0,0,0,0,0,0,-8,1
D,166085,0,0,0,0,0,0,0,0,0,0,-8,1
D,166095,0,0,0,0,0,0,0,0,0,0,-8,1
D,166105,0,0,0,0,0,0,0,0,0,0,-8,1
D,166115,0,0,0,0,0,0,0,0,0,0,-8,1
D,166125,0,0,0,0,0,0,0,0,0,0,-8,1
D,166135,0,0,0,0,0,0,0,0,0,0,-8,1
D,166145,0,0,0,0,0,0,0,0,0,0,-8,1
D,166155,0,0,0,0,0,0,0,0,0,0,-8,1
D,166165,0,0,0,0,0,0,0,0,0,0,-8,1
D,166175,0,0,0,0,0,0,0,0,0,0,-8,1
D,166185,0,0,0,0,0,0,0,0,0,0,-8,1
D,166195,0,0,0,0,0,0,0,0,0,0,-8,1
D,166205,0,0,0,0,0,0,0,0,0,0,-8,1
D,166215,0,0,0,0,0,0,0,0,0,0,-8,1
D,166225,0,0,0,0,0,0,0,0,0,0,-8,1
D,166235,0,0,0,0,0,0,0,0,0,0,-8,1
D,166245,0,0,0,0,0,0,0,0,0,0,-8,1
D,166255,0,0,0,0,0,0,0,0,0,0,-8,1
D,166265,0,0,0,0,0,0,0,0,0,0,-8,1
D,166275,0,0,0,0,0,0,0,0,0,0,-8,1
D,166285,0,0,0,0,0,0,0,0,0,0,-8,1
D,166295,0,0,0,0,0,0,0,0,0,0,-8,1
D,166305,0,0,0,0,0,0,0,0,0,0,-8,1
D,166315,0,0,0,0,0,0,0,0,0,0,-8,1
D,166325,0,0,0,0,0,0,0,0,0,0,-8,1
D,166335,0,0,0,0,0,0,0,0,0,0,-8,1
D,166345,0,0,0,0,0,0,0,0,0,0,-8,1
D,166355,0,0,0,0,0,0,0,0,0,0,-8,1
D,166365,0,0,0,0,0,0,0,0,0,0,-8,1
D,166375,0,0,0,0,0,0,0,0,0,0,-8,1
D,166385,0,0,0,0,0,0,0,0,0,0,-8,1
D,166395,0,0,0,0,0,0,0,0,0,0,-8,1
D,166405,0,0,0,0,0,0,0,0,0,0,-8,1
D,166415,0,0,0,0,0,0,0,0,0,0,-8,1
D,166425,0,0,0,0,0,0,0,0,0,0,-8,1
D,166435,0,0,0,0,0,0,0,0,0,0,-8,1
D,166445,0,0,0,0,0,0,0,0,0,0,-8,1
D,166455,0,0,0,0,0,0,0,0,0,0,-8,1
D,166465,0,0,0,0,0,0,0,0,0,0,-8,1
D,166475,0,0,0,0,0,0,0,0,0,0,-8,1
D,166485,0,0,0,0,0,0,0,0,0,0,-8,1
D,166495,0,0,0,0,0,0,0,0,0,0,-8,1
D,166505,0,0,0,0,0,0,0,0,0,0,-8,1
D,166515,0,0,0,0,0,0,0,0,0,0,-8,1
D,166525,0,0,0,0,0,0,0,0,0,0,-8,1
D,166535,0,0,0,0,0,0,0,0,0,0,-8,1
D,166545,0,0,0,0,0,0,0,0,0,0,-8,1
D,166555,0,0,0,0,0,0,0,0,0,0,-8,1
D,166565,0,0,0,0,0,0,0,0,0,0,-8,1
D,166575,0,0,0,0,0,0,0,0,0,0,-8,1
D,166585,0,0,0,0,0,0,0,0,0,0,-8,1
D,166595,0,0,0,0,0,0,0,0,0,0,-8,1
D,166605,0,0,0,0,0,0,0,0,0,0,-8,1
D,166615,0,0,0,0,0,0,0,0,0,0,-8,1
D,166625,0,0,0,0,0,0,0,0,0,0,-8,1
D,166635,0,0,0,0,0,0,0,0,0,0,-8,1
D,166645,0,0,0,0,0,0,0,0,0,0,-8,1
D,166655,0,0,0,0,0,0,0,0,0,0,-8,1
D,166665,0,0,0,0,0,0,0,0,0,0,-8,1
D,166675,0,0,0,0,0,0,0,0,0,0,-8,1
D,166685,0,0,0,0,0,0,0,0,0,0,-8,1
D,166695,0,0,0,0,0,0,0,0,0,0,-8,1
D,166705,0,0,0,0,0,0,0,0,0,0,-8,1
D,166715,0,0,0,0,0,0,0,0,0,0,-8,1
D,166725,0,0,0,0,0,0,0,0,0,0,-8,1
D,166735,0,0,0,0,0,0,0,0,0,0,-8,1
D,166745,0,0,0,0,0,0,0,0,0,0,-8,1
D,166755,0,0,0,0,0,0,0,0,0,0,-8,1
D,166765,0,0,0,0,0,0,0,0,0,0,-8,1
D,166775,0,0,0,0,0,0,0,0,0,0,-8,1
D,166785,0,0,0,0,0,0,0,0,0,0,-8,1
D,166795,0,0,0,0,0,0,0,0,0,0,-8,1
D,166805,0,0,0,0,0,0,0,0,0,0,-8,1
D,166815,0,0,0,0,0,0,0,0,0,0,-8,1
D,166825,0,0,0,0,0,0,0,0,0,0,-8,1
D,166835,0,0,0,0,0,0,0,0,0,0,-8,1
D,166845,0,0,0,0,0,0,0,0,0,0,-8,1
D,166855,0,0,0,0,0,0,0,0,0,0,-8,1
D,166865,0,0,0,0,0,0,0,0,0,0,-8,1
D,166875,0,0,0,0,0,0,0,0,0,0,-8,1
D,166885,0,0,0,0,0,0,0,0,0,0,-8,1
D,166895,0,0,0,0,0,0,0,0,0,0,-8,1
D,166905,0,0,0,0,0,0,0,0,0,0,-8,1
D,166915,0,0,0,0,0,0,0,0,0,0,-8,1
D,166925,0,0,0,0,0,0,0,0,0,0,-8,1
D,166935,0,0,0,0,0,0,0,0,0,0,-8,1
D,166945,0,0,0,0,0,0,0,0,0,0,-8,1
D,166955,0,0,0,0,0,0,0,0,0,0,-8,1
D,166965,0,0,0,0,0,0,0,0,0,0,-8,1
D,166975,0,0,0,0,0,0,0,0,0,0,-8,1
D,166985,0,0,0,0,0,0,0,0,0,0,-8,1
D,166995,0,0,0,0,0,0,0,0,0,0,-8,1
D,167005,0,0,0,0,0,0,0,0,0,0,-8,1
D,167015,0,0,0,0,0,0,0,0,0,0,-8,1
D,167025,0,0,0,0,0,0,0,0,0,0,-8,1
D,167035,0,0,0,0,0,0,0,0,0,0,-8,1
D,167045,0,0,0,0,0,0,0,0,0,0,-8,1
D,167055,0,0,0,0,0,0,0,0,0,0,-8,1
D,167065,0,0,0,0,0,0,0,0,0,0,-8,1
D,167075,0,0,0,0,0,0,0,0,0,0,-8,1
D,167085,0,0,0,0,0,0,0,0,0,0,-8,1
D,167095,0,0,0,0,0,0,0,0,0,0,-8,1
D,167105,0,0,0,0,0,0,0,0,0,0,-8,1
D,167115,0,0,0,0,0,0,0,0,0,0,-8,1
D,167125,0,0,0,0,0,0,0,0,0,0,-8,1
D,167135,0,0,0,0,0,0,0,0,0,0,-8,1
D,167145,0,0,0,0,0,0,0,0,0,0,-8,1
D,167155,0,0,0,0,0,0,0,0,0,0,-8,1
D,167165,0,0,0,0,0,0,0,0,0,0,-8,1
D,167175,0,0,0,0,0,0,0,0,0,0,-8,1
D,167185,0,0,0,0,0,0,0,0,0,0,-8,1
D,167195,0,0,0,0,0,0,0,0,0,0,-8,1
D,167205,0,0,0,0,0,0,0,0,0,0,-8,1
D,167215,0,0,0,0,0,0,0,0,0,0,-8,1
D,167225,0,0,0,0,0,0,0,0,0,0,-8,1
D,167235,0,0,0,0,0,0,0,0,0,0,-8,1
D,167245,0,0,0,0,0,0,0,0,0,0,-8,1
D,167255,0,0,0,0,0,0,0,0,0,0,-8,1
D,167265,0,0,0,0,0,0,0,0,0,0,-8,1
D,167275,0,0,0,0,0,0,0,0,0,0,-8,1
D,167285,0,0,0,0,0,0,0,0,0,0,-8,1
D,167295,0,0,0,0,0,0,0,0,0,0,-8,1
D,167305,0,0,0,0,0,0,0,0,0,0,-8,1
D,167315,0,0,0,0,0,0,0,0,0,0,-8,1
D,167325,0,0,0,0,0,0,0,0,0,0,-8,1
D,167335,0,0,0,0,0,0,0,0,0,0,-8,1
D,167345,0,0,0,0,0,0,0,0,0,0,-8,1
D,167355,0,0,0,0,0,0,0,0,0,0,-8,1
D,167365,0,0,0,0,0,0,0,0,0,0,-8,1
D,167375,0,0,0,0,0,0,0,0,0,0,-8,1
D,167385,0,0,0,0,0,0,0,0,0,0,-8,1
D,167395,0,0,0,0,0,0,0,0,0,0,-8,1
D,167405,0,0,0,0,0,0,0,0,0,0,-8,1
D,167415,0,0,0,0,0,0,0,0,0,0,-8,1
D,167425,0,0,0,0,0,0,0,0,0,0,-8,1
D,167435,0,0,0,0,0,0,0,0,0,0,-8,1
D,167445,0,0,0,0,0,0,0,0,0,0,-8,1
D,167455,0,0,0,0,0,0,0,0,0,0,-8,1
D,167465,0,0,0,0,0,0,0,0,0,0,-8,1
D,167475,0,0,0,0,0,0,0,0,0,0,-8,1
D,167485,0,0,0,0,0,0,0,0,0,0,-8,1
D,167495,0,0,0,0,0,0,0,0,0,0,-8,1
D,167505,0,0,0,0,0,0,0,0,0,0,-8,1
D,167515,0,0,0,0,0,0,0,0,0,0,-8,1
D,167525,0,0,0,0,0,0,0,0,0,0,-8,1
D,167535,0,0,0,0,0,0,0,0,0,0,-8,1
D,167545,0,0,0,0,0,0,0,0,0,0,-8,1
D,167555,0,0,0,0,0,0,0,0,0,0,-8,1
D,167565,0,0,0,0,0,0,0,0,0,0,-8,1
D,167575,0,0,0,0,0,0,0,0,0,0,-8,1
D,167585,0,0,0,0,0,0,0,0,0,0,-8,1
D,167595,0,0,0,0,0,0,0,0,0,0,-8,1
D,167605,0,0,0,0,0,0,0,0,0,0,-8,1
D,167615,0,0,0,0,0,0,0,0,0,0,-8,1
D,167625,0,0,0,0,0,0,0,0,0,0,-8,1
D,167635,0,0,0,0,0,0,0,0,0,0,-8,1
D,167645,0,0,0,0,0,0,0,0,0,0,-8,1
D,167655,0,0,0,0,0,0,0,0,0,0,-8,1
D,167665,0,0,0,0,0,0,0,0,0,0,-8,1
D,167675,0,0,0,0,0,0,0,0,0,0,-8,1
D,167685,0,0,0,0,0,0,0,0,0,0,-8,1
D,167695,0,0,0,0,0,0,0,0,0,0,-8,1
D,167705,0,0,0,0,0,0,0,0,0,0,-8,1
D,167715,0,0,0,0,0,0,0,0,0,0,-8,1
D,167725,0,0,0,0,0,0,0,0,0,0,-8,1
D,167735,0,0,0,0,0,0,0,0,0,0,-8,1
D,167745,0,0,0,0,0,0,0,0,0,0,-8,1
D,167755,0,0,0,0,0,0,0,0,0,0,-8,1
D,167765,0,0,0,0,0,0,0,0,0,0,-8,1
D,167775,0,0,0,0,0,0,0,0,0,0,-8,1
D,167785,0,0,0,0,0,0,0,0,0,0,-8,1
D,167795,0,0,0,0,0,0,0,0,0,0,-8,1
D,167805,0,0,0,0,0,0,0,0,0,0,-8,1
D,167815,0,0,0,0,0,0,0,0,0,0,-8,1
D,167825,0,0,0,0,0,0,0,0,0,0,-8,1
D,167835,0,0,0,0,0,0,0,0,0,0,-8,1
D,167845,0,0,0,0,0,0,0,0,0,0,-8,1
D,167855,0,0,0,0,0,0,0,0,0,0,-8,1
D,167865,0,0,0,0,0,0,0,0,0,0,-8,1
D,167875,0,0,0,0,0,0,0,0,0,0,-8,1
D,167885,0,0,0,0,0,0,0,0,0,0,-8,1
D,167895,0,0,0,0,0,0,0,0,0,0,-8,1
D,167905,0,0,0,0,0,0,0,0,0,0,-8,1
D,167915,0,0,0,0,0,0,0,0,0,0,-8,1
D,167925,0,0,0,0,0,0,0,0,0,0,-8,1
D,167935,0,0,0,0,0,0,0,0,0,0,-8,1
D,167945,0,0,0,0,0,0,0,0,0,0,-8,1
D,167955,0,0,0,0,0,0,0,0,0,0,-8,1
D,167965,0,0,0,0,0,0,0,0,0,0,-8,1
D,167975,0,0,0,0,0,0,0,0,0,0,-8,1
D,167985,0,0,0,0,0,0,0,0,0,0,-8,1
D,167995,0,0,0,0,0,0,0,0,0,0,-8,1
D,168005,0,0,0,0,0,0,0,0,0,0,-8,1
D,168015,0,0,0,0,0,0,0,0,0,0,-8,1
D,168025,0,0,0,0,0,0,0,0,0,0,-8,1
D,168035,0,0,0,0,0,0,0,0,0,0,-8,1
D,168045,0,0,0,0,0,0,0,0,0,0,-8,1
D,168055,0,0,0,0,0,0,0,0,0,0,-8,1
D,168065,0,0,0,0,0,0,0,0,0,0,-8,1
D,168075,0,0,0,0,0,0,0,0,0,0,-8,1
D,168085,0,0,0,0,0,0,0,0,0,0,-8,1
D,168095,0,0,0,0,0,0,0,0,0,0,-8,1
D,168105,0,0,0,0,0,0,0,0,0,0,-8,1
D,168115,0,0,0,0,0,0,0,0,0,0,-8,1
D,168125,0,0,0,0,0,0,0,0,0,0,-8,1
D,168135,0,0,0,0,0,0,0,0,0,0,-8,1
D,168145,0,0,0,0,0,0,0,0,0,0,-8,1
D,168155,0,0,0,0,0,0,0,0,0,0,-8,1
D,168165,0,0,0,0,0,0,0,0,0,0,-8,1
D,168175,0,0,0,0,0,0,0,0,0,0,-8,1
D,168185,0,0,0,0,0,0,0,0,0,0,-8,1
D,168195,0,0,0,0,0,0,0,0,0,0,-8,1
D,168205,0,0,0,0,0,0,0,0,0,0,-8,1
D,168215,0,0,0,0,0,0,0,0,0,0,-8,1
D,168225,0,0,0,0,0,0,0,0,0,0,-8,1
D,168235,0,0,0,0,0,0,0,0,0,0,-8,1
D,168245,0,0,0,0,0,0,0,0,0,0,-8,1
D,168255,0,0,0,0,0,0,0,0,0,0,-8,1
D,168265,0,0,0,0,0,0,0,0,0,0,-8,1
D,168275,0,0,0,0,0,0,0,0,0,0,-8,1
D,168285,0,0,0,0,0,0,0,0,0,0,-8,1
D,168295,0,0,0,0,0,0,0,0,0,0,-8,1
D,168305,0,0,0,0,0,0,0,0,0,0,-8,1
D,168315,0,0,0,0,0,0,0,0,0,0,-8,1
D,168325,0,0,0,0,0,0,0,0,0,0,-8,1
D,168335,0,0,0,0,0,0,0,0,0,0,-8,1
D,168345,0,0,0,0,0,0,0,0,0,0,-8,1
D,168355,0,0,0,0,0,0,0,0,0,0,-8,1
D,168365,0,0,0,0,0,0,0,0,0,0,-8,1
D,168375,0,0,0,0,0,0,0,0,0,0,-8,1
D,168385,0,0,0,0,0,0,0,0,0,0,-8,1
D,168395,0,0,0,0,0,0,0,0,0,0,-8,1
D,168405,0,0,0,0,0,0,0,0,0,0,-8,1
D,168415,0,0,0,0,0,0,0,0,0,0,-8,1
D,168425,0,0,0,0,0,0,0,0,0,0,-8,1
D,168435,0,0,0,0,0,0,0,0,0,0,-8,1
D,168445,0,0,0,0,0,0,0,0,0,0,-8,1
D,168455,0,0,0,0,0,0,0,0,0,0,-8,1
D,168465,0,0,0,0,0,0,0,0,0,0,-8,1
D,168475,0,0,0,0,0,0,0,0,0,0,-8,1
D,168485,0,0,0,0,0,0,0,0,0,0,-8,1
D,168495,0,0,0,0,0,0,0,0,0,0,-8,1
D,168505,0,0,0,0,0,0,0,0,0,0,-8,1
D,168515,0,0,0,0,0,0,0,0,0,0,-8,1
D,168525,0,0,0,0,0,0,0,0,0,0,-8,1
D,168535,0,0,0,0,0,0,0,0,0,0,-8,1
D,168545,0,0,0,0,0,0,0,0,0,0,-8,1
D,168555,0,0,0,0,0,0,0,0,0,0,-8,1
D,168565,0,0,0,0,0,0,0,0,0,0,-8,1
D,168575,0,0,0,0,0,0,0,0,0,0,-8,1
D,168585,0,0,0,0,0,0,0,0,0,0,-8,1
D,168595,0,0,0,0,0,0,0,0,0,0,-8,1
D,168605,0,0,0,0,0,0,0,0,0,0,-8,1
D,168615,0,0,0,0,0,0,0,0,0,0,-8,1
D,168625,0,0,0,0,0,0,0,0,0,0,-8,1
D,194485,0,0,0,0,0,0,0,0,0,0,-8,1
D,194495,0,0,0,0,0,0,0,0,0,0,-8,1
D,194505,0,0,0,0,0,0,0,0,0,0,-8,1
D,194515,0,0,0,0,0,0,0,0,0,0,-8,1
D,194525,0,0,0,0,0,0,0,0,0,0,-8,1
D,194535,0,0,0,0,0,0,0,0,0,0,-8,1
D,194545,0,0,0,0,0,0,0,0,0,0,-8,1
D,194555,0,0,0,0,0,0,0,0,0,0,-8,1
D,194565,0,0,0,0,0,0,0,0,0,0,-8,1
D,194575,0,0,0,0,0,0,0,0,0,0,-8,1
D,194585,0,0,0,0,0,0,0,0,0,0,-8,1
D,194595,0,0,0,0,0,0,0,0,0,0,-8,1
D,194605,0,0,0,0,0,0,0,0,0,0,-8,1
D,194615,0,0,0,0,0,0,0,0,0,0,-8,1
D,194625,0,0,0,0,0,0,0,0,0,0,-8,1
D,194635,0,0,0,0,0,0,0,0,0,0,-8,1
D,194645,0,0,0,0,0,0,0,0,0,0,-8,1
D,194655,0,0,0,0,0,0,0,0,0,0,-8,1
D,194665,0,0,0,0,0,0,0,0,0,0,-8,1
D,194675,0,0,0,0,0,0,0,0,0,0,-8,1
D,194685,0,0,0,0,0,0,0,0,0,0,-8,1
D,194695,0,0,0,0,0,0,0,0,0,0,-8,1
D,194705,0,0,0,0,0,0,0,0,0,0,-8,1
D,194715,0,0,0,0,0,0,0,0,0,0,-8,1
D,194725,0,0,0,0,0,0,0,0,0,0,-8,1
D,194735,0,0,0,0,0,0,0,0,0,0,-8,1
D,194745,0,0,0,0,0,0,0,0,0,0,-8,1
D,194755,0,0,0,0,0,0,0,0,0,0,-8,1
D,194765,0,0,0,0,0,0,0,0,0,0,-8,1
D,194775,0,0,0,0,0,0,0,0,0,0,-8,1
D,194785,0,0,0,0,0,0,0,0,0,0,-8,1
D,194795,0,0,0,0,0,0,0,0,0,0,-8,1
D,194805,0,0,0,0,0,0,0,0,0,0,-8,1
D,194815,0,0,0,0,0,0,0,0,0,0,-8,1
D,194825,0,0,0,0,0,0,0,0,0,0,-8,1
D,194835,0,0,0,0,0,0,0,0,0,0,-8,1
D,194845,0,0,0,0,0,0,0,0,0,0,-8,1
D,194855,0,0,0,0,0,0,0,0,0,0,-8,1
D,194865,0,0,0,0,0,0,0,0,0,0,-8,1
D,194875,0,0,0,0,0,0,0,0,0,0,-8,1
D,194885,0,0,0,0,0,0,0,0,0,0,-8,1
D,194895,0,0,0,0,0,0,0,0,0,0,-8,1
D,194905,0,0,0,0,0,0,0,0,0,0,-8,1
D,194915,0,0,0,0,0,0,0,0,0,0,-8,1
D,194925,0,0,0,0,0,0,0,0,0,0,-8,1
D,194935,0,0,0,0,0,0,0,0,0,0,-8,1
D,194945,0,0,0,0,0,0,0,0,0,0,-8,1
D,194955,0,0,0,0,0,0,0,0,0,0,-8,1
D,194965,0,0,0,0,0,0,0,0,0,0,-8,1
D,194975,0,0,0,0,0,0,0,0,0,0,-8,1
D,194985,0,0,0,0,0,0,0,0,0,0,-8,1
D,194995,0,0,0,0,0,0,0,0,0,0,-8,1
D,195005,0,0,0,0,0,0,0,0,0,0,-8,1
D,195015,0,0,0,0,0,0,0,0,0,0,-8,1
D,195025,0,0,0,0,0,0,0,0,0,0,-8,1
D,195035,0,0,0,0,0,0,0,0,0,0,-8,1
D,195045,0,0,0,0,0,0,0,0,0,0,-8,1
D,195055,0,0,0,0,0,0,0,0,0,0,-8,1
D,195065,0,0,0,0,0,0,0,0,0,0,-8,1
D,195075,0,0,0,0,0,0,0,0,0,0,-8,1
D,195085,0,0,0,0,0,0,0,0,0,0,-8,1
D,195095,0,0,0,0,0,0,0,0,0,0,-8,1
D,195105,0,0,0,0,0,0,0,0,0,0,-8,1
D,195115,0,0,0,0,0,0,0,0,0,0,-8,1
D,195125,0,0,0,0,0,0,0,0,0,0,-8,1
D,195135,0,0,0,0,0,0,0,0,0,0,-8,1
D,195145,0,0,0,0,0,0,0,0,0,0,-8,1
D,195155,0,0,0,0,0,0,0,0,0,0,-8,1
D,195165,0,0,0,0,0,0,0,0,0,0,-8,1
D,195175,0,0,0,0,0,0,0,0,0,0,-8,1
D,195185,0,0,0,0,0,0,0,0,0,0,-8,1
D,195195,0,0,0,0,0,0,0,0,0,0,-8,1
D,195205,0,0,0,0,0,0,0,0,0,0,-8,1
D,195215,0,0,0,0,0,0,0,0,0,0,-8,1
D,195225,0,0,0,0,0,0,0,0,0,0,-8,1
D,195235,0,0,0,0,0,0,0,0,0,0,-8,1
D,195245,0,0,0,0,0,0,0,0,0,0,-8,1
D,195255,0,0,0,0,0,0,0,0,0,0,-8,1
D,195265,0,0,0,0,0,0,0,0,0,0,-8,1
D,195275,0,0,0,0,0,0,0,0,0,0,-8,1
D,195285,0,0,0,0,0,0,0,0,0,0,-8,1
D,195295,0,0,0,0,0,0,0,0,0,0,-8,1
D,195305,0,0,0,0,0,0,0,0,0,0,-8,1
D,195315,0,0,0,0,0,0,0,0,0,0,-8,1
D,195325,0,0,0,0,0,0,0,0,0,0,-8,1
D,195335,0,0,0,0,0,0,0,0,0,0,-8,1
D,195345,0,0,0,0,0,0,0,0,0,0,-8,1
D,195355,0,0,0,0,0,0,0,0,0,0,-8,1
D,195365,0,0,0,0,0,0,0,0,0,0,-8,1
D,195375,0,0,0,0,0,0,0,0,0,0,-8,1
D,195385,0,0,0,0,0,0,0,0,0,0,-8,1
D,195395,0,0,0,0,0,0,0,0,0,0,-8,1
D,195405,0,0,0,0,0,0,0,0,0,0,-8,1
D,195415,0,0,0,0,0,0,0,0,0,0,-8,1
D,195425,0,0,0,0,0,0,0,0,0,0,-8,1
D,195435,0,0,0,0,0,0,0,0,0,0,-8,1
D,195445,1,800,0,0,0,800,0,0,0,0,-8,1
D,195455,1,800,0,0,0,800,0,0,0,0,-8,1
D,195465,1,800,0,0,0,800,0,0,0,0,-8,1
D,195475,1,800,0,0,0,800,0,0,0,0,-8,1
D,195485,1,800,0,0,0,800,0,0,0,0,-8,1
D,195495,1,800,0,0,0,800,0,0,0,0,-8,1
D,195505,1,800,0,0,0,800,0,0,0,0,-8,1
D,195515,1,800,0,0,0,800,0,0,0,0,-8,1
D,195525,1,800,0,0,0,800,0,0,0,0,-8,1
D,195535,1,800,0,0,0,800,0,0,0,0,-8,1
D,195545,1,800,0,0,0,800,0,0,0,0,-8,1
D,195555,1,800,0,0,0,800,0,0,0,0,-8,1
D,195565,1,800,0,0,0,800,0,0,0,0,-8,1
D,195575,1,800,0,0,0,800,0,0,0,0,-8,1
D,195585,1,800,0,0,0,800,0,0,0,0,-8,1
D,195595,1,800,0,0,0,800,0,0,0,0,-8,1
D,195605,1,800,0,0,0,800,0,0,0,0,-8,1
D,195615,1,800,0,0,0,800,0,0,0,0,-8,1
D,195625,1,800,0,0,0,800,0,0,0,0,-8,1
D,195635,1,800,0,0,0,800,0,0,0,0,-8,1
D,195645,1,800,0,0,0,800,0,0,0,0,-8,1
D,195655,1,800,0,0,0,800,0,0,0,0,-8,1
D,195665,1,800,0,0,0,800,0,0,0,0,-8,1
D,195675,1,800,0,0,0,800,0,0,0,0,-8,1
D,195685,1,800,0,0,0,800,0,0,0,0,-8,1
D,195695,1,800,0,0,0,800,0,0,0,0,-8,1
D,195705,1,800,0,0,0,800,0,0,0,0,-8,1
D,195715,1,800,0,0,0,800,0,0,0,0,-8,1
D,195725,1,800,0,0,0,800,0,0,0,0,-8,1
D,195735,1,800,0,0,0,800,0,0,0,0,-8,1
D,195745,1,800,0,0,0,800,0,0,0,0,-8,1
D,195755,1,800,0,0,0,800,0,0,0,0,-8,1
D,195765,1,800,0,0,0,800,0,0,0,0,-8,1
D,195775,1,800,0,0,0,800,0,0,0,0,-8,1
D,195785,1,800,0,0,0,800,0,0,0,0,-8,1
D,195795,1,800,0,0,0,800,0,0,0,0,-8,1
D,195805,1,800,0,0,0,800,0,0,0,0,-8,1
D,195815,1,800,0,0,0,800,0,0,0,0,-8,1
D,195825,1,800,0,0,0,800,0,0,0,0,-8,1
D,195835,1,800,0,0,0,800,0,0,0,0,-8,1
D,195845,1,800,0,0,0,800,0,0,0,0,-8,1
D,195855,1,800,0,0,0,800,0,0,0,0,-8,1
D,195865,1,800,0,0,0,800,0,0,0,0,-8,1
D,195875,1,800,0,0,0,800,0,0,0,0,-8,1
D,195885,1,800,0,0,0,800,0,0,0,0,-8,1
D,195895,1,800,0,0,0,800,0,0,0,0,-8,1
D,195905,1,800,0,0,0,800,0,0,0,0,-8,1
D,195915,1,800,0,0,0,800,0,0,0,0,-8,1
D,195925,1,800,0,0,0,800,0,0,0,0,-8,1
D,195935,1,800,0,0,0,800,0,0,0,0,-8,1
D,195945,1,800,0,0,0,800,0,0,0,0,-8,1
D,195955,1,800,0,0,0,800,0,0,0,0,-8,1
D,195965,1,800,0,0,0,800,0,0,0,0,-8,1
D,195975,1,800,0,0,0,800,0,0,0,0,-8,1
D,195985,1,800,0,0,0,800,0,0,0,0,-8,1
D,195995,1,800,0,0,0,800,0,0,0,0,-8,1
D,196005,1,800,0,0,0,800,0,0,0,0,-8,1
D,196015,1,800,0,0,0,800,0,0,0,0,-8,1
D,196025,1,800,0,0,0,800,0,0,0,0,-8,1
D,196035,1,800,0,0,0,800,0,0,0,0,-8,1
D,196045,1,800,0,0,0,800,0,0,0,0,-8,1
D,196055,1,800,0,0,0,800,0,0,0,0,-8,1
D,196065,1,800,0,0,0,800,0,0,0,0,-8,1
D,196075,1,800,0,0,0,800,0,0,0,0,-8,1
D,196085,1,800,0,0,0,800,0,0,0,0,-8,1
D,196095,1,800,0,0,0,800,0,0,0,0,-8,1
D,196105,1,800,0,0,0,800,0,0,0,0,-8,1
D,196115,1,800,0,0,0,800,0,0,0,0,-8,1
D,196125,1,800,0,0,0,800,0,0,0,0,-8,1
D,196135,1,800,0,0,0,800,0,0,0,0,-8,1
D,196145,1,800,0,0,0,800,0,0,0,0,-8,1
D,196155,1,800,0,0,0,800,0,0,0,0,-8,1
D,196165,1,800,0,0,0,800,0,0,0,0,-8,1
D,196175,1,800,0,0,0,800,0,0,0,0,-8,1
D,196185,1,800,0,0,0,800,0,0,0,0,-8,1
D,196195,1,800,0,0,0,800,0,0,0,0,-8,1
D,196205,1,800,0,0,0,800,0,0,0,0,-8,1
D,196215,1,800,0,0,0,800,0,0,0,0,-8,1
D,196225,1,800,0,0,0,800,0,0,0,0,-8,1
D,196235,1,800,0,0,0,800,0,0,0,0,-8,1
D,196245,1,800,0,0,0,800,0,0,0,0,-8,1
D,196255,1,800,0,0,0,800,0,0,0,0,-8,1
D,196265,1,800,0,0,0,800,0,0,0,0,-8,1
D,196275,1,800,0,0,0,800,0,0,0,0,-8,1
D,196285,1,800,0,0,0,800,0,0,0,0,-8,1
D,196295,1,800,0,0,0,800,0,0,0,0,-8,1
D,196305,1,800,0,0,0,800,0,0,0,0,-8,1
D,196315,1,800,0,0,0,800,0,0,0,0,-8,1
D,196325,1,800,0,0,0,800,0,0,0,0,-8,1
D,196335,1,800,0,0,0,800,0,0,0,0,-8,1
D,196345,1,800,0,0,0,800,0,0,0,0,-8,1
D,196355,1,800,0,0,0,800,0,0,0,0,-8,1
D,196365,1,800,0,0,0,800,0,0,0,0,-8,1
D,196375,1,800,0,0,0,800,0,0,0,0,-8,1
D,196385,1,800,0,0,0,800,0,0,0,0,-8,1
D,196395,1,800,0,0,0,800,0,0,0,0,-8,1
D,196405,1,800,0,0,0,800,0,0,0,0,-8,1
D,196415,1,800,0,0,0,800,0,0,0,0,-8,1
D,196425,1,800,0,0,0,800,0,0,0,0,-8,1
D,196435,1,800,0,0,0,800,0,0,0,0,-8,1
D,196445,1,800,0,0,0,800,0,0,0,0,-8,1
D,196455,1,800,0,0,0,800,0,0,0,0,-8,1
D,196465,1,800,0,0,0,800,0,0,0,0,-8,1
D,196475,1,800,0,0,0,800,0,0,0,0,-8,1
D,196485,1,800,0,0,0,800,0,0,0,0,-8,1
D,196495,1,800,0,0,0,800,0,0,0,0,-8,1
D,196505,1,800,0,0,0,800,0,0,0,0,-8,1
D,196515,1,800,0,0,0,800,0,0,0,0,-8,1
D,196525,1,800,0,0,0,800,0,0,0,0,-8,1
D,196535,1,800,0,0,0,800,0,0,0,0,-8,1
D,196545,1,800,0,0,0,800,0,0,0,0,-8,1
D,196555,1,800,0,0,0,800,0,0,0,0,-8,1
D,196565,1,800,0,0,0,800,0,0,0,0,-8,1
D,196575,1,800,0,0,0,800,0,0,0,0,-8,1
D,196585,1,800,0,0,0,800,0,0,0,0,-8,1
D,196595,1,800,0,0,0,800,0,0,0,0,-8,1
D,196605,1,800,0,0,0,800,0,0,0,0,-8,1
D,196615,1,800,0,0,0,800,0,0,0,0,-8,1
D,196625,1,800,0,0,0,800,0,0,0,0,-8,1
D,196635,1,800,0,0,0,800,0,0,0,0,-8,1
D,196645,1,800,0,0,0,800,0,0,0,0,-8,1
D,196655,1,800,0,0,0,800,0,0,0,0,-8,1
D,196665,1,800,0,0,0,800,0,0,0,0,-8,1
D,196675,1,800,0,0,0,800,0,0,0,0,-8,1
D,196685,1,800,0,0,0,800,0,0,0,0,-8,1
D,196695,1,800,0,0,0,800,0,0,0,0,-8,1
D,196705,1,800,0,0,0,800,0,0,0,0,-8,1
D,196715,1,800,0,0,0,800,0,0,0,0,-8,1
D,196725,1,800,0,0,0,800,0,0,0,0,-8,1
D,196735,1,800,0,0,0,800,0,0,0,0,-8,1
D,196745,1,800,0,0,0,800,0,0,0,0,-8,1
D,196755,1,800,0,0,0,800,0,0,0,0,-8,1
D,196765,1,800,0,0,0,800,0,0,0,0,-8,1
D,196775,1,800,0,0,0,800,0,0,0,0,-8,1
D,196785,1,800,0,0,0,800,0,0,0,0,-8,1
D,196795,1,800,0,0,0,800,0,0,0,0,-8,1
D,196805,1,800,0,0,0,800,0,0,0,0,-8,1
D,196815,1,800,0,0,0,800,0,0,0,0,-8,1
D,196825,1,800,0,0,0,800,0,0,0,0,-8,1
D,196835,1,800,0,0,0,800,0,0,0,0,-8,1
D,196845,1,800,0,0,0,800,0,0,0,0,-8,1
D,196855,1,800,0,0,0,800,0,0,0,0,-8,1
D,196865,1,800,0,0,0,800,0,0,0,0,-8,1
D,196875,1,800,0,0,0,800,0,0,0,0,-8,1
D,196885,1,800,0,0,0,800,0,0,0,0,-8,1
D,196895,1,800,0,0,0,800,0,0,0,0,-8,1
D,196905,1,800,0,0,0,800,0,0,0,0,-8,1
D,196915,1,800,0,0,0,800,0,0,0,0,-8,1
D,196925,1,800,0,0,0,800,0,0,0,0,-8,1
D,196935,1,800,0,0,0,800,0,0,0,0,-8,1
D,196945,1,800,0,0,0,800,0,0,0,0,-8,1
D,196955,1,800,0,0,0,800,0,0,0,0,-8,1
D,196965,1,800,0,0,0,800,0,0,0,0,-8,1
D,196975,1,800,0,0,0,800,0,0,0,0,-8,1
D,196985,1,800,0,0,0,800,0,0,0,0,-8,1
D,196995,1,800,0,0,0,800,0,0,0,0,-8,1
D,197005,1,800,0,0,0,800,0,0,0,0,-8,1
D,197015,1,800,0,0,0,800,0,0,0,0,-8,1
D,197025,1,800,0,0,0,800,0,0,0,0,-8,1
D,197035,1,800,0,0,0,800,0,0,0,0,-8,1
D,197045,1,800,0,0,0,800,0,0,0,0,-8,1
D,197055,1,800,0,0,0,800,0,0,0,0,-8,1
D,197065,1,800,0,0,0,800,0,0,0,0,-8,1
D,197075,1,800,0,0,0,800,0,0,0,0,-8,1
D,197085,1,800,0,0,0,800,0,0,0,0,-8,1
D,197095,1,800,0,0,0,800,0,0,0,0,-8,1
D,197105,1,800,0,0,0,800,0,0,0,0,-8,1
D,197115,1,800,0,0,0,800,0,0,0,0,-8,1
D,197125,1,800,0,0,0,800,0,0,0,0,-8,1
D,197135,1,800,0,0,0,800,0,0,0,0,-8,1
D,197145,1,800,0,0,0,800,0,0,0,0,-8,1
D,197155,1,800,0,0,0,800,0,0,0,0,-8,1
D,197165,1,800,0,0,0,800,0,0,0,0,-8,1
D,197175,1,800,0,0,0,800,0,0,0,0,-8,1
D,197185,1,800,0,0,0,800,0,0,0,0,-8,1
D,197195,1,800,0,0,0,800,0,0,0,0,-8,1
D,197205,1,800,0,0,0,800,0,0,0,0,-8,1
D,197215,1,800,0,0,0,800,0,0,0,0,-8,1
D,197225,1,800,0,0,0,800,0,0,0,0,-8,1
D,197235,1,800,0,0,0,800,0,0,0,0,-8,1
D,197245,1,800,0,0,0,800,0,0,0,0,-8,1
D,197255,1,800,0,0,0,800,0,0,0,0,-8,1
D,197265,1,800,0,0,0,800,0,0,0,0,-8,1
D,197275,1,800,0,0,0,800,0,0,0,0,-8,1
D,197285,1,800,0,0,0,800,0,0,0,0,-8,1
D,197295,1,800,0,0,0,800,0,0,0,0,-8,1
D,197305,1,800,0,0,0,800,0,0,0,0,-8,1
D,197315,1,800,0,0,0,800,0,0,0,0,-8,1
D,197325,1,800,0,0,0,800,0,0,0,0,-8,1
D,197335,1,800,0,0,0,800,0,0,0,0,-8,1
D,197345,1,800,0,0,0,800,0,0,0,0,-8,1
D,197355,1,800,0,0,0,800,0,0,0,0,-8,1
D,197365,1,800,0,0,0,800,0,0,0,0,-8,1
D,197375,1,800,0,0,0,800,0,0,0,0,-8,1
D,197385,1,800,0,0,0,800,0,0,0,0,-8,1
D,197395,1,800,0,0,0,800,0,0,0,0,-8,1
D,197405,1,800,0,0,0,800,0,0,0,0,-8,1
D,197415,1,800,0,0,0,800,0,0,0,0,-8,1
D,197425,1,800,0,0,0,800,0,0,0,0,-8,1
D,197435,1,800,0,0,0,800,0,0,0,0,-8,1
D,197445,1,800,0,0,0,800,0,0,0,0,-8,1
D,197455,1,800,0,0,0,800,0,0,0,0,-8,1
D,197465,1,800,0,0,0,800,0,0,0,0,-8,1
D,197475,1,800,0,0,0,800,0,0,0,0,-8,1
D,197485,1,800,0,0,0,800,0,0,0,0,-8,1
D,197495,1,800,0,0,0,800,0,0,0,0,-8,1
D,197505,1,800,0,0,0,800,0,0,0,0,-8,1
D,197515,1,800,0,0,0,800,0,0,0,0,-8,1
D,197525,1,800,0,0,0,800,0,0,0,0,-8,1
D,197535,1,800,0,0,0,800,0,0,0,0,-8,1
D,197545,1,800,0,0,0,800,0,0,0,0,-8,1
D,197555,1,800,0,0,0,800,0,0,0,0,-8,1
D,197565,1,800,0,0,0,800,0,0,0,0,-8,1
D,197575,1,800,0,0,0,800,0,0,0,0,-8,1
D,197585,1,800,0,0,0,800,0,0,0,0,-8,1
D,197595,1,800,0,0,0,800,0,0,0,0,-8,1
D,197605,1,800,0,0,0,800,0,0,0,0,-8,1
D,197615,1,800,0,0,0,800,0,0,0,0,-8,1
D,197625,1,800,0,0,0,800,0,0,0,0,-8,1
D,197635,1,800,0,0,0,800,0,0,0,0,-8,1
D,197645,1,800,0,0,0,800,0,0,0,0,-8,1
D,197655,1,800,0,0,0,800,0,0,0,0,-8,1
D,197665,1,800,0,0,0,800,0,0,0,0,-8,1
D,197675,1,800,0,0,0,800,0,0,0,0,-8,1
D,197685,1,800,0,0,0,800,0,0,0,0,-8,1
D,197695,1,800,0,0,0,800,0,0,0,0,-8,1
D,197705,1,800,0,0,0,800,0,0,0,0,-8,1
D,197715,1,800,0,0,0,800,0,0,0,0,-8,1
D,197725,1,800,0,0,0,800,0,0,0,0,-8,1
D,197735,1,800,0,0,0,800,0,0,0,0,-8,1
D,197745,1,800,0,0,0,800,0,0,0,0,-8,1
D,197755,1,800,0,0,0,800,0,0,0,0,-8,1
D,197765,1,800,0,0,0,800,0,0,0,0,-8,1
D,197775,1,800,0,0,0,800,0,0,0,0,-8,1
D,197785,1,800,0,0,0,800,0,0,0,0,-8,1
D,197795,1,800,0,0,0,800,0,0,0,0,-8,1
D,197805,1,800,0,0,0,800,0,0,0,0,-8,1
D,197815,1,800,0,0,0,800,0,0,0,0,-8,1
D,197825,1,800,0,0,0,800,0,0,0,0,-8,1
D,197835,1,800,0,0,0,800,0,0,0,0,-8,1
D,197845,1,800,0,0,0,800,0,0,0,0,-8,1
D,197855,1,800,0,0,0,800,0,0,0,0,-8,1
D,197865,1,800,0,0,0,800,0,0,0,0,-8,1
D,197875,1,800,0,0,0,800,0,0,0,0,-8,1
D,197885,1,800,0,0,0,800,0,0,0,0,-8,1
D,197895,1,800,0,0,0,800,0,0,0,0,-8,1
D,197905,1,800,0,0,0,800,0,0,0,0,-8,1
D,197915,1,800,0,0,0,800,0,0,0,0,-8,1
D,197925,1,800,0,0,0,800,0,0,0,0,-8,1
D,197935,1,800,0,0,0,800,0,0,0,0,-8,1
D,197945,1,800,0,0,0,800,0,0,0,0,-8,1
D,197955,1,800,0,0,0,800,0,0,0,0,-8,1
D,197965,1,800,0,0,0,800,0,0,0,0,-8,1
D,197975,1,800,0,0,0,800,0,0,0,0,-8,1
D,197985,1,800,0,0,0,800,0,0,0,0,-8,1
D,197995,1,800,0,0,0,800,0,0,0,0,-8,1
D,198005,1,800,0,0,0,800,0,0,0,0,-8,1
D,198015,1,800,0,0,0,800,0,0,0,0,-8,1
D,198025,1,800,0,0,0,800,0,0,0,0,-8,1
D,198035,1,800,0,0,0,800,0,0,0,0,-8,1
D,198045,1,800,0,0,0,800,0,0,0,0,-8,1
D,198055,1,800,0,0,0,800,0,0,0,0,-8,1
D,198065,1,800,0,0,0,800,0,0,0,0,-8,1
D,198075,1,800,0,0,0,800,0,0,0,0,-8,1
D,198085,1,800,0,0,0,800,0,0,0,0,-8,1
D,198095,1,800,0,0,0,800,0,0,0,0,-8,1
D,198105,1,800,0,0,0,800,0,0,0,0,-8,1
D,198115,1,800,0,0,0,800,0,0,0,0,-8,1
D,198125,1,800,0,0,0,800,0,0,0,0,-8,1
D,198135,1,800,0,0,0,800,0,0,0,0,-8,1
D,198145,1,800,0,0,0,800,0,0,0,0,-8,1
D,198155,1,800,0,0,0,800,0,0,0,0,-8,1
D,198165,1,800,0,0,0,800,0,0,0,0,-8,1
D,198175,1,800,0,0,0,800,0,0,0,0,-8,1
D,198185,1,800,0,0,0,800,0,0,0,0,-8,1
D,198195,1,800,0,0,0,800,0,0,0,0,-8,1
D,198205,1,800,0,0,0,800,0,0,0,0,-8,1
D,198215,1,800,0,0,0,800,0,0,0,0,-8,1
D,198225,1,800,0,0,0,800,0,0,0,0,-8,1
D,198235,1,800,0,0,0,800,0,0,0,0,-8,1
D,198245,1,800,0,0,0,800,0,0,0,0,-8,1
D,198255,1,800,0,0,0,800,0,0,0,0,-8,1
D,198265,1,800,0,0,0,800,0,0,0,0,-8,1
D,198275,1,800,0,0,0,800,0,0,0,0,-8,1
D,198285,1,800,0,0,0,800,0,0,0,0,-8,1
D,198295,1,800,0,0,0,800,0,0,0,0,-8,1
D,198305,1,800,0,0,0,800,0,0,0,0,-8,1
D,198315,1,800,0,0,0,800,0,0,0,0,-8,1
D,198325,1,800,0,0,0,800,0,0,0,0,-8,1
D,198335,1,800,0,0,0,800,0,0,0,0,-8,1
D,198345,1,800,0,0,0,800,0,0,0,0,-8,1
D,198355,1,800,0,0,0,800,0,0,0,0,-8,1
D,198365,1,800,0,0,0,800,0,0,0,0,-8,1
D,198375,1,800,0,0,0,800,0,0,0,0,-8,1
D,198385,1,800,0,0,0,800,0,0,0,0,-8,1
D,198395,1,800,0,0,0,800,0,0,0,0,-8,1
D,198405,1,800,0,0,0,800,0,0,0,0,-8,1
D,198415,1,800,0,0,0,800,0,0,0,0,-8,1
D,198425,1,800,0,0,0,800,0,0,0,0,-8,1
D,198435,1,800,0,0,0,800,0,0,0,0,-8,1
D,198445,1,800,0,0,0,800,0,0,0,0,-8,1
D,198455,1,800,0,0,0,800,0,0,0,0,-8,1
D,198465,1,800,0,0,0,800,0,0,0,0,-8,1
D,198475,1,800,0,0,0,800,0,0,0,0,-8,1
D,198485,1,800,0,0,0,800,0,0,0,0,-8,1
D,198495,1,800,0,0,0,800,0,0,0,0,-8,1
D,198505,1,800,0,0,0,800,0,0,0,0,-8,1
D,198515,1,800,0,0,0,800,0,0,0,0,-8,1
D,198525,1,800,0,0,0,800,0,0,0,0,-8,1
D,198535,1,800,0,0,0,800,0,0,0,0,-8,1
D,198545,1,800,0,0,0,800,0,0,0,0,-8,1
D,198555,1,800,0,0,0,800,0,0,0,0,-8,1
D,198565,1,800,0,0,0,800,0,0,0,0,-8,1
D,198575,1,800,0,0,0,800,0,0,0,0,-8,1
D,198585,1,800,0,0,0,800,0,0,0,0,-8,1
D,198595,1,800,0,0,0,800,0,0,0,0,-8,1
D,198605,1,800,0,0,0,800,0,0,0,0,-8,1
D,198615,1,800,0,0,0,800,0,0,0,0,-8,1
D,198625,1,800,0,0,0,800,0,0,0,0,-8,1
D,198635,1,800,0,0,0,800,0,0,0,0,-8,1
D,198645,1,800,0,0,0,800,0,0,0,0,-8,1
D,198655,1,800,0,0,0,800,0,0,0,0,-8,1
D,198665,1,800,0,0,0,800,0,0,0,0,-8,1
D,198675,1,800,0,0,0,800,0,0,0,0,-8,1
D,198685,1,800,0,0,0,800,0,0,0,0,-8,1
D,198695,1,800,0,0,0,800,0,0,0,0,-8,1
D,198705,1,800,0,0,0,800,0,0,0,0,-8,1
D,198715,1,800,0,0,0,800,0,0,0,0,-8,1
D,198725,1,800,0,0,0,800,0,0,0,0,-8,1
D,198735,1,800,0,0,0,800,0,0,0,0,-8,1
D,198745,1,800,0,0,0,800,0,0,0,0,-8,1
D,198755,1,800,0,0,0,800,0,0,0,0,-8,1
D,198765,1,800,0,0,0,800,0,0,0,0,-8,1
D,198775,1,800,0,0,0,800,0,0,0,0,-8,1
D,198785,1,800,0,0,0,800,0,0,0,0,-8,1
D,198795,1,800,0,0,0,800,0,0,0,0,-8,1
D,198805,1,800,0,0,0,800,0,0,0,0,-8,1
D,198815,1,800,0,0,0,800,0,0,0,0,-8,1
D,198825,1,800,0,0,0,800,0,0,0,0,-8,1
D,198835,1,800,0,0,0,800,0,0,0,0,-8,1
D,198845,1,800,0,0,0,800,0,0,0,0,-8,1
D,198855,1,800,0,0,0,800,0,0,0,0,-8,1
D,198865,1,800,0,0,0,800,0,0,0,0,-8,1
D,198875,1,800,0,0,0,800,0,0,0,0,-8,1
D,198885,1,800,0,0,0,800,0,0,0,0,-8,1
D,198895,1,800,0,0,0,800,0,0,0,0,-8,1
D,198905,1,800,0,0,0,800,0,0,0,0,-8,1
D,198915,1,800,0,0,0,800,0,0,0,0,-8,1
D,198925,1,800,0,0,0,800,0,0,0,0,-8,1
D,198935,1,800,0,0,0,800,0,0,0,0,-8,1
D,198945,1,800,0,0,0,800,0,0,0,0,-8,1
D,198955,1,800,0,0,0,800,0,0,0,0,-8,1
D,198965,1,800,0,0,0,800,0,0,0,0,-8,1
D,198975,1,800,0,0,0,800,0,0,0,0,-8,1
D,198985,1,800,0,0,0,800,0,0,0,0,-8,1
D,198995,1,800,0,0,0,800,0,0,0,0,-8,1
D,199005,1,800,0,0,0,800,0,0,0,0,-8,1
D,199015,1,800,0,0,0,800,0,0,0,0,-8,1
D,199025,1,800,0,0,0,800,0,0,0,0,-8,1
D,199035,1,800,0,0,0,800,0,0,0,0,-8,1
D,199045,1,800,0,0,0,800,0,0,0,0,-8,1
D,199055,1,800,0,0,0,800,0,0,0,0,-8,1
D,199065,1,800,0,0,0,800,0,0,0,0,-8,1
D,199075,1,800,0,0,0,800,0,0,0,0,-8,1
D,199085,1,800,0,0,0,800,0,0,0,0,-8,1
D,199095,1,800,0,0,0,800,0,0,0,0,-8,1
D,199105,1,800,0,0,0,800,0,0,0,0,-8,1
D,199115,1,800,0,0,0,800,0,0,0,0,-8,1
D,199125,1,800,0,0,0,800,0,0,0,0,-8,1
D,199135,1,800,0,0,0,800,0,0,0,0,-8,1
D,199145,1,800,0,0,0,800,0,0,0,0,-8,1
D,199155,1,800,0,0,0,800,0,0,0,0,-8,1
D,199165,1,800,0,0,0,800,0,0,0,0,-8,1
D,199175,1,800,0,0,0,800,0,0,0,0,-8,1
D,199185,1,800,0,0,0,800,0,0,0,0,-8,1
D,199195,1,800,0,0,0,800,0,0,0,0,-8,1
D,199205,1,800,0,0,0,800,0,0,0,0,-8,1
D,199215,1,800,0,0,0,800,0,0,0,0,-8,1
D,199225,1,800,0,0,0,800,0,0,0,0,-8,1
D,199235,1,800,0,0,0,800,0,0,0,0,-8,1
D,199245,1,800,0,0,0,800,0,0,0,0,-8,1
D,199255,1,800,0,0,0,800,0,0,0,0,-8,1
D,199265,1,800,0,0,0,800,0,0,0,0,-8,1
D,199275,1,800,0,0,0,800,0,0,0,0,-8,1
D,199285,1,800,0,0,0,800,0,0,0,0,-8,1
D,199295,1,800,0,0,0,800,0,0,0,0,-8,1
D,199305,1,800,0,0,0,800,0,0,0,0,-8,1
D,199315,1,800,0,0,0,800,0,0,0,0,-8,1
D,199325,1,800,0,0,0,800,0,0,0,0,-8,1
D,199335,1,800,0,0,0,800,0,0,0,0,-8,1
D,199345,1,800,0,0,0,800,0,0,0,0,-8,1
D,199355,1,800,0,0,0,800,0,0,0,0,-8,1
D,199365,1,800,0,0,0,800,0,0,0,0,-8,1
D,199375,1,800,0,0,0,800,0,0,0,0,-8,1
D,199385,1,800,0,0,0,800,0,0,0,0,-8,1
D,199395,1,800,0,0,0,800,0,0,0,0,-8,1
D,199405,1,800,0,0,0,800,0,0,0,0,-8,1
D,199415,1,800,0,0,0,800,0,0,0,0,-8,1
D,199425,1,800,0,0,0,800,0,0,0,0,-8,1
D,199435,1,800,0,0,0,800,0,0,0,0,-8,1
D,199445,1,800,0,0,0,800,0,0,0,0,-8,1
D,199455,1,800,0,0,0,800,0,0,0,0,-8,1
D,199465,1,800,0,0,0,800,0,0,0,0,-8,1
D,199475,1,800,0,0,0,800,0,0,0,0,-8,1
D,199485,1,800,0,0,0,800,0,0,0,0,-8,1
D,199495,1,800,0,0,0,800,0,0,0,0,-8,1
D,199505,1,800,0,0,0,800,0,0,0,0,-8,1
D,199515,1,800,0,0,0,800,0,0,0,0,-8,1
D,199525,1,800,0,0,0,800,0,0,0,0,-8,1
D,199535,1,800,0,0,0,800,0,0,0,0,-8,1
D,199545,1,800,0,0,0,800,0,0,0,0,-8,1
D,199555,1,800,0,0,0,800,0,0,0,0,-8,1
D,199565,1,800,0,0,0,800,0,0,0,0,-8,1
D,199575,1,800,0,0,0,800,0,0,0,0,-8,1
D,199585,1,800,0,0,0,800,0,0,0,0,-8,1
D,199595,1,800,0,0,0,800,0,0,0,0,-8,1
D,199605,1,800,0,0,0,800,0,0,0,0,-8,1
D,199615,1,800,0,0,0,800,0,0,0,0,-8,1
D,199625,1,800,0,0,0,800,0,0,0,0,-8,1
D,199635,1,800,0,0,0,800,0,0,0,0,-8,1
D,199645,1,800,0,0,0,800,0,0,0,0,-8,1
D,199655,1,800,0,0,0,800,0,0,0,0,-8,1
D,199665,1,800,0,0,0,800,0,0,0,0,-8,1
D,199675,1,800,0,0,0,800,0,0,0,0,-8,1
D,199685,1,800,0,0,0,800,0,0,0,0,-8,1
D,199695,1,800,0,0,0,800,0,0,0,0,-8,1
D,199705,1,800,0,0,0,800,0,0,0,0,-8,1
D,199715,1,800,0,0,0,800,0,0,0,0,-8,1
D,199725,1,800,0,0,0,800,0,0,0,0,-8,1
D,199735,1,800,0,0,0,800,0,0,0,0,-8,1
D,199745,1,800,0,0,0,800,0,0,0,0,-8,1
D,199755,1,800,0,0,0,800,0,0,0,0,-8,1
D,199765,1,800,0,0,0,800,0,0,0,0,-8,1
D,199775,1,800,0,0,0,800,0,0,0,0,-8,1
D,199785,1,800,0,0,0,800,0,0,0,0,-8,1
D,199795,1,800,0,0,0,800,0,0,0,0,-8,1
D,199805,1,800,0,0,0,800,0,0,0,0,-8,1
D,199815,1,800,0,0,0,800,0,0,0,0,-8,1
D,199825,1,800,0,0,0,800,0,0,0,0,-8,1
D,199835,1,800,0,0,0,800,0,0,0,0,-8,1
D,199845,1,800,0,0,0,800,0,0,0,0,-8,1
D,199855,1,800,0,0,0,800,0,0,0,0,-8,1
D,199865,1,800,0,0,0,800,0,0,0,0,-8,1
D,199875,1,800,0,0,0,800,0,0,0,0,-8,1
D,199885,1,800,0,0,0,800,0,0,0,0,-8,1
D,199895,1,800,0,0,0,800,0,0,0,0,-8,1
D,199905,1,800,0,0,0,800,0,0,0,0,-8,1
D,199915,1,800,0,0,0,800,0,0,0,0,-8,1
D,199925,1,800,0,0,0,800,0,0,0,0,-8,1
D,199935,1,800,0,0,0,800,0,0,0,0,-8,1
D,199945,1,800,0,0,0,800,0,0,0,0,-8,1
D,199955,1,800,0,0,0,800,0,0,0,0,-8,1
D,199965,1,800,0,0,0,800,0,0,0,0,-8,1
D,199975,1,800,0,0,0,800,0,0,0,0,-8,1
D,199985,1,800,0,0,0,800,0,0,0,0,-8,1
D,199995,1,800,0,0,0,800,0,0,0,0,-8,1
D,200005,1,800,0,0,0,800,0,0,0,0,-8,1
D,200015,1,800,0,0,0,800,0,0,0,0,-8,1
D,200025,1,800,0,0,0,800,0,0,0,0,-8,1
D,200035,1,800,0,0,0,800,0,0,0,0,-8,1
D,200045,1,800,0,0,0,800,0,0,0,0,-8,1
D,200055,1,800,0,0,0,800,0,0,0,0,-8,1
D,200065,1,800,0,0,0,800,0,0,0,0,-8,1
D,200075,1,800,0,0,0,800,0,0,0,0,-8,1
D,200085,1,800,0,0,0,800,0,0,0,0,-8,1
D,200095,1,800,0,0,0,800,0,0,0,0,-8,1
D,200105,1,800,0,0,0,800,0,0,0,0,-8,1
D,200115,1,800,0,0,0,800,0,0,0,0,-8,1
D,200125,1,800,0,0,0,800,0,0,0,0,-8,1
D,200135,1,800,0,0,0,800,0,0,0,0,-8,1
D,200145,1,800,0,0,0,800,0,0,0,0,-8,1
D,200155,1,800,0,0,0,800,0,0,0,0,-8,1
D,200165,1,800,0,0,0,800,0,0,0,0,-8,1
D,200175,1,800,0,0,0,800,0,0,0,0,-8,1
D,200185,1,800,0,0,0,800,0,0,0,0,-8,1
D,200195,1,800,0,0,0,800,0,0,0,0,-8,1
D,200205,1,800,0,0,0,800,0,0,0,0,-8,1
D,200215,1,800,0,0,0,800,0,0,0,0,-8,1
D,200225,1,800,0,0,0,800,0,0,0,0,-8,1
D,200235,1,800,0,0,0,800,0,0,0,0,-8,1
D,200245,1,800,0,0,0,800,0,0,0,0,-8,1
D,200255,1,800,0,0,0,800,0,0,0,0,-8,1
D,200265,1,800,0,0,0,800,0,0,0,0,-8,1
D,200275,1,800,0,0,0,800,0,0,0,0,-8,1
D,200285,1,800,0,0,0,800,0,0,0,0,-8,1
D,200295,1,800,0,0,0,800,0,0,0,0,-8,1
D,200305,1,800,0,0,0,800,0,0,0,0,-8,1
D,200315,1,800,0,0,0,800,0,0,0,0,-8,1
D,200325,1,800,0,0,0,800,0,0,0,0,-8,1
D,200335,1,800,0,0,0,800,0,0,0,0,-8,1
D,200345,1,800,0,0,0,800,0,0,0,0,-8,1
D,200355,1,800,0,0,0,800,0,0,0,0,-8,1
D,200365,1,800,0,0,0,800,0,0,0,0,-8,1
D,200375,1,800,0,0,0,800,0,0,0,0,-8,1
D,200385,1,800,0,0,0,800,0,0,0,0,-8,1
D,200395,1,800,0,0,0,800,0,0,0,0,-8,1
D,200405,1,800,0,0,0,800,0,0,0,0,-8,1
D,200415,1,800,0,0,0,800,0,0,0,0,-8,1
D,200425,1,800,0,0,0,800,0,0,0,0,-8,1
D,200435,1,800,0,0,0,800,0,0,0,0,-8,1
D,200445,1,800,0,0,0,800,0,0,0,0,-8,1
D,200455,1,800,0,0,0,800,0,0,0,0,-8,1
D,200465,1,800,0,0,0,800,0,0,0,0,-8,1
D,200475,1,800,0,0,0,800,0,0,0,0,-8,1
D,200485,1,800,0,0,0,800,0,0,0,0,-8,1
D,200495,1,800,0,0,0,800,0,0,0,0,-8,1
D,200505,1,800,0,0,0,800,0,0,0,0,-8,1
D,200515,1,800,0,0,0,800,0,0,0,0,-8,1
D,200525,1,800,0,0,0,800,0,0,0,0,-8,1
D,200535,1,800,0,0,0,800,0,0,0,0,-8,1
D,200545,1,800,0,0,0,800,0,0,0,0,-8,1
D,200555,1,800,0,0,0,800,0,0,0,0,-8,1
D,200565,1,800,0,0,0,800,0,0,0,0,-8,1
D,200575,1,800,0,0,0,800,0,0,0,0,-8,1
D,200585,1,800,0,0,0,800,0,0,0,0,-8,1
D,200595,1,800,0,0,0,800,0,0,0,0,-8,1
D,200605,1,800,0,0,0,800,0,0,0,0,-8,1
D,200615,1,800,0,0,0,800,0,0,0,0,-8,1
D,200625,1,800,0,0,0,800,0,0,0,0,-8,1
D,200635,1,800,0,0,0,800,0,0,0,0,-8,1
D,200645,1,800,0,0,0,800,0,0,0,0,-8,1
D,200655,1,800,0,0,0,800,0,0,0,0,-8,1
D,200665,1,800,0,0,0,800,0,0,0,0,-8,1
D,200675,1,800,0,0,0,800,0,0,0,0,-8,1
D,200685,1,800,0,0,0,800,0,0,0,0,-8,1
D,200695,1,800,0,0,0,800,0,0,0,0,-8,1
D,200705,1,800,0,0,0,800,0,0,0,0,-8,1
D,200715,1,800,0,0,0,800,0,0,0,0,-8,1
D,200725,1,800,0,0,0,800,0,0,0,0,-8,1
D,200735,1,800,0,0,0,800,0,0,0,0,-8,1
D,200745,1,800,0,0,0,800,0,0,0,0,-8,1
D,200755,1,800,0,0,0,800,0,0,0,0,-8,1
D,200765,1,800,0,0,0,800,0,0,0,0,-8,1
D,200775,1,800,0,0,0,800,0,0,0,0,-8,1
D,200785,1,800,0,0,0,800,0,0,0,0,-8,1
D,200795,1,800,0,0,0,800,0,0,0,0,-8,1
D,200805,1,800,0,0,0,800,0,0,0,0,-8,1
D,200815,1,800,0,0,0,800,0,0,0,0,-8,1
D,200825,1,800,0,0,0,800,0,0,0,0,-8,1
D,200835,1,800,0,0,0,800,0,0,0,0,-8,1
D,200845,1,800,0,0,0,800,0,0,0,0,-8,1
D,200855,1,800,0,0,0,800,0,0,0,0,-8,1
D,200865,1,800,0,0,0,800,0,0,0,0,-8,1
D,200875,1,800,0,0,0,800,0,0,0,0,-8,1
D,200885,1,800,0,0,0,800,0,0,0,0,-8,1
D,200895,1,800,0,0,0,800,0,0,0,0,-8,1
D,200905,1,800,0,0,0,800,0,0,0,0,-8,1
D,200915,1,800,0,0,0,800,0,0,0,0,-8,1
D,200925,1,800,0,0,0,800,0,0,0,0,-8,1
D,200935,1,800,0,0,0,800,0,0,0,0,-8,1
D,200945,1,800,0,0,0,800,0,0,0,0,-8,1
D,200955,1,800,0,0,0,800,0,0,0,0,-8,1
D,200965,1,800,0,0,0,800,0,0,0,0,-8,1
D,200975,1,800,0,0,0,800,0,0,0,0,-8,1
D,200985,1,800,0,0,0,800,0,0,0,0,-8,1
D,200995,1,800,0,0,0,800,0,0,0,0,-8,1
D,201005,1,800,0,0,0,800,0,0,0,0,-8,1
D,201015,1,800,0,0,0,800,0,0,0,0,-8,1
D,201025,1,800,0,0,0,800,0,0,0,0,-8,1
D,201035,1,800,0,0,0,800,0,0,0,0,-8,1
D,201045,1,800,0,0,0,800,0,0,0,0,-8,1
D,201055,1,800,0,0,0,800,0,0,0,0,-8,1
D,201065,1,800,0,0,0,800,0,0,0,0,-8,1
D,201075,1,800,0,0,0,800,0,0,0,0,-8,1
D,201085,1,800,0,0,0,800,0,0,0,0,-8,1
D,201095,1,800,0,0,0,800,0,0,0,0,-8,1
D,201105,1,800,0,0,0,800,0,0,0,0,-8,1
D,201115,1,800,0,0,0,800,0,0,0,0,-8,1
D,201125,1,800,0,0,0,800,0,0,0,0,-8,1
D,201135,1,800,0,0,0,800,0,0,0,0,-8,1
D,201145,1,800,0,0,0,800,0,0,0,0,-8,1
D,201155,1,800,0,0,0,800,0,0,0,0,-8,1
D,201165,1,800,0,0,0,800,0,0,0,0,-8,1
D,201175,1,800,0,0,0,800,0,0,0,0,-8,1
D,201185,1,800,0,0,0,800,0,0,0,0,-8,1
D,201195,1,800,0,0,0,800,0,0,0,0,-8,1
D,201205,1,800,0,0,0,800,0,0,0,0,-8,1
D,201215,1,800,0,0,0,800,0,0,0,0,-8,1
D,201225,1,800,0,0,0,800,0,0,0,0,-8,1
D,201235,1,800,0,0,0,800,0,0,0,0,-8,1
D,201245,1,800,0,0,0,800,0,0,0,0,-8,1
D,201255,1,800,0,0,0,800,0,0,0,0,-8,1
D,201265,1,800,0,0,0,800,0,0,0,0,-8,1
D,201275,1,800,0,0,0,800,0,0,0,0,-8,1
D,201285,1,800,0,0,0,800,0,0,0,0,-8,1
D,201295,1,800,0,0,0,800,0,0,0,0,-8,1
D,201305,1,800,0,0,0,800,0,0,0,0,-8,1
D,201315,1,800,0,0,0,800,0,0,0,0,-8,1
D,201325,1,800,0,0,0,800,0,0,0,0,-8,1
D,201335,1,800,0,0,0,800,0,0,0,0,-8,1
D,201345,1,800,0,0,0,800,0,0,0,0,-8,1
D,201355,1,800,0,0,0,800,0,0,0,0,-8,1
D,201365,1,800,0,0,0,800,0,0,0,0,-8,1
D,201375,1,800,0,0,0,800,0,0,0,0,-8,1
D,201385,1,800,0,0,0,800,0,0,0,0,-8,1
D,201395,1,800,0,0,0,800,0,0,0,0,-8,1
D,201405,1,800,0,0,0,800,0,0,0,0,-8,1
D,201415,1,800,0,0,0,800,0,0,0,0,-8,1
D,201425,1,800,0,0,0,800,0,0,0,0,-8,1
D,201435,1,800,0,0,0,800,0,0,0,0,-8,1
D,201445,1,800,0,0,0,800,0,0,0,0,-8,1
D,201455,1,800,0,0,0,800,0,0,0,0,-8,1
D,201465,1,800,0,0,0,800,0,0,0,0,-8,1
D,201475,1,800,0,0,0,800,0,0,0,0,-8,1
D,201485,1,800,0,0,0,800,0,0,0,0,-8,1
D,201495,1,800,0,0,0,800,0,0,0,0,-8,1
D,201505,1,800,0,0,0,800,0,0,0,0,-8,1
D,201515,1,800,0,0,0,800,0,0,0,0,-8,1
D,201525,1,800,0,0,0,800,0,0,0,0,-8,1
D,201535,1,800,0,0,0,800,0,0,0,0,-8,1
D,201545,1,800,0,0,0,800,0,0,0,0,-8,1
D,201555,1,800,0,0,0,800,0,0,0,0,-8,1
D,201565,1,800,0,0,0,800,0,0,0,0,-8,1
D,201575,1,800,0,0,0,800,0,0,0,0,-8,1
D,201585,1,800,0,0,0,800,0,0,0,0,-8,1
D,201595,1,800,0,0,0,800,0,0,0,0,-8,1
D,201605,1,800,0,0,0,800,0,0,0,0,-8,1
D,201615,1,800,0,0,0,800,0,0,0,0,-8,1
D,201625,1,800,0,0,0,800,0,0,0,0,-8,1
D,201635,1,800,0,0,0,800,0,0,0,0,-8,1
D,201645,1,800,0,0,0,800,0,0,0,0,-8,1
D,201655,1,800,0,0,0,800,0,0,0,0,-8,1
D,201665,1,800,0,0,0,800,0,0,0,0,-8,1
D,201675,1,800,0,0,0,800,0,0,0,0,-8,1
D,201685,1,800,0,0,0,800,0,0,0,0,-8,1
D,201695,1,800,0,0,0,800,0,0,0,0,-8,1
D,201705,1,800,0,0,0,800,0,0,0,0,-8,1
D,201715,1,800,0,0,0,800,0,0,0,0,-8,1
D,201725,1,800,0,0,0,800,0,0,0,0,-8,1
D,201735,1,800,0,0,0,800,0,0,0,0,-8,1
D,201745,1,800,0,0,0,800,0,0,0,0,-8,1
D,201755,1,800,0,0,0,800,0,0,0,0,-8,1
D,201765,1,800,0,0,0,800,0,0,0,0,-8,1
D,201775,1,800,0,0,0,800,0,0,0,0,-8,1
D,201785,1,800,0,0,0,800,0,0,0,0,-8,1
D,201795,1,800,0,0,0,800,0,0,0,0,-8,1
D,201805,1,800,0,0,0,800,0,0,0,0,-8,1
D,201815,1,800,0,0,0,800,0,0,0,0,-8,1
D,201825,1,800,0,0,0,800,0,0,0,0,-8,1
D,201835,1,800,0,0,0,800,0,0,0,0,-8,1
D,201845,1,800,0,0,0,800,0,0,0,0,-8,1
D,201855,1,800,0,0,0,800,0,0,0,0,-8,1
D,201865,1,800,0,0,0,800,0,0,0,0,-8,1
D,201875,1,800,0,0,0,800,0,0,0,0,-8,1
D,201885,1,800,0,0,0,800,0,0,0,0,-8,1
D,201895,1,800,0,0,0,800,0,0,0,0,-8,1
D,201905,1,800,0,0,0,800,0,0,0,0,-8,1
D,201915,1,800,0,0,0,800,0,0,0,0,-8,1
D,201925,1,800,0,0,0,800,0,0,0,0,-8,1
D,201935,1,800,0,0,0,800,0,0,0,0,-8,1
D,201945,1,800,0,0,0,800,0,0,0,0,-8,1
D,201955,1,800,0,0,0,800,0,0,0,0,-8,1
D,201965,1,800,0,0,0,800,0,0,0,0,-8,1
D,201975,1,800,0,0,0,800,0,0,0,0,-8,1
D,201985,1,800,0,0,0,800,0,0,0,0,-8,1
D,201995,1,800,0,0,0,800,0,0,0,0,-8,1
D,202005,1,800,0,0,0,800,0,0,0,0,-8,1
D,202015,1,800,0,0,0,800,0,0,0,0,-8,1
D,202025,1,800,0,0,0,800,0,0,0,0,-8,1
D,202035,1,800,0,0,0,800,0,0,0,0,-8,1
D,202045,1,800,0,0,0,800,0,0,0,0,-8,1
D,202055,1,800,0,0,0,800,0,0,0,0,-8,1
D,202065,1,800,0,0,0,800,0,0,0,0,-8,1
D,202075,1,800,0,0,0,800,0,0,0,0,-8,1
D,202085,1,800,0,0,0,800,0,0,0,0,-8,1
D,202095,1,800,0,0,0,800,0,0,0,0,-8,1
D,202105,1,800,0,0,0,800,0,0,0,0,-8,1
D,202115,1,800,0,0,0,800,0,0,0,0,-8,1
D,202125,1,800,0,0,0,800,0,0,0,0,-8,1
D,202135,1,800,0,0,0,800,0,0,0,0,-8,1
D,202145,1,800,0,0,0,800,0,0,0,0,-8,1
D,202155,1,800,0,0,0,800,0,0,0,0,-8,1
D,202165,1,800,0,0,0,800,0,0,0,0,-8,1
D,202175,1,800,0,0,0,800,0,0,0,0,-8,1
D,202185,1,800,0,0,0,800,0,0,0,0,-8,1
D,202195,1,800,0,0,0,800,0,0,0,0,-8,1
D,202205,1,800,0,0,0,800,0,0,0,0,-8,1
D,202215,1,800,0,0,0,800,0,0,0,0,-8,1
D,202225,1,800,0,0,0,800,0,0,0,0,-8,1
D,202235,1,800,0,0,0,800,0,0,0,0,-8,1
D,202245,1,800,0,0,0,800,0,0,0,0,-8,1
D,202255,1,800,0,0,0,800,0,0,0,0,-8,1
D,202265,1,800,0,0,0,800,0,0,0,0,-8,1
D,202275,1,800,0,0,0,800,0,0,0,0,-8,1
D,202285,1,800,0,0,0,800,0,0,0,0,-8,1
D,202295,1,800,0,0,0,800,0,0,0,0,-8,1
D,202305,1,800,0,0,0,800,0,0,0,0,-8,1
D,202315,1,800,0,0,0,800,0,0,0,0,-8,1
D,202325,1,800,0,0,0,800,0,0,0,0,-8,1
D,202335,1,800,0,0,0,800,0,0,0,0,-8,1
D,202345,1,800,0,0,0,800,0,0,0,0,-8,1
D,202355,1,800,0,0,0,800,0,0,0,0,-8,1
D,202365,1,800,0,0,0,800,0,0,0,0,-8,1
D,202375,1,800,0,0,0,800,0,0,0,0,-8,1
D,202385,1,800,0,0,0,800,0,0,0,0,-8,1
D,202395,1,800,0,0,0,800,0,0,0,0,-8,1
D,202405,1,800,0,0,0,800,0,0,0,0,-8,1
D,202415,1,800,0,0,0,800,0,0,0,0,-8,1
D,202425,1,800,0,0,0,800,0,0,0,0,-8,1
D,202435,1,800,0,0,0,800,0,0,0,0,-8,1
D,202445,1,800,0,0,0,800,0,0,0,0,-8,1
D,202455,1,800,0,0,0,800,0,0,0,0,-8,1
D,202465,1,800,0,0,0,800,0,0,0,0,-8,1
D,202475,1,800,0,0,0,800,0,0,0,0,-8,1
D,202485,1,800,0,0,0,800,0,0,0,0,-8,1
D,202495,1,800,0,0,0,800,0,0,0,0,-8,1
D,202505,1,800,0,0,0,800,0,0,0,0,-8,1
D,202515,1,800,0,0,0,800,0,0,0,0,-8,1
D,202525,1,800,0,0,0,800,0,0,0,0,-8,1
D,202535,1,800,0,0,0,800,0,0,0,0,-8,1
D,202545,1,800,0,0,0,800,0,0,0,0,-8,1
D,202555,1,800,0,0,0,800,0,0,0,0,-8,1
D,202565,1,800,0,0,0,800,0,0,0,0,-8,1
D,202575,1,800,0,0,0,800,0,0,0,0,-8,1
D,202585,1,800,0,0,0,800,0,0,0,0,-8,1
D,202595,1,800,0,0,0,800,0,0,0,0,-8,1
D,202605,1,800,0,0,0,800,0,0,0,0,-8,1
D,202615,1,800,0,0,0,800,0,0,0,0,-8,1
D,202625,1,800,0,0,0,800,0,0,0,0,-8,1
D,202635,1,800,0,0,0,800,0,0,0,0,-8,1
D,202645,1,800,0,0,0,800,0,0,0,0,-8,1
D,202655,1,800,0,0,0,800,0,0,0,0,-8,1
D,202665,1,800,0,0,0,800,0,0,0,0,-8,1
D,202675,1,800,0,0,0,800,0,0,0,0,-8,1
D,202685,1,800,0,0,0,800,0,0,0,0,-8,1
D,202695,1,800,0,0,0,800,0,0,0,0,-8,1
D,202705,1,800,0,0,0,800,0,0,0,0,-8,1
D,202715,1,800,0,0,0,800,0,0,0,0,-8,1
D,202725,1,800,0,0,0,800,0,0,0,0,-8,1
D,202735,1,800,0,0,0,800,0,0,0,0,-8,1
D,202745,1,800,0,0,0,800,0,0,0,0,-8,1
D,202755,1,800,0,0,0,800,0,0,0,0,-8,1
D,202765,1,800,0,0,0,800,0,0,0,0,-8,1
D,202775,1,800,0,0,0,800,0,0,0,0,-8,1
D,202785,1,800,0,0,0,800,0,0,0,0,-8,1
D,202795,1,800,0,0,0,800,0,0,0,0,-8,1
D,202805,1,800,0,0,0,800,0,0,0,0,-8,1
D,202815,1,800,0,0,0,800,0,0,0,0,-8,1
D,202825,1,800,0,0,0,800,0,0,0,0,-8,1
D,202835,1,800,0,0,0,800,0,0,0,0,-8,1
D,202845,1,800,0,0,0,800,0,0,0,0,-8,1
D,202855,1,800,0,0,0,800,0,0,0,0,-8,1
D,202865,1,800,0,0,0,800,0,0,0,0,-8,1
D,202875,1,800,0,0,0,800,0,0,0,0,-8,1
D,202885,1,800,0,0,0,800,0,0,0,0,-8,1
D,202895,1,800,0,0,0,800,0,0,0,0,-8,1
D,202905,1,800,0,0,0,800,0,0,0,0,-8,1
D,202915,1,800,0,0,0,800,0,0,0,0,-8,1
D,202925,1,800,0,0,0,800,0,0,0,0,-8,1
D,202935,1,800,0,0,0,800,0,0,0,0,-8,1
D,202945,1,800,0,0,0,800,0,0,0,0,-8,1
D,202955,1,800,0,0,0,800,0,0,0,0,-8,1
D,202965,1,800,0,0,0,800,0,0,0,0,-8,1
D,202975,1,800,0,0,0,800,0,0,0,0,-8,1
D,202985,1,800,0,0,0,800,0,0,0,0,-8,1
D,202995,1,800,0,0,0,800,0,0,0,0,-8,1
D,203005,1,800,0,0,0,800,0,0,0,0,-8,1
D,203015,1,800,0,0,0,800,0,0,0,0,-8,1
D,203025,1,800,0,0,0,800,0,0,0,0,-8,1
D,203035,1,800,0,0,0,800,0,0,0,0,-8,1
D,203045,1,800,0,0,0,800,0,0,0,0,-8,1
D,203055,1,800,0,0,0,800,0,0,0,0,-8,1
D,203065,1,800,0,0,0,800,0,0,0,0,-8,1
D,203075,1,800,0,0,0,800,0,0,0,0,-8,1
D,203085,1,800,0,0,0,800,0,0,0,0,-8,1
D,203095,1,800,0,0,0,800,0,0,0,0,-8,1
D,203105,1,800,0,0,0,800,0,0,0,0,-8,1
D,203115,1,800,0,0,0,800,0,0,0,0,-8,1
D,203125,1,800,0,0,0,800,0,0,0,0,-8,1
D,203135,1,800,0,0,0,800,0,0,0,0,-8,1
D,203145,1,800,0,0,0,800,0,0,0,0,-8,1
D,203155,1,800,0,0,0,800,0,0,0,0,-8,1
D,203165,1,800,0,0,0,800,0,0,0,0,-8,1
D,203175,1,800,0,0,0,800,0,0,0,0,-8,1
D,203185,1,800,0,0,0,800,0,0,0,0,-8,1
D,203195,1,800,0,0,0,800,0,0,0,0,-8,1
D,203205,1,800,0,0,0,800,0,0,0,0,-8,1
D,203215,1,800,0,0,0,800,0,0,0,0,-8,1
D,203225,1,800,0,0,0,800,0,0,0,0,-8,1
D,203235,1,800,0,0,0,800,0,0,0,0,-8,1
D,203245,1,800,0,0,0,800,0,0,0,0,-8,1
D,203255,1,800,0,0,0,800,0,0,0,0,-8,1
D,203265,1,800,0,0,0,800,0,0,0,0,-8,1
D,203275,1,800,0,0,0,800,0,0,0,0,-8,1
D,203285,1,800,0,0,0,800,0,0,0,0,-8,1
D,203295,1,800,0,0,0,800,0,0,0,0,-8,1
D,203305,1,800,0,0,0,800,0,0,0,0,-8,1
D,203315,1,800,0,0,0,800,0,0,0,0,-8,1
D,203325,1,800,0,0,0,800,0,0,0,0,-8,1
D,203335,1,800,0,0,0,800,0,0,0,0,-8,1
D,203345,1,800,0,0,0,800,0,0,0,0,-8,1
D,203355,1,800,0,0,0,800,0,0,0,0,-8,1
D,203365,1,800,0,0,0,800,0,0,0,0,-8,1
D,203375,1,800,0,0,0,800,0,0,0,0,-8,1
D,203385,1,800,0,0,0,800,0,0,0,0,-8,1
D,203395,1,800,0,0,0,800,0,0,0,0,-8,1
D,203405,1,800,0,0,0,800,0,0,0,0,-8,1
D,203415,1,800,0,0,0,800,0,0,0,0,-8,1
D,203425,1,800,0,0,0,800,0,0,0,0,-8,1
D,203435,1,800,0,0,0,800,0,0,0,0,-8,1
D,203445,1,800,0,0,0,800,0,0,0,0,-8,1
D,203455,1,800,0,0,0,800,0,0,0,0,-8,1
D,203465,1,800,0,0,0,800,0,0,0,0,-8,1
D,203475,1,800,0,0,0,800,0,0,0,0,-8,1
D,203485,1,800,0,0,0,800,0,0,0,0,-8,1
D,203495,1,800,0,0,0,800,0,0,0,0,-8,1
D,203505,1,800,0,0,0,800,0,0,0,0,-8,1
D,203515,1,800,0,0,0,800,0,0,0,0,-8,1
D,203525,1,800,0,0,0,800,0,0,0,0,-8,1
D,203535,1,800,0,0,0,800,0,0,0,0,-8,1
D,203545,1,800,0,0,0,800,0,0,0,0,-8,1
D,203555,1,800,0,0,0,800,0,0,0,0,-8,1
D,203565,1,800,0,0,0,800,0,0,0,0,-8,1
D,203575,1,800,0,0,0,800,0,0,0,0,-8,1
D,203585,1,800,0,0,0,800,0,0,0,0,-8,1
D,203595,1,800,0,0,0,800,0,0,0,0,-8,1
D,203605,1,800,0,0,0,800,0,0,0,0,-8,1
D,203615,1,800,0,0,0,800,0,0,0,0,-8,1
D,203625,1,800,0,0,0,800,0,0,0,0,-8,1
D,203635,1,800,0,0,0,800,0,0,0,0,-8,1
D,203645,1,800,0,0,0,800,0,0,0,0,-8,1
D,203655,1,800,0,0,0,800,0,0,0,0,-8,1
D,203665,1,800,0,0,0,800,0,0,0,0,-8,1
D,203675,1,800,0,0,0,800,0,0,0,0,-8,1
D,203685,1,800,0,0,0,800,0,0,0,0,-8,1
D,203695,1,800,0,0,0,800,0,0,0,0,-8,1
D,203705,1,800,0,0,0,800,0,0,0,0,-8,1
D,203715,1,800,0,0,0,800,0,0,0,0,-8,1
D,203725,1,800,0,0,0,800,0,0,0,0,-8,1
D,203735,1,800,0,0,0,800,0,0,0,0,-8,1
D,203745,1,800,0,0,0,800,0,0,0,0,-8,1
D,203755,1,800,0,0,0,800,0,0,0,0,-8,1
D,203765,1,800,0,0,0,800,0,0,0,0,-8,1
D,203775,1,800,0,0,0,800,0,0,0,0,-8,1
D,203785,1,800,0,0,0,800,0,0,0,0,-8,1
D,203795,1,800,0,0,0,800,0,0,0,0,-8,1
D,203805,1,800,0,0,0,800,0,0,0,0,-8,1
D,203815,1,800,0,0,0,800,0,0,0,0,-8,1
D,203825,1,800,0,0,0,800,0,0,0,0,-8,1
D,203835,1,800,0,0,0,800,0,0,0,0,-8,1
D,203845,1,800,0,0,0,800,0,0,0,0,-8,1
D,203855,1,800,0,0,0,800,0,0,0,0,-8,1
D,203865,1,800,0,0,0,800,0,0,0,0,-8,1
D,203875,1,800,0,0,0,800,0,0,0,0,-8,1
D,203885,1,800,0,0,0,800,0,0,0,0,-8,1
D,203895,1,800,0,0,0,800,0,0,0,0,-8,1
D,203905,1,800,0,0,0,800,0,0,0,0,-8,1
D,203915,1,800,0,0,0,800,0,0,0,0,-8,1
D,203925,1,800,0,0,0,800,0,0,0,0,-8,1
D,203935,1,800,0,0,0,800,0,0,0,0,-8,1
D,203945,1,800,0,0,0,800,0,0,0,0,-8,1
D,203955,1,800,0,0,0,800,0,0,0,0,-8,1
D,203965,1,800,0,0,0,800,0,0,0,0,-8,1
D,203975,1,800,0,0,0,800,0,0,0,0,-8,1
D,203985,1,800,0,0,0,800,0,0,0,0,-8,1
D,203995,1,800,0,0,0,800,0,0,0,0,-8,1
D,204005,1,800,0,0,0,800,0,0,0,0,-8,1
D,204015,1,800,0,0,0,800,0,0,0,0,-8,1
D,204025,1,800,0,0,0,800,0,0,0,0,-8,1
D,204035,1,800,0,0,0,800,0,0,0,0,-8,1
D,204045,1,800,0,0,0,800,0,0,0,0,-8,1
D,204055,1,800,0,0,0,800,0,0,0,0,-8,1
D,204065,1,800,0,0,0,800,0,0,0,0,-8,1
D,204075,1,800,0,0,0,800,0,0,0,0,-8,1
D,204085,1,800,0,0,0,800,0,0,0,0,-8,1
D,204095,1,800,0,0,0,800,0,0,0,0,-8,1
D,204105,1,800,0,0,0,800,0,0,0,0,-8,1
D,204115,1,800,0,0,0,800,0,0,0,0,-8,1
D,204125,1,800,0,0,0,800,0,0,0,0,-8,1
D,204135,1,800,0,0,0,800,0,0,0,0,-8,1
D,204145,1,800,0,0,0,800,0,0,0,0,-8,1
D,204155,1,800,0,0,0,800,0,0,0,0,-8,1
D,204165,1,800,0,0,0,800,0,0,0,0,-8,1
D,204175,1,800,0,0,0,800,0,0,0,0,-8,1
D,204185,1,800,0,0,0,800,0,0,0,0,-8,1
D,204195,1,800,0,0,0,800,0,0,0,0,-8,1
D,204205,1,800,0,0,0,800,0,0,0,0,-8,1
D,204215,1,800,0,0,0,800,0,0,0,0,-8,1
D,204225,1,1600,0,0,0,1600,0,0,0,0,-8,1
D,204235,1,1600,0,0,0,1600,0,0,0,0,-8,1
D,204245,1,1600,0,0,0,1600,0,0,0,0,-8,1
D,204255,1,1600,0,0,0,1600,0,0,0,0,-8,1
D,204265,1,1600,0,0,0,1600,0,0,0,0,-8,1
D,204275,1,1600,0,0,0,1600,0,0,0,0,-8,1
D,204285,1,1600,0,0,0,1600,0,0,0,0,-8,1
D,204295,1,1600,0,0,0,1600,0,0,0,0,-8,1
D,204305,1,1600,0,0,0,1600,0,0,0,0,-8,1
D,204315,1,1600,0,0,0,1600,0,0,0,0,-8,1
D,204325,1,1600,0,0,0,1600,0,0,0,0,-8,1
D,204335,1,1600,0,0,0,1600,0,0,0,0,-8,1
D,204345,1,1600,0,0,0,1600,0,0,0,0,-8,1
D,204355,1,1600,0,0,0,1600,0,0,0,0,-8,1
D,204365,1,1600,0,0,0,1600,0,0,0,0,-8,1
D,204375,1,1600,0,0,0,1600,0,0,0,0,-8,1
D,204385,1,1600,0,0,0,1600,0,0,0,0,-8,1
D,204395,1,1600,0,0,0,1600,0,0,0,0,-8,1
D,204405,1,1600,0,0,0,1600,0,0,0,0,-8,1
D,204415,1,1600,0,0,0,1600,0,0,0,0,-8,1
D,204425,1,1600,0,0,0,1600,0,0,0,0,-8,1
D,204435,1,1600,0,0,0,1600,0,0,0,0,-8,1
D,204445,1,1600,0,0,0,1600,0,0,0,0,-8,1
D,204455,1,1600,0,0,0,1600,0,0,0,0,-8,1
D,204465,1,1600,0,0,0,1600,0,0,0,0,-8,1
D,204475,1,1600,0,0,0,1600,0,0,0,0,-8,1
D,204485,1,1600,0,0,0,1600,0,0,0,0,-8,1
D,204495,1,1600,0,0,0,1600,0,0,0,0,-8,1
D,204505,1,1600,0,0,0,1600,0,0,0,0,-8,1
D,204515,1,1600,0,0,0,1600,0,0,0,0,-8,1
D,204525,1,1600,0,0,0,1600,0,0,0,0,-8,1
D,204535,1,1600,0,0,0,1600,0,0,0,0,-8,1
D,204545,1,1600,0,0,0,1600,0,0,0,0,-8,1
D,204555,1,1600,0,0,0,1600,0,0,0,0,-8,1
D,204565,1,1600,0,0,0,1600,0,0,0,0,-8,1
D,204575,1,1600,0,0,0,1600,0,0,0,0,-8,1
D,204585,1,1600,0,0,0,1600,0,0,0,0,-8,1
D,204595,1,1600,0,0,0,1600,0,0,0,0,-8,1
D,204605,1,1600,0,0,0,1600,0,0,0,0,-8,1
D,204615,1,1600,0,0,0,1600,0,0,0,0,-8,1
D,204625,1,1600,0,0,0,1600,0,0,0,0,-8,1
D,204635,1,1600,0,0,0,1600,0,0,0,0,-8,1
D,204645,1,1600,0,0,0,1600,0,0,0,0,-8,1
D,204655,1,1600,0,0,0,1600,0,0,0,0,-8,1
D,204665,1,1600,0,0,0,1600,0,0,0,0,-8,1
D,204675,1,1600,0,0,0,1600,0,0,0,0,-8,1
D,204685,1,1600,0,0,0,1600,0,0,0,0,-8,1
D,204695,1,1600,0,0,0,1600,0,0,0,0,-8,1
D,204705,1,1600,0,0,0,1600,0,0,0,0,-8,1
D,204715,1,1600,0,0,0,1600,0,0,0,0,-8,1
D,204725,1,1600,0,0,0,1600,0,0,0,0,-8,1
D,204735,1,1600,0,0,0,1600,0,0,0,0,-8,1
D,204745,1,1600,0,0,0,1600,0,0,0,0,-8,1
D,204755,1,1600,0,0,0,1600,0,0,0,0,-8,1
D,204765,1,1600,0,0,0,1600,0,0,0,0,-8,1
D,204775,1,1600,0,0,0,1600,0,0,0,0,-8,1
D,204785,1,1600,0,0,0,1600,0,0,0,0,-8,1
D,204795,1,1600,0,0,0,1600,0,0,0,0,-8,1
D,204805,1,1600,0,0,0,1600,0,0,0,0,-8,1
D,204815,1,1600,0,0,0,1600,0,0,0,0,-8,1
D,204825,1,1600,0,0,0,1600,0,0,0,0,-8,1
D,204835,1,1600,0,0,0,1600,0,0,0,0,-8,1
D,204845,1,1600,0,0,0,1600,0,0,0,0,-8,1
D,204855,1,1600,0,0,0,1600,0,0,0,0,-8,1
D,204865,1,1600,0,0,0,1600,0,0,0,0,-8,1
D,204875,1,1600,0,0,0,1600,0,0,0,0,-8,1
D,204885,1,1600,0,0,0,1600,0,0,0,0,-8,1
D,204895,1,1600,0,0,0,1600,0,0,0,0,-8,1
D,204905,1,1600,0,0,0,1600,0,0,0,0,-8,1
D,204915,1,1600,0,0,0,1600,0,0,0,0,-8,1
D,204925,1,1600,0,0,0,1600,0,0,0,0,-8,1
D,204935,1,1600,0,0,0,1600,0,0,0,0,-8,1
D,204945,1,1600,0,0,0,1600,0,0,0,0,-8,1
D,204955,1,1600,0,0,0,1600,0,0,0,0,-8,1
D,204965,1,1600,0,0,0,1600,0,0,0,0,-8,1
D,204975,1,1600,0,0,0,1600,0,0,0,0,-8,1
D,204985,1,1600,0,0,0,1600,0,0,0,0,-8,1
D,204995,1,1600,0,0,0,1600,0,0,0,0,-8,1
D,205005,1,1600,0,0,0,1600,0,0,0,0,-8,1
D,205015,1,1600,0,0,0,1600,0,0,0,0,-8,1
D,205025,1,1600,0,0,0,1600,0,0,0,0,-8,1
D,205035,1,1600,0,0,0,1600,0,0,0,0,-8,1
D,205045,1,1600,0,0,0,1600,0,0,0,0,-8,1
D,205055,1,1600,0,0,0,1600,0,0,0,0,-8,1
D,205065,1,1600,0,0,0,1600,0,0,0,0,-8,1
D,205075,1,1600,0,0,0,1600,0,0,0,0,-8,1
D,205085,1,1600,0,0,0,1600,0,0,0,0,-8,1
D,205095,1,1600,0,0,0,1600,0,0,0,0,-8,1
D,205105,1,1600,0,0,0,1600,0,0,0,0,-8,1
D,205115,1,1600,0,0,0,1600,0,0,0,0,-8,1
D,205125,1,1600,0,0,0,1600,0,0,0,0,-8,1
D,205135,1,1600,0,0,0,1600,0,0,0,0,-8,1
D,205145,1,1600,0,0,0,1600,0,0,0,0,-8,1
D,205155,1,1600,0,0,0,1600,0,0,0,0,-8,1
D,205165,1,1600,0,0,0,1600,0,0,0,0,-8,1
D,205175,1,1600,0,0,0,1600,0,0,0,0,-8,1
D,205185,1,1600,0,0,0,1600,0,0,0,0,-8,1
D,205195,1,1600,0,0,0,1600,0,0,0,0,-8,1
D,205205,1,1600,0,0,0,1600,0,0,0,0,-8,1
D,205215,1,1600,0,0,0,1600,0,0,0,0,-8,1
D,205225,1,1600,0,0,0,1600,0,0,0,0,-8,1
D,205235,1,1600,0,0,0,1600,0,0,0,0,-8,1
D,205245,1,1600,0,0,0,1600,0,0,0,0,-8,1
D,205255,1,1600,0,0,0,1600,0,0,0,0,-8,1
D,205265,1,1600,0,0,0,1600,0,0,0,0,-8,1
D,205275,1,1600,0,0,0,1600,0,0,0,0,-8,1
D,205285,1,1600,0,0,0,1600,0,0,0,0,-8,1
D,205295,1,1600,0,0,0,1600,0,0,0,0,-8,1
D,205305,1,1600,0,0,0,1600,0,0,0,0,-8,1
D,205315,1,1600,0,0,0,1600,0,0,0,0,-8,1
D,205325,1,1600,0,0,0,1600,0,0,0,0,-8,1
D,205335,1,1600,0,0,0,1600,0,0,0,0,-8,1
D,205345,1,1600,0,0,0,1600,0,0,0,0,-8,1
D,205355,1,1600,0,0,0,1600,0,0,0,0,-8,1
D,205365,1,1600,0,0,0,1600,0,0,0,0,-8,1
D,205375,1,1600,0,0,0,1600,0,0,0,0,-8,1
D,205385,1,1600,0,0,0,1600,0,0,0,0,-8,1
D,205395,1,1600,0,0,0,1600,0,0,0,0,-8,1
D,205405,1,1600,0,0,0,1600,0,0,0,0,-8,1
D,205415,1,1600,0,0,0,1600,0,0,0,0,-8,1
D,205425,1,1600,0,0,0,1600,0,0,0,0,-8,1
D,205435,1,1600,0,0,0,1600,0,0,0,0,-8,1
D,205445,1,1600,0,0,0,1600,0,0,0,0,-8,1
D,205455,1,1600,0,0,0,1600,0,0,0,0,-8,1
D,205465,1,1600,0,0,0,1600,0,0,0,0,-8,1
D,205475,1,1600,0,0,0,1600,0,0,0,0,-8,1
D,205485,1,1600,0,0,0,1600,0,0,0,0,-8,1
D,205495,1,1600,0,0,0,1600,0,0,0,0,-8,1
D,205505,1,1600,0,0,0,1600,0,0,0,0,-8,1
D,205515,1,1600,0,0,0,1600,0,0,0,0,-8,1
D,205525,1,1600,0,0,0,1600,0,0,0,0,-8,1
D,205535,1,1600,0,0,0,1600,0,0,0,0,-8,1
D,205545,1,1600,0,0,0,1600,0,0,0,0,-8,1
D,205555,1,1600,0,0,0,1600,0,0,0,0,-8,1
D,205565,1,1600,0,0,0,1600,0,0,0,0,-8,1
D,205575,1,1600,0,0,0,1600,0,0,0,0,-8,1
D,205585,1,1600,0,0,0,1600,0,0,0,0,-8,1
D,205595,1,1600,0,0,0,1600,0,0,0,0,-8,1
D,205605,1,1600,0,0,0,1600,0,0,0,0,-8,1
D,205615,1,1600,0,0,0,1600,0,0,0,0,-8,1
D,205625,1,1600,0,0,0,1600,0,0,0,0,-8,1
D,205635,1,1600,0,0,0,1600,0,0,0,0,-8,1
D,205645,1,1600,0,0,0,1600,0,0,0,0,-8,1
D,205655,1,1600,0,0,0,1600,0,0,0,0,-8,1
D,205665,1,1600,0,0,0,1600,0,0,0,0,-8,1
D,205675,1,1600,0,0,0,1600,0,0,0,0,-8,1
D,205685,1,1600,0,0,0,1600,0,0,0,0,-8,1
D,205695,1,1600,0,0,0,1600,0,0,0,0,-8,1
D,205705,1,1600,0,0,0,1600,0,0,0,0,-8,1
D,205715,1,1600,0,0,0,1600,0,0,0,0,-8,1
D,205725,1,1600,0,0,0,1600,0,0,0,0,-8,1
D,205735,1,1600,0,0,0,1600,0,0,0,0,-8,1
D,205745,1,1600,0,0,0,1600,0,0,0,0,-8,1
D,205755,1,1600,0,0,0,1600,0,0,0,0,-8,1
D,205765,1,1600,0,0,0,1600,0,0,0,0,-8,1
D,205775,1,1600,0,0,0,1600,0,0,0,0,-8,1
D,205785,1,1600,0,0,0,1600,0,0,0,0,-8,1
D,205795,1,1600,0,0,0,1600,0,0,0,0,-8,1
D,205805,1,1600,0,0,0,1600,0,0,0,0,-8,1
D,205815,1,1600,0,0,0,1600,0,0,0,0,-8,1
D,205825,1,1600,0,0,0,1600,0,0,0,0,-8,1
D,205835,1,1600,0,0,0,1600,0,0,0,0,-8,1
D,205845,1,1600,0,0,0,1600,0,0,0,0,-8,1
D,205855,1,1600,0,0,0,1600,0,0,0,0,-8,1
D,205865,1,1600,0,0,0,1600,0,0,0,0,-8,1
D,205875,1,1600,0,0,0,1600,0,0,0,0,-8,1
D,205885,1,1600,0,0,0,1600,0,0,0,0,-8,1
D,205895,1,1600,0,0,0,1600,0,0,0,0,-8,1
D,205905,1,1600,0,0,0,1600,0,0,0,0,-8,1
D,205915,1,1600,0,0,0,1600,0,0,0,0,-8,1
D,205925,1,1600,0,0,0,1600,0,0,0,0,-8,1
D,205935,1,1600,0,0,0,1600,0,0,0,0,-8,1
D,205945,1,1600,0,0,0,1600,0,0,0,0,-8,1
D,205955,1,1600,0,0,0,1600,0,0,0,0,-8,1
D,205965,1,1600,0,0,0,1600,0,0,0,0,-8,1
D,205975,1,1600,0,0,0,1600,0,0,0,0,-8,1
D,205985,1,1600,0,0,0,1600,0,0,0,0,-8,1
D,205995,1,1600,0,0,0,1600,0,0,0,0,-8,1
D,206005,1,1600,0,0,0,1600,0,0,0,0,-8,1
D,206015,1,1600,0,0,0,1600,0,0,0,0,-8,1
D,206025,1,1600,0,0,0,1600,0,0,0,0,-8,1
D,206035,1,1600,0,0,0,1600,0,0,0,0,-8,1
D,206045,1,1600,0,0,0,1600,0,0,0,0,-8,1
D,206055,1,1600,0,0,0,1600,0,0,0,0,-8,1
D,206065,1,1600,0,0,0,1600,0,0,0,0,-8,1
D,206075,1,1600,0,0,0,1600,0,0,0,0,-8,1
D,206085,1,1600,0,0,0,1600,0,0,0,0,-8,1
D,206095,1,1600,0,0,0,1600,0,0,0,0,-8,1
D,206105,1,1600,0,0,0,1600,0,0,0,0,-8,1
D,206115,1,1600,0,0,0,1600,0,0,0,0,-8,1
D,206125,1,1600,0,0,0,1600,0,0,0,0,-8,1
D,206135,1,1600,0,0,0,1600,0,0,0,0,-8,1
D,206145,1,1600,0,0,0,1600,0,0,0,0,-8,1
D,206155,1,1600,0,0,0,1600,0,0,0,0,-8,1
D,206165,1,1600,0,0,0,1600,0,0,0,0,-8,1
D,206175,1,1600,0,0,0,1600,0,0,0,0,-8,1
D,206185,1,1600,0,0,0,1600,0,0,0,0,-8,1
D,206195,1,1600,0,0,0,1600,0,0,0,0,-8,1
D,206205,1,1600,0,0,0,1600,0,0,0,0,-8,1
D,206215,1,1600,0,0,0,1600,0,0,0,0,-8,1
D,206225,1,1600,0,0,0,1600,0,0,0,0,-8,1
D,206235,1,1600,0,0,0,1600,0,0,0,0,-8,1
D,206245,1,1600,0,0,0,1600,0,0,0,0,-8,1
D,206255,1,1600,0,0,0,1600,0,0,0,0,-8,1
D,206265,1,1600,0,0,0,1600,0,0,0,0,-8,1
D,206275,1,1600,0,0,0,1600,0,0,0,0,-8,1
D,206285,1,1600,0,0,0,1600,0,0,0,0,-8,1
D,206295,1,1600,0,0,0,1600,0,0,0,0,-8,1
D,206305,1,1600,0,0,0,1600,0,0,0,0,-8,1
D,206315,1,1600,0,0,0,1600,0,0,0,0,-8,1
D,206325,1,1600,0,0,0,1600,0,0,0,0,-8,1
D,206335,1,1600,0,0,0,1600,0,0,0,0,-8,1
D,206345,1,1600,0,0,0,1600,0,0,0,0,-8,1
D,206355,1,1600,0,0,0,1600,0,0,0,0,-8,1
D,206365,1,1600,0,0,0,1600,0,0,0,0,-8,1
D,206375,1,1600,0,0,0,1600,0,0,0,0,-8,1
D,206385,1,1600,0,0,0,1600,0,0,0,0,-8,1
D,206395,1,1600,0,0,0,1600,0,0,0,0,-8,1
D,206405,1,1600,0,0,0,1600,0,0,0,0,-8,1
D,206415,1,1600,0,0,0,1600,0,0,0,0,-8,1
D,206425,1,1600,0,0,0,1600,0,0,0,0,-8,1
D,206435,1,1600,0,0,0,1600,0,0,0,0,-8,1
D,206445,1,1600,0,0,0,1600,0,0,0,0,-8,1
D,206455,1,1600,0,0,0,1600,0,0,0,0,-8,1
D,206465,1,1600,0,0,0,1600,0,0,0,0,-8,1
D,206475,1,1600,0,0,0,1600,0,0,0,0,-8,1
D,206485,1,1600,0,0,0,1600,0,0,0,0,-8,1
D,206495,1,1600,0,0,0,1600,0,0,0,0,-8,1
D,206505,1,1600,0,0,0,1600,0,0,0,0,-8,1
D,206515,1,1600,0,0,0,1600,0,0,0,0,-8,1
D,206525,1,1600,0,0,0,1600,0,0,0,0,-8,1
D,206535,1,1600,0,0,0,1600,0,0,0,0,-8,1
D,206545,1,1600,0,0,0,1600,0,0,0,0,-8,1
D,206555,1,1600,0,0,0,1600,0,0,0,0,-8,1
D,206565,1,1600,0,0,0,1600,0,0,0,0,-8,1
D,206575,1,1600,0,0,0,1600,0,0,0,0,-8,1
D,206585,1,1600,0,0,0,1600,0,0,0,0,-8,1
D,206595,1,1600,0,0,0,1600,0,0,0,0,-8,1
D,206605,1,1600,0,0,0,1600,0,0,0,0,-8,1
D,206615,1,1600,0,0,0,1600,0,0,0,0,-8,1
D,206625,1,1600,0,0,0,1600,0,0,0,0,-8,1
D,206635,1,1600,0,0,0,1600,0,0,0,0,-8,1
D,206645,1,1600,0,0,0,1600,0,0,0,0,-8,1
D,206655,1,1600,0,0,0,1600,0,0,0,0,-8,1
D,206665,1,1600,0,0,0,1600,0,0,0,0,-8,1
D,206675,1,1600,0,0,0,1600,0,0,0,0,-8,1
D,206685,1,1600,0,0,0,1600,0,0,0,0,-8,1
D,206695,1,1600,0,0,0,1600,0,0,0,0,-8,1
D,206705,1,1600,0,0,0,1600,0,0,0,0,-8,1
D,206715,1,1600,0,0,0,1600,0,0,0,0,-8,1
D,206725,1,1600,0,0,0,1600,0,0,0,0,-8,1
D,206735,1,1600,0,0,0,1600,0,0,0,0,-8,1
D,206745,1,1600,0,0,0,1600,0,0,0,0,-8,1
D,206755,1,1600,0,0,0,1600,0,0,0,0,-8,1
D,206765,1,1600,0,0,0,1600,0,0,0,0,-8,1
D,206775,1,1600,0,0,0,1600,0,0,0,0,-8,1
D,206785,1,1600,0,0,0,1600,0,0,0,0,-8,1
D,206795,1,1600,0,0,0,1600,0,0,0,0,-8,1
D,206805,1,1600,0,0,0,1600,0,0,0,0,-8,1
D,206815,1,1600,0,0,0,1600,0,0,0,0,-8,1
D,206825,1,1600,0,0,0,1600,0,0,0,0,-8,1
D,206835,1,1600,0,0,0,1600,0,0,0,0,-8,1
D,206845,1,1600,0,0,0,1600,0,0,0,0,-8,1
D,206855,1,1600,0,0,0,1600,0,0,0,0,-8,1
D,206865,1,1600,0,0,0,1600,0,0,0,0,-8,1
D,206875,1,1600,0,0,0,1600,0,0,0,0,-8,1
D,206885,1,1600,0,0,0,1600,0,0,0,0,-8,1
D,206895,1,1600,0,0,0,1600,0,0,0,0,-8,1
D,206905,1,1600,0,0,0,1600,0,0,0,0,-8,1
D,206915,1,1600,0,0,0,1600,0,0,0,0,-8,1
D,206925,1,1600,0,0,0,1600,0,0,0,0,-8,1
D,206935,1,1600,0,0,0,1600,0,0,0,0,-8,1
D,206945,1,1600,0,0,0,1600,0,0,0,0,-8,1
D,206955,1,1600,0,0,0,1600,0,0,0,0,-8,1
D,206965,1,1600,0,0,0,1600,0,0,0,0,-8,1
D,206975,1,1600,0,0,0,1600,0,0,0,0,-8,1
D,206985,1,1600,0,0,0,1600,0,0,0,0,-8,1
D,206995,1,1600,0,0,0,1600,0,0,0,0,-8,1
D,207005,1,1600,0,0,0,1600,0,0,0,0,-8,1
D,207015,1,1600,0,0,0,1600,0,0,0,0,-8,1
D,207025,1,1600,0,0,0,1600,0,0,0,0,-8,1
D,207035,1,1600,0,0,0,1600,0,0,0,0,-8,1
D,207045,1,1600,0,0,0,1600,0,0,0,0,-8,1
D,207055,1,1600,0,0,0,1600,0,0,0,0,-8,1
D,207065,1,1600,0,0,0,1600,0,0,0,0,-8,1
D,207075,1,1600,0,0,0,1600,0,0,0,0,-8,1
D,207085,1,1600,0,0,0,1600,0,0,0,0,-8,1
D,207095,1,1600,0,0,0,1600,0,0,0,0,-8,1
D,207105,1,1600,0,0,0,1600,0,0,0,0,-8,1
D,207115,1,1600,0,0,0,1600,0,0,0,0,-8,1
D,207125,1,1600,0,0,0,1600,0,0,0,0,-8,1
D,207135,1,1600,0,0,0,1600,0,0,0,0,-8,1
D,207145,1,1600,0,0,0,1600,0,0,0,0,-8,1
D,207155,1,1600,0,0,0,1600,0,0,0,0,-8,1
D,207165,1,1600,0,0,0,1600,0,0,0,0,-8,1
D,207175,1,1600,0,0,0,1600,0,0,0,0,-8,1
D,207185,1,1600,0,0,0,1600,0,0,0,0,-8,1
D,207195,1,1600,0,0,0,1600,0,0,0,0,-8,1
D,207205,1,1600,0,0,0,1600,0,0,0,0,-8,1
D,207215,1,1600,0,0,0,1600,0,0,0,0,-8,1
D,207225,1,1600,0,0,0,1600,0,0,0,0,-8,1
D,207235,1,1600,0,0,0,1600,0,0,0,0,-8,1
D,207245,1,1600,0,0,0,1600,0,0,0,0,-8,1
D,207255,1,1600,0,0,0,1600,0,0,0,0,-8,1
D,207265,1,1600,0,0,0,1600,0,0,0,0,-8,1
D,207275,1,1600,0,0,0,1600,0,0,0,0,-8,1
D,207285,1,1600,0,0,0,1600,0,0,0,0,-8,1
D,207295,1,1600,0,0,0,1600,0,0,0,0,-8,1
D,207305,1,1600,0,0,0,1600,0,0,0,0,-8,1
D,207315,1,1600,0,0,0,1600,0,0,0,0,-8,1
D,207325,1,1600,0,0,0,1600,0,0,0,0,-8,1
D,207335,1,1600,0,0,0,1600,0,0,0,0,-8,1
D,207345,1,1600,0,0,0,1600,0,0,0,0,-8,1
D,207355,1,1600,0,0,0,1600,0,0,0,0,-8,1
D,207365,1,1600,0,0,0,1600,0,0,0,0,-8,1
D,207375,1,1600,0,0,0,1600,0,0,0,0,-8,1
D,207385,1,1600,0,0,0,1600,0,0,0,0,-8,1
D,207395,1,1600,0,0,0,1600,0,0,0,0,-8,1
D,207405,1,1600,0,0,0,1600,0,0,0,0,-8,1
D,207415,1,1600,0,0,0,1600,0,0,0,0,-8,1
D,207425,1,1600,0,0,0,1600,0,0,0,0,-8,1
D,207435,1,1600,0,0,0,1600,0,0,0,0,-8,1
D,207445,1,1600,0,0,0,1600,0,0,0,0,-8,1
D,207455,1,1600,0,0,0,1600,0,0,0,0,-8,1
D,207465,1,1600,0,0,0,1600,0,0,0,0,-8,1
D,207475,1,1600,0,0,0,1600,0,0,0,0,-8,1
D,207485,1,1600,0,0,0,1600,0,0,0,0,-8,1
D,207495,1,1600,0,0,0,1600,0,0,0,0,-8,1
D,207505,1,1600,0,0,0,1600,0,0,0,0,-8,1
D,207515,1,1600,0,0,0,1600,0,0,0,0,-8,1
D,207525,1,1600,0,0,0,1600,0,0,0,0,-8,1
D,207535,1,1600,0,0,0,1600,0,0,0,0,-8,1
D,207545,1,1600,0,0,0,1600,0,0,0,0,-8,1
D,207555,1,1600,0,0,0,1600,0,0,0,0,-8,1
D,207565,1,1600,0,0,0,1600,0,0,0,0,-8,1
D,207575,1,1600,0,0,0,1600,0,0,0,0,-8,1
D,207585,1,1600,0,0,0,1600,0,0,0,0,-8,1
D,207595,1,1600,0,0,0,1600,0,0,0,0,-8,1
D,207605,1,1600,0,0,0,1600,0,0,0,0,-8,1
D,207615,1,1600,0,0,0,1600,0,0,0,0,-8,1
D,207625,1,1600,0,0,0,1600,0,0,0,0,-8,1
D,207635,1,1600,0,0,0,1600,0,0,0,0,-8,1
D,207645,1,1600,0,0,0,1600,0,0,0,0,-8,1
D,207655,1,1600,0,0,0,1600,0,0,0,0,-8,1
D,207665,1,1600,0,0,0,1600,0,0,0,0,-8,1
D,207675,1,1600,0,0,0,1600,0,0,0,0,-8,1
D,207685,1,1600,0,0,0,1600,0,0,0,0,-8,1
D,207695,1,1600,0,0,0,1600,0,0,0,0,-8,1
D,207705,1,1600,0,0,0,1600,0,0,0,0,-8,1
D,207715,1,1600,0,0,0,1600,0,0,0,0,-8,1
D,207725,1,1600,0,0,0,1600,0,0,0,0,-8,1
D,207735,1,1600,0,0,0,1600,0,0,0,0,-8,1
D,207745,1,1600,0,0,0,1600,0,0,0,0,-8,1
D,207755,1,1600,0,0,0,1600,0,0,0,0,-8,1
D,207765,1,1600,0,0,0,1600,0,0,0,0,-8,1
D,207775,1,1600,0,0,0,1600,0,0,0,0,-8,1
D,207785,1,1600,0,0,0,1600,0,0,0,0,-8,1
D,207795,1,1600,0,0,0,1600,0,0,0,0,-8,1
D,207805,1,1600,0,0,0,1600,0,0,0,0,-8,1
D,207815,1,1600,0,0,0,1600,0,0,0,0,-8,1
D,207825,1,1600,0,0,0,1600,0,0,0,0,-8,1
D,207835,1,1600,0,0,0,1600,0,0,0,0,-8,1
D,207845,1,1600,0,0,0,1600,0,0,0,0,-8,1
D,207855,1,1600,0,0,0,1600,0,0,0,0,-8,1
D,207865,1,1600,0,0,0,1600,0,0,0,0,-8,1
D,207875,1,1600,0,0,0,1600,0,0,0,0,-8,1
D,207885,1,1600,0,0,0,1600,0,0,0,0,-8,1
D,207895,1,1600,0,0,0,1600,0,0,0,0,-8,1
D,207905,1,1600,0,0,0,1600,0,0,0,0,-8,1
D,207915,1,1600,0,0,0,1600,0,0,0,0,-8,1
D,207925,1,1600,0,0,0,1600,0,0,0,0,-8,1
D,207935,1,1600,0,0,0,1600,0,0,0,0,-8,1
D,207945,1,1600,0,0,0,1600,0,0,0,0,-8,1
D,207955,1,1600,0,0,0,1600,0,0,0,0,-8,1
D,207965,1,1600,0,0,0,1600,0,0,0,0,-8,1
D,207975,1,1600,0,0,0,1600,0,0,0,0,-8,1
D,207985,1,1600,0,0,0,1600,0,0,0,0,-8,1
D,207995,1,1600,0,0,0,1600,0,0,0,0,-8,1
D,208005,1,1600,0,0,0,1600,0,0,0,0,-8,1
D,208015,1,1600,0,0,0,1600,0,0,0,0,-8,1
D,208025,1,1600,0,0,0,1600,0,0,0,0,-8,1
D,208035,1,1600,0,0,0,1600,0,0,0,0,-8,1
D,208045,1,1600,0,0,0,1600,0,0,0,0,-8,1
D,208055,1,1600,0,0,0,1600,0,0,0,0,-8,1
D,208065,1,1600,0,0,0,1600,0,0,0,0,-8,1
D,208075,1,1600,0,0,0,1600,0,0,0,0,-8,1
D,208085,1,1600,0,0,0,1600,0,0,0,0,-8,1
D,208095,1,1600,0,0,0,1600,0,0,0,0,-8,1
D,208105,1,1600,0,0,0,1600,0,0,0,0,-8,1
D,208115,1,1600,0,0,0,1600,0,0,0,0,-8,1
D,208125,1,1600,0,0,0,1600,0,0,0,0,-8,1
D,208135,1,1600,0,0,0,1600,0,0,0,0,-8,1
D,208145,1,1600,0,0,0,1600,0,0,0,0,-8,1
D,208155,1,1600,0,0,0,1600,0,0,0,0,-8,1
D,208165,1,1600,0,0,0,1600,0,0,0,0,-8,1
D,208175,1,1600,0,0,0,1600,0,0,0,0,-8,1
D,208185,1,1600,0,0,0,1600,0,0,0,0,-8,1
D,208195,1,1600,0,0,0,1600,0,0,0,0,-8,1
D,208205,1,1600,0,0,0,1600,0,0,0,0,-8,1
D,208215,1,1600,0,0,0,1600,0,0,0,0,-8,1
D,208225,1,1600,0,0,0,1600,0,0,0,0,-8,1
D,208235,1,1600,0,0,0,1600,0,0,0,0,-8,1
D,208245,1,1600,0,0,0,1600,0,0,0,0,-8,1
D,208255,1,1600,0,0,0,1600,0,0,0,0,-8,1
D,208265,1,1600,0,0,0,1600,0,0,0,0,-8,1
D,208275,1,1600,0,0,0,1600,0,0,0,0,-8,1
D,208285,1,1600,0,0,0,1600,0,0,0,0,-8,1
D,208295,1,1600,0,0,0,1600,0,0,0,0,-8,1
D,208305,1,1600,0,0,0,1600,0,0,0,0,-8,1
D,208315,1,1600,0,0,0,1600,0,0,0,0,-8,1
D,208325,1,1600,0,0,0,1600,0,0,0,0,-8,1
D,208335,1,1600,0,0,0,1600,0,0,0,0,-8,1
D,208345,1,1600,0,0,0,1600,0,0,0,0,-8,1
D,208355,1,1600,0,0,0,1600,0,0,0,0,-8,1
D,208365,1,1600,0,0,0,1600,0,0,0,0,-8,1
D,208375,1,1600,0,0,0,1600,0,0,0,0,-8,1
D,208385,1,1600,0,0,0,1600,0,0,0,0,-8,1
D,208395,1,1600,0,0,0,1600,0,0,0,0,-8,1
D,208405,1,1600,0,0,0,1600,0,0,0,0,-8,1
D,208415,1,1600,0,0,0,1600,0,0,0,0,-8,1
D,208425,1,1600,0,0,0,1600,0,0,0,0,-8,1
D,208435,1,1600,0,0,0,1600,0,0,0,0,-8,1
D,208445,1,1600,0,0,0,1600,0,0,0,0,-8,1
D,208455,1,1600,0,0,0,1600,0,0,0,0,-8,1
D,208465,1,1600,0,0,0,1600,0,0,0,0,-8,1
D,208475,1,1600,0,0,0,1600,0,0,0,0,-8,1
D,208485,1,1600,0,0,0,1600,0,0,0,0,-8,1
D,208495,1,1600,0,0,0,1600,0,0,0,0,-8,1
D,208505,1,1600,0,0,0,1600,0,0,0,0,-8,1
D,208515,1,1600,0,0,0,1600,0,0,0,0,-8,1
D,208525,1,1600,0,0,0,1600,0,0,0,0,-8,1
D,208535,1,1600,0,0,0,1600,0,0,0,0,-8,1
D,208545,1,1600,0,0,0,1600,0,0,0,0,-8,1
D,208555,1,1600,0,0,0,1600,0,0,0,0,-8,1
D,208565,1,1600,0,0,0,1600,0,0,0,0,-8,1
D,208575,1,1600,0,0,0,1600,0,0,0,0,-8,1
D,208585,1,1600,0,0,0,1600,0,0,0,0,-8,1
D,208595,1,1600,0,0,0,1600,0,0,0,0,-8,1
D,208605,1,1600,0,0,0,1600,0,0,0,0,-8,1
D,208615,1,1600,0,0,0,1600,0,0,0,0,-8,1
D,208625,1,1600,0,0,0,1600,0,0,0,0,-8,1
D,208635,1,1600,0,0,0,1600,0,0,0,0,-8,1
D,208645,1,1600,0,0,0,1600,0,0,0,0,-8,1
D,208655,1,1600,0,0,0,1600,0,0,0,0,-8,1
D,208665,1,1600,0,0,0,1600,0,0,0,0,-8,1
D,208675,1,1600,0,0,0,1600,0,0,0,0,-8,1
D,208685,1,1600,0,0,0,1600,0,0,0,0,-8,1
D,208695,1,1600,0,0,0,1600,0,0,0,0,-8,1
D,208705,1,1600,0,0,0,1600,0,0,0,0,-8,1
D,208715,1,1600,0,0,0,1600,0,0,0,0,-8,1
D,208725,1,1600,0,0,0,1600,0,0,0,0,-8,1
D,208735,1,1600,0,0,0,1600,0,0,0,0,-8,1
D,208745,1,1600,0,0,0,1600,0,0,0,0,-8,1
D,208755,1,1600,0,0,0,1600,0,0,0,0,-8,1
D,208765,1,1600,0,0,0,1600,0,0,0,0,-8,1
D,208775,1,1600,0,0,0,1600,0,0,0,0,-8,1
D,208785,1,1600,0,0,0,1600,0,0,0,0,-8,1
D,208795,1,1600,0,0,0,1600,0,0,0,0,-8,1
D,208805,1,1600,0,0,0,1600,0,0,0,0,-8,1
D,208815,1,1600,0,0,0,1600,0,0,0,0,-8,1
D,208825,1,1600,0,0,0,1600,0,0,0,0,-8,1
D,208835,1,1600,0,0,0,1600,0,0,0,0,-8,1
D,208845,1,1600,0,0,0,1600,0,0,0,0,-8,1
D,208855,1,1600,0,0,0,1600,0,0,0,0,-8,1
D,208865,1,1600,0,0,0,1600,0,0,0,0,-8,1
D,208875,1,1600,0,0,0,1600,0,0,0,0,-8,1
D,208885,1,1600,0,0,0,1600,0,0,0,0,-8,1
D,208895,1,1600,0,0,0,1600,0,0,0,0,-8,1
D,208905,1,1600,0,0,0,1600,0,0,0,0,-8,1
D,208915,1,1600,0,0,0,1600,0,0,0,0,-8,1
D,208925,1,1600,0,0,0,1600,0,0,0,0,-8,1
D,208935,1,1600,0,0,0,1600,0,0,0,0,-8,1
D,208945,1,1600,0,0,0,1600,0,0,0,0,-8,1
D,208955,1,1600,0,0,0,1600,0,0,0,0,-8,1
D,208965,1,1600,0,0,0,1600,0,0,0,0,-8,1
D,208975,1,1600,0,0,0,1600,0,0,0,0,-8,1
D,208985,1,1600,0,0,0,1600,0,0,0,0,-8,1
D,208995,1,1600,0,0,0,1600,0,0,0,0,-8,1
D,209005,1,1600,0,0,0,1600,0,0,0,0,-8,1
D,209015,1,1600,0,0,0,1600,0,0,0,0,-8,1
D,209025,1,1600,0,0,0,1600,0,0,0,0,-8,1
D,209035,1,1600,0,0,0,1600,0,0,0,0,-8,1
D,209045,1,1600,0,0,0,1600,0,0,0,0,-8,1
D,209055,1,1600,0,0,0,1600,0,0,0,0,-8,1
D,209065,1,1600,0,0,0,1600,0,0,0,0,-8,1
D,209075,1,1600,0,0,0,1600,0,0,0,0,-8,1
D,209085,1,1600,0,0,0,1600,0,0,0,0,-8,1
D,209095,1,1600,0,0,0,1600,0,0,0,0,-8,1
D,209105,1,1600,0,0,0,1600,0,0,0,0,-8,1
D,209115,1,1600,0,0,0,1600,0,0,0,0,-8,1
D,209125,1,1600,0,0,0,1600,0,0,0,0,-8,1
D,209135,1,1600,0,0,0,1600,0,0,0,0,-8,1
D,209145,1,1600,0,0,0,1600,0,0,0,0,-8,1
D,209155,1,1600,0,0,0,1600,0,0,0,0,-8,1
D,209165,1,1600,0,0,0,1600,0,0,0,0,-8,1
D,209175,1,1600,0,0,0,1600,0,0,0,0,-8,1
D,209185,1,1600,0,0,0,1600,0,0,0,0,-8,1
D,209195,1,1600,0,0,0,1600,0,0,0,0,-8,1
D,209205,1,1600,0,0,0,1600,0,0,0,0,-8,1
D,209215,1,1600,0,0,0,1600,0,0,0,0,-8,1
D,209225,1,1600,0,0,0,1600,0,0,0,0,-8,1
D,209235,1,1600,0,0,0,1600,0,0,0,0,-8,1
D,209245,1,1600,0,0,0,1600,0,0,0,0,-8,1
D,209255,1,1600,0,0,0,1600,0,0,0,0,-8,1
D,209265,1,1600,0,0,0,1600,0,0,0,0,-8,1
D,209275,1,1600,0,0,0,1600,0,0,0,0,-8,1
D,209285,1,1600,0,0,0,1600,0,0,0,0,-8,1
D,209295,1,1600,0,0,0,1600,0,0,0,0,-8,1
D,209305,1,1600,0,0,0,1600,0,0,0,0,-8,1
D,209315,1,1600,0,0,0,1600,0,0,0,0,-8,1
D,209325,1,1600,0,0,0,1600,0,0,0,0,-8,1
D,209335,1,1600,0,0,0,1600,0,0,0,0,-8,1
D,209345,1,1600,0,0,0,1600,0,0,0,0,-8,1
D,209355,1,1600,0,0,0,1600,0,0,0,0,-8,1
D,209365,1,1600,0,0,0,1600,0,0,0,0,-8,1
D,209375,1,1600,0,0,0,1600,0,0,0,0,-8,1
D,209385,1,1600,0,0,0,1600,0,0,0,0,-8,1
D,209395,1,1600,0,0,0,1600,0,0,0,0,-8,1
D,209405,1,1600,0,0,0,1600,0,0,0,0,-8,1
D,209415,1,1600,0,0,0,1600,0,0,0,0,-8,1
D,209425,1,1600,0,0,0,1600,0,0,0,0,-8,1
D,209435,1,1600,0,0,0,1600,0,0,0,0,-8,1
D,209445,1,1600,0,0,0,1600,0,0,0,0,-8,1
D,209455,1,1600,0,0,0,1600,0,0,0,0,-8,1
D,209465,1,1600,0,0,0,1600,0,0,0,0,-8,1
D,209475,1,1600,0,0,0,1600,0,0,0,0,-8,1
D,209485,1,1600,0,0,0,1600,0,0,0,0,-8,1
D,209495,1,1600,0,0,0,1600,0,0,0,0,-8,1
D,209505,1,1600,0,0,0,1600,0,0,0,0,-8,1
D,209515,1,1600,0,0,0,1600,0,0,0,0,-8,1
D,209525,1,1600,0,0,0,1600,0,0,0,0,-8,1
D,209535,1,1600,0,0,0,1600,0,0,0,0,-8,1
D,209545,1,1600,0,0,0,1600,0,0,0,0,-8,1
D,209555,1,1600,0,0,0,1600,0,0,0,0,-8,1
D,209565,1,1600,0,0,0,1600,0,0,0,0,-8,1
D,209575,1,1600,0,0,0,1600,0,0,0,0,-8,1
D,209585,1,1600,0,0,0,1600,0,0,0,0,-8,1
D,209595,1,1600,0,0,0,1600,0,0,0,0,-8,1
D,209605,1,1600,0,0,0,1600,0,0,0,0,-8,1
D,209615,1,1600,0,0,0,1600,0,0,0,0,-8,1
D,209625,1,1600,0,0,0,1600,0,0,0,0,-8,1
D,209635,1,1600,0,0,0,1600,0,0,0,0,-8,1
D,209645,1,1600,0,0,0,1600,0,0,0,0,-8,1
D,209655,1,1600,0,0,0,1600,0,0,0,0,-8,1
D,209665,1,1600,0,0,0,1600,0,0,0,0,-8,1
D,209675,1,1600,0,0,0,1600,0,0,0,0,-8,1
D,209685,1,1600,0,0,0,1600,0,0,0,0,-8,1
D,209695,1,1600,0,0,0,1600,0,0,0,0,-8,1
D,209705,1,1600,0,0,0,1600,0,0,0,0,-8,1
D,209715,1,1600,0,0,0,1600,0,0,0,0,-8,1
D,209725,1,1600,0,0,0,1600,0,0,0,0,-8,1
D,209735,1,1600,0,0,0,1600,0,0,0,0,-8,1
D,209745,1,1600,0,0,0,1600,0,0,0,0,-8,1
D,209755,1,1600,0,0,0,1600,0,0,0,0,-8,1
D,209765,1,1600,0,0,0,1600,0,0,0,0,-8,1
D,209775,1,1600,0,0,0,1600,0,0,0,0,-8,1
D,209785,1,1600,0,0,0,1600,0,0,0,0,-8,1
D,209795,1,1600,0,0,0,1600,0,0,0,0,-8,1
D,209805,1,1600,0,0,0,1600,0,0,0,0,-8,1
D,209815,1,1600,0,0,0,1600,0,0,0,0,-8,1
D,209825,1,1600,0,0,0,1600,0,0,0,0,-8,1
D,209835,1,1600,0,0,0,1600,0,0,0,0,-8,1
D,209845,1,1600,0,0,0,1600,0,0,0,0,-8,1
D,209855,1,1600,0,0,0,1600,0,0,0,0,-8,1
D,209865,1,1600,0,0,0,1600,0,0,0,0,-8,1
D,209875,1,1600,0,0,0,1600,0,0,0,0,-8,1
D,209885,1,1600,0,0,0,1600,0,0,0,0,-8,1
D,209895,1,1600,0,0,0,1600,0,0,0,0,-8,1
D,209905,1,1600,0,0,0,1600,0,0,0,0,-8,1
D,209915,1,1600,0,0,0,1600,0,0,0,0,-8,1
D,209925,1,1600,0,0,0,1600,0,0,0,0,-8,1
D,209935,1,1600,0,0,0,1600,0,0,0,0,-8,1
D,209945,1,1600,0,0,0,1600,0,0,0,0,-8,1
D,209955,1,1600,0,0,0,1600,0,0,0,0,-8,1
D,209965,1,1600,0,0,0,1600,0,0,0,0,-8,1
D,209975,1,1600,0,0,0,1600,0,0,0,0,-8,1
D,209985,1,1600,0,0,0,1600,0,0,0,0,-8,1
D,209995,1,1600,0,0,0,1600,0,0,0,0,-8,1
D,210005,1,1600,0,0,0,1600,0,0,0,0,-8,1
D,210015,1,1600,0,0,0,1600,0,0,0,0,-8,1
D,210025,1,1600,0,0,0,1600,0,0,0,0,-8,1
D,210035,1,1600,0,0,0,1600,0,0,0,0,-8,1
D,210045,1,1600,0,0,0,1600,0,0,0,0,-8,1
D,210055,1,1600,0,0,0,1600,0,0,0,0,-8,1
D,210065,1,1600,0,0,0,1600,0,0,0,0,-8,1
D,210075,1,1600,0,0,0,1600,0,0,0,0,-8,1
D,210085,1,1600,0,0,0,1600,0,0,0,0,-8,1
D,210095,1,1600,0,0,0,1600,0,0,0,0,-8,1
D,210105,1,1600,0,0,0,1600,0,0,0,0,-8,1
D,210115,1,1600,0,0,0,1600,0,0,0,0,-8,1
D,210125,1,1600,0,0,0,1600,0,0,0,0,-8,1
D,210135,1,1600,0,0,0,1600,0,0,0,0,-8,1
D,210145,1,1600,0,0,0,1600,0,0,0,0,-8,1
D,210155,1,1600,0,0,0,1600,0,0,0,0,-8,1
D,210165,1,1600,0,0,0,1600,0,0,0,0,-8,1
D,210175,1,1600,0,0,0,1600,0,0,0,0,-8,1
D,210185,1,1600,0,0,0,1600,0,0,0,0,-8,1
D,210195,1,1600,0,0,0,1600,0,0,0,0,-8,1
D,210205,1,1600,0,0,0,1600,0,0,0,0,-8,1
D,210215,1,1600,0,0,0,1600,0,0,0,0,-8,1
D,210225,1,1600,0,0,0,1600,0,0,0,0,-8,1
D,210235,1,1600,0,0,0,1600,0,0,0,0,-8,1
D,210245,1,1600,0,0,0,1600,0,0,0,0,-8,1
D,210255,1,1600,0,0,0,1600,0,0,0,0,-8,1
D,210265,1,1600,0,0,0,1600,0,0,0,0,-8,1
D,210275,1,1600,0,0,0,1600,0,0,0,0,-8,1
D,210285,1,1600,0,0,0,1600,0,0,0,0,-8,1
D,210295,1,1600,0,0,0,1600,0,0,0,0,-8,1
D,210305,1,1600,0,0,0,1600,0,0,0,0,-8,1
D,210315,1,1600,0,0,0,1600,0,0,0,0,-8,1
D,210325,1,1600,0,0,0,1600,0,0,0,0,-8,1
D,210335,1,1600,0,0,0,1600,0,0,0,0,-8,1
D,210345,1,1600,0,0,0,1600,0,0,0,0,-8,1
D,210355,1,1600,0,0,0,1600,0,0,0,0,-8,1
D,210365,1,1600,0,0,0,1600,0,0,0,0,-8,1
D,210375,1,1600,0,0,0,1600,0,0,0,0,-8,1
D,210385,1,1600,0,0,0,1600,0,0,0,0,-8,1
D,210395,1,1600,0,0,0,1600,0,0,0,0,-8,1
D,210405,1,1600,0,0,0,1600,0,0,0,0,-8,1
D,210415,1,1600,0,0,0,1600,0,0,0,0,-8,1
D,210425,1,1600,0,0,0,1600,0,0,0,0,-8,1
D,210435,1,1600,0,0,0,1600,0,0,0,0,-8,1
D,210445,1,1600,0,0,0,1600,0,0,0,0,-8,1
D,210455,1,1600,0,0,0,1600,0,0,0,0,-8,1
D,210465,1,1600,0,0,0,1600,0,0,0,0,-8,1
D,210475,1,1600,0,0,0,1600,0,0,0,0,-8,1
D,210485,1,1600,0,0,0,1600,0,0,0,0,-8,1
D,210495,1,1600,0,0,0,1600,0,0,0,0,-8,1
D,210505,1,1600,0,0,0,1600,0,0,0,0,-8,1
D,210515,1,1600,0,0,0,1600,0,0,0,0,-8,1
D,210525,1,1600,0,0,0,1600,0,0,0,0,-8,1
D,210535,1,1600,0,0,0,1600,0,0,0,0,-8,1
D,210545,1,1600,0,0,0,1600,0,0,0,0,-8,1
D,210555,1,1600,0,0,0,1600,0,0,0,0,-8,1
D,210565,1,1600,0,0,0,1600,0,0,0,0,-8,1
D,210575,1,1600,0,0,0,1600,0,0,0,0,-8,1
D,210585,1,1600,0,0,0,1600,0,0,0,0,-8,1
D,210595,1,1600,0,0,0,1600,0,0,0,0,-8,1
D,210605,1,1600,0,0,0,1600,0,0,0,0,-8,1
D,210615,1,1600,0,0,0,1600,0,0,0,0,-8,1
D,210625,1,1600,0,0,0,1600,0,0,0,0,-8,1
D,210635,1,1600,0,0,0,1600,0,0,0,0,-8,1
D,210645,1,1600,0,0,0,1600,0,0,0,0,-8,1
D,210655,1,1600,0,0,0,1600,0,0,0,0,-8,1
D,210665,1,1600,0,0,0,1600,0,0,0,0,-8,1
D,210675,1,1600,0,0,0,1600,0,0,0,0,-8,1
D,210685,1,1600,0,0,0,1600,0,0,0,0,-8,1
D,210695,1,1600,0,0,0,1600,0,0,0,0,-8,1
D,210705,1,1600,0,0,0,1600,0,0,0,0,-8,1
D,210715,1,1600,0,0,0,1600,0,0,0,0,-8,1
D,210725,1,1600,0,0,0,1600,0,0,0,0,-8,1
D,210735,1,1600,0,0,0,1600,0,0,0,0,-8,1
D,210745,1,1600,0,0,0,1600,0,0,0,0,-8,1
D,210755,1,1600,0,0,0,1600,0,0,0,0,-8,1
D,210765,1,1600,0,0,0,1600,0,0,0,0,-8,1
D,210775,1,1600,0,0,0,1600,0,0,0,0,-8,1
D,210785,1,1600,0,0,0,1600,0,0,0,0,-8,1
D,210795,1,1600,0,0,0,1600,0,0,0,0,-8,1
D,210805,1,1600,0,0,0,1600,0,0,0,0,-8,1
D,210815,1,1600,0,0,0,1600,0,0,0,0,-8,1
D,210825,1,1600,0,0,0,1600,0,0,0,0,-8,1
D,210835,1,1600,0,0,0,1600,0,0,0,0,-8,1
D,210845,1,1600,0,0,0,1600,0,0,0,0,-8,1
D,210855,1,1600,0,0,0,1600,0,0,0,0,-8,1
D,210865,1,1600,0,0,0,1600,0,0,0,0,-8,1
D,210875,1,1600,0,0,0,1600,0,0,0,0,-8,1
D,210885,1,1600,0,0,0,1600,0,0,0,0,-8,1
D,210895,1,1600,0,0,0,1600,0,0,0,0,-8,1
D,210905,1,1600,0,0,0,1600,0,0,0,0,-8,1
D,210915,1,1600,0,0,0,1600,0,0,0,0,-8,1
D,210925,1,1600,0,0,0,1600,0,0,0,0,-8,1
D,210935,1,1600,0,0,0,1600,0,0,0,0,-8,1
D,210945,1,1600,0,0,0,1600,0,0,0,0,-8,1
D,210955,1,1600,0,0,0,1600,0,0,0,0,-8,1
D,210965,1,1600,0,0,0,1600,0,0,0,0,-8,1
D,210975,1,1600,0,0,0,1600,0,0,0,0,-8,1
D,210985,1,1600,0,0,0,1600,0,0,0,0,-8,1
D,210995,1,1600,0,0,0,1600,0,0,0,0,-8,1
D,211005,1,1600,0,0,0,1600,0,0,0,0,-8,1
D,211015,1,1600,0,0,0,1600,0,0,0,0,-8,1
D,211025,1,1600,0,0,0,1600,0,0,0,0,-8,1
D,211035,1,1600,0,0,0,1600,0,0,0,0,-8,1
D,211045,1,1600,0,0,0,1600,0,0,0,0,-8,1
D,211055,1,1600,0,0,0,1600,0,0,0,0,-8,1
D,211065,1,1600,0,0,0,1600,0,0,0,0,-8,1
D,211075,1,1600,0,0,0,1600,0,0,0,0,-8,1
D,211085,1,1600,0,0,0,1600,0,0,0,0,-8,1
D,211095,1,1600,0,0,0,1600,0,0,0,0,-8,1
D,211105,1,1600,0,0,0,1600,0,0,0,0,-8,1
D,211115,1,1600,0,0,0,1600,0,0,0,0,-8,1
D,211125,1,1600,0,0,0,1600,0,0,0,0,-8,1
D,211135,1,1600,0,0,0,1600,0,0,0,0,-8,1
D,211145,1,1600,0,0,0,1600,0,0,0,0,-8,1
D,211155,1,1600,0,0,0,1600,0,0,0,0,-8,1
D,211165,1,1600,0,0,0,1600,0,0,0,0,-8,1
D,211175,1,1600,0,0,0,1600,0,0,0,0,-8,1
D,211185,1,1600,0,0,0,1600,0,0,0,0,-8,1
D,211195,1,1600,0,0,0,1600,0,0,0,0,-8,1
D,211205,1,1600,0,0,0,1600,0,0,0,0,-8,1
D,211215,1,1600,0,0,0,1600,0,0,0,0,-8,1
D,211225,1,1600,0,0,0,1600,0,0,0,0,-8,1
D,211235,1,1600,0,0,0,1600,0,0,0,0,-8,1
D,211245,1,1600,0,0,0,1600,0,0,0,0,-8,1
D,211255,1,1600,0,0,0,1600,0,0,0,0,-8,1
D,211265,1,1600,0,0,0,1600,0,0,0,0,-8,1
D,211275,1,1600,0,0,0,1600,0,0,0,0,-8,1
D,211285,1,1600,0,0,0,1600,0,0,0,0,-8,1
D,211295,1,1600,0,0,0,1600,0,0,0,0,-8,1
D,211305,1,1600,0,0,0,1600,0,0,0,0,-8,1
D,211315,1,1600,0,0,0,1600,0,0,0,0,-8,1
D,211325,1,1600,0,0,0,1600,0,0,0,0,-8,1
D,211335,1,1600,0,0,0,1600,0,0,0,0,-8,1
D,211345,1,1600,0,0,0,1600,0,0,0,0,-8,1
D,211355,1,1600,0,0,0,1600,0,0,0,0,-8,1
D,211365,1,1600,0,0,0,1600,0,0,0,0,-8,1
D,211375,1,1600,0,0,0,1600,0,0,0,0,-8,1
D,211385,1,1600,0,0,0,1600,0,0,0,0,-8,1
D,211395,1,1600,0,0,0,1600,0,0,0,0,-8,1
D,211405,1,1600,0,0,0,1600,0,0,0,0,-8,1
D,211415,1,1600,0,0,0,1600,0,0,0,0,-8,1
D,211425,1,1600,0,0,0,1600,0,0,0,0,-8,1
D,211435,1,1600,0,0,0,1600,0,0,0,0,-8,1
D,211445,1,1600,0,0,0,1600,0,0,0,0,-8,1
D,211455,1,1600,0,0,0,1600,0,0,0,0,-8,1
D,211465,1,1600,0,0,0,1600,0,0,0,0,-8,1
D,211475,1,1600,0,0,0,1600,0,0,0,0,-8,1
D,211485,1,1600,0,0,0,1600,0,0,0,0,-8,1
D,211495,1,1600,0,0,0,1600,0,0,0,0,-8,1
D,211505,1,1600,0,0,0,1600,0,0,0,0,-8,1
D,211515,1,1600,0,0,0,1600,0,0,0,0,-8,1
D,211525,1,1600,0,0,0,1600,0,0,0,0,-8,1
D,211535,1,1600,0,0,0,1600,0,0,0,0,-8,1
D,211545,1,1600,0,0,0,1600,0,0,0,0,-8,1
D,211555,1,1600,0,0,0,1600,0,0,0,0,-8,1
D,211565,1,1600,0,0,0,1600,0,0,0,0,-8,1
D,211575,1,1600,0,0,0,1600,0,0,0,0,-8,1
D,211585,1,1600,0,0,0,1600,0,0,0,0,-8,1
D,211595,1,1600,0,0,0,1600,0,0,0,0,-8,1
D,211605,1,1600,0,0,0,1600,0,0,0,0,-8,1
D,211615,1,1600,0,0,0,1600,0,0,0,0,-8,1
D,211625,1,1600,0,0,0,1600,0,0,0,0,-8,1
D,211635,1,1600,0,0,0,1600,0,0,0,0,-8,1
D,211645,1,1600,0,0,0,1600,0,0,0,0,-8,1
D,211655,1,1600,0,0,0,1600,0,0,0,0,-8,1
D,211665,1,1600,0,0,0,1600,0,0,0,0,-8,1
D,211675,1,1600,0,0,0,1600,0,0,0,0,-8,1
D,211685,1,1600,0,0,0,1600,0,0,0,0,-8,1
D,211695,1,1600,0,0,0,1600,0,0,0,0,-8,1
D,211705,1,1600,0,0,0,1600,0,0,0,0,-8,1
D,211715,1,1600,0,0,0,1600,0,0,0,0,-8,1
D,211725,1,1600,0,0,0,1600,0,0,0,0,-8,1
D,211735,1,1600,0,0,0,1600,0,0,0,0,-8,1
D,211745,1,1600,0,0,0,1600,0,0,0,0,-8,1
D,211755,1,1600,0,0,0,1600,0,0,0,0,-8,1
D,211765,1,1600,0,0,0,1600,0,0,0,0,-8,1
D,211775,1,1600,0,0,0,1600,0,0,0,0,-8,1
D,211785,1,1600,0,0,0,1600,0,0,0,0,-8,1
D,211795,1,1600,0,0,0,1600,0,0,0,0,-8,1
D,211805,1,1600,0,0,0,1600,0,0,0,0,-8,1
D,211815,1,1600,0,0,0,1600,0,0,0,0,-8,1
D,211825,1,1600,0,0,0,1600,0,0,0,0,-8,1
D,211835,1,1600,0,0,0,1600,0,0,0,0,-8,1
D,211845,1,1600,0,0,0,1600,0,0,0,0,-8,1
D,211855,1,1600,0,0,0,1600,0,0,0,0,-8,1
D,211865,1,1600,0,0,0,1600,0,0,0,0,-8,1
D,211875,1,1600,0,0,0,1600,0,0,0,0,-8,1
D,211885,1,1600,0,0,0,1600,0,0,0,0,-8,1
D,211895,1,1600,0,0,0,1600,0,0,0,0,-8,1
D,211905,1,1600,0,0,0,1600,0,0,0,0,-8,1
D,211915,1,1600,0,0,0,1600,0,0,0,0,-8,1
D,211925,1,1600,0,0,0,1600,0,0,0,0,-8,1
D,211935,1,1600,0,0,0,1600,0,0,0,0,-8,1
D,211945,1,1600,0,0,0,1600,0,0,0,0,-8,1
D,211955,1,1600,0,0,0,1600,0,0,0,0,-8,1
D,211965,1,1600,0,0,0,1600,0,0,0,0,-8,1
D,211975,1,1600,0,0,0,1600,0,0,0,0,-8,1
D,211985,1,1600,0,0,0,1600,0,0,0,0,-8,1
D,211995,1,1600,0,0,0,1600,0,0,0,0,-8,1
D,212005,1,1600,0,0,0,1600,0,0,0,0,-8,1
D,212015,1,1600,0,0,0,1600,0,0,0,0,-8,1
D,212025,1,1600,0,0,0,1600,0,0,0,0,-8,1
D,212035,1,1600,0,0,0,1600,0,0,0,0,-8,1
D,212045,1,1600,0,0,0,1600,0,0,0,0,-8,1
D,212055,1,1600,0,0,0,1600,0,0,0,0,-8,1
D,212065,1,1600,0,0,0,1600,0,0,0,0,-8,1
D,212075,1,1600,0,0,0,1600,0,0,0,0,-8,1
D,212085,1,1600,0,0,0,1600,0,0,0,0,-8,1
D,212095,1,1600,0,0,0,1600,0,0,0,0,-8,1
D,212105,1,1600,0,0,0,1600,0,0,0,0,-8,1
D,212115,1,1600,0,0,0,1600,0,0,0,0,-8,1
D,212125,1,1600,0,0,0,1600,0,0,0,0,-8,1
D,212135,1,1600,0,0,0,1600,0,0,0,0,-8,1
D,212145,1,1600,0,0,0,1600,0,0,0,0,-8,1
D,212155,1,1600,0,0,0,1600,0,0,0,0,-8,1
D,212165,1,1600,0,0,0,1600,0,0,0,0,-8,1
D,212175,1,1600,0,0,0,1600,0,0,0,0,-8,1
D,212185,1,1600,0,0,0,1600,0,0,0,0,-8,1
D,212195,1,1600,0,0,0,1600,0,0,0,0,-8,1
D,212205,1,1600,0,0,0,1600,0,0,0,0,-8,1
D,212215,1,1600,0,0,0,1600,0,0,0,0,-8,1
D,212225,1,1600,0,0,0,1600,0,0,0,0,-8,1
D,212235,1,1600,0,0,0,1600,0,0,0,0,-8,1
D,212245,1,1600,0,0,0,1600,0,0,0,0,-8,1
D,212255,1,1600,0,0,0,1600,0,0,0,0,-8,1
D,212265,1,1600,0,0,0,1600,0,0,0,0,-8,1
D,212275,1,1600,0,0,0,1600,0,0,0,0,-8,1
D,212285,1,1600,0,0,0,1600,0,0,0,0,-8,1
D,212295,1,1600,0,0,0,1600,0,0,0,0,-8,1
D,212305,1,1600,0,0,0,1600,0,0,0,0,-8,1
D,212315,1,1600,0,0,0,1600,0,0,0,0,-8,1
D,212325,1,1600,0,0,0,1600,0,0,0,0,-8,1
D,212335,1,1600,0,0,0,1600,0,0,0,0,-8,1
D,212345,1,1600,0,0,0,1600,0,0,0,0,-8,1
D,212355,1,1600,0,0,0,1600,0,0,0,0,-8,1
D,212365,1,1600,0,0,0,1600,0,0,0,0,-8,1
D,212375,1,1600,0,0,0,1600,0,0,0,0,-8,1
D,212385,1,1600,0,0,0,1600,0,0,0,0,-8,1
D,212395,1,1600,0,0,0,1600,0,0,0,0,-8,1
D,212405,1,1600,0,0,0,1600,0,0,0,0,-8,1
D,212415,1,1600,0,0,0,1600,0,0,0,0,-8,1
D,212425,1,1600,0,0,0,1600,0,0,0,0,-8,1
D,212435,1,1600,0,0,0,1600,0,0,0,0,-8,1
D,212445,1,1600,0,0,0,1600,0,0,0,0,-8,1
D,212455,1,1600,0,0,0,1600,0,0,0,0,-8,1
D,212465,1,1600,0,0,0,1600,0,0,0,0,-8,1
D,212475,1,1600,0,0,0,1600,0,0,0,0,-8,1
D,212485,1,1600,0,0,0,1600,0,0,0,0,-8,1
D,212495,1,1600,0,0,0,1600,0,0,0,0,-8,1
D,212505,1,1600,0,0,0,1600,0,0,0,0,-8,1
D,212515,1,1600,0,0,0,1600,0,0,0,0,-8,1
D,212525,1,1600,0,0,0,1600,0,0,0,0,-8,1
D,212535,1,1600,0,0,0,1600,0,0,0,0,-8,1
D,212545,1,1600,0,0,0,1600,0,0,0,0,-8,1
D,212555,1,1600,0,0,0,1600,0,0,0,0,-8,1
D,212565,1,1600,0,0,0,1600,0,0,0,0,-8,1
D,212575,1,1600,0,0,0,1600,0,0,0,0,-8,1
D,212585,1,1600,0,0,0,1600,0,0,0,0,-8,1
D,212595,1,1600,0,0,0,1600,0,0,0,0,-8,1
D,212605,1,1600,0,0,0,1600,0,0,0,0,-8,1
D,212615,1,1600,0,0,0,1600,0,0,0,0,-8,1
D,212625,1,1600,0,0,0,1600,0,0,0,0,-8,1
D,212635,1,1600,0,0,0,1600,0,0,0,0,-8,1
D,212645,1,1600,0,0,0,1600,0,0,0,0,-8,1
D,212655,1,1600,0,0,0,1600,0,0,0,0,-8,1
D,212665,1,1600,0,0,0,1600,0,0,0,0,-8,1
D,212675,1,1600,0,0,0,1600,0,0,0,0,-8,1
D,212685,1,1600,0,0,0,1600,0,0,0,0,-8,1
D,212695,1,1600,0,0,0,1600,0,0,0,0,-8,1
D,212705,1,1600,0,0,0,1600,0,0,0,0,-8,1
D,212715,1,1600,0,0,0,1600,0,0,0,0,-8,1
D,212725,1,1600,0,0,0,1600,0,0,0,0,-8,1
D,212735,1,1600,0,0,0,1600,0,0,0,0,-8,1
D,212745,1,1600,0,0,0,1600,0,0,0,0,-8,1
D,212755,1,1600,0,0,0,1600,0,0,0,0,-8,1
D,212765,1,1600,0,0,0,1600,0,0,0,0,-8,1
D,212775,1,1600,0,0,0,1600,0,0,0,0,-8,1
D,212785,1,1600,0,0,0,1600,0,0,0,0,-8,1
D,212795,1,1600,0,0,0,1600,0,0,0,0,-8,1
D,212805,1,1600,0,0,0,1600,0,0,0,0,-8,1
D,212815,1,1600,0,0,0,1600,0,0,0,0,-8,1
D,212825,1,1600,0,0,0,1600,0,0,0,0,-8,1
D,212835,1,1600,0,0,0,1600,0,0,0,0,-8,1
D,212845,1,1600,0,0,0,1600,0,0,0,0,-8,1
D,212855,1,1600,0,0,0,1600,0,0,0,0,-8,1
D,212865,1,1600,0,0,0,1600,0,0,0,0,-8,1
D,212875,1,1600,0,0,0,1600,0,0,0,0,-8,1
D,212885,1,1600,0,0,0,1600,0,0,0,0,-8,1
D,212895,1,1600,0,0,0,1600,0,0,0,0,-8,1
D,212905,1,1600,0,0,0,1600,0,0,0,0,-8,1
D,212915,1,1600,0,0,0,1600,0,0,0,0,-8,1
D,212925,1,1600,0,0,0,1600,0,0,0,0,-8,1
D,212935,1,1600,0,0,0,1600,0,0,0,0,-8,1
D,212945,1,1600,0,0,0,1600,0,0,0,0,-8,1
D,212955,1,1600,0,0,0,1600,0,0,0,0,-8,1
D,212965,1,1600,0,0,0,1600,0,0,0,0,-8,1
D,212975,1,1600,0,0,0,1600,0,0,0,0,-8,1
D,212985,1,1600,0,0,0,1600,0,0,0,0,-8,1
D,212995,1,1600,0,0,0,1600,0,0,0,0,-8,1
D,213005,1,1600,0,0,0,1600,0,0,0,0,-8,1
D,213015,1,1600,0,0,0,1600,0,0,0,0,-8,1
D,213025,1,1600,0,0,0,1600,0,0,0,0,-8,1
D,213035,1,1600,0,0,0,1600,0,0,0,0,-8,1
D,213045,1,1600,0,0,0,1600,0,0,0,0,-8,1
D,213055,1,1600,0,0,0,1600,0,0,0,0,-8,1
D,213065,1,1600,0,0,0,1600,0,0,0,0,-8,1
D,213075,1,1600,0,0,0,1600,0,0,0,0,-8,1
D,213085,1,1600,0,0,0,1600,0,0,0,0,-8,1
D,213095,1,1600,0,0,0,1600,0,0,0,0,-8,1
D,213105,1,1600,0,0,0,1600,0,0,0,0,-8,1
D,213115,1,1600,0,0,0,1600,0,0,0,0,-8,1
D,213125,1,1600,0,0,0,1600,0,0,0,0,-8,1
D,213135,1,1600,0,0,0,1600,0,0,0,0,-8,1
D,213145,1,1600,0,0,0,1600,0,0,0,0,-8,1
D,213155,1,1600,0,0,0,1600,0,0,0,0,-8,1
D,213165,1,1600,0,0,0,1600,0,0,0,0,-8,1
D,213175,1,1600,0,0,0,1600,0,0,0,0,-8,1
D,213185,1,1600,0,0,0,1600,0,0,0,0,-8,1
D,213195,1,1600,0,0,0,1600,0,0,0,0,-8,1
D,213205,1,1600,0,0,0,1600,0,0,0,0,-8,1
D,213215,1,1600,0,0,0,1600,0,0,0,0,-8,1
D,213225,1,1600,0,0,0,1600,0,0,0,0,-8,1
D,213235,1,1600,0,0,0,1600,0,0,0,0,-8,1
D,213245,1,1600,0,0,0,1600,0,0,0,0,-8,1
D,213255,1,1600,0,0,0,1600,0,0,0,0,-8,1
D,213265,1,1600,0,0,0,1600,0,0,0,0,-8,1
D,213275,1,1600,0,0,0,1600,0,0,0,0,-8,1
D,213285,1,1600,0,0,0,1600,0,0,0,0,-8,1
D,213295,1,1600,0,0,0,1600,0,0,0,0,-8,1
D,213305,1,1600,0,0,0,1600,0,0,0,0,-8,1
D,213315,1,1600,0,0,0,1600,0,0,0,0,-8,1
D,213325,1,1600,0,0,0,1600,0,0,0,0,-8,1
D,213335,1,1600,0,0,0,1600,0,0,0,0,-8,1
D,213345,1,1600,0,0,0,1600,0,0,0,0,-8,1
D,213355,1,1600,0,0,0,1600,0,0,0,0,-8,1
D,213365,1,1600,0,0,0,1600,0,0,0,0,-8,1
D,213375,1,1600,0,0,0,1600,0,0,0,0,-8,1
D,213385,1,1600,0,0,0,1600,0,0,0,0,-8,1
D,213395,1,1600,0,0,0,1600,0,0,0,0,-8,1
D,213405,1,1600,0,0,0,1600,0,0,0,0,-8,1
D,213415,1,1600,0,0,0,1600,0,0,0,0,-8,1
D,213425,1,1600,0,0,0,1600,0,0,0,0,-8,1
D,213435,1,1600,0,0,0,1600,0,0,0,0,-8,1
D,213445,1,1600,0,0,0,1600,0,0,0,0,-8,1
D,213455,1,1600,0,0,0,1600,0,0,0,0,-8,1
D,213465,1,1600,0,0,0,1600,0,0,0,0,-8,1
D,213475,1,1600,0,0,0,1600,0,0,0,0,-8,1
D,213485,1,1600,0,0,0,1600,0,0,0,0,-8,1
D,213495,1,1600,0,0,0,1600,0,0,0,0,-8,1
D,213505,1,1600,0,0,0,1600,0,0,0,0,-8,1
D,213515,1,1600,0,0,0,1600,0,0,0,0,-8,1
D,213525,1,1600,0,0,0,1600,0,0,0,0,-8,1
D,213535,1,1600,0,0,0,1600,0,0,0,0,-8,1
D,213545,1,1600,0,0,0,1600,0,0,0,0,-8,1
D,213555,1,1600,0,0,0,1600,0,0,0,0,-8,1
D,213565,1,1600,0,0,0,1600,0,0,0,0,-8,1
D,213575,1,1600,0,0,0,1600,0,0,0,0,-8,1
D,213585,1,1600,0,0,0,1600,0,0,0,0,-8,1
D,213595,1,1600,0,0,0,1600,0,0,0,0,-8,1
D,213605,1,1600,0,0,0,1600,0,0,0,0,-8,1
D,213615,1,1600,0,0,0,1600,0,0,0,0,-8,1
D,213625,1,1600,0,0,0,1600,0,0,0,0,-8,1
D,213635,1,1600,0,0,0,1600,0,0,0,0,-8,1
D,213645,1,1600,0,0,0,1600,0,0,0,0,-8,1
D,213655,1,1600,0,0,0,1600,0,0,0,0,-8,1
D,213665,1,1600,0,0,0,1600,0,0,0,0,-8,1
D,213675,1,1600,0,0,0,1600,0,0,0,0,-8,1
D,213685,1,1600,0,0,0,1600,0,0,0,0,-8,1
D,213695,1,1600,0,0,0,1600,0,0,0,0,-8,1
D,213705,1,1600,0,0,0,1600,0,0,0,0,-8,1
D,213715,1,1600,0,0,0,1600,0,0,0,0,-8,1
D,213725,1,1600,0,0,0,1600,0,0,0,0,-8,1
D,213735,1,1600,0,0,0,1600,0,0,0,0,-8,1
D,213745,1,1600,0,0,0,1600,0,0,0,0,-8,1
D,213755,1,1600,0,0,0,1600,0,0,0,0,-8,1
D,213765,1,1600,0,0,0,1600,0,0,0,0,-8,1
D,213775,1,1600,0,0,0,1600,0,0,0,0,-8,1
D,213785,1,1600,0,0,0,1600,0,0,0,0,-8,1
D,213795,1,1600,0,0,0,1600,0,0,0,0,-8,1
D,213805,1,1600,0,0,0,1600,0,0,0,0,-8,1
D,213815,1,1600,0,0,0,1600,0,0,0,0,-8,1
D,213825,1,1600,0,0,0,1600,0,0,0,0,-8,1
D,213835,1,1600,0,0,0,1600,0,0,0,0,-8,1
D,213845,1,1600,0,0,0,1600,0,0,0,0,-8,1
D,213855,1,1600,0,0,0,1600,0,0,0,0,-8,1
D,213865,1,1600,0,0,0,1600,0,0,0,0,-8,1
D,213875,1,1600,0,0,0,1600,0,0,0,0,-8,1
D,213885,1,1600,0,0,0,1600,0,0,0,0,-8,1
D,213895,1,1600,0,0,0,1600,0,0,0,0,-8,1
D,213905,1,1600,0,0,0,1600,0,0,0,0,-8,1
D,213915,1,1600,0,0,0,1600,0,0,0,0,-8,1
D,213925,1,1600,0,0,0,1600,0,0,0,0,-8,1
D,213935,1,1600,0,0,0,1600,0,0,0,0,-8,1
D,213945,1,1600,0,0,0,1600,0,0,0,0,-8,1
D,213955,1,1600,0,0,0,1600,0,0,0,0,-8,1
D,213965,1,1600,0,0,0,1600,0,0,0,0,-8,1
D,213975,1,1600,0,0,0,1600,0,0,0,0,-8,1
D,213985,1,1600,0,0,0,1600,0,0,0,0,-8,1
D,213995,1,1600,0,0,0,1600,0,0,0,0,-8,1
D,214005,1,1600,0,0,0,1600,0,0,0,0,-8,1
D,214015,1,1600,0,0,0,1600,0,0,0,0,-8,1
D,214025,1,1600,0,0,0,1600,0,0,0,0,-8,1
D,214035,1,1600,0,0,0,1600,0,0,0,0,-8,1
D,214045,1,1600,0,0,0,1600,0,0,0,0,-8,1
D,214055,1,1600,0,0,0,1600,0,0,0,0,-8,1
D,214065,1,1600,0,0,0,1600,0,0,0,0,-8,1
D,214075,1,1600,0,0,0,1600,0,0,0,0,-8,1
D,214085,1,1600,0,0,0,1600,0,0,0,0,-8,1
D,214095,1,1600,0,0,0,1600,0,0,0,0,-8,1
D,214105,1,1600,0,0,0,1600,0,0,0,0,-8,1
D,214115,1,1600,0,0,0,1600,0,0,0,0,-8,1
D,214125,1,1600,0,0,0,1600,0,0,0,0,-8,1
D,214135,1,1600,0,0,0,1600,0,0,0,0,-8,1
D,214145,1,1600,0,0,0,1600,0,0,0,0,-8,1
D,214155,1,1600,0,0,0,1600,0,0,0,0,-8,1
D,214165,1,1600,0,0,0,1600,0,0,0,0,-8,1
D,214175,1,1600,0,0,0,1600,0,0,0,0,-8,1
D,214185,1,1600,0,0,0,1600,0,0,0,0,-8,1
D,214195,1,1600,0,0,0,1600,0,0,0,0,-8,1
D,214205,1,1600,0,0,0,1600,0,0,0,0,-8,1
D,214215,1,1600,0,0,0,1600,0,0,0,0,-8,1
D,214225,1,1600,0,0,0,1600,0,0,0,0,-8,1
D,214235,1,1600,0,0,0,1600,0,0,0,0,-8,1
D,214245,1,1600,0,0,0,1600,0,0,0,0,-8,1
D,214255,1,1600,0,0,0,1600,0,0,0,0,-8,1
D,214265,1,1600,0,0,0,1600,0,0,0,0,-8,1
D,214275,1,1600,0,0,0,1600,0,0,0,0,-8,1
D,214285,1,1600,0,0,0,1600,0,0,0,0,-8,1
D,214295,1,1600,0,0,0,1600,0,0,0,0,-8,1
D,214305,1,1600,0,0,0,1600,0,0,0,0,-8,1
D,214315,1,1600,0,0,0,1600,0,0,0,0,-8,1
D,214325,1,1600,0,0,0,1600,0,0,0,0,-8,1
D,214335,1,1600,0,0,0,1600,0,0,0,0,-8,1
D,214345,1,1600,0,0,0,1600,0,0,0,0,-8,1
D,214355,1,1600,0,0,0,1600,0,0,0,0,-8,1
D,214365,1,1600,0,0,0,1600,0,0,0,0,-8,1
D,214375,1,1600,0,0,0,1600,0,0,0,0,-8,1
D,214385,1,1600,0,0,0,1600,0,0,0,0,-8,1
D,214395,1,1600,0,0,0,1600,0,0,0,0,-8,1
D,214405,1,1600,0,0,0,1600,0,0,0,0,-8,1
D,214415,1,1600,0,0,0,1600,0,0,0,0,-8,1
D,214425,1,1600,0,0,0,1600,0,0,0,0,-8,1
D,214435,1,1600,0,0,0,1600,0,0,0,0,-8,1
D,214445,1,1600,0,0,0,1600,0,0,0,0,-8,1
D,214455,1,1600,0,0,0,1600,0,0,0,0,-8,1
D,214465,1,1600,0,0,0,1600,0,0,0,0,-8,1
D,214475,1,1600,0,0,0,1600,0,0,0,0,-8,1
D,214485,1,1600,0,0,0,1600,0,0,0,0,-8,1
D,214495,1,1600,0,0,0,1600,0,0,0,0,-8,1
D,214505,1,1600,0,0,0,1600,0,0,0,0,-8,1
D,214515,1,1600,0,0,0,1600,0,0,0,0,-8,1
D,214525,1,1600,0,0,0,1600,0,0,0,0,-8,1
D,214535,1,1600,0,0,0,1600,0,0,0,0,-8,1
D,214545,1,1600,0,0,0,1600,0,0,0,0,-8,1
D,214555,1,1600,0,0,0,1600,0,0,0,0,-8,1
D,214565,1,1600,0,0,0,1600,0,0,0,0,-8,1
D,214575,1,1600,0,0,0,1600,0,0,0,0,-8,1
D,214585,1,1600,0,0,0,1600,0,0,0,0,-8,1
D,214595,1,1600,0,0,0,1600,0,0,0,0,-8,1
D,214605,1,1600,0,0,0,1600,0,0,0,0,-8,1
D,214615,1,1600,0,0,0,1600,0,0,0,0,-8,1
D,214625,1,1600,0,0,0,1600,0,0,0,0,-8,1
D,214635,1,1600,0,0,0,1600,0,0,0,0,-8,1
D,214645,1,1600,0,0,0,1600,0,0,0,0,-8,1
D,214655,1,1600,0,0,0,1600,0,0,0,0,-8,1
D,214665,1,1600,0,0,0,1600,0,0,0,0,-8,1
D,214675,1,1600,0,0,0,1600,0,0,0,0,-8,1
D,214685,1,1600,0,0,0,1600,0,0,0,0,-8,1
D,214695,1,1600,0,0,0,1600,0,0,0,0,-8,1
D,214705,1,1600,0,0,0,1600,0,0,0,0,-8,1
D,214715,1,1600,0,0,0,1600,0,0,0,0,-8,1
D,214725,1,1600,0,0,0,1600,0,0,0,0,-8,1
D,214735,1,1600,0,0,0,1600,0,0,0,0,-8,1
D,214745,1,1600,0,0,0,1600,0,0,0,0,-8,1
D,214755,1,1600,0,0,0,1600,0,0,0,0,-8,1
D,214765,1,1600,0,0,0,1600,0,0,0,0,-8,1
D,214775,1,1600,0,0,0,1600,0,0,0,0,-8,1
D,214785,1,1600,0,0,0,1600,0,0,0,0,-8,1
D,214795,1,1600,0,0,0,1600,0,0,0,0,-8,1
D,214805,1,1600,0,0,0,1600,0,0,0,0,-8,1
D,214815,1,1600,0,0,0,1600,0,0,0,0,-8,1
D,214825,1,1600,0,0,0,1600,0,0,0,0,-8,1
D,214835,1,1600,0,0,0,1600,0,0,0,0,-8,1
D,214845,1,1600,0,0,0,1600,0,0,0,0,-8,1
D,214855,1,1600,0,0,0,1600,0,0,0,0,-8,1
D,214865,1,1600,0,0,0,1600,0,0,0,0,-8,1
D,214875,1,1600,0,0,0,1600,0,0,0,0,-8,1
D,214885,1,1600,0,0,0,1600,0,0,0,0,-8,1
D,214895,1,1600,0,0,0,1600,0,0,0,0,-8,1
D,214905,1,1600,0,0,0,1600,0,0,0,0,-8,1
D,214915,1,1600,0,0,0,1600,0,0,0,0,-8,1
D,214925,1,1600,0,0,0,1600,0,0,0,0,-8,1
D,214935,1,1600,0,0,0,1600,0,0,0,0,-8,1
D,214945,1,1600,0,0,0,1600,0,0,0,0,-8,1
D,214955,1,1600,0,0,0,1600,0,0,0,0,-8,1
D,214965,1,1600,0,0,0,1600,0,0,0,0,-8,1
D,214975,1,1600,0,0,0,1600,0,0,0,0,-8,1
D,214985,1,1600,0,0,0,1600,0,0,0,0,-8,1
D,214995,1,1600,0,0,0,1600,0,0,0,0,-8,1
D,215005,1,1600,0,0,0,1600,0,0,0,0,-8,1
D,215015,1,1600,0,0,0,1600,0,0,0,0,-8,1
D,215025,1,1600,0,0,0,1600,0,0,0,0,-8,1
D,215035,1,1600,0,0,0,1600,0,0,0,0,-8,1
D,215045,1,1600,0,0,0,1600,0,0,0,0,-8,1
D,215055,1,1600,0,0,0,1600,0,0,0,0,-8,1
D,215065,1,1600,0,0,0,1600,0,0,0,0,-8,1
D,215075,1,1600,0,0,0,1600,0,0,0,0,-8,1
D,215085,1,1600,0,0,0,1600,0,0,0,0,-8,1
D,215095,1,1600,0,0,0,1600,0,0,0,0,-8,1
D,215105,1,1600,0,0,0,1600,0,0,0,0,-8,1
D,215115,1,1600,0,0,0,1600,0,0,0,0,-8,1
D,215125,1,1600,0,0,0,1600,0,0,0,0,-8,1
D,215135,1,1600,0,0,0,1600,0,0,0,0,-8,1
D,215145,1,1600,0,0,0,1600,0,0,0,0,-8,1
D,215155,1,1600,0,0,0,1600,0,0,0,0,-8,1
D,215165,1,1600,0,0,0,1600,0,0,0,0,-8,1
D,215175,1,1600,0,0,0,1600,0,0,0,0,-8,1
D,215185,1,1600,0,0,0,1600,0,0,0,0,-8,1
D,215195,1,1600,0,0,0,1600,0,0,0,0,-8,1
D,215205,1,1600,0,0,0,1600,0,0,0,0,-8,1
D,215215,1,1600,0,0,0,1600,0,0,0,0,-8,1
D,215225,1,1600,0,0,0,1600,0,0,0,0,-8,1
D,215235,1,1600,0,0,0,1600,0,0,0,0,-8,1
D,215245,1,1600,0,0,0,1600,0,0,0,0,-8,1
D,215255,1,1600,0,0,0,1600,0,0,0,0,-8,1
D,215265,1,1600,0,0,0,1600,0,0,0,0,-8,1
D,215275,1,1600,0,0,0,1600,0,0,0,0,-8,1
D,215285,1,1600,0,0,0,1600,0,0,0,0,-8,1
D,215295,1,1600,0,0,0,1600,0,0,0,0,-8,1
D,215305,1,1600,0,0,0,1600,0,0,0,0,-8,1
D,215315,1,1600,0,0,0,1600,0,0,0,0,-8,1
D,215325,1,1600,0,0,0,1600,0,0,0,0,-8,1
D,215335,1,1600,0,0,0,1600,0,0,0,0,-8,1
D,215345,1,1600,0,0,0,1600,0,0,0,0,-8,1
D,215355,1,1600,0,0,0,1600,0,0,0,0,-8,1
D,215365,1,1600,0,0,0,1600,0,0,0,0,-8,1
D,215375,1,1600,0,0,0,1600,0,0,0,0,-8,1
D,215385,1,1600,0,0,0,1600,0,0,0,0,-8,1
D,215395,1,1600,0,0,0,1600,0,0,0,0,-8,1
D,215405,1,1600,0,0,0,1600,0,0,0,0,-8,1
D,215415,1,1600,0,0,0,1600,0,0,0,0,-8,1
D,215425,1,1600,0,0,0,1600,0,0,0,0,-8,1
D,215435,1,1600,0,0,0,1600,0,0,0,0,-8,1
D,215445,1,1600,0,0,0,1600,0,0,0,0,-8,1
D,215455,1,1600,0,0,0,1600,0,0,0,0,-8,1
D,215465,1,1600,0,0,0,1600,0,0,0,0,-8,1
D,215475,1,1600,0,0,0,1600,0,0,0,0,-8,1
D,215485,1,1600,0,0,0,1600,0,0,0,0,-8,1
D,215495,1,1600,0,0,0,1600,0,0,0,0,-8,1
D,215505,1,1600,0,0,0,1600,0,0,0,0,-8,1
D,215515,1,1600,0,0,0,1600,0,0,0,0,-8,1
D,215525,1,1600,0,0,0,1600,0,0,0,0,-8,1
D,215535,1,1600,0,0,0,1600,0,0,0,0,-8,1
D,215545,1,1600,0,0,0,1600,0,0,0,0,-8,1
D,215555,1,1600,0,0,0,1600,0,0,0,0,-8,1
D,215565,1,1600,0,0,0,1600,0,0,0,0,-8,1
D,215575,1,1600,0,0,0,1600,0,0,0,0,-8,1
D,215585,1,1600,0,0,0,1600,0,0,0,0,-8,1
D,215595,1,1600,0,0,0,1600,0,0,0,0,-8,1
D,215605,1,1600,0,0,0,1600,0,0,0,0,-8,1
D,215615,1,1600,0,0,0,1600,0,0,0,0,-8,1
D,215625,1,1600,0,0,0,1600,0,0,0,0,-8,1
D,215635,1,1600,0,0,0,1600,0,0,0,0,-8,1
D,215645,1,1600,0,0,0,1600,0,0,0,0,-8,1
D,215655,1,1600,0,0,0,1600,0,0,0,0,-8,1
D,215665,1,1600,0,0,0,1600,0,0,0,0,-8,1
D,215675,1,1600,0,0,0,1600,0,0,0,0,-8,1
D,215685,1,1600,0,0,0,1600,0,0,0,0,-8,1
D,215695,1,1600,0,0,0,1600,0,0,0,0,-8,1
D,215705,1,1600,0,0,0,1600,0,0,0,0,-8,1
D,215715,1,1600,0,0,0,1600,0,0,0,0,-8,1
D,215725,1,1600,0,0,0,1600,0,0,0,0,-8,1
D,215735,1,1600,0,0,0,1600,0,0,0,0,-8,1
D,215745,1,1600,0,0,0,1600,0,0,0,0,-8,1
D,215755,1,1600,0,0,0,1600,0,0,0,0,-8,1
D,215765,1,1600,0,0,0,1600,0,0,0,0,-8,1
D,215775,1,1600,0,0,0,1600,0,0,0,0,-8,1
D,215785,1,1600,0,0,0,1600,0,0,0,0,-8,1
D,215795,1,1600,0,0,0,1600,0,0,0,0,-8,1
D,215805,1,1600,0,0,0,1600,0,0,0,0,-8,1
D,215815,1,1600,0,0,0,1600,0,0,0,0,-8,1
D,215825,1,1600,0,0,0,1600,0,0,0,0,-8,1
D,215835,1,1600,0,0,0,1600,0,0,0,0,-8,1
D,215845,1,1600,0,0,0,1600,0,0,0,0,-8,1
D,215855,1,1600,0,0,0,1600,0,0,0,0,-8,1
D,215865,1,1600,0,0,0,1600,0,0,0,0,-8,1
D,215875,1,1600,0,0,0,1600,0,0,0,0,-8,1
D,215885,1,1600,0,0,0,1600,0,0,0,0,-8,1
D,215895,1,1600,0,0,0,1600,0,0,0,0,-8,1
D,215905,1,1600,0,0,0,1600,0,0,0,0,-8,1
D,215915,1,1600,0,0,0,1600,0,0,0,0,-8,1
D,215925,1,1600,0,0,0,1600,0,0,0,0,-8,1
D,215935,1,1600,0,0,0,1600,0,0,0,0,-8,1
D,215945,1,1600,0,0,0,1600,0,0,0,0,-8,1
D,215955,1,1600,0,0,0,1600,0,0,0,0,-8,1
D,215965,1,1600,0,0,0,1600,0,0,0,0,-8,1
D,215975,1,1600,0,0,0,1600,0,0,0,0,-8,1
D,215985,1,1600,0,0,0,1600,0,0,0,0,-8,1
D,215995,1,1600,0,0,0,1600,0,0,0,0,-8,1
D,216005,1,1600,0,0,0,1600,0,0,0,0,-8,1
D,216015,1,1600,0,0,0,1600,0,0,0,0,-8,1
D,216025,1,1600,0,0,0,1600,0,0,0,0,-8,1
D,216035,1,1600,0,0,0,1600,0,0,0,0,-8,1
D,216045,1,1600,0,0,0,1600,0,0,0,0,-8,1
D,216055,1,1600,0,0,0,1600,0,0,0,0,-8,1
D,216065,1,1600,0,0,0,1600,0,0,0,0,-8,1
D,216075,1,1600,0,0,0,1600,0,0,0,0,-8,1
D,216085,1,1600,0,0,0,1600,0,0,0,0,-8,1
D,216095,1,1600,0,0,0,1600,0,0,0,0,-8,1
D,216105,1,1600,0,0,0,1600,0,0,0,0,-8,1
D,216115,1,1600,0,0,0,1600,0,0,0,0,-8,1
D,216125,1,1600,0,0,0,1600,0,0,0,0,-8,1
D,216135,1,1600,0,0,0,1600,0,0,0,0,-8,1
D,216145,1,1600,0,0,0,1600,0,0,0,0,-8,1
D,216155,1,1600,0,0,0,1600,0,0,0,0,-8,1
D,216165,1,1600,0,0,0,1600,0,0,0,0,-8,1
D,216175,1,1600,0,0,0,1600,0,0,0,0,-8,1
D,216185,1,1600,0,0,0,1600,0,0,0,0,-8,1
D,216195,1,1600,0,0,0,1600,0,0,0,0,-8,1
D,216205,1,1600,0,0,0,1600,0,0,0,0,-8,1
D,216215,1,1600,0,0,0,1600,0,0,0,0,-8,1
D,216225,1,1600,0,0,0,1600,0,0,0,0,-8,1
D,216235,1,1600,0,0,0,1600,0,0,0,0,-8,1
D,216245,1,1600,0,0,0,1600,0,0,0,0,-8,1
D,216255,1,1600,0,0,0,1600,0,0,0,0,-8,1
D,216265,1,1600,0,0,0,1600,0,0,0,0,-8,1
D,216275,1,1600,0,0,0,1600,0,0,0,0,-8,1
D,216285,1,1600,0,0,0,1600,0,0,0,0,-8,1
D,216295,1,1600,0,0,0,1600,0,0,0,0,-8,1
D,216305,1,1600,0,0,0,1600,0,0,0,0,-8,1
D,216315,1,1600,0,0,0,1600,0,0,0,0,-8,1
D,216325,1,1600,0,0,0,1600,0,0,0,0,-8,1
D,216335,1,1600,0,0,0,1600,0,0,0,0,-8,1
D,216345,1,1600,0,0,0,1600,0,0,0,0,-8,1
D,216355,1,1600,0,0,0,1600,0,0,0,0,-8,1
D,216365,1,1600,0,0,0,1600,0,0,0,0,-8,1
D,216375,1,1600,0,0,0,1600,0,0,0,0,-8,1
D,216385,1,1600,0,0,0,1600,0,0,0,0,-8,1
D,216395,1,1600,0,0,0,1600,0,0,0,0,-8,1
D,216405,1,1600,0,0,0,1600,0,0,0,0,-8,1
D,216415,1,1600,0,0,0,1600,0,0,0,0,-8,1
D,216425,1,1600,0,0,0,1600,0,0,0,0,-8,1
D,216435,1,1600,0,0,0,1600,0,0,0,0,-8,1
D,216445,1,1600,0,0,0,1600,0,0,0,0,-8,1
D,216455,1,1600,0,0,0,1600,0,0,0,0,-8,1
D,216465,1,1600,0,0,0,1600,0,0,0,0,-8,1
D,216475,1,1600,0,0,0,1600,0,0,0,0,-8,1
D,216485,1,1600,0,0,0,1600,0,0,0,0,-8,1
D,216495,1,1600,0,0,0,1600,0,0,0,0,-8,1
D,216505,1,1600,0,0,0,1600,0,0,0,0,-8,1
D,216515,1,1600,0,0,0,1600,0,0,0,0,-8,1
D,216525,1,1600,0,0,0,1600,0,0,0,0,-8,1
D,216535,1,1600,0,0,0,1600,0,0,0,0,-8,1
D,216545,1,1600,0,0,0,1600,0,0,0,0,-8,1
D,216555,1,1600,0,0,0,1600,0,0,0,0,-8,1
D,216565,1,1600,0,0,0,1600,0,0,0,0,-8,1
D,216575,1,1600,0,0,0,1600,0,0,0,0,-8,1
D,216585,1,1600,0,0,0,1600,0,0,0,0,-8,1
D,216595,1,1600,0,0,0,1600,0,0,0,0,-8,1
D,216605,1,1600,0,0,0,1600,0,0,0,0,-8,1
D,216615,1,1600,0,0,0,1600,0,0,0,0,-8,1
D,216625,1,1600,0,0,0,1600,0,0,0,0,-8,1
D,216635,1,1600,0,0,0,1600,0,0,0,0,-8,1
D,216645,1,1600,0,0,0,1600,0,0,0,0,-8,1
D,216655,1,1600,0,0,0,1600,0,0,0,0,-8,1
D,216665,1,1600,0,0,0,1600,0,0,0,0,-8,1
D,216675,1,1600,0,0,0,1600,0,0,0,0,-8,1
D,216685,1,1600,0,0,0,1600,0,0,0,0,-8,1
D,216695,1,1600,0,0,0,1600,0,0,0,0,-8,1
D,216705,1,1600,0,0,0,1600,0,0,0,0,-8,1
D,216715,1,1600,0,0,0,1600,0,0,0,0,-8,1
D,216725,1,1600,0,0,0,1600,0,0,0,0,-8,1
D,216735,1,1600,0,0,0,1600,0,0,0,0,-8,1
D,216745,1,1600,0,0,0,1600,0,0,0,0,-8,1
D,216755,1,1600,0,0,0,1600,0,0,0,0,-8,1
D,216765,1,1600,0,0,0,1600,0,0,0,0,-8,1
D,216775,1,1600,0,0,0,1600,0,0,0,0,-8,1
D,216785,1,1600,0,0,0,1600,0,0,0,0,-8,1
D,216795,1,1600,0,0,0,1600,0,0,0,0,-8,1
D,216805,1,1600,0,0,0,1600,0,0,0,0,-8,1
D,216815,1,1600,0,0,0,1600,0,0,0,0,-8,1
D,216825,1,1600,0,0,0,1600,0,0,0,0,-8,1
D,216835,1,1600,0,0,0,1600,0,0,0,0,-8,1
D,216845,1,1600,0,0,0,1600,0,0,0,0,-8,1
D,216855,1,1600,0,0,0,1600,0,0,0,0,-8,1
D,216865,1,1600,0,0,0,1600,0,0,0,0,-8,1
D,216875,1,1600,0,0,0,1600,0,0,0,0,-8,1
D,216885,1,1600,0,0,0,1600,0,0,0,0,-8,1
D,216895,1,1600,0,0,0,1600,0,0,0,0,-8,1
D,216905,1,1600,0,0,0,1600,0,0,0,0,-8,1
D,216915,1,1600,0,0,0,1600,0,0,0,0,-8,1
D,216925,1,1600,0,0,0,1600,0,0,0,0,-8,1
D,216935,1,1600,0,0,0,1600,0,0,0,0,-8,1
D,216945,1,1600,0,0,0,1600,0,0,0,0,-8,1
D,216955,1,1600,0,0,0,1600,0,0,0,0,-8,1
D,216965,1,1600,0,0,0,1600,0,0,0,0,-8,1
D,216975,1,1600,0,0,0,1600,0,0,0,0,-8,1
D,216985,1,1600,0,0,0,1600,0,0,0,0,-8,1
D,216995,1,1600,0,0,0,1600,0,0,0,0,-8,1
D,217005,1,1600,0,0,0,1600,0,0,0,0,-8,1
D,217015,1,1600,0,0,0,1600,0,0,0,0,-8,1
D,217025,1,1600,0,0,0,1600,0,0,0,0,-8,1
D,217035,1,1600,0,0,0,1600,0,0,0,0,-8,1
D,217045,1,1600,0,0,0,1600,0,0,0,0,-8,1
D,217055,1,1600,0,0,0,1600,0,0,0,0,-8,1
D,217065,1,1600,0,0,0,1600,0,0,0,0,-8,1
D,217075,1,1600,0,0,0,1600,0,0,0,0,-8,1
D,217085,1,1600,0,0,0,1600,0,0,0,0,-8,1
D,217095,1,1600,0,0,0,1600,0,0,0,0,-8,1
D,217105,1,1600,0,0,0,1600,0,0,0,0,-8,1
D,217115,1,1600,0,0,0,1600,0,0,0,0,-8,1
D,217125,1,1600,0,0,0,1600,0,0,0,0,-8,1
D,217135,1,1600,0,0,0,1600,0,0,0,0,-8,1
D,217145,1,1600,0,0,0,1600,0,0,0,0,-8,1
D,217155,1,1600,0,0,0,1600,0,0,0,0,-8,1
D,217165,1,1600,0,0,0,1600,0,0,0,0,-8,1
D,217175,1,1600,0,0,0,1600,0,0,0,0,-8,1
D,217185,1,1600,0,0,0,1600,0,0,0,0,-8,1
D,217195,1,1600,0,0,0,1600,0,0,0,0,-8,1
D,217205,1,1600,0,0,0,1600,0,0,0,0,-8,1
D,217215,1,1600,0,0,0,1600,0,0,0,0,-8,1
D,217225,1,1600,0,0,0,1600,0,0,0,0,-8,1
D,217235,1,1600,0,0,0,1600,0,0,0,0,-8,1
D,217245,1,1600,0,0,0,1600,0,0,0,0,-8,1
D,217255,1,1600,0,0,0,1600,0,0,0,0,-8,1
D,217265,1,1600,0,0,0,1600,0,0,0,0,-8,1
D,217275,1,1600,0,0,0,1600,0,0,0,0,-8,1
D,217285,1,1600,0,0,0,1600,0,0,0,0,-8,1
D,217295,1,1600,0,0,0,1600,0,0,0,0,-8,1
D,217305,1,1600,0,0,0,1600,0,0,0,0,-8,1
D,217315,1,1600,0,0,0,1600,0,0,0,0,-8,1
D,217325,1,1600,0,0,0,1600,0,0,0,0,-8,1
D,217335,1,1600,0,0,0,1600,0,0,0,0,-8,1
D,217345,1,1600,0,0,0,1600,0,0,0,0,-8,1
D,217355,1,1600,0,0,0,1600,0,0,0,0,-8,1
D,217365,1,1600,0,0,0,1600,0,0,0,0,-8,1
D,217375,1,1600,0,0,0,1600,0,0,0,0,-8,1
D,217385,1,1600,0,0,0,1600,0,0,0,0,-8,1
D,217395,1,1600,0,0,0,1600,0,0,0,0,-8,1
D,217405,1,1600,0,0,0,1600,0,0,0,0,-8,1
D,217415,1,1600,0,0,0,1600,0,0,0,0,-8,1
D,217425,1,1600,0,0,0,1600,0,0,0,0,-8,1
D,217435,1,1600,0,0,0,1600,0,0,0,0,-8,1
D,217445,1,1600,0,0,0,1600,0,0,0,0,-8,1
D,217455,1,1600,0,0,0,1600,0,0,0,0,-8,1
D,217465,1,1600,0,0,0,1600,0,0,0,0,-8,1
D,217475,1,1600,0,0,0,1600,0,0,0,0,-8,1
D,217485,1,1600,0,0,0,1600,0,0,0,0,-8,1
D,217495,1,1600,0,0,0,1600,0,0,0,0,-8,1
D,217505,1,1600,0,0,0,1600,0,0,0,0,-8,1
D,217515,1,1600,0,0,0,1600,0,0,0,0,-8,1
D,217525,1,1600,0,0,0,1600,0,0,0,0,-8,1
D,217535,1,1600,0,0,0,1600,0,0,0,0,-8,1
D,217545,1,1600,0,0,0,1600,0,0,0,0,-8,1
D,217555,1,1600,0,0,0,1600,0,0,0,0,-8,1
D,217565,1,1600,0,0,0,1600,0,0,0,0,-8,1
D,217575,1,1600,0,0,0,1600,0,0,0,0,-8,1
D,217585,1,1600,0,0,0,1600,0,0,0,0,-8,1
D,217595,1,1600,0,0,0,1600,0,0,0,0,-8,1
D,217605,1,1600,0,0,0,1600,0,0,0,0,-8,1
D,217615,1,1600,0,0,0,1600,0,0,0,0,-8,1
D,217625,1,1600,0,0,0,1600,0,0,0,0,-8,1
D,217635,1,1600,0,0,0,1600,0,0,0,0,-8,1
D,217645,1,1600,0,0,0,1600,0,0,0,0,-8,1
D,217655,1,1600,0,0,0,1600,0,0,0,0,-8,1
D,217665,1,1600,0,0,0,1600,0,0,0,0,-8,1
D,217675,1,1600,0,0,0,1600,0,0,0,0,-8,1
D,217685,1,1600,0,0,0,1600,0,0,0,0,-8,1
D,217695,1,1600,0,0,0,1600,0,0,0,0,-8,1
D,217705,1,1600,0,0,0,1600,0,0,0,0,-8,1
D,217715,1,1600,0,0,0,1600,0,0,0,0,-8,1
D,217725,1,1600,0,0,0,1600,0,0,0,0,-8,1
D,217735,1,1600,0,0,0,1600,0,0,0,0,-8,1
D,217745,1,1600,0,0,0,1600,0,0,0,0,-8,1
D,217755,1,1600,0,0,0,1600,0,0,0,0,-8,1
D,217765,1,1600,0,0,0,1600,0,0,0,0,-8,1
D,217775,1,1600,0,0,0,1600,0,0,0,0,-8,1
D,217785,1,1600,0,0,0,1600,0,0,0,0,-8,1
D,217795,1,1600,0,0,0,1600,0,0,0,0,-8,1
D,217805,1,1600,0,0,0,1600,0,0,0,0,-8,1
D,217815,1,1600,0,0,0,1600,0,0,0,0,-8,1
D,217825,1,1600,0,0,0,1600,0,0,0,0,-8,1
D,217835,1,1600,0,0,0,1600,0,0,0,0,-8,1
D,217845,1,1600,0,0,0,1600,0,0,0,0,-8,1
D,217855,1,1600,0,0,0,1600,0,0,0,0,-8,1
D,217865,1,1600,0,0,0,1600,0,0,0,0,-8,1
D,217875,1,1600,0,0,0,1600,0,0,0,0,-8,1
D,217885,1,1600,0,0,0,1600,0,0,0,0,-8,1
D,217895,1,1600,0,0,0,1600,0,0,0,0,-8,1
D,217905,1,1600,0,0,0,1600,0,0,0,0,-8,1
D,217915,1,1600,0,0,0,1600,0,0,0,0,-8,1
D,217925,1,1600,0,0,0,1600,0,0,0,0,-8,1
D,217935,1,1600,0,0,0,1600,0,0,0,0,-8,1
D,217945,1,1600,0,0,0,1600,0,0,0,0,-8,1
D,217955,1,1600,0,0,0,1600,0,0,0,0,-8,1
D,217965,1,1600,0,0,0,1600,0,0,0,0,-8,1
D,217975,1,1600,0,0,0,1600,0,0,0,0,-8,1
D,217985,1,1600,0,0,0,1600,0,0,0,0,-8,1
D,217995,1,1600,0,0,0,1600,0,0,0,0,-8,1
D,218005,1,1600,0,0,0,1600,0,0,0,0,-8,1
D,218015,1,1600,0,0,0,1600,0,0,0,0,-8,1
D,218025,1,1600,0,0,0,1600,0,0,0,0,-8,1
D,218035,1,1600,0,0,0,1600,0,0,0,0,-8,1
D,218045,1,1600,0,0,0,1600,0,0,0,0,-8,1
D,218055,1,1600,0,0,0,1600,0,0,0,0,-8,1
D,218065,1,1600,0,0,0,1600,0,0,0,0,-8,1
D,218075,1,1600,0,0,0,1600,0,0,0,0,-8,1
D,218085,1,1600,0,0,0,1600,0,0,0,0,-8,1
D,218095,1,1600,0,0,0,1600,0,0,0,0,-8,1
D,218105,1,1600,0,0,0,1600,0,0,0,0,-8,1
D,218115,1,1600,0,0,0,1600,0,0,0,0,-8,1
D,218125,1,1600,0,0,0,1600,0,0,0,0,-8,1
D,218135,1,1600,0,0,0,1600,0,0,0,0,-8,1
D,218145,1,1600,0,0,0,1600,0,0,0,0,-8,1
D,218155,1,1600,0,0,0,1600,0,0,0,0,-8,1
D,218165,1,1600,0,0,0,1600,0,0,0,0,-8,1
D,218175,1,1600,0,0,0,1600,0,0,0,0,-8,1
D,218185,1,1600,0,0,0,1600,0,0,0,0,-8,1
D,218195,1,1600,0,0,0,1600,0,0,0,0,-8,1
D,218205,1,1600,0,0,0,1600,0,0,0,0,-8,1
D,218215,1,1600,0,0,0,1600,0,0,0,0,-8,1
D,218225,1,3000,0,0,0,3000,0,0,0,0,-8,1
D,218235,1,3000,0,0,0,3000,0,0,0,0,-8,1
D,218245,1,3000,0,0,0,3000,0,0,0,0,-8,1
D,218255,1,3000,0,0,0,3000,0,0,0,0,-8,1
D,218265,1,3000,0,0,0,3000,0,0,0,0,-8,1
D,218275,1,3000,0,0,0,3000,0,0,0,0,-8,1
D,218285,1,3000,0,0,0,3000,0,0,0,0,-8,1
D,218295,1,3000,0,0,0,3000,0,0,0,0,-8,1
D,218305,1,3000,0,0,0,3000,0,0,0,0,-8,1
D,218315,1,3000,0,0,0,3000,0,0,0,0,-8,1
D,218325,1,3000,0,0,0,3000,0,0,0,0,-8,1
D,218335,1,3000,0,0,0,3000,0,0,0,0,-8,1
D,218345,1,3000,0,0,0,3000,0,0,0,0,-8,1
D,218355,1,3000,0,0,0,3000,0,0,0,0,-8,1
D,218365,1,3000,0,0,0,3000,0,0,0,0,-8,1
D,218375,1,3000,0,0,0,3000,0,0,0,0,-8,1
D,218385,1,3000,0,0,0,3000,0,0,0,0,-8,1
D,218395,1,3000,0,0,0,3000,0,0,0,0,-8,1
D,218405,1,3000,0,0,0,3000,0,0,0,0,-8,1
D,218415,1,3000,0,0,0,3000,0,0,0,0,-8,1
D,218425,1,3000,0,0,0,3000,0,0,0,0,-8,1
D,218435,1,3000,0,0,0,3000,0,0,0,0,-8,1
D,218445,1,3000,0,0,0,3000,0,0,0,0,-8,1
D,218455,1,3000,0,0,0,3000,0,0,0,0,-8,1
D,218465,1,3000,0,0,0,3000,0,0,0,0,-8,1
D,218475,1,3000,0,0,0,3000,0,0,0,0,-8,1
D,218485,1,3000,0,0,0,3000,0,0,0,0,-8,1
D,218495,1,3000,0,0,0,3000,0,0,0,0,-8,1
D,218505,1,3000,0,0,0,3000,0,0,0,0,-8,1
D,218515,1,3000,0,0,0,3000,0,0,0,0,-8,1
D,218525,1,3000,0,0,0,3000,0,0,0,0,-8,1
D,218535,1,3000,0,0,0,3000,0,0,0,0,-8,1
D,218545,1,3000,0,0,0,3000,0,0,0,0,-8,1
D,218555,1,3000,0,0,0,3000,0,0,0,0,-8,1
D,218565,1,3000,0,0,0,3000,0,0,0,0,-8,1
D,218575,1,3000,0,0,0,3000,0,0,0,0,-8,1
D,218585,1,3000,0,0,0,3000,0,0,0,0,-8,1
D,218595,1,3000,0,0,0,3000,0,0,0,0,-8,1
D,218605,1,3000,0,0,0,3000,0,0,0,0,-8,1
D,218615,1,3000,0,0,0,3000,0,0,0,0,-8,1
D,218625,1,3000,0,0,0,3000,0,0,0,0,-8,1
D,218635,1,3000,0,0,0,3000,0,0,0,0,-8,1
D,218645,1,3000,0,0,0,3000,0,0,0,0,-8,1
D,218655,1,3000,0,0,0,3000,0,0,0,0,-8,1
D,218665,1,3000,0,0,0,3000,0,0,0,0,-8,1
D,218675,1,3000,0,0,0,3000,0,0,0,0,-8,1
D,218685,1,3000,0,0,0,3000,0,0,0,0,-8,1
D,218695,1,3000,0,0,0,3000,0,0,0,0,-8,1
D,218705,1,3000,0,0,0,3000,0,0,0,0,-8,1
D,218715,1,3000,0,0,0,3000,0,0,0,0,-8,1
D,218725,1,3000,0,0,0,3000,0,0,0,0,-8,1
D,218735,1,3000,0,0,0,3000,0,0,0,0,-8,1
D,218745,1,3000,0,0,0,3000,0,0,0,0,-8,1
D,218755,1,3000,0,0,0,3000,0,0,0,0,-8,1
D,218765,1,3000,0,0,0,3000,0,0,0,0,-8,1
D,218775,1,3000,0,0,0,3000,0,0,0,0,-8,1
D,218785,1,3000,0,0,0,3000,0,0,0,0,-8,1
D,218795,1,3000,0,0,0,3000,0,0,0,0,-8,1
D,218805,1,3000,0,0,0,3000,0,0,0,0,-8,1
D,218815,1,3000,0,0,0,3000,0,0,0,0,-8,1
D,218825,1,3000,0,0,0,3000,0,0,0,0,-8,1
D,218835,1,3000,0,0,0,3000,0,0,0,0,-8,1
D,218845,1,3000,0,0,0,3000,0,0,0,0,-8,1
D,218855,1,3000,0,0,0,3000,0,0,0,0,-8,1
D,218865,1,3000,0,0,0,3000,0,0,0,0,-8,1
D,218875,1,3000,0,0,0,3000,0,0,0,0,-8,1
D,218885,1,3000,0,0,0,3000,0,0,0,0,-8,1
D,218895,1,3000,0,0,0,3000,0,0,0,0,-8,1
D,218905,1,3000,0,0,0,3000,0,0,0,0,-8,1
D,218915,1,3000,0,0,0,3000,0,0,0,0,-8,1
D,218925,1,3000,0,0,0,3000,0,0,0,0,-8,1
D,218935,1,3000,0,0,0,3000,0,0,0,0,-8,1
D,218945,1,3000,0,0,0,3000,0,0,0,0,-8,1
D,218955,1,3000,0,0,0,3000,0,0,0,0,-8,1
D,218965,1,3000,0,0,0,3000,0,0,0,0,-8,1
D,218975,1,3000,0,0,0,3000,0,0,0,0,-8,1
D,218985,1,3000,0,0,0,3000,0,0,0,0,-8,1
D,218995,1,3000,0,0,0,3000,0,0,0,0,-8,1
D,219005,1,3000,0,0,0,3000,0,0,0,0,-8,1
D,219015,1,3000,0,0,0,3000,0,0,0,0,-8,1
D,219025,1,3000,0,0,0,3000,0,0,0,0,-8,1
D,219035,1,3000,0,0,0,3000,0,0,0,0,-8,1
D,219045,1,3000,0,0,0,3000,0,0,0,0,-8,1
D,219055,1,3000,0,0,0,3000,0,0,0,0,-8,1
D,219065,1,3000,0,0,0,3000,0,0,0,0,-8,1
D,219075,1,3000,0,0,0,3000,0,0,0,0,-8,1
D,219085,1,3000,0,0,0,3000,0,0,0,0,-8,1
D,219095,1,3000,0,0,0,3000,0,0,0,0,-8,1
D,219105,1,3000,0,0,0,3000,0,0,0,0,-8,1
D,219115,1,3000,0,0,0,3000,0,0,0,0,-8,1
D,219125,1,3000,0,0,0,3000,0,0,0,0,-8,1
D,219135,1,3000,0,0,0,3000,0,0,0,0,-8,1
D,219145,1,3000,0,0,0,3000,0,0,0,0,-8,1
D,219155,1,3000,0,0,0,3000,0,0,0,0,-8,1
D,219165,1,3000,0,0,0,3000,0,0,0,0,-8,1
D,219175,1,3000,0,0,0,3000,0,0,0,0,-8,1
D,219185,1,3000,0,0,0,3000,0,0,0,0,-8,1
D,219195,1,3000,0,0,0,3000,0,0,0,0,-8,1
D,219205,1,3000,0,0,0,3000,0,0,0,0,-8,1
D,219215,1,3000,0,0,0,3000,0,0,0,0,-8,1
D,219225,1,3000,0,0,0,3000,0,0,0,0,-8,1
D,219235,1,3000,0,0,0,3000,0,0,0,0,-8,1
D,219245,1,3000,0,0,0,3000,0,0,0,0,-8,1
D,219255,1,3000,0,0,0,3000,0,0,0,0,-8,1
D,219265,1,3000,0,0,0,3000,0,0,0,0,-8,1
D,219275,1,3000,0,0,0,3000,0,0,0,0,-8,1
D,219285,1,3000,0,0,0,3000,0,0,0,0,-8,1
D,219295,1,3000,0,0,0,3000,0,0,0,0,-8,1
D,219305,1,3000,0,0,0,3000,0,0,0,0,-8,1
D,219315,1,3000,0,0,0,3000,0,0,0,0,-8,1
D,219325,1,3000,0,0,0,3000,0,0,0,0,-8,1
D,219335,1,3000,0,0,0,3000,0,0,0,0,-8,1
D,219345,1,3000,0,0,0,3000,0,0,0,0,-8,1
D,219355,1,3000,0,0,0,3000,0,0,0,0,-8,1
D,219365,1,3000,0,0,0,3000,0,0,0,0,-8,1
D,219375,1,3000,0,0,0,3000,0,0,0,0,-8,1
D,219385,1,3000,0,0,0,3000,0,0,0,0,-8,1
D,219395,1,3000,0,0,0,3000,0,0,0,0,-8,1
D,219405,1,3000,0,0,0,3000,0,0,0,0,-8,1
D,219415,1,3000,0,0,0,3000,0,0,0,0,-8,1
D,219425,1,3000,0,0,0,3000,0,0,0,0,-8,1
D,219435,1,3000,0,0,0,3000,0,0,0,0,-8,1
D,219445,1,3000,0,0,0,3000,0,0,0,0,-8,1
D,219455,1,3000,0,0,0,3000,0,0,0,0,-8,1
D,219465,1,3000,0,0,0,3000,0,0,0,0,-8,1
D,219475,1,3000,0,0,0,3000,0,0,0,0,-8,1
D,219485,1,3000,0,0,0,3000,0,0,0,0,-8,1
D,219495,1,3000,0,0,0,3000,0,0,0,0,-8,1
D,219505,1,3000,0,0,0,3000,0,0,0,0,-8,1
D,219515,1,3000,0,0,0,3000,0,0,0,0,-8,1
D,219525,1,3000,0,0,0,3000,0,0,0,0,-8,1
D,219535,1,3000,0,0,0,3000,0,0,0,0,-8,1
D,219545,1,3000,0,0,0,3000,0,0,0,0,-8,1
D,219555,1,3000,0,0,0,3000,0,0,0,0,-8,1
D,219565,1,3000,0,0,0,3000,0,0,0,0,-8,1
D,219575,1,3000,0,0,0,3000,0,0,0,0,-8,1
D,219585,1,3000,0,0,0,3000,0,0,0,0,-8,1
D,219595,1,3000,0,0,0,3000,0,0,0,0,-8,1
D,219605,1,3000,0,0,0,3000,0,0,0,0,-8,1
D,219615,1,3000,0,0,0,3000,0,0,0,0,-8,1
D,219625,1,3000,0,0,0,3000,0,0,0,0,-8,1
D,219635,1,3000,0,0,0,3000,0,0,0,0,-8,1
D,219645,1,3000,0,0,0,3000,0,0,0,0,-8,1
D,219655,1,3000,0,0,0,3000,0,0,0,0,-8,1
D,219665,1,3000,0,0,0,3000,0,0,0,0,-8,1
D,219675,1,3000,0,0,0,3000,0,0,0,0,-8,1
D,219685,1,3000,0,0,0,3000,0,0,0,0,-8,1
D,219695,1,3000,0,0,0,3000,0,0,0,0,-8,1
D,219705,1,3000,0,0,0,3000,0,0,0,0,-8,1
D,219715,1,3000,0,0,0,3000,0,0,0,0,-8,1
D,219725,1,3000,0,0,0,3000,0,0,0,0,-8,1
D,219735,1,3000,0,0,0,3000,0,0,0,0,-8,1
D,219745,1,3000,0,0,0,3000,0,0,0,0,-8,1
D,219755,1,3000,0,0,0,3000,0,0,0,0,-8,1
D,219765,1,3000,0,0,0,3000,0,0,0,0,-8,1
D,219775,1,3000,0,0,0,3000,0,0,0,0,-8,1
D,219785,1,3000,0,0,0,3000,0,0,0,0,-8,1
D,219795,1,3000,0,0,0,3000,0,0,0,0,-8,1
D,219805,1,3000,0,0,0,3000,0,0,0,0,-8,1
D,219815,1,3000,0,0,0,3000,0,0,0,0,-8,1
D,219825,1,3000,0,0,0,3000,0,0,0,0,-8,1
D,219835,1,3000,0,0,0,3000,0,0,0,0,-8,1
D,219845,1,3000,0,0,0,3000,0,0,0,0,-8,1
D,219855,1,3000,0,0,0,3000,0,0,0,0,-8,1
D,219865,1,3000,0,0,0,3000,0,0,0,0,-8,1
D,219875,1,3000,0,0,0,3000,0,0,0,0,-8,1
D,219885,1,3000,0,0,0,3000,0,0,0,0,-8,1
D,219895,1,3000,0,0,0,3000,0,0,0,0,-8,1
D,219905,1,3000,0,0,0,3000,0,0,0,0,-8,1
D,219915,1,3000,0,0,0,3000,0,0,0,0,-8,1
D,219925,1,3000,0,0,0,3000,0,0,0,0,-8,1
D,219935,1,3000,0,0,0,3000,0,0,0,0,-8,1
D,219945,1,3000,0,0,0,3000,0,0,0,0,-8,1
D,219955,1,3000,0,0,0,3000,0,0,0,0,-8,1
D,219965,1,3000,0,0,0,3000,0,0,0,0,-8,1
D,219975,1,3000,0,0,0,3000,0,0,0,0,-8,1
D,219985,1,3000,0,0,0,3000,0,0,0,0,-8,1
D,219995,1,3000,0,0,0,3000,0,0,0,0,-8,1
D,220005,1,3000,0,0,0,3000,0,0,0,0,-8,1
D,220015,1,3000,0,0,0,3000,0,0,0,0,-8,1
D,220025,1,3000,0,0,0,3000,0,0,0,0,-8,1
D,220035,1,3000,0,0,0,3000,0,0,0,0,-8,1
D,220045,1,3000,0,0,0,3000,0,0,0,0,-8,1
D,220055,1,3000,0,0,0,3000,0,0,0,0,-8,1
D,220065,1,3000,0,0,0,3000,0,0,0,0,-8,1
D,220075,1,3000,0,0,0,3000,0,0,0,0,-8,1
D,220085,1,3000,0,0,0,3000,0,0,0,0,-8,1
D,220095,1,3000,0,0,0,3000,0,0,0,0,-8,1
D,220105,1,3000,0,0,0,3000,0,0,0,0,-8,1
D,220115,1,3000,0,0,0,3000,0,0,0,0,-8,1
D,220125,1,3000,0,0,0,3000,0,0,0,0,-8,1
D,220135,1,3000,0,0,0,3000,0,0,0,0,-8,1
D,220145,1,3000,0,0,0,3000,0,0,0,0,-8,1
D,220155,1,3000,0,0,0,3000,0,0,0,0,-8,1
D,220165,1,3000,0,0,0,3000,0,0,0,0,-8,1
D,220175,1,3000,0,0,0,3000,0,0,0,0,-8,1
D,220185,1,3000,0,0,0,3000,0,0,0,0,-8,1
D,220195,1,3000,0,0,0,3000,0,0,0,0,-8,1
D,220205,1,3000,0,0,0,3000,0,0,0,0,-8,1
D,220215,1,3000,0,0,0,3000,0,0,0,0,-8,1
D,220225,1,3000,0,0,0,3000,0,0,0,0,-8,1
D,220235,1,3000,0,0,0,3000,0,0,0,0,-8,1
D,220245,1,3000,0,0,0,3000,0,0,0,0,-8,1
D,220255,1,3000,0,0,0,3000,0,0,0,0,-8,1
D,220265,1,3000,0,0,0,3000,0,0,0,0,-8,1
D,220275,1,3000,0,0,0,3000,0,0,0,0,-8,1
D,220285,1,3000,0,0,0,3000,0,0,0,0,-8,1
D,220295,1,3000,0,0,0,3000,0,0,0,0,-8,1
D,220305,1,3000,0,0,0,3000,0,0,0,0,-8,1
D,220315,1,3000,0,0,0,3000,0,0,0,0,-8,1
D,220325,1,3000,0,0,0,3000,0,0,0,0,-8,1
D,220335,1,3000,0,0,0,3000,0,0,0,0,-8,1
D,220345,1,3000,0,0,0,3000,0,0,0,0,-8,1
D,220355,1,3000,0,0,0,3000,0,0,0,0,-8,1
D,220365,1,3000,0,0,0,3000,0,0,0,0,-8,1
D,220375,1,3000,0,0,0,3000,0,0,0,0,-8,1
D,220385,1,3000,0,0,0,3000,0,0,0,0,-8,1
D,220395,1,3000,0,0,0,3000,0,0,0,0,-8,1
D,220405,1,3000,0,0,0,3000,0,0,0,0,-8,1
D,220415,1,3000,0,0,0,3000,0,0,0,0,-8,1
D,220425,1,3000,0,0,0,3000,0,0,0,0,-8,1
D,220435,1,3000,0,0,0,3000,0,0,0,0,-8,1
D,220445,1,3000,0,0,0,3000,0,0,0,0,-8,1
D,220455,1,3000,0,0,0,3000,0,0,0,0,-8,1
D,220465,1,3000,0,0,0,3000,0,0,0,0,-8,1
D,220475,1,3000,0,0,0,3000,0,0,0,0,-8,1
D,220485,1,3000,0,0,0,3000,0,0,0,0,-8,1
D,220495,1,3000,0,0,0,3000,0,0,0,0,-8,1
D,220505,1,3000,0,0,0,3000,0,0,0,0,-8,1
D,220515,1,3000,0,0,0,3000,0,0,0,0,-8,1
D,220525,1,3000,0,0,0,3000,0,0,0,0,-8,1
D,220535,1,3000,0,0,0,3000,0,0,0,0,-8,1
D,220545,1,3000,0,0,0,3000,0,0,0,0,-8,1
D,220555,1,3000,0,0,0,3000,0,0,0,0,-8,1
D,220565,1,3000,0,0,0,3000,0,0,0,0,-8,1
D,220575,1,3000,0,0,0,3000,0,0,0,0,-8,1
D,220585,1,3000,0,0,0,3000,0,0,0,0,-8,1
D,220595,1,3000,0,0,0,3000,0,0,0,0,-8,1
D,220605,1,3000,0,0,0,3000,0,0,0,0,-8,1
D,220615,1,3000,0,0,0,3000,0,0,0,0,-8,1
D,220625,1,3000,0,0,0,3000,0,0,0,0,-8,1
D,220635,1,3000,0,0,0,3000,0,0,0,0,-8,1
D,220645,1,3000,0,0,0,3000,0,0,0,0,-8,1
D,220655,1,3000,0,0,0,3000,0,0,0,0,-8,1
D,220665,1,3000,0,0,0,3000,0,0,0,0,-8,1
D,220675,1,3000,0,0,0,3000,0,0,0,0,-8,1
D,220685,1,3000,0,0,0,3000,0,0,0,0,-8,1
D,220695,1,3000,0,0,0,3000,0,0,0,0,-8,1
D,220705,1,3000,0,0,0,3000,0,0,0,0,-8,1
D,220715,1,3000,0,0,0,3000,0,0,0,0,-8,1
D,220725,1,3000,0,0,0,3000,0,0,0,0,-8,1
D,220735,1,3000,0,0,0,3000,0,0,0,0,-8,1
D,220745,1,3000,0,0,0,3000,0,0,0,0,-8,1
D,220755,1,3000,0,0,0,3000,0,0,0,0,-8,1
D,220765,1,3000,0,0,0,3000,0,0,0,0,-8,1
D,220775,1,3000,0,0,0,3000,0,0,0,0,-8,1
D,220785,1,3000,0,0,0,3000,0,0,0,0,-8,1
D,220795,1,3000,0,0,0,3000,0,0,0,0,-8,1
D,220805,1,3000,0,0,0,3000,0,0,0,0,-8,1
D,220815,1,3000,0,0,0,3000,0,0,0,0,-8,1
D,220825,1,3000,0,0,0,3000,0,0,0,0,-8,1
D,220835,1,3000,0,0,0,3000,0,0,0,0,-8,1
D,220845,1,3000,0,0,0,3000,0,0,0,0,-8,1
D,220855,1,3000,0,0,0,3000,0,0,0,0,-8,1
D,220865,1,3000,0,0,0,3000,0,0,0,0,-8,1
D,220875,1,3000,0,0,0,3000,0,0,0,0,-8,1
D,220885,1,3000,0,0,0,3000,0,0,0,0,-8,1
D,220895,1,3000,0,0,0,3000,0,0,0,0,-8,1
D,220905,1,3000,0,0,0,3000,0,0,0,0,-8,1
D,220915,1,3000,0,0,0,3000,0,0,0,0,-8,1
D,220925,1,3000,0,0,0,3000,0,0,0,0,-8,1
D,220935,1,3000,0,0,0,3000,0,0,0,0,-8,1
D,220945,1,3000,0,0,0,3000,0,0,0,0,-8,1
D,220955,1,3000,0,0,0,3000,0,0,0,0,-8,1
D,220965,1,3000,0,0,0,3000,0,0,0,0,-8,1
D,220975,1,3000,0,0,0,3000,0,0,0,0,-8,1
D,220985,1,3000,0,0,0,3000,0,0,0,0,-8,1
D,220995,1,3000,0,0,0,3000,0,0,0,0,-8,1
D,221005,1,3000,0,0,0,3000,0,0,0,0,-8,1
D,221015,1,3000,0,0,0,3000,0,0,0,0,-8,1
D,221025,1,3000,0,0,0,3000,0,0,0,0,-8,1
D,221035,1,3000,0,0,0,3000,0,0,0,0,-8,1
D,221045,1,3000,0,0,0,3000,0,0,0,0,-8,1
D,221055,1,3000,0,0,0,3000,0,0,0,0,-8,1
D,221065,1,3000,0,0,0,3000,0,0,0,0,-8,1
D,221075,1,3000,0,0,0,3000,0,0,0,0,-8,1
D,221085,1,3000,0,0,0,3000,0,0,0,0,-8,1
D,221095,1,3000,0,0,0,3000,0,0,0,0,-8,1
D,221105,1,3000,0,0,0,3000,0,0,0,0,-8,1
D,221115,1,3000,0,0,0,3000,0,0,0,0,-8,1
D,221125,1,3000,0,0,0,3000,0,0,0,0,-8,1
D,221135,1,3000,0,0,0,3000,0,0,0,0,-8,1
D,221145,1,3000,0,0,0,3000,0,0,0,0,-8,1
D,221155,1,3000,0,0,0,3000,0,0,0,0,-8,1
D,221165,1,3000,0,0,0,3000,0,0,0,0,-8,1
D,221175,1,3000,0,0,0,3000,0,0,0,0,-8,1
D,221185,1,3000,0,0,0,3000,0,0,0,0,-8,1
D,221195,1,3000,0,0,0,3000,0,0,0,0,-8,1
D,221205,1,3000,0,0,0,3000,0,0,0,0,-8,1
D,221215,1,3000,0,0,0,3000,0,0,0,0,-8,1
D,221225,1,3000,0,0,0,3000,0,0,0,0,-8,1
D,221235,1,3000,0,0,0,3000,0,0,0,0,-8,1
D,221245,1,3000,0,0,0,3000,0,0,0,0,-8,1
D,221255,1,3000,0,0,0,3000,0,0,0,0,-8,1
D,221265,1,3000,0,0,0,3000,0,0,0,0,-8,1
D,221275,1,3000,0,0,0,3000,0,0,0,0,-8,1
D,221285,1,3000,0,0,0,3000,0,0,0,0,-8,1
D,221295,1,3000,0,0,0,3000,0,0,0,0,-8,1
D,221305,1,3000,0,0,0,3000,0,0,0,0,-8,1
D,221315,1,3000,0,0,0,3000,0,0,0,0,-8,1
D,221325,1,3000,0,0,0,3000,0,0,0,0,-8,1
D,221335,1,3000,0,0,0,3000,0,0,0,0,-8,1
D,221345,1,3000,0,0,0,3000,0,0,0,0,-8,1
D,221355,1,3000,0,0,0,3000,0,0,0,0,-8,1
D,221365,1,3000,0,0,0,3000,0,0,0,0,-8,1
D,221375,1,3000,0,0,0,3000,0,0,0,0,-8,1
D,221385,1,3000,0,0,0,3000,0,0,0,0,-8,1
D,221395,1,3000,0,0,0,3000,0,0,0,0,-8,1
D,221405,1,3000,0,0,0,3000,0,0,0,0,-8,1
D,221415,1,3000,0,0,0,3000,0,0,0,0,-8,1
D,221425,1,3000,0,0,0,3000,0,0,0,0,-8,1
D,221435,1,3000,0,0,0,3000,0,0,0,0,-8,1
D,221445,1,3000,0,0,0,3000,0,0,0,0,-8,1
D,221455,1,3000,0,0,0,3000,0,0,0,0,-8,1
D,221465,1,3000,0,0,0,3000,0,0,0,0,-8,1
D,221475,1,3000,0,0,0,3000,0,0,0,0,-8,1
D,221485,1,3000,0,0,0,3000,0,0,0,0,-8,1
D,221495,1,3000,0,0,0,3000,0,0,0,0,-8,1
D,221505,1,3000,0,0,0,3000,0,0,0,0,-8,1
D,221515,1,3000,0,0,0,3000,0,0,0,0,-8,1
D,221525,1,3000,0,0,0,3000,0,0,0,0,-8,1
D,221535,1,3000,0,0,0,3000,0,0,0,0,-8,1
D,221545,1,3000,0,0,0,3000,0,0,0,0,-8,1
D,221555,1,3000,0,0,0,3000,0,0,0,0,-8,1
D,221565,1,3000,0,0,0,3000,0,0,0,0,-8,1
D,221575,1,3000,0,0,0,3000,0,0,0,0,-8,1
D,221585,1,3000,0,0,0,3000,0,0,0,0,-8,1
D,221595,1,3000,0,0,0,3000,0,0,0,0,-8,1
D,221605,1,3000,0,0,0,3000,0,0,0,0,-8,1
D,221615,1,3000,0,0,0,3000,0,0,0,0,-8,1
D,221625,1,3000,0,0,0,3000,0,0,0,0,-8,1
D,221635,1,3000,0,0,0,3000,0,0,0,0,-8,1
D,221645,1,3000,0,0,0,3000,0,0,0,0,-8,1
D,221655,1,3000,0,0,0,3000,0,0,0,0,-8,1
D,221665,1,3000,0,0,0,3000,0,0,0,0,-8,1
D,221675,1,3000,0,0,0,3000,0,0,0,0,-8,1
D,221685,1,3000,0,0,0,3000,0,0,0,0,-8,1
D,221695,1,3000,0,0,0,3000,0,0,0,0,-8,1
D,221705,1,3000,0,0,0,3000,0,0,0,0,-8,1
D,221715,1,3000,0,0,0,3000,0,0,0,0,-8,1
D,221725,1,3000,0,0,0,3000,0,0,0,0,-8,1
D,221735,1,3000,0,0,0,3000,0,0,0,0,-8,1
D,221745,1,3000,0,0,0,3000,0,0,0,0,-8,1
D,221755,1,3000,0,0,0,3000,0,0,0,0,-8,1
D,221765,1,3000,0,0,0,3000,0,0,0,0,-8,1
D,221775,1,3000,0,0,0,3000,0,0,0,0,-8,1
D,221785,1,3000,0,0,0,3000,0,0,0,0,-8,1
D,221795,1,3000,0,0,0,3000,0,0,0,0,-8,1
D,221805,1,3000,0,0,0,3000,0,0,0,0,-8,1
D,221815,1,3000,0,0,0,3000,0,0,0,0,-8,1
D,221825,1,3000,0,0,0,3000,0,0,0,0,-8,1
D,221835,1,3000,0,0,0,3000,0,0,0,0,-8,1
D,221845,1,3000,0,0,0,3000,0,0,0,0,-8,1
D,221855,1,3000,0,0,0,3000,0,0,0,0,-8,1
D,221865,1,3000,0,0,0,3000,0,0,0,0,-8,1
D,221875,1,3000,0,0,0,3000,0,0,0,0,-8,1
D,221885,1,3000,0,0,0,3000,0,0,0,0,-8,1
D,221895,1,3000,0,0,0,3000,0,0,0,0,-8,1
D,221905,1,3000,0,0,0,3000,0,0,0,0,-8,1
D,221915,1,3000,0,0,0,3000,0,0,0,0,-8,1
D,221925,1,3000,0,0,0,3000,0,0,0,0,-8,1
D,221935,1,3000,0,0,0,3000,0,0,0,0,-8,1
D,221945,1,3000,0,0,0,3000,0,0,0,0,-8,1
D,221955,1,3000,0,0,0,3000,0,0,0,0,-8,1
D,221965,1,3000,0,0,0,3000,0,0,0,0,-8,1
D,221975,1,3000,0,0,0,3000,0,0,0,0,-8,1
D,221985,1,3000,0,0,0,3000,0,0,0,0,-8,1
D,221995,1,3000,0,0,0,3000,0,0,0,0,-8,1
D,222005,1,3000,0,0,0,3000,0,0,0,0,-8,1
D,222015,1,3000,0,0,0,3000,0,0,0,0,-8,1
D,222025,1,3000,0,0,0,3000,0,0,0,0,-8,1
D,222035,1,3000,0,0,0,3000,0,0,0,0,-8,1
D,222045,1,3000,0,0,0,3000,0,0,0,0,-8,1
D,222055,1,3000,0,0,0,3000,0,0,0,0,-8,1
D,222065,1,3000,0,0,0,3000,0,0,0,0,-8,1
D,222075,1,3000,0,0,0,3000,0,0,0,0,-8,1
D,222085,1,3000,0,0,0,3000,0,0,0,0,-8,1
D,222095,1,3000,0,0,0,3000,0,0,0,0,-8,1
D,222105,1,3000,0,0,0,3000,0,0,0,0,-8,1
D,222115,1,3000,0,0,0,3000,0,0,0,0,-8,1
D,222125,1,3000,0,0,0,3000,0,0,0,0,-8,1
D,222135,1,3000,0,0,0,3000,0,0,0,0,-8,1
D,222145,1,3000,0,0,0,3000,0,0,0,0,-8,1
D,222155,1,3000,0,0,0,3000,0,0,0,0,-8,1
D,222165,1,3000,0,0,0,3000,0,0,0,0,-8,1
D,222175,1,3000,0,0,0,3000,0,0,0,0,-8,1
D,222185,1,3000,0,0,0,3000,0,0,0,0,-8,1
D,222195,1,3000,0,0,0,3000,0,0,0,0,-8,1
D,222205,1,3000,0,0,0,3000,0,0,0,0,-8,1
D,222215,1,3000,0,0,0,3000,0,0,0,0,-8,1
D,222225,1,3000,0,0,0,3000,0,0,0,0,-8,1
D,222235,1,3000,0,0,0,3000,0,0,0,0,-8,1
D,222245,1,3000,0,0,0,3000,0,0,0,0,-8,1
D,222255,1,3000,0,0,0,3000,0,0,0,0,-8,1
D,222265,1,3000,0,0,0,3000,0,0,0,0,-8,1
D,222275,1,3000,0,0,0,3000,0,0,0,0,-8,1
D,222285,1,3000,0,0,0,3000,0,0,0,0,-8,1
D,222295,1,3000,0,0,0,3000,0,0,0,0,-8,1
D,222305,1,3000,0,0,0,3000,0,0,0,0,-8,1
D,222315,1,3000,0,0,0,3000,0,0,0,0,-8,1
D,222325,1,3000,0,0,0,3000,0,0,0,0,-8,1
D,222335,1,3000,0,0,0,3000,0,0,0,0,-8,1
D,222345,1,3000,0,0,0,3000,0,0,0,0,-8,1
D,222355,1,3000,0,0,0,3000,0,0,0,0,-8,1
D,222365,1,3000,0,0,0,3000,0,0,0,0,-8,1
D,222375,1,3000,0,0,0,3000,0,0,0,0,-8,1
D,222385,1,3000,0,0,0,3000,0,0,0,0,-8,1
D,222395,1,3000,0,0,0,3000,0,0,0,0,-8,1
D,222405,1,3000,0,0,0,3000,0,0,0,0,-8,1
D,222415,1,3000,0,0,0,3000,0,0,0,0,-8,1
D,222425,1,3000,0,0,0,3000,0,0,0,0,-8,1
D,222435,1,3000,0,0,0,3000,0,0,0,0,-8,1
D,222445,1,3000,0,0,0,3000,0,0,0,0,-8,1
D,222455,1,3000,0,0,0,3000,0,0,0,0,-8,1
D,222465,1,3000,0,0,0,3000,0,0,0,0,-8,1
D,222475,1,3000,0,0,0,3000,0,0,0,0,-8,1
D,222485,1,3000,0,0,0,3000,0,0,0,0,-8,1
D,222495,1,3000,0,0,0,3000,0,0,0,0,-8,1
D,222505,1,3000,0,0,0,3000,0,0,0,0,-8,1
D,222515,1,3000,0,0,0,3000,0,0,0,0,-8,1
D,222525,1,3000,0,0,0,3000,0,0,0,0,-8,1
D,222535,1,3000,0,0,0,3000,0,0,0,0,-8,1
D,222545,1,3000,0,0,0,3000,0,0,0,0,-8,1
D,222555,1,3000,0,0,0,3000,0,0,0,0,-8,1
D,222565,1,3000,0,0,0,3000,0,0,0,0,-8,1
D,222575,1,3000,0,0,0,3000,0,0,0,0,-8,1
D,222585,1,3000,0,0,0,3000,0,0,0,0,-8,1
D,222595,1,3000,0,0,0,3000,0,0,0,0,-8,1
D,222605,1,3000,0,0,0,3000,0,0,0,0,-8,1
D,222615,1,3000,0,0,0,3000,0,0,0,0,-8,1
D,222625,1,3000,0,0,0,3000,0,0,0,0,-8,1
D,222635,1,3000,0,0,0,3000,0,0,0,0,-8,1
D,222645,1,3000,0,0,0,3000,0,0,0,0,-8,1
D,222655,1,3000,0,0,0,3000,0,0,0,0,-8,1
D,222665,1,3000,0,0,0,3000,0,0,0,0,-8,1
D,222675,1,3000,0,0,0,3000,0,0,0,0,-8,1
D,222685,1,3000,0,0,0,3000,0,0,0,0,-8,1
D,222695,1,3000,0,0,0,3000,0,0,0,0,-8,1
D,222705,1,3000,0,0,0,3000,0,0,0,0,-8,1
D,222715,1,3000,0,0,0,3000,0,0,0,0,-8,1
D,222725,1,3000,0,0,0,3000,0,0,0,0,-8,1
D,222735,1,3000,0,0,0,3000,0,0,0,0,-8,1
D,222745,1,3000,0,0,0,3000,0,0,0,0,-8,1
D,222755,1,3000,0,0,0,3000,0,0,0,0,-8,1
D,222765,1,3000,0,0,0,3000,0,0,0,0,-8,1
D,222775,1,3000,0,0,0,3000,0,0,0,0,-8,1
D,222785,1,3000,0,0,0,3000,0,0,0,0,-8,1
D,222795,1,3000,0,0,0,3000,0,0,0,0,-8,1
D,222805,1,3000,0,0,0,3000,0,0,0,0,-8,1
D,222815,1,3000,0,0,0,3000,0,0,0,0,-8,1
D,222825,1,3000,0,0,0,3000,0,0,0,0,-8,1
D,222835,1,3000,0,0,0,3000,0,0,0,0,-8,1
D,222845,1,3000,0,0,0,3000,0,0,0,0,-8,1
D,222855,1,3000,0,0,0,3000,0,0,0,0,-8,1
D,222865,1,3000,0,0,0,3000,0,0,0,0,-8,1
D,222875,1,3000,0,0,0,3000,0,0,0,0,-8,1
D,222885,1,3000,0,0,0,3000,0,0,0,0,-8,1
D,222895,1,3000,0,0,0,3000,0,0,0,0,-8,1
D,222905,1,3000,0,0,0,3000,0,0,0,0,-8,1
D,222915,1,3000,0,0,0,3000,0,0,0,0,-8,1
D,222925,1,3000,0,0,0,3000,0,0,0,0,-8,1
D,222935,1,3000,0,0,0,3000,0,0,0,0,-8,1
D,222945,1,3000,0,0,0,3000,0,0,0,0,-8,1
D,222955,1,3000,0,0,0,3000,0,0,0,0,-8,1
D,222965,1,3000,0,0,0,3000,0,0,0,0,-8,1
D,222975,1,3000,0,0,0,3000,0,0,0,0,-8,1
D,222985,1,3000,0,0,0,3000,0,0,0,0,-8,1
D,222995,1,3000,0,0,0,3000,0,0,0,0,-8,1
D,223005,1,3000,0,0,0,3000,0,0,0,0,-8,1
D,223015,1,3000,0,0,0,3000,0,0,0,0,-8,1
D,223025,1,3000,0,0,0,3000,0,0,0,0,-8,1
D,223035,1,3000,0,0,0,3000,0,0,0,0,-8,1
D,223045,1,3000,0,0,0,3000,0,0,0,0,-8,1
D,223055,1,3000,0,0,0,3000,0,0,0,0,-8,1
D,223065,1,3000,0,0,0,3000,0,0,0,0,-8,1
D,223075,1,3000,0,0,0,3000,0,0,0,0,-8,1
D,223085,1,3000,0,0,0,3000,0,0,0,0,-8,1
D,223095,1,3000,0,0,0,3000,0,0,0,0,-8,1
D,223105,1,3000,0,0,0,3000,0,0,0,0,-8,1
D,223115,1,3000,0,0,0,3000,0,0,0,0,-8,1
D,223125,1,3000,0,0,0,3000,0,0,0,0,-8,1
D,223135,1,3000,0,0,0,3000,0,0,0,0,-8,1
D,223145,1,3000,0,0,0,3000,0,0,0,0,-8,1
D,223155,1,3000,0,0,0,3000,0,0,0,0,-8,1
D,223165,1,3000,0,0,0,3000,0,0,0,0,-8,1
D,223175,1,3000,0,0,0,3000,0,0,0,0,-8,1
D,223185,1,3000,0,0,0,3000,0,0,0,0,-8,1
D,223195,1,3000,0,0,0,3000,0,0,0,0,-8,1
D,223205,1,3000,0,0,0,3000,0,0,0,0,-8,1
D,223215,1,3000,0,0,0,3000,0,0,0,0,-8,1
D,223225,1,3000,0,0,0,3000,0,0,0,0,-8,1
D,223235,1,3000,0,0,0,3000,0,0,0,0,-8,1
D,223245,1,3000,0,0,0,3000,0,0,0,0,-8,1
D,223255,1,3000,0,0,0,3000,0,0,0,0,-8,1
D,223265,1,3000,0,0,0,3000,0,0,0,0,-8,1
D,223275,1,3000,0,0,0,3000,0,0,0,0,-8,1
D,223285,1,3000,0,0,0,3000,0,0,0,0,-8,1
D,223295,1,3000,0,0,0,3000,0,0,0,0,-8,1
D,223305,1,3000,0,0,0,3000,0,0,0,0,-8,1
D,223315,1,3000,0,0,0,3000,0,0,0,0,-8,1
D,223325,1,3000,0,0,0,3000,0,0,0,0,-8,1
D,223335,1,3000,0,0,0,3000,0,0,0,0,-8,1
D,223345,1,3000,0,0,0,3000,0,0,0,0,-8,1
D,223355,1,3000,0,0,0,3000,0,0,0,0,-8,1
D,223365,1,3000,0,0,0,3000,0,0,0,0,-8,1
D,223375,1,3000,0,0,0,3000,0,0,0,0,-8,1
D,223385,1,3000,0,0,0,3000,0,0,0,0,-8,1
D,223395,1,3000,0,0,0,3000,0,0,0,0,-8,1
D,223405,1,3000,0,0,0,3000,0,0,0,0,-8,1
D,223415,1,3000,0,0,0,3000,0,0,0,0,-8,1
D,223425,1,3000,0,0,0,3000,0,0,0,0,-8,1
D,223435,1,3000,0,0,0,3000,0,0,0,0,-8,1
D,223445,1,3000,0,0,0,3000,0,0,0,0,-8,1
D,223455,1,3000,0,0,0,3000,0,0,0,0,-8,1
D,223465,1,3000,0,0,0,3000,0,0,0,0,-8,1
D,223475,1,3000,0,0,0,3000,0,0,0,0,-8,1
D,223485,1,3000,0,0,0,3000,0,0,0,0,-8,1
D,223495,1,3000,0,0,0,3000,0,0,0,0,-8,1
D,223505,1,3000,0,0,0,3000,0,0,0,0,-8,1
D,223515,1,3000,0,0,0,3000,0,0,0,0,-8,1
D,223525,1,3000,0,0,0,3000,0,0,0,0,-8,1
D,223535,1,3000,0,0,0,3000,0,0,0,0,-8,1
D,223545,1,3000,0,0,0,3000,0,0,0,0,-8,1
D,223555,1,3000,0,0,0,3000,0,0,0,0,-8,1
D,223565,1,3000,0,0,0,3000,0,0,0,0,-8,1
D,223575,1,3000,0,0,0,3000,0,0,0,0,-8,1
D,223585,1,3000,0,0,0,3000,0,0,0,0,-8,1
D,223595,1,3000,0,0,0,3000,0,0,0,0,-8,1
D,223605,1,3000,0,0,0,3000,0,0,0,0,-8,1
D,223615,1,3000,0,0,0,3000,0,0,0,0,-8,1
D,223625,1,3000,0,0,0,3000,0,0,0,0,-8,1
D,223635,1,3000,0,0,0,3000,0,0,0,0,-8,1
D,223645,1,3000,0,0,0,3000,0,0,0,0,-8,1
D,223655,1,3000,0,0,0,3000,0,0,0,0,-8,1
D,223665,1,3000,0,0,0,3000,0,0,0,0,-8,1
D,223675,1,3000,0,0,0,3000,0,0,0,0,-8,1
D,223685,1,3000,0,0,0,3000,0,0,0,0,-8,1
D,223695,1,3000,0,0,0,3000,0,0,0,0,-8,1
D,223705,1,3000,0,0,0,3000,0,0,0,0,-8,1
D,223715,1,3000,0,0,0,3000,0,0,0,0,-8,1
D,223725,1,3000,0,0,0,3000,0,0,0,0,-8,1
D,223735,1,3000,0,0,0,3000,0,0,0,0,-8,1
D,223745,1,3000,0,0,0,3000,0,0,0,0,-8,1
D,223755,1,3000,0,0,0,3000,0,0,0,0,-8,1
D,223765,1,3000,0,0,0,3000,0,0,0,0,-8,1
D,223775,1,3000,0,0,0,3000,0,0,0,0,-8,1
D,223785,1,3000,0,0,0,3000,0,0,0,0,-8,1
D,223795,1,3000,0,0,0,3000,0,0,0,0,-8,1
D,223805,1,3000,0,0,0,3000,0,0,0,0,-8,1
D,223815,1,3000,0,0,0,3000,0,0,0,0,-8,1
D,223825,1,3000,0,0,0,3000,0,0,0,0,-8,1
D,223835,1,3000,0,0,0,3000,0,0,0,0,-8,1
D,223845,1,3000,0,0,0,3000,0,0,0,0,-8,1
D,223855,1,3000,0,0,0,3000,0,0,0,0,-8,1
D,223865,1,3000,0,0,0,3000,0,0,0,0,-8,1
D,223875,1,3000,0,0,0,3000,0,0,0,0,-8,1
D,223885,1,3000,0,0,0,3000,0,0,0,0,-8,1
D,223895,1,3000,0,0,0,3000,0,0,0,0,-8,1
D,223905,1,3000,0,0,0,3000,0,0,0,0,-8,1
D,223915,1,3000,0,0,0,3000,0,0,0,0,-8,1
D,223925,1,3000,0,0,0,3000,0,0,0,0,-8,1
D,223935,1,3000,0,0,0,3000,0,0,0,0,-8,1
D,223945,1,3000,0,0,0,3000,0,0,0,0,-8,1
D,223955,1,3000,0,0,0,3000,0,0,0,0,-8,1
D,223965,1,3000,0,0,0,3000,0,0,0,0,-8,1
D,223975,1,3000,0,0,0,3000,0,0,0,0,-8,1
D,223985,1,3000,0,0,0,3000,0,0,0,0,-8,1
D,223995,1,3000,0,0,0,3000,0,0,0,0,-8,1
D,224005,1,3000,0,0,0,3000,0,0,0,0,-8,1
D,224015,1,3000,0,0,0,3000,0,0,0,0,-8,1
D,224025,1,3000,0,0,0,3000,0,0,0,0,-8,1
D,224035,1,3000,0,0,0,3000,0,0,0,0,-8,1
D,224045,1,3000,0,0,0,3000,0,0,0,0,-8,1
D,224055,1,3000,0,0,0,3000,0,0,0,0,-8,1
D,224065,1,3000,0,0,0,3000,0,0,0,0,-8,1
D,224075,1,3000,0,0,0,3000,0,0,0,0,-8,1
D,224085,1,3000,0,0,0,3000,0,0,0,0,-8,1
D,224095,1,3000,0,0,0,3000,0,0,0,0,-8,1
D,224105,1,3000,0,0,0,3000,0,0,0,0,-8,1
D,224115,1,3000,0,0,0,3000,0,0,0,0,-8,1
D,224125,1,3000,0,0,0,3000,0,0,0,0,-8,1
D,224135,1,3000,0,0,0,3000,0,0,0,0,-8,1
D,224145,1,3000,0,0,0,3000,0,0,0,0,-8,1
D,224155,1,3000,0,0,0,3000,0,0,0,0,-8,1
D,224165,1,3000,0,0,0,3000,0,0,0,0,-8,1
D,224175,1,3000,0,0,0,3000,0,0,0,0,-8,1
D,224185,1,3000,0,0,0,3000,0,0,0,0,-8,1
D,224195,1,3000,0,0,0,3000,0,0,0,0,-8,1
D,224205,1,3000,0,0,0,3000,0,0,0,0,-8,1
D,224215,1,3000,0,0,0,3000,0,0,0,0,-8,1
D,224225,1,3000,0,0,0,3000,0,0,0,0,-8,1
D,224235,1,3000,0,0,0,3000,0,0,0,0,-8,1
D,224245,1,3000,0,0,0,3000,0,0,0,0,-8,1
D,224255,1,3000,0,0,0,3000,0,0,0,0,-8,1
D,224265,1,3000,0,0,0,3000,0,0,0,0,-8,1
D,224275,1,3000,0,0,0,3000,0,0,0,0,-8,1
D,224285,1,3000,0,0,0,3000,0,0,0,0,-8,1
D,224295,1,3000,0,0,0,3000,0,0,0,0,-8,1
D,224305,1,3000,0,0,0,3000,0,0,0,0,-8,1
D,224315,1,3000,0,0,0,3000,0,0,0,0,-8,1
D,224325,1,3000,0,0,0,3000,0,0,0,0,-8,1
D,224335,1,3000,0,0,0,3000,0,0,0,0,-8,1
D,224345,1,3000,0,0,0,3000,0,0,0,0,-8,1
D,224355,1,3000,0,0,0,3000,0,0,0,0,-8,1
D,224365,1,3000,0,0,0,3000,0,0,0,0,-8,1
D,224375,1,3000,0,0,0,3000,0,0,0,0,-8,1
D,224385,1,3000,0,0,0,3000,0,0,0,0,-8,1
D,224395,1,3000,0,0,0,3000,0,0,0,0,-8,1
D,224405,1,3000,0,0,0,3000,0,0,0,0,-8,1
D,224415,1,3000,0,0,0,3000,0,0,0,0,-8,1
D,224425,1,3000,0,0,0,3000,0,0,0,0,-8,1
D,224435,1,3000,0,0,0,3000,0,0,0,0,-8,1
D,224445,1,3000,0,0,0,3000,0,0,0,0,-8,1
D,224455,1,3000,0,0,0,3000,0,0,0,0,-8,1
D,224465,1,3000,0,0,0,3000,0,0,0,0,-8,1
D,224475,1,3000,0,0,0,3000,0,0,0,0,-8,1
D,224485,1,3000,0,0,0,3000,0,0,0,0,-8,1
D,224495,1,3000,0,0,0,3000,0,0,0,0,-8,1
D,224505,1,3000,0,0,0,3000,0,0,0,0,-8,1
D,224515,1,3000,0,0,0,3000,0,0,0,0,-8,1
D,224525,1,3000,0,0,0,3000,0,0,0,0,-8,1
D,224535,1,3000,0,0,0,3000,0,0,0,0,-8,1
D,224545,1,3000,0,0,0,3000,0,0,0,0,-8,1
D,224555,1,3000,0,0,0,3000,0,0,0,0,-8,1
D,224565,1,3000,0,0,0,3000,0,0,0,0,-8,1
D,224575,1,3000,0,0,0,3000,0,0,0,0,-8,1
D,224585,1,3000,0,0,0,3000,0,0,0,0,-8,1
D,224595,1,3000,0,0,0,3000,0,0,0,0,-8,1
D,224605,1,3000,0,0,0,3000,0,0,0,0,-8,1
D,224615,1,3000,0,0,0,3000,0,0,0,0,-8,1
D,224625,1,3000,0,0,0,3000,0,0,0,0,-8,1
D,224635,1,3000,0,0,0,3000,0,0,0,0,-8,1
D,224645,1,3000,0,0,0,3000,0,0,0,0,-8,1
D,224655,1,3000,0,0,0,3000,0,0,0,0,-8,1
D,224665,1,3000,0,0,0,3000,0,0,0,0,-8,1
D,224675,1,3000,0,0,0,3000,0,0,0,0,-8,1
D,224685,1,3000,0,0,0,3000,0,0,0,0,-8,1
D,224695,1,3000,0,0,0,3000,0,0,0,0,-8,1
D,224705,1,3000,0,0,0,3000,0,0,0,0,-8,1
D,224715,1,3000,0,0,0,3000,0,0,0,0,-8,1
D,224725,1,3000,0,0,0,3000,0,0,0,0,-8,1
D,224735,1,3000,0,0,0,3000,0,0,0,0,-8,1
D,224745,1,3000,0,0,0,3000,0,0,0,0,-8,1
D,224755,1,3000,0,0,0,3000,0,0,0,0,-8,1
D,224765,0,0,0,0,0,0,0,0,0,0,-8,1
D,224775,0,0,0,0,0,0,0,0,0,0,-8,1
D,224785,0,0,0,0,0,0,0,0,0,0,-8,1
D,224795,0,0,0,0,0,0,0,0,0,0,-8,1
D,224805,0,0,0,0,0,0,0,0,0,0,-8,1
D,224815,0,0,0,0,0,0,0,0,0,0,-8,1
D,224825,0,0,0,0,0,0,0,0,0,0,-8,1
D,224835,0,0,0,0,0,0,0,0,0,0,-8,1
D,224845,0,0,0,0,0,0,0,0,0,0,-8,1
D,224855,0,0,0,0,0,0,0,0,0,0,-8,1
D,224865,0,0,0,0,0,0,0,0,0,0,-8,1
D,224875,0,0,0,0,0,0,0,0,0,0,-8,1
D,224885,0,0,0,0,0,0,0,0,0,0,-8,1
D,224895,0,0,0,0,0,0,0,0,0,0,-8,1
D,224905,0,0,0,0,0,0,0,0,0,0,-8,1
D,224915,0,0,0,0,0,0,0,0,0,0,-8,1
D,224925,0,0,0,0,0,0,0,0,0,0,-8,1
D,224935,0,0,0,0,0,0,0,0,0,0,-8,1
D,224945,0,0,0,0,0,0,0,0,0,0,-8,1
D,224955,0,0,0,0,0,0,0,0,0,0,-8,1
D,224965,0,0,0,0,0,0,0,0,0,0,-8,1
D,224975,0,0,0,0,0,0,0,0,0,0,-8,1
D,224985,0,0,0,0,0,0,0,0,0,0,-8,1
D,224995,0,0,0,0,0,0,0,0,0,0,-8,1
D,225005,0,0,0,0,0,0,0,0,0,0,-8,1
D,225015,0,0,0,0,0,0,0,0,0,0,-8,1
D,225025,0,0,0,0,0,0,0,0,0,0,-8,1
D,225035,0,0,0,0,0,0,0,0,0,0,-8,1
D,225045,0,0,0,0,0,0,0,0,0,0,-8,1
D,225055,0,0,0,0,0,0,0,0,0,0,-8,1
D,225065,0,0,0,0,0,0,0,0,0,0,-8,1
D,225075,0,0,0,0,0,0,0,0,0,0,-8,1
D,225085,0,0,0,0,0,0,0,0,0,0,-8,1
D,225095,0,0,0,0,0,0,0,0,0,0,-8,1
D,225105,0,0,0,0,0,0,0,0,0,0,-8,1
D,225115,0,0,0,0,0,0,0,0,0,0,-8,1
D,225125,0,0,0,0,0,0,0,0,0,0,-8,1
D,225135,0,0,0,0,0,0,0,0,0,0,-8,1
D,225145,0,0,0,0,0,0,0,0,0,0,-8,1
D,225155,0,0,0,0,0,0,0,0,0,0,-8,1
D,225165,0,0,0,0,0,0,0,0,0,0,-8,1
D,225175,0,0,0,0,0,0,0,0,0,0,-8,1
D,225185,0,0,0,0,0,0,0,0,0,0,-8,1
D,225195,0,0,0,0,0,0,0,0,0,0,-8,1
D,225205,0,0,0,0,0,0,0,0,0,0,-8,1
D,225215,0,0,0,0,0,0,0,0,0,0,-8,1
D,225225,0,0,0,0,0,0,0,0,0,0,-8,1
D,225235,0,0,0,0,0,0,0,0,0,0,-8,1
D,225245,0,0,0,0,0,0,0,0,0,0,-8,1
D,225255,0,0,0,0,0,0,0,0,0,0,-8,1
D,225265,0,0,0,0,0,0,0,0,0,0,-8,1
D,225275,0,0,0,0,0,0,0,0,0,0,-8,1
D,225285,0,0,0,0,0,0,0,0,0,0,-8,1
D,225295,0,0,0,0,0,0,0,0,0,0,-8,1
D,225305,0,0,0,0,0,0,0,0,0,0,-8,1
D,225315,0,0,0,0,0,0,0,0,0,0,-8,1
D,225325,0,0,0,0,0,0,0,0,0,0,-8,1
D,225335,0,0,0,0,0,0,0,0,0,0,-8,1
D,225345,0,0,0,0,0,0,0,0,0,0,-8,1
D,225355,0,0,0,0,0,0,0,0,0,0,-8,1
D,225365,0,0,0,0,0,0,0,0,0,0,-8,1
D,225375,0,0,0,0,0,0,0,0,0,0,-8,1
D,225385,0,0,0,0,0,0,0,0,0,0,-8,1
D,225395,0,0,0,0,0,0,0,0,0,0,-8,1
D,225405,0,0,0,0,0,0,0,0,0,0,-8,1
D,225415,0,0,0,0,0,0,0,0,0,0,-8,1
D,225425,0,0,0,0,0,0,0,0,0,0,-8,1
D,225435,0,0,0,0,0,0,0,0,0,0,-8,1
D,225445,0,0,0,0,0,0,0,0,0,0,-8,1
D,225455,0,0,0,0,0,0,0,0,0,0,-8,1
D,225465,0,0,0,0,0,0,0,0,0,0,-8,1
D,225475,0,0,0,0,0,0,0,0,0,0,-8,1
D,225485,0,0,0,0,0,0,0,0,0,0,-8,1
D,225495,0,0,0,0,0,0,0,0,0,0,-8,1
D,225505,0,0,0,0,0,0,0,0,0,0,-8,1
D,225515,0,0,0,0,0,0,0,0,0,0,-8,1
D,225525,0,0,0,0,0,0,0,0,0,0,-8,1
D,225535,0,0,0,0,0,0,0,0,0,0,-8,1
D,225545,0,0,0,0,0,0,0,0,0,0,-8,1
D,225555,0,0,0,0,0,0,0,0,0,0,-8,1
D,225565,0,0,0,0,0,0,0,0,0,0,-8,1
D,225575,0,0,0,0,0,0,0,0,0,0,-8,1
D,225585,0,0,0,0,0,0,0,0,0,0,-8,1
D,225595,0,0,0,0,0,0,0,0,0,0,-8,1
D,225605,0,0,0,0,0,0,0,0,0,0,-8,1
D,225615,0,0,0,0,0,0,0,0,0,0,-8,1
D,225625,0,0,0,0,0,0,0,0,0,0,-8,1
D,225635,0,0,0,0,0,0,0,0,0,0,-8,1
D,225645,0,0,0,0,0,0,0,0,0,0,-8,1
D,225655,0,0,0,0,0,0,0,0,0,0,-8,1
D,225665,0,0,0,0,0,0,0,0,0,0,-8,1
D,225675,0,0,0,0,0,0,0,0,0,0,-8,1
D,225685,0,0,0,0,0,0,0,0,0,0,-8,1
D,225695,0,0,0,0,0,0,0,0,0,0,-8,1
D,225705,0,0,0,0,0,0,0,0,0,0,-8,1
D,225715,0,0,0,0,0,0,0,0,0,0,-8,1
D,225725,0,0,0,0,0,0,0,0,0,0,-8,1
D,225735,0,0,0,0,0,0,0,0,0,0,-8,1
D,225745,0,0,0,0,0,0,0,0,0,0,-8,1
D,225755,0,0,0,0,0,0,0,0,0,0,-8,1
D,225765,0,0,0,0,0,0,0,0,0,0,-8,1
D,225775,0,0,0,0,0,0,0,0,0,0,-8,1
D,225785,0,0,0,0,0,0,0,0,0,0,-8,1
D,225795,0,0,0,0,0,0,0,0,0,0,-8,1
D,225805,0,0,0,0,0,0,0,0,0,0,-8,1
D,225815,0,0,0,0,0,0,0,0,0,0,-8,1
D,225825,0,0,0,0,0,0,0,0,0,0,-8,1
D,225835,0,0,0,0,0,0,0,0,0,0,-8,1
D,225845,0,0,0,0,0,0,0,0,0,0,-8,1
D,225855,0,0,0,0,0,0,0,0,0,0,-8,1
D,225865,0,0,0,0,0,0,0,0,0,0,-8,1
D,225875,0,0,0,0,0,0,0,0,0,0,-8,1
D,225885,0,0,0,0,0,0,0,0,0,0,-8,1
D,225895,0,0,0,0,0,0,0,0,0,0,-8,1
D,225905,0,0,0,0,0,0,0,0,0,0,-8,1
D,225915,0,0,0,0,0,0,0,0,0,0,-8,1
D,225925,0,0,0,0,0,0,0,0,0,0,-8,1
D,225935,0,0,0,0,0,0,0,0,0,0,-8,1
D,225945,0,0,0,0,0,0,0,0,0,0,-8,1
D,225955,0,0,0,0,0,0,0,0,0,0,-8,1
D,225965,0,0,0,0,0,0,0,0,0,0,-8,1
D,225975,0,0,0,0,0,0,0,0,0,0,-8,1
D,225985,0,0,0,0,0,0,0,0,0,0,-8,1
D,225995,0,0,0,0,0,0,0,0,0,0,-8,1
D,226005,0,0,0,0,0,0,0,0,0,0,-8,1
D,226015,0,0,0,0,0,0,0,0,0,0,-8,1
D,226025,0,0,0,0,0,0,0,0,0,0,-8,1
D,226035,0,0,0,0,0,0,0,0,0,0,-8,1
D,226045,0,0,0,0,0,0,0,0,0,0,-8,1
D,226055,0,0,0,0,0,0,0,0,0,0,-8,1
D,226065,0,0,0,0,0,0,0,0,0,0,-8,1
D,226075,0,0,0,0,0,0,0,0,0,0,-8,1
D,226085,0,0,0,0,0,0,0,0,0,0,-8,1
D,226095,0,0,0,0,0,0,0,0,0,0,-8,1
D,226105,0,0,0,0,0,0,0,0,0,0,-8,1
D,226115,0,0,0,0,0,0,0,0,0,0,-8,1
D,226125,0,0,0,0,0,0,0,0,0,0,-8,1
D,226135,0,0,0,0,0,0,0,0,0,0,-8,1
D,226145,0,0,0,0,0,0,0,0,0,0,-8,1
D,226155,0,0,0,0,0,0,0,0,0,0,-8,1
D,226165,0,0,0,0,0,0,0,0,0,0,-8,1
D,226175,0,0,0,0,0,0,0,0,0,0,-8,1
D,226185,0,0,0,0,0,0,0,0,0,0,-8,1
D,226195,0,0,0,0,0,0,0,0,0,0,-8,1
D,226205,0,0,0,0,0,0,0,0,0,0,-8,1
D,226215,0,0,0,0,0,0,0,0,0,0,-8,1
D,226225,0,0,0,0,0,0,0,0,0,0,-8,1
D,226235,0,0,0,0,0,0,0,0,0,0,-8,1
D,226245,0,0,0,0,0,0,0,0,0,0,-8,1
D,226255,0,0,0,0,0,0,0,0,0,0,-8,1
D,226265,0,0,0,0,0,0,0,0,0,0,-8,1
D,226275,0,0,0,0,0,0,0,0,0,0,-8,1
D,226285,0,0,0,0,0,0,0,0,0,0,-8,1
D,226295,0,0,0,0,0,0,0,0,0,0,-8,1
D,226305,0,0,0,0,0,0,0,0,0,0,-8,1
D,226315,0,0,0,0,0,0,0,0,0,0,-8,1
D,226325,0,0,0,0,0,0,0,0,0,0,-8,1
D,226335,0,0,0,0,0,0,0,0,0,0,-8,1
D,226345,0,0,0,0,0,0,0,0,0,0,-8,1
D,226355,0,0,0,0,0,0,0,0,0,0,-8,1
D,226365,0,0,0,0,0,0,0,0,0,0,-8,1
D,226375,0,0,0,0,0,0,0,0,0,0,-8,1
D,226385,0,0,0,0,0,0,0,0,0,0,-8,1
D,226395,0,0,0,0,0,0,0,0,0,0,-8,1
D,226405,0,0,0,0,0,0,0,0,0,0,-8,1
D,226415,0,0,0,0,0,0,0,0,0,0,-8,1
D,226425,0,0,0,0,0,0,0,0,0,0,-8,1
D,226435,0,0,0,0,0,0,0,0,0,0,-8,1
D,226445,0,0,0,0,0,0,0,0,0,0,-8,1
D,226455,0,0,0,0,0,0,0,0,0,0,-8,1
D,226465,0,0,0,0,0,0,0,0,0,0,-8,1
D,226475,0,0,0,0,0,0,0,0,0,0,-8,1
D,226485,0,0,0,0,0,0,0,0,0,0,-8,1
D,226495,0,0,0,0,0,0,0,0,0,0,-8,1
D,226505,0,0,0,0,0,0,0,0,0,0,-8,1
D,226515,0,0,0,0,0,0,0,0,0,0,-8,1
D,226525,0,0,0,0,0,0,0,0,0,0,-8,1
D,226535,0,0,0,0,0,0,0,0,0,0,-8,1
D,226545,0,0,0,0,0,0,0,0,0,0,-8,1
D,226555,0,0,0,0,0,0,0,0,0,0,-8,1
D,226565,0,0,0,0,0,0,0,0,0,0,-8,1
D,226575,0,0,0,0,0,0,0,0,0,0,-8,1
D,226585,0,0,0,0,0,0,0,0,0,0,-8,1
D,226595,0,0,0,0,0,0,0,0,0,0,-8,1
D,226605,0,0,0,0,0,0,0,0,0,0,-8,1
D,226615,0,0,0,0,0,0,0,0,0,0,-8,1
D,226625,0,0,0,0,0,0,0,0,0,0,-8,1
D,226635,0,0,0,0,0,0,0,0,0,0,-8,1
D,226645,0,0,0,0,0,0,0,0,0,0,-8,1
D,226655,0,0,0,0,0,0,0,0,0,0,-8,1
D,226665,0,0,0,0,0,0,0,0,0,0,-8,1
D,226675,0,0,0,0,0,0,0,0,0,0,-8,1
D,226685,0,0,0,0,0,0,0,0,0,0,-8,1
D,226695,0,0,0,0,0,0,0,0,0,0,-8,1
D,226705,0,0,0,0,0,0,0,0,0,0,-8,1
D,226715,0,0,0,0,0,0,0,0,0,0,-8,1
D,226725,0,0,0,0,0,0,0,0,0,0,-8,1
D,226735,0,0,0,0,0,0,0,0,0,0,-8,1
D,226745,0,0,0,0,0,0,0,0,0,0,-8,1
D,226755,0,0,0,0,0,0,0,0,0,0,-8,1
D,226765,0,0,0,0,0,0,0,0,0,0,-8,1
D,226775,0,0,0,0,0,0,0,0,0,0,-8,1
D,226785,0,0,0,0,0,0,0,0,0,0,-8,1
D,226795,0,0,0,0,0,0,0,0,0,0,-8,1
D,226805,0,0,0,0,0,0,0,0,0,0,-8,1
D,226815,0,0,0,0,0,0,0,0,0,0,-8,1
D,226825,0,0,0,0,0,0,0,0,0,0,-8,1
D,226835,0,0,0,0,0,0,0,0,0,0,-8,1
D,226845,0,0,0,0,0,0,0,0,0,0,-8,1
D,226855,0,0,0,0,0,0,0,0,0,0,-8,1
D,226865,0,0,0,0,0,0,0,0,0,0,-8,1
D,226875,0,0,0,0,0,0,0,0,0,0,-8,1
D,226885,0,0,0,0,0,0,0,0,0,0,-8,1
D,226895,0,0,0,0,0,0,0,0,0,0,-8,1
D,226905,0,0,0,0,0,0,0,0,0,0,-8,1
D,226915,0,0,0,0,0,0,0,0,0,0,-8,1
D,226925,0,0,0,0,0,0,0,0,0,0,-8,1
D,226935,0,0,0,0,0,0,0,0,0,0,-8,1
D,226945,0,0,0,0,0,0,0,0,0,0,-8,1
D,226955,0,0,0,0,0,0,0,0,0,0,-8,1
D,226965,0,0,0,0,0,0,0,0,0,0,-8,1
D,226975,0,0,0,0,0,0,0,0,0,0,-8,1
D,226985,0,0,0,0,0,0,0,0,0,0,-8,1
D,226995,0,0,0,0,0,0,0,0,0,0,-8,1
D,227005,0,0,0,0,0,0,0,0,0,0,-8,1
D,227015,0,0,0,0,0,0,0,0,0,0,-8,1
