:020000040800F2
:10000000100900200104000835020008370200082A
:10001000390200083B0200083D0200080000000011
:100020000000000000000000000000003F02000887
:1000300041020008000000004302000845020008D9
:100040001B0400081B0400081B0400081B04000814
:100050001B0400081B0400081B0400081B04000804
:100060001B0400081B0400081B0400081B040008F4
:100070001B0400081B0400081B0400081B040008E4
:100080001B0400081B0400081B0400081B040008D4
:100090001B0400081B0400081B040008DB320008D6
:1000A0001B0400081B0400081B0400081B040008B4
:1000B0001B0400081B040008F32700081B040008A9
:1000C0001B0400081B0400081B0400081B04000894
:1000D0001B040008CF2000081B0400081B040008B4
:1000E0001B0400081B0400081B0400081B04000874
:1000F0000B2800081B0400081B0400081B04000850
:100100001B0400081B0400081B0400081B04000853
:100110001B0400081B0400081B0400081B04000843
:100120001B0400081B0400081B0400081B04000833
:1001300000F002F800F068F80AA090E8000C824491
:100140008344AAF10107DA4501D100F05DF8AFF26E
:10015000090EBAE80F0013F0010F18BFFB1A43F0A5
:100160000103184758910000789100000A444FF0AD
:10017000000C10F8013B13F0070408BF10F8014B06
:100180001D1108BF10F8015B641E05D010F8016B4B
:10019000641E01F8016BF9D113F0080F1EBF10F8AF
:1001A000014BAD1C0C1B09D16D1E58BF01F801CBD2
:1001B000FAD505E014F8016B01F8016B6D1EF9D555
:1001C0009142D6D37047000000230024002500266A
:1001D000103A28BF78C1FBD8520728BF30C148BFAA
:1001E0000B607047642905F0D786002070471FB563
:1001F00006F0ECFB04000020002106F095FF401CF7
:1002000060601FBD10B510BD06F0A8FB1146FFF7DA
:10021000EEFF00F0C5F806F0CFFB03B4FFF7F2FFE6
:1002200003BC01F04DFE000030BF72B662B680F331
:10023000088870477047FEE7FEE7FEE7FEE7704775
:1002400070477047704700000CB500224C48009280
:100250000192016841F4803101604FF4A0630168AC
:1002600001F4003101910099491C0091019911B9E3
:1002700000999942F3D10168890333D50121019195
:1002800040490A6842F010020A600A6822F003023C
:100290000A600A6842F002020A60416841604168EF
:1002A0004160416841F480614160416821F47C1102
:1002B0004160416841F4E8114160016841F080719A
:1002C000016001688901FCD5416821F003014160AA
:1002D000416841F0020141604168C1F38101022996
:1002E000FAD10CBD01920CBD254810B5016841F052
:1002F000010101604168244A114041600168234ABC
:1003000011400160016821F480210160416821F4FD
:10031000FE0141604FF41F018160FFF795FF1C490A
:100320004FF00060086010BD154A10B55068194BB9
:1003300010F00C01184803D0042901D0082901D07D
:10034000036012E05168536801F470114FF0020429
:1003500013F4803F04EB914102D053689B0301D515
:100360000E4B00E00B4B5943016051680A4AC1F340
:100370000311121D515C0268CA40026010BD0000EA
:1003800000100240002002400000FFF8FFFFF6FED0
:1003900008ED00E000127A000000002000093D0096
:1003A000022001F09DFC01F049FC022001F034FD27
:1003B000012001F031FD01F0D5FF02F001F800212C
:1003C00041F61F4002F0B8F84FF4E13001F082FD31
:1003D00002F068F902F0B0F902F018F802F02CFA15
:1003E00005F03AFB05F04CFB02F05EFC03480122ED
:1003F000027001780029FCD1FAE7000045000020D6
:100400000948804709480047FEE7FEE7FEE7FEE7A8
:10041000FEE7FEE7FEE7FEE7FEE7FEE704480549E4
:10042000054A064B70470000E90200083101000848
:1004300010030020100900201005002010050020E6
:100440002849084328490860704730B50F23C2780F
:1004500001780125F2B1244A126801F1E02102F489
:10046000E062C2F5E062120AC2F10404D3404278AD
:10047000A24084781C401443220181F800240078B3
:1004800000F01F018D404009800000F1E020C0F81D
:10049000005130BD01F01F0085404809800000F187
:1004A000E020C0F8805130BD104A114001430E4891
:1004B000001F016070470C4A121D0029116801D00D
:1004C000014300E08143116070474FF0E0210428B0
:1004D000086903D020F004000861704740F0040070
:1004E000FAE700000000FA050CED00E080FFFF1FB6
:1004F000C54910B5884202D1012144150AE0C3491B
:10050000884202D10121041504E0C14988420AD180
:100510000121CC03204600F048FC2046BDE81040F5
:10052000002100F042BC10BD10B54268B94B0C79F7
:100530001A400B6842EA0422134343608268B64BB8
:100540001A40D1E9024323434C7942EA440213435F
:100550008360C26A097C22F47002491EC9B242EA71
:100560000151C16210BD00210160017141718160C2
:10057000C1600121017470470029816802D041F0F7
:10058000010101E021F001018160704700298168CB
:1005900002D041F4807101E021F4807181607047E4
:1005A000002A4268C9B201D00A4300E08A4342608F
:1005B0007047816841F00801816070470146002062
:1005C0008968090700D501207047816841F004015E
:1005D00081607047014600208968490700D50120E5
:1005E00070470029816802D041F4A00101E021F4A4
:1005F000A00181607047014600208968490200D54A
:10060000012070474268491E22F4604242EA4131AB
:10061000416070470029416802D041F4006101E067
:1006200021F400614160704770B5072609290AD995
:10063000C568A1F10A0404EB4404A640B543A340F5
:100640001D43C56007E0056901EB4104A640B543C1
:10065000A3401D4305611F23072A09D2446B521E84
:1006600002EB820293409C4391400C43446370BD73
:100670000D2A09D2046BD21F02EB820293409C43E5
:1006800091400C43046370BDC46A0D3A02EB8202D0
:1006900093409C4391400C43C46270BD0029816823
:1006A00002D041F4801101E021F480118160704793
:1006B000C06C80B2704754484C30006870470029C5
:1006C000416802D041F4806101E021F48061416021
:1006D00070470029416802D041F4805101E021F4C3
:1006E000805141607047826822F4E0420A43826090
:1006F00070470029816802D041F4004101E021F4F3
:100700000041816070470029816802D041F40211E4
:1007100001E021F4021181607047014600208968E0
:10072000890200D50120704770B5072609290AD92A
:10073000C568A1F10A0404EB4404A640B543A340F4
:100740001D43C56007E0056901EB4104A640B543C0
:10075000A3401D430561836BC3F30154121B921C1C
:1007600002EB82021F249440A34391400B43836316
:1007700070BD826B491E22F4401242EA015181632E
:10078000704708B508440090026008BD08B50844E9
:1007900028300090006880B208BD42681F4B1A40A4
:1007A0000A4342607047416282627047426822F0A9
:1007B0001F020A4342607047134908310028086845
:1007C00002D040F4000001E020F40000086070470F
:1007D0000246002012680A4200D001207047C94337
:1007E0000160704710B50246002054680B0AC9B278
:1007F0000C401168194202D0002C00D0012010BD1D
:100800006FEA112101607047002401400028014077
:10081000003C0140FFFEF0FFFDF7F1FFFFFD3FFF51
:10082000374900200860091D0860091D0860091D7E
:1008300008603349334814310860704730B5304A96
:100840008379016853B313688B431360111D0B68E0
:100850000468A3430B60017911440B6804682343C7
:100860000B60274B083319680468A14319601C1DED
:1008700021680568A94321604179102905D01144F8
:100880000A68006802430A6030BD196802681143B3
:100890001960216800680143216030BD007910446F
:1008A00002688A43026030BD0021016001710C22A0
:1008B000427181717047124910310A6802430A601F
:1008C000704701460E4A0020143212680A4200D0D6
:1008D000012070470A49143108607047084A0146F0
:1008E00000201268064B0A4014331B680B4202D0EA
:1008F000002A00D001207047014914310860704778
:1009000000040140FFFF0F008F4910B5884206D157
:100910000121042000F049FA002104203BE08B492A
:10092000884206D10121082000F03FFA002108206A
:1009300031E08749884206D10121102000F035FAC4
:100940000021102027E08349884206D10121202080
:1009500000F02BFA002120201DE07F49884206D1BB
:100960000121402000F021FA0021402013E07B49C2
:10097000884206D10121802000F017FA0021802052
:1009800009E0774988420AD184150121204600F008
:100990000CFA00212046BDE8104000F006BA10BD58
:1009A00010B50121084600F000FA0021BDE8104012
:1009B000012000F0FAB9F0B5CC78002204F00F0362
:1009C000E40601D58C7823430C784FF00F0C14F01B
:1009D000FF0F4FF0010E1BD005680E880EFA02F4CF
:1009E0002640A64210D196000CFA06F725EA070722
:1009F00003FA06F5CE783D43282E02D0482E02D0C9
:100A000002E0446100E00461521C082AE5D305605D
:100A10000A88FF2A1CD94468002202F108060EFA4F
:100A200006F50E882E40AE420ED196000CFA06F75F
:100A3000BC4303FA06F7CE783C43282E00D145612B
:100A4000CE78482E00D10561521C082AE5D34460B7
:100A5000F0BD4FF6FF710180022181700421C17049
:100A600070470246002092680A4200D00120704779
:100A7000806880B2704702460020D2680A4200D0E7
:100A800001207047C06880B27047016170474161C2
:100A900070470AB10161704741617047C16070479A
:100AA00041F480328261816182618169806970472D
:100AB0002C4B10B51A684FF68074224042EA0010A1
:100AC0000843186010BD2849C8617047F0B5254C2F
:100AD000002801DAE36900E06368450D2E0185B264
:100AE000C0F30157B540C0F30342032F05D0C6023F
:100AF0000AD503269640B34307E023F0706263688B
:100B000023F07063636002E0AB4343F0706201B1B5
:100B10002A43002801DAE261F0BD6260F0BD10B541
:100B20008A0721F003040F49120F21440F238C6818
:100B300093409C438C608B68904003438B6010BD56
:100B40000949C1F8DC00704700080140000C014071
:100B5000001001400014014000180140001C014039
:100B6000002001400000014000002042A54801682B
:100B700041F0010101604168A34A114041600168F0
:100B8000A24A11400160016821F48021016041689E
:100B900021F4FE0141604FF41F01816070479949C3
:100BA0000A6822F480320A600A6822F480220A600D
:100BB000B0F5803F07D0B0F5802F03D1086840F42E
:100BC000A02008607047086840F48030F9E70346C9
:100BD000002059098B4A01290AD002290AD0516AFA
:100BE00003F01F02012393400B4200D00120704705
:100BF0001168F5E7116AF3E718B500204FF4A06417
:100C000000903120FFF7E3FF0099491C0091A142B9
:100C100001D00028F5D03120FFF7D9FF002800D0FF
:100C2000012018BD774A116821F0F80141EAC0009F
:100C300010607047764908607047724B5A680843E5
:100C400022F47C121043586070477149086670475F
:100C50006C4A516821F003010143516070476948B3
:100C6000406800F00C007047664A516821F0F001BE
:100C7000014351607047634A516821F4E0610143C8
:100C8000516070475F4A516821F4605141EAC000E9
:100C9000506070475B4A0029517A01D0014300E05F
:100CA0008143517270475A49C1F8D8007047554A7C
:100CB000516821F44041014351607047514900227D
:100CC00081F8202081F82020012802D0042802D1B8
:100CD000052081F8200070474E4908607047494957
:100CE0000A6A02430A6270474A49443908607047F9
:100CF00030B5444A5168484B11F00C0103D0042927
:100D000001D0082901D0036012E05168536801F452
:100D100070114FF0020413F4803F04EB914102D0B4
:100D200053689B0301D53D4B00E03B4B59430160A9
:100D300051680F2303EA1111394B5C5C0168E140F3
:100D400041605468072505EA14241C5D21FA04F467
:100D50008460546805EAD4241B5DD940C1605268A0
:100D6000032303EA92322E4B1B1F9A5CB1FBF2F174
:100D7000016130BD234A0029516901D0014300E0DF
:100D80008143516170471F4A0029916901D0014395
:100D900000E08143916170471A4A0029D16901D06E
:100DA000014300E08143D1617047164A0029D168B0
:100DB00001D0014300E08143D1607047114A00290E
:100DC000116901D0014300E081431161704711496D
:100DD0004039086070470E49C86470470949C871B6
:100DE00070470848416A41F0807141627047054A86
:100DF0000146002092680A4200D001207047014954
:100E000088727047001002400000FFF8FFFFF6FEF6
:100E1000000042428004424200127A0000093D0074
:100E200060000020F94910B5884202D10121C414A4
:100E300086E0B0F1804F09D0F54988420DD10121FB
:100E40000220FFF7BBFF0021022064E001210846D9
:100E5000FFF7B4FF002101205DE0EE49884206D192
:100E600001210420FFF7AAFF0021042053E0EA49F2
:100E7000884206D101210820FFF7A0FF00210820A9
:100E800049E0E649884206D101211020FFF796FF8C
:100E9000002110203FE0E249884206D101212020B4
:100EA000FFF78CFF0021202035E0DE49884202D187
:100EB0000121441444E0DC49884202D10121CC04E0
:100EC0003EE0DA49884202D101210C0538E0D849D8
:100ED000884202D101214C0532E0D649884206D130
:100EE00001214020FFF76AFF0021402013E0D24992
:100EF000884206D101218020FFF760FF0021802079
:100F000009E0CE4988420AD1841501212046FFF725
:100F100055FF00212046BDE81040FFF74FBFC849EC
:100F2000884202D101210C040AE0C649884202D15C
:100F300001214C0404E0C44988420AD101218C04F7
:100F40002046FFF732FF2046BDE810400021FFF7A2
:100F50002CBF10BD30B50288AC4CB24DA0420DD0B4
:100F6000A8420BD0B0F1804F08D0A94B984205D0D1
:100F7000A84B984202D0A84B984203D122F07003AC
:100F80004A881A43A54B984206D0A54B984203D0F5
:100F900022F44073CA881A4302808A8882850A88AC
:100FA0000285A0420AD0A84208D0A54A904205D0A6
:100FB000A44A904202D0A44A904201D1097A018603
:100FC0000121818230BD30B5028C22F00102028401
:100FD000028C8388048B22F0020224F073050C88B3
:100FE0002C430D8915434A882A43884DA8420BD0CB
:100FF0008C4DA84208D0924DA84205D0914DA842F0
:1010000002D0914DA8420DD122F008054A8923F45F
:1010100040732A4322F004058A882A438D891D43A0
:10102000CB892B4383800483C9888186028430BDA9
:1010300070B5028C22F010020284028C8388048B2B
:101040000D8824F4E6464FF6FF7404EA052535437F
:101050000E8922F0200204EA061616434A8804EAA2
:1010600002123243694EB04202D06E4EB04215D1E8
:1010700022F080064A8923F4406304EA02123243D4
:1010800022F040068A8804EA021232438E8904EA7A
:1010900086061E43CB8904EA83033343838005839A
:1010A000C9880187028470BD70B5028C22F48072F9
:1010B0000284028C8388848B0D8824F0730425437A
:1010C0000E894FF6FF7422F4007204EA06261643D6
:1010D0004A8804EA022232434C4EB04202D0514EBA
:1010E000B04215D122F400664A8923F4405304EA41
:1010F0000222324322F480668A8804EA02223243C2
:101100008E8904EA06161E43CB8904EA031333438F
:1011100083808583C9888187028470BD70B5028C05
:1011200022F480520284058C8288838B0C8823F4FD
:10113000E6464FF6FF7303EA0424344325F40056D1
:101140000D8903EA053535434E8803EA06362E43FA
:101150002E4DA84202D0334DA84205D122F480453D
:101160008A8903EA82122A4382808483C988A0F88C
:101170004010068470BD828B22F440628283828B91
:101180004FF6FF7303EA01210A4382837047828B83
:1011900022F00C028283828B0A4382837047028B87
:1011A00022F440620283028B4FF6FF7303EA0121AF
:1011B0000A4302837047F0B5048C24F010040484C1
:1011C000078B048C4FF6FF7527F4734705EA03334A
:1011D0003B4305EA02221A430C4B05EA01169842EA
:1011E0000ED0104B98420BD0B0F1804F08D0084B76
:1011F000984205D0074B984202D0074B984225D120
:1012000024F02001314341F0100124E0002C014082
:101210000004004000080040000C004000100040A6
:101220000014004000340140004C014000500140D7
:101230000054014000180040001C00400020004005
:1012400000400140004401400048014024F0A00358
:101250000B4343F0100102830184F0BD028B22F0A6
:101260000C020283028B0A430283704770B5048C20
:1012700024F001040484058B048C4FF6FF7606EA03
:101280000313134325F0F305F84A2B4390420ED085
:10129000F74A90420BD0B0F1804F08D0F54A904207
:1012A00005D0F54A904202D0F44A904202D124F08F
:1012B000020201E024F00A020A4342F00101038322
:1012C000018470BD2DE9F84F0D4604460888E74FAC
:1012D000DFF89CC3DFF89C83DFF89C934988AA88D9
:1012E0002B894FF0804A48B304282FD04FF6FF7661
:1012F0000828934632D0208C9E4620F480502084CB
:10130000A38B208C06EA0132009223F4734306EA91
:101310000B221A4306EA0E331343BC420AD064453B
:1013200008D0544506D0444504D04C4502D0D34A99
:10133000944242D120F40050009940E02046FFF74B
:1013400095FFE9882046BDE8F84F87E72046FFF77C
:1013500032FFE9882046BDE8F84F20E7208C20F4D2
:1013600080702084B4F81CE0208C06EA031306EA9F
:1013700001222EF0F30E43EA0B0343EA0E03009220
:10138000BC420AD0644508D0544506D0444504D038
:101390004C4502D0B94A944203D120F40070009920
:1013A00001E020F42060084340F48070A38320848F
:1013B000E9882046BDE8F84FE9E620F402400843FA
:1013C00040F48050A3832084E9882046BDE8F84F8C
:1013D000D1E62DE9F0410C46002649880746012553
:1013E00001B90226A288012A00D10225208823897A
:1013F0000028384610D0FFF7DEFEE1883846FFF7B8
:10140000CEFE23892A4631463846FFF72FFFE18872
:101410003846BDE8F04121E7FFF728FFE18838466C
:10142000FFF71CFF23892A4631463846FFF7C3FEE3
:10143000E1883846BDE8F041B1E610B50A884B882E
:10144000CC881A438B8823431A430B891A434B8950
:1014500089891A430A43A0F8442010BD4FF6FF7152
:10146000818000210180C18041800172704700218C
:10147000018041808180C180018141818181C18160
:10148000704700210180418001228280C18001815A
:1014900070470021018041808180C18001814181AC
:1014A000818170470029018802D041F0010101E0EB
:1014B00021F0010101807047002930F8441F02D05B
:1014C00041F4004101E0C1F30E0101807047002AA0
:1014D000828901D00A4300E08A4382817047818279
:1014E00070471143A0F848107047002A828901D044
:1014F0000A4300E08A4382817047018921F0070195
:1015000001817047028922F070020A43028170470C
:1015100000B50346FFF7F6FF188940F00700188171
:1015200000BD70B516460D46602904464FF0010215
:1015300031460AD0FFF79AFE29462046FFF7E2FF20
:10154000208940F00700208170BDFFF734FEF3E7EB
:1015500030B504894FF6FF7505EA03231343E4B25F
:101560000B432343038130BD10B50446FFF7F0FF62
:10157000208940F07700208110BD10B50446FFF7A8
:10158000E7FF208940F48040208110BD01858282E0
:101590007047028822F070020A430280704770B5DB
:1015A0000589048B068C25F007050D434FF6FC4199
:1015B0000C4040F201110C434FF6FF7101EA031198
:1015C00026F022061143314305810483018470BD56
:1015D000028B22F070020A4302837047028B4FF69F
:1015E000FF7322F4E04203EA0121114301837047B3
:1015F000828B22F070020A4382837047828B4FF6FF
:10160000FF7322F4E04203EA012111438183704712
:101610000029018802D041F0800101E021F0800121
:10162000018070470029818802D041F0040101E067
:1016300021F00401818070470029818802D041F0A7
:10164000080101E021F008018180704700298188AC
:1016500002D041F0010101E021F0010181807047D9
:10166000028B22F008020A4302837047002C0140DB
:10167000003401400004004000080040000C00401D
:10168000028B4FF6FF7322F4006203EA012111433B
:101690000183EAE7828B22F008020A438283E4E7AF
:1016A000828B4FF6FF7322F4006203EA012111439B
:1016B0008183DAE7028B22F004020A430283D4E733
:1016C000028B4FF6FF7322F4806203EA012111437B
:1016D0000183CAE7828B22F004020A438283C4E7B3
:1016E000828B4FF6FF7322F4806203EA01211143DB
:1016F0008183BAE7028B22F080020A430283B4E7B7
:10170000028B4FF6FF73C2F30E0203EA012111436D
:101710000183AAE7828B22F080020A438283A4E736
:10172000828B4FF6FF73C2F30E0203EA01211143CD
:1017300081839AE7028C22F002020A43028494E732
:10174000028C22F008020A4302848EE7028C4FF6D4
:10175000FF7322F0200203EA01111143018484E7A0
:10176000028C4FF6FF7322F0800203EA011111434D
:1017700001847AE7028C4FF6FF7322F4007203EAC9
:1017800001211143018470E7028C4FF6FF7322F4AC
:10179000006203EA01211143018466E7028C4FF6DF
:1017A000FF7322F4005203EA0131114301845CE724
:1017B00010B50123048C8B409C430484038C8A4025
:1017C0001343038410BD10B50423048C8B409C4349
:1017D0000484038C8A401343038410BD30B5012474
:1017E000058C00F118038C40A543058489B10829B4
:1017F0000FD0091FC1F34E001844016821F4E041E5
:10180000016001684FF6FF7303EA02221143016091
:1018100030BD03EB5100016821F0700101600168E7
:10182000F4E70029018802D041F0020101E021F033
:101830000201018019E70029018802D041F004016A
:1018400001E021F0040101800FE70029818802D026
:1018500041F0800101E021F08001818005E70288EC
:1018600022F00802028002880A430280FDE6828894
:1018700022F07002828082880A438280F5E6028923
:1018800022F00702028102890A430281EDE6028901
:1018900022F08002028102890A430281E5E6818406
:1018A000E3E68185E1E68186DFE60187DDE6818783
:1018B000DBE6A0F84010D8E6028822F440720280ED
:1018C00002880A430280D0E6808ECEE6008FCCE606
:1018D000808FCAE6B0F84000C7E6808CC5E6008D70
:1018E000C3E602460020128A0A4200D00120BCE66C
:1018F000C9430182B9E602460020138A92890B424D
:1019000002EA010202D0002A00D00120ADE6C9435C
:101910000182AAE6C44910B588420AD101218C038C
:101920002046FFF742FA2046BDE810400021FFF7AD
:101930003CBABE49884202D101214C0410E0BC49A6
:10194000884202D101218C040AE0BA49884202D1BE
:101950000121CC0404E0B84988420AD101210C05D8
:101960002046FFF72BFA2046BDE810400021FFF784
:1019700025BA10BD30B50446008A85B00D464CF638
:10198000FF710840E98801432182A0894EF6F311D6
:101990000840A9882A8911436A8902431143A18119
:1019A000A08A4FF6FF410840A9890143A1826846F9
:1019B000FFF79EF99C48844201D1039800E0029809
:1019C000A189090400EBC00101EB0010296801D5D1
:1019D000490000E08900B0FBF1F06422B0FBF2F1B5
:1019E00009010B096FF018056B4300EB8300A38915
:1019F0001D044FF0320306D503EBC000B0FBF2F03C
:101A000000F0070005E003EB0010B0FBF2F000F07F
:101A10000F000843208105B030BD4FF4165101601E
:101A200000218180C18001810C2242818181704727
:101A300010B5028A4FF2FF031A400B884C882343EB
:101A40008C88C9880C4323431343038210BD0021B3
:101A5000018041808180C18070470029818902D046
:101A600041F4005101E021F400518181704710B52B
:101A7000C1F3421301F01F040121A140012B07D043
:101A8000022B07D01430002A026805D00A4304E074
:101A90000C30F8E71030F6E78A43026010BD002AE8
:101AA000828A01D00A4300E08A4382827047028A18
:101AB00022F00F020282028A0A4302827047828960
:101AC00022F40062828182890A4382817047002960
:101AD000818902D041F0020101E021F002018181FF
:101AE0007047028A22F020020282028A0A4302829E
:101AF00070470029018A02D041F4804101E021F4BD
:101B0000804101827047C1F308018180704780885D
:101B1000C0F308007047818941F00101818170475D
:101B2000028BD2B20283028B42EA01210183704709
:101B3000028B02F47F420283028B0A4302837047C6
:101B40000029818A02D041F0200101E021F020012A
:101B5000818270470029818A02D041F0100101E0A2
:101B600021F01001818270470029818A02D041F062
:101B7000080101E021F00801818270470029818974
:101B800002D041F4004101E0C1F30E0181817047B0
:101B90000029818A02D041F4006101E021F4006152
:101BA00081827047828A22F004028282828A0A43FA
:101BB000828270470029818A02D041F0020101E04F
:101BC00021F00201818270470246002012880A42F9
:101BD00000D001207047C9430180704770B501F003
:101BE0001F0501260024C1F3421306FA05F2012B5A
:101BF0000FD0022B0FD0838A4FEA112100881342A5
:101C000006FA01F600EA060001D000B101242046E0
:101C100070BD8389F0E7038AEEE70A0A012191404B
:101C2000C943018070470000003801400044004073
:101C300000480040004C00400050004010B56FF0DC
:101C40000400FEF742FC204820490068B0FBF1F098
:101C50001F49C0B200EB40020870C2EBC0104FF643
:101C6000FF7202EAC000488010BD19490978484354
:101C70004FF0E021486100238B61086940F00100CA
:101C800008610869C20701D0C003FAD5086920F0CD
:101C9000010008618B6170470D49498848434FF046
:101CA000E021486100238B61086940F00100086170
:101CB0000869C20701D0C003FAD5086920F0010005
:101CC00008618B61704700000000002000127A005C
:101CD00070000020704A1140014370480160704755
:101CE00007216E4A8143121D10684FF6FF0318400A
:101CF0006B4B184340EA012010607047F0B5054671
:101D000014460F461E461846FFF7EAFFC6F10400C8
:101D100085400F22F2403A402A436009800000F1DA
:101D2000E020D0F8001104F01F050123AB40194357
:101D3000C0F8001104F1E02494F8000440EA021015
:101D400084F80004F0BD70B5564D8B088C07AE6961
:101D5000240F46F00106AE619D00534B2B449E6854
:101D60000F25A540AE439E609D68A04005439D6041
:101D70004E4B1C680120884004431C60D10704D0EE
:101D80004A490C310B6803430B60910704D5474A5D
:101D9000083211680143116070BD424800210161A1
:101DA000C160142242618161C161026842F0010296
:101DB000026042683E4B1A40426002683D4B1A4046
:101DC0000260026822F480220260426822F4FE026D
:101DD00042608160C0037DE730480830016841F00F
:101DE000040101602F48C16941F08051C16132484E
:101DF000416841F480714160016841F00401016073
:101E0000016841F002010160FEF70EBA244823493F
:101E1000001D091D0860704741062248826942F092
:101E2000010282612048426822F0E062426042681A
:101E30000A434260704730B505460024FFF7ADFF06
:101E40001849086840F4803008600868400CFCD0ED
:101E50004FF480604860AD1E4A68E8B242EA8040B4
:101E60004860486840F4803048601448026842F096
:101E700032020260086840F0807008600868400E16
:101E8000FCD0486840F00200486002E04868C0F3B7
:101E90008104022CFAD130BD80FFFF1F08ED00E065
:101EA0000000FA050010024000000140000401405B
:101EB0000000FFF8FFFFF6FE007000400020024027
:101EC0007047C7490A885206FCD5C54AC1B2121DDF
:101ED0001180704730B5054687B0012144F20400F7
:101EE000FEF751FF4FF40070ADF8100003208DF89D
:101EF00012001820BB4C8DF8130004A92046FEF7F1
:101F00005AFD2015ADF8100004208DF8130004A927
:101F10002046FEF750FD25208DF8140001218DF894
:101F2000151000248DF816408DF8171005A8FEF73F
:101F30008CFAADF80440ADF80640ADF80840ADF8B5
:101F40000C400C20A64CADF80A00009569462046CE
:101F5000FFF710FD012240F225512046FFF787FDD3
:101F600001212046FFF779FD07B030BD9C49091DCE
:101F70000880081F01884906FCD570472DE9F0410B
:101F800086B0804603AB02AA97A104F041F8994FAE
:101F9000994C02284CD003AB02AA98A1404604F009
:101FA00037F8994D994E02284CD005A904A8CDE9DF
:101FB000000103AB02AA96A1404604F029F80428C8
:101FC0004ED002AA97A1404604F022F8012859D029
:101FD00096A1404604F036F90125974C002856D0CA
:101FE00096A1404604F02EF9002853D096A1404611
:101FF00004F028F9002851D096A1404604F022F9B7
:102000000024954E00284DD094A1404604F01AF9C2
:1020100000284CD093A1404604F014F9002851D078
:1020200092A1404604F00EF900284ED091A012E093
:10203000029805F09BFF3860039805F097FF206039
:1020400091A008E0029805F091FF2860039805F040
:102050008DFF30608FA000F076F806B0BDE8F0810B
:10206000029805F083FF3860039805F07FFF206039
:10207000049805F07BFF2860059805F077FF306035
:1020800087A0E8E789490298086089A0E3E72570FE
:102090008AA0E0E7022020708CA0DCE703202070FB
:1020A0008FA0D8E792480470347092A0D3E79A4882
:1020B00035700480001D0480001D0480001D048014
:1020C00096A0C8E700F049F8C7E79748C3E770B59E
:1020D000434C40F2255529462046FFF77FFD002856
:1020E00018D029462046FFF798FD2046FFF70FFD40
:1020F000C0B200258D4A8E4C0D280CD00A280AD07B
:10210000A0F120015E2905D821783F2911D2505431
:10211000491C217070BD20780028FBD015548348DD
:10212000FFF72CFF2570BDE8704040217F4804F088
:1021300067B8257040217D4804F062F8BDE8704022
:102140007CA0AFF3008000B5024602E0521CFFF70E
:102150000DFF10780028F9D100BD2DE9F0417A4833
:10216000B8B0006805F0C6FE80467848006805F003
:10217000C1FE07462548006805F0BCFE0646224819
:10218000006805F0B7FE05461B48006805F0B2FE82
:1021900004461848006805F0ADFE7049DFF8B0C18C
:1021A0006C4B6D4A09680DF11C0EDCF800C01B6811
:1021B00012688EE80E103D4A04A912688DE871007D
:1021C0001D4881E8840103782348654902780BA8FB
:1021D00003F09AFE0BA8FFF7B6FF38B03EE7000009
:1021E000003801400008014042414C20256C642029
:1021F000256C64004C0000205000002056454C2007
:10220000256C6420256C64005400002058000020D8
:1022100050494420256C6420256C6420256C642082
:10222000256C64004D494420256C64004D4F4445A5
:1022300020444D50000000001C0000204D4F44453C
:10224000204B414C4D414E004D4F444520434F4D96
:102250005000000041524D001D00002053544F50CB
:1022600000000000535441545553000048454C5061
:10227000000000004552522C554E4B4E4F574E5FBA
:10228000434D440D0A0000004F4B2C42414C0D0AB7
:10229000000000004F4B2C56454C0D0A000000007A
:1022A0004F4B2C5049440D0A00000000180000203C
:1022B0004F4B2C4D49440D0A000000004F4B2C4D54
:1022C0004F44452C444D500D0A0000004F4B2C4DFF
:1022D0004F44452C4B414C4D414E0D0A000000002F
:1022E0004F4B2C4D4F44452C434F4D500D0A000091
:1022F000140000204F4B2C41524D2C4B4559325F5E
:10230000454E41424C455F5354494C4C5F524551F8
:1023100055495245440D0A00340400404F4B2C539C
:10232000544F500D0A000000A0910008A8010020A1
:10233000740000204552522C434D445F544F4F5F70
:102340004C4F4E470D0A00003C0000203800002092
:102350002C00002028000020240000202000002065
:102360000892000808B501211020FEF70CFD04209A
:10237000ADF8000010208DF8030003208DF8020056
:1023800069460C48FEF717FB08BD0B4A68B10B4BBA
:102390001968491C1960814206D1D2F88801C043EE
:1023A000C2F888010020186070470120C2F8880137
:1023B0007047000000100140000022427C00002015
:1023C00038B501211420FEF7DEFC0120ADF8000035
:1023D00004248DF8034069460A48FEF7ECFAE0024F
:1023E000ADF800008DF8034069460748FEF7E3FAB0
:1023F00038BD10B501210348FEF733FB012800D09A
:10240000002010BD000801400010014030B587B029
:1024100001214FF48260FEF7B6FC4FF40040FEF756
:1024200046FC0220ADF8140000248DF8174005A9E1
:102430003B48FEF7C0FA3B4D2846FEF759F84FF4EB
:102440006020CDE9020401208DF804408DF81000D1
:1024500000948DF8054069462846FEF765F801218D
:102460002846FEF789F82846FEF7A3F82846FEF727
:10247000A5F80028FAD12846FEF7A7F82846FEF767
:10248000A9F80028FAD107B030BD10B5254C014697
:10249000072301222046FEF7C7F801212046FEF758
:1024A000A0F802212046FEF793F90028F9D0204633
:1024B000BDE81040FEF7FCB810B50B20FFF7E5FFB4
:1024C00005F0C8F84FF06632174B05F0D7F8002238
:1024D000164B05F0D3F80022154B05F0CFF86FF03E
:1024E0000B0205F052FFBDE8104005F06DB810B5C5
:1024F000104C0146072301222046FEF795F80121E2
:102500002046FEF76EF800BF02212046FEF760F974
:102510000028F9D02046BDE81040FEF7C9B80000F9
:10252000001001400028014066660A400000264075
:10253000000059400024014070B50C46054600F0EB
:1025400006F821462846BDE8704000F042B8F8B5CC
:1025500001210420FEF717FC4020ADF800001825EB
:102560004D4E8DF8035003248DF8024069463046E5
:10257000FEF721FA01210420FEF705FC8020ADF8CA
:1025800000008DF803508DF8024069463046FEF792
:1025900012FA01210820FEF7F6FB0120ADF8000039
:1025A0003E4E8DF803508DF8024069463046FEF7E6
:1025B00002FA01210820FEF7E6FB0220ADF8000038
:1025C0008DF803508DF8024069463046FEF7F3F966
:1025D000F8BDF0B50D46044687B001210220FEF794
:1025E000DBFBADF8144000242D4FADF81050ADF8D2
:1025F0001240ADF8164004A93846FEF7ABFC602542
:10260000ADF800500126ADF80260ADF80640ADF817
:10261000084069463846FEF7D6FCADF80050ADF8E4
:102620000260ADF80640ADF8084069463846FEF74E
:10263000FFFCADF80050ADF80260ADF80640ADF813
:10264000084069463846FEF72FFDADF80050ADF85A
:102650000260ADF80640ADF8084069463846FEF71E
:102660005DFD08213846FEF7FBFF08213846FFF7DD
:1026700007F808213846FFF70DF808213846FFF71C
:102680000FF801213846FEF7C3FF01213846FEF757
:1026900009FF07B0F0BD000000080140000C014038
:1026A0000004004010B5012188B04803FEF76BFB21
:1026B00001211020FEF767FBC020ADF818000420B0
:1026C0008DF81B0006A95748FEF775F96846FEF716
:1026D000C5FE00204FF6FF71ADF80410ADF8000004
:1026E000514CADF80600ADF8020069462046FEF7F1
:1026F00031FC00231A4603212046FEF750FF03A8B1
:10270000FEF7BFFE0A21ADF8141003A92046FEF71C
:10271000D9FD01212046FFF7EBF8012211462046A2
:10272000FEF7D5FE00212046FFF7B9F8012120462B
:10273000FEF7B8FE08B010BD10B588B00121042026
:10274000FEF72AFB01210820FEF71DFBC020ADF893
:10275000180004208DF81B0006A93448FEF72BF959
:102760006846FEF77BFE00204FF6FF71ADF80410BF
:10277000ADF800002E4CADF80600ADF80200694639
:102780002046FEF7E7FB00231A4603212046FEF70A
:1027900006FF03A8FEF775FE0A21ADF8141003A981
:1027A0002046FEF78FFD01212046FFF7A1F8012208
:1027B00011462046FEF78BFE00212046FFF76FF8FA
:1027C00001212046FEF76EFEB4E70021032805D064
:1027D000042805D0082806D000207047154A04E0D8
:1027E000134A243201E0104A2432B2F90000118069
:1027F000704710B50E4C01212046FFF772F82046B5
:10280000BDE810400121FFF782B810B5064C012148
:102810002046FFF766F82046BDE810400121FFF78B
:1028200076B800000010014000340140000C014067
:10283000000800402404004008B501210820FEF7EC
:10284000A2FA4FF44040ADF8000010208DF80300CC
:1028500003208DF802006946FE48FEF7ACF808BD7B
:1028600070B5FC48001D016821F0704101600168ED
:1028700041F040510160F84C0120C4F8BC01D4F88B
:102880003C1149B1C4F8B801FFF7EFF90025C4F8CD
:10289000BC51D4F83C0108B1002070BD0120FFF705
:1028A000E4F9C4F8B851012070BDEA4810B5001D24
:1028B000016821F070410160016841F04051016000
:1028C000E54C0020C4F8B801C4F8BC01012004F5AF
:1028D000DC74FFF7CAF9012020606060BDE8104099
:1028E000FFF7C3B970B5DB480024001D016821F073
:1028F00070410160016841F000410160D64D012640
:10290000C5F8BC613046FFF7B0F9C5F8B86107E01B
:10291000641CE4B2322C03D9FFF7C7FF002070BD5E
:102920000120FFF7A2F9D5F83C010028F0D1C5F845
:10293000B801012070BD70B5C74C0025C4F8B8516E
:10294000C448001D016821F070410160016841F038
:1029500040510160C4F8BC51012004F5DC74FFF75C
:1029600084F901202060FFF780F9256070BD70B503
:10297000B94C0026C4F8B861B648001D016821F0C2
:1029800070410160016841F0405101600125C4F8C7
:10299000BC51284604F5DC74FFF767F92560012077
:1029A000FFF763F9266070BD2DE9F0410546A9489F
:1029B000001D016821F070410160016841F0405143
:1029C0000160A54E0027C6F8B8713C464FF00108DB
:1029D000E809C6F8BC016806050E0120FFF745F9B5
:1029E000C6F8B8810120FFF740F9C6F8B871012098
:1029F000FFF73BF9641CE4B2082CE9D3BDE8F08191
:102A00002DE9F0411D4616460C460746FFF728FF04
:102A100068B17806000EFFF7C7FFFFF763FF40B10C
:102A20002046FFF7C1FFFFF75DFF00240BE0012008
:102A3000E4E7FFF73AFFFAE7285DFFF7B5FFFFF796
:102A400051FF10B1641CB442F6DBFFF72EFF0020EB
:102A5000D4E72DE9F04781467E480024001D016837
:102A600021F070410160016841F0004101607A4E3F
:102A7000254627464FF00108C6F8B8710220FFF737
:102A8000F4F8C6F8B8816006040ED6F83C0108B127
:102A9000641CE4B20220FFF7E8F86D1CEDB2082DCB
:102AA000EAD3B9F1000F02D0FFF745FF01E0FFF7CD
:102AB0005EFF2046BDE8F0872DE9F0411D46144633
:102AC0000F460646FFF7CCFEB0B17006000EFFF7CA
:102AD0006BFFFFF707FF88B13846FFF765FFFFF789
:102AE00001FFFFF7BDFE012000EB4600C0B2FFF77B
:102AF0005BFFFFF7F7FE0DE001207FE7FFF7D5FE54
:102B0000FAE7012C0CD00120FFF7A3FF641E05F8A3
:102B1000010BE4B2002CF4D1FFF7C7FE00206DE7F3
:102B20000020F1E770B50D460446FFF799FE2046F8
:102B3000FFF73AFFFFF7D6FE2846FFF735FFFFF70E
:102B4000D1FEFFF78DFE641CE0B2FFF72DFFFFF70B
:102B5000C9FE0020FFF77DFF0446FFF7A6FE2046D2
:102B600070BD2DE9F0411D461646884607460024F3
:102B7000FFF776FE3846FFF717FFFFF7B3FE404634
:102B8000FFF712FFFFF7AEFEFFF76AFE7F1CF8B2F9
:102B9000FFF70AFFFFF7A6FE771E09E0BC4201D04F
:102BA000012000E00020FFF754FF2855641CE4B228
:102BB000B442F3D3FFF779FE20461FE72DE9F04139
:102BC0001D461646884607460024FFF749FE38464C
:102BD000FFF7EAFEFFF786FE4046FFF7E5FEFFF748
:102BE00081FE06E0285DFFF7DFFEFFF77BFE641C39
:102BF000E4B2B442F6D3FFF758FE0120FEE610B56A
:102C00001446FFF78FFF2070012010BD07B502ABFF
:102C10000122FFF7D3FF0EBD2DE9F84314461E46EF
:102C20000D4680466A46089FFFF7E9FF002820D03E
:102C3000621CFF2000FA02F1C4F108023244521E65
:102C4000D0400143C6F108008740FAB2C4F1070042
:102C5000C24003E0000C0140008021429DF80000CA
:102C6000084010438DF80000C2B229464046FFF7E5
:102C7000CDFFBDE8F883F8B515461C460E4607465D
:102C80006A46FFF7BCFF01209DF80010A8400CB178
:102C9000014300E08143CAB28DF800203146384636
:102CA000FFF7B4FFF8BD00001FB501210846FEF78D
:102CB0006AF801210820FEF766F84FF40074ADF8B9
:102CC0000C4048208DF80F0003A91148FDF773FE52
:102CD00009210120FDF723FF00208DF804000C20BE
:102CE00000948DF8050001248DF806406846FDF734
:102CF000A5FD17208DF8080002208DF809008DF839
:102D00000A408DF80B4002A8FDF79FFB1FBD000095
:102D1000000C014010B5FE4B4FF4E1521C1D002881
:102D200004DD1A80C0F5E150208003E000F5E15099
:102D300018802280F6480830031D002904DDC1F503
:102D4000E15101801A8010BD028001F5E151198026
:102D500010BD30B5EF4BD3F83421EF4CD2B2227016
:102D6000D3F834510023ED4C012D00D12370EC4DEC
:102D7000A8420CD8EB4DA84209DC012A07D0B1F5D6
:102D80007A7F04DB2078012801D0002030BDE049A3
:102D900001200B80091D0B80091D0B80091D0B8074
:102DA00030BD2DE9F0418046DC4814460D460078E0
:102DB00000282ED0DC4EDD4F708988B938680A387B
:102DC00005F0D4F8414605F0FDF809D238680A301C
:102DD00005F0CCF8414605F0F5F901D205B91CB172
:102DE0007089012802D016E001207081B08900218D
:102DF000401C80B2B081322801D9B1817181032D8C
:102E000009DD032C07DD642D05DA642C03DA7181FA
:102E10000120BDE8F0810020FBE7002800DA4042F5
:102E200070472DE9F047C04C9046024660881E4628
:102E300089460025A0B94046FFF7EFFF014630461E
:102E4000FFF7EBFF0844962809DAA088401C81B2FE
:102E5000A1800A2904D901206080A58003E0A58013
:102E6000608801281ED1E088401C80B2E080C8281C
:102E700001D9E5806580AE48AC4F824212DD3868EA
:102E8000143805F073F8494605F09CF80AD2386802
:102E9000143005F06BF8494605F094F902D202208F
:102EA000608002E06088022813D12089401C80B233
:102EB0002081642801D92581658008EB0600FFF791
:102EC000ACFF40F6B831884203DD65800120BDE8E3
:102ED000F0870020FBE7884200DD0846904200DAD8
:102EE0001046704770B50844404205F03FF88E4CDC
:102EF00006469049E06B05F099F805468E49304644
:102F000005F094F8294604F0BFFE05460146E0634B
:102F1000206C04F0B9FE89492064884202DC8849AB
:102F2000884200D9216487480168206C05F07EF84A
:102F3000854904F01DFF064684480168284605F0CF
:102F400075F8834904F014FF314605F077F96063A2
:102F50008048016880480068FFF7FBFE012803D025
:102F60006D480078012801D100202064606BBDE825
:102F7000704004F0BFBF70B505466C480C46006851
:102F800004F0F4FF294605F059F97449054684F028
:102F90000040096805F04AF86B4904F0E9FE044670
:102FA0006F486B49006804F0E3FE294605F03EF8DF
:102FB000214605F043F9BDE8704004F09BBF2DE9C0
:102FC000F35F04F030FB674D00222B4604F056FB04
:102FD0006FF00106324605F0D8F9634F00223B46F8
:102FE00004F09AF9DFF884810022434604F094F952
:102FF00004F0B0F804F01CFEDFF87491DFF874B14F
:103000004A465B4604F03AFBDFF86CA100225346C7
:1030100004F034FB04F09EF8434C2062019804F065
:1030200002FB00222B4604F029FB324605F0ADF9E5
:1030300000223B4604F070F90022434604F06CF98C
:1030400004F088F804F0F4FD4A465B4604F016FBF1
:103050000022534604F012FB04F07CF86062BDE8E5
:10306000FC9F2DE9F05F044602F006FE4349DFF8BD
:10307000E880434FDFF80C91DFF80CA1434D086066
:10308000012C43D04421D020FFF74CFD04464321BE
:10309000D020FFF747FD04EB0020234C462120837E
:1030A000D020FFF73FFD06464521D020FFF73AFD2F
:1030B00006EB0020A0834821D020FFF733FD064611
:1030C0004721D020FFF72EFD06EB002060833C2136
:1030D000D020FFF727FD06463B21D020FFF722FD39
:1030E00006EB002060823E21D020FFF71BFD064644
:1030F0003D21D020FFF716FD06EB0020E0814021A6
:10310000D020FFF70FFD06463F2141E099E0000087
:1031100034040040000022421D0000201400002062
:10312000000020C200002042800000201800002083
:103130000060EA463D0A573F0AD7233E008CB94853
:10314000008CB9C8580000200000C842540000207C
:103150000000C8C2340000203800002050000020C9
:103160004C0000200000694000003E4000407F40CD
:10317000F1D4C853FB21094000C05040300000206A
:103180003C00002040000020480000208C0100206E
:10319000D020FFF7C7FC06EB002006B22682B4F968
:1031A0001800404204F0E2FE3860304604F03BFA7A
:1031B00006460F46B4F90E0004F035FA32463B4697
:1031C00003F0CCFEDFF844B200225B4604F056FA6E
:1031D0008F4A904B04F0A0F804F0F6F9A082B4F9FD
:1031E000100004F020FA06460F46B4F9120004F06D
:1031F0001AFA32463B4603F0B1FE00225B4604F069
:103200003DFA834A834B04F087F804F0DDF9E0824D
:10321000B4F9180004F0AAFE7F4E314604F0A8FD70
:103220008346B4F91C0004F0A1FE314604F0A0FD71
:1032300006467A487A4F0078022817D0032827D00C
:103240003AE002F086FC774C2968C8F80010B4F91F
:10325000000004F08BFE3860B4F9040004F086FE30
:10326000C9F800007048B0F9040030E0B4F9140067
:1032700004F07CFE594600F0F7F880F0004028602A
:10328000B4F9160004F072FE314600F0AEF910E019
:10329000B4F9140004F06AFE594600F08AF980F08F
:1032A00000402860B4F9160004F060FE314600F0DA
:1032B00040FA80F0004038602968C8F80010B4F97E
:1032C0001A0004F053FEC9F80000B4F9100004F02D
:1032D0004DFECAF80000BDE8F09F2DE9F05F5348AD
:1032E000D0F82401002873D151494FF400700860D0
:1032F0000420FFF76AFA4F4E30600820FFF765FAA6
:103300004D4D4E4F40422860387878B100203870DB
:1033100042480078FFF7A5FE29683068FFF74FFEA6
:10332000474A10780024012802D00AE00120EEE785
:1033300044490878401CC0B208700A2801D10C70BA
:1033400014703878DFF800B1012842D03F48DFF828
:1033500000810168D8F80000FFF70DFE07462968D4
:103360003068FFF7BFFDDFF8ECA03844DFF8E890E5
:10337000DFF8E8C0CAF8000057464B46624641F6FF
:10338000F421C9F80000FFF7A6FD3860624641F657
:10339000F4211868FFF79FFD186031482B683268E8
:1033A000D8F800100068FFF73CFD2E4F08B101204F
:1033B00038702A6845463168D8F80000FFF7F1FCFC
:1033C00000B13C70DBF800102868FFF7C2FC90B138
:1033D00017E0FFF771F8B862F96A491CF9623A6BB5
:1033E0006429104438630CD190FBF1F1CBF8001044
:1033F0003C63FC6205E0D9F80010DAF80000FFF742
:1034000089FC002067E700207047000000806640CC
:10341000F1D4C853FB210940333383411C00002001
:1034200088010020900100209601002000802142A8
:10343000140401402000002024000020800000200F
:103440004500002044000020340000203C00002003
:1034500038000020280000202C0000200CE5FFFF91
:1034600048000020140000202DE9F34FBF4E85B026
:103470000846F168BC4D049104F0E0FE316800910B
:1034800004F0D4FDB16804F0FFFB06F1640402907F
:1034900067682846394604F0D1FED4F808904946BA
:1034A00004F0CCFEB24A1060E168884681F0004525
:1034B000B0495560C2E90251009904F0B7FD216896
:1034C00004F0E2FB83462846009904F0AFFD054670
:1034D000394604F0D9FB82462846494604F0D4FB1D
:1034E0008146A448009904F0A1FD414604F0CCFBBC
:1034F00080460299059804F0A1FE009059464FF0CD
:103500007E5004F093FD054649464FF07E5004F08E
:103510008DFD039029464FF07E5004F087FD4FF05B
:103520007C5104F0B1FB07460146284604F020FC1C
:1035300001903946039804F01BFC039051464FF06C
:103540007E5004F073FD07462946019804F06EFD95
:10355000594604F068FE20603946019804F066FD83
:10356000514604F060FE60602946039804F05EFD59
:10357000494604F058FEA0603946039804F056FD11
:10358000414604F050FEE060DDE9001004F04EFD1D
:10359000029904F079FBB06004460099039804F0A6
:1035A00045FD049904F070FBF060204607B0BDE8CB
:1035B000F08F2DE9F0416D4C0A4607466E4E1046DD
:1035C000216804F033FD216B04F05EFB01466B487B
:1035D00004F02CFD05463146384604F027FD294607
:1035E00004F052FB2063BDE8F0812DE9F34F5F4EFC
:1035F00085B00846F16B5C4D049104F01FFE316804
:10360000009104F013FDB16B04F03EFB06F174046D
:10361000029067682846394604F010FED4F80890F6
:10362000494604F00BFE524A10321060E1688846A9
:1036300081F000454F495560C2E90251009904F0FC
:10364000F5FC216804F020FB83462846009904F02D
:10365000EDFC0546394604F017FB824628464946EC
:1036600004F012FB81464348009904F0DFFC414618
:1036700004F00AFB80460299059804F0DFFD0090F3
:1036800059464FF07E5004F0D1FC054649464FF0B4
:103690007E5004F0CBFC039029464FF07E5004F09E
:1036A000C5FC4FF07C5104F0EFFA0746014628466E
:1036B00004F05EFB01903946039804F059FB039037
:1036C00051464FF07E5004F0B1FC07462946019860
:1036D00004F0ACFC594604F0A6FD20603946019880
:1036E00004F0A4FC514604F09EFD60602946039856
:1036F00004F09CFC494604F096FDA060394603980E
:1037000004F094FC414604F08EFDE060DDE9001019
:1037100004F08CFC029904F0B7FAB06304460099F7
:10372000039804F083FC049904F0AEFAF063204699
:103730003CE72DE9F0410D4C0A4607460E4E104677
:10374000216804F073FC216E04F09EFA01460B48D8
:1037500004F06CFC05463146384604F067FC294607
:1037600004F092FA20663EE76F12833AC40000200C
:10377000E8010020A69B443B0AD7A33C48E17A3FDE
:10378000F8B5FA4C0023224694F82460D2E90012DE
:103790005D1E56B190B102200DE01078C97B6B46DA
:1037A0000122FFF72DF960B90DE0A67A4EB128B1DC
:1037B000607C58B901208DF80000EEE78DF80030EC
:1037C000EBE72846F8BD9DF8000060740020F8BDC6
:1037D00038B50024E54D12E02868C27AA2420CD028
:1037E000407DA04209D008786B4601222146FFF7B0
:1037F00063F910B14FF0FF3038BD641CE4B2696862
:103800000879A042E8D8002038BDD84A30B40B4629
:1038100011684FF0FF34CD7A854206D0497D814250
:1038200003D051680A79824202D8204630BC7047E2
:103830000C780146204630BC0122FFF73DB938B56F
:10384000CA4D044695F82300A04201D1002038BD9E
:103850000CB1302000E000208DF80000A87C28B1D9
:103860009DF8000040F002008DF8000095F822005D
:1038700028B19DF8000040F080008DF80000286815
:103880006B460122017D68680078FFF7B9F810B136
:103890004FF0FF3038BD85F82340D7E7F8B5044630
:1038A00010F0700F4FF0000601D0012004E014B1B9
:1038B0008DF8006002E040208DF80000AB4D6B46B3
:1038C00001222868817C68680078FFF799F84FF03A
:1038D000FF3760BB9DF8000020F0400028738DF892
:1038E0000060600602D404208DF80000A00605D414
:1038F0009DF8000040F002008DF80000E00605D4BD
:103900009DF8000040F001008DF80000200705D46C
:103910009DF8000040F038008DF8000028686B46E4
:103920000122C17C68680078FFF76AF810B1AE72B6
:103930003846F8BD24B1082C02D00020FFF77FFFE5
:10394000AC722E753220FEF7A7F90020F8BDF8B54D
:10395000864D0446A87CA04201D10020F8BD8348D2
:103960004FF0FF366B46D0E900104FF001020979A5
:10397000007834B3FFF7A0F8D8BB9DF800006B4681
:1039800020F020008DF80000286801220179686885
:103990000078FFF735F860BB0320FEF77DF90220C1
:1039A0008DF8000095F8220070B382202AE0286884
:1039B0006B460122017D68680078FFF721F8C0B9E5
:1039C0002DE0FFF779F8A0B9A87AC0079DF80000AC
:1039D00002D040F0200001E020F020008DF800002F
:1039E00028686B460122017968680078FFF708F8BB
:1039F00008B13046F8BD0320FEF74EF995F82200D5
:103A000000B180208DF8000095F823000028CED06A
:103A10009DF8000040F030008DF80000C7E7AC745E
:103A20009BE7F8B5514D4FF0FF36A87A00287CD0BF
:103A300000248DF8004028686B460122C17B68682D
:103A40000078FEF7DDFF00286FD128686B46012261
:103A5000417968680078FEF7D3FF002865D12868AF
:103A60006B460122017968680078FEF7C9FF0028DB
:103A70007AD195F82400C8B30C208DF8000028688E
:103A80006B460122017968680078FEF7B9FF0028CB
:103A90006AD1C0208DF80000A87AC00702D0E020CB
:103AA0008DF8000028686B4601220179686800786B
:103AB000FEF7A6FF002857D1687C18B102208DF8C8
:103AC000000001E08DF8004028686B460122C17BB0
:103AD00068680078FEF794FF38BB8DF800402868CE
:103AE0006B46012241796868007839E0FFE70420DD
:103AF0008DF8000028686B4601220179686800781B
:103B0000FEF77EFF88B9A87C80B9A87AC0070DD0DF
:103B100060208DF8000028686B46012201796868F2
:103B20000078FEF76DFF00B902E01DE04020F0E7ED
:103B3000687C18B101208DF8000001E08DF800408C
:103B400028686B460122C17B68680078FEF758FF41
:103B500050B92868054B0122417968681033007814
:103B6000FEF74EFF002800D03046F8BD4801002087
:103B70002DE9F041FF4D20F00104002695F82400C6
:103B800010B10020BDE8F081A87A4FF0FF3838B1BD
:103B900020402F7C2874A04200D0464624B901E082
:103BA0004046EFE7287D40B10120FFF7E9FD3CB139
:103BB000FFF737FF20B12F74F2E70020FFF7E0FD99
:103BC0003046DFE738B5EB4C4FF0FF35A17A31B323
:103BD000BC2801D3012010E0622801D302200CE0B0
:103BE0002A2801D3032008E0142801D3042004E08C
:103BF0000A2801D3052000E006208DF80000E07AB5
:103C00009DF80010884201D1002038BD20686B4625
:103C10000122817860680078FEF7F2FE08B128463C
:103C200038BD9DF80000E072EEE72DE9F843044648
:103C30004FF0FF39282844D80727CE4D00267CB105
:103C40000120FFF7FCFD20208DF800004FF0010857
:103C5000012C17D0052C18D88DF8018005201FE005
:103C60000020FFF7ECFD8DF800608DF801702868EA
:103C70006B460222817C68680078FEF7C1FE00BBBB
:103C80002E7529E08DF80160E8E7142C04D8022095
:103C90008DF801000A2003E003208DF801001420B4
:103CA000FFF790FF9DF801006B4607EB80108DF841
:103CB000010028680222817C68680078FEF7A0FE77
:103CC00010B14846BDE8F8830820A8722E7385F825
:103CD00014800020FFF74CFF0020F3E7F8B5A54D56
:103CE00004464FF0FF37A87A28B395F8240010BB9C
:103CF000287D48B12CB1282C03D8E0B2FFF795FFFE
:103D000024E00020FFF791FF4FF47A76042C01D2D3
:103D1000042402E0B44200D93446B6FBF4F0401E5D
:103D20008DF8000028686B460122417868680078A9
:103D3000FEF766FE08B1384617E79DF80000401C04
:103D4000B6FBF0F0E8814008FFF73CFF00200CE7ED
:103D500038B5884C4FF0FF35A17A19B3022806D048
:103D6000042806D008280ED010281BD10DE0002012
:103D700000E008208DF80000607A9DF80010B0EB9C
:103D8000D10F04D005E01020F4E71820F2E700205E
:103D900038BD20686B460122C17960680078FEF763
:103DA0002FFE08B1284638BD9DF80000C00860729B
:103DB000EDE738B56F4C4FF0FF35A17A31B3FA28F3
:103DC00009D0B0F5FA7F08D0B0F57A7F0FD0B0F502
:103DD000FA6F1BD10DE0002000E008208DF80000F4
:103DE000207A9DF80010B0EBD10F04D005E0102030
:103DF000F4E71820F2E7002038BD20686B46012266
:103E0000817960680078FEF7FBFD08B1284638BD6F
:103E10009DF80000C0082072EDE72DE9FC41554CEB
:103E200080208DF8000020686B460122817C60684C
:103E30000078FEF7E5FD4FF0FF37002832D164200F
:103E4000FDF72AFF00258DF8005020686B460122FF
:103E5000817C60680078FEF7D3FD002870D120686F
:103E60006B460622817D60680078FEF725FE0028FB
:103E700066D19DF805009DF80310C007400F01F0C2
:103E8000010140EA41019DF801004FF0010600F0F8
:103E90000100014309D0012905D0022915D036A01F
:103EA00002F026F84CE0E67410E020686B46012230
:103EB000C17860680078FEF7FFFD40BB9DF8000008
:103EC00010F00F0020D0042822D0E574FF2004F861
:103ED0000A0F4FF6FF7104F8020C04F8010C607031
:103EE000A180A0712072A67026766576E572A57213
:103EF000E56025616561A576E576A5834FF4FA60F6
:103F0000FFF757FF18B907E0254801F0F1FF17E068
:103F100024A001F0EDFFC6E70220FFF719FF78B9F2
:103F20002A20FFF74FFE58B93220FFF7D7FE38B9E5
:103F30000020FFF71DFE18B90020FFF708FD10B1A3
:103F40003846BDE8FC810020FFF7A8FC0020F8E718
:103F500070477CB5044607484FF0FF35817A11F071
:103F6000700F32D0016840686B46097B00780622EA
:103F700028E0000048010020556E737570706F7264
:103F800074656420736F6674776172652070726FF8
:103F900064756374207265762025642E0A00000023
:103FA0006C92000848616C662073656E7369746971
:103FB00076697479207061727420666F756E642EF4
:103FC0000D0A0000FEF778FD08B128467CBDBDF85B
:103FD000000040BA2080BDF8020040BA6080BDF801
:103FE000040040BAA08000207CBD7CB50446FE4899
:103FF0004FF0FF35817A090708D5016840686B46A4
:10400000497B00780622FEF757FD08B128467CBDA3
:10401000BDF8000040BA2080BDF8020040BA6080C0
:10402000BDF8040040BAA08000207CBDF8B5EE4C7D
:1040300007464FF0FF35A07A40B120686B46022258
:10404000817B60680078FEF737FD08B128468CE573
:10405000BDF80000646840BA05B2E08803F09EFF36
:104060000646B4F9080003F081FF0446284603F031
:104070007DFF214604F0E2F8314603F079FEDB498A
:1040800003F002FE102104F0AEF903F033FF3860B4
:1040900000206AE52DE9FC4104004FF0FF3862D0B2
:1040A000206820B9606810B9A06800285CD0CE4FA5
:1040B00003226B46786811460078FEF7FDFCE0BBF2
:1040C0009DF80010082000EB111101F00F029DF87F
:1040D00001109DF8023000EB111100EB1310236862
:1040E00040325B0093FBF2F216B2626801F00F01FE
:1040F0005200403192FBF1F10DB2A16800F00F00C7
:104100004900403091FBF0F004B2786806226B461B
:1041100000781146FEF7D0FC78B9BDF80000BDF874
:10412000021040BABDF80420304449BA52BA030A1A
:10413000294422448DF8003000E014E08DF801009D
:10414000080A8DF80200100A8DF804008DF803109B
:104150008DF80520786806226B4600781146FEF738
:104160004FFC002800D04046EBE69F49097A39B160
:10417000012907D002290AD003290BD0002103E02E
:10418000FA2101E04FF4FA710180002070474FF4EA
:104190007A71F9E74FF4FA61F6E7934A517A41B13F
:1041A000012908D002290FD003290FD04FF0FF308A
:1041B0007047022100E004210170D17C11B1017827
:1041C00049000170002070470821F5E71021F3E74E
:1041D0008549C97A072913D2DFE801F01204060ADB
:1041E0000C0E1000BC2100E062210180002070470D
:1041F0002A21FAE71421F8E70A21F6E70521F4E776
:104200000021F2E7784991F8242012B14FF0FF30F5
:104210007047C98901800020704700210180481E35
:1042200070474FF0FF3070476F49097A41B101295B
:1042300008D002290AD003290AD04FF0FF30704776
:104240006B4900E06B490160002070476A49FAE75A
:104250006A49F8E7644A517A41B1012909D0022933
:1042600011D0032912D04FF0FF3070474FF4804136
:1042700001E041F69C710180D17C11B101884908AF
:104280000180002070474FF48051F4E74FF4006143
:10429000F1E75549097C0170002070475249897A3D
:1042A00001B1012101700020704738B505464E4824
:1042B0004FF0FF34817A41B1016840686B46097C58
:1042C00000780222FEF7F8FB08B1204638BDBDF8A1
:1042D000000040BA2880002038BD2DE9FE4F8846F6
:1042E00041498146002491F824001E4625464FF09E
:1042F000FF3BD0BB00203070887AB0B3087CA0B3FD
:10430000420600D50224820600D5A41CC20600D5B0
:10431000A41C000700D5A41D8A460968DAF8040029
:104320006B46897A00780222FEF7C6FBE8B9BDF831
:10433000000047BAA74263D3DAF804004188B7EB1C
:10434000510F13D9DAF8001000786B46497C01222E
:10435000FEF7B2FB48B99DF80000C00606D5FFF78E
:1043600060FB6FF00100BDE8FE8F0AE0DAF8001094
:10437000DAF804006B46C97A00782246FEF79CFB07
:1043800008B15846EFE7B7FBF4F00C99401E0870EF
:1043900000203070A4B39AF8101050460A076946FE
:1043A00013D5BDF80020062552BAA8F80020BDF8A4
:1043B000022052BAA8F80220BDF8042052BAA8F888
:1043C0000420327842F008023270A5421AD0027CF2
:1043D000520617D54A19128852BAA9F80020327825
:1043E00042F0400232700CE04801002000000C4214
:1043F00000000343000083423333034233338341DD
:104400001EE0AD1CA5420CD0027C920609D54A19CB
:10441000AD1C128852BAA9F80220327842F020026C
:104420003270A5420CD09AF81000C00608D5481981
:10443000008840BAA9F80400307840F010003070CD
:10444000002090E72DE9F843FA4E0546174696F806
:10445000240089464FF0FF3888B3B07A78B33068CB
:104460006B460222817A70680078FEF725FB30BB2C
:10447000BDF8000044BAAC4202D2002038701EE001
:1044800070684188B4EB510F10D9316800786B46E1
:10449000497C0122FEF710FB88B99DF80000C00698
:1044A00004D5FFF7BEFA6FF001000BE43068EAB202
:1044B0004B46C17A70680078FEF7FEFA08B14046B4
:1044C0000BE4B4FBF5F0401E3870002005E4D94938
:1044D00081F82200002070472DE9FE4F054601209B
:1044E000D44E8DF800004FF000088DF80180306840
:1044F0000C461746817C70686B4602220078FEF7F6
:104500007FFA4FF0FF3A00287AD1C820FDF7C4FBAC
:104510008DF8008030686B460122C17B706800789E
:10452000FEF76EFA0028EFD130686B460122417920
:1045300070680078FEF764FA0028E5D130686B46B1
:104540000122817C70680078FEF75AFA0028DBD1DE
:1045500030686B460122C17D70680078FEF750FA22
:104560000028D1D130686B4601220179706800784B
:10457000FEF746FA0028C7D14FF00C098DF80090DD
:1045800030686B460122017970680078FEF738FACE
:10459000002835D10F20FDF77FFBB06A6B46012262
:1045A000407A8DF800003068817870680078FEF7F6
:1045B00027FA002824D1B06A6B460122007A8DF8D0
:1045C00000003068417870680078FEF719FA00281A
:1045D00073D1B06A807A0FB140F0E0008DF800002E
:1045E00030686B460122817970680078FEF708FA1E
:1045F000002862D12FB1B06AC07A40F0E00001E03B
:104600004AE018208DF8000030686B460122C1791D
:1046100070680078FEF7F4F9F0BB17B1C820FDF719
:104620003BFB40208DF8000030686B460122017989
:1046300070680078FEF7E4F970BB78208DF8000010
:1046400030686B460122417970680078FEF7D8F92E
:1046500010BB3220FDF720FB8DF800803068474604
:104660006B464179706801220078FEF7C9F998B964
:1046700031687068B046897A00786B460222FEF78E
:104680001BFA48B9BDF80000AF6040BAB0FBF9F0C2
:104690006F60C6B22F6000E00FE0A7606760276020
:1046A000002738E0D8F80010D8F804006B46C97A23
:1046B00000780C22FEF700FA08B1504653E6BDF828
:1046C0000000236840BA02B2BDF802001A4440BAA2
:1046D00001B2BDF804002260626840BA1144616012
:1046E000A16800B20844A060BDF806002B6840BA7B
:1046F00002B2BDF808001A4440BA01B2BDF80A007F
:104700002A606A6840BA11446960A96800B2084426
:104710007F1CFFB2A860B742C4D328688322C117A8
:10472000090441EA10410004002301F0BDFB3246B8
:10473000002301F0B9FB286068688322C1170904CF
:1047400041EA10410004002301F0AEFB3246002391
:1047500001F0AAFB6860A8688322C117090441EA36
:1047600010410004002301F09FFB3246002301F0BA
:104770009BFBA86020684FF40065C117090441EA5B
:10478000104100042A46002301F08EFB324600232C
:1047900001F08AFB206060682A46C117090441EADB
:1047A00010410004002301F07FFB3246002301F09A
:1047B0007BFB6060A0682A46C117090441EA1041EA
:1047C0000004002301F070FB3246002301F06CFB73
:1047D000A060002802DDA0F5803001E000F5803007
:1047E000A0600020BFE538B5124C94F82410814237
:1047F0001DD00025E8B194F82500E8B10020FEF7AF
:10480000BFFF0020FFF7A3F8E08CFFF767FA8DF8F1
:10481000005060686B46012200782321FEF7F0F813
:10482000012084F82400FEF7ABFFFFF7FAF8002020
:1048300038BD04E0480100204FF0FF30F8E70020C9
:10484000FEF79EFF207C8DF8000060686B46012219
:1048500000782321FEF7D4F884F82450E5E72DE909
:10486000F047FA4E82468AB096F824000F4620B1EF
:104870000020FFF7B8FF012500E0002507A8FFF79B
:1048800074FC06A8FFF789FC09A8FFF7A1FC08A89B
:10489000FFF7B8FC96F80A9096F8108000240022E2
:1048A00039465046FFF718FE10B1641C022CF6DBA7
:1048B000022C1AD00024012203A96846FFF70CFE3F
:1048C00010B1641C022CF6DB022C0ED003A9384672
:1048D00000F0BEF9C7B26946504600F0F0F910F09A
:1048E000FF0F4FF0000402D002E0002403E0012497
:1048F0000FB944F00204FF2030727072F0724FF66C
:10490000FF71F181B072307401203073BDF81C006A
:10491000FFF74FFA9DF81800FFF71AFABDF82400C8
:10492000FFF750F9BDF82000FFF7D8F94846FEF729
:10493000B5FF4046FFF71CF915B10120FFF753FF03
:104940000AB02046BDE8F087F8B517000D464FF0D5
:10495000FF341FD0BD4EB17AE1B1010A8DF80010CD
:10496000C0B28DF80100411970684289914211D896
:10497000316800786B46097E0222FEF741F848B99B
:104980003068EAB23B46417D70680078FEF738F83F
:10499000002800D02046F8BDF8B517000D464FF0AE
:1049A000FF341FD0A94EB17AE1B1010A8DF8001091
:1049B000C0B28DF80100411970684289914211D846
:1049C000316800786B46097E0222FEF719F848B973
:1049D0003068EAB23B46417D70680078FEF76CF8BB
:1049E000002800D02046F8BD2DE9FF4FDFF85CA27B
:1049F000054685B09AF82500914688464FF0FF3B62
:104A0000C0BBB8F1000F35D000241FE0281B1028D0
:104A100000DD102086B208EB04073A4631462046F6
:104A2000FFF792FF30BB6A4631462046FFF7B4FFDE
:104A300000BB38463246694601F0AEFB20B16FF04C
:104A4000010009B0BDE8F08FA01984B2AC42DDD3FB
:104A50004FEA19208DF810008DF81190DAF8000057
:104A6000544604AB817EDAF8040002220078FDF798
:104A7000C7FF08B15846E4E7012084F825000898EC
:104A8000E0840020DDE7714991F8241001700020D6
:104A900070474FF0FF3070474FF0FF3070472DE9FF
:104AA000F84F6A4C0F4604F1160115004FF0FF3B1A
:104AB0008A464FF000094FF0010877D0B0F5FF5F4C
:104AC00001D9FF2605E0202801D2012601E0C0F32C
:104AD000471607B90127282D6AD8607DF0B994F8E8
:104AE000240028B10020FFF77EFE84F8208001E03A
:104AF00084F820905046FFF738FB54481830FFF7F1
:104B00004CFB52481A30FFF763FB50481C30FFF74C
:104B100079FBA07AA0774D48217CC1770020FEF771
:104B20002FFE0020FFF781F88DF8009020686B467B
:104B30000122817860680078FDF762FF002837D194
:104B400040208DF8000020686B460122C17B606820
:104B50000078FDF755FF50BB8DF800608DF80170AF
:104B600020686B460222017A60680078FDF748FFF2
:104B7000E8B90520FDF790F8607A072606EBC0003B
:104B80008DF8000020686B460122C17960680078CA
:104B9000FDF736FF58B920208DF80000012D08D010
:104BA000052D0AD840468DF801800DE01DE01FE07C
:104BB00049E048468DF8019006E0142D01D8022006
:104BC00000E003208DF80100C0B206EB80108DF8E4
:104BD000010020686B460222817C60680078FDF746
:104BE0000FFF28B984F8158027E000200A5C3AB34B
:104BF000FF2020726072E0724FF6FF71E181A072B7
:104C0000207484F80C80A07FFEF748FEE08AFFF74E
:104C1000D0F8207EFFF79CF8608BFEF7D3FFA08BC7
:104C2000FFF75CF8E07FFEF7A3FF94F8200010B1D7
:104C30000120FFF7D8FD84F815900020BDE8F88F1B
:104C4000401C0C28D2D35846F8E700004801002049
:104C50002DE9FE4F80460F460025684600F08FF88C
:104C600000246FF00F0AE946012658F8240057F88F
:104C70002410401A00D5404203F078F9514603F061
:104C8000B2FB59F8241011F0FF4F0BD003F070F86D
:104C90004FF07E5103F0D2FA604920F00040884284
:104CA00005DC07E05E4908445E49884202D306FA03
:104CB00004F00543641C032CD7DB2846FEE42DE9F1
:104CC000F84F824658488946002540686B460322C3
:104CD00000780D21FDF7F0FE08B10720AEE79DF842
:104CE0000000002400F01F008DF800009DF8010076
:104CF0006F4600F01F008DF801009DF802004FF094
:104D0000010800F01F008DF802005AF8241059F82D
:104D10002400081A00D5404203F028F96FF00F0173
:104D200003F061FB0646385DE0B1404ADFF800B1B0
:104D300004E05946104603F079F90246385D401EFA
:104D400010F0FF003855F4D11146304603F010F84A
:104D50004FF07E5103F072FA304920F00040884253
:104D600005DC07E033483044B0F1D97F02D908FAB6
:104D700004F00543641C032CC7DB28465EE72DE9DD
:104D8000FC47054628486B46042240680D21007800
:104D9000FDF792FE10B10720BDE8FC879DF80000EA
:104DA0001C2101EAD0029DF80300DFF88C90C0F3CB
:104DB00001131A438DF804209DF80120C0F38103EC
:104DC00001EAD2021A438DF805209DF8022000F076
:104DD000030001EAD20101430024184F8DF80610A8
:104DE000A04601AE305D10B145F8249009E045F8C9
:104DF00024800CE055F82400394603F017F945F8F3
:104E00002400305D401E10F0FF003055F2D1641CCC
:104E1000E4B2032CE6D30020BEE70000295C0F3E7D
:104E2000666666C19A99D900480100200000C84111
:104E300054E3853F0000E0BE7B14AE3E1D5A843F24
:104E4000C8234FF48062FE4940F6F630FFF7CCBD30
:104E50002DE9FF410446FBA002AB00680290FAA0D6
:104E600000680390F9A00668F9A0056804F0030043
:104E7000195C8DF80010C4F3C1015A5C8DF8012053
:104E8000C4F381129B5C8DF8023003AB185C8DF883
:104E90000400585C8DF80500985C8DF806006A46A1
:104EA000032140F22640FFF74FFD4FF0FF37E0BBF4
:104EB00001AA032140F22A40FFF746FDA8BBCDE935
:104EC000006560070BD59DF8000040F001008DF8EB
:104ED00000009DF8040040F001008DF80400A006D9
:104EE0000BD59DF8010040F001008DF801009DF800
:104EF000050040F001008DF80500E0050BD59DF898
:104F0000020040F001008DF802009DF8060040F01C
:104F100001008DF806006A4603214FF48860FFF710
:104F200013FD10B901AA032100E004E040F2314072
:104F3000FFF70AFD18B1384604B0BDE8F081C54856
:104F400004810020F8E7F8B5C249098901F003029D
:104F500050F822404A0700D56442C1F3C10250F81C
:104F600022308A0600D55B42C1F3811250F822201C
:104F7000C80500D55242B84984FB0140850045EA86
:104F8000947083FB014382FB0121950F45EA810563
:104F9000010E8DF80010010C8DF80110010A8DF83A
:104FA0000210A40F8DF8030044EA83046A4604212A
:104FB0004FF47470FFF7C8FC4FF0FF3688B9200E2D
:104FC0008DF80000200C8DF80100200A8DF80200F9
:104FD0008DF803406A4604214FF47570FFF7B4FC66
:104FE00008B13046F8BD280E8DF80000280C8DF869
:104FF0000100280A8DF802008DF803506A4604214A
:105000004FF47670FFF7A0FCF8BD2DE9FF41044690
:1050100003A8FFF71FF9BDF80C00420CC3038D482D
:10502000018901F003004D0754F8200000D54042EB
:10503000C1F3C1058E0654F8255000D56D42C1F369
:105040008116C90554F8264000D56442A0FB0367C9
:10505000C11701FB037100FB0210810041EA967049
:10506000A5FB0367E91701FB037105FB02118D0026
:1050700045EA9671A4FB0367E51705FB037304FB80
:105080000232930043EA9672030E8DF80030030C4F
:105090008DF80130030A8DF802308DF80300080EF8
:1050A0008DF80400080C8DF80500080A8DF806003C
:1050B000100E8DF80800100C8DF80900100A8DF8FC
:1050C0000A008DF807108DF80B206A460C214FF46A
:1050D0002570FFF739FC2FE730B504465FA185B096
:1050E00007C98DE807004FF0FF35C82C16D8C82037
:1050F000B0FBF4F1491E080A8DF80C008DF80D1074
:1051000003AA022140F21620FFF71EFC30B96A46BE
:105110000C2140F6C120FFF717FC10B1284605B05E
:1051200030BD4C4884810020F9E74A4989890180D3
:10513000002070472DE9FC41054640074FF0FF363F
:105140007CD0B1F5C86F79D8084602F027FF4649F0
:1051500002F00EFE074601A8FFF71FF89DF80400B5
:10516000022806D004280DD008282ED0102865D19A
:1051700034E00E21384603F036F902F0D7FE84B24F
:105180003A4907E00D21384603F02DF902F0CEFE32
:10519000374984B2384602F049FF02F0C7FE210ABF
:1051A0008DF8001080B28DF80140010A8DF80210D0
:1051B0008DF80300E8076C4620D0224602214FF408
:1051C000EA70FFF7C1FBC8BB11E00C21384603F0C1
:1051D0000AF902F0ABFE84B22649DBE70B21384620
:1051E00003F001F902F0A2FE84B22349D2E7A21C27
:1051F00002214FF49270FFF7A7FBF8B9A8070DD56D
:105200006A4602214FF4EC70FFF79EFBB0B9A21C76
:1052100002214FF49470FFF797FB78B9680731D5F6
:105220006A4602214FF4EE70FFF78EFB30B9A21CE4
:1052300002214FF49670FFF787FB1FE01FE000008C
:10524000B48400084CCD6C000CC92C003656760096
:10525000264666000802002009E3CA02FEF2ABC43B
:10526000AAF1DFDFBBAFDFDF0000484300004046AC
:105270000000C045000040450000C04410B1304669
:10528000BDE8FC810020FBE708B500218DF8001087
:10529000C10702D030218DF80010810705D59DF897
:1052A000001041F00C018DF80010400705D59DF865
:1052B000000040F003008DF800006A4601214FF421
:1052C000A470FFF741FB08BD08B560B1042800D900
:1052D0000420401E8DF800006A46012140F24F1064
:1052E000FFF732FB08BD0120F3E70521B0FBF1F029
:1052F00008B5010A8DF800108DF801006A460221F8
:105300004FF4EF70FFF720FB08BD0521B0FBF1F073
:1053100008B5010A8DF800108DF801006A460221D7
:105320004FF4ED70FFF710FB08BD4FF47A7290FB5D
:10533000F2F008B54843010E8DF80010010C8DF80D
:105340000110010A8DF802108DF803006A4604214D
:105350004FF4AE70FFF7F8FA08BD0521B0FBF1F08D
:1053600008B5010A8DF800108DF801006A46022187
:105370004FF4AD70FFF7E8FA08BD0521B0FBF1F07E
:1053800008B5010A8DF800108DF801006A46022167
:105390004FF4AC70FFF7D8FA08BD38B504004FF0F1
:1053A000FF3506D06A4604214FF45870FFF7F4FA2F
:1053B00008B1284638BD00989DF8031000BA20F0C7
:1053C000FF0008432060002038BD08B5010E8DF8AD
:1053D0000010010C8DF80110010A8DF802108DF8F3
:1053E00003006A4604214FF45870FFF7ADFA08BD78
:1053F00038B504004FF0FF3506D06A4604214FF45B
:105400007170FFF7C9FA08B1284638BD009800BA94
:1054100020F0FF019DF80300014301EB81008000B3
:105420002060002038BD1421B0FBF1F008B5010E5A
:105430008DF80010010C8DF80110010A8DF8021092
:105440008DF803006A4604214FF47170FFF77CFA6F
:1054500008BD08B560B120208DF8000028208DF827
:10546000010030208DF8020038208DF8030004E0A0
:10547000A3220421684600F0BBFE6A46042140F6E0
:105480009E20FFF761FAFEF7CCFA08BD08B560B1BF
:10549000C0208DF80000C2208DF80100C4208DF8D6
:1054A0000200C6208DF8030004E08B220421684628
:1054B00000F09EFE6A46042140F69820FFF744FA69
:1054C000FEF7AFFA08BD0EB54FF4976308B1E1A03F
:1054D00000E0E3A007C88DE807006A4609211846E6
:1054E000FFF732FA0EBD3EB5044602208DF80000EB
:1054F000CA208DF80100E3208DF8020009208DF804
:1055000003006A4604216820FFF71EFAA3208DF8E5
:105510000000610609D5C0218DF80110C8218DF861
:105520000210C2218DF8031005E08DF801008DF8FE
:1055300002008DF8030014F4C07F09D0C4218DF857
:105540000410CC218DF80510C6218DF8061005E059
:105550008DF804008DF805008DF806008DF8080020
:105560008DF807008DF809006A460A2140F6A72049
:10557000FFF7EAF9A0074FF0D80503D020208DF8F7
:10558000000001E08DF800506A46012140F6B62087
:10559000FFF7DAF9A00601D5012000E00020FFF7AF
:1055A00092FF14F4C07F1ED0E0050AD5B2208DF81A
:1055B00000008B208DF80100B6208DF802009B20A2
:1055C00009E0B0208DF8000080208DF80100B420A3
:1055D0008DF8020090208DF803006A46042140F601
:1055E000A220FFF7B1F9E0074FF40B6323D0F820B6
:1055F0008DF800006A4601211846FFF7A5F9FA2147
:105600000720FFF797FD0720FFF73EFE0120FFF779
:105610005BFE6420FFF769FE4FF4FA70FFF775FE3A
:10562000C8219248FFF781FE2820FFF796FE0A2046
:10563000FFF7A3FE06E08DF800506A4601211846E8
:10564000FFF782F9A00703D5D9208DF8000001E00B
:105650008DF800506A46012140F23D70FFF774F961
:10566000600701D5012000E00020FFF70FFFE006F2
:1056700001D5012000E00020FFF7EBFE7C4D44F057
:1056800008006881FEF7CDF90020A873600601D5F7
:105690000620A87314F4C07F02D0A87B801DA873D5
:1056A00014F0140F02D0A87B1030A873A00702D00A
:1056B000A87B001DA87300203EBD6D49498901806B
:1056C0000020704700B56BA187B00EC98DE80E00B1
:1056D0006BA10DF10C0C0EC98CE80E0040F6822374
:1056E000012807D0022803D04FF0FF3007B000BDDB
:1056F0006A4600E003AA0B211846FFF725F9F5E7F3
:105700002DE9FF4F89B01646DDE916520024DFF877
:1057100060810F4681462C80A24698F80E006946AB
:10572000FEF790FE4FF0FF3B18B158460DB0BDE8B4
:10573000F08FB8F80A0010F0140F3CD0009909BAA5
:1057400021F0FF0C9DF803104CEA010CC6F800C0D4
:10575000019909BA21F0FF039DF807100B4373600C
:1057600002999DF80B2009BA21F0FF011143B160A5
:10577000039A9DF80F4012BA22F0FF022243F26012
:105780004FEA2C4609141B1412147643494303FBB9
:10579000036302FB021119441024A1F17061B1F1FD
:1057A000007F04D9FEF73DF9A5F800A0BDE72988E0
:1057B00041F48071298041066A460ED51119A41D55
:1057C0000B885BBA3B804B885BBA7B80898849BA7F
:1057D000B980298841F00801298010F4C07F11D0D8
:1057E0001119A41D0B885BBAA9F800304B885BBA6D
:1057F000A9F80230898849BAA9F80410298841F02B
:1058000070012980800718D01444E07800F0C005AA
:1058100000F03F016078C00707D0C80801F0070119
:10582000D8F80020491C02B190476078000704D5E1
:10583000D8F8041009B1A80988470C98FEF788FB2E
:10584000002073E70A490860002070470849486053
:1058500000207047B8AAB38DB4980D355D000000E4
:10586000B8AAAAAAB088C3C5C700000009E3CA0243
:1058700008020020D8B1B9F38BA391B609B4D900BE
:10588000DAB1B9F38BA391B6DAB4DA0090F900106B
:10589000002902DD4FF00000704702DA4FF00400EB
:1058A000704790F90110002902DD4FF001007047A8
:1058B00002DA4FF00500704790F90200002802DD7F
:1058C0004FF00200704702DA4FF0060070474FF0C9
:1058D00007007047F0B5FC4FDDE905EC012507EB4B
:1058E000450437F8156024F8026CE68AA682A68D76
:1058F0006685B4F84260A4F84060B4F85860A4F833
:1059000056606D1CB4F86E60EDB2A4F86C600A2DA0
:10591000E5D378823985FA87A7F85430A7F86AE08A
:105920000021A7F880C0084637F91020401CC0B2FB
:1059300011440A28F8D30A2291FBF2F0B882002120
:10594000084607EB4003401CB3F91630C0B21944B7
:105950000A28F6D391FBF2F078850021084607EB80
:105960004003401CB3F92C30C0B219440A28F6D3C6
:1059700091FBF2F0A7F840000021084607EB400336
:10598000401CB3F94230C0B219440A28F6D391FB47
:10599000F2F0A7F856000021084607EB4003401C30
:1059A000B3F95830C0B219440A28F6D391FBF2F08B
:1059B000A7F86C000021084607EB4003401CB3F930
:1059C0006E30C0B219440A28F6D391FBF2F0A7F862
:1059D0008200F0BD08B50323009002226B21D02085
:1059E000FDF71AF908BD08B50223009004221B2117
:1059F000D020FDF711F908BD08B50223009004225C
:105A00001C21D020FDF708F908BD034606226B21B2
:105A1000D020FDF730B9AC4B10B50E3B01227521FB
:105A2000D020FDF79EF8A8480E38007810BD10B5BC
:105A3000FFF7F1FF682801D0002010BD012010BD44
:105A4000034605226A21D020FDF715B9034601223D
:105A50003721D020FDF70FB910B50220FFF7BAFFAC
:105A60000320FFF7C0FF0020FFF7C6FF0020FFF76D
:105A7000CCFF0020FFF7E4FFBDE810400020E5E781
:105A800038B5002000906B46012275216820FDF793
:105A900013F88EA000F02CFA9DF80000682809D0B9
:105AA00093480168934A01F4E06111430160BFF338
:105AB0004F8FFEE7FEF7B1F9002849D17820FDF7B6
:105AC000EDFE10B981A000F013FA7820FEF750F82F
:105AD00010B989A000F00CFAC820FEF7FFF810B941
:105AE0008FA000F005FAFFF7ABF910B996A000F00F
:105AF000FFF9A2480446FFF7C9FE0546E01CFFF780
:105B0000C5FE45EAC005A01DFFF7C0FE45EA8010AE
:105B100080B2FFF79DF910B999A000F0E9F940F2C1
:105B20007310FFF7E0FC10B99FA000F0E1F9C82066
:105B3000FFF7D2FA10B9A6A000F0DAF900F076F972
:105B40000120FEF750FE002802D1AAA000F0D0F9F3
:105B500038BD2DE9F04788B0884C07A8283CCDE92E
:105B6000004004F1220106AB02AA881FFFF7C8FD1E
:105B70002088C0057DD5029802F0F8F96FF01D0766
:105B8000394602F030FC06466060039802F0EEF9F8
:105B9000394602F028FC8046A060049802F0E6F93D
:105BA000394602F020FC0546E060059802F0DEF977
:105BB000394602F018FC074620610121304602F008
:105BC00012FC294602F032FA05464FF040463146B3
:105BD000404602F02BFA394602F028FA294602F034
:105BE00053F802F025F800F071FFDFF82C924FF027
:105BF000663842464B4601F041FD01F0ABFA606168
:105C0000E0680121054602F0EEFB8246294602F0DB
:105C10000DFA0546A0683146074602F007FA3946F4
:105C200002F004FA294602F009FB4FF07E5102F01F
:105C30002BF801F0FDFF05460E460121606802F0D9
:105C4000D2FB394602F0F2F907465046216902F0CC
:105C5000EDF9394602F018F801F0EAFF2A4633461A
:105C600001F07CF942464B4601F008FD01F072FA62
:105C7000A06108B0BDE8F08710B54221D020FCF744
:105C800051FF04464121D020FCF74CFF04EB0020DB
:105C900002F084F9B0F18E4F03DD4FF08F4102F036
:105CA000CDFA5E4902F064F801F0C2FF5C4A5D4B38
:105CB00001F082FA00225C4B01F0E0FC01F04AFAAC
:105CC000BDE8104002F016B9260200206D70755F25
:105CD0007365745F73656E736F7220636F6D706C44
:105CE000657465202E2E2E2E2E2E0D0A000000002B
:105CF0000CED00E00400FA056D70755F636F6E6671
:105D000069677572655F6669666F20636F6D706C39
:105D1000657465202E2E2E2E2E2E0D0A00000000FA
:105D20006D70755F7365745F73616D706C655F72C4
:105D300061746520636F6D706C657465202E2E2E06
:105D40002E2E2E0D0A000000646D705F6C6F616472
:105D50005F6D6F74696F6E5F6472697665725F669E
:105D600069726D7761726520636F6D706C657465C3
:105D7000202E2E2E2E2E2E0D0A0000009C0100201B
:105D8000646D705F7365745F6F7269656E74617462
:105D9000696F6E20636F6D706C657465202E2E2E9A
:105DA0002E2E2E0D0A000000646D705F656E61621C
:105DB0006C655F6665617475726520636F6D706C8C
:105DC000657465202E2E2E2E2E2E0D0A000000004A
:105DD000646D705F7365745F6669666F5F7261742E
:105DE0006520636F6D706C657465202E2E2E2E2ECF
:105DF0002E0D0A006D70755F7365745F646D705F62
:105E0000737461746520636F6D706C657465202EAA
:105E10002E2E2E2E2E0D0A0066A64C400000AA4300
:105E2000A4703D0AD74342400000244010B588B01A
:105E300002A905A8FEF713FD072832D16846FEF730
:105E4000F3F9059802F092F800990C4602F0EEF88A
:105E500002F050F80590069802F088F8214602F00A
:105E6000E5F802F047F80690079802F07FF821461F
:105E700002F0DCF802F03EF8079005A8FFF763F89F
:105E800001A8FEF7E7F9BDF8040002994143029129
:105E90000399414303910499414302A80491FFF7F8
:105EA000B4F808B010BD704710B54C1084EA530424
:105EB00004D54042C1F1000138BF491E1B4204D540
:105EC0005242C3F1000338BF5B1E00F0FFF914F02B
:105ED000804F04D04042C1F1000138BF491E14F088
:105EE000004F04D05242C3F1000338BF5B1E10BD07
:105EF0000FB4044910B503AA029800F0E1FA10BCEF
:105F00005DF814FB780000200FB41CB5074B06AAFF
:105F10007B4469460090059800F0B9FA0020694674
:105F200000F0C8FA1CBC5DF814FB0000A1050000DD
:105F30002DE9F0410E460446002020622046E1682B
:105F4000884730B3252805D0D4E901219047206A3D
:105F5000401CF2E7E168204600278847050018D07A
:105F6000A5F14100192802D820354FF400673246C8
:105F7000294620462760FAF735F940B1012804D0B8
:105F8000F61D26F007060836D8E7361DD6E7284660
:105F9000DAE7206ABDE8F0812DE9F04106460024E9
:105FA00010687529314616A510D0AFF3008000287F
:105FB00002DA404213A507E031688A0701D512A52D
:105FC00002E0490704D511A5012401E0AFF30080E8
:105FD00000210A2206F1240709E0B0FBF2FCB0FB25
:105FE000F2F302FB1C00303078541846491C00289C
:105FF000F3D123462A463046BDE8F04100F0E8B927
:10600000000000002D0000002B0000002000000018
:106010000FB400B58DB010A9099000910B904FF00E
:10602000FF300A9000200C900648784406900648FD
:1060300078446A4607900F9909A800F067FA0DB0F6
:106040005DF814FBFF040000170500002DE9FF5F59
:106050001D464FF0FF3B91464FF000085F46D5E9E3
:106060000146A96901987F1C8847296A82468847AA
:106070000028F6D1BAF1FF3F0CD0002E24F4C06402
:1060800019DD600614D5BAF12B0F09D0BAF12D0F26
:106090000ED103E0584604B0BDE8F09F44F480649C
:1060A000A96901987F1C8847761E8246002E02DD72
:1060B000BAF1300F03D0B9F1000F26D032E0A96950
:1060C000761E01987F1C44F400748847002E824697
:1060D00005DDBAF1780F06D0BAF1580F03D0B9F147
:1060E000000F10D01EE0B9F1000F02D0B9F1100F6F
:1060F00018D1A969761E01987F1C24F40074884782
:106100008246102002E0082000E00A20814609E0D3
:10611000A96908FB0908761E01987F1C44F40074E5
:1061200088478246002E05DD4946504600F0DAF9E0
:106130000028EDDAE96901988847A00502D46FF0DC
:106140000100A8E7E00725D1600613D5600502D558
:10615000C8F1000000E0404629680A1D2A6009686D
:10616000220501D5087015E0220701D5088011E04D
:1061700008600FE02868011D29600068210502D52C
:1061800080F8008006E0210702D5A0F8008001E039
:10619000C0F8008038467EE740EA010310B59B074F
:1061A0000FD1042A0DD310C808C9121F9C42F8D081
:1061B00020BA19BA884201D9012010BD4FF0FF3032
:1061C00010BD1AB1D30703D0521C07E0002010BD48
:1061D00010F8013B11F8014B1B1B07D110F8013BD4
:1061E00011F8014B1B1B01D1921EF1D1184610BDB5
:1061F00002F0FF0343EA032242EA024200F002B83F
:106200004FF000020429C0F0128010F0030C00F0DF
:10621000AF81CCF1040CBCF1020F18BF00F8012BC8
:10622000A8BF20F8022BA1EB0C0100F0A1B95FEA96
:10623000C17C24BF00F8012B00F8012B48BF00F8F7
:10624000012B70474FF0013C50F8042B51F8043BF0
:106250009A4221D1A2EB0C03934313EACC1317D13A
:1062600050F8042B51F8043B9A4215D1A2EB0C03D1
:10627000934313EACC130BD150F8042B51F8043B91
:106280009A4209D1A2EB0C03934313EACC13DBD05F
:106290004FF00000704700BFD01A01BAB1FA81F187
:1062A00001F0180122FA01F0CB40C1F12001DBB26C
:1062B000C0B2C01A2CFA01F3D11A914311EAC311EA
:1062C000E6D17047704770477047704753EA020C39
:1062D00000F069802DE9F04B4FF00006002B1FBF46
:1062E000B3FA83F503FA05F424FA05F65E4012BF0B
:1062F0001643B2FA82F502FA05F4C5F120051EBF75
:1063000022FA05FC44EA0C04203556EA044C4FEA14
:10631000144418BF641C4FF000084FF0000990426D
:1063200071EB030C39D3002919BFB1FA81F701FAD7
:1063300007F6B0FA80F700FA07F6C7F120071EBF8C
:1063400020FA07FC46EA0C062037B6FBF4FCA7EB64
:106350000507103F07F01F0BCBF120060CFA0BFBD3
:106360002CFA06F644BFB3460026202FA4BF5E4693
:106370004FF0000B5BEA060C08BF4FF0010B19EB66
:106380000B09ABFB027C48EB0608C01B06FB02CCEA
:106390000BFB03CC71EB0C01C1E70B4602464146F7
:1063A0004846BDE8F08B13B54FF000004FF00001F8
:1063B000AFF30080BDE81C40704710B500F0FEF858
:1063C000006810BD10B5044600F0F8F8046010BD78
:1063D0002DE9F0470D4699469246044600F12408FF
:1063E0000168880604D5E06921F01001216000E011
:1063F0000120A84201DD471B00E00027A1697A19AE
:1064000002EB0900081AA0612078C00602D42046D9
:10641000AFF30080002608E0D4E901211AF8060055
:106420009047206A401C761C20624E45F4DB2078A1
:10643000C0060AD52046AFF3008006E0D4E901216A
:1064400030209047206A401C2062381EA7F10107C7
:10645000F4DC07E0D4E9012118F805009047206A30
:10646000401C2062281EA5F10105F3DC2046AFF395
:1064700000802078000602D50220BDE8F0870120C8
:10648000FBE7000001694A1C02610878704700B50B
:106490008FB0CDE901310021059105497944CDE95D
:1064A000031011466846FFF743FD0FB000BD000022
:1064B000E5FFFFFF0A6802F8010B0A607047000061
:1064C000074B70B50D467B44FFF7E1FF04462846B5
:1064D00000F03CFA10B14FF0FF3070BD204670BDA7
:1064E000F9B9FFFF3A2800D2303820F02002412AC3
:1064F00001D3A2F13700884201D34FF0FF3070473B
:10650000026811441378016018467047D16005494C
:1065100079445161044979441162002111611146A5
:1065200000F05AB8EDFFFFFFAB000000426842B137
:10653000016811F8013B23B1521EC0E90012184650
:1065400070470121C160881E704742685AB1C36814
:10655000016843B983688B4205D0491E521CC0E9CB
:106560000012002070474FF0FF3070474FF00002DC
:1065700000B5134694469646203922BFA0E80C5039
:10658000A0E80C50B1F12001BFF4F7AF090728BF14
:10659000A0E80C5048BF0CC05DF804EB890028BF90
:1065A00040F8042B08BF704748BF20F8022B11F0B9
:1065B000804F18BF00F8012B70470000004870475B
:1065C000AC02002010B5044600F0EEF90068005D52
:1065D00000F0010010BD00002DE9F34F4FF0000A5C
:1065E0000C4656468DB001200C9001F10C000B902A
:1065F00062690B9801219047051E2DD0252D2CD0C6
:10660000216A8847C0B162690B9801219047216ACD
:1066100088470028F7D16269411E0B98904700E037
:10662000761CA1690D988847216A88470028F7D110
:10663000E1690D988847DBE7A1690D988847A84272
:10664000074601D1761CD3E7E1690D9888477F1C86
:1066500002D1BAF1000F6FD06BE162690B9800278D
:106660003D46394690472A2804D162690B9801219A
:1066700090470125DFF8D08262690B98012190478D
:10668000A0F130010A290AD24745E5DC07EB870172
:1066900000EB4107303FDFD445F01005ECE7E90699
:1066A00001D46FF000476C280AD04C2814D0682819
:1066B00015D06A280DD074281CD07A281AD01DE075
:1066C00062690B98012190476C2802D045F00405BF
:1066D00014E045F002050DE045F020050AE062698E
:1066E0000B9801219047682802D045F0080505E085
:1066F00045F4006562690B9801219047C4E9015790
:1067000065283DD019DC58287AD00CDC452837D0D4
:1067100004DC252826D041289ED131E046282FD000
:10672000472899D12CE05B2877D0612828D06328AE
:106730007CD0642823D15AE0F6E06F2848D008DCEA
:1067400066281DD067281BD0692821D06E2816D155
:1067500027E0702845D0732868D0752847D078285E
:106760000DD14DE0A1690D988847252805463FF4D5
:1067700069AFE1690D9888476D1C3FF46AAFD8E0B6
:106780000D9923466A466FF00100AFF30080C5E023
:1067900045F0400023464FF000026060A80736D461
:1067A0003EE0E8077FF447AF2068011D21600068E4
:1067B000290501D506701BE7290701D5068017E7D3
:1067C000A90703D5F117C0E9006111E706600FE7DB
:1067D00045F0400023464FF008026060A80716D439
:1067E0001EE040F60E0125EA0100606016E045F06B
:1067F000400023464FF00A026060A80707D40FE06C
:1068000045F040006060A80708D5234610220D9986
:106810006FF00100AFF3008080E007E01022234614
:106820000D996FF00100FFF711FC77E04FF00009C0
:1068300063284F46C8464B46CB4602D05B2806D05D
:1068400038E0E80601D40120A060012732E0626947
:10685000D4F80CB00B98012190475E2807D14FF077
:10686000010949466269D4F80CB00B989047216938
:1068700039B900210A4603AB43F82120491C0829F5
:10688000FADBD8B3216949B308F1010862690B98B2
:10689000012190475D28F4D1B9F1000F09D0002003
:1068A00003A951F82020D24341F82020401C082899
:1068B000F7DB03AB2069002820794FEA40701ED037
:1068C0005B462246CDF80080CDE901970D9900285E
:1068D0006FF0010020DAAFF300801FE0C11703AAB8
:1068E00000EBD1614B1121F01F0102EB8302411A31
:1068F00013680120884003431360C7E719E00D992E
:10690000224600286FF00100009702DAAFF3008002
:1069100004E0AFF3008001E0AFF3008000280ADA62
:10692000401C06D10C9820B14FF0FF300FB0BDE8ED
:10693000F08F5046FAE7E90701D10AF1010A06444F
:1069400000200C9054E60000CCCCCC0C007B00F076
:106950008000704700487047AC0200207546FFF782
:10696000F9FFAE4605006946534620F0070085460C
:1069700018B020B5F9F752FDBDE820404FF00006F1
:106980004FF000074FF000084FF0000B21F0070117
:10699000AC46ACE8C009ACE8C009ACE8C009ACE85A
:1069A000C0098D467047000010B500F00FF8001DBB
:1069B00010BD00BF7507000010B50446AFF300809E
:1069C0002046BDE81040F9F728BC00000048704799
:1069D000CC020020490050EAC12018BF04204A0D13
:1069E00018BF40F0010040F2FF72B2EB515F08BFE8
:1069F00040F00200012808BF052070472DE9F04152
:106A00004F1E00EBC7010446D1E9000115461E46A2
:106A100037F006020DD02A46334600F02FFE7F1EC7
:106A200004EBC703D3E9002300F0C6FB37F00602EE
:106A3000F1D1022F25D0042F13D0062F18BFBDE8A7
:106A4000F0812A46334600F019FED4E90A2300F00B
:106A5000B3FB2A46334600F011FED4E9082300F0C8
:106A6000ABFB2A46334600F009FED4E9062300F0CA
:106A7000A3FB2A46334600F001FED4E9042300F0CC
:106A80009BFB2A46334600F0F9FDD4E9022300F0CF
:106A900093FB2A46334600F0F1FDD4E90023BDE81C
:106AA000F04100F089BB012201F06FBC00F084BB13
:106AB000002213461046114600F02EBC024A002068
:106AC000110701F062BC000001FDFFFF2DE9F04D50
:106AD0008D4F21F0004A86B005460C46BA452ADBA8
:106AE000AAEB070028430AD08848824501DC1AD166
:106AF000CDB106B02846BDE8F04DFFF7D4BF844ABB
:106B0000844B284600F0BAFD07460E46824A834B66
:106B10002846214600F0B2FD06B03A463346BDE8AD
:106B2000F04D00F049BB0120FFF74CFC06B0BDE87A
:106B3000F04DFFF7BDBF7A48824542DABAF1795F7E
:106B40000BDA2846FFF746FF042808BFFFF7B6FF19
:106B5000284606B02146BDE8F08D2A460B46104671
:106B600000F08CFD834602466E480E460B46062119
:106B70007844FFF743FF5A46334600F07FFD8046D6
:106B800069488A465A46334604217844FFF736FF5F
:106B90005A46334600F072FD00223B4600F00CFBE3
:106BA00002460B464046514600F0B6FB2A462346B5
:106BB00000F064FD06B02A462346BDE8F04D00F023
:106BC000FBBA284624F0004100223D463B4600F037
:106BD00053FE4FF0FF3201F0D8FB06460246534801
:106BE0000F460B4606217844FFF708FF32463B4626
:106BF00000F044FDCDE900014D4832463B460421FA
:106C00007844FFF7FBFE32463B4600F037FD00229A
:106C10002B4600F0D1FA834602913046394600F007
:106C20005DFA804643480D46504517DCDDE900011A
:106C30005A46029B00F070FB42462B4600F01EFDB8
:106C400042462B4600F0B8FA012201F09EFB304A82
:106C5000304B00F003FF304A304B4CE04FF0000A5D
:106C600052460B46404600F0A7FACDE903105246C3
:106C70002B461046194600F001FD32463B4600F017
:106C8000FBFDDDE9033200F047FB06460F46DDE978
:106C900000015A46029B00F03FFB8346009101220F
:106CA0003046394601F071FB194A1A4B00F0E4FDF9
:106CB00006460F4601224046294601F066FB5A4629
:106CC000009B00F0DBFC32463B4600F0C7FE064668
:106CD0000F4601225046294601F057FB0E4DDFF8C2
:106CE00058802A46434600F0C7FD32463B4600F036
:106CF000C3FD2A46434600F0BFFD002CD8BF81F0FB
:106D0000004106B0BDE8F08D0000F03F0000F07FCC
:106D1000075C143326A6913C182D4454FB21F93FFF
:106D20000000E03F3C25000052250000C624000082
:106D3000DC2400003333EF3FFB21E93F2DE9F84F1E
:106D400004460D4621F0004000917349814211DC58
:106D50007249884201DC06D12CB120462946BDE8A3
:106D6000F84FFFF7A0BE6E48002DCCBF6D496E49AD
:106D7000BDE8F88F6D49814211DD6D498142D8BF70
:106D80004FF0FF366DDD20462946FFF723FE04282D
:106D900008BFFFF793FE20462946BDE8F88F6549F6
:106DA000654F25F00045814233DD6449814219DD9C
:106DB000002632464FF080432046294600F0FCF979
:106DC00080468A4601222046294601F0DEFA00224A
:106DD0003B4600F043FE4246534600F09DFA04460F
:106DE0000D463EE001260022BA463B462046294693
:106DF00000F0E2F980460F4600225346204629461D
:106E000000F02CFE42463B4600F086FA04460D4652
:106E100027E04B4981421BDDDFF828A10226002232
:106E200053462046294600F029FC00223B4600F04C
:106E3000C3F980460F46002253462046294600F0FB
:106E40000DFE42463B4600F067FA04460D4608E058
:106E5000032622462B4600203B4900F05DFA0446FB
:106E60000D4622462B461046194600F007FC8B467D
:106E7000824602460B4600F001FC074602463348B4
:106E800088460B4606217844FFF7B8FD52465B461C
:106E900000F0F4FB82462E488B463A4643460521D5
:106EA0007844FFF7ABFD3A46434600F0E7FB024665
:106EB0000B46002E504659460CDA00F07DF922466A
:106EC0002B4600F0DBFB01B022462B46BDE8F04F1D
:106ED00000F0D2BC00F070F922462B4600F0CEFB49
:106EE0001C4A7A4402EBC603D3E9002300F0B6FD46
:106EF00022462B4600F0B2FD174A7A4402EBC60345
:106F0000D3E9002300F0B8FC009A002AB8BF81F052
:106F10000041BDE8F88F0000000010440000F07F41
:106F2000182D4454FB21F93FFB21F9BF0000DC3F41
:106F30000000203E0000F33F0000F03F0000E63F6D
:106F4000008003400000F83F0000F0BFDE22000098
:106F50009C2200003A220000022200002DE9F04DA0
:106F60009446CCF1000423F000464CEA0404524F4E
:106F700046EAD4749A46884621F00042BC4206D8BC
:106F8000454240EA050442EAD474BC4204D9BDE853
:106F9000F04D6246FFF78ABDAAF14055A5F17F6525
:106FA00055EA0C040BD0022404EAAA74434DDFF81E
:106FB00010E144EAD87452EA000B04D00CE0BDE8BA
:106FC000F04DFFF7BBBE002C14BF012CBDE8F08DC7
:106FD000022C30D0032C32D056EA0C0B0AD0BE4221
:106FE00020D1BA4209D126F0804622F080423346B1
:106FF000114617E000291ADB25E0DFF8C8B0FB4492
:10700000002C04BFDBE90001BDE8F08D012C02BFBC
:10701000DBE9000181F00041BDE8F08D022C0AD0CF
:10702000032C0CD0BA4212D1B8F1000F0BDA23486E
:107030002549BDE8F08D28462449BDE8F08D284655
:107040007146BDE8F08D1D482149BDE8F08D921BC9
:1070500012153C2AC4BF19481D490EDCBAF1000FB5
:10706000BEBF12F13C0F0020014606DB624600F075
:1070700053F921F00041FFF761FE002C08BFBDE885
:10708000F08D012C04BF81F00041BDE8F08D114A64
:10709000114B022C07D000F0E1FC2A46BDE8F04D70
:1070A0000A4B00F0DBBC00F0D9FC2A46BDE8F04DED
:1070B000064B00F0E1BB00000000F07F182D4454A7
:1070C000FB2109C096210000FB21F9BFFB210940EB
:1070D000FB21F93F075C143326A6A13C2DE9F041C2
:1070E00006460F4600F0D4FB041E0D4618BF0120D3
:1070F000284320F00040C0F17F6000F1E040C00F65
:107100000ED0301C18BF0120384320F00040C0F1E1
:107110007F6000F1E040C00F04BF0120FFF752F98B
:1071200020462946BDE8F08110B500290AD008782C
:10713000002807D005487844FFF784F8002801D0DC
:10714000002010BD0248784410BD0000A6210000B8
:107150009E21000021F00042A2F16052B2F5801F92
:1071600001F0004328BFD2F17F6C0BD95FEA001C0D
:1071700043EAC20242EB507018BF704728BF20F0AC
:1071800001007047B2F5801FBCBF184670474FEA38
:10719000410C1CF5001F02D2084601F00EB870B574
:1071A00000F016FB00000089FFF7F6BF4FF000402B
:1071B000A0F580007047000010B591EA030F48BFAA
:1071C00083F0004300F15284841A71EB030C05D262
:1071D000121943EB0C03001B61EB0C01DFF824E1F7
:1071E0004FEA1154A4EB135C1EEA430F18BF9EEA4A
:1071F000445F73D023EA0E03DCF1200E21EA045130
:1072000043F4801332D322FA0CFE10EB0E0023FA63
:107210000CFE41EB0E01CCF1200E03FA0EFE10EB3A
:107220000E0051F10001B1F5801FCCF1200E32D2D9
:1072300001EB045112FA0EF2BDE8104058BF70473E
:10724000401C38BF5FEA420218BF7047002814BFD5
:1072500020F0010041F100014FEA410313F5001F46
:1072600038BF7047A1F1C04100F000BB012A43EBD9
:107270000302ACF1200CDCF11F0E32BF4FF0000E08
:1072800023FA0CF310EB030041EB0451B4EB115F54
:10729000D0D0A1EB045101F5801149085FEA30001C
:1072A00001EB04510ED350F1000038BF12FA0EFE6C
:1072B00008D1BDE81040C9E7401C38BF5FEA420270
:1072C000CAD1C3E7BDE810404FEA410313F5001FE0
:1072D00038BF7047A1F1C04100F0C8BA9EEA445FD0
:1072E00008D011EA5E0FBDE8104004BF01F0004174
:1072F00000207047BDE8104070B500F069FA00BF8B
:1073000064FBBE3E0000E0FF02494FF0000001F0C8
:107310000AB800BF0000F87F2DE9C04130B4DFF8A3
:10732000A0C23CEA111418BF3CEA131400F0EC8030
:1073300081EA03051CEA111444EAD57418BF1CEA5B
:10734000131500F0C780A4EB05044FF0004545EA93
:10735000C12145EAC32341EA505143EA525304F1A3
:107360007F74994204F500344FEAC0204FEAC222EC
:1073700008BF904200F09C804FEA13650FF2401660
:10738000765D4FEA134506FB05F7C7F1807706FBEC
:1073900007F74FEAD737A7FB03687642C8F580386E
:1073A000A7FB06CE38BFA8F1010807FB08E64FF09F
:1073B000000EA6FB028CE6FB03CEDCF1000CCEF146
:1073C000004E38BFAEF1010EA6FB0C584FF000077F
:1073D0004FF00005E6FB0E87A1FB08C6A0FB07CE19
:1073E00016EB0E0645F10005E1FB076515F1E04ED1
:1073F0007EBFA4F580345FEA46066D4116F1800732
:1074000045F100054FEA17274FEA066647EA056788
:10741000A6F1DE46B6F1805F4FEA15251FD9384642
:1074200024F0010C05EBC471BCF1FE6F01EB0C11F3
:1074300002D8F0BCBDE8008124425CBF01F5801E8B
:107440009EEAC47F02D4F0BCBDE80081244238D457
:10745000F0BCA1F1C041BDE8004100F007BA4FEA1D
:10746000D22242EA43524FEAD323A7FB02864FEAD5
:10747000D02040EA415007FB03661EEA0E0F4FEA98
:10748000D12105FB026658BFA6EB0056B6EB0056AD
:107490004FEA520E4EEAC37E18EB0E0E56EB530E19
:1074A000BDD518EB02085E417F1C55F10005B6E71B
:1074B0004FF480154FF000074FF000064FF0000822
:1074C000ADE7F0BC4FF0000001F1C04101F0004118
:1074D000BDE8008111EA0C1F0CEA131500D00CE086
:1074E00013EA0C1F00F025804FF00000F0BC81EA89
:1074F000030101F00041BDE80081F0BCBDE800419E
:1075000081EA030100F0B2B9F0BCBDE8004170B5FA
:1075100000F05EF9097EFC3E00F007B881EA030145
:107520004FF0000001F00041704781EA030100F0D4
:107530009DB9F0BCBDE800414FF000002149704703
:10754000FFFDFBF9F7F5F4F2F0EEEDEBE9E8E6E428
:10755000E3E1E0DEDDDBDAD8D7D5D4D3D1D0CFCDAF
:10756000CCCBCAC8C7C6C5C4C2C1C0BFBEBDBCBBE8
:10757000BAB9B8B7B6B5B4B3B2B1B0AFAEADACABE3
:10758000AAA9A8A8A7A6A5A4A3A3A2A1A09F9F9EBD
:107590009D9C9C9B9A99999897979695959493936F
:1075A000929191908F8F8E8E8D8C8C8B8B8A898906
:1075B0008888878786858584848383828281818089
:1075C0000000FF070000F87F4FEA41034FEA5353E2
:1075D000A3F58063D3F11E03C8BFD3F1210C0CDDEA
:1075E0004FF0004242EAC12242EA505232FA03FC12
:1075F0008CEAE17CACEBE1707047102BC4BF00203B
:10760000704703F5787CBCF1FF3F04D06FF0004277
:1076100082EA2100704770B500F0DAF849922480C0
:1076200000207047F2E710F0004248BF4042B0FA35
:1076300080F310FA03F10AD0C3F11D0303F5806350
:107640004FEA415002EB035202EBD12170474FF059
:1076500000007047B0FA80F310FA03F10AD0C3F1CA
:107660001D0303F580634FEA41504FEA035202EBDA
:10767000D12170474FF0000070470000DFF848C18B
:1076800070B51CEA111E1EBF1CEA13159EEA0C0FF2
:1076900095EA0C0F00F06F8081EA030423EA4C1393
:1076A0004EEAD47E21EA4C1141F4801143F4801358
:1076B000AE44A1FB024CA0FB0365AEF17F7E361900
:1076C00055EB0C05A1FB034C4CF10003A0FB021C85
:1076D00016EB0C06654153F10003094218BF46F052
:1076E000010613F4007F0BD14FEA03314FEA053056
:1076F000340341EA155140EA16506FF003020AE0E4
:107700004FEAC3214FEAC520F40241EA555140EA4D
:1077100056506FF0020202EB2E4201EB025585EA51
:10772000CE710AD05FEA440C18BF24F0004450F137
:10773000000041F1000120EAD47040F2FE7C624575
:1077400000D270BDA84214BF4FF080444FF04044B7
:10775000002E08BF0024BEF1806FA8BFA1F1C04178
:10776000BDE8704080F282804FF0000001F1C0411E
:1077700001F0004170479EEA0C0F0CEA131518BF88
:1077800095EA0C0F06D04FF0000081EA030E0EF0D0
:10779000004170BD00F01CF88900013E00F007B800
:1077A00000F009B84FEA430C5FEA5C5C08D081EA5C
:1077B000030100F05BB84FEA410C5FEA5C5CF6D174
:1077C0004FF00000014970470000FF070000F87FFC
:1077D0000EF1020E2EF0030E5EF8046B364205D455
:1077E000012A43EB030515F5001F12D8012841EBD0
:1077F000010C1CF5001F0CD80ED14FEAD17C15F5F9
:10780000001F0CEB4C0C0CF1020C08BF4CEBD37CB2
:1078100004E04FF0080C01E04FEAD37C0CEB4C0580
:1078200026FA05F606F00706B6F1040C06D20EEBB2
:10783000860CBDE870404CF0010C6047DFE80CF0AE
:10784000090B02024FF000414FF00000A1F50021AA
:1078500070BD19461046012851EB010418BFD4F53C
:10786000001484BF002001F0004170BD0808A0F59D
:1078700000114FEA3101704791EA030F10B581F012
:1078800000413FF5A1AC83F0004300F0EFB80000E9
:107890002DE9F04101F5801CBCF5001FC0F2C3804A
:1078A0004FEA115C21EA0C510CF1FD0C41F48011FE
:1078B0005FEA5C0C0CF5C07C01D3400049413DA45B
:1078C000890241EA905187028E0E0A0CA45D04FBE6
:1078D00004F602FB06F6C6F14046A4FB0662F60D6E
:1078E00046EA422606FB06F4A4FB01235242C3F1FA
:1078F000404338BF5B1EA6FB02420024E6FB032484
:10790000D20B42EA4446A6FB0623A1FB02E2A3FBFC
:1079100007E4A4184FF0000252F10002E3FB014219
:107920006442C2F1404E38BFAEF1010EA6FB042303
:107930004FF00002E6FB0E32A2FB03464FF00004BC
:10794000B61954F10004E2FB0264A1FB06E6A4FBB5
:1079500007E816EB08064FF0000858F10008E4FBB2
:1079600001687642C8F1405838BFA8F10108A2FB6F
:1079700006E4A3FB08E52D194FF0000454F10004C0
:10798000E2FB0854A1FB05E6A7FB04E818EB060898
:107990004FF0000656F10006E1FB048618F12005C1
:1079A00056F10006A809A8F11B08B10908F03F0824
:1079B000B8F10A0F40EA86601CD901EB0C51BDE812
:1079C000F08100BFFCF5EEE8E2DDD8D3CFCBC7C332
:1079D000C0BDB9B6B4B1AEACA9A7A5A3A19F9D9BEC
:1079E0009A9896959392908F8D8C8B8988878685AF
:1079F00084838281A0FB006800FB01F208EB42084F
:107A0000B8EB872807D5341858EB0104D5D5401CAE
:107A100051F10001D1E7341A78EB0104CDD4401EB6
:107A200071F10001C9E75FEA4C0C5FEA9C5C0DD183
:107A300005D34FF0000001F00041BDE8F081BDE842
:107A4000F04170B5FFF7C4FE6DDBFFBEBDE8F0414D
:107A50004FF00000004970470000F87F10B591EA30
:107A6000030F48BF83F000433FF5AEAB841A71EBC0
:107A7000030C07D212198CF0004C43EB0C03001BD3
:107A800061EB0C01DFF8A4E14FEA1154A4EB135CA5
:107A90001EEA430F18BF9EEA445F00F0B08023EA5D
:107AA0006E03524221EA0451C3EB6E0338BF5B1EE2
:107AB000DCF1200E25D322FA0CFE10EB0E0043FA67
:107AC0000CFE41EB0E01CCF1200E03FA0EFE10EB82
:107AD0000E0051F10001CCF1200E29D412FA0EF261
:107AE00001EB0451BDE8104058BF7047401C1CBF5B
:107AF000B2F1004F704700280CBF491C20F0010074
:107B0000704712EB020E43EB030218BF4FF0010E59
:107B10004EEA4202ACF1200CDCF11E0E54D943FABD
:107B20000CFE10EB0E0051F1FF31CCF11E0ED5D53D
:107B30000EF1010E12FA0EFE404141EB010101EB84
:107B4000445C5FEA5C5C10D910EBDE7001EB045121
:107B500038BFBEF1004FBDE8104018BF7047002885
:107B60000CBF491C20F00100704730D24FEAD42CE2
:107B700011F5001124F400641BD0B1FA81F20B3A24
:107B8000A41AA41ED2F12003914030FA03F3194342
:107B9000904001EBCC71002C01EB0451BDE810408A
:107BA000A8BF704701F1C0414FF0000001F0004153
:107BB0007047B0FA80F310FA03F100D110BDE41A57
:107BC000173C4805C90AE4E701EB045110BD491010
:107BD00001EB0451BDE810404FEA300002E04FF0E5
:107BE000000170474A0008BF0042F8D0B2F5001FFC
:107BF00028BF704701F000414FF0000070479EEA37
:107C0000445F07D011EA5E0FBDE8104004BF0021B9
:107C100000207047BDE8104070B5FFF7D9FD00BFE8
:107C200040DFF63E83F00041104670470000E0FF61
:107C300043004FEAD30C4FEA3C0C43401FBF4007C0
:107C40000CF1605113F0FE4F70471CF0006F03D130
:107C500000200CF0004170470CF0004343EA5070E4
:107C600010B540EACC0000F062FA00BF00000092BC
:107C70004FEA0001FFF7FABD4FF000414FF000005E
:107C8000A1F500217047000090EA010F48BF81F084
:107C9000004100F1DA82421A3CBF801A89184FEA8B
:107CA000D0524FF07F4C1CEA410FA2EBD15318BFCA
:107CB0009CEA026F00F03B804FF0004C4CEA002041
:107CC0004CEA012121FA03FC10EB0C0C1ED202F14C
:107CD000FF325FEA1C2040EBC25038BF70471CF0F7
:107CE0007F0F4FEA400C18BFBCF17F4F38BF704781
:107CF000C3F12003994008BF20F00100BCF17F4F81
:107D000038BF7047A0F1C04000F057BA4FEA3C00BE
:107D1000000A40EBC25028BF1CF0FF0F4FEA400C96
:107D2000E6D018BFBCF17F4F38BF7047EAE79CEA46
:107D3000026F05D010EA5C0F08BF00F000407047EA
:107D400010B500F0F4F900BF64FBBE3E014800F03E
:107D5000EABA00BF0000C07F401058BFC0F14040E9
:107D6000491058BFC1F140418142EFF30080704794
:107D70004FF47F0C1CEAD0121EBF1CEAD11392EA0A
:107D80000C0F93EA0C0F00F0858090EA010F48BFBA
:107D900042F4807240F4000C41F400002CF07F416A
:107DA00020F07F4000B58142A2EB03020FF2081CD5
:107DB000ACEB504EC0F100009EF800E04FEA4E0ED2
:107DC00000FB0EFC38BF49004FEA2C1C02F5FA02FA
:107DD0000CFB0EF34FEACE1E4FEA112C4FEAC121E5
:107DE0000EEB635E42EB22420EFB0CFC4FEA1C538F
:107DF00000FB03114FEA112C4FEA01310EFB0CFC82
:107E00004FEADC4C00FB0C11C14228BF09184CEBB7
:107E100003335DF804EB10EB410143EBC250B2F5C4
:107E20007C0F38BF704729D512F0F00F1CBF00F14E
:107E3000C04000F0004070470081828384858687BF
:107E400088898B8C8D8E8F919293959697999A9C19
:107E50009D9FA0A2A3A5A7A8AAACAEB0B2B3B5B788
:107E6000B9BCBEC0C2C5C7C9CCCED1D4D7D9DCDF5E
:107E7000E2E6E9ECF0F3F7FAFE0000004FEA400C0E
:107E80000CF1807CBCF17E4F28BF7047B0F1C04040
:107E900000F093B990EA010F0CEAD11348BF42F405
:107EA0008072624538BF634507D213F47F0F16D046
:107EB00080EA010000F00040704710B500F037F98B
:107EC000097EFC3E00F005B880EA010000F00040A9
:107ED000704780EA010000F0004000F06EB912F433
:107EE0007F0F04BF0248704780EA010000F065B9C7
:107EF0000000C07F41000B0ED3F19E0208D950F460
:107F000000034FEA032323FA02F048BF40427047C0
:107F100010B500F00CF900BF499224800020704792
:107F20006FF0004282EA200070470000C10DD1F1DD
:107F30009E0206DB4FEA002343F0004323FA02F0DF
:107F40007047004207D54FEA4001B1F1FE4F02D21F
:107F50004FF00000704710B500F0E9F84992248016
:107F6000002070476FEA20007047000010F00041C9
:107F700048BF4042B0FA80F310FA03F2C3F19D0308
:107F80000BD051EAC35101EB1220530638BF7047A2
:107F900000F1010008BF20F001007047B0FA80F343
:107FA00010FA03F2C3F19D030AD0D90501EB1220A8
:107FB000530638BF704700F1010008BF20F00100F0
:107FC0007047000050EA010C00F113801CF5000F0F
:107FD00058BFBCF5000F01D48842704707D710F591
:107FE000000F58BF11F5000F15D488427047894221
:107FF00070471CF5000F04D5BCF5000FF7D5814282
:1080000070474FF0807C1CEB400F38BF1CEB410FDA
:1080100001D28142704710B500F089F892244900DE
:108020004FF000504FF08051FFF796BE4FF47F0C99
:108030001CEAD0121EBF1CEAD11392EA0C0F93EA7D
:108040000C0F00F0478090EA010F48BF42F48072A5
:108050004FF0004C4CEA00204CEA012102EB0302F5
:10806000A0FB0113A2F50002002918BF43F0010391
:108070005B0028BF4FEA330342EB22425FEA132C36
:108080004CEBC2502EBFBCEB436FB2F57C0F704778
:108090004FEA036CBCF1004F08BF20F00100B2F5BD
:1080A0007C0F38BF70470BD582F0FF0212F5803F7E
:1080B000C8BF704700F1C040D8BF00F00040704713
:1080C00000F5000C5FEA4C0C48BF7047B0F1C040AF
:1080D00000F073B890EA010F0CEAD11348BF42F4E4
:1080E0008072624538BF634504D280EA010000F027
:1080F0000040704710B500F01AF800BF8900013E3B
:1081000000F007B800F009B85FEA410C5FEA1C6CA8
:1081100008D080EA010000F050B85FEA400C5FEA46
:108120001C6CF6D14FF00040A0F5800070470EF1B6
:10813000020E2EF0030E5EF8044B244204D44FEAE4
:108140004102B2F17F4F11D84FEA4003B3F17F4FA4
:108150000CD80ED14FEAD07CB2F17F4F0CEB4C0C17
:108160000CF1020C08BF4CEBD17C04E04FF0080C82
:1081700001E04FEAD17C0CEB4C0324FA03F404F049
:108180000704B4F1040C06D20EEB840CBDE81040D9
:108190004CF0010C6047DFE80CF0070802024FF0DA
:1081A0000040A0F5800010BD0846420018BFD2F183
:1081B000807288BF00F0004010BDFF2141EAD0501E
:1081C000C005704751EA000C00F113801CF5000F48
:1081D00058BFBCF5000F01D48142704707D711F595
:1081E000000F58BF10F5000F15D481427047894227
:1081F00070471CF5000F04D5BCF5000FF7D5884279
:1082000070474FF0807C1CEB410F38BF1CEB400FD8
:1082100001D28842704780EA010081EA000180EAC9
:108220000100FFF7F8BE80F0004090EA010F7FF5F3
:1082300032AD81F0004100F008B8000090EA010F73
:1082400048BF81F000413FF526AD421A04D882F0C4
:108250000042A0EB020011444FEAD0524FF07F4C95
:108260001CEA410FA2EBD15318BF9CEA026F4AD01F
:108270004FF0004C4CEA00204CEA012121FA03FCAB
:10828000B0EB0C0C0FD412F0FE0F36D05FEA4C00AE
:108290001DD5001240EBC25038BF70471CF03F0F95
:1082A00018BF70470BE0A2F101025FEA1C2040EB0F
:1082B000C25038BF70471CF07F0F18BF7047C3F122
:1082C0002003994014BF401E20F001007047800831
:1082D0004FEA122308BF7047B0FA80FCA2EB0C02F1
:1082E000CCF1280C60FA0CF093EA122F04BF00EBDB
:1082F000C25070474FEAC3707047130A5FEADC1040
:1083000008BF7047F6E79CEA026F04D010EA5C0FE2
:1083100008BF0020704710B5FFF709FF40DFF63EA9
:1083200081F0004070470CF00F03092B08BF0820B4
:1083300000F07F800A2B0BD0082B18BF704708BFB6
:108340001CF0400F0AD04FF000004FF000017047C2
:108350001CF0400F18BF4FF0004070471CF0100F8A
:1083600008D020F0704300F07F4242EAD3014FEA88
:108370004370704700F0604021F07F4242EA000203
:1083800001F07F4040EA727070474FF0FF0C4CF4F0
:10839000E06C1CEA11531CBF9CEA030C9445C2BF5D
:1083A000DA4201EB02517047002B0DD0BCF1000FF7
:1083B0000FD0002A01F00041A4BF41F0E04141F09C
:1083C0007F614FF00000704701F000414FF0000066
:1083D000704750EA01334FF09B0C18BF4CF0806C93
:1083E0007EF492AF70474FF0FF0212EAD0521CBFEA
:1083F00092F0FF038B42C2BFD14200EBC1507047E5
:10840000002A0AD0002B0BD0002900F00040A4BFA6
:1084100040F0FE4040F40000704700F0004070471C
:1084200043024FF00B0C18BF4CF0806C7FF48EAC05
:1084300070471CF4801F11D01CF4E02F03D06FEAAA
:10844000CC31490070474FF04050EFF3008222F0EA
:10845000704242EA000282F3008870474FF0000049
:1084600070476800000476005401F7FD000175199B
:108470001A0C6A231B1C1F207274433B4138393A83
:108480006B6C376F06246D6E700000008300000077
:108490000008000000010018320005000000204123
:1084A0000000D242295C0F3E9A99993E3333733FC4
:1084B000295C0F3E00007000000000240000000254
:1084C0000003000000650054FFEF0000FA80000B7D
:1084D00012820001030C30C30E8C8CE914D54002CB
:1084E00013710F8E3883F8833000F883258EF8835C
:1084F0003000F883FFFFFFFF0FFEA9D62400040021
:108500001A8279A10000003CFFFF0000001000006B
:1085100038836FA2003E03304000000002CAE30926
:108520003E8000002000000000000000400000002D
:1085300060000000000C0000000C186E00000692A5
:108540000A16C0DFFFFF0256FD8CD377FFE1C49609
:10855000E0C5BEAA00000000FFFF0B2B000016576D
:10856000000003594000000000001DFA00026C1DCD
:10857000000000003FFFDFEB003EB3B6000D2278A5
:1085800000002F3C00000000001942B5000039A295
:108590000000B365D90E9FC91DCF4C3430000000D8
:1085A000500000003BB67AE80064000000C80000FC
:1085B00000000000100000001000FA921000225E7F
:1085C000000D229F0001000000320000FF46000065
:1085D00063D400001000000004D6000004CC0000AA
:1085E00004CC0000000010720000004000000000F9
:1085F0000000000000060002000500070000000067
:108600000064000000000000000000050005006498
:1086100000200000000000000000000000004000FA
:108620000000030000000032F8980000FF65000021
:10863000830F0000FF9BFC00000000000000000012
:10864000000000000000000000000000000000002A
:10865000000000000000000000000000000000001A
:108660000000100040000000000000060000B26A98
:10867000000200000001FB830068000000D9FC003C
:108680007CF1FF830000000000650000006403E847
:1086900000640028000000250000000016A0000073
:1086A0000000100000001000002F0000000001F486
:1086B0000000100000280000FFFF4581FFFFFA7254
:1086C0000000000000000000004400050005BAC6DC
:1086D000004778A200000001000000000000060032
:1086E000000000140000254D002F706D000005AE45
:1086F000000C02D00000000000000000000000009C
:1087000000000000001B000000000000000000004E
:1087100000000000006400000008000000000000ED
:108720000000000000000000000000000000000049
:108730000000000000000000000000000000000039
:108740000000000000000000000000000000000029
:108750000000000000000000000000000000000019
:108760000000000000000000000000000000000009
:1087700000000000001B00000000000000000000DE
:10878000000E000E00000AC70004000000000032C6
:10879000FFFFFF9C00000B2B000000020000000107
:1087A00000000064FFE50000000000000000000081
:1087B00000000000000000010000000000010000B7
:1087C0000000000000018000000180000001800026
:1087D000002426D300000000000000000006001066
:1087E0000096003C000000000000000000000000B7
:1087F000000000000C0A4E68CDCF7709501667596B
:10880000C619CE8200000000000000000000000039
:1088100000000000000000000000000017D78400E6
:10882000030000000000000000000000C7938F9DBF
:108830001E1B1C19000000000000000000000000CA
:108840000000000000000000000000000203188586
:1088500000004000000000030000000300000000D2
:1088600000000000400000000000000000000000C8
:1088700000000000000000000000000000000000F8
:1088800000000000000000000000000000000000E8
:108890000000000000000000677DDF7E72902E5512
:1088A0004CF6E68800000000000000000000000018
:1088B00000000000D8DCB4B8B0D8B9ABF3F8FAB314
:1088C000B7BB8E9EAEF132F51BF1B4B8B08097F114
:1088D000A9DFDFDFAADFDFDFF2AAC5CDC7A90CC998
:1088E0002C97F1A989264666B28999A92D557DB0A4
:1088F000B08AA896365676F1BAA3B4B280C0B8A8AA
:108900009711B28398BAA3F0240844106418B2B93E
:10891000B49883F1A329557DBAB5B1A38393F00030
:108920002850F5B2B6AA839328547CF1B9A3829358
:1089300061BAA2DADEDFDB819AB9AEF5606870F168
:10894000DABAA2DFD9BAA2FAB9A38292DB31BAA20B
:10895000D9BAA2F8DF85A4D0C1BBAD83C2C5C7B860
:10896000A2DFDFDFBAA0DFDFDFD8D8F1B8AAB38D8E
:10897000B4980D355DB2B6BAAF8C96198F9FA70E1D
:10898000161EB49AB8AA872C547CBAA4B08AB691A1
:10899000325676B28494A4C808CDD8B8B4B0F19950
:1089A00082A82D557D98A80E161EA22C547C92A448
:1089B000F02C5078F184A898C4CDFCD80DDBA8FC2D
:1089C0002DF3D9BAA6F8DABAA6DED8BAB2B6869628
:1089D000A6D0F3C841DAA6C8F8D8B0B4B882A89235
:1089E000F52C548898F135D9F418D8F1A2D0F8F9BB
:1089F000A884D9C7DFF8F883C5DADF69DF83C1D877
:108A0000F40114F1A8824EA884F311D182F5D99211
:108A1000289788F109F41C1CD884A8F3C0F9D1D98F
:108A20009782F129F40DD8F3F9F9D1D982F4C20370
:108A3000D8DEDF1AD8F1A2FAF9A88498D9C7DFF8EE
:108A4000F8F883C7DADF69DFF883C3D8F40114F1DB
:108A500098A8822EA884F311D182F5D992509788D4
:108A6000F109F41CD884A8F3C0F8F9D1D99782F1A0
:108A700049F40DD8F3F9F9D1D982F4C403D8DEDF73
:108A8000D8F1AD8898CCA809F9D98292A8F57CF1E3
:108A9000883ACF944A6E98DB6931DAADF2DEF9D8C4
:108AA0008795A8F221D1DAA5F9F417D9F1AE8ED0C5
:108AB000C0C3AE82C684C3A88595C8A588F2C0F19C
:108AC000F4010EF18E9EA8C63E56F554F18872F45C
:108AD0000115F19845856EF58E9E0488F142985AED
:108AE0008E9E068869F4011CF1981E1108D0F504C9
:108AF000F11E970202983625DBF9D985A5F3C1DA74
:108B000085A5F3DFD88595A8F309DAA5FAD882926E
:108B1000A8F578F1881A849F26889821DAF41DF345
:108B2000D8879F39D1AFD9DFDFFBF9F40CF3D8FA3E
:108B3000D0F8DAF9F9D0DFD9F9D8F40BD8F3879F58
:108B400039D1AFD9DFDFF41DF3D8FAFCA869F9F900
:108B5000AFD0DADEFAD9F88F9FA8F1CCF398DB45D5
:108B6000D9AFDFD0F8D8F18F9FA8CAF38809DAAF60
:108B70008FCBF8D8F2AD978D0CD9A5DFF9BAA6F353
:108B8000FAF412F2D8950DD1D9BAA6F3FADAA5F211
:108B9000C1BAA6F3DFD8F1BAB2B68696A6D0CAF3A8
:108BA00049DAA6CBF8D8B0B4B8D8AD84F2C0DFF1BA
:108BB0008FCBC3A8B2B68696C8C1CBC3F3B0B48876
:108BC00098A821DB718D9D71859521D9ADF2FAD8D8
:108BD0008597A828D9F408D8F28D29DAF405D9F2B6
:108BE00085A4C2F2D8A88D9401D1D9F411F2D88706
:108BF00021D8F40AD8F28498A8C801D1D9F411D8A0
:108C0000F3A4C8BBAFD0F2DEF8F8F8F8F8F8F8F83B
:108C1000D8F1B8F6B5B9B08A95A3DE3CA3D9F8D897
:108C20005CA3D9F8D87CA3D9F8D8F8F9D1A5D9DFB5
:108C3000DAFAD8B18530F7D9DED8F830ADDADED837
:108C4000F2B48C99A32D557DA083DFDFDFB591A011
:108C5000F629D9FBD8A0FC29D9FAD8A0D051D9F847
:108C6000D8FC51D9F9D879D9FBD8A0D0FC79D9FA58
:108C7000D8A1F9F9F9F9F9A0DADFDFDFD8A1F8F81E
:108C8000F8F8F8ACDEF8ADDE8393AC2C547CF1A898
:108C9000DFDFDFF69D2CDAA0DFD9FADB2DF8D8A8CC
:108CA00050DAA0D0DED9D0F8F8F8DB55F8D8A8789B
:108CB000DAA0D0DFD9D0FAF8F8F8F8DB7DF8D89C44
:108CC000A88CF530DB38D9D0DEDFA0D0DEDFD8A825
:108CD00048DB58D9DFD0DEA0DFD0DED8A868DB7053
:108CE000D9DFDFA0DFDFD8F1A888902C547C98A8CA
:108CF000D05C38D1DAF2AE8CDFF9D8B087A8C1C128
:108D0000B188A8C6F9F9DA36D8A8F9DA36D8A8F9B8
:108D1000DA36D8A8F9DA36D8A8F9DA36D8F78D9D38
:108D2000ADF818DAF2AEDFD8F7ADFA30D9A4DEF933
:108D3000D8F2AEDEFAF983A7D9C3C5C7F1889BA7DD
:108D40007AADF7DEDFA4F8849408A797F300AEF2BB
:108D50009819A488C6A39488F632DFF28393DB09BE
:108D6000D9F2AADFD8D8AEF8F9D1DAF3A4DEA7F1A8
:108D7000889B7AD8F38494AE19F9DAAAF1DFD8A8DF
:108D800081C0C3C5C7A39283F628ADDED9F8D8A3A6
:108D900050ADD9F8D8A378ADD9F8D8F8F9D1A1DA7F
:108DA000DEC3C5C7D8A18194F818F2B089ACC3C599
:108DB000C7F1D8B8B4B09786A8319B069907AB978E
:108DC00028889BF00C201440B0B4B8F0A88A9A28E8
:108DD0005078B79BA8295179247059446938644860
:108DE00031F1BBAB88002C547CF0B38BB8A80428BD
:108DF0005078F1B088B49726A85998BBABB38B02D2
:108E0000264666B0B8F08A9CA82951798B295179F9
:108E10008A2470598B2058718A4469388B3940688C
:108E20008A6448318B30496088F1AC002C547CF066
:108E30008CA804285078F1889726A85998AC8C0201
:108E4000264666F0899CA8295179247059446938CE
:108E5000644831A98809205970AB11384069A819B4
:108E60003148608CA83C415C207C00F187981986D1
:108E7000A86E767EA999882D557DD8B1B5B9A3DFA6
:108E8000DFDFAED0DFAAD0DEF2ABF8F9D9B087C40D
:108E9000AAF1DFDFBBAFDFDFB9D8B1F1A3978E60F6
:108EA000DFB084F2C8F8F9D9DED89385F14AB183EE
:108EB000A308B5839A0810B79F10D8F1B0BAAEB026
:108EC0008AC2B2B68E9EF1FBD9F41DD8F9D90CF145
:108ED000D8F8F8AD61D9AEFBD8F40CF1D8F8F8ADFC
:108EE00019D9AEFBDFD8F416F1D8F8AD8D61D9F4FD
:108EF000F4ACF59C9C8DDF2BBAB6AEFAF8F40BD827
:108F0000F1AED0F8AD51DAAEFAF8F1D8B9B1B6A3F6
:108F1000839C08B9B1839AB5AAC0FD3083B79F106E
:108F2000B58B93F20202D1ABDADED8F1B080BAABE6
:108F3000C0C3B284C1C3D8B1B9F38BA391B609B48D
:108F4000D9ABDEB0879CB9A3DDF1B38B8B8B8B8B58
:108F5000B087A3A3A3A3B28BB69BF2A3A3A3A3A39F
:108F6000A3A3A3A3A3F1B087B59AA3F39BA3A3DC08
:108F7000BAACDFB9A3A3A3A3A3A3A3A3A3A3A3A34F
:108F8000A3A3A3A3D8D8D8BBB3B7F1AAF9DAFFD962
:108F9000809AAA28B48098A720B79787A86688F0F7
:108FA0007951F1902C870CA781976293F0717160D1
:108FB00085940129517990A5F1284C6C870C95185E
:108FC0008578A38390284C6C886CD8F3A28200F239
:108FD00010A8921980A2F2D926D8F188A84DD948B4
:108FE000D896A83980D93CD89580A839A68698D932
:108FF0002CDA87A72CD8A8899519A980D938D8A8A0
:109000008939A980DA3CD8A82EA83990D90CD8A8DB
:10901000953198D90CD8A809D9FFD801DAFFD8958D
:1090200039A9DA26FFD890A80D8999A8108098212F
:10903000DA2ED88999A83180DA2ED8A88696318080
:10904000DA2ED8A8873180DA2ED8A88292F3418010
:10905000F1D92ED8A882F31980F1D92ED882ACF399
:10906000C0A28022F1A62EA72EA92298A829DAACA8
:10907000DEFFD8A2F22AF1A92E8292A8F23180A6B0
:1090800096F1D900AC8C9C0C30ACDED0DEFFD88CD5
:109090009CACD010ACDE8092A2F24C82A8F1CAF255
:1090A00035F19688A6D900D8F1FF00000000000035
:1090B000555555555555C53F7D6FEB0312D6D4BF59
:1090C0005544880E55C1C93F3B8F68B52882A4BF5F
:1090D00088B20175E0EF493F09F7FD0DE13D023F20
:1090E0004B2D8A1C273A03C0C88A599CE52A0040A8
:1090F00059018D1B6C06E6BF82922EB1C5B8B33FF5
:109100004FBB610567ACDD3F182D4454FB21E93F9F
:109110009BF681D20B73EF3F182D4454FB21F93F8E
:10912000E2652F227F2B7A3C075C143326A6813C14
:10913000BDCBF07A8807703C075C143326A6913CBF
:10914000C4EB98999999C9BF711623FEC671BCBF2B
:109150006D9A74AFF2B0B3BF9AFDDE522DDEADBF93
:109160002F6C6A2C44B4A2BF0D5555555555D53FAB
:10917000FF8300922449C23F6E204CC5CD45B73FC6
:10918000513DD0A0660DB13FEB0D76244B7BA93F3E
:1091900011DA22E33AAD903F000000000000000029
:1091A000434D443A2042414C206B70206B64207C3C
:1091B0002056454C206B70206B69207C2050494420
:1091C00020626B20626420766B207669207C204DC3
:1091D000494420616E676C65207C204D4F444520DA
:1091E000444D502F4B414C4D414E2F434F4D50203D
:1091F0007C2041524D207C2053544F50207C2053E2
:1092000054415455530D0A005354415455532C5353
:10921000544F503D25642C4D4F44453D25642C4210
:109220004B3D25642C42443D25642C564B3D256422
:109230002C56493D25642C4D49443D25642C414E16
:10924000474C453D25642C4759524F3D25642C45DC
:109250004C3D25642C45523D25642C4D4C3D2564E8
:109260002C4D523D25640D0A0000000050726F64C1
:1092700075637420494420726561642061732030F5
:1092800020696E64696361746573206465766963DF
:10929000652069732065697468657220696E636F03
:1092A0006D70617469626C65206F7220616E204D13
:1092B0005055333035302E0D0A000000EC93000875
:1092C00000000020A80100006C0100083C94000888
:1092D000A801002068070000C80100081001000074
:1092E00043000000F8FFFFFF004040404040404086
:1092F0004040414141414140404040404040404069
:10930000404040404040404040050202020202020C
:10931000020202020202020202202020202020205B
:10932000202020020202020202029090909090906F
:10933000101010101010101010101010101010102D
:1093400010101010020202020202888888888888A1
:10935000080808080808080808080808080808088D
:109360000808080802020202400000000000000095
:1093700000000000000000000000000000000000ED
:1093800000000000000000000000000000000000DD
:1093900000000000000000000000000000000000CD
:1093A00000000000000000000000000000000000BD
:1093B00000000000000000000000000000000000AD
:1093C000000000000000000000000000000000009D
:1093D000000000000000000000000000000000008D
:1093E0000000000000000000000000001184A24AFC
:1093F0000480090102030406070809031602017A22
:10940000B032F124F0D24623DC4233C8436E40022E
:1094100004060858E95C014C05620AD7A33BCB80DF
:109420003F0CC910136E841B08620401207A8C243F
:0C943000A94001165AFF043201000000A0
:0400000508000131BD
:00000001FF
