record,ms,mode,target_left,target_right,speed_left_mm_s,speed_right_mm_s,pwm_left,pwm_right,raw_left,raw_right,total_left,total_right,enable
D,31085,0,0,0,0,0,0,0,0,0,-113,2361,1
D,31095,0,0,0,0,0,0,0,0,0,-113,2361,1
D,31105,0,0,0,0,0,0,0,0,0,-113,2361,1
D,31115,0,0,0,0,0,0,0,0,0,-113,2361,1
D,31125,0,0,0,0,0,0,0,0,0,-113,2361,1
D,31135,0,0,0,0,0,0,0,0,0,-113,2361,1
D,31145,0,0,0,0,0,0,0,0,0,-113,2361,1
D,31155,0,0,0,0,0,0,0,0,0,-113,2361,1
D,31165,0,0,0,0,0,0,0,0,0,-113,2361,1
D,31175,0,0,0,0,0,0,0,0,0,-113,2361,1
D,31185,0,0,0,0,0,0,0,0,0,-113,2361,1
D,31195,0,0,0,0,0,0,0,0,0,-113,2361,1
D,31205,0,0,0,0,0,0,0,0,0,-113,2361,1
D,31215,0,0,0,0,0,0,0,0,0,-113,2361,1
D,31225,0,0,0,0,0,0,0,0,0,-113,2361,1
D,31235,0,0,0,0,0,0,0,0,0,-113,2361,1
D,31245,0,0,0,0,0,0,0,0,0,-113,2361,1
D,31255,0,0,0,0,0,0,0,0,0,-113,2361,1
D,31265,0,0,0,0,0,0,0,0,0,-113,2361,1
D,31275,0,0,0,0,0,0,0,0,0,-113,2361,1
D,31285,0,0,0,0,0,0,0,0,0,-113,2361,1
D,31295,0,0,0,0,0,0,0,0,0,-113,2361,1
D,31305,0,0,0,0,0,0,0,0,0,-113,2361,1
D,31315,0,0,0,0,0,0,0,0,0,-113,2361,1
D,31325,0,0,0,0,0,0,0,0,0,-113,2361,1
D,31335,0,0,0,0,0,0,0,0,0,-113,2361,1
D,31345,0,0,0,0,0,0,0,0,0,-113,2361,1
D,31355,0,0,0,0,0,0,0,0,0,-113,2361,1
D,31365,0,0,0,0,0,0,0,0,0,-113,2361,1
D,31375,0,0,0,0,0,0,0,0,0,-113,2361,1
D,31385,0,0,0,0,0,0,0,0,0,-113,2361,1
D,31395,0,0,0,0,0,0,0,0,0,-113,2361,1
D,31405,0,0,0,0,0,0,0,0,0,-113,2361,1
D,31415,0,0,0,0,0,0,0,0,0,-113,2361,1
D,31425,0,0,0,0,0,0,0,0,0,-113,2361,1
D,31435,0,0,0,0,0,0,0,0,0,-113,2361,1
D,31445,0,0,0,0,0,0,0,0,0,-113,2361,1
D,31455,0,0,0,0,0,0,0,0,0,-113,2361,1
D,31465,0,0,0,0,0,0,0,0,0,-113,2361,1
D,31475,0,0,0,0,0,0,0,0,0,-113,2361,1
D,31485,0,0,0,0,0,0,0,0,0,-113,2361,1
D,31495,0,0,0,0,0,0,0,0,0,-113,2361,1
D,31505,0,0,0,0,0,0,0,0,0,-113,2361,1
D,31515,0,0,0,0,0,0,0,0,0,-113,2361,1
D,31525,0,0,0,0,0,0,0,0,0,-113,2361,1
D,31535,0,0,0,0,0,0,0,0,0,-113,2361,1
D,31545,0,0,0,0,0,0,0,0,0,-113,2361,1
D,31555,0,0,0,0,0,0,0,0,0,-113,2361,1
D,31565,0,0,0,0,0,0,0,0,0,-113,2361,1
D,31575,0,0,0,0,0,0,0,0,0,-113,2361,1
D,31585,0,0,0,0,0,0,0,0,0,-113,2361,1
D,31595,0,0,0,0,0,0,0,0,0,-113,2361,1
D,31605,0,0,0,0,0,0,0,0,0,-113,2361,1
D,31615,0,0,0,0,0,0,0,0,0,-113,2361,1
D,31625,0,0,0,0,0,0,0,0,0,-113,2361,1
D,31635,0,0,0,0,0,0,0,0,0,-113,2361,1
D,31645,0,0,0,0,0,0,0,0,0,-113,2361,1
D,31655,0,0,0,0,0,0,0,0,0,-113,2361,1
D,31665,0,0,0,0,0,0,0,0,0,-113,2361,1
D,31675,0,0,0,0,0,0,0,0,0,-113,2361,1
D,31685,0,0,0,0,0,0,0,0,0,-113,2361,1
D,31695,0,0,0,0,0,0,0,0,0,-113,2361,1
D,31705,0,0,0,0,0,0,0,0,0,-113,2361,1
D,31715,0,0,0,0,0,0,0,0,0,-113,2361,1
D,31725,0,0,0,0,0,0,0,0,0,-113,2361,1
D,31735,0,0,0,0,0,0,0,0,0,-113,2361,1
D,31745,0,0,0,0,0,0,0,0,0,-113,2361,1
D,31755,0,0,0,0,0,0,0,0,0,-113,2361,1
D,31765,0,0,0,0,0,0,0,0,0,-113,2361,1
D,31775,0,0,0,0,0,0,0,0,0,-113,2361,1
D,31785,0,0,0,0,0,0,0,0,0,-113,2361,1
D,31795,0,0,0,0,0,0,0,0,0,-113,2361,1
D,31805,0,0,0,0,0,0,0,0,0,-113,2361,1
D,31815,0,0,0,0,0,0,0,0,0,-113,2361,1
D,31825,0,0,0,0,0,0,0,0,0,-113,2361,1
D,31835,0,0,0,0,0,0,0,0,0,-113,2361,1
D,31845,0,0,0,0,0,0,0,0,0,-113,2361,1
D,31855,0,0,0,0,0,0,0,0,0,-113,2361,1
D,31865,0,0,0,0,0,0,0,0,0,-113,2361,1
D,31875,0,0,0,0,0,0,0,0,0,-113,2361,1
D,31885,0,0,0,0,0,0,0,0,0,-113,2361,1
D,31895,0,0,0,0,0,0,0,0,0,-113,2361,1
D,31905,0,0,0,0,0,0,0,0,0,-113,2361,1
D,31915,0,0,0,0,0,0,0,0,0,-113,2361,1
D,31925,0,0,0,0,0,0,0,0,0,-113,2361,1
D,31935,0,0,0,0,0,0,0,0,0,-113,2361,1
D,31945,0,0,0,0,0,0,0,0,0,-113,2361,1
D,31955,0,0,0,0,0,0,0,0,0,-113,2361,1
D,31965,0,0,0,0,0,0,0,0,0,-113,2361,1
D,31975,0,0,0,0,0,0,0,0,0,-113,2361,1
D,31985,0,0,0,0,0,0,0,0,0,-113,2361,1
D,31995,0,0,0,0,0,0,0,0,0,-113,2361,1
D,32005,0,0,0,0,0,0,0,0,0,-113,2361,1
D,32015,0,0,0,0,0,0,0,0,0,-113,2361,1
D,32025,0,0,0,0,0,0,0,0,0,-113,2361,1
D,32035,0,0,0,0,0,0,0,0,0,-113,2361,1
D,32045,0,0,0,0,0,0,0,0,0,-113,2361,1
D,32055,0,0,0,0,0,0,0,0,0,-113,2361,1
D,32065,0,0,0,0,0,0,0,0,0,-113,2361,1
D,32075,0,0,0,0,0,0,0,0,0,-113,2361,1
D,32085,0,0,0,0,0,0,0,0,0,-113,2361,1
D,32095,0,0,0,0,0,0,0,0,0,-113,2361,1
D,32105,0,0,0,0,0,0,0,0,0,-113,2361,1
D,32115,0,0,0,0,0,0,0,0,0,-113,2361,1
D,32125,0,0,0,0,0,0,0,0,0,-113,2361,1
D,32135,0,0,0,0,0,0,0,0,0,-113,2361,1
D,32145,0,0,0,0,0,0,0,0,0,-113,2361,1
D,32155,0,0,0,0,0,0,0,0,0,-113,2361,1
D,32165,0,0,0,0,0,0,0,0,0,-113,2361,1
D,32175,0,0,0,0,0,0,0,0,0,-113,2361,1
D,32185,0,0,0,0,0,0,0,0,0,-113,2361,1
D,32195,0,0,0,0,0,0,0,0,0,-113,2361,1
D,32205,0,0,0,0,0,0,0,0,0,-113,2361,1
D,32215,0,0,0,0,0,0,0,0,0,-113,2361,1
D,32225,0,0,0,0,0,0,0,0,0,-113,2361,1
D,32235,0,0,0,0,0,0,0,0,0,-113,2361,1
D,32245,0,0,0,0,0,0,0,0,0,-113,2361,1
D,32255,0,0,0,0,0,0,0,0,0,-113,2361,1
D,32265,0,0,0,0,0,0,0,0,0,-113,2361,1
D,32275,0,0,0,0,0,0,0,0,0,-113,2361,1
D,32285,0,0,0,0,0,0,0,0,0,-113,2361,1
D,32295,0,0,0,0,0,0,0,0,0,-113,2361,1
D,32305,0,0,0,0,0,0,0,0,0,-113,2361,1
D,32315,0,0,0,0,0,0,0,0,0,-113,2361,1
D,32325,0,0,0,0,0,0,0,0,0,-113,2361,1
D,32335,0,0,0,0,0,0,0,0,0,-113,2361,1
D,32345,0,0,0,0,0,0,0,0,0,-113,2361,1
D,32355,0,0,0,0,0,0,0,0,0,-113,2361,1
D,32365,0,0,0,0,0,0,0,0,0,-113,2361,1
D,32375,0,0,0,0,0,0,0,0,0,-113,2361,1
D,32385,0,0,0,0,0,0,0,0,0,-113,2361,1
D,32395,0,0,0,0,0,0,0,0,0,-113,2361,1
D,32405,0,0,0,0,0,0,0,0,0,-113,2361,1
D,32415,0,0,0,0,0,0,0,0,0,-113,2361,1
D,32425,0,0,0,0,0,0,0,0,0,-113,2361,1
D,32435,0,0,0,0,0,0,0,0,0,-113,2361,1
D,32445,0,0,0,0,0,0,0,0,0,-113,2361,1
D,32455,0,0,0,0,0,0,0,0,0,-113,2361,1
D,32465,0,0,0,0,0,0,0,0,0,-113,2361,1
D,32475,0,0,0,0,0,0,0,0,0,-113,2361,1
D,32485,0,0,0,0,0,0,0,0,0,-113,2361,1
D,32495,0,0,0,0,0,0,0,0,0,-113,2361,1
D,32505,0,0,0,0,0,0,0,0,0,-113,2361,1
D,32515,0,0,0,0,0,0,0,0,0,-113,2361,1
D,32525,0,0,0,0,0,0,0,0,0,-113,2361,1
D,32535,0,0,0,0,0,0,0,0,0,-113,2361,1
D,32545,0,0,0,0,0,0,0,0,0,-113,2361,1
D,32555,0,0,0,0,0,0,0,0,0,-113,2361,1
D,32565,0,0,0,0,0,0,0,0,0,-113,2361,1
D,32575,0,0,0,0,0,0,0,0,0,-113,2361,1
D,32585,0,0,0,0,0,0,0,0,0,-113,2361,1
D,32595,0,0,0,0,0,0,0,0,0,-113,2361,1
D,32605,0,0,0,0,0,0,0,0,0,-113,2361,1
D,32615,0,0,0,0,0,0,0,0,0,-113,2361,1
D,32625,0,0,0,0,0,0,0,0,0,-113,2361,1
D,32635,0,0,0,0,0,0,0,0,0,-113,2361,1
D,32645,0,0,0,0,0,0,0,0,0,-113,2361,1
D,32655,0,0,0,0,0,0,0,0,0,-113,2361,1
D,32665,0,0,0,0,0,0,0,0,0,-113,2361,1
D,32675,0,0,0,0,0,0,0,0,0,-113,2361,1
D,32685,0,0,0,0,0,0,0,0,0,-113,2361,1
D,32695,0,0,0,0,0,0,0,0,0,-113,2361,1
D,32705,0,0,0,0,0,0,0,0,0,-113,2361,1
D,32715,0,0,0,0,0,0,0,0,0,-113,2361,1
D,32725,0,0,0,0,0,0,0,0,0,-113,2361,1
D,32735,0,0,0,0,0,0,0,0,0,-113,2361,1
D,32745,0,0,0,0,0,0,0,0,0,-113,2361,1
D,32755,0,0,0,0,0,0,0,0,0,-113,2361,1
D,32765,0,0,0,0,0,0,0,0,0,-113,2361,1
D,32775,0,0,0,0,0,0,0,0,0,-113,2361,1
D,32785,0,0,0,0,0,0,0,0,0,-113,2361,1
D,32795,0,0,0,0,0,0,0,0,0,-113,2361,1
D,32805,0,0,0,0,0,0,0,0,0,-113,2361,1
D,32815,0,0,0,0,0,0,0,0,0,-113,2361,1
D,32825,0,0,0,0,0,0,0,0,0,-113,2361,1
D,32835,0,0,0,0,0,0,0,0,0,-113,2361,1
D,32845,0,0,0,0,0,0,0,0,0,-113,2361,1
D,32855,0,0,0,0,0,0,0,0,0,-113,2361,1
D,32865,0,0,0,0,0,0,0,0,0,-113,2361,1
D,32875,0,0,0,0,0,0,0,0,0,-113,2361,1
D,32885,0,0,0,0,0,0,0,0,0,-113,2361,1
D,32895,0,0,0,0,0,0,0,0,0,-113,2361,1
D,32905,0,0,0,0,0,0,0,0,0,-113,2361,1
D,32915,0,0,0,0,0,0,0,0,0,-113,2361,1
D,32925,0,0,0,0,0,0,0,0,0,-113,2361,1
D,32935,0,0,0,0,0,0,0,0,0,-113,2361,1
D,32945,0,0,0,0,0,0,0,0,0,-113,2361,1
D,32955,0,0,0,0,0,0,0,0,0,-113,2361,1
D,32965,0,0,0,0,0,0,0,0,0,-113,2361,1
D,32975,0,0,0,0,0,0,0,0,0,-113,2361,1
D,32985,0,0,0,0,0,0,0,0,0,-113,2361,1
D,32995,0,0,0,0,0,0,0,0,0,-113,2361,1
D,33005,0,0,0,0,0,0,0,0,0,-113,2361,1
D,33015,0,0,0,0,0,0,0,0,0,-113,2361,1
D,33025,0,0,0,0,0,0,0,0,0,-113,2361,1
D,33035,0,0,0,0,0,0,0,0,0,-113,2361,1
D,33045,0,0,0,0,0,0,0,0,0,-113,2361,1
D,33055,0,0,0,0,0,0,0,0,0,-113,2361,1
D,33065,0,0,0,0,0,0,0,0,0,-113,2361,1
D,33075,0,0,0,0,0,0,0,0,0,-113,2361,1
D,33085,0,0,0,0,0,0,0,0,0,-113,2361,1
D,33095,0,0,0,0,0,0,0,0,0,-113,2361,1
D,33105,0,0,0,0,0,0,0,0,0,-113,2361,1
D,33115,0,0,0,0,0,0,0,0,0,-113,2361,1
D,33125,0,0,0,0,0,0,0,0,0,-113,2361,1
D,33135,0,0,0,0,0,0,0,0,0,-113,2361,1
D,33145,0,0,0,0,0,0,0,0,0,-113,2361,1
D,33155,0,0,0,0,0,0,0,0,0,-113,2361,1
D,33165,0,0,0,0,0,0,0,0,0,-113,2361,1
D,33175,0,0,0,0,0,0,0,0,0,-113,2361,1
D,33185,0,0,0,0,0,0,0,0,0,-113,2361,1
D,33195,0,0,0,0,0,0,0,0,0,-113,2361,1
D,33205,0,0,0,0,0,0,0,0,0,-113,2361,1
D,33215,0,0,0,0,0,0,0,0,0,-113,2361,1
D,33225,0,0,0,0,0,0,0,0,0,-113,2361,1
D,33235,0,0,0,0,0,0,0,0,0,-113,2361,1
D,33245,0,0,0,0,0,0,0,0,0,-113,2361,1
D,33255,0,0,0,0,0,0,0,0,0,-113,2361,1
D,33265,0,0,0,0,0,0,0,0,0,-113,2361,1
D,33275,0,0,0,0,0,0,0,0,0,-113,2361,1
D,33285,0,0,0,0,0,0,0,0,0,-113,2361,1
D,33295,0,0,0,0,0,0,0,0,0,-113,2361,1
D,33305,0,0,0,0,0,0,0,0,0,-113,2361,1
D,33315,0,0,0,0,0,0,0,0,0,-113,2361,1
D,33325,0,0,0,0,0,0,0,0,0,-113,2361,1
D,33335,0,0,0,0,0,0,0,0,0,-113,2361,1
D,33345,0,0,0,0,0,0,0,0,0,-113,2361,1
D,33355,0,0,0,0,0,0,0,0,0,-113,2361,1
D,33365,0,0,0,0,0,0,0,0,0,-113,2361,1
D,33375,0,0,0,0,0,0,0,0,0,-113,2361,1
D,33385,0,0,0,0,0,0,0,0,0,-113,2361,1
D,33395,0,0,0,0,0,0,0,0,0,-113,2361,1
D,33405,0,0,0,0,0,0,0,0,0,-113,2361,1
D,33415,0,0,0,0,0,0,0,0,0,-113,2361,1
D,33425,0,0,0,0,0,0,0,0,0,-113,2361,1
D,33435,0,0,0,0,0,0,0,0,0,-113,2361,1
D,33445,0,0,0,0,0,0,0,0,0,-113,2361,1
D,33455,0,0,0,0,0,0,0,0,0,-113,2361,1
D,33465,0,0,0,0,0,0,0,0,0,-113,2361,1
D,33475,0,0,0,0,0,0,0,0,0,-113,2361,1
D,33485,0,0,0,0,0,0,0,0,0,-113,2361,1
D,33495,0,0,0,0,0,0,0,0,0,-113,2361,1
D,33505,0,0,0,0,0,0,0,0,0,-113,2361,1
D,33515,0,0,0,0,0,0,0,0,0,-113,2361,1
D,33525,0,0,0,0,0,0,0,0,0,-113,2361,1
D,33535,0,0,0,0,0,0,0,0,0,-113,2361,1
D,33545,0,0,0,0,0,0,0,0,0,-113,2361,1
D,33555,0,0,0,0,0,0,0,0,0,-113,2361,1
D,33565,0,0,0,0,0,0,0,0,0,-113,2361,1
D,33575,0,0,0,0,0,0,0,0,0,-113,2361,1
D,33585,0,0,0,0,0,0,0,0,0,-113,2361,1
D,33595,0,0,0,0,0,0,0,0,0,-113,2361,1
D,33605,0,0,0,0,0,0,0,0,0,-113,2361,1
D,33615,0,0,0,0,0,0,0,0,0,-113,2361,1
D,33625,0,0,0,0,0,0,0,0,0,-113,2361,1
D,33635,0,0,0,0,0,0,0,0,0,-113,2361,1
D,33645,0,0,0,0,0,0,0,0,0,-113,2361,1
D,33655,0,0,0,0,0,0,0,0,0,-113,2361,1
D,33665,0,0,0,0,0,0,0,0,0,-113,2361,1
D,33675,0,0,0,0,0,0,0,0,0,-113,2361,1
D,33685,0,0,0,0,0,0,0,0,0,-113,2361,1
D,33695,0,0,0,0,0,0,0,0,0,-113,2361,1
D,33705,0,0,0,0,0,0,0,0,0,-113,2361,1
D,33715,0,0,0,0,0,0,0,0,0,-113,2361,1
D,33725,0,0,0,0,0,0,0,0,0,-113,2361,1
D,33735,0,0,0,0,0,0,0,0,0,-113,2361,1
D,33745,0,0,0,0,0,0,0,0,0,-113,2361,1
D,33755,0,0,0,0,0,0,0,0,0,-113,2361,1
D,33765,0,0,0,0,0,0,0,0,0,-113,2361,1
D,33775,0,0,0,0,0,0,0,0,0,-113,2361,1
D,33785,0,0,0,0,0,0,0,0,0,-113,2361,1
D,33795,0,0,0,0,0,0,0,0,0,-113,2361,1
D,33805,0,0,0,0,0,0,0,0,0,-113,2361,1
D,33815,0,0,0,0,0,0,0,0,0,-113,2361,1
D,33825,0,0,0,0,0,0,0,0,0,-113,2361,1
D,33835,0,0,0,0,0,0,0,0,0,-113,2361,1
D,33845,0,0,0,0,0,0,0,0,0,-113,2361,1
D,33855,0,0,0,0,0,0,0,0,0,-113,2361,1
D,33865,0,0,0,0,0,0,0,0,0,-113,2361,1
D,33875,0,0,0,0,0,0,0,0,0,-113,2361,1
D,33885,0,0,0,0,0,0,0,0,0,-113,2361,1
D,33895,0,0,0,0,0,0,0,0,0,-113,2361,1
D,33905,0,0,0,0,0,0,0,0,0,-113,2361,1
D,33915,0,0,0,0,0,0,0,0,0,-113,2361,1
D,33925,0,0,0,0,0,0,0,0,0,-113,2361,1
D,33935,0,0,0,0,0,0,0,0,0,-113,2361,1
D,33945,0,0,0,0,0,0,0,0,0,-113,2361,1
D,33955,0,0,0,0,0,0,0,0,0,-113,2361,1
D,33965,0,0,0,0,0,0,0,0,0,-113,2361,1
D,33975,0,0,0,0,0,0,0,0,0,-113,2361,1
D,33985,0,0,0,0,0,0,0,0,0,-113,2361,1
D,33995,0,0,0,0,0,0,0,0,0,-113,2361,1
D,34005,0,0,0,0,0,0,0,0,0,-113,2361,1
D,34015,0,0,0,0,0,0,0,0,0,-113,2361,1
D,34025,0,0,0,0,0,0,0,0,0,-113,2361,1
D,34035,0,0,0,0,0,0,0,0,0,-113,2361,1
D,34045,0,0,0,0,0,0,0,0,0,-113,2361,1
D,34055,0,0,0,0,0,0,0,0,0,-113,2361,1
D,34065,0,0,0,0,0,0,0,0,0,-113,2361,1
D,34075,0,0,0,0,0,0,0,0,0,-113,2361,1
D,34085,0,0,0,0,0,0,0,0,0,-113,2361,1
D,34095,0,0,0,0,0,0,0,0,0,-113,2361,1
D,34105,0,0,0,0,0,0,0,0,0,-113,2361,1
D,34115,0,0,0,0,0,0,0,0,0,-113,2361,1
D,34125,0,0,0,0,0,0,0,0,0,-113,2361,1
D,34135,0,0,0,0,0,0,0,0,0,-113,2361,1
D,34145,0,0,0,0,0,0,0,0,0,-113,2361,1
D,34155,0,0,0,0,0,0,0,0,0,-113,2361,1
D,34165,0,0,0,0,0,0,0,0,0,-113,2361,1
D,34175,0,0,0,0,0,0,0,0,0,-113,2361,1
D,34185,0,0,0,0,0,0,0,0,0,-113,2361,1
D,34195,0,0,0,0,0,0,0,0,0,-113,2361,1
D,34205,0,0,0,0,0,0,0,0,0,-113,2361,1
D,34215,0,0,0,0,0,0,0,0,0,-113,2361,1
D,34225,0,0,0,0,0,0,0,0,0,-113,2361,1
D,34235,0,0,0,0,0,0,0,0,0,-113,2361,1
D,34245,0,0,0,0,0,0,0,0,0,-113,2361,1
D,34255,0,0,0,0,0,0,0,0,0,-113,2361,1
D,34265,0,0,0,0,0,0,0,0,0,-113,2361,1
D,34275,0,0,0,0,0,0,0,0,0,-113,2361,1
D,34285,0,0,0,0,0,0,0,0,0,-113,2361,1
D,34295,0,0,0,0,0,0,0,0,0,-113,2361,1
D,34305,0,0,0,0,0,0,0,0,0,-113,2361,1
D,34315,0,0,0,0,0,0,0,0,0,-113,2361,1
D,34325,0,0,0,0,0,0,0,0,0,-113,2361,1
D,34335,0,0,0,0,0,0,0,0,0,-113,2361,1
D,34345,0,0,0,0,0,0,0,0,0,-113,2361,1
D,34355,0,0,0,0,0,0,0,0,0,-113,2361,1
D,34365,0,0,0,0,0,0,0,0,0,-113,2361,1
D,34375,0,0,0,0,0,0,0,0,0,-113,2361,1
D,34385,0,0,0,0,0,0,0,0,0,-113,2361,1
D,34395,0,0,0,0,0,0,0,0,0,-113,2361,1
D,34405,0,0,0,0,0,0,0,0,0,-113,2361,1
D,34415,0,0,0,0,0,0,0,0,0,-113,2361,1
D,34425,0,0,0,0,0,0,0,0,0,-113,2361,1
D,34435,0,0,0,0,0,0,0,0,0,-113,2361,1
D,34445,0,0,0,0,0,0,0,0,0,-113,2361,1
D,34455,0,0,0,0,0,0,0,0,0,-113,2361,1
D,34465,0,0,0,0,0,0,0,0,0,-113,2361,1
D,34475,0,0,0,0,0,0,0,0,0,-113,2361,1
D,34485,0,0,0,0,0,0,0,0,0,-113,2361,1
D,34495,0,0,0,0,0,0,0,0,0,-113,2361,1
D,34505,0,0,0,0,0,0,0,0,0,-113,2361,1
D,34515,0,0,0,0,0,0,0,0,0,-113,2361,1
D,34525,0,0,0,0,0,0,0,0,0,-113,2361,1
D,34535,0,0,0,0,0,0,0,0,0,-113,2361,1
D,34545,0,0,0,0,0,0,0,0,0,-113,2361,1
D,34555,0,0,0,0,0,0,0,0,0,-113,2361,1
D,34565,0,0,0,0,0,0,0,0,0,-113,2361,1
D,34575,0,0,0,0,0,0,0,0,0,-113,2361,1
D,34585,0,0,0,0,0,0,0,0,0,-113,2361,1
D,34595,0,0,0,0,0,0,0,0,0,-113,2361,1
D,34605,0,0,0,0,0,0,0,0,0,-113,2361,1
D,34615,0,0,0,0,0,0,0,0,0,-113,2361,1
D,34625,0,0,0,0,0,0,0,0,0,-113,2361,1
D,34635,0,0,0,0,0,0,0,0,0,-113,2361,1
D,34645,0,0,0,0,0,0,0,0,0,-113,2361,1
D,34655,0,0,0,0,0,0,0,0,0,-113,2361,1
D,34665,0,0,0,0,0,0,0,0,0,-113,2361,1
D,34675,0,0,0,0,0,0,0,0,0,-113,2361,1
D,34685,0,0,0,0,0,0,0,0,0,-113,2361,1
D,34695,0,0,0,0,0,0,0,0,0,-113,2361,1
D,34705,0,0,0,0,0,0,0,0,0,-113,2361,1
D,34715,0,0,0,0,0,0,0,0,0,-113,2361,1
D,34725,0,0,0,0,0,0,0,0,0,-113,2361,1
D,34735,0,0,0,0,0,0,0,0,0,-113,2361,1
D,34745,0,0,0,0,0,0,0,0,0,-113,2361,1
D,34755,0,0,0,0,0,0,0,0,0,-113,2361,1
D,34765,0,0,0,0,0,0,0,0,0,-113,2361,1
D,34775,0,0,0,0,0,0,0,0,0,-113,2361,1
D,34785,0,0,0,0,0,0,0,0,0,-113,2361,1
D,34795,0,0,0,0,0,0,0,0,0,-113,2361,1
D,34805,0,0,0,0,0,0,0,0,0,-113,2361,1
D,34815,0,0,0,0,0,0,0,0,0,-113,2361,1
D,34825,0,0,0,0,0,0,0,0,0,-113,2361,1
D,34835,0,0,0,0,0,0,0,0,0,-113,2361,1
D,34845,0,0,0,0,0,0,0,0,0,-113,2361,1
D,34855,0,0,0,0,0,0,0,0,0,-113,2361,1
D,34865,0,0,0,0,0,0,0,0,0,-113,2361,1
D,34875,0,0,0,0,0,0,0,0,0,-113,2361,1
D,34885,0,0,0,0,0,0,0,0,0,-113,2361,1
D,34895,0,0,0,0,0,0,0,0,0,-113,2361,1
D,34905,0,0,0,0,0,0,0,0,0,-113,2361,1
D,34915,0,0,0,0,0,0,0,0,0,-113,2361,1
D,34925,0,0,0,0,0,0,0,0,0,-113,2361,1
D,34935,0,0,0,0,0,0,0,0,0,-113,2361,1
D,34945,0,0,0,0,0,0,0,0,0,-113,2361,1
D,34955,0,0,0,0,0,0,0,0,0,-113,2361,1
D,34965,0,0,0,0,0,0,0,0,0,-113,2361,1
D,34975,0,0,0,0,0,0,0,0,0,-113,2361,1
D,34985,0,0,0,0,0,0,0,0,0,-113,2361,1
D,34995,0,0,0,0,0,0,0,0,0,-113,2361,1
D,35005,0,0,0,0,0,0,0,0,0,-113,2361,1
D,35015,0,0,0,0,0,0,0,0,0,-113,2361,1
D,35025,0,0,0,0,0,0,0,0,0,-113,2361,1
D,35035,0,0,0,0,0,0,0,0,0,-113,2361,1
D,35045,0,0,0,0,0,0,0,0,0,-113,2361,1
D,35055,0,0,0,0,0,0,0,0,0,-113,2361,1
D,35065,0,0,0,0,0,0,0,0,0,-113,2361,1
D,35075,0,0,0,0,0,0,0,0,0,-113,2361,1
D,35085,0,0,0,0,0,0,0,0,0,-113,2361,1
D,35095,0,0,0,0,0,0,0,0,0,-113,2361,1
D,35105,0,0,0,0,0,0,0,0,0,-113,2361,1
D,35115,0,0,0,0,0,0,0,0,0,-113,2361,1
D,35125,0,0,0,0,0,0,0,0,0,-113,2361,1
D,35135,0,0,0,0,0,0,0,0,0,-113,2361,1
D,35145,0,0,0,0,0,0,0,0,0,-113,2361,1
D,35155,0,0,0,0,0,0,0,0,0,-113,2361,1
D,35165,0,0,0,0,0,0,0,0,0,-113,2361,1
D,35175,0,0,0,0,0,0,0,0,0,-113,2361,1
D,35185,0,0,0,0,0,0,0,0,0,-113,2361,1
D,35195,0,0,0,0,0,0,0,0,0,-113,2361,1
D,35205,0,0,0,0,0,0,0,0,0,-113,2361,1
D,35215,0,0,0,0,0,0,0,0,0,-113,2361,1
D,35225,0,0,0,0,0,0,0,0,0,-113,2361,1
D,35235,0,0,0,0,0,0,0,0,0,-113,2361,1
D,35245,0,0,0,0,0,0,0,0,0,-113,2361,1
D,35255,0,0,0,0,0,0,0,0,0,-113,2361,1
D,35265,0,0,0,0,0,0,0,0,0,-113,2361,1
D,35275,0,0,0,0,0,0,0,0,0,-113,2361,1
D,35285,0,0,0,0,0,0,0,0,0,-113,2361,1
D,35295,0,0,0,0,0,0,0,0,0,-113,2361,1
D,35305,0,0,0,0,0,0,0,0,0,-113,2361,1
D,35315,0,0,0,0,0,0,0,0,0,-113,2361,1
D,35325,0,0,0,0,0,0,0,0,0,-113,2361,1
D,35335,0,0,0,0,0,0,0,0,0,-113,2361,1
D,35345,0,0,0,0,0,0,0,0,0,-113,2361,1
D,35355,0,0,0,0,0,0,0,0,0,-113,2361,1
D,35365,0,0,0,0,0,0,0,0,0,-113,2361,1
D,35375,0,0,0,0,0,0,0,0,0,-113,2361,1
D,35385,0,0,0,0,0,0,0,0,0,-113,2361,1
D,35395,0,0,0,0,0,0,0,0,0,-113,2361,1
D,35405,0,0,0,0,0,0,0,0,0,-113,2361,1
D,35415,0,0,0,0,0,0,0,0,0,-113,2361,1
D,35425,0,0,0,0,0,0,0,0,0,-113,2361,1
D,35435,0,0,0,0,0,0,0,0,0,-113,2361,1
D,35445,0,0,0,0,0,0,0,0,0,-113,2361,1
D,35455,0,0,0,0,0,0,0,0,0,-113,2361,1
D,35465,0,0,0,0,0,0,0,0,0,-113,2361,1
D,35475,0,0,0,0,0,0,0,0,0,-113,2361,1
D,35485,0,0,0,0,0,0,0,0,0,-113,2361,1
D,35495,0,0,0,0,0,0,0,0,0,-113,2361,1
D,35505,0,0,0,0,0,0,0,0,0,-113,2361,1
D,35515,0,0,0,0,0,0,0,0,0,-113,2361,1
D,35525,0,0,0,0,0,0,0,0,0,-113,2361,1
D,35535,0,0,0,0,0,0,0,0,0,-113,2361,1
D,35545,0,0,0,0,0,0,0,0,0,-113,2361,1
D,35555,0,0,0,0,0,0,0,0,0,-113,2361,1
D,35565,0,0,0,0,0,0,0,0,0,-113,2361,1
D,35575,0,0,0,0,0,0,0,0,0,-113,2361,1
D,35585,0,0,0,0,0,0,0,0,0,-113,2361,1
D,35595,0,0,0,0,0,0,0,0,0,-113,2361,1
D,35605,0,0,0,0,0,0,0,0,0,-113,2361,1
D,35615,0,0,0,0,0,0,0,0,0,-113,2361,1
D,35625,0,0,0,0,0,0,0,0,0,-113,2361,1
D,35635,0,0,0,0,0,0,0,0,0,-113,2361,1
D,35645,0,0,0,0,0,0,0,0,0,-113,2361,1
D,35655,0,0,0,0,0,0,0,0,0,-113,2361,1
D,35665,0,0,0,0,0,0,0,0,0,-113,2361,1
D,35675,0,0,0,0,0,0,0,0,0,-113,2361,1
D,35685,0,0,0,0,0,0,0,0,0,-113,2361,1
D,35695,0,0,0,0,0,0,0,0,0,-113,2361,1
D,35705,0,0,0,0,0,0,0,0,0,-113,2361,1
D,35715,0,0,0,0,0,0,0,0,0,-113,2361,1
D,35725,0,0,0,0,0,0,0,0,0,-113,2361,1
D,35735,0,0,0,0,0,0,0,0,0,-113,2361,1
D,35745,0,0,0,0,0,0,0,0,0,-113,2361,1
D,35755,0,0,0,0,0,0,0,0,0,-113,2361,1
D,35765,0,0,0,0,0,0,0,0,0,-113,2361,1
D,35775,0,0,0,0,0,0,0,0,0,-113,2361,1
D,35785,0,0,0,0,0,0,0,0,0,-113,2361,1
D,35795,0,0,0,0,0,0,0,0,0,-113,2361,1
D,35805,0,0,0,0,0,0,0,0,0,-113,2361,1
D,35815,0,0,0,0,0,0,0,0,0,-113,2361,1
D,35825,0,0,0,0,0,0,0,0,0,-113,2361,1
D,35835,0,0,0,0,0,0,0,0,0,-113,2361,1
D,35845,0,0,0,0,0,0,0,0,0,-113,2361,1
D,35855,0,0,0,0,0,0,0,0,0,-113,2361,1
D,35865,0,0,0,0,0,0,0,0,0,-113,2361,1
D,35875,0,0,0,0,0,0,0,0,0,-113,2361,1
D,35885,0,0,0,0,0,0,0,0,0,-113,2361,1
D,35895,0,0,0,0,0,0,0,0,0,-113,2361,1
D,35905,0,0,0,0,0,0,0,0,0,-113,2361,1
D,35915,0,0,0,0,0,0,0,0,0,-113,2361,1
D,35925,0,0,0,0,0,0,0,0,0,-113,2361,1
D,35935,0,0,0,0,0,0,0,0,0,-113,2361,1
D,35945,0,0,0,0,0,0,0,0,0,-113,2361,1
D,35955,0,0,0,0,0,0,0,0,0,-113,2361,1
D,35965,0,0,0,0,0,0,0,0,0,-113,2361,1
D,35975,0,0,0,0,0,0,0,0,0,-113,2361,1
D,35985,0,0,0,0,0,0,0,0,0,-113,2361,1
D,35995,0,0,0,0,0,0,0,0,0,-113,2361,1
D,36005,0,0,0,0,0,0,0,0,0,-113,2361,1
D,36015,0,0,0,0,0,0,0,0,0,-113,2361,1
D,36025,0,0,0,0,0,0,0,0,0,-113,2361,1
D,36035,0,0,0,0,0,0,0,0,0,-113,2361,1
D,36045,0,0,0,0,0,0,0,0,0,-113,2361,1
D,36055,0,0,0,0,0,0,0,0,0,-113,2361,1
D,36065,0,0,0,0,0,0,0,0,0,-113,2361,1
D,36075,0,0,0,0,0,0,0,0,0,-113,2361,1
D,36085,0,0,0,0,0,0,0,0,0,-113,2361,1
D,36095,0,0,0,0,0,0,0,0,0,-113,2361,1
D,36105,0,0,0,0,0,0,0,0,0,-113,2361,1
D,36115,0,0,0,0,0,0,0,0,0,-113,2361,1
D,36125,0,0,0,0,0,0,0,0,0,-113,2361,1
D,36135,0,0,0,0,0,0,0,0,0,-113,2361,1
D,36145,0,0,0,0,0,0,0,0,0,-113,2361,1
D,36155,0,0,0,0,0,0,0,0,0,-113,2361,1
D,36165,0,0,0,0,0,0,0,0,0,-113,2361,1
D,36175,0,0,0,0,0,0,0,0,0,-113,2361,1
D,36185,0,0,0,0,0,0,0,0,0,-113,2361,1
D,36195,0,0,0,0,0,0,0,0,0,-113,2361,1
D,36205,0,0,0,0,0,0,0,0,0,-113,2361,1
D,36215,0,0,0,0,0,0,0,0,0,-113,2361,1
D,36225,0,0,0,0,0,0,0,0,0,-113,2361,1
D,36235,0,0,0,0,0,0,0,0,0,-113,2361,1
D,36245,0,0,0,0,0,0,0,0,0,-113,2361,1
D,36255,0,0,0,0,0,0,0,0,0,-113,2361,1
D,36265,0,0,0,0,0,0,0,0,0,-113,2361,1
D,36275,0,0,0,0,0,0,0,0,0,-113,2361,1
D,36285,0,0,0,0,0,0,0,0,0,-113,2361,1
D,36295,0,0,0,0,0,0,0,0,0,-113,2361,1
D,36305,0,0,0,0,0,0,0,0,0,-113,2361,1
D,36315,0,0,0,0,0,0,0,0,0,-113,2361,1
D,36325,0,0,0,0,0,0,0,0,0,-113,2361,1
D,36335,0,0,0,0,0,0,0,0,0,-113,2361,1
D,36345,0,0,0,0,0,0,0,0,0,-113,2361,1
D,36355,0,0,0,0,0,0,0,0,0,-113,2361,1
D,36365,0,0,0,0,0,0,0,0,0,-113,2361,1
D,36375,0,0,0,0,0,0,0,0,0,-113,2361,1
D,36385,0,0,0,0,0,0,0,0,0,-113,2361,1
D,36395,0,0,0,0,0,0,0,0,0,-113,2361,1
D,36405,0,0,0,0,0,0,0,0,0,-113,2361,1
D,36415,0,0,0,0,0,0,0,0,0,-113,2361,1
D,36425,0,0,0,0,0,0,0,0,0,-113,2361,1
D,36435,0,0,0,0,0,0,0,0,0,-113,2361,1
D,36445,0,0,0,0,0,0,0,0,0,-113,2361,1
D,36455,0,0,0,0,0,0,0,0,0,-113,2361,1
D,36465,0,0,0,0,0,0,0,0,0,-113,2361,1
D,36475,0,0,0,0,0,0,0,0,0,-113,2361,1
D,36485,0,0,0,0,0,0,0,0,0,-113,2361,1
D,36495,0,0,0,0,0,0,0,0,0,-113,2361,1
D,36505,0,0,0,0,0,0,0,0,0,-113,2361,1
D,36515,0,0,0,0,0,0,0,0,0,-113,2361,1
D,36525,0,0,0,0,0,0,0,0,0,-113,2361,1
D,36535,0,0,0,0,0,0,0,0,0,-113,2361,1
D,36545,0,0,0,0,0,0,0,0,0,-113,2361,1
D,36555,0,0,0,0,0,0,0,0,0,-113,2361,1
D,36565,0,0,0,0,0,0,0,0,0,-113,2361,1
D,36575,0,0,0,0,0,0,0,0,0,-113,2361,1
D,36585,0,0,0,0,0,0,0,0,0,-113,2361,1
D,36595,0,0,0,0,0,0,0,0,0,-113,2361,1
D,36605,0,0,0,0,0,0,0,0,0,-113,2361,1
D,36615,0,0,0,0,0,0,0,0,0,-113,2361,1
D,36625,0,0,0,0,0,0,0,0,0,-113,2361,1
D,36635,0,0,0,0,0,0,0,0,0,-113,2361,1
D,36645,0,0,0,0,0,0,0,0,0,-113,2361,1
D,36655,0,0,0,0,0,0,0,0,0,-113,2361,1
D,36665,0,0,0,0,0,0,0,0,0,-113,2361,1
D,36675,0,0,0,0,0,0,0,0,0,-113,2361,1
D,36685,0,0,0,0,0,0,0,0,0,-113,2361,1
D,36695,0,0,0,0,0,0,0,0,0,-113,2361,1
D,36705,0,0,0,0,0,0,0,0,0,-113,2361,1
D,36715,0,0,0,0,0,0,0,0,0,-113,2361,1
D,36725,0,0,0,0,0,0,0,0,0,-113,2361,1
D,36735,0,0,0,0,0,0,0,0,0,-113,2361,1
D,36745,0,0,0,0,0,0,0,0,0,-113,2361,1
D,36755,0,0,0,0,0,0,0,0,0,-113,2361,1
D,36765,0,0,0,0,0,0,0,0,0,-113,2361,1
D,36775,0,0,0,0,0,0,0,0,0,-113,2361,1
D,36785,0,0,0,0,0,0,0,0,0,-113,2361,1
D,36795,0,0,0,0,0,0,0,0,0,-113,2361,1
D,36805,0,0,0,0,0,0,0,0,0,-113,2361,1
D,36815,0,0,0,0,0,0,0,0,0,-113,2361,1
D,36825,0,0,0,0,0,0,0,0,0,-113,2361,1
D,36835,0,0,0,0,0,0,0,0,0,-113,2361,1
D,36845,0,0,0,0,0,0,0,0,0,-113,2361,1
D,36855,0,0,0,0,0,0,0,0,0,-113,2361,1
D,36865,0,0,0,0,0,0,0,0,0,-113,2361,1
D,36875,0,0,0,0,0,0,0,0,0,-113,2361,1
D,36885,0,0,0,0,0,0,0,0,0,-113,2361,1
D,36895,0,0,0,0,0,0,0,0,0,-113,2361,1
D,36905,0,0,0,0,0,0,0,0,0,-113,2361,1
D,36915,0,0,0,0,0,0,0,0,0,-113,2361,1
D,36925,0,0,0,0,0,0,0,0,0,-113,2361,1
D,36935,0,0,0,0,0,0,0,0,0,-113,2361,1
D,36945,0,0,0,0,0,0,0,0,0,-113,2361,1
D,36955,0,0,0,0,0,0,0,0,0,-113,2361,1
D,36965,0,0,0,0,0,0,0,0,0,-113,2361,1
D,36975,0,0,0,0,0,0,0,0,0,-113,2361,1
D,36985,0,0,0,0,0,0,0,0,0,-113,2361,1
D,36995,0,0,0,0,0,0,0,0,0,-113,2361,1
D,37005,0,0,0,0,0,0,0,0,0,-113,2361,1
D,37015,0,0,0,0,0,0,0,0,0,-113,2361,1
D,37025,0,0,0,0,0,0,0,0,0,-113,2361,1
D,37035,0,0,0,0,0,0,0,0,0,-113,2361,1
D,37045,0,0,0,0,0,0,0,0,0,-113,2361,1
D,37055,0,0,0,0,0,0,0,0,0,-113,2361,1
D,37065,0,0,0,0,0,0,0,0,0,-113,2361,1
D,37075,0,0,0,0,0,0,0,0,0,-113,2361,1
D,37085,0,0,0,0,0,0,0,0,0,-113,2361,1
D,37095,0,0,0,0,0,0,0,0,0,-113,2361,1
D,37105,0,0,0,0,0,0,0,0,0,-113,2361,1
D,37115,0,0,0,0,0,0,0,0,0,-113,2361,1
D,37125,0,0,0,0,0,0,0,0,0,-113,2361,1
D,37135,0,0,0,0,0,0,0,0,0,-113,2361,1
D,37145,0,0,0,0,0,0,0,0,0,-113,2361,1
D,37155,0,0,0,0,0,0,0,0,0,-113,2361,1
D,37165,0,0,0,0,0,0,0,0,0,-113,2361,1
D,37175,0,0,0,0,0,0,0,0,0,-113,2361,1
D,37185,0,0,0,0,0,0,0,0,0,-113,2361,1
D,37195,0,0,0,0,0,0,0,0,0,-113,2361,1
D,37205,0,0,0,0,0,0,0,0,0,-113,2361,1
D,37215,0,0,0,0,0,0,0,0,0,-113,2361,1
D,37225,0,0,0,0,0,0,0,0,0,-113,2361,1
D,37235,0,0,0,0,0,0,0,0,0,-113,2361,1
D,37245,0,0,0,0,0,0,0,0,0,-113,2361,1
D,37255,0,0,0,0,0,0,0,0,0,-113,2361,1
D,37265,0,0,0,0,0,0,0,0,0,-113,2361,1
D,37275,0,0,0,0,0,0,0,0,0,-113,2361,1
D,37285,0,0,0,0,0,0,0,0,0,-113,2361,1
D,37295,0,0,0,0,0,0,0,0,0,-113,2361,1
D,37305,0,0,0,0,0,0,0,0,0,-113,2361,1
D,37315,0,0,0,0,0,0,0,0,0,-113,2361,1
D,37325,0,0,0,0,0,0,0,0,0,-113,2361,1
D,37335,0,0,0,0,0,0,0,0,0,-113,2361,1
D,37345,0,0,0,0,0,0,0,0,0,-113,2361,1
D,37355,0,0,0,0,0,0,0,0,0,-113,2361,1
D,37365,0,0,0,0,0,0,0,0,0,-113,2361,1
D,37375,0,0,0,0,0,0,0,0,0,-113,2361,1
D,37385,0,0,0,0,0,0,0,0,0,-113,2361,1
D,37395,0,0,0,0,0,0,0,0,0,-113,2361,1
D,37405,0,0,0,0,0,0,0,0,0,-113,2361,1
D,37415,0,0,0,0,0,0,0,0,0,-113,2361,1
D,37425,0,0,0,0,0,0,0,0,0,-113,2361,1
D,37435,0,0,0,0,0,0,0,0,0,-113,2361,1
D,37445,0,0,0,0,0,0,0,0,0,-113,2361,1
D,37455,0,0,0,0,0,0,0,0,0,-113,2361,1
D,37465,0,0,0,0,0,0,0,0,0,-113,2361,1
D,37475,0,0,0,0,0,0,0,0,0,-113,2361,1
D,37485,0,0,0,0,0,0,0,0,0,-113,2361,1
D,37495,0,0,0,0,0,0,0,0,0,-113,2361,1
D,37505,0,0,0,0,0,0,0,0,0,-113,2361,1
D,37515,0,0,0,0,0,0,0,0,0,-113,2361,1
D,37525,0,0,0,0,0,0,0,0,0,-113,2361,1
D,37535,0,0,0,0,0,0,0,0,0,-113,2361,1
D,37545,0,0,0,0,0,0,0,0,0,-113,2361,1
D,37555,0,0,0,0,0,0,0,0,0,-113,2361,1
D,37565,0,0,0,0,0,0,0,0,0,-113,2361,1
D,37575,0,0,0,0,0,0,0,0,0,-113,2361,1
D,37585,0,0,0,0,0,0,0,0,0,-113,2361,1
D,37595,0,0,0,0,0,0,0,0,0,-113,2361,1
D,37605,0,0,0,0,0,0,0,0,0,-113,2361,1
D,37615,0,0,0,0,0,0,0,0,0,-113,2361,1
D,37625,0,0,0,0,0,0,0,0,0,-113,2361,1
D,37635,0,0,0,0,0,0,0,0,0,-113,2361,1
D,37645,0,0,0,0,0,0,0,0,0,-113,2361,1
D,37655,0,0,0,0,0,0,0,0,0,-113,2361,1
D,37665,0,0,0,0,0,0,0,0,0,-113,2361,1
D,37675,0,0,0,0,0,0,0,0,0,-113,2361,1
D,37685,0,0,0,0,0,0,0,0,0,-113,2361,1
D,37695,0,0,0,0,0,0,0,0,0,-113,2361,1
D,37705,0,0,0,0,0,0,0,0,0,-113,2361,1
D,37715,0,0,0,0,0,0,0,0,0,-113,2361,1
D,37725,0,0,0,0,0,0,0,0,0,-113,2361,1
D,37735,0,0,0,0,0,0,0,0,0,-113,2361,1
D,37745,0,0,0,0,0,0,0,0,0,-113,2361,1
D,37755,0,0,0,0,0,0,0,0,0,-113,2361,1
D,37765,0,0,0,0,0,0,0,0,0,-113,2361,1
D,37775,0,0,0,0,0,0,0,0,0,-113,2361,1
D,37785,0,0,0,0,0,0,0,0,0,-113,2361,1
D,37795,0,0,0,0,0,0,0,0,0,-113,2361,1
D,37805,0,0,0,0,0,0,0,0,0,-113,2361,1
D,37815,0,0,0,0,0,0,0,0,0,-113,2361,1
D,37825,0,0,0,0,0,0,0,0,0,-113,2361,1
D,37835,0,0,0,0,0,0,0,0,0,-113,2361,1
D,37845,0,0,0,0,0,0,0,0,0,-113,2361,1
D,37855,0,0,0,0,0,0,0,0,0,-113,2361,1
D,37865,0,0,0,0,0,0,0,0,0,-113,2361,1
D,37875,0,0,0,0,0,0,0,0,0,-113,2361,1
D,37885,0,0,0,0,0,0,0,0,0,-113,2361,1
D,37895,0,0,0,0,0,0,0,0,0,-113,2361,1
D,37905,0,0,0,0,0,0,0,0,0,-113,2361,1
D,37915,0,0,0,0,0,0,0,0,0,-113,2361,1
D,37925,0,0,0,0,0,0,0,0,0,-113,2361,1
D,37935,0,0,0,0,0,0,0,0,0,-113,2361,1
D,37945,0,0,0,0,0,0,0,0,0,-113,2361,1
D,37955,0,0,0,0,0,0,0,0,0,-113,2361,1
D,37965,0,0,0,0,0,0,0,0,0,-113,2361,1
D,37975,0,0,0,0,0,0,0,0,0,-113,2361,1
D,37985,0,0,0,0,0,0,0,0,0,-113,2361,1
D,37995,0,0,0,0,0,0,0,0,0,-113,2361,1
D,38005,0,0,0,0,0,0,0,0,0,-113,2361,1
D,38015,0,0,0,0,0,0,0,0,0,-113,2361,1
D,38025,0,0,0,0,0,0,0,0,0,-113,2361,1
D,38035,0,0,0,0,0,0,0,0,0,-113,2361,1
D,38045,0,0,0,0,0,0,0,0,0,-113,2361,1
D,38055,0,0,0,0,0,0,0,0,0,-113,2361,1
D,38065,0,0,0,0,0,0,0,0,0,-113,2361,1
D,38075,0,0,0,0,0,0,0,0,0,-113,2361,1
D,38085,0,0,0,0,0,0,0,0,0,-113,2361,1
D,38095,0,0,0,0,0,0,0,0,0,-113,2361,1
D,38105,0,0,0,0,0,0,0,0,0,-113,2361,1
D,38115,0,0,0,0,0,0,0,0,0,-113,2361,1
D,38125,0,0,0,0,0,0,0,0,0,-113,2361,1
D,38135,0,0,0,0,0,0,0,0,0,-113,2361,1
D,38145,0,0,0,0,0,0,0,0,0,-113,2361,1
D,38155,0,0,0,0,0,0,0,0,0,-113,2361,1
D,38165,0,0,0,0,0,0,0,0,0,-113,2361,1
D,38175,0,0,0,0,0,0,0,0,0,-113,2361,1
D,38185,0,0,0,0,0,0,0,0,0,-113,2361,1
D,38195,0,0,0,0,0,0,0,0,0,-113,2361,1
D,38205,0,0,0,0,0,0,0,0,0,-113,2361,1
D,38215,0,0,0,0,0,0,0,0,0,-113,2361,1
D,38225,0,0,0,0,0,0,0,0,0,-113,2361,1
D,38235,0,0,0,0,0,0,0,0,0,-113,2361,1
D,38245,0,0,0,0,0,0,0,0,0,-113,2361,1
D,38255,0,0,0,0,0,0,0,0,0,-113,2361,1
D,38265,0,0,0,0,0,0,0,0,0,-113,2361,1
D,38275,0,0,0,0,0,0,0,0,0,-113,2361,1
D,38285,0,0,0,0,0,0,0,0,0,-113,2361,1
D,38295,0,0,0,0,0,0,0,0,0,-113,2361,1
D,38305,0,0,0,0,0,0,0,0,0,-113,2361,1
D,38315,0,0,0,0,0,0,0,0,0,-113,2361,1
D,38325,0,0,0,0,0,0,0,0,0,-113,2361,1
D,38335,0,0,0,0,0,0,0,0,0,-113,2361,1
D,38345,0,0,0,0,0,0,0,0,0,-113,2361,1
D,38355,0,0,0,0,0,0,0,0,0,-113,2361,1
D,38365,0,0,0,0,0,0,0,0,0,-113,2361,1
D,38375,0,0,0,0,0,0,0,0,0,-113,2361,1
D,38385,0,0,0,0,0,0,0,0,0,-113,2361,1
D,38395,0,0,0,0,0,0,0,0,0,-113,2361,1
D,38405,0,0,0,0,0,0,0,0,0,-113,2361,1
D,38415,0,0,0,0,0,0,0,0,0,-113,2361,1
D,38425,0,0,0,0,0,0,0,0,0,-113,2361,1
D,38435,0,0,0,0,0,0,0,0,0,-113,2361,1
D,38445,0,0,0,0,0,0,0,0,0,-113,2361,1
D,38455,0,0,0,0,0,0,0,0,0,-113,2361,1
D,38465,0,0,0,0,0,0,0,0,0,-113,2361,1
D,38475,0,0,0,0,0,0,0,0,0,-113,2361,1
D,38485,0,0,0,0,0,0,0,0,0,-113,2361,1
D,38495,0,0,0,0,0,0,0,0,0,-113,2361,1
D,38505,0,0,0,0,0,0,0,0,0,-113,2361,1
D,38515,0,0,0,0,0,0,0,0,0,-113,2361,1
D,38525,0,0,0,0,0,0,0,0,0,-113,2361,1
D,38535,0,0,0,0,0,0,0,0,0,-113,2361,1
D,38545,0,0,0,0,0,0,0,0,0,-113,2361,1
D,38555,0,0,0,0,0,0,0,0,0,-113,2361,1
D,38565,0,0,0,0,0,0,0,0,0,-113,2361,1
D,38575,0,0,0,0,0,0,0,0,0,-113,2361,1
D,38585,0,0,0,0,0,0,0,0,0,-113,2361,1
D,38595,0,0,0,0,0,0,0,0,0,-113,2361,1
D,38605,0,0,0,0,0,0,0,0,0,-113,2361,1
D,38615,0,0,0,0,0,0,0,0,0,-113,2361,1
D,38625,0,0,0,0,0,0,0,0,0,-113,2361,1
D,38635,0,0,0,0,0,0,0,0,0,-113,2361,1
D,38645,0,0,0,0,0,0,0,0,0,-113,2361,1
D,38655,0,0,0,0,0,0,0,0,0,-113,2361,1
D,38665,0,0,0,0,0,0,0,0,0,-113,2361,1
D,38675,0,0,0,0,0,0,0,0,0,-113,2361,1
D,38685,0,0,0,0,0,0,0,0,0,-113,2361,1
D,38695,0,0,0,0,0,0,0,0,0,-113,2361,1
D,38705,0,0,0,0,0,0,0,0,0,-113,2361,1
D,38715,0,0,0,0,0,0,0,0,0,-113,2361,1
D,38725,0,0,0,0,0,0,0,0,0,-113,2361,1
D,38735,0,0,0,0,0,0,0,0,0,-113,2361,1
D,38745,0,0,0,0,0,0,0,0,0,-113,2361,1
D,38755,0,0,0,0,0,0,0,0,0,-113,2361,1
D,38765,0,0,0,0,0,0,0,0,0,-113,2361,1
D,38775,0,0,0,0,0,0,0,0,0,-113,2361,1
D,38785,0,0,0,0,0,0,0,0,0,-113,2361,1
D,38795,0,0,0,0,0,0,0,0,0,-113,2361,1
D,38805,0,0,0,0,0,0,0,0,0,-113,2361,1
D,38815,0,0,0,0,0,0,0,0,0,-113,2361,1
D,38825,0,0,0,0,0,0,0,0,0,-113,2361,1
D,38835,0,0,0,0,0,0,0,0,0,-113,2361,1
D,38845,0,0,0,0,0,0,0,0,0,-113,2361,1
D,38855,0,0,0,0,0,0,0,0,0,-113,2361,1
D,38865,0,0,0,0,0,0,0,0,0,-113,2361,1
D,38875,0,0,0,0,0,0,0,0,0,-113,2361,1
D,38885,0,0,0,0,0,0,0,0,0,-113,2361,1
D,38895,0,0,0,0,0,0,0,0,0,-113,2361,1
D,38905,0,0,0,0,0,0,0,0,0,-113,2361,1
D,38915,0,0,0,0,0,0,0,0,0,-113,2361,1
D,38925,0,0,0,0,0,0,0,0,0,-113,2361,1
D,38935,0,0,0,0,0,0,0,0,0,-113,2361,1
D,38945,0,0,0,0,0,0,0,0,0,-113,2361,1
D,38955,0,0,0,0,0,0,0,0,0,-113,2361,1
D,38965,0,0,0,0,0,0,0,0,0,-113,2361,1
D,38975,0,0,0,0,0,0,0,0,0,-113,2361,1
D,38985,0,0,0,0,0,0,0,0,0,-113,2361,1
D,38995,0,0,0,0,0,0,0,0,0,-113,2361,1
D,39005,0,0,0,0,0,0,0,0,0,-113,2361,1
D,39015,0,0,0,0,0,0,0,0,0,-113,2361,1
D,39025,0,0,0,0,0,0,0,0,0,-113,2361,1
D,39035,0,0,0,0,0,0,0,0,0,-113,2361,1
D,39045,0,0,0,0,0,0,0,0,0,-113,2361,1
D,39055,0,0,0,0,0,0,0,0,0,-113,2361,1
D,39065,0,0,0,0,0,0,0,0,0,-113,2361,1
D,39075,0,0,0,0,0,0,0,0,0,-113,2361,1
D,39085,0,0,0,0,0,0,0,0,0,-113,2361,1
D,39095,0,0,0,0,0,0,0,0,0,-113,2361,1
D,39105,0,0,0,0,0,0,0,0,0,-113,2361,1
D,39115,0,0,0,0,0,0,0,0,0,-113,2361,1
D,39125,0,0,0,0,0,0,0,0,0,-113,2361,1
D,39135,0,0,0,0,0,0,0,0,0,-113,2361,1
D,39145,0,0,0,0,0,0,0,0,0,-113,2361,1
D,39155,0,0,0,0,0,0,0,0,0,-113,2361,1
D,39165,0,0,0,0,0,0,0,0,0,-113,2361,1
D,39175,0,0,0,0,0,0,0,0,0,-113,2361,1
D,39185,0,0,0,0,0,0,0,0,0,-113,2361,1
D,39195,0,0,0,0,0,0,0,0,0,-113,2361,1
D,39205,0,0,0,0,0,0,0,0,0,-113,2361,1
D,39215,0,0,0,0,0,0,0,0,0,-113,2361,1
D,39225,0,0,0,0,0,0,0,0,0,-113,2361,1
D,39235,0,0,0,0,0,0,0,0,0,-113,2361,1
D,39245,0,0,0,0,0,0,0,0,0,-113,2361,1
D,39255,0,0,0,0,0,0,0,0,0,-113,2361,1
D,39265,0,0,0,0,0,0,0,0,0,-113,2361,1
D,39275,0,0,0,0,0,0,0,0,0,-113,2361,1
D,39285,0,0,0,0,0,0,0,0,0,-113,2361,1
D,39295,0,0,0,0,0,0,0,0,0,-113,2361,1
D,39305,0,0,0,0,0,0,0,0,0,-113,2361,1
D,39315,0,0,0,0,0,0,0,0,0,-113,2361,1
D,39325,0,0,0,0,0,0,0,0,0,-113,2361,1
D,39335,0,0,0,0,0,0,0,0,0,-113,2361,1
D,39345,0,0,0,0,0,0,0,0,0,-113,2361,1
D,39355,0,0,0,0,0,0,0,0,0,-113,2361,1
D,39365,0,0,0,0,0,0,0,0,0,-113,2361,1
D,39375,0,0,0,0,0,0,0,0,0,-113,2361,1
D,39385,0,0,0,0,0,0,0,0,0,-113,2361,1
D,39395,0,0,0,0,0,0,0,0,0,-113,2361,1
D,39405,0,0,0,0,0,0,0,0,0,-113,2361,1
D,39415,0,0,0,0,0,0,0,0,0,-113,2361,1
D,39425,0,0,0,0,0,0,0,0,0,-113,2361,1
D,39435,0,0,0,0,0,0,0,0,0,-113,2361,1
D,39445,0,0,0,0,0,0,0,0,0,-113,2361,1
D,39455,0,0,0,0,0,0,0,0,0,-113,2361,1
D,39465,0,0,0,0,0,0,0,0,0,-113,2361,1
D,39475,0,0,0,0,0,0,0,0,0,-113,2361,1
D,39485,0,0,0,0,0,0,0,0,0,-113,2361,1
D,39495,0,0,0,0,0,0,0,0,0,-113,2361,1
D,39505,0,0,0,0,0,0,0,0,0,-113,2361,1
D,39515,0,0,0,0,0,0,0,0,0,-113,2361,1
D,39525,0,0,0,0,0,0,0,0,0,-113,2361,1
D,39535,0,0,0,0,0,0,0,0,0,-113,2361,1
D,39545,0,0,0,0,0,0,0,0,0,-113,2361,1
D,39555,0,0,0,0,0,0,0,0,0,-113,2361,1
D,39565,0,0,0,0,0,0,0,0,0,-113,2361,1
D,39575,0,0,0,0,0,0,0,0,0,-113,2361,1
D,39585,0,0,0,0,0,0,0,0,0,-113,2361,1
D,39595,0,0,0,0,0,0,0,0,0,-113,2361,1
D,39605,0,0,0,0,0,0,0,0,0,-113,2361,1
D,39615,0,0,0,0,0,0,0,0,0,-113,2361,1
D,39625,0,0,0,0,0,0,0,0,0,-113,2361,1
D,39635,0,0,0,0,0,0,0,0,0,-113,2361,1
D,39645,0,0,0,0,0,0,0,0,0,-113,2361,1
D,39655,0,0,0,0,0,0,0,0,0,-113,2361,1
D,39665,0,0,0,0,0,0,0,0,0,-113,2361,1
D,39675,2,200,200,0,0,424,424,0,0,-113,2361,1
D,39685,2,200,200,0,0,448,448,0,0,-113,2361,1
D,39695,2,200,200,0,0,472,472,0,0,-113,2361,1
D,39705,2,200,200,0,0,496,496,0,0,-113,2361,1
D,39715,2,200,200,0,0,520,520,0,0,-113,2361,1
D,39725,2,200,200,0,0,544,544,0,0,-113,2361,1
D,39735,2,200,200,0,0,568,568,0,0,-113,2361,1
D,39745,2,200,200,0,0,592,592,0,0,-113,2361,1
D,39755,2,200,200,0,0,616,616,0,0,-113,2361,1
D,39765,2,200,200,0,0,640,640,0,0,-113,2361,1
D,39775,2,200,200,0,0,664,664,0,0,-113,2361,1
D,39785,2,200,200,0,0,688,688,0,0,-113,2361,1
D,39795,2,200,200,0,0,712,712,0,0,-113,2361,1
D,39805,2,200,200,0,0,736,736,0,0,-113,2361,1
D,39815,2,200,200,0,0,760,760,0,0,-113,2361,1
D,39825,2,200,200,0,0,784,784,0,0,-113,2361,1
D,39835,2,200,200,0,0,808,808,0,0,-113,2361,1
D,39845,2,200,200,0,0,832,832,0,0,-113,2361,1
D,39855,2,200,200,0,0,856,856,0,0,-113,2361,1
D,39865,2,200,200,0,0,880,880,0,0,-113,2361,1
D,39875,2,200,200,0,0,904,904,0,0,-113,2361,1
D,39885,2,200,200,0,0,928,928,0,0,-113,2361,1
D,39895,2,200,200,0,0,952,952,0,0,-113,2361,1
D,39905,2,200,200,0,0,976,976,0,0,-113,2361,1
D,39915,2,200,200,0,0,1000,1000,0,0,-113,2361,1
D,39925,2,200,200,0,0,1024,1024,0,0,-113,2361,1
D,39935,2,200,200,0,0,1048,1048,0,0,-113,2361,1
D,39945,2,200,200,0,0,1072,1072,0,0,-113,2361,1
D,39955,2,200,200,0,0,1096,1096,0,0,-113,2361,1
D,39965,2,200,200,0,0,1120,1120,0,0,-113,2361,1
D,39975,2,200,200,0,0,1144,1144,0,0,-113,2361,1
D,39985,2,200,200,0,0,1168,1168,0,0,-113,2361,1
D,39995,2,200,200,0,0,1192,1192,0,0,-113,2361,1
D,40005,2,200,200,0,0,1216,1216,0,0,-113,2361,1
D,40015,2,200,200,0,0,1240,1240,0,0,-113,2361,1
D,40025,2,200,200,0,0,1264,1264,0,0,-113,2361,1
D,40035,2,200,200,0,0,1288,1288,0,0,-113,2361,1
D,40045,2,200,200,0,0,1312,1312,0,0,-113,2361,1
D,40055,2,200,200,0,0,1336,1336,0,0,-113,2361,1
D,40065,2,200,200,0,0,1360,1360,0,0,-113,2361,1
D,40075,2,200,200,0,0,1384,1384,0,0,-113,2361,1
D,40085,2,200,200,0,0,1408,1408,0,0,-113,2361,1
D,40095,2,200,200,0,0,1432,1432,0,0,-113,2361,1
D,40105,2,200,200,0,0,1456,1456,0,0,-113,2361,1
D,40115,2,200,200,0,0,1480,1480,0,0,-113,2361,1
D,40125,2,200,200,0,0,1504,1504,0,0,-113,2361,1
D,40135,2,200,200,0,0,1528,1528,0,0,-113,2361,1
D,40145,2,200,200,0,0,1552,1552,0,0,-113,2361,1
D,40155,2,200,200,0,0,1576,1576,0,0,-113,2361,1
D,40165,2,200,200,0,0,1600,1600,0,0,-113,2361,1
D,40175,2,200,200,0,0,1624,1624,0,0,-113,2361,1
D,40185,2,200,200,0,0,1648,1648,0,0,-113,2361,1
D,40195,2,200,200,0,0,1672,1672,0,0,-113,2361,1
D,40205,2,200,200,0,0,1696,1696,0,0,-113,2361,1
D,40215,2,200,200,0,0,1720,1720,0,0,-113,2361,1
D,40225,2,200,200,0,0,1744,1744,0,0,-113,2361,1
D,40235,2,200,200,0,0,1768,1768,0,0,-113,2361,1
D,40245,2,200,200,0,0,1792,1792,0,0,-113,2361,1
D,40255,2,200,200,0,0,1816,1816,0,0,-113,2361,1
D,40265,2,200,200,0,0,1840,1840,0,0,-113,2361,1
D,40275,2,200,200,0,0,1864,1864,0,0,-113,2361,1
D,40285,2,200,200,0,0,1888,1888,0,0,-113,2361,1
D,40295,2,200,200,0,0,1912,1912,0,0,-113,2361,1
D,40305,2,200,200,0,0,1936,1936,0,0,-113,2361,1
D,40315,2,200,200,0,0,1960,1960,0,0,-113,2361,1
D,40325,2,200,200,0,0,1984,1984,0,0,-113,2361,1
D,40335,2,200,200,0,0,2008,2008,0,0,-113,2361,1
D,40345,2,200,200,0,0,2032,2032,0,0,-113,2361,1
D,40355,2,200,200,0,0,2056,2056,0,0,-113,2361,1
D,40365,2,200,200,0,0,2080,2080,0,0,-113,2361,1
D,40375,2,200,200,0,0,2104,2104,0,0,-113,2361,1
D,40385,2,200,200,0,0,2128,2128,0,0,-113,2361,1
D,40395,2,200,200,0,0,2152,2152,0,0,-113,2361,1
D,40405,2,200,200,0,0,2176,2176,0,0,-113,2361,1
D,40415,2,200,200,0,0,2200,2200,0,0,-113,2361,1
D,40425,2,200,200,0,0,2224,2224,0,0,-113,2361,1
D,40435,2,200,200,0,0,2248,2248,0,0,-113,2361,1
D,40445,2,200,200,0,0,2272,2272,0,0,-113,2361,1
D,40455,2,200,200,0,0,2296,2296,0,0,-113,2361,1
D,40465,2,200,200,0,0,2320,2320,0,0,-113,2361,1
D,40475,2,200,200,0,0,2344,2344,0,0,-113,2361,1
D,40485,2,200,200,0,0,2368,2368,1,0,-112,2361,1
D,40495,2,200,200,0,0,2392,2392,0,0,-112,2361,1
D,40505,2,200,200,0,0,2416,2416,0,0,-112,2361,1
D,40515,2,200,200,0,0,2440,2440,0,0,-112,2361,1
D,40525,2,200,200,0,0,2464,2464,0,0,-112,2361,1
D,40535,2,200,200,0,0,2488,2488,0,0,-112,2361,1
D,40545,2,200,200,0,0,2512,2512,0,0,-112,2361,1
D,40555,2,200,200,0,0,2536,2536,0,0,-112,2361,1
D,40565,2,200,200,0,0,2560,2560,0,0,-112,2361,1
D,40575,2,200,200,0,0,2584,2584,1,0,-111,2361,1
D,40585,2,200,200,0,0,2608,2608,0,0,-111,2361,1
D,40595,2,200,200,0,0,2632,2632,1,0,-110,2361,1
D,40605,2,200,200,0,0,2656,2656,1,0,-109,2361,1
D,40615,2,200,200,0,0,2680,2680,0,0,-109,2361,1
D,40625,2,200,200,0,0,2704,2704,1,0,-108,2361,1
D,40635,2,200,200,0,0,2728,2728,0,0,-108,2361,1
D,40645,2,200,200,0,0,2752,2752,1,0,-107,2361,1
D,40655,2,200,200,0,0,2776,2776,0,0,-107,2361,1
D,40665,2,200,200,0,0,2800,2800,1,0,-106,2361,1
D,40675,2,200,200,0,0,2824,2824,0,0,-106,2361,1
D,40685,2,200,200,0,0,2848,2848,0,0,-106,2361,1
D,40695,2,200,200,0,0,2872,2872,1,0,-105,2361,1
D,40705,2,200,200,0,0,2896,2896,0,0,-105,2361,1
D,40715,2,200,200,0,0,2920,2920,1,0,-104,2361,1
D,40725,2,200,200,0,0,2944,2944,0,0,-104,2361,1
D,40735,2,200,200,0,0,2968,2968,1,0,-103,2361,1
D,40745,2,200,200,0,0,2992,2992,0,0,-103,2361,1
D,40755,2,200,200,0,0,3016,3016,0,0,-103,2361,1
D,40765,2,200,200,0,0,3040,3040,1,0,-102,2361,1
D,40775,2,200,200,0,0,3064,3064,0,0,-102,2361,1
D,40785,2,200,200,0,0,3088,3088,1,0,-101,2361,1
D,40795,2,200,200,0,0,3112,3112,0,0,-101,2361,1
D,40805,2,200,200,0,0,3136,3136,1,0,-100,2361,1
D,40815,2,200,200,0,0,3160,3160,0,0,-100,2361,1
D,40825,2,200,200,0,0,3184,3184,0,0,-100,2361,1
D,40835,2,200,200,0,0,3208,3208,1,0,-99,2361,1
D,40845,2,200,200,0,0,3232,3232,0,0,-99,2361,1
D,40855,2,200,200,0,0,3256,3256,1,0,-98,2361,1
D,40865,2,200,200,0,0,3280,3280,1,0,-97,2361,1
D,40875,2,200,200,0,0,3304,3304,0,0,-97,2361,1
D,40885,2,200,200,0,0,3328,3328,1,0,-96,2361,1
D,40895,2,200,200,0,0,3352,3352,1,0,-95,2361,1
D,40905,2,200,200,0,0,3376,3376,1,0,-94,2361,1
D,40915,2,200,200,0,0,3400,3400,1,0,-93,2361,1
D,40925,2,200,200,0,0,3424,3424,0,0,-93,2361,1
D,40935,2,200,200,0,0,3448,3448,1,0,-92,2361,1
D,40945,2,200,200,0,0,3472,3472,1,0,-91,2361,1
D,40955,2,200,200,0,0,3496,3496,1,1,-90,2362,1
D,40965,2,200,200,0,0,3520,3520,0,0,-90,2362,1
D,40975,2,200,200,0,0,3544,3544,1,0,-89,2362,1
D,40985,2,200,200,0,0,3568,3568,0,0,-89,2362,1
D,40995,2,200,200,0,0,3592,3592,1,0,-88,2362,1
D,41005,2,200,200,0,0,3616,3616,0,0,-88,2362,1
D,41015,2,200,200,0,0,3640,3640,1,0,-87,2362,1
D,41025,2,200,200,0,0,3664,3664,1,0,-86,2362,1
D,41035,2,200,200,0,0,3688,3688,0,0,-86,2362,1
D,41045,2,200,200,0,0,3712,3712,1,0,-85,2362,1
D,41055,2,200,200,0,0,3736,3736,1,0,-84,2362,1
D,41065,2,200,200,0,0,3760,3760,1,0,-83,2362,1
D,41075,2,200,200,0,0,3784,3784,1,0,-82,2362,1
D,41085,2,200,200,0,0,3808,3808,1,1,-81,2363,1
D,41095,2,200,200,0,0,3832,3832,1,0,-80,2363,1
D,41105,2,200,200,0,0,3856,3856,0,1,-80,2364,1
D,41115,2,200,200,0,0,3880,3880,1,1,-79,2365,1
D,41125,2,200,200,0,0,3904,3904,2,1,-77,2366,1
D,41135,2,200,200,0,0,3928,3928,2,2,-75,2368,1
D,41145,2,200,200,1,0,3949,3952,4,2,-71,2370,1
D,41155,2,200,200,3,1,3968,3973,9,4,-62,2374,1
D,41165,2,200,200,4,2,3989,3994,13,8,-49,2382,1
D,41175,2,200,200,5,3,4010,4015,15,10,-34,2392,1
D,41185,2,200,200,5,3,4033,4038,17,10,-17,2402,1
D,41195,2,200,200,5,6,4056,4055,16,18,-1,2420,1
D,41205,2,200,200,5,8,4079,4074,16,24,15,2444,1
D,41215,2,200,200,7,11,4098,4090,21,33,36,2477,1
D,41225,2,200,200,10,14,4114,4106,31,42,67,2519,1
D,41235,2,200,200,21,25,4113,4105,62,74,129,2593,1
D,41245,2,200,200,36,38,4102,4098,106,114,235,2707,1
D,41255,2,200,200,40,40,4113,4113,119,119,354,2826,1
D,41265,2,200,200,41,44,4130,4123,123,130,477,2956,1
D,41275,2,200,200,51,53,4127,4122,152,157,629,3113,1
D,41285,2,200,200,53,55,4140,4135,156,163,785,3276,1
D,41295,2,200,200,60,61,4142,4139,178,182,963,3458,1
D,41305,2,200,200,60,64,4158,4149,179,190,1142,3648,1
D,41315,2,200,200,67,68,4159,4156,198,202,1340,3850,1
D,41325,2,200,200,68,72,4172,4163,202,214,1542,4064,1
D,41335,2,200,200,74,73,4175,4176,220,217,1762,4281,1
D,41345,2,200,200,80,77,4177,4182,237,227,1999,4508,1
D,41355,2,200,200,82,81,4187,4188,242,239,2241,4747,1
D,41365,2,200,200,84,83,4196,4198,249,245,2490,4992,1
D,41375,2,200,200,89,88,4199,4201,264,261,2754,5253,1
D,41385,2,200,200,93,92,4203,4205,276,271,3030,5524,1
D,41395,2,200,200,95,95,4211,4211,280,281,3310,5805,1
D,41405,2,200,200,96,99,4221,4215,285,291,3595,6096,1
D,41415,2,200,200,102,100,4220,4225,301,296,3896,6392,1
D,41425,2,200,200,104,101,4227,4234,306,298,4202,6690,1
D,41435,2,200,200,105,104,4236,4239,310,307,4512,6997,1
D,41445,2,200,200,109,108,4238,4242,323,320,4835,7317,1
D,41455,2,200,200,111,110,4244,4248,329,326,5164,7643,1
D,41465,2,200,200,112,114,4252,4250,331,336,5495,7979,1
D,41475,2,200,200,116,117,4254,4253,342,344,5837,8323,1
D,41485,2,200,200,118,117,4259,4262,349,344,6186,8667,1
D,41495,2,200,200,119,119,4266,4267,351,350,6537,9017,1
D,41505,2,200,200,123,123,4267,4268,364,362,6901,9379,1
D,41515,2,200,200,125,124,4272,4275,369,365,7270,9744,1
D,41525,2,200,200,125,127,4281,4277,370,376,7640,10120,1
D,41535,2,200,200,130,128,4279,4283,384,378,8024,10498,1
D,41545,2,200,200,129,128,4289,4291,381,379,8405,10877,1
D,41555,2,200,200,132,132,4291,4291,390,389,8795,11266,1
D,41565,2,200,200,135,133,4292,4297,399,393,9194,11659,1
D,41575,2,200,200,135,137,4299,4296,398,404,9592,12063,1
D,41585,2,200,200,139,138,4298,4301,411,407,10003,12470,1
D,41595,2,200,200,139,137,4305,4310,409,405,10412,12875,1
D,41605,2,200,200,141,141,4308,4309,417,415,10829,13290,1
D,41615,2,200,200,144,142,4308,4313,425,418,11254,13708,1
D,41625,2,200,200,144,146,4314,4311,425,431,11679,14139,1
D,41635,2,200,200,148,146,4312,4317,435,429,12114,14568,1
D,41645,2,200,200,147,147,4320,4321,432,432,12546,15000,1
D,41655,2,200,200,151,149,4317,4323,445,440,12991,15440,1
D,41665,2,200,200,150,150,4325,4327,443,442,13434,15882,1
D,41675,2,200,200,153,154,4324,4324,451,454,13885,16336,1
D,41685,2,200,200,153,152,4329,4333,452,449,14337,16785,1
D,41695,2,200,200,154,154,4332,4334,455,455,14792,17240,1
D,41705,2,200,200,157,156,4331,4335,463,459,15255,17699,1
D,41715,2,200,200,157,159,4336,4333,463,469,15718,18168,1
D,41725,2,200,200,160,159,4334,4337,471,468,16189,18636,1
D,41735,2,200,200,158,160,4343,4339,467,471,16656,19107,1
D,41745,2,200,200,163,161,4337,4341,479,474,17135,19581,1
D,41755,2,200,200,162,164,4343,4339,476,483,17611,20064,1
D,41765,2,200,200,165,165,4341,4341,486,487,18097,20551,1
D,41775,2,200,200,163,165,4349,4345,480,485,18577,21036,1
D,41785,2,200,200,167,166,4344,4347,492,490,19069,21526,1
D,41795,2,200,200,166,169,4350,4344,488,498,19557,22024,1
D,41805,2,200,200,169,170,4347,4345,498,502,20055,22526,1
D,41815,2,200,200,167,169,4354,4350,492,499,20547,23025,1
D,41825,2,200,200,171,171,4349,4349,505,505,21052,23530,1
D,41835,2,200,200,170,174,4354,4346,500,512,21552,24042,1
D,41845,2,200,200,173,175,4351,4347,510,516,22062,24558,1
D,41855,2,200,200,170,174,4360,4352,501,513,22563,25071,1
D,41865,2,200,200,175,176,4353,4350,515,518,23078,25589,1
D,41875,2,200,200,173,179,4360,4346,510,527,23588,26116,1
D,41885,2,200,200,176,179,4356,4348,518,526,24106,26642,1
D,41895,2,200,200,174,179,4363,4350,513,526,24619,27168,1
D,41905,2,200,200,178,180,4357,4350,524,530,25143,27698,1
D,41915,2,200,200,176,184,4363,4343,520,541,25663,28239,1
D,41925,2,200,200,179,182,4359,4349,527,535,26190,28774,1
D,41935,2,200,200,177,183,4365,4349,523,540,26713,29314,1
D,41945,2,200,200,181,184,4359,4348,534,542,27247,29856,1
D,41955,2,200,200,180,188,4363,4341,531,554,27778,30410,1
D,41965,2,200,200,182,185,4361,4348,535,545,28313,30955,1
D,41975,2,200,200,182,187,4363,4345,535,552,28848,31507,1
D,41985,2,200,200,183,189,4363,4342,540,558,29388,32065,1
D,41995,2,200,200,184,190,4362,4341,543,560,29931,32625,1
D,42005,2,200,200,183,190,4366,4342,538,560,30469,33185,1
D,42015,2,200,200,186,190,4361,4343,548,560,31017,33745,1
D,42025,2,200,200,184,195,4366,4333,543,573,31560,34318,1
D,42035,2,200,200,187,191,4361,4342,552,563,32112,34881,1
D,42045,2,200,200,185,193,4366,4338,546,570,32658,35451,1
D,42055,2,200,200,189,195,4359,4334,557,574,33215,36025,1
D,42065,2,200,200,188,196,4362,4332,554,577,33769,36602,1
D,42075,2,200,200,189,196,4361,4332,556,576,34325,37178,1
D,42085,2,200,200,189,195,4362,4334,557,575,34882,37753,1
D,42095,2,200,200,189,200,4363,4324,558,589,35440,38342,1
D,42105,2,200,200,192,196,4357,4332,566,577,36006,38919,1
D,42115,2,200,200,188,199,4366,4326,555,585,36561,39504,1
D,42125,2,200,200,193,200,4356,4324,570,590,37131,40094,1
D,42135,2,200,200,191,200,4361,4324,564,590,37695,40684,1
D,42145,2,200,200,193,201,4357,4322,570,591,38265,41275,1
D,42155,2,200,200,192,200,4359,4324,567,590,38832,41865,1
D,42165,2,200,200,194,204,4355,4316,571,602,39403,42467,1
D,42175,2,200,200,196,201,4351,4322,576,592,39979,43059,1
D,42185,2,200,200,192,202,4359,4320,566,595,40545,43654,1
D,42195,2,200,200,197,206,4349,4312,580,606,41125,44260,1
D,42205,2,200,200,195,202,4353,4320,575,596,41700,44856,1
D,42215,2,200,200,196,204,4351,4316,578,602,42278,45458,1
D,42225,2,200,200,196,205,4351,4314,577,604,42855,46062,1
D,42235,2,200,200,197,206,4349,4312,579,606,43434,46668,1
D,42245,2,200,200,199,205,4345,4314,585,605,44019,47273,1
D,42255,2,200,200,196,205,4351,4314,576,604,44595,47877,1
D,42265,2,200,200,200,209,4343,4305,588,616,45183,48493,1
D,42275,2,200,200,198,206,4347,4311,584,607,45767,49100,1
D,42285,2,200,200,198,207,4347,4309,584,609,46351,49709,1
D,42295,2,200,200,200,211,4343,4300,589,621,46940,50330,1
D,42305,2,200,200,198,207,4347,4308,584,609,47524,50939,1
D,42315,2,200,200,202,209,4339,4303,594,617,48118,51556,1
D,42325,2,200,200,199,212,4345,4296,585,623,48703,52179,1
D,42335,2,200,200,202,209,4339,4301,594,617,49297,52796,1
D,42345,2,200,200,202,211,4339,4296,595,622,49892,53418,1
D,42355,2,200,200,199,211,4345,4295,587,622,50479,54040,1
D,42365,2,200,200,203,213,4337,4290,598,627,51077,54667,1
D,42375,2,200,200,201,212,4341,4291,593,625,51670,55292,1
D,42385,2,200,200,203,212,4337,4290,598,624,52268,55916,1
D,42395,2,200,200,202,216,4339,4281,596,635,52864,56551,1
D,42405,2,200,200,202,213,4339,4286,596,627,53460,57178,1
D,42415,2,200,200,204,214,4335,4283,602,629,54062,57807,1
D,42425,2,200,200,201,217,4341,4275,593,639,54655,58446,1
D,42435,2,200,200,205,214,4333,4280,603,629,55258,59075,1
D,42445,2,200,200,205,215,4333,4277,604,633,55862,59708,1
D,42455,2,200,200,202,218,4339,4269,596,643,56458,60351,1
D,42465,2,200,200,206,215,4331,4274,606,632,57064,60983,1
D,42475,2,200,200,204,217,4335,4268,602,638,57666,61621,1
D,42485,2,200,200,205,219,4333,4262,604,645,58270,62266,1
D,42495,2,200,200,205,216,4333,4267,605,635,58875,62901,1
D,42505,2,200,200,205,218,4333,4261,603,642,59478,63543,1
D,42515,2,200,200,207,219,4329,4257,609,646,60087,64189,1
D,42525,2,200,200,204,218,4335,4257,601,642,60688,64831,1
D,42535,2,200,200,207,218,4329,4255,610,643,61298,65474,1
D,42545,2,200,200,207,220,4329,4249,610,647,61908,66121,1
D,42555,2,200,200,205,219,4333,4249,603,645,62511,66766,1
D,42565,2,200,200,208,219,4327,4247,612,645,63123,67411,1
D,42575,2,200,200,207,220,4329,4243,609,648,63732,68059,1
D,42585,2,200,200,207,220,4329,4241,609,649,64341,68708,1
D,42595,2,200,200,208,220,4327,4239,612,648,64953,69356,1
D,42605,2,200,200,206,220,4331,4237,608,648,65561,70004,1
D,42615,2,200,200,209,222,4324,4231,615,654,66176,70658,1
D,42625,2,200,200,206,221,4330,4231,608,650,66784,71308,1
D,42635,2,200,200,209,221,4323,4229,615,650,67399,71958,1
D,42645,2,200,200,209,223,4322,4223,616,656,68015,72614,1
D,42655,2,200,200,206,221,4328,4225,608,652,68623,73266,1
D,42665,2,200,200,210,221,4319,4223,619,651,69242,73917,1
D,42675,2,200,200,209,224,4320,4215,616,660,69858,74577,1
D,42685,2,200,200,207,222,4324,4217,611,654,70469,75231,1
D,42695,2,200,200,211,222,4315,4215,620,654,71089,75885,1
D,42705,2,200,200,209,225,4318,4206,615,662,71704,76547,1
D,42715,2,200,200,210,223,4315,4208,618,656,72322,77203,1
D,42725,2,200,200,210,222,4314,4208,618,655,72940,77858,1
D,42735,2,200,200,209,226,4315,4197,616,666,73556,78524,1
D,42745,2,200,200,211,223,4310,4201,622,658,74178,79182,1
D,42755,2,200,200,209,223,4313,4199,615,657,74793,79839,1
D,42765,2,200,200,211,227,4308,4188,621,669,75414,80508,1
D,42775,2,200,200,212,224,4305,4192,624,660,76038,81168,1
D,42785,2,200,200,208,224,4313,4190,613,659,76651,81827,1
D,42795,2,200,200,213,228,4302,4179,626,671,77277,82498,1
D,42805,2,200,200,212,224,4303,4185,624,660,77901,83158,1
D,42815,2,200,200,209,224,4308,4183,615,660,78516,83818,1
D,42825,2,200,200,213,228,4299,4172,627,671,79143,84489,1
D,42835,2,200,200,211,224,4302,4178,622,661,79765,85150,1
D,42845,2,200,200,211,225,4301,4173,621,662,80386,85812,1
D,42855,2,200,200,213,228,4296,4164,626,672,81012,86484,1
D,42865,2,200,200,211,225,4299,4167,620,662,81632,87146,1
D,42875,2,200,200,213,225,4294,4164,626,663,82258,87809,1
D,42885,2,200,200,212,229,4295,4153,625,673,82883,88482,1
D,42895,2,200,200,211,225,4296,4158,622,663,83505,89145,1
D,42905,2,200,200,213,225,4291,4155,628,664,84133,89809,1
D,42915,2,200,200,211,229,4294,4144,621,675,84754,90484,1
D,42925,2,200,200,213,226,4289,4147,626,665,85380,91149,1
D,42935,2,200,200,214,226,4286,4144,630,666,86010,91815,1
D,42945,2,200,200,210,230,4293,4133,619,676,86629,92491,1
D,42955,2,200,200,214,226,4284,4138,630,665,87259,93156,1
D,42965,2,200,200,214,227,4283,4133,629,667,87888,93823,1
D,42975,2,200,200,211,230,4288,4124,621,676,88509,94499,1
D,42985,2,200,200,214,226,4281,4129,629,666,89138,95165,1
D,42995,2,200,200,213,227,4282,4124,627,667,89765,95832,1
D,43005,2,200,200,212,230,4283,4115,625,676,90390,96508,1
D,43015,2,200,200,214,226,4278,4120,629,666,91019,97174,1
D,43025,2,200,200,212,226,4281,4117,625,666,91644,97840,1
D,43035,2,200,200,213,230,4278,4106,628,676,92272,98516,1
D,43045,2,200,200,213,226,4277,4111,628,666,92900,99182,1
D,43055,2,200,200,213,226,4276,4108,626,666,93526,99848,1
D,43065,2,200,200,214,229,4273,4099,630,674,94156,100522,1
D,43075,2,200,200,212,226,4276,4102,624,666,94780,101188,1
D,43085,2,200,200,214,226,4271,4099,630,666,95410,101854,1
D,43095,2,200,200,214,229,4270,4090,630,675,96040,102529,1
D,43105,2,200,200,211,227,4275,4091,622,667,96662,103196,1
D,43115,2,200,200,215,226,4266,4090,633,665,97295,103861,1
D,43125,2,200,200,214,229,4267,4081,630,674,97925,104535,1
D,43135,2,200,200,211,227,4272,4082,622,667,98547,105202,1
D,43145,2,200,200,215,226,4263,4081,633,665,99180,105867,1
D,43155,2,200,200,213,229,4266,4072,628,673,99808,106540,1
D,43165,2,200,200,212,227,4267,4073,625,667,100433,107207,1
D,43175,2,200,200,214,226,4262,4072,631,665,101064,107872,1
D,43185,2,200,200,213,228,4263,4065,627,672,101691,108544,1
D,43195,2,200,200,214,226,4260,4066,630,665,102321,109209,1
D,43205,2,200,200,214,225,4259,4065,630,664,102951,109873,1
D,43215,2,200,200,213,228,4260,4056,626,671,103577,110544,1
D,43225,2,200,200,215,225,4255,4059,633,663,104210,111207,1
D,43235,2,200,200,212,225,4260,4056,625,662,104835,111869,1
D,43245,2,200,200,213,228,4257,4047,628,670,105463,112539,1
D,43255,2,200,200,215,225,4252,4050,633,662,106096,113201,1
D,43265,2,200,200,212,224,4257,4050,623,659,106719,113860,1
D,43275,2,200,200,214,227,4252,4041,631,669,107350,114529,1
D,43285,2,200,200,215,224,4249,4045,632,660,107982,115189,1
D,43295,2,200,200,211,223,4256,4045,621,658,108603,115847,1
D,43305,2,200,200,215,227,4247,4034,633,668,109236,116515,1
D,43315,2,200,200,214,223,4248,4040,630,658,109866,117173,1
D,43325,2,200,200,212,223,4251,4038,623,656,110489,117829,1
D,43335,2,200,200,215,227,4244,4027,632,667,111121,118496,1
D,43345,2,200,200,213,222,4247,4035,627,655,111748,119151,1
D,43355,2,200,200,213,222,4246,4033,628,655,112376,119806,1
D,43365,2,200,200,214,226,4243,4022,631,665,113007,120471,1
D,43375,2,200,200,213,222,4244,4028,626,653,113633,121124,1
D,43385,2,200,200,214,222,4241,4026,630,654,114263,121778,1
D,43395,2,200,200,213,225,4242,4017,627,664,114890,122442,1
D,43405,2,200,200,212,221,4243,4023,625,651,115515,123093,1
D,43415,2,200,200,214,221,4238,4021,631,652,116146,123745,1
D,43425,2,200,200,212,224,4241,4013,624,661,116770,124406,1
D,43435,2,200,200,213,220,4238,4019,628,648,117398,125054,1
D,43445,2,200,200,215,220,4233,4017,632,649,118030,125703,1
D,43455,2,200,200,211,223,4240,4009,622,658,118652,126361,1
D,43465,2,200,200,214,218,4233,4017,630,643,119282,127004,1
D,43475,2,200,200,214,220,4232,4011,630,647,119912,127651,1
D,43485,2,200,200,211,222,4237,4005,620,653,120532,128304,1
D,43495,2,200,200,214,217,4230,4013,631,640,121163,128944,1
D,43505,2,200,200,213,219,4231,4007,626,644,121789,129588,1
D,43515,2,200,200,212,221,4232,4001,623,650,122412,130238,1
D,43525,2,200,200,214,217,4227,4007,629,638,123041,130876,1
D,43535,2,200,200,212,218,4230,4003,624,641,123665,131517,1
D,43545,2,200,200,213,219,4227,3999,627,644,124292,132161,1
D,43555,2,200,200,213,217,4226,4001,626,639,124918,132800,1
D,43565,2,200,200,212,216,4227,4002,623,637,125541,133437,1
D,43575,2,200,200,213,217,4224,3998,627,639,126168,134076,1
D,43585,2,200,200,212,217,4225,3996,623,639,126791,134715,1
D,43595,2,200,200,213,216,4222,3997,626,635,127417,135350,1
D,43605,2,200,200,214,215,4219,3998,629,633,128046,135983,1
D,43615,2,200,200,210,217,4226,3992,619,639,128665,136622,1
D,43625,2,200,200,213,214,4219,3997,628,631,129293,137253,1
D,43635,2,200,200,213,214,4218,3996,627,630,129920,137883,1
D,43645,2,200,200,209,216,4225,3991,617,637,130537,138520,1
D,43655,2,200,200,213,213,4216,3996,627,628,131164,139148,1
D,43665,2,200,200,212,213,4217,3995,625,628,131789,139776,1
D,43675,2,200,200,211,216,4218,3988,621,636,132410,140412,1
D,43685,2,200,200,213,212,4213,3995,626,625,133036,141037,1
D,43695,2,200,200,211,213,4216,3992,622,627,133658,141664,1
D,43705,2,200,200,212,216,4213,3985,623,635,134281,142299,1
D,43715,2,200,200,212,212,4212,3992,624,624,134905,142923,1
D,43725,2,200,200,210,213,4215,3989,619,627,135524,143550,1
D,43735,2,200,200,212,215,4210,3984,625,632,136149,144182,1
D,43745,2,200,200,210,212,4213,3989,619,625,136768,144807,1
D,43755,2,200,200,212,213,4208,3986,623,626,137391,145433,1
D,43765,2,200,200,212,213,4207,3985,625,626,138016,146059,1
D,43775,2,200,200,209,214,4212,3982,617,629,138633,146688,1
D,43785,2,200,200,212,212,4205,3985,625,624,139258,147312,1
D,43795,2,200,200,212,211,4204,3986,624,622,139882,147934,1
D,43805,2,200,200,209,214,4209,3979,616,630,140498,148564,1
D,43815,2,200,200,212,211,4202,3984,625,622,141123,149186,1
D,43825,2,200,200,211,211,4203,3983,621,622,141744,149808,1
D,43835,2,200,200,211,214,4202,3976,621,631,142365,150439,1
D,43845,2,200,200,212,211,4199,3981,623,620,142988,151059,1
D,43855,2,200,200,210,212,4202,3978,619,623,143607,151682,1
D,43865,2,200,200,211,214,4199,3973,622,630,144229,152312,1
D,43875,2,200,200,211,211,4198,3978,620,620,144849,152932,1
D,43885,2,200,200,211,212,4197,3975,620,623,145469,153555,1
D,43895,2,200,200,212,213,4194,3972,623,628,146092,154183,1
D,43905,2,200,200,209,211,4199,3975,615,622,146707,154805,1
D,43915,2,200,200,211,211,4194,3974,622,622,147329,155427,1
D,43925,2,200,200,212,212,4191,3971,624,623,147953,156050,1
D,43935,2,200,200,208,212,4199,3970,613,625,148566,156675,1
D,43945,2,200,200,212,211,4190,3971,623,621,149189,157296,1
D,43955,2,200,200,211,210,4191,3972,620,618,149809,157914,1
D,43965,2,200,200,209,213,4194,3965,615,628,150424,158542,1
D,43975,2,200,200,211,209,4189,3972,621,617,151045,159159,1
D,43985,2,200,200,209,210,4192,3969,617,618,151662,159777,1
D,43995,2,200,200,211,213,4187,3962,620,627,152282,160404,1
D,44005,2,200,200,210,209,4188,3969,619,615,152901,161019,1
D,44015,2,200,200,209,210,4189,3966,615,619,153516,161638,1
D,44025,2,200,200,211,212,4184,3961,621,625,154137,162263,1
D,44035,2,200,200,208,209,4190,3966,614,615,154751,162878,1
D,44045,2,200,200,210,210,4185,3963,618,619,155369,163497,1
D,44055,2,200,200,211,211,4182,3960,620,621,155989,164118,1
D,44065,2,200,200,207,210,4190,3961,610,618,156599,164736,1
D,44075,2,200,200,211,209,4181,3962,620,617,157219,165353,1
D,44085,2,200,200,210,209,4182,3961,618,617,157837,165970,1
D,44095,2,200,200,208,211,4186,3956,612,622,158449,166592,1
D,44105,2,200,200,209,209,4183,3959,617,615,159066,167207,1
D,44115,2,200,200,208,209,4185,3958,614,615,159680,167822,1
D,44125,2,200,200,209,212,4182,3951,615,623,160295,168445,1
D,44135,2,200,200,208,207,4184,3961,614,611,160909,169056,1
D,44145,2,200,200,207,208,4186,3959,611,614,161520,169670,1
D,44155,2,200,200,209,211,4181,3952,617,621,162137,170291,1
D,44165,2,200,200,207,207,4185,3960,609,610,162746,170901,1
D,44175,2,200,200,209,208,4180,3958,615,614,163361,171515,1
D,44185,2,200,200,209,209,4179,3955,615,616,163976,172131,1
D,44195,2,200,200,205,208,4187,3957,605,614,164581,172745,1
D,44205,2,200,200,209,207,4178,3959,616,611,165197,173356,1
D,44215,2,200,200,207,207,4182,3959,611,610,165808,173966,1
D,44225,2,200,200,206,209,4184,3954,608,616,166416,174582,1
D,44235,2,200,200,208,206,4180,3960,614,608,167030,175190,1
D,44245,2,200,200,207,207,4182,3958,609,609,167639,175799,1
D,44255,2,200,200,207,209,4182,3953,611,617,168250,176416,1
D,44265,2,200,200,207,205,4182,3961,610,605,168860,177021,1
D,44275,2,200,200,207,206,4182,3959,609,607,169469,177628,1
D,44285,2,200,200,207,209,4182,3952,611,615,170080,178243,1
D,44295,2,200,200,205,205,4186,3960,605,605,170685,178848,1
D,44305,2,200,200,207,206,4182,3958,611,607,171296,179455,1
D,44315,2,200,200,207,207,4182,3956,611,609,171907,180064,1
D,44325,2,200,200,205,207,4186,3956,603,610,172510,180674,1
D,44335,2,200,200,208,205,4180,3960,612,605,173122,181279,1
D,44345,2,200,200,206,205,4184,3960,607,604,173729,181883,1
D,44355,2,200,200,206,208,4184,3954,607,612,174336,182495,1
D,44365,2,200,200,207,204,4182,3962,609,602,174945,183097,1
D,44375,2,200,200,205,205,4186,3960,605,604,175550,183701,1
D,44385,2,200,200,207,207,4182,3956,610,611,176160,184312,1
D,44395,2,200,200,205,204,4186,3962,603,600,176763,184912,1
D,44405,2,200,200,207,205,4182,3960,609,603,177372,185515,1
D,44415,2,200,200,207,206,4182,3958,610,607,177982,186122,1
D,44425,2,200,200,204,204,4188,3962,600,602,178582,186724,1
D,44435,2,200,200,207,204,4182,3962,611,601,179193,187325,1
D,44445,2,200,200,206,204,4184,3962,607,600,179800,187925,1
D,44455,2,200,200,205,206,4186,3958,603,607,180403,188532,1
D,44465,2,200,200,207,203,4182,3964,609,597,181012,189129,1
D,44475,2,200,200,205,203,4186,3964,603,599,181615,189728,1
D,44485,2,200,200,206,206,4184,3958,607,607,182222,190335,1
D,44495,2,200,200,205,202,4186,3966,604,594,182826,190929,1
D,44505,2,200,200,206,204,4184,3962,606,600,183432,191529,1
D,44515,2,200,200,207,204,4182,3962,609,602,184041,192131,1
D,44525,2,200,200,204,203,4188,3964,600,598,184641,192729,1
D,44535,2,200,200,207,203,4182,3964,609,597,185250,193326,1
D,44545,2,200,200,206,202,4184,3966,608,595,185858,193921,1
D,44555,2,200,200,204,205,4188,3960,600,603,186458,194524,1
D,44565,2,200,200,206,201,4184,3968,608,593,187066,195117,1
D,44575,2,200,200,205,202,4186,3966,604,595,187670,195712,1
D,44585,2,200,200,206,204,4184,3962,606,602,188276,196314,1
D,44595,2,200,200,206,201,4184,3968,606,592,188882,196906,1
D,44605,2,200,200,205,202,4186,3966,603,596,189485,197502,1
D,44615,2,200,200,207,203,4182,3964,609,598,190094,198100,1
D,44625,2,200,200,204,202,4188,3966,600,596,190694,198696,1
D,44635,2,200,200,206,202,4184,3966,607,594,191301,199290,1
D,44645,2,200,200,206,201,4184,3968,608,592,191909,199882,1
D,44655,2,200,200,204,204,4188,3962,601,601,192510,200483,1
D,44665,2,200,200,206,200,4184,3970,608,590,193118,201073,1
D,44675,2,200,200,205,201,4186,3968,605,593,193723,201666,1
D,44685,2,200,200,205,204,4186,3962,605,600,194328,202266,1
D,44695,2,200,200,206,200,4184,3970,607,590,194935,202856,1
D,44705,2,200,200,204,202,4188,3966,602,595,195537,203451,1
D,44715,2,200,200,206,201,4184,3968,608,593,196145,204044,1
D,44725,2,200,200,204,203,4188,3964,602,597,196747,204641,1
D,44735,2,200,200,206,201,4184,3968,607,592,197354,205233,1
D,44745,2,200,200,207,201,4182,3968,609,591,197963,205824,1
D,44755,2,200,200,203,204,4190,3962,598,601,198561,206425,1
D,44765,2,200,200,207,200,4182,3970,610,588,199171,207013,1
D,44775,2,200,200,206,201,4184,3968,606,593,199777,207606,1
D,44785,2,200,200,205,203,4186,3964,603,599,200380,208205,1
D,44795,2,200,200,206,201,4184,3968,608,592,200988,208797,1
D,44805,2,200,200,205,202,4186,3966,604,595,201592,209392,1
D,44815,2,200,200,206,201,4184,3968,607,593,202199,209985,1
D,44825,2,200,200,205,203,4186,3964,604,599,202803,210584,1
D,44835,2,200,200,206,201,4184,3968,606,593,203409,211177,1
D,44845,2,200,200,207,201,4182,3968,610,593,204019,211770,1
D,44855,2,200,200,204,205,4188,3960,600,603,204619,212373,1
D,44865,2,200,200,207,200,4182,3970,609,590,205228,212963,1
D,44875,2,200,200,207,202,4182,3966,609,595,205837,213558,1
D,44885,2,200,200,204,203,4188,3964,601,599,206438,214157,1
D,44895,2,200,200,207,202,4182,3966,610,595,207048,214752,1
D,44905,2,200,200,205,202,4186,3966,605,595,207653,215347,1
D,44915,2,200,200,206,201,4184,3968,608,592,208261,215939,1
D,44925,2,200,200,206,204,4184,3962,606,602,208867,216541,1
D,44935,2,200,200,205,201,4186,3968,605,593,209472,217134,1
D,44945,2,200,200,207,201,4182,3968,611,593,210083,217727,1
D,44955,2,200,200,204,205,4188,3960,601,604,210684,218331,1
D,44965,2,200,200,207,200,4182,3970,610,590,211294,218921,1
D,44975,2,200,200,207,202,4182,3966,610,596,211904,219517,1
D,44985,2,200,200,204,203,4188,3964,600,599,212504,220116,1
D,44995,2,200,200,207,203,4182,3964,611,597,213115,220713,1
D,45005,2,200,200,206,202,4184,3966,606,596,213721,221309,1
D,45015,2,200,200,206,201,4184,3968,606,593,214327,221902,1
D,45025,2,200,200,206,205,4184,3960,608,604,214935,222506,1
D,45035,2,200,200,205,202,4186,3966,603,594,215538,223100,1
D,45045,2,200,200,207,202,4182,3966,610,594,216148,223694,1
D,45055,2,200,200,205,205,4186,3960,603,605,216751,224299,1
D,45065,2,200,200,207,201,4182,3968,609,593,217360,224892,1
D,45075,2,200,200,208,203,4180,3964,612,597,217972,225489,1
D,45085,2,200,200,204,204,4188,3962,600,600,218572,226089,1
D,45095,2,200,200,208,203,4180,3964,612,597,219184,226686,1
D,45105,2,200,200,206,203,4184,3964,608,598,219792,227284,1
D,45115,2,200,200,205,201,4186,3968,604,593,220396,227877,1
D,45125,2,200,200,207,205,4182,3960,611,605,221007,228482,1
D,45135,2,200,200,205,201,4186,3968,604,593,221611,229075,1
D,45145,2,200,200,207,202,4182,3966,610,595,222221,229670,1
D,45155,2,200,200,206,205,4184,3960,606,605,222827,230275,1
D,45165,2,200,200,206,201,4184,3968,606,593,223433,230868,1
D,45175,2,200,200,208,203,4180,3964,612,597,224045,231465,1
D,45185,2,200,200,204,203,4188,3964,601,598,224646,232063,1
D,45195,2,200,200,207,203,4182,3964,610,598,225256,232661,1
D,45205,2,200,200,207,203,4182,3964,609,597,225865,233258,1
D,45215,2,200,200,204,201,4188,3968,602,592,226467,233850,1
D,45225,2,200,200,207,205,4182,3960,611,604,227078,234454,1
D,45235,2,200,200,205,201,4186,3968,605,592,227683,235046,1
D,45245,2,200,200,206,202,4184,3966,607,596,228290,235642,1
D,45255,2,200,200,206,205,4184,3960,607,603,228897,236245,1
D,45265,2,200,200,205,201,4186,3968,604,593,229501,236838,1
D,45275,2,200,200,207,203,4182,3964,610,597,230111,237435,1
D,45285,2,200,200,204,203,4188,3964,601,597,230712,238032,1
D,45295,2,200,200,207,203,4182,3964,609,599,231321,238631,1
D,45305,2,200,200,207,202,4182,3966,609,596,231930,239227,1
D,45315,2,200,200,204,201,4188,3968,600,593,232530,239820,1
D,45325,2,200,200,208,205,4180,3960,612,605,233142,240425,1
D,45335,2,200,200,206,201,4184,3968,607,592,233749,241017,1
D,45345,2,200,200,206,202,4184,3966,606,595,234355,241612,1
D,45355,2,200,200,207,205,4182,3960,610,604,234965,242216,1
D,45365,2,200,200,205,201,4186,3968,603,592,235568,242808,1
D,45375,2,200,200,207,203,4182,3964,610,597,236178,243405,1
D,45385,2,200,200,205,202,4186,3966,604,596,236782,244001,1
D,45395,2,200,200,207,203,4182,3964,609,599,237391,244600,1
D,45405,2,200,200,208,202,4180,3966,613,596,238004,245196,1
D,45415,2,200,200,204,201,4188,3968,600,592,238604,245788,1
D,45425,2,200,200,208,205,4180,3960,613,605,239217,246393,1
D,45435,2,200,200,207,200,4182,3970,609,590,239826,246983,1
D,45445,2,200,200,205,202,4186,3966,604,595,240430,247578,1
D,45455,2,200,200,208,204,4180,3962,612,602,241042,248180,1
D,45465,2,200,200,205,201,4186,3968,605,593,241647,248773,1
D,45475,2,200,200,208,203,4180,3964,612,597,242259,249370,1
D,45485,2,200,200,206,201,4184,3968,607,592,242866,249962,1
D,45495,2,200,200,206,203,4184,3964,608,599,243474,250561,1
D,45505,2,200,200,208,201,4180,3968,614,593,244088,251154,1
D,45515,2,200,200,205,201,4186,3968,603,591,244691,251745,1
D,45525,2,200,200,208,204,4180,3962,613,601,245304,252346,1
D,45535,2,200,200,208,199,4180,3972,612,587,245916,252933,1
D,45545,2,200,200,205,200,4186,3970,603,590,246519,253523,1
D,45555,2,200,200,209,203,4177,3964,615,597,247134,254120,1
D,45565,2,200,200,206,201,4183,3968,608,591,247742,254711,1
D,45575,2,200,200,207,201,4181,3968,610,592,248352,255303,1
D,45585,2,200,200,208,200,4179,3970,613,589,248965,255892,1
D,45595,2,200,200,206,203,4183,3964,606,597,249571,256489,1
D,45605,2,200,200,208,200,4179,3970,614,588,250185,257077,1
D,45615,2,200,200,206,200,4183,3970,607,588,250792,257665,1
D,45625,2,200,200,208,203,4179,3964,612,598,251404,258263,1
D,45635,2,200,200,208,199,4179,3972,614,586,252018,258849,1
D,45645,2,200,200,205,200,4185,3970,605,590,252623,259439,1
D,45655,2,200,200,209,200,4176,3970,617,590,253240,260029,1
D,45665,2,200,200,208,201,4178,3968,612,592,253852,260621,1
D,45675,2,200,200,206,200,4182,3970,607,589,254459,261210,1
D,45685,2,200,200,209,199,4175,3972,615,587,255074,261797,1
D,45695,2,200,200,207,203,4179,3964,609,597,255683,262394,1
D,45705,2,200,200,208,199,4177,3972,614,586,256297,262980,1
D,45715,2,200,200,207,200,4179,3970,611,589,256908,263569,1
D,45725,2,200,200,207,202,4179,3966,610,596,257518,264165,1
D,45735,2,200,200,209,200,4174,3970,615,589,258133,264754,1
D,45745,2,200,200,206,200,4180,3970,607,590,258740,265344,1
D,45755,2,200,200,209,200,4173,3970,615,588,259355,265932,1
D,45765,2,200,200,209,202,4172,3966,615,596,259970,266528,1
D,45775,2,200,200,206,200,4178,3970,606,590,260576,267118,1
D,45785,2,200,200,209,200,4171,3970,617,588,261193,267706,1
D,45795,2,200,200,208,203,4173,3964,613,599,261806,268305,1
D,45805,2,200,200,207,200,4175,3970,610,588,262416,268893,1
D,45815,2,200,200,209,201,4170,3968,616,592,263032,269485,1
D,45825,2,200,200,207,202,4174,3966,611,596,263643,270081,1
D,45835,2,200,200,209,202,4169,3966,615,594,264258,270675,1
D,45845,2,200,200,208,201,4171,3968,612,593,264870,271268,1
D,45855,2,200,200,208,201,4171,3968,612,591,265482,271859,1
D,45865,2,200,200,209,204,4168,3962,616,601,266098,272460,1
D,45875,2,200,200,206,201,4174,3968,608,591,266706,273051,1
D,45885,2,200,200,209,201,4167,3968,617,593,267323,273644,1
D,45895,2,200,200,209,204,4166,3962,616,602,267939,274246,1
D,45905,2,200,200,206,202,4172,3966,608,594,268547,274840,1
D,45915,2,200,200,209,202,4165,3966,617,595,269164,275435,1
D,45925,2,200,200,208,203,4167,3964,613,598,269777,276033,1
D,45935,2,200,200,207,204,4169,3962,611,600,270388,276633,1
D,45945,2,200,200,209,202,4164,3966,616,595,271004,277228,1
D,45955,2,200,200,207,202,4168,3966,611,596,271615,277824,1
D,45965,2,200,200,209,205,4163,3960,616,604,272231,278428,1
D,45975,2,200,200,208,201,4165,3968,613,593,272844,279021,1
D,45985,2,200,200,208,203,4165,3964,613,598,273457,279619,1
D,45995,2,200,200,209,205,4162,3960,617,603,274074,280222,1
D,46005,2,200,200,207,202,4166,3966,609,596,274683,280818,1
D,46015,2,200,200,209,203,4161,3964,616,599,275299,281417,1
D,46025,2,200,200,209,203,4160,3964,616,599,275915,282016,1
D,46035,2,200,200,206,205,4166,3960,607,604,276522,282620,1
D,46045,2,200,200,210,203,4157,3964,618,597,277140,283217,1
D,46055,2,200,200,208,203,4161,3964,614,597,277754,283814,1
D,46065,2,200,200,207,206,4163,3958,611,607,278365,284421,1
D,46075,2,200,200,209,202,4158,3966,616,595,278981,285016,1
D,46085,2,200,200,207,203,4162,3964,610,599,279591,285615,1
D,46095,2,200,200,209,206,4157,3958,616,606,280207,286221,1
D,46105,2,200,200,207,203,4161,3964,611,598,280818,286819,1
D,46115,2,200,200,208,204,4159,3962,613,601,281431,287420,1
D,46125,2,200,200,209,204,4156,3962,616,600,282047,288020,1
D,46135,2,200,200,206,205,4162,3960,608,605,282655,288625,1
D,46145,2,200,200,209,203,4155,3964,617,599,283272,289224,1
D,46155,2,200,200,209,203,4154,3964,616,598,283888,289822,1
D,46165,2,200,200,206,206,4160,3958,607,608,284495,290430,1
D,46175,2,200,200,209,202,4153,3966,616,596,285111,291026,1
D,46185,2,200,200,208,204,4155,3962,612,600,285723,291626,1
D,46195,2,200,200,208,206,4155,3958,612,606,286335,292232,1
D,46205,2,200,200,209,203,4152,3964,615,598,286950,292830,1
D,46215,2,200,200,207,204,4156,3962,609,600,287559,293430,1
D,46225,2,200,200,209,204,4151,3962,615,600,288174,294030,1
D,46235,2,200,200,207,205,4155,3960,611,604,288785,294634,1
D,46245,2,200,200,208,203,4153,3964,613,597,289398,295231,1
D,46255,2,200,200,209,203,4150,3964,616,597,290014,295828,1
D,46265,2,200,200,206,206,4156,3958,606,607,290620,296435,1
D,46275,2,200,200,209,202,4149,3966,616,595,291236,297030,1
D,46285,2,200,200,209,203,4148,3964,615,598,291851,297628,1
D,46295,2,200,200,206,205,4154,3960,608,605,292459,298233,1
D,46305,2,200,200,209,202,4147,3966,616,596,293075,298829,1
D,46315,2,200,200,208,203,4149,3964,613,598,293688,299427,1
D,46325,2,200,200,208,203,4149,3964,612,598,294300,300025,1
D,46335,2,200,200,209,204,4146,3962,615,601,294915,300626,1
D,46345,2,200,200,207,202,4150,3966,610,596,295525,301222,1
D,46355,2,200,200,209,201,4145,3968,617,593,296142,301815,1
D,46365,2,200,200,207,205,4149,3960,610,604,296752,302419,1
D,46375,2,200,200,208,200,4147,3970,613,590,297365,303009,1
D,46385,2,200,200,210,201,4142,3968,618,593,297983,303602,1
D,46395,2,200,200,206,204,4150,3962,606,600,298589,304202,1
D,46405,2,200,200,210,201,4141,3968,618,591,299207,304793,1
D,46415,2,200,200,209,201,4142,3968,615,593,299822,305386,1
D,46425,2,200,200,207,200,4146,3970,609,590,300431,305976,1
D,46435,2,200,200,209,203,4141,3964,617,597,301048,306573,1
D,46445,2,200,200,208,200,4143,3970,613,589,301661,307162,1
D,46455,2,200,200,209,200,4140,3970,615,588,302276,307750,1
D,46465,2,200,200,209,203,4139,3964,615,599,302891,308349,1
D,46475,2,200,200,208,199,4141,3972,612,585,303503,308934,1
D,46485,2,200,200,210,200,4136,3970,618,590,304121,309524,1
D,46495,2,200,200,207,202,4142,3966,610,594,304731,310118,1
D,46505,2,200,200,209,200,4137,3970,617,589,305348,310707,1
D,46515,2,200,200,210,200,4134,3970,618,590,305966,311297,1
D,46525,2,200,200,206,199,4142,3972,607,586,306573,311883,1
D,46535,2,200,200,211,202,4131,3966,620,595,307193,312478,1
D,46545,2,200,200,209,199,4134,3972,616,585,307809,313063,1
D,46555,2,200,200,208,199,4136,3972,613,586,308422,313649,1
D,46565,2,200,200,210,202,4131,3966,619,596,309041,314245,1
D,46575,2,200,200,208,198,4135,3974,612,583,309653,314828,1
D,46585,2,200,200,210,200,4130,3970,619,589,310272,315417,1
D,46595,2,200,200,209,200,4131,3970,615,588,310887,316005,1
D,46605,2,200,200,208,201,4133,3968,614,591,311501,316596,1
D,46615,2,200,200,211,199,4126,3972,620,586,312121,317182,1
D,46625,2,200,200,207,198,4134,3974,611,584,312732,317766,1
D,46635,2,200,200,210,202,4127,3966,619,595,313351,318361,1
D,46645,2,200,200,210,197,4126,3976,619,581,313970,318942,1
D,46655,2,200,200,207,199,4132,3972,610,585,314580,319527,1
D,46665,2,200,200,211,201,4123,3968,621,591,315201,320118,1
D,46675,2,200,200,209,199,4126,3972,616,585,315817,320703,1
D,46685,2,200,200,208,199,4128,3972,614,585,316431,321288,1
D,46695,2,200,200,211,198,4121,3974,620,583,317051,321871,1
D,46705,2,200,200,208,201,4127,3968,614,593,317665,322464,1
D,46715,2,200,200,210,198,4122,3974,619,582,318284,323046,1
D,46725,2,200,200,209,198,4123,3974,615,584,318899,323630,1
D,46735,2,200,200,209,202,4122,3966,615,594,319514,324224,1
D,46745,2,200,200,211,198,4117,3974,620,583,320134,324807,1
D,46755,2,200,200,208,199,4123,3972,613,586,320747,325393,1
D,46765,2,200,200,211,199,4116,3972,620,586,321367,325979,1
D,46775,2,200,200,211,201,4115,3968,620,592,321987,326571,1
D,46785,2,200,200,207,199,4123,3972,610,585,322597,327156,1
D,46795,2,200,200,211,199,4114,3972,622,586,323219,327742,1
D,46805,2,200,200,210,202,4115,3966,618,594,323837,328336,1
D,46815,2,200,200,208,198,4119,3974,613,583,324450,328919,1
D,46825,2,200,200,210,199,4114,3972,619,587,325069,329506,1
D,46835,2,200,200,209,201,4115,3968,616,591,325685,330097,1
D,46845,2,200,200,209,200,4114,3970,617,589,326302,330686,1
D,46855,2,200,200,210,199,4111,3972,618,587,326920,331273,1
D,46865,2,200,200,208,199,4115,3972,613,586,327533,331859,1
D,46875,2,200,200,211,202,4108,3966,620,596,328153,332455,1
D,46885,2,200,200,208,198,4114,3974,614,584,328767,333039,1
D,46895,2,200,200,209,200,4111,3970,617,588,329384,333627,1
D,46905,2,200,200,211,202,4106,3966,620,594,330004,334221,1
D,46915,2,200,200,207,199,4114,3972,609,587,330613,334808,1
D,46925,2,200,200,211,200,4105,3970,621,589,331234,335397,1
D,46935,2,200,200,210,200,4106,3970,618,589,331852,335986,1
D,46945,2,200,200,208,202,4110,3966,612,595,332464,336581,1
D,46955,2,200,200,210,200,4105,3970,619,588,333083,337169,1
D,46965,2,200,200,209,200,4106,3970,616,588,333699,337757,1
D,46975,2,200,200,209,203,4105,3964,616,597,334315,338354,1
D,46985,2,200,200,209,198,4104,3974,617,584,334932,338938,1
D,46995,2,200,200,208,201,4106,3968,613,591,335545,339529,1
D,47005,2,200,200,209,201,4103,3968,617,592,336162,340121,1
D,47015,2,200,200,208,201,4105,3968,613,591,336775,340712,1
D,47025,2,200,200,209,200,4102,3970,616,589,337391,341301,1
D,47035,2,200,200,210,199,4099,3972,618,586,338009,341887,1
D,47045,2,200,200,207,202,4105,3966,609,596,338618,342483,1
D,47055,2,200,200,210,199,4098,3972,618,585,339236,343068,1
D,47065,2,200,200,209,200,4099,3970,617,588,339853,343656,1
D,47075,2,200,200,207,202,4103,3966,609,596,340462,344252,1
D,47085,2,200,200,210,199,4096,3972,618,586,341080,344838,1
D,47095,2,200,200,208,201,4100,3968,613,591,341693,345429,1
D,47105,2,200,200,208,200,4100,3970,613,589,342306,346018,1
D,47115,2,200,200,209,202,4097,3966,615,594,342921,346612,1
D,47125,2,200,200,207,200,4101,3970,611,590,343532,347202,1
D,47135,2,200,200,209,200,4096,3970,617,588,344149,347790,1
D,47145,2,200,200,207,204,4100,3962,609,600,344758,348390,1
D,47155,2,200,200,208,199,4098,3972,613,586,345371,348976,1
D,47165,2,200,200,209,201,4095,3968,617,593,345988,349569,1
D,47175,2,200,200,206,203,4101,3964,606,598,346594,350167,1
D,47185,2,200,200,209,201,4094,3968,616,592,347210,350759,1
D,47195,2,200,200,208,201,4096,3968,614,593,347824,351352,1
D,47205,2,200,200,206,201,4100,3968,608,591,348432,351943,1
D,47215,2,200,200,209,203,4093,3964,616,599,349048,352542,1
D,47225,2,200,200,207,200,4097,3970,610,590,349658,353132,1
D,47235,2,200,200,208,200,4095,3970,613,590,350271,353722,1
D,47245,2,200,200,207,204,4097,3962,611,600,350882,354322,1
D,47255,2,200,200,207,199,4097,3972,609,587,351491,354909,1
D,47265,2,200,200,209,201,4092,3968,616,593,352107,355502,1
D,47275,2,200,200,206,202,4098,3966,606,595,352713,356097,1
D,47285,2,200,200,208,201,4094,3968,614,593,353327,356690,1
D,47295,2,200,200,209,201,4091,3968,615,592,353942,357282,1
D,47305,2,200,200,205,200,4099,3970,604,589,354546,357871,1
D,47315,2,200,200,209,204,4090,3962,616,600,355162,358471,1
D,47325,2,200,200,207,200,4094,3970,610,589,355772,359060,1
D,47335,2,200,200,206,201,4096,3968,608,591,356380,359651,1
D,47345,2,200,200,208,203,4092,3964,614,599,356994,360250,1
D,47355,2,200,200,206,200,4096,3970,608,589,357602,360839,1
D,47365,2,200,200,208,202,4092,3966,613,595,358215,361434,1
D,47375,2,200,200,207,201,4094,3968,609,593,358824,362027,1
D,47385,2,200,200,207,202,4094,3966,610,595,359434,362622,1
D,47395,2,200,200,208,202,4092,3966,614,594,360048,363216,1
D,47405,2,200,200,205,200,4098,3970,603,590,360651,363806,1
D,47415,2,200,200,209,204,4089,3962,615,601,361266,364407,1
D,47425,2,200,200,208,200,4091,3970,612,588,361878,364995,1
D,47435,2,200,200,205,200,4097,3970,604,590,362482,365585,1
D,47445,2,200,200,209,203,4088,3964,615,599,363097,366184,1
D,47455,2,200,200,207,200,4092,3970,609,590,363706,366774,1
D,47465,2,200,200,207,202,4092,3966,610,594,364316,367368,1
D,47475,2,200,200,207,200,4092,3970,611,590,364927,367958,1
D,47485,2,200,200,206,203,4094,3964,607,597,365534,368555,1
D,47495,2,200,200,208,200,4090,3970,614,590,366148,369145,1
D,47505,2,200,200,206,200,4094,3970,606,588,366754,369733,1
D,47515,2,200,200,208,204,4090,3962,612,600,367366,370333,1
D,47525,2,200,200,209,199,4087,3972,615,587,367981,370920,1
D,47535,2,200,200,204,201,4097,3968,602,591,368583,371511,1
D,47545,2,200,200,209,202,4086,3966,615,595,369198,372106,1
D,47555,2,200,200,207,201,4090,3968,610,591,369808,372697,1
D,47565,2,200,200,206,201,4092,3968,606,591,370414,373288,1
D,47575,2,200,200,208,200,4088,3970,613,588,371027,373876,1
D,47585,2,200,200,206,203,4092,3964,607,598,371634,374474,1
D,47595,2,200,200,208,200,4088,3970,613,588,372247,375062,1
D,47605,2,200,200,206,200,4092,3970,608,589,372855,375651,1
D,47615,2,200,200,207,204,4090,3962,609,600,373464,376251,1
D,47625,2,200,200,208,200,4088,3970,614,588,374078,376839,1
D,47635,2,200,200,205,201,4094,3968,604,592,374682,377431,1
D,47645,2,200,200,208,201,4088,3968,613,592,375295,378023,1
D,47655,2,200,200,207,202,4090,3966,611,595,375906,378618,1
D,47665,2,200,200,205,201,4094,3968,603,591,376509,379209,1
D,47675,2,200,200,209,200,4085,3970,615,590,377124,379799,1
D,47685,2,200,200,207,203,4089,3964,609,599,377733,380398,1
D,47695,2,200,200,207,200,4089,3970,609,589,378342,380987,1
D,47705,2,200,200,207,200,4089,3970,611,590,378953,381577,1
D,47715,2,200,200,206,203,4091,3964,606,599,379559,382176,1
D,47725,2,200,200,208,201,4087,3968,613,591,380172,382767,1
D,47735,2,200,200,206,201,4091,3968,606,593,380778,383360,1
D,47745,2,200,200,207,201,4089,3968,611,592,381389,383952,1
D,47755,2,200,200,208,203,4087,3964,613,598,382002,384550,1
D,47765,2,200,200,205,201,4093,3968,603,591,382605,385141,1
D,47775,2,200,200,208,201,4087,3968,614,593,383219,385734,1
D,47785,2,200,200,207,204,4089,3962,610,601,383829,386335,1
D,47795,2,200,200,206,200,4091,3970,606,590,384435,386925,1
D,47805,2,200,200,207,202,4089,3966,611,594,385046,387519,1
D,47815,2,200,200,206,204,4091,3962,606,600,385652,388119,1
D,47825,2,200,200,207,202,4089,3966,611,595,386263,388714,1
D,47835,2,200,200,206,202,4091,3966,608,596,386871,389310,1
D,47845,2,200,200,206,202,4091,3966,608,594,387479,389904,1
D,47855,2,200,200,207,205,4089,3960,611,603,388090,390507,1
D,47865,2,200,200,205,202,4093,3966,604,594,388694,391101,1
D,47875,2,200,200,208,203,4087,3964,612,597,389306,391698,1
D,47885,2,200,200,207,205,4089,3960,611,605,389917,392303,1
D,47895,2,200,200,204,202,4095,3966,601,594,390518,392897,1
D,47905,2,200,200,207,203,4089,3964,611,599,391129,393496,1
D,47915,2,200,200,206,204,4091,3962,608,602,391737,394098,1
D,47925,2,200,200,206,204,4091,3962,608,602,392345,394700,1
D,47935,2,200,200,207,203,4089,3964,609,599,392954,395299,1
D,47945,2,200,200,205,203,4093,3964,605,597,393559,395896,1
D,47955,2,200,200,207,206,4089,3958,610,607,394169,396503,1
D,47965,2,200,200,205,203,4093,3964,604,598,394773,397101,1
D,47975,2,200,200,207,203,4089,3964,609,599,395382,397700,1
D,47985,2,200,200,207,206,4089,3958,610,607,395992,398307,1
D,47995,2,200,200,204,203,4095,3964,601,597,396593,398904,1
D,48005,2,200,200,207,204,4089,3962,611,601,397204,399505,1
D,48015,2,200,200,206,205,4091,3960,606,604,397810,400109,1
D,48025,2,200,200,205,205,4093,3960,603,603,398413,400712,1
D,48035,2,200,200,206,204,4091,3962,608,601,399021,401313,1
D,48045,2,200,200,205,204,4093,3962,603,600,399624,401913,1
D,48055,2,200,200,205,207,4093,3956,605,610,400229,402523,1
D,48065,2,200,200,204,204,4095,3962,602,600,400831,403123,1
D,48075,2,200,200,205,204,4093,3962,603,601,401434,403724,1
D,48085,2,200,200,206,207,4091,3956,606,611,402040,404335,1
D,48095,2,200,200,203,203,4097,3964,597,599,402637,404934,1
D,48105,2,200,200,206,205,4091,3960,606,604,403243,405538,1
D,48115,2,200,200,205,206,4093,3958,603,608,403846,406146,1
D,48125,2,200,200,203,205,4097,3960,597,604,404443,406750,1
D,48135,2,200,200,205,205,4093,3960,604,603,405047,407353,1
D,48145,2,200,200,203,204,4097,3962,599,602,405646,407955,1
D,48155,2,200,200,204,207,4095,3956,602,609,406248,408564,1
D,48165,2,200,200,204,204,4095,3962,600,601,406848,409165,1
D,48175,2,200,200,204,204,4095,3962,600,601,407448,409766,1
D,48185,2,200,200,205,207,4093,3956,604,611,408052,410377,1
D,48195,2,200,200,202,203,4099,3964,595,598,408647,410975,1
D,48205,2,200,200,205,205,4093,3960,605,603,409252,411578,1
D,48215,2,200,200,204,206,4095,3958,601,608,409853,412186,1
D,48225,2,200,200,202,204,4099,3962,596,601,410449,412787,1
D,48235,2,200,200,205,205,4093,3960,603,603,411052,413390,1
D,48245,2,200,200,203,204,4097,3962,599,602,411651,413992,1
D,48255,2,200,200,204,206,4095,3958,602,606,412253,414598,1
D,48265,2,200,200,204,204,4095,3962,600,602,412853,415200,1
D,48275,2,200,200,204,204,4095,3962,600,600,413453,415800,1
D,48285,2,200,200,205,207,4093,3956,604,610,414057,416410,1
D,48295,2,200,200,202,203,4099,3964,595,599,414652,417009,1
D,48305,2,200,200,205,204,4093,3962,604,601,415256,417610,1
D,48315,2,200,200,204,207,4095,3956,602,609,415858,418219,1
D,48325,2,200,200,202,204,4099,3962,596,600,416454,418819,1
D,48335,2,200,200,205,205,4093,3960,603,603,417057,419422,1
D,48345,2,200,200,203,205,4097,3960,599,603,417656,420025,1
D,48355,2,200,200,204,205,4095,3960,602,605,418258,420630,1
D,48365,2,200,200,204,204,4095,3962,600,602,418858,421232,1
D,48375,2,200,200,204,204,4095,3962,600,600,419458,421832,1
D,48385,2,200,200,205,207,4093,3956,604,609,420062,422441,1
D,48395,2,200,200,202,203,4099,3964,595,598,420657,423039,1
D,48405,2,200,200,205,204,4093,3962,604,600,421261,423639,1
D,48415,2,200,200,204,207,4095,3956,602,609,421863,424248,1
D,48425,2,200,200,202,203,4099,3964,596,599,422459,424847,1
D,48435,2,200,200,205,204,4093,3962,605,602,423064,425449,1
D,48445,2,200,200,204,205,4095,3960,600,603,423664,426052,1
D,48455,2,200,200,204,204,4095,3962,602,602,424266,426654,1
D,48465,2,200,200,204,204,4095,3962,600,600,424866,427254,1
D,48475,2,200,200,204,203,4095,3964,600,598,425466,427852,1
D,48485,2,200,200,205,206,4093,3958,604,607,426070,428459,1
D,48495,2,200,200,203,202,4097,3966,597,596,426667,429055,1
D,48505,2,200,200,205,203,4093,3964,605,597,427272,429652,1
D,48515,2,200,200,205,206,4093,3958,603,606,427875,430258,1
D,48525,2,200,200,203,202,4097,3966,597,595,428472,430853,1
D,48535,2,200,200,205,203,4093,3964,605,597,429077,431450,1
D,48545,2,200,200,204,203,4095,3964,601,599,429678,432049,1
D,48555,2,200,200,204,203,4095,3964,602,599,430280,432648,1
D,48565,2,200,200,204,202,4095,3966,602,596,430882,433244,1
D,48575,2,200,200,204,202,4095,3966,601,595,431483,433839,1
D,48585,2,200,200,205,205,4093,3960,605,604,432088,434443,1
D,48595,2,200,200,203,201,4097,3968,598,593,432686,435036,1
D,48605,2,200,200,206,203,4091,3964,606,597,433292,435633,1
D,48615,2,200,200,205,205,4093,3960,604,603,433896,436236,1
D,48625,2,200,200,203,202,4097,3966,598,594,434494,436830,1
D,48635,2,200,200,205,203,4093,3964,605,597,435099,437427,1
D,48645,2,200,200,204,203,4095,3964,602,597,435701,438024,1
D,48655,2,200,200,205,204,4093,3962,603,600,436304,438624,1
D,48665,2,200,200,205,202,4093,3966,604,596,436908,439220,1
D,48675,2,200,200,204,202,4095,3966,600,594,437508,439814,1
D,48685,2,200,200,206,205,4091,3960,607,603,438115,440417,1
D,48695,2,200,200,203,201,4097,3968,599,593,438714,441010,1
D,48705,2,200,200,206,203,4091,3964,606,597,439320,441607,1
D,48715,2,200,200,205,205,4093,3960,605,603,439925,442210,1
D,48725,2,200,200,203,202,4097,3966,597,596,440522,442806,1
D,48735,2,200,200,206,203,4091,3964,607,597,441129,443403,1
D,48745,2,200,200,204,203,4095,3964,602,598,441731,444001,1
D,48755,2,200,200,205,204,4093,3962,603,601,442334,444602,1
D,48765,2,200,200,205,202,4093,3966,605,596,442939,445198,1
D,48775,2,200,200,204,202,4095,3966,602,595,443541,445793,1
D,48785,2,200,200,206,205,4091,3960,606,605,444147,446398,1
D,48795,2,200,200,204,202,4095,3966,600,594,444747,446992,1
D,48805,2,200,200,205,203,4093,3964,605,598,445352,447590,1
D,48815,2,200,200,206,205,4091,3960,607,604,445959,448194,1
D,48825,2,200,200,203,203,4097,3964,597,598,446556,448792,1
D,48835,2,200,200,206,203,4091,3964,608,599,447164,449391,1
D,48845,2,200,200,205,204,4093,3962,605,600,447769,449991,1
D,48855,2,200,200,204,205,4095,3960,602,605,448371,450596,1
D,48865,2,200,200,206,203,4091,3964,607,599,448978,451195,1
D,48875,2,200,200,204,203,4095,3964,601,599,449579,451794,1
D,48885,2,200,200,206,207,4091,3956,606,609,450185,452403,1
D,48895,2,200,200,204,203,4095,3964,601,597,450786,453000,1
D,48905,2,200,200,205,204,4093,3962,605,602,451391,453602,1
D,48915,2,200,200,206,206,4091,3958,607,608,451998,454210,1
D,48925,2,200,200,203,204,4097,3962,598,600,452596,454810,1
D,48935,2,200,200,206,205,4091,3960,607,603,453203,455413,1
D,48945,2,200,200,205,204,4093,3962,605,602,453808,456015,1
D,48955,2,200,200,204,206,4095,3958,601,606,454409,456621,1
D,48965,2,200,200,206,204,4091,3962,606,601,455015,457222,1
D,48975,2,200,200,204,204,4095,3962,602,601,455617,457823,1
D,48985,2,200,200,205,207,4093,3956,605,610,456222,458433,1
D,48995,2,200,200,204,203,4095,3964,602,599,456824,459032,1
D,49005,2,200,200,205,205,4093,3960,604,603,457428,459635,1
D,49015,2,200,200,206,207,4091,3956,606,609,458034,460244,1
D,49025,2,200,200,203,204,4097,3962,598,602,458632,460846,1
D,49035,2,200,200,206,205,4091,3960,606,604,459238,461450,1
D,49045,2,200,200,205,206,4093,3958,605,606,459843,462056,1
D,49055,2,200,200,203,206,4097,3958,599,608,460442,462664,1
D,49065,2,200,200,205,205,4093,3960,605,604,461047,463268,1
D,49075,2,200,200,204,205,4095,3960,601,603,461648,463871,1
D,49085,2,200,200,205,208,4093,3954,604,612,462252,464483,1
D,49095,2,200,200,205,205,4093,3960,603,603,462855,465086,1
D,49105,2,200,200,205,205,4093,3960,603,605,463458,465691,1
D,49115,2,200,200,205,208,4093,3954,605,612,464063,466303,1
D,49125,2,200,200,203,204,4097,3962,597,602,464660,466905,1
D,49135,2,200,200,206,206,4091,3958,606,606,465266,467511,1
D,49145,2,200,200,205,207,4093,3956,603,610,465869,468121,1
D,49155,2,200,200,203,206,4097,3958,597,607,466466,468728,1
D,49165,2,200,200,205,206,4093,3958,604,606,467070,469334,1
D,49175,2,200,200,204,205,4095,3960,601,605,467671,469939,1
D,49185,2,200,200,204,208,4095,3954,601,612,468272,470551,1
D,49195,2,200,200,204,205,4095,3960,601,604,468873,471155,1
D,49205,2,200,200,203,205,4097,3960,599,605,469472,471760,1
D,49215,2,200,200,205,208,4093,3954,604,614,470076,472374,1
D,49225,2,200,200,202,204,4099,3962,595,602,470671,472976,1
D,49235,2,200,200,205,205,4093,3960,604,605,471275,473581,1
D,49245,2,200,200,204,208,4095,3954,602,612,471877,474193,1
D,49255,2,200,200,202,205,4099,3960,596,604,472473,474797,1
D,49265,2,200,200,205,206,4093,3958,604,606,473077,475403,1
D,49275,2,200,200,203,205,4097,3960,599,605,473676,476008,1
D,49285,2,200,200,204,207,4095,3956,601,610,474277,476618,1
D,49295,2,200,200,204,205,4095,3960,600,605,474877,477223,1
D,49305,2,200,200,203,205,4097,3960,599,603,475476,477826,1
D,49315,2,200,200,205,208,4093,3954,603,613,476079,478439,1
D,49325,2,200,200,202,204,4099,3962,596,601,476675,479040,1
D,49335,2,200,200,205,205,4093,3960,603,605,477278,479645,1
D,49345,2,200,200,204,208,4095,3954,602,612,477880,480257,1
D,49355,2,200,200,202,205,4099,3960,595,603,478475,480860,1
D,49365,2,200,200,205,205,4093,3960,603,605,479078,481465,1
D,49375,2,200,200,203,206,4097,3958,599,607,479677,482072,1
D,49385,2,200,200,204,206,4095,3958,601,607,480278,482679,1
D,49395,2,200,200,203,205,4097,3960,599,604,480877,483283,1
D,49405,2,200,200,204,205,4095,3960,600,603,481477,483886,1
D,49415,2,200,200,205,207,4093,3956,603,611,482080,484497,1
D,49425,2,200,200,202,204,4099,3962,595,602,482675,485099,1
D,49435,2,200,200,205,205,4093,3960,604,603,483279,485702,1
D,49445,2,200,200,204,208,4095,3954,602,612,483881,486314,1
D,49455,2,200,200,202,204,4099,3962,596,600,484477,486914,1
D,49465,2,200,200,205,205,4093,3960,604,604,485081,487518,1
D,49475,2,200,200,203,206,4097,3958,599,608,485680,488126,1
D,49485,2,200,200,204,205,4095,3960,602,604,486282,488730,1
D,49495,2,200,200,204,205,4095,3960,600,604,486882,489334,1
D,49505,2,200,200,204,204,4095,3962,600,601,487482,489935,1
D,49515,2,200,200,205,207,4093,3956,604,609,488086,490544,1
D,49525,2,200,200,203,204,4097,3962,597,602,488683,491146,1
D,49535,2,200,200,205,204,4093,3962,605,600,489288,491746,1
D,49545,2,200,200,204,207,4095,3956,602,610,489890,492356,1
D,49555,2,200,200,202,203,4099,3964,596,597,490486,492953,1
D,49565,2,200,200,205,204,4093,3962,605,600,491091,493553,1
D,49575,2,200,200,204,206,4095,3958,600,607,491691,494160,1
D,49585,2,200,200,204,204,4095,3962,602,601,492293,494761,1
D,49595,2,200,200,204,204,4095,3962,602,601,492895,495362,1
D,49605,2,200,200,204,204,4095,3962,600,601,493495,495963,1
D,49615,2,200,200,205,205,4093,3960,605,605,494100,496568,1
D,49625,2,200,200,202,204,4099,3962,596,600,494696,497168,1
D,49635,2,200,200,205,203,4093,3964,605,598,495301,497766,1
D,49645,2,200,200,205,206,4093,3958,604,608,495905,498374,1
D,49655,2,200,200,202,202,4099,3966,596,596,496501,498970,1
D,49665,2,200,200,206,203,4091,3964,606,599,497107,499569,1
D,49675,2,200,200,204,205,4095,3960,602,605,497709,500174,1
D,49685,2,200,200,204,203,4095,3964,602,598,498311,500772,1
D,49695,2,200,200,205,204,4093,3962,603,600,498914,501372,1
D,49705,2,200,200,204,203,4095,3964,600,598,499514,501970,1
D,49715,2,200,200,205,205,4093,3960,605,604,500119,502574,1
D,49725,2,200,200,203,203,4097,3964,599,599,500718,503173,1
D,49735,2,200,200,206,203,4091,3964,606,597,501324,503770,1
D,49745,2,200,200,205,206,4093,3958,605,607,501929,504377,1
D,49755,2,200,200,203,202,4097,3966,597,595,502526,504972,1
D,49765,2,200,200,206,203,4091,3964,607,599,503133,505571,1
D,49775,2,200,200,204,206,4095,3958,602,606,503735,506177,1
D,49785,2,200,200,205,203,4093,3964,603,599,504338,506776,1
D,49795,2,200,200,205,204,4093,3962,604,600,504942,507376,1
D,49805,2,200,200,204,204,4095,3962,600,600,505542,507976,1
D,49815,2,200,200,206,205,4091,3960,606,605,506148,508581,1
D,49825,2,200,200,204,203,4095,3964,600,599,506748,509180,1
D,49835,2,200,200,206,203,4091,3964,606,598,507354,509778,1
D,49845,2,200,200,206,206,4091,3958,606,608,507960,510386,1
D,49855,2,200,200,203,203,4097,3964,598,598,508558,510984,1
D,49865,2,200,200,206,204,4091,3962,608,600,509166,511584,1
D,49875,2,200,200,205,206,4093,3958,604,607,509770,512191,1
D,49885,2,200,200,204,204,4095,3962,602,600,510372,512791,1
D,49895,2,200,200,206,204,4091,3962,606,602,510978,513393,1
D,49905,2,200,200,204,204,4095,3962,601,602,511579,513995,1
D,49915,2,200,200,206,206,4091,3958,606,606,512185,514601,1
D,49925,2,200,200,204,204,4095,3962,602,602,512787,515203,1
D,49935,2,200,200,205,204,4093,3962,605,601,513392,515804,1
D,49945,2,200,200,206,207,4091,3956,607,610,513999,516414,1
D,49955,2,200,200,203,204,4097,3962,598,600,514597,517014,1
D,49965,2,200,200,206,204,4091,3962,608,602,515205,517616,1
D,49975,2,200,200,205,207,4093,3956,604,611,515809,518227,1
D,49985,2,200,200,204,204,4095,3962,600,601,516409,518828,1
D,49995,2,200,200,206,205,4091,3960,606,604,517015,519432,1
D,50005,2,200,200,204,206,4095,3958,602,606,517617,520038,1
D,50015,2,200,200,206,206,4091,3958,606,606,518223,520644,1
D,50025,2,200,200,204,205,4095,3960,600,604,518823,521248,1
D,50035,2,200,200,205,205,4093,3960,603,603,519426,521851,1
D,50045,2,200,200,205,207,4093,3956,605,611,520031,522462,1
D,50055,2,200,200,202,204,4099,3962,596,602,520627,523064,1
D,50065,2,200,200,206,205,4091,3960,606,604,521233,523668,1
D,50075,2,200,200,204,208,4095,3954,602,612,521835,524280,1
D,50085,2,200,200,203,204,4097,3962,599,602,522434,524882,1
D,50095,2,200,200,205,205,4093,3960,604,605,523038,525487,1
D,50105,2,200,200,203,207,4097,3956,599,610,523637,526097,1
D,50115,2,200,200,205,206,4093,3958,603,607,524240,526704,1
D,50125,2,200,200,203,206,4097,3958,599,607,524839,527311,1
D,50135,2,200,200,204,205,4095,3960,601,604,525440,527915,1
D,50145,2,200,200,205,208,4093,3954,603,612,526043,528527,1
D,50155,2,200,200,202,205,4099,3960,595,605,526638,529132,1
D,50165,2,200,200,205,205,4093,3960,605,605,527243,529737,1
D,50175,2,200,200,204,208,4095,3954,601,614,527844,530351,1
D,50185,2,200,200,202,205,4099,3960,596,603,528440,530954,1
D,50195,2,200,200,205,206,4093,3958,603,606,529043,531560,1
D,50205,2,200,200,203,208,4097,3954,597,613,529640,532173,1
D,50215,2,200,200,204,205,4095,3960,602,605,530242,532778,1
D,50225,2,200,200,203,206,4097,3958,598,607,530840,533385,1
D,50235,2,200,200,203,206,4097,3958,599,607,531439,533992,1
D,50245,2,200,200,205,207,4093,3956,603,611,532042,534603,1
D,50255,2,200,200,202,206,4099,3958,595,606,532637,535209,1
D,50265,2,200,200,205,205,4093,3960,604,605,533241,535814,1
D,50275,2,200,200,204,208,4095,3954,600,614,533841,536428,1
D,50285,2,200,200,202,205,4099,3960,595,603,534436,537031,1
D,50295,2,200,200,204,206,4095,3958,602,606,535038,537637,1
D,50305,2,200,200,203,209,4097,3951,598,615,535636,538252,1
D,50315,2,200,200,204,205,4095,3959,601,603,536237,538855,1
D,50325,2,200,200,203,206,4097,3957,597,607,536834,539462,1
D,50335,2,200,200,203,207,4097,3955,599,609,537433,540071,1
D,50345,2,200,200,205,206,4093,3957,603,608,538036,540679,1
D,50355,2,200,200,201,206,4101,3957,593,606,538629,541285,1
D,50365,2,200,200,204,205,4095,3959,602,605,539231,541890,1
D,50375,2,200,200,203,208,4097,3953,599,613,539830,542503,1
D,50385,2,200,200,202,205,4099,3959,594,605,540424,543108,1
D,50395,2,200,200,204,205,4095,3959,601,604,541025,543712,1
D,50405,2,200,200,203,209,4097,3950,597,615,541622,544327,1
D,50415,2,200,200,204,204,4095,3960,601,602,542223,544929,1
D,50425,2,200,200,202,206,4099,3956,595,606,542818,545535,1
D,50435,2,200,200,203,208,4097,3952,597,612,543415,546147,1
D,50445,2,200,200,205,205,4093,3958,603,605,544018,546752,1
D,50455,2,200,200,201,206,4101,3956,591,607,544609,547359,1
D,50465,2,200,200,205,205,4093,3958,604,604,545213,547963,1
D,50475,2,200,200,203,207,4097,3954,598,610,545811,548573,1
D,50485,2,200,200,202,205,4099,3958,596,604,546407,549177,1
D,50495,2,200,200,204,204,4095,3960,601,602,547008,549779,1
D,50505,2,200,200,203,208,4097,3952,597,613,547605,550392,1
D,50515,2,200,200,205,204,4093,3960,603,601,548208,550993,1
D,50525,2,200,200,203,205,4097,3958,597,603,548805,551596,1
D,50535,2,200,200,204,207,4095,3954,600,610,549405,552206,1
D,50545,2,200,200,204,204,4095,3960,602,600,550007,552806,1
D,50555,2,200,200,202,205,4099,3958,594,603,550601,553409,1
D,50565,2,200,200,205,205,4093,3958,604,604,551205,554013,1
D,50575,2,200,200,204,205,4095,3958,600,604,551805,554617,1
D,50585,2,200,200,203,205,4097,3958,597,603,552402,555220,1
D,50595,2,200,200,205,203,4093,3962,604,599,553006,555819,1
D,50605,2,200,200,203,207,4097,3954,597,609,553603,556428,1
D,50615,2,200,200,205,203,4093,3962,604,598,554207,557026,1
D,50625,2,200,200,203,203,4097,3962,597,599,554804,557625,1
D,50635,2,200,200,204,206,4095,3956,601,608,555405,558233,1
D,50645,2,200,200,205,203,4093,3962,604,597,556009,558830,1
D,50655,2,200,200,202,204,4099,3960,594,600,556603,559430,1
D,50665,2,200,200,205,204,4093,3960,605,602,557208,560032,1
D,50675,2,200,200,204,204,4095,3960,602,602,557810,560634,1
D,50685,2,200,200,203,204,4097,3960,598,600,558408,561234,1
D,50695,2,200,200,205,203,4093,3962,603,598,559011,561832,1
D,50705,2,200,200,203,206,4097,3956,599,607,559610,562439,1
D,50715,2,200,200,205,203,4093,3962,604,597,560214,563036,1
D,50725,2,200,200,203,203,4097,3962,599,598,560813,563634,1
D,50735,2,200,200,204,207,4095,3954,602,609,561415,564243,1
D,50745,2,200,200,206,203,4091,3962,606,597,562021,564840,1
D,50755,2,200,200,202,204,4099,3960,596,601,562617,565441,1
D,50765,2,200,200,206,204,4091,3960,608,602,563225,566043,1
D,50775,2,200,200,205,205,4093,3958,603,603,563828,566646,1
D,50785,2,200,200,203,204,4097,3960,598,600,564426,567246,1
D,50795,2,200,200,205,203,4093,3962,605,599,565031,567845,1
D,50805,2,200,200,204,207,4095,3954,600,609,565631,568454,1
D,50815,2,200,200,206,203,4091,3962,606,599,566237,569053,1
D,50825,2,200,200,204,204,4095,3960,601,600,566838,569653,1
D,50835,2,200,200,205,207,4093,3954,603,611,567441,570264,1
D,50845,2,200,200,206,203,4091,3962,607,599,568048,570863,1
D,50855,2,200,200,203,205,4097,3958,597,603,568645,571466,1
D,50865,2,200,200,206,206,4091,3956,608,607,569253,572073,1
D,50875,2,200,200,205,205,4093,3958,604,605,569857,572678,1
D,50885,2,200,200,203,205,4097,3958,598,605,570455,573283,1
D,50895,2,200,200,206,204,4091,3960,607,601,571062,573884,1
D,50905,2,200,200,204,207,4095,3954,601,611,571663,574495,1
D,50915,2,200,200,206,205,4091,3958,606,603,572269,575098,1
D,50925,2,200,200,205,204,4093,3960,603,602,572872,575700,1
D,50935,2,200,200,205,208,4093,3952,604,613,573476,576313,1
D,50945,2,200,200,206,204,4091,3960,608,600,574084,576913,1
D,50955,2,200,200,203,205,4097,3958,598,604,574682,577517,1
D,50965,2,200,200,206,207,4091,3954,608,610,575290,578127,1
D,50975,2,200,200,206,205,4091,3958,606,604,575896,578731,1
D,50985,2,200,200,203,206,4097,3956,599,606,576495,579337,1
D,50995,2,200,200,207,205,4089,3958,609,603,577104,579940,1
D,51005,2,200,200,205,207,4093,3954,603,610,577707,580550,1
D,51015,2,200,200,205,205,4093,3958,605,604,578312,581154,1
D,51025,2,200,200,206,205,4091,3958,606,603,578918,581757,1
D,51035,2,200,200,204,208,4095,3952,601,614,579519,582371,1
D,51045,2,200,200,207,204,4089,3960,609,602,580128,582973,1
D,51055,2,200,200,203,205,4097,3958,598,604,580726,583577,1
D,51065,2,200,200,206,208,4091,3952,607,613,581333,584190,1
D,51075,2,200,200,206,205,4091,3958,607,604,581940,584794,1
D,51085,2,200,200,203,206,4097,3956,597,606,582537,585400,1
D,51095,2,200,200,207,206,4089,3956,609,606,583146,586006,1
D,51105,2,200,200,204,207,4095,3954,602,610,583748,586616,1
D,51115,2,200,200,205,206,4093,3956,603,606,584351,587222,1
D,51125,2,200,200,205,205,4093,3958,605,603,584956,587825,1
D,51135,2,200,200,204,208,4095,3952,600,614,585556,588439,1
D,51145,2,200,200,206,205,4091,3958,606,603,586162,589042,1
D,51155,2,200,200,203,205,4097,3958,598,605,586760,589647,1
D,51165,2,200,200,205,208,4093,3952,605,614,587365,590261,1
D,51175,2,200,200,206,205,4091,3958,606,603,587971,590864,1
D,51185,2,200,200,202,206,4099,3956,594,606,588565,591470,1
D,51195,2,200,200,206,207,4091,3954,607,610,589172,592080,1
D,51205,2,200,200,204,206,4095,3956,601,607,589773,592687,1
D,51215,2,200,200,203,206,4097,3956,599,607,590372,593294,1
D,51225,2,200,200,205,205,4093,3958,604,603,590976,593897,1
D,51235,2,200,200,203,208,4097,3952,599,612,591575,594509,1
D,51245,2,200,200,206,205,4091,3958,606,605,592181,595114,1
D,51255,2,200,200,203,204,4097,3960,599,602,592780,595716,1
D,51265,2,200,200,205,208,4093,3952,603,613,593383,596329,1
D,51275,2,200,200,206,204,4091,3960,607,601,593990,596930,1
D,51285,2,200,200,202,205,4099,3958,595,605,594585,597535,1
D,51295,2,200,200,206,208,4091,3952,607,612,595192,598147,1
D,51305,2,200,200,204,205,4095,3958,602,604,595794,598751,1
D,51315,2,200,200,203,206,4097,3956,599,606,596393,599357,1
D,51325,2,200,200,205,205,4093,3958,605,604,596998,599961,1
D,51335,2,200,200,203,207,4097,3954,599,610,597597,600571,1
D,51345,2,200,200,206,205,4091,3958,606,605,598203,601176,1
D,51355,2,200,200,203,204,4097,3960,599,602,598802,601778,1
D,51365,2,200,200,204,208,4095,3952,602,614,599404,602392,1
D,51375,2,200,200,206,204,4091,3960,606,602,600010,602994,1
D,51385,2,200,200,202,205,4099,3958,595,604,600605,603598,1
D,51395,2,200,200,206,208,4091,3952,607,613,601212,604211,1
D,51405,2,200,200,204,204,4095,3960,602,602,601814,604813,1
D,51415,2,200,200,203,206,4097,3956,599,606,602413,605419,1
D,51425,2,200,200,206,205,4091,3958,606,605,603019,606024,1
D,51435,2,200,200,204,206,4095,3956,600,607,603619,606631,1
D,51445,2,200,200,206,206,4091,3956,606,606,604225,607237,1
D,51455,2,200,200,204,204,4095,3960,600,602,604825,607839,1
D,51465,2,200,200,204,208,4095,3952,602,613,605427,608452,1
D,51475,2,200,200,206,204,4091,3960,607,601,606034,609053,1
D,51485,2,200,200,202,205,4099,3958,595,604,606629,609657,1
D,51495,2,200,200,206,208,4091,3952,607,614,607236,610271,1
D,51505,2,200,200,205,204,4093,3960,603,601,607839,610872,1
D,51515,2,200,200,203,205,4097,3958,598,605,608437,611477,1
D,51525,2,200,200,206,206,4091,3956,606,608,609043,612085,1
D,51535,2,200,200,203,205,4097,3958,599,605,609642,612690,1
D,51545,2,200,200,205,205,4093,3958,604,604,610246,613294,1
D,51555,2,200,200,204,204,4095,3960,601,601,610847,613895,1
D,51565,2,200,200,204,207,4095,3954,602,610,611449,614505,1
D,51575,2,200,200,206,204,4091,3960,606,602,612055,615107,1
D,51585,2,200,200,203,204,4097,3960,597,600,612652,615707,1
D,51595,2,200,200,206,207,4091,3954,607,611,613259,616318,1
D,51605,2,200,200,205,203,4093,3962,605,597,613864,616915,1
D,51615,2,200,200,203,204,4097,3960,597,602,614461,617517,1
D,51625,2,200,200,206,206,4091,3956,607,607,615068,618124,1
D,51635,2,200,200,204,204,4095,3960,601,601,615669,618725,1
D,51645,2,200,200,205,204,4093,3960,604,602,616273,619327,1
D,51655,2,200,200,205,203,4093,3962,604,599,616877,619926,1
D,51665,2,200,200,204,206,4095,3956,601,607,617478,620533,1
D,51675,2,200,200,207,204,4089,3960,609,600,618087,621133,1
D,51685,2,200,200,203,203,4097,3962,597,598,618684,621731,1
D,51695,2,200,200,206,207,4091,3954,607,611,619291,622342,1
D,51705,2,200,200,206,203,4091,3962,606,597,619897,622939,1
D,51715,2,200,200,202,204,4099,3960,596,601,620493,623540,1
D,51725,2,200,200,207,206,4089,3956,609,608,621102,624148,1
D,51735,2,200,200,204,204,4095,3960,602,600,621704,624748,1
D,51745,2,200,200,205,205,4093,3958,604,604,622308,625352,1
D,51755,2,200,200,205,204,4093,3960,605,600,622913,625952,1
D,51765,2,200,200,204,206,4095,3956,601,607,623514,626559,1
D,51775,2,200,200,206,204,4091,3960,608,601,624122,627160,1
D,51785,2,200,200,204,203,4095,3962,600,599,624722,627759,1
D,51795,2,200,200,206,207,4091,3954,606,611,625328,628370,1
D,51805,2,200,200,206,203,4091,3962,607,599,625935,628969,1
D,51815,2,200,200,203,204,4097,3960,597,602,626532,629571,1
D,51825,2,200,200,207,208,4089,3952,609,612,627141,630183,1
D,51835,2,200,200,205,204,4093,3960,603,601,627744,630784,1
D,51845,2,200,200,205,205,4093,3958,603,605,628347,631389,1
D,51855,2,200,200,206,205,4091,3958,606,605,628953,631994,1
D,51865,2,200,200,204,207,4095,3954,601,609,629554,632603,1
D,51875,2,200,200,206,205,4091,3958,606,605,630160,633208,1
D,51885,2,200,200,204,204,4095,3960,600,602,630760,633810,1
D,51895,2,200,200,206,208,4091,3952,606,614,631366,634424,1
D,51905,2,200,200,206,204,4091,3960,608,602,631974,635026,1
D,51915,2,200,200,203,205,4097,3958,597,604,632571,635630,1
D,51925,2,200,200,207,208,4089,3952,610,614,633181,636244,1
D,51935,2,200,200,205,205,4093,3958,605,603,633786,636847,1
D,51945,2,200,200,204,206,4095,3956,602,607,634388,637454,1
D,51955,2,200,200,206,207,4091,3954,607,609,634995,638063,1
D,51965,2,200,200,204,206,4095,3956,602,607,635597,638670,1
D,51975,2,200,200,206,206,4091,3956,608,608,636205,639278,1
D,51985,2,200,200,204,205,4095,3958,602,604,636807,639882,1
D,51995,2,200,200,205,208,4093,3952,605,614,637412,640496,1
D,52005,2,200,200,206,206,4091,3956,608,606,638020,641102,1
D,52015,2,200,200,203,205,4097,3958,598,605,638618,641707,1
D,52025,2,200,200,207,209,4089,3949,609,616,639227,642323,1
D,52035,2,200,200,205,205,4093,3957,605,603,639832,642926,1
D,52045,2,200,200,203,206,4097,3955,599,608,640431,643534,1
D,52055,2,200,200,206,208,4091,3951,607,613,641038,644147,1
D,52065,2,200,200,204,206,4095,3955,601,607,641639,644754,1
D,52075,2,200,200,206,207,4091,3953,606,610,642245,645364,1
D,52085,2,200,200,205,206,4093,3955,603,608,642848,645972,1
D,52095,2,200,200,204,208,4095,3951,602,613,643450,646585,1
D,52105,2,200,200,206,207,4091,3953,607,609,644057,647194,1
D,52115,2,200,200,203,205,4097,3957,597,605,644654,647799,1
D,52125,2,200,200,206,210,4091,3946,607,618,645261,648417,1
D,52135,2,200,200,205,205,4093,3956,604,604,645865,649021,1
D,52145,2,200,200,203,206,4097,3954,597,607,646462,649628,1
D,52155,2,200,200,206,210,4091,3945,607,618,647069,650246,1
D,52165,2,200,200,204,205,4095,3955,601,604,647670,650850,1
D,52175,2,200,200,205,207,4093,3951,603,609,648273,651459,1
D,52185,2,200,200,205,208,4093,3949,603,612,648876,652071,1
D,52195,2,200,200,203,206,4097,3953,599,608,649475,652679,1
D,52205,2,200,200,206,207,4091,3951,607,610,650082,653289,1
D,52215,2,200,200,202,205,4099,3955,596,605,650678,653894,1
D,52225,2,200,200,205,209,4093,3946,605,615,651283,654509,1
D,52235,2,200,200,205,206,4093,3952,605,606,651888,655115,1
D,52245,2,200,200,202,205,4099,3954,596,605,652484,655720,1
D,52255,2,200,200,206,209,4091,3945,607,616,653091,656336,1
D,52265,2,200,200,204,204,4095,3955,600,602,653691,656938,1
D,52275,2,200,200,205,206,4093,3951,603,608,654294,657546,1
D,52285,2,200,200,205,208,4093,3947,603,613,654897,658159,1
D,52295,2,200,200,203,205,4097,3953,599,604,655496,658763,1
D,52305,2,200,200,206,207,4091,3949,606,609,656102,659372,1
D,52315,2,200,200,203,206,4097,3951,597,606,656699,659978,1
D,52325,2,200,200,205,207,4093,3949,605,609,657304,660587,1
D,52335,2,200,200,206,206,4091,3951,606,606,657910,661193,1
D,52345,2,200,200,202,205,4099,3953,595,603,658505,661796,1
D,52355,2,200,200,206,208,4091,3947,607,614,659112,662410,1
D,52365,2,200,200,204,204,4095,3955,600,602,659712,663012,1
D,52375,2,200,200,204,205,4095,3953,601,604,660313,663616,1
D,52385,2,200,200,205,208,4093,3947,603,613,660916,664229,1
D,52395,2,200,200,203,204,4097,3955,598,602,661514,664831,1
D,52405,2,200,200,205,206,4093,3951,605,606,662119,665437,1
D,52415,2,200,200,203,206,4097,3951,597,607,662716,666044,1
D,52425,2,200,200,205,206,4093,3951,604,607,663320,666651,1
D,52435,2,200,200,205,206,4093,3951,605,607,663925,667258,1
D,52445,2,200,200,201,205,4101,3953,593,603,664518,667861,1
D,52455,2,200,200,206,208,4091,3947,606,613,665124,668474,1
D,52465,2,200,200,204,204,4095,3955,601,602,665725,669076,1
D,52475,2,200,200,204,205,4095,3953,600,603,666325,669679,1
D,52485,2,200,200,205,208,4093,3947,605,613,666930,670292,1
D,52495,2,200,200,203,204,4097,3955,599,600,667529,670892,1
D,52505,2,200,200,206,206,4091,3951,606,606,668135,671498,1
D,52515,2,200,200,203,206,4097,3951,599,607,668734,672105,1
D,52525,2,200,200,205,205,4093,3953,604,603,669338,672708,1
D,52535,2,200,200,206,205,4091,3953,607,605,669945,673313,1
D,52545,2,200,200,202,204,4099,3955,594,602,670539,673915,1
D,52555,2,200,200,206,207,4091,3949,607,610,671146,674525,1
D,52565,2,200,200,204,204,4095,3955,602,602,671748,675127,1
D,52575,2,200,200,204,204,4095,3955,601,601,672349,675728,1
D,52585,2,200,200,206,208,4091,3947,606,613,672955,676341,1
D,52595,2,200,200,203,203,4097,3957,599,599,673554,676940,1
D,52605,2,200,200,206,205,4091,3953,606,604,674160,677544,1
D,52615,2,200,200,204,207,4095,3949,600,609,674760,678153,1
D,52625,2,200,200,204,204,4095,3955,602,602,675362,678755,1
D,52635,2,200,200,206,205,4091,3953,607,604,675969,679359,1
D,52645,2,200,200,202,204,4099,3955,594,602,676563,679961,1
D,52655,2,200,200,206,206,4091,3951,608,607,677171,680568,1
D,52665,2,200,200,205,204,4093,3955,603,601,677774,681169,1
D,52675,2,200,200,204,204,4095,3955,600,600,678374,681769,1
D,52685,2,200,200,206,207,4091,3949,607,611,678981,682380,1
D,52695,2,200,200,204,203,4095,3957,600,598,679581,682978,1
D,52705,2,200,200,206,204,4091,3955,607,602,680188,683580,1
D,52715,2,200,200,204,207,4095,3949,601,609,680789,684189,1
D,52725,2,200,200,205,204,4093,3955,604,600,681393,684789,1
D,52735,2,200,200,206,205,4091,3953,608,604,682001,685393,1
D,52745,2,200,200,203,205,4097,3953,598,603,682599,685996,1
D,52755,2,200,200,207,206,4089,3951,609,606,683208,686602,1
D,52765,2,200,200,206,205,4091,3953,606,604,683814,687206,1
D,52775,2,200,200,203,203,4097,3957,599,599,684413,687805,1
D,52785,2,200,200,207,208,4089,3947,609,613,685022,688418,1
D,52795,2,200,200,204,204,4095,3955,602,600,685624,689018,1
D,52805,2,200,200,206,205,4091,3953,606,604,686230,689622,1
D,52815,2,200,200,205,208,4093,3947,604,612,686834,690234,1
D,52825,2,200,200,205,204,4093,3955,604,601,687438,690835,1
D,52835,2,200,200,207,206,4089,3951,610,607,688048,691442,1
D,52845,2,200,200,203,206,4097,3951,599,608,688647,692050,1
D,52855,2,200,200,207,206,4089,3951,609,608,689256,692658,1
D,52865,2,200,200,206,206,4091,3951,608,608,689864,693266,1
D,52875,2,200,200,203,205,4097,3953,599,603,690463,693869,1
D,52885,2,200,200,207,208,4089,3947,609,614,691072,694483,1
D,52895,2,200,200,205,205,4093,3953,604,604,691676,695087,1
D,52905,2,200,200,206,206,4091,3951,606,606,692282,695693,1
D,52915,2,200,200,206,209,4091,3944,607,616,692889,696309,1
D,52925,2,200,200,204,204,4095,3954,602,602,693491,696911,1
D,52935,2,200,200,207,206,4089,3950,609,608,694100,697519,1
D,52945,2,200,200,204,208,4095,3946,600,613,694700,698132,1
D,52955,2,200,200,206,206,4091,3950,608,606,695308,698738,1
D,52965,2,200,200,206,207,4091,3948,608,609,695916,699347,1
D,52975,2,200,200,203,206,4097,3950,597,606,696513,699953,1
D,52985,2,200,200,207,208,4089,3946,611,614,697124,700567,1
D,52995,2,200,200,205,206,4093,3950,605,608,697729,701175,1
D,53005,2,200,200,205,206,4093,3950,603,606,698332,701781,1
D,53015,2,200,200,206,209,4091,3943,608,617,698940,702398,1
D,53025,2,200,200,204,205,4095,3951,602,605,699542,703003,1
D,53035,2,200,200,206,207,4091,3947,608,609,700150,703612,1
D,53045,2,200,200,204,209,4095,3942,602,616,700752,704228,1
D,53055,2,200,200,205,206,4093,3948,605,606,701357,704834,1
D,53065,2,200,200,207,207,4089,3946,609,611,701966,705445,1
D,53075,2,200,200,203,207,4097,3946,597,611,702563,706056,1
D,53085,2,200,200,207,207,4089,3946,609,611,703172,706667,1
D,53095,2,200,200,205,207,4093,3946,605,610,703777,707277,1
D,53105,2,200,200,204,206,4095,3948,600,606,704377,707883,1
D,53115,2,200,200,206,209,4091,3941,607,617,704984,708500,1
D,53125,2,200,200,204,206,4095,3947,601,606,705585,709106,1
D,53135,2,200,200,205,206,4093,3947,605,608,706190,709714,1
D,53145,2,200,200,204,209,4095,3940,601,617,706791,710331,1
D,53155,2,200,200,204,205,4095,3948,602,604,707393,710935,1
D,53165,2,200,200,206,207,4091,3944,607,610,708000,711545,1
D,53175,2,200,200,202,209,4099,3939,595,615,708595,712160,1
D,53185,2,200,200,206,206,4091,3945,607,608,709202,712768,1
D,53195,2,200,200,205,207,4093,3943,604,609,709806,713377,1
D,53205,2,200,200,203,206,4097,3945,598,608,710404,713985,1
D,53215,2,200,200,206,208,4091,3941,607,613,711011,714598,1
D,53225,2,200,200,204,206,4095,3945,601,608,711612,715206,1
D,53235,2,200,200,205,205,4093,3947,605,605,712217,715811,1
D,53245,2,200,200,204,209,4095,3938,602,617,712819,716428,1
D,53255,2,200,200,204,205,4095,3946,602,604,713421,717032,1
D,53265,2,200,200,206,206,4091,3944,607,608,714028,717640,1
D,53275,2,200,200,202,209,4099,3937,596,616,714624,718256,1
D,53285,2,200,200,206,205,4091,3945,606,604,715230,718860,1
D,53295,2,200,200,205,207,4093,3941,604,609,715834,719469,1
D,53305,2,200,200,203,207,4097,3941,597,611,716431,720080,1
D,53315,2,200,200,205,207,4093,3941,605,611,717036,720691,1
D,53325,2,200,200,204,207,4095,3941,600,609,717636,721300,1
D,53335,2,200,200,204,206,4095,3943,602,607,718238,721907,1
D,53345,2,200,200,204,209,4095,3936,601,616,718839,722523,1
D,53355,2,200,200,203,206,4097,3942,598,606,719437,723129,1
D,53365,2,200,200,205,206,4093,3942,605,607,720042,723736,1
D,53375,2,200,200,202,209,4099,3935,595,616,720637,724352,1
D,53385,2,200,200,205,205,4093,3943,603,603,721240,724955,1
D,53395,2,200,200,205,206,4093,3941,604,608,721844,725563,1
D,53405,2,200,200,202,208,4099,3937,596,613,722440,726176,1
D,53415,2,200,200,205,205,4093,3943,605,605,723045,726781,1
D,53425,2,200,200,204,206,4095,3941,600,607,723645,727388,1
D,53435,2,200,200,204,206,4095,3941,602,606,724247,727994,1
D,53445,2,200,200,204,207,4095,3939,602,610,724849,728604,1
D,53455,2,200,200,203,205,4097,3943,599,605,725448,729209,1
D,53465,2,200,200,206,205,4091,3943,606,604,726054,729813,1
D,53475,2,200,200,203,209,4097,3934,597,615,726651,730428,1
D,53485,2,200,200,205,204,4093,3944,605,601,727256,731029,1
D,53495,2,200,200,205,206,4093,3940,604,606,727860,731635,1
D,53505,2,200,200,202,208,4099,3936,596,612,728456,732247,1
D,53515,2,200,200,205,204,4093,3944,605,602,729061,732849,1
D,53525,2,200,200,204,206,4095,3940,601,606,729662,733455,1
D,53535,2,200,200,204,206,4095,3940,602,606,730264,734061,1
D,53545,2,200,200,205,206,4093,3940,603,607,730867,734668,1
D,53555,2,200,200,204,205,4095,3942,600,604,731467,735272,1
D,53565,2,200,200,206,204,4091,3944,607,601,732074,735873,1
D,53575,2,200,200,203,208,4097,3936,598,612,732672,736485,1
D,53585,2,200,200,206,204,4091,3944,606,601,733278,737086,1
D,53595,2,200,200,206,205,4091,3942,606,603,733884,737689,1
D,53605,2,200,200,203,207,4097,3938,597,611,734481,738300,1
D,53615,2,200,200,206,203,4091,3946,607,599,735088,738899,1
D,53625,2,200,200,204,205,4095,3942,602,605,735690,739504,1
D,53635,2,200,200,204,206,4095,3940,602,607,736292,740111,1
D,53645,2,200,200,206,205,4091,3942,606,604,736898,740715,1
D,53655,2,200,200,204,205,4095,3942,600,604,737498,741319,1
D,53665,2,200,200,206,204,4091,3944,608,601,738106,741920,1
D,53675,2,200,200,204,207,4095,3938,600,610,738706,742530,1
D,53685,2,200,200,206,204,4091,3944,606,601,739312,743131,1
D,53695,2,200,200,206,204,4091,3944,608,602,739920,743733,1
D,53705,2,200,200,202,208,4099,3936,596,612,740516,744345,1
D,53715,2,200,200,206,203,4091,3946,608,599,741124,744944,1
D,53725,2,200,200,205,205,4093,3942,605,604,741729,745548,1
D,53735,2,200,200,205,207,4093,3938,604,609,742333,746157,1
D,53745,2,200,200,206,205,4091,3942,607,603,742940,746760,1
D,53755,2,200,200,204,205,4095,3942,602,604,743542,747364,1
D,53765,2,200,200,206,205,4091,3942,608,603,744150,747967,1
D,53775,2,200,200,205,207,4093,3938,603,610,744753,748577,1
D,53785,2,200,200,205,204,4093,3944,605,602,745358,749179,1
D,53795,2,200,200,207,205,4089,3942,609,603,745967,749782,1
D,53805,2,200,200,203,208,4097,3936,599,613,746566,750395,1
D,53815,2,200,200,207,204,4089,3944,609,601,747175,750996,1
D,53825,2,200,200,206,206,4091,3940,607,606,747782,751602,1
D,53835,2,200,200,204,208,4095,3936,602,612,748384,752214,1
D,53845,2,200,200,207,205,4089,3942,609,604,748993,752818,1
D,53855,2,200,200,205,206,4093,3940,603,607,749596,753425,1
D,53865,2,200,200,206,206,4091,3940,607,607,750203,754032,1
D,53875,2,200,200,205,207,4093,3938,605,609,750808,754641,1
D,53885,2,200,200,205,206,4093,3940,605,606,751413,755247,1
D,53895,2,200,200,207,205,4089,3942,610,604,752023,755851,1
D,53905,2,200,200,204,209,4095,3933,600,615,752623,756466,1
D,53915,2,200,200,207,204,4089,3943,609,602,753232,757068,1
D,53925,2,200,200,206,205,4091,3941,608,605,753840,757673,1
D,53935,2,200,200,204,208,4095,3935,601,614,754441,758287,1
D,53945,2,200,200,207,204,4089,3943,609,602,755050,758889,1
D,53955,2,200,200,205,206,4093,3939,605,608,755655,759497,1
D,53965,2,200,200,206,207,4091,3937,606,610,756261,760107,1
D,53975,2,200,200,206,206,4091,3939,608,608,756869,760715,1
D,53985,2,200,200,205,206,4093,3939,604,607,757473,761322,1
D,53995,2,200,200,207,206,4089,3939,609,606,758082,761928,1
D,54005,2,200,200,205,208,4093,3935,603,614,758685,762542,1
D,54015,2,200,200,206,205,4091,3941,608,605,759293,763147,1
D,54025,2,200,200,207,206,4089,3939,609,606,759902,763753,1
D,54035,2,200,200,203,209,4097,3932,599,616,760501,764369,1
D,54045,2,200,200,207,205,4089,3940,609,603,761110,764972,1
D,54055,2,200,200,206,206,4091,3938,606,608,761716,765580,1
D,54065,2,200,200,205,208,4093,3934,603,614,762319,766194,1
D,54075,2,200,200,207,206,4089,3938,609,606,762928,766800,1
D,54085,2,200,200,204,207,4095,3936,602,609,763530,767409,1
D,54095,2,200,200,206,207,4091,3936,608,609,764138,768018,1
D,54105,2,200,200,204,208,4095,3934,601,612,764739,768630,1
D,54115,2,200,200,205,206,4093,3938,605,607,765344,769237,1
D,54125,2,200,200,207,206,4089,3938,609,606,765953,769843,1
D,54135,2,200,200,203,209,4097,3931,597,615,766550,770458,1
D,54145,2,200,200,206,205,4091,3939,608,604,767158,771062,1
D,54155,2,200,200,205,206,4093,3937,605,607,767763,771669,1
D,54165,2,200,200,204,209,4095,3930,600,615,768363,772284,1
D,54175,2,200,200,206,205,4091,3938,607,603,768970,772887,1
D,54185,2,200,200,204,206,4095,3936,600,608,769570,773495,1
D,54195,2,200,200,205,207,4093,3934,605,611,770175,774106,1
D,54205,2,200,200,204,206,4095,3936,602,608,770777,774714,1
D,54215,2,200,200,205,206,4093,3936,603,608,771380,775322,1
D,54225,2,200,200,206,205,4091,3938,607,605,771987,775927,1
D,54235,2,200,200,203,208,4097,3932,597,613,772584,776540,1
D,54245,2,200,200,206,206,4091,3936,608,606,773192,777146,1
D,54255,2,200,200,205,205,4093,3938,605,605,773797,777751,1
D,54265,2,200,200,203,209,4097,3929,599,616,774396,778367,1
D,54275,2,200,200,205,204,4093,3939,605,602,775001,778969,1
D,54285,2,200,200,204,206,4095,3935,601,608,775602,779577,1
D,54295,2,200,200,205,208,4093,3931,604,613,776206,780190,1
D,54305,2,200,200,204,205,4095,3937,601,605,776807,780795,1
D,54315,2,200,200,204,206,4095,3935,601,607,777408,781402,1
D,54325,2,200,200,206,206,4091,3935,606,608,778014,782010,1
D,54335,2,200,200,202,207,4099,3933,596,610,778610,782620,1
D,54345,2,200,200,205,205,4093,3937,604,605,779214,783225,1
D,54355,2,200,200,205,205,4093,3937,603,604,779817,783829,1
D,54365,2,200,200,203,208,4097,3931,597,614,780414,784443,1
D,54375,2,200,200,205,204,4093,3939,604,602,781018,785045,1
D,54385,2,200,200,203,205,4097,3937,599,605,781617,785650,1
D,54395,2,200,200,204,208,4095,3931,602,614,782219,786264,1
D,54405,2,200,200,204,204,4095,3939,601,601,782820,786865,1
D,54415,2,200,200,204,206,4095,3935,601,606,783421,787471,1
D,54425,2,200,200,205,206,4093,3935,604,608,784025,788079,1
D,54435,2,200,200,202,206,4099,3935,596,607,784621,788686,1
D,54445,2,200,200,205,205,4093,3937,605,605,785226,789291,1
D,54455,2,200,200,205,205,4093,3937,604,603,785830,789894,1
D,54465,2,200,200,203,208,4097,3931,597,612,786427,790506,1
D,54475,2,200,200,205,204,4093,3939,605,602,787032,791108,1
D,54485,2,200,200,204,205,4095,3937,601,603,787633,791711,1
D,54495,2,200,200,205,208,4093,3931,604,612,788237,792323,1
D,54505,2,200,200,204,203,4095,3941,602,599,788839,792922,1
D,54515,2,200,200,204,205,4095,3937,601,604,789440,793526,1
D,54525,2,200,200,205,206,4093,3935,605,608,790045,794134,1
D,54535,2,200,200,203,205,4097,3937,598,603,790643,794737,1
D,54545,2,200,200,206,205,4091,3937,606,603,791249,795340,1
D,54555,2,200,200,205,204,4093,3939,605,601,791854,795941,1
D,54565,2,200,200,203,206,4097,3935,598,608,792452,796549,1
D,54575,2,200,200,206,204,4091,3939,606,600,793058,797149,1
D,54585,2,200,200,205,204,4093,3939,603,601,793661,797750,1
D,54595,2,200,200,205,207,4093,3933,604,609,794265,798359,1
D,54605,2,200,200,205,203,4093,3941,603,597,794868,798956,1
D,54615,2,200,200,204,204,4095,3939,602,602,795470,799558,1
D,54625,2,200,200,206,206,4091,3935,606,606,796076,800164,1
D,54635,2,200,200,203,204,4097,3939,598,601,796674,800765,1
D,54645,2,200,200,206,204,4091,3939,607,600,797281,801365,1
D,54655,2,200,200,206,204,4091,3939,607,600,797888,801965,1
D,54665,2,200,200,203,206,4097,3935,598,606,798486,802571,1
D,54675,2,200,200,206,203,4091,3941,607,599,799093,803170,1
D,54685,2,200,200,205,203,4093,3941,604,599,799697,803769,1
D,54695,2,200,200,205,206,4093,3935,603,608,800300,804377,1
D,54705,2,200,200,206,203,4091,3941,606,597,800906,804974,1
D,54715,2,200,200,204,204,4095,3939,602,601,801508,805575,1
D,54725,2,200,200,206,206,4091,3935,608,607,802116,806182,1
D,54735,2,200,200,204,203,4095,3941,601,599,802717,806781,1
D,54745,2,200,200,206,204,4091,3939,607,601,803324,807382,1
D,54755,2,200,200,207,204,4089,3939,609,601,803933,807983,1
D,54765,2,200,200,203,206,4097,3935,599,606,804532,808589,1
D,54775,2,200,200,207,204,4089,3939,610,601,805142,809190,1
D,54785,2,200,200,205,204,4093,3939,605,600,805747,809790,1
D,54795,2,200,200,205,207,4093,3933,604,611,806351,810401,1
D,54805,2,200,200,206,203,4091,3941,608,598,806959,810999,1
D,54815,2,200,200,205,205,4093,3937,603,603,807562,811602,1
D,54825,2,200,200,206,207,4091,3933,608,610,808170,812212,1
D,54835,2,200,200,205,204,4093,3939,604,602,808774,812814,1
D,54845,2,200,200,206,205,4091,3937,606,604,809380,813418,1
D,54855,2,200,200,207,205,4089,3937,609,605,809989,814023,1
D,54865,2,200,200,204,206,4095,3935,600,608,810589,814631,1
D,54875,2,200,200,207,205,4089,3937,609,603,811198,815234,1
D,54885,2,200,200,206,204,4091,3939,608,602,811806,815836,1
D,54895,2,200,200,205,208,4093,3931,603,613,812409,816449,1
D,54905,2,200,200,207,204,4089,3939,609,601,813018,817050,1
D,54915,2,200,200,206,205,4091,3937,606,603,813624,817653,1
D,54925,2,200,200,206,208,4091,3931,607,612,814231,818265,1
D,54935,2,200,200,206,204,4091,3939,606,601,814837,818866,1
D,54945,2,200,200,205,206,4093,3935,605,606,815442,819472,1
D,54955,2,200,200,207,206,4089,3935,610,607,816052,820079,1
D,54965,2,200,200,204,206,4095,3935,601,607,816653,820686,1
D,54975,2,200,200,207,205,4089,3937,610,605,817263,821291,1
D,54985,2,200,200,207,205,4089,3937,610,604,817873,821895,1
D,54995,2,200,200,204,208,4095,3931,601,613,818474,822508,1
D,55005,2,200,200,207,205,4089,3937,610,604,819084,823112,1
D,55015,2,200,200,206,205,4091,3937,606,605,819690,823717,1
D,55025,2,200,200,205,208,4093,3931,605,614,820295,824331,1
D,55035,2,200,200,206,204,4091,3939,608,602,820903,824933,1
D,55045,2,200,200,205,206,4093,3935,603,607,821506,825540,1
D,55055,2,200,200,207,208,4089,3931,609,612,822115,826152,1
D,55065,2,200,200,204,206,4095,3935,602,606,822717,826758,1
D,55075,2,200,200,206,206,4091,3935,607,607,823324,827365,1
D,55085,2,200,200,207,206,4089,3935,609,606,823933,827971,1
D,55095,2,200,200,203,207,4097,3933,599,610,824532,828581,1
D,55105,2,200,200,207,205,4089,3937,609,605,825141,829186,1
D,55115,2,200,200,206,205,4091,3937,606,604,825747,829790,1
D,55125,2,200,200,204,208,4095,3931,602,613,826349,830403,1
D,55135,2,200,200,206,204,4091,3939,608,601,826957,831004,1
D,55145,2,200,200,204,205,4095,3937,602,605,827559,831609,1
D,55155,2,200,200,206,207,4091,3933,607,611,828166,832220,1
D,55165,2,200,200,205,205,4093,3937,603,603,828769,832823,1
D,55175,2,200,200,205,206,4093,3935,605,606,829374,833429,1
D,55185,2,200,200,206,206,4091,3935,608,606,829982,834035,1
D,55195,2,200,200,203,206,4097,3935,598,608,830580,834643,1
D,55205,2,200,200,206,205,4091,3937,608,604,831188,835247,1
D,55215,2,200,200,206,205,4091,3937,606,603,831794,835850,1
D,55225,2,200,200,204,208,4095,3931,601,613,832395,836463,1
D,55235,2,200,200,206,204,4091,3939,607,602,833002,837065,1
D,55245,2,200,200,205,205,4093,3937,604,605,833606,837670,1
D,55255,2,200,200,205,208,4093,3931,605,613,834211,838283,1
D,55265,2,200,200,205,204,4093,3939,604,601,834815,838884,1
D,55275,2,200,200,205,206,4093,3935,603,607,835418,839491,1
D,55285,2,200,200,206,207,4091,3933,608,609,836026,840100,1
D,55295,2,200,200,203,206,4097,3935,599,607,836625,840707,1
D,55305,2,200,200,206,206,4091,3935,606,606,837231,841313,1
D,55315,2,200,200,206,205,4091,3937,606,604,837837,841917,1
D,55325,2,200,200,203,208,4097,3931,598,613,838435,842530,1
D,55335,2,200,200,206,205,4091,3937,606,603,839041,843133,1
D,55345,2,200,200,204,205,4095,3937,601,605,839642,843738,1
D,55355,2,200,200,204,208,4095,3931,602,613,840244,844351,1
D,55365,2,200,200,204,204,4095,3939,602,601,840846,844952,1
D,55375,2,200,200,204,206,4095,3935,600,606,841446,845558,1
D,55385,2,200,200,206,207,4091,3933,606,611,842052,846169,1
D,55395,2,200,200,203,205,4097,3937,597,604,842649,846773,1
D,55405,2,200,200,205,206,4093,3935,605,606,843254,847379,1
D,55415,2,200,200,205,205,4093,3937,605,605,843859,847984,1
D,55425,2,200,200,203,207,4097,3933,597,610,844456,848594,1
D,55435,2,200,200,205,205,4093,3937,605,603,845061,849197,1
D,55445,2,200,200,204,205,4095,3937,601,603,845662,849800,1
D,55455,2,200,200,204,208,4095,3931,602,613,846264,850413,1
D,55465,2,200,200,204,204,4095,3939,602,601,846866,851014,1
D,55475,2,200,200,204,205,4095,3937,601,604,847467,851618,1
D,55485,2,200,200,206,207,4091,3933,606,611,848073,852229,1
D,55495,2,200,200,203,204,4097,3939,599,601,848672,852830,1
D,55505,2,200,200,206,205,4091,3937,606,603,849278,853433,1
D,55515,2,200,200,205,205,4093,3937,604,605,849882,854038,1
D,55525,2,200,200,203,206,4097,3935,598,607,850480,854645,1
D,55535,2,200,200,205,204,4093,3939,605,602,851085,855247,1
D,55545,2,200,200,205,204,4093,3939,604,601,851689,855848,1
D,55555,2,200,200,204,207,4095,3933,602,611,852291,856459,1
D,55565,2,200,200,205,203,4093,3941,605,599,852896,857058,1
D,55575,2,200,200,204,204,4095,3939,601,602,853497,857660,1
D,55585,2,200,200,206,207,4091,3933,606,609,854103,858269,1
D,55595,2,200,200,203,203,4097,3941,599,599,854702,858868,1
D,55605,2,200,200,206,205,4091,3937,606,603,855308,859471,1
D,55615,2,200,200,206,205,4091,3937,607,605,855915,860076,1
D,55625,2,200,200,203,205,4097,3937,597,604,856512,860680,1
D,55635,2,200,200,206,204,4091,3939,608,602,857120,861282,1
D,55645,2,200,200,205,204,4093,3939,605,600,857725,861882,1
D,55655,2,200,200,205,207,4093,3933,603,609,858328,862491,1
D,55665,2,200,200,206,203,4091,3941,607,599,858935,863090,1
D,55675,2,200,200,204,204,4095,3939,602,601,859537,863691,1
D,55685,2,200,200,206,207,4091,3933,607,609,860144,864300,1
D,55695,2,200,200,205,203,4093,3941,603,598,860747,864898,1
D,55705,2,200,200,206,205,4091,3937,606,603,861353,865501,1
D,55715,2,200,200,206,206,4091,3935,608,606,861961,866107,1
D,55725,2,200,200,204,205,4095,3937,600,603,862561,866710,1
D,55735,2,200,200,207,204,4089,3939,610,601,863171,867311,1
D,55745,2,200,200,206,204,4091,3939,606,601,863777,867912,1
D,55755,2,200,200,205,207,4093,3933,603,609,864380,868521,1
D,55765,2,200,200,207,204,4089,3939,609,601,864989,869122,1
D,55775,2,200,200,205,204,4093,3939,604,602,865593,869724,1
D,55785,2,200,200,206,208,4091,3931,608,612,866201,870336,1
D,55795,2,200,200,205,203,4093,3941,605,599,866806,870935,1
D,55805,2,200,200,206,205,4091,3937,606,605,867412,871540,1
D,55815,2,200,200,207,207,4089,3933,610,610,868022,872150,1
D,55825,2,200,200,204,205,4095,3937,601,604,868623,872754,1
D,55835,2,200,200,207,205,4089,3937,610,605,869233,873359,1
D,55845,2,200,200,206,205,4091,3937,608,605,869841,873964,1
D,55855,2,200,200,204,207,4095,3933,601,610,870442,874574,1
D,55865,2,200,200,207,205,4089,3937,610,603,871052,875177,1
D,55875,2,200,200,206,205,4091,3937,606,603,871658,875780,1
D,55885,2,200,200,206,208,4091,3931,607,613,872265,876393,1
D,55895,2,200,200,206,204,4091,3939,608,600,872873,876993,1
D,55905,2,200,200,205,205,4093,3937,605,605,873478,877598,1
D,55915,2,200,200,207,208,4089,3931,610,612,874088,878210,1
D,55925,2,200,200,205,204,4093,3939,603,602,874691,878812,1
D,55935,2,200,200,207,205,4089,3937,610,605,875301,879417,1
D,55945,2,200,200,207,206,4089,3935,610,607,875911,880024,1
D,55955,2,200,200,204,207,4095,3933,601,609,876512,880633,1
D,55965,2,200,200,207,205,4089,3937,611,605,877123,881238,1
D,55975,2,200,200,206,205,4091,3937,608,604,877731,881842,1
D,55985,2,200,200,205,208,4093,3931,605,613,878336,882455,1
D,55995,2,200,200,207,205,4089,3937,610,604,878946,883059,1
D,56005,2,200,200,205,205,4093,3937,604,605,879550,883664,1
D,56015,2,200,200,207,208,4089,3931,610,614,880160,884278,1
D,56025,2,200,200,205,205,4093,3937,604,603,880764,884881,1
D,56035,2,200,200,206,206,4091,3935,608,607,881372,885488,1
D,56045,2,200,200,207,207,4089,3933,609,610,881981,886098,1
D,56055,2,200,200,204,206,4095,3935,601,608,882582,886706,1
D,56065,2,200,200,207,206,4089,3935,610,606,883192,887312,1
D,56075,2,200,200,206,205,4091,3937,608,605,883800,887917,1
D,56085,2,200,200,204,208,4095,3931,602,613,884402,888530,1
D,56095,2,200,200,207,205,4089,3937,609,605,885011,889135,1
D,56105,2,200,200,205,205,4093,3937,604,605,885615,889740,1
D,56115,2,200,200,206,208,4091,3931,607,614,886222,890354,1
D,56125,2,200,200,205,204,4093,3939,605,601,886827,890955,1
D,56135,2,200,200,205,206,4093,3935,605,607,887432,891562,1
D,56145,2,200,200,207,208,4089,3931,609,612,888041,892174,1
D,56155,2,200,200,204,205,4095,3937,601,605,888642,892779,1
D,56165,2,200,200,207,206,4089,3935,609,606,889251,893385,1
D,56175,2,200,200,206,206,4091,3935,608,606,889859,893991,1
D,56185,2,200,200,204,207,4095,3933,600,610,890459,894601,1
D,56195,2,200,200,207,205,4089,3937,609,605,891068,895206,1
D,56205,2,200,200,205,205,4093,3937,605,604,891673,895810,1
D,56215,2,200,200,205,208,4093,3931,605,613,892278,896423,1
D,56225,2,200,200,206,204,4091,3939,607,602,892885,897025,1
D,56235,2,200,200,205,205,4093,3937,604,605,893489,897630,1
D,56245,2,200,200,207,208,4089,3931,609,613,894098,898243,1
D,56255,2,200,200,204,204,4095,3939,601,602,894699,898845,1
D,56265,2,200,200,206,206,4091,3935,607,607,895306,899452,1
D,56275,2,200,200,206,206,4091,3935,608,607,895914,900059,1
D,56285,2,200,200,203,206,4097,3935,598,608,896512,900667,1
D,56295,2,200,200,206,206,4091,3935,607,606,897119,901273,1
D,56305,2,200,200,205,205,4093,3937,604,604,897723,901877,1
D,56315,2,200,200,204,208,4095,3931,602,613,898325,902490,1
D,56325,2,200,200,205,204,4093,3939,604,602,898929,903092,1
D,56335,2,200,200,204,205,4095,3937,600,604,899529,903696,1
D,56345,2,200,200,205,208,4093,3931,605,612,900134,904308,1
D,56355,2,200,200,203,204,4097,3939,599,600,900733,904908,1
D,56365,2,200,200,205,205,4093,3937,603,605,901336,905513,1
D,56375,2,200,200,206,207,4091,3933,606,609,901942,906122,1
D,56385,2,200,200,202,205,4099,3937,596,604,902538,906726,1
D,56395,2,200,200,206,205,4091,3937,606,604,903144,907330,1
D,56405,2,200,200,205,205,4093,3937,603,603,903747,907933,1
D,56415,2,200,200,204,207,4095,3933,601,610,904348,908543,1
D,56425,2,200,200,205,204,4093,3939,604,602,904952,909145,1
D,56435,2,200,200,204,204,4095,3939,600,602,905552,909747,1
D,56445,2,200,200,205,208,4093,3931,605,612,906157,910359,1
D,56455,2,200,200,204,203,4095,3941,600,599,906757,910958,1
D,56465,2,200,200,205,205,4093,3937,604,604,907361,911562,1
D,56475,2,200,200,206,207,4091,3933,607,609,907968,912171,1
D,56485,2,200,200,203,204,4097,3939,597,602,908565,912773,1
D,56495,2,200,200,206,205,4091,3937,607,603,909172,913376,1
D,56505,2,200,200,205,205,4093,3937,604,603,909776,913979,1
D,56515,2,200,200,204,206,4095,3935,600,607,910376,914586,1
D,56525,2,200,200,206,204,4091,3939,606,601,910982,915187,1
D,56535,2,200,200,205,204,4093,3939,603,601,911585,915788,1
D,56545,2,200,200,205,207,4093,3933,605,609,912190,916397,1
D,56555,2,200,200,205,203,4093,3941,603,599,912793,916996,1
D,56565,2,200,200,205,204,4093,3939,604,602,913397,917598,1
D,56575,2,200,200,206,206,4091,3935,607,608,914004,918206,1
D,56585,2,200,200,203,204,4097,3939,599,600,914603,918806,1
D,56595,2,200,200,206,204,4091,3939,607,602,915210,919408,1
D,56605,2,200,200,205,205,4093,3937,605,603,915815,920011,1
D,56615,2,200,200,204,205,4095,3937,601,605,916416,920616,1
D,56625,2,200,200,206,204,4091,3939,607,601,917023,921217,1
D,56635,2,200,200,205,204,4093,3939,603,600,917626,921817,1
D,56645,2,200,200,206,206,4091,3935,606,608,918232,922425,1
D,56655,2,200,200,205,203,4093,3941,604,598,918836,923023,1
D,56665,2,200,200,205,204,4093,3939,605,601,919441,923624,1
D,56675,2,200,200,206,207,4091,3933,608,609,920049,924233,1
D,56685,2,200,200,204,203,4095,3941,601,599,920650,924832,1
D,56695,2,200,200,207,204,4089,3939,609,601,921259,925433,1
D,56705,2,200,200,206,205,4091,3937,608,604,921867,926037,1
D,56715,2,200,200,204,205,4095,3937,601,605,922468,926642,1
D,56725,2,200,200,207,204,4089,3939,609,601,923077,927243,1
D,56735,2,200,200,205,204,4093,3939,605,601,923682,927844,1
D,56745,2,200,200,206,207,4091,3933,607,610,924289,928454,1
D,56755,2,200,200,206,203,4091,3941,606,599,924895,929053,1
D,56765,2,200,200,205,205,4093,3937,604,603,925499,929656,1
D,56775,2,200,200,207,207,4089,3933,609,610,926108,930266,1
D,56785,2,200,200,205,204,4093,3939,603,600,926711,930866,1
D,56795,2,200,200,207,205,4089,3937,609,605,927320,931471,1
D,56805,2,200,200,207,206,4089,3935,610,608,927930,932079,1
D,56815,2,200,200,204,206,4095,3935,600,606,928530,932685,1
D,56825,2,200,200,207,205,4089,3937,611,605,929141,933290,1
D,56835,2,200,200,206,204,4091,3939,608,602,929749,933892,1
D,56845,2,200,200,205,208,4093,3931,604,612,930353,934504,1
D,56855,2,200,200,207,204,4089,3939,609,602,930962,935106,1
D,56865,2,200,200,205,205,4093,3937,605,603,931567,935709,1
D,56875,2,200,200,207,208,4089,3931,609,613,932176,936322,1
D,56885,2,200,200,205,204,4093,3939,605,601,932781,936923,1
D,56895,2,200,200,206,205,4091,3937,607,605,933388,937528,1
D,56905,2,200,200,207,207,4089,3933,611,609,933999,938137,1
D,56915,2,200,200,204,205,4095,3937,602,605,934601,938742,1
D,56925,2,200,200,207,206,4089,3935,610,606,935211,939348,1
D,56935,2,200,200,207,205,4089,3937,609,604,935820,939952,1
D,56945,2,200,200,204,207,4095,3933,602,611,936422,940563,1
D,56955,2,200,200,207,205,4089,3937,610,604,937032,941167,1
D,56965,2,200,200,206,205,4091,3937,606,604,937638,941771,1
D,56975,2,200,200,206,208,4091,3931,608,613,938246,942384,1
D,56985,2,200,200,206,204,4091,3939,608,602,938854,942986,1
D,56995,2,200,200,205,206,4093,3935,604,606,939458,943592,1
D,57005,2,200,200,207,208,4089,3931,610,613,940068,944205,1
D,57015,2,200,200,204,205,4095,3937,602,604,940670,944809,1
D,57025,2,200,200,207,206,4089,3935,609,607,941279,945416,1
D,57035,2,200,200,207,206,4089,3935,609,608,941888,946024,1
D,57045,2,200,200,204,207,4095,3933,600,609,942488,946633,1
D,57055,2,200,200,207,206,4089,3935,610,606,943098,947239,1
D,57065,2,200,200,206,205,4091,3937,606,604,943704,947843,1
D,57075,2,200,200,205,208,4093,3931,605,613,944309,948456,1
D,57085,2,200,200,206,205,4091,3937,606,603,944915,949059,1
D,57095,2,200,200,204,205,4095,3937,602,605,945517,949664,1
D,57105,2,200,200,206,208,4091,3931,608,613,946125,950277,1
D,57115,2,200,200,204,204,4095,3939,601,602,946726,950879,1
D,57125,2,200,200,206,206,4091,3935,606,606,947332,951485,1
D,57135,2,200,200,206,207,4091,3933,607,609,947939,952094,1
D,57145,2,200,200,203,206,4097,3935,597,606,948536,952700,1
D,57155,2,200,200,206,205,4091,3937,607,605,949143,953305,1
D,57165,2,200,200,205,205,4093,3937,604,603,949747,953908,1
D,57175,2,200,200,204,207,4095,3933,602,611,950349,954519,1
D,57185,2,200,200,206,204,4091,3939,606,602,950955,955121,1
D,57195,2,200,200,204,205,4095,3937,601,604,951556,955725,1
D,57205,2,200,200,206,207,4091,3933,606,611,952162,956336,1
D,57215,2,200,200,204,204,4095,3939,601,600,952763,956936,1
D,57225,2,200,200,205,205,4093,3937,605,605,953368,957541,1
D,57235,2,200,200,206,207,4091,3933,607,609,953975,958150,1
D,57245,2,200,200,202,205,4099,3937,596,603,954571,958753,1
D,57255,2,200,200,206,205,4091,3937,607,603,955178,959356,1
D,57265,2,200,200,205,205,4093,3937,603,603,955781,959959,1
D,57275,2,200,200,204,206,4095,3935,600,608,956381,960567,1
D,57285,2,200,200,205,204,4093,3939,604,601,956985,961168,1
D,57295,2,200,200,204,204,4095,3939,600,601,957585,961769,1
D,57305,2,200,200,205,207,4093,3933,603,610,958188,962379,1
D,57315,2,200,200,204,203,4095,3941,600,597,958788,962976,1
D,57325,2,200,200,204,204,4095,3939,601,602,959389,963578,1
D,57335,2,200,200,205,206,4093,3935,603,607,959992,964185,1
D,57345,2,200,200,202,204,4099,3939,594,600,960586,964785,1
D,57355,2,200,200,205,204,4093,3939,604,600,961190,965385,1
D,57365,2,200,200,204,204,4095,3939,602,601,961792,965986,1
D,57375,2,200,200,203,205,4097,3937,598,604,962390,966590,1
D,57385,2,200,200,204,202,4095,3943,602,596,962992,967186,1
D,57395,2,200,200,203,202,4097,3943,598,595,963590,967781,1
D,57405,2,200,200,205,205,4093,3937,603,603,964193,968384,1
D,57415,2,200,200,203,201,4097,3945,599,593,964792,968977,1
D,57425,2,200,200,204,202,4095,3943,601,595,965393,969572,1
D,57435,2,200,200,205,204,4093,3939,604,601,965997,970173,1
D,57445,2,200,200,202,202,4099,3943,596,594,966593,970767,1
D,57455,2,200,200,205,202,4093,3943,605,594,967198,971361,1
D,57465,2,200,200,205,202,4093,3943,603,594,967801,971955,1
D,57475,2,200,200,203,203,4097,3941,598,599,968399,972554,1
D,57485,2,200,200,205,201,4093,3945,605,591,969004,973145,1
D,57495,2,200,200,204,201,4095,3945,600,591,969604,973736,1
D,57505,2,200,200,205,204,4093,3939,603,600,970207,974336,1
D,57515,2,200,200,204,199,4095,3949,602,587,970809,974923,1
D,57525,2,200,200,204,202,4095,3943,601,594,971410,975517,1
D,57535,2,200,200,206,202,4091,3943,607,596,972017,976113,1
D,57545,2,200,200,202,201,4099,3945,596,593,972613,976706,1
D,57555,2,200,200,206,201,4091,3945,606,592,973219,977298,1
D,57565,2,200,200,205,201,4093,3945,605,591,973824,977889,1
D,57575,2,200,200,203,204,4097,3939,598,600,974422,978489,1
D,57585,2,200,200,206,201,4091,3945,606,591,975028,979080,1
D,57595,2,200,200,204,201,4095,3945,602,593,975630,979673,1
D,57605,2,200,200,205,204,4093,3939,604,601,976234,980274,1
D,57615,2,200,200,205,200,4093,3947,603,589,976837,980863,1
D,57625,2,200,200,204,202,4095,3943,601,596,977438,981459,1
D,57635,2,200,200,206,202,4091,3943,606,596,978044,982055,1
D,57645,2,200,200,203,203,4097,3941,599,597,978643,982652,1
D,57655,2,200,200,206,202,4091,3943,606,594,979249,983246,1
D,57665,2,200,200,206,201,4091,3945,606,593,979855,983839,1
D,57675,2,200,200,203,204,4097,3939,599,602,980454,984441,1
D,57685,2,200,200,206,200,4091,3947,607,590,981061,985031,1
D,57695,2,200,200,205,202,4093,3943,603,595,981664,985626,1
D,57705,2,200,200,205,204,4093,3939,604,601,982268,986227,1
D,57715,2,200,200,206,201,4091,3945,606,592,982874,986819,1
D,57725,2,200,200,204,202,4095,3943,602,596,983476,987415,1
D,57735,2,200,200,206,202,4091,3943,608,596,984084,988011,1
D,57745,2,200,200,204,203,4095,3941,600,599,984684,988610,1
D,57755,2,200,200,206,202,4091,3943,607,595,985291,989205,1
D,57765,2,200,200,206,202,4091,3943,608,595,985899,989800,1
D,57775,2,200,200,203,205,4097,3937,598,605,986497,990405,1
D,57785,2,200,200,207,201,4089,3945,610,593,987107,990998,1
D,57795,2,200,200,205,203,4093,3941,605,597,987712,991595,1
D,57805,2,200,200,205,205,4093,3937,603,605,988315,992200,1
D,57815,2,200,200,206,202,4091,3943,608,596,988923,992796,1
D,57825,2,200,200,204,203,4095,3941,602,599,989525,993395,1
D,57835,2,200,200,206,203,4091,3941,607,599,990132,993994,1
D,57845,2,200,200,204,205,4095,3937,602,603,990734,994597,1
D,57855,2,200,200,206,203,4091,3941,606,597,991340,995194,1
D,57865,2,200,200,207,203,4089,3941,610,598,991950,995792,1
D,57875,2,200,200,203,206,4097,3935,598,607,992548,996399,1
D,57885,2,200,200,207,202,4089,3943,609,594,993157,996993,1
D,57895,2,200,200,206,203,4091,3941,606,599,993763,997592,1
D,57905,2,200,200,204,205,4095,3937,602,605,994365,998197,1
D,57915,2,200,200,207,203,4089,3941,609,597,994974,998794,1
D,57925,2,200,200,205,203,4093,3941,603,599,995577,999393,1
D,57935,2,200,200,206,204,4091,3939,606,600,996183,999993,1
D,57945,2,200,200,205,205,4093,3937,604,603,996787,1000596,1
D,57955,2,200,200,205,203,4093,3941,605,599,997392,1001195,1
D,57965,2,200,200,207,203,4089,3941,609,598,998001,1001793,1
D,57975,2,200,200,204,206,4095,3935,600,608,998601,1002401,1
D,57985,2,200,200,207,202,4089,3943,609,596,999210,1002997,1
D,57995,2,200,200,206,204,4091,3939,608,600,999818,1003597,1
D,58005,2,200,200,204,206,4095,3935,600,607,1000418,1004204,1
D,58015,2,200,200,207,203,4089,3941,609,598,1001027,1004802,1
D,58025,2,200,200,205,204,4093,3939,604,601,1001631,1005403,1
D,58035,2,200,200,205,204,4093,3939,605,601,1002236,1006004,1
D,58045,2,200,200,206,205,4091,3937,606,605,1002842,1006609,1
D,58055,2,200,200,205,204,4093,3939,603,600,1003445,1007209,1
D,58065,2,200,200,207,203,4089,3941,609,598,1004054,1007807,1
D,58075,2,200,200,204,206,4095,3935,600,608,1004654,1008415,1
D,58085,2,200,200,206,202,4091,3943,606,596,1005260,1009011,1
D,58095,2,200,200,206,204,4091,3939,608,600,1005868,1009611,1
D,58105,2,200,200,203,206,4097,3935,598,607,1006466,1010218,1
D,58115,2,200,200,206,203,4091,3941,608,598,1007074,1010816,1
D,58125,2,200,200,205,204,4093,3939,604,601,1007678,1011417,1
D,58135,2,200,200,205,204,4093,3939,604,602,1008282,1012019,1
D,58145,2,200,200,206,205,4091,3937,606,603,1008888,1012622,1
D,58155,2,200,200,204,204,4095,3939,601,600,1009489,1013222,1
D,58165,2,200,200,206,203,4091,3941,608,597,1010097,1013819,1
D,58175,2,200,200,204,206,4095,3935,600,608,1010697,1014427,1
D,58185,2,200,200,206,203,4091,3941,606,597,1011303,1015024,1
D,58195,2,200,200,206,203,4091,3941,608,599,1011911,1015623,1
D,58205,2,200,200,202,206,4099,3935,596,607,1012507,1016230,1
D,58215,2,200,200,206,202,4091,3943,608,596,1013115,1016826,1
D,58225,2,200,200,205,204,4093,3939,604,601,1013719,1017427,1
D,58235,2,200,200,204,204,4095,3939,600,601,1014319,1018028,1
D,58245,2,200,200,205,204,4093,3939,605,602,1014924,1018630,1
D,58255,2,200,200,203,204,4097,3939,599,600,1015523,1019230,1
D,58265,2,200,200,205,203,4093,3941,605,598,1016128,1019828,1
D,58275,2,200,200,203,206,4097,3935,598,608,1016726,1020436,1
D,58285,2,200,200,204,202,4095,3943,601,595,1017327,1021031,1
D,58295,2,200,200,205,203,4093,3941,605,599,1017932,1021630,1
D,58305,2,200,200,201,206,4101,3935,593,608,1018525,1022238,1
D,58315,2,200,200,205,202,4093,3943,604,596,1019129,1022834,1
D,58325,2,200,200,203,204,4097,3939,599,601,1019728,1023435,1
D,58335,2,200,200,203,204,4097,3939,597,601,1020325,1024036,1
D,58345,2,200,200,204,204,4095,3939,602,602,1020927,1024638,1
D,58355,2,200,200,202,203,4099,3941,595,599,1021522,1025237,1
D,58365,2,200,200,204,203,4095,3941,602,597,1022124,1025834,1
D,58375,2,200,200,203,206,4097,3935,597,607,1022721,1026441,1
D,58385,2,200,200,204,202,4095,3943,600,595,1023321,1027036,1
D,58395,2,200,200,205,203,4093,3941,603,598,1023924,1027634,1
D,58405,2,200,200,201,206,4101,3935,592,606,1024516,1028240,1
D,58415,2,200,200,205,202,4093,3943,603,595,1025119,1028835,1
D,58425,2,200,200,204,204,4095,3939,601,600,1025720,1029435,1
D,58435,2,200,200,202,204,4099,3939,596,600,1026316,1030035,1
D,58445,2,200,200,204,204,4095,3939,602,601,1026918,1030636,1
D,58455,2,200,200,202,203,4099,3941,596,598,1027514,1031234,1
D,58465,2,200,200,205,202,4093,3943,604,596,1028118,1031830,1
D,58475,2,200,200,203,206,4097,3935,598,606,1028716,1032436,1
D,58485,2,200,200,204,202,4095,3943,601,594,1029317,1033030,1
D,58495,2,200,200,205,203,4093,3941,605,597,1029922,1033627,1
D,58505,2,200,200,201,205,4101,3937,593,605,1030515,1034232,1
D,58515,2,200,200,205,201,4093,3945,604,593,1031119,1034825,1
D,58525,2,200,200,205,203,4093,3941,603,598,1031722,1035423,1
D,58535,2,200,200,203,203,4097,3941,598,599,1032320,1036022,1
D,58545,2,200,200,205,203,4093,3941,605,599,1032925,1036621,1
D,58555,2,200,200,203,203,4097,3941,598,597,1033523,1037218,1
D,58565,2,200,200,205,202,4093,3943,605,595,1034128,1037813,1
D,58575,2,200,200,203,205,4097,3937,598,605,1034726,1038418,1
D,58585,2,200,200,204,201,4095,3945,602,592,1035328,1039010,1
D,58595,2,200,200,206,203,4091,3941,607,597,1035935,1039607,1
D,58605,2,200,200,202,205,4099,3937,594,604,1036529,1040211,1
D,58615,2,200,200,206,202,4091,3943,607,594,1037136,1040805,1
D,58625,2,200,200,204,203,4095,3941,602,598,1037738,1041403,1
D,58635,2,200,200,203,203,4097,3941,599,597,1038337,1042000,1
D,58645,2,200,200,206,204,4091,3939,606,601,1038943,1042601,1
D,58655,2,200,200,203,202,4097,3943,599,595,1039542,1043196,1
D,58665,2,200,200,206,202,4091,3943,606,595,1040148,1043791,1
D,58675,2,200,200,204,205,4095,3937,600,605,1040748,1044396,1
D,58685,2,200,200,205,201,4093,3945,603,592,1041351,1044988,1
D,58695,2,200,200,206,202,4091,3943,608,596,1041959,1045584,1
D,58705,2,200,200,203,205,4097,3937,597,604,1042556,1046188,1
D,58715,2,200,200,206,202,4091,3943,607,594,1043163,1046782,1
D,58725,2,200,200,205,203,4093,3941,605,598,1043768,1047380,1
D,58735,2,200,200,204,203,4095,3941,600,598,1044368,1047978,1
D,58745,2,200,200,206,204,4091,3939,606,602,1044974,1048580,1
D,58755,2,200,200,204,202,4095,3943,601,596,1045575,1049176,1
D,58765,2,200,200,206,203,4091,3941,606,597,1046181,1049773,1
D,58775,2,200,200,205,206,4093,3935,603,607,1046784,1050380,1
D,58785,2,200,200,205,202,4093,3943,603,595,1047387,1050975,1
D,58795,2,200,200,207,203,4089,3941,609,599,1047996,1051574,1
D,58805,2,200,200,203,205,4097,3937,599,605,1048595,1052179,1
D,58815,2,200,200,206,202,4091,3943,607,596,1049202,1052775,1
D,58825,2,200,200,206,204,4091,3939,606,601,1049808,1053376,1
D,58835,2,200,200,204,203,4095,3941,600,599,1050408,1053975,1
D,58845,2,200,200,207,205,4089,3937,609,603,1051017,1054578,1
D,58855,2,200,200,204,203,4095,3941,602,599,1051619,1055177,1
D,58865,2,200,200,206,203,4091,3941,607,597,1052226,1055774,1
D,58875,2,200,200,206,206,4091,3935,606,608,1052832,1056382,1
D,58885,2,200,200,205,202,4093,3943,603,595,1053435,1056977,1
D,58895,2,200,200,207,204,4089,3939,609,600,1054044,1057577,1
D,58905,2,200,200,204,206,4095,3935,600,607,1054644,1058184,1
D,58915,2,200,200,207,203,4089,3941,609,597,1055253,1058781,1
D,58925,2,200,200,207,204,4089,3939,609,601,1055862,1059382,1
D,58935,2,200,200,203,204,4097,3939,599,601,1056461,1059983,1
D,58945,2,200,200,207,205,4089,3937,610,604,1057071,1060587,1
D,58955,2,200,200,205,204,4093,3939,605,601,1057676,1061188,1
D,58965,2,200,200,206,203,4091,3941,606,597,1058282,1061785,1
D,58975,2,200,200,206,207,4091,3933,607,609,1058889,1062394,1
D,58985,2,200,200,204,202,4095,3943,602,596,1059491,1062990,1
D,58995,2,200,200,207,204,4089,3939,609,600,1060100,1063590,1
D,59005,2,200,200,204,206,4095,3935,601,608,1060701,1064198,1
D,59015,2,200,200,206,203,4091,3941,607,597,1061308,1064795,1
D,59025,2,200,200,207,204,4089,3939,609,602,1061917,1065397,1
D,59035,2,200,200,203,204,4097,3939,598,601,1062515,1065998,1
D,59045,2,200,200,207,205,4089,3937,610,603,1063125,1066601,1
D,59055,2,200,200,205,204,4093,3939,605,600,1063730,1067201,1
D,59065,2,200,200,204,203,4095,3941,602,597,1064332,1067798,1
D,59075,2,200,200,207,206,4089,3935,609,608,1064941,1068406,1
D,59085,2,200,200,204,202,4095,3943,600,594,1065541,1069000,1
D,59095,2,200,200,206,203,4091,3941,608,599,1066149,1069599,1
D,59105,2,200,200,204,206,4095,3935,602,606,1066751,1070205,1
D,59115,2,200,200,205,202,4093,3943,605,595,1067356,1070800,1
D,59125,2,200,200,207,203,4089,3941,609,599,1067965,1071399,1
D,59135,2,200,200,203,203,4097,3941,597,599,1068562,1071998,1
D,59145,2,200,200,207,204,4089,3939,609,601,1069171,1072599,1
D,59155,2,200,200,205,203,4093,3941,605,597,1069776,1073196,1
D,59165,2,200,200,204,202,4095,3943,600,595,1070376,1073791,1
D,59175,2,200,200,206,205,4091,3937,608,605,1070984,1074396,1
D,59185,2,200,200,204,201,4095,3945,601,592,1071585,1074988,1
D,59195,2,200,200,206,202,4091,3943,607,595,1072192,1075583,1
D,59205,2,200,200,205,205,4093,3937,603,604,1072795,1076187,1
D,59215,2,200,200,205,201,4093,3945,603,592,1073398,1076779,1
D,59225,2,200,200,206,203,4091,3941,608,597,1074006,1077376,1
D,59235,2,200,200,203,202,4097,3943,597,595,1074603,1077971,1
D,59245,2,200,200,206,203,4091,3941,608,598,1075211,1078569,1
D,59255,2,200,200,205,202,4093,3943,605,595,1075816,1079164,1
D,59265,2,200,200,203,201,4097,3945,597,592,1076413,1079756,1
D,59275,2,200,200,206,205,4091,3937,607,603,1077020,1080359,1
D,59285,2,200,200,204,200,4095,3947,600,590,1077620,1080949,1
D,59295,2,200,200,205,201,4093,3945,605,593,1078225,1081542,1
D,59305,2,200,200,204,204,4095,3939,602,600,1078827,1082142,1
D,59315,2,200,200,204,201,4095,3945,600,591,1079427,1082733,1
D,59325,2,200,200,206,202,4091,3943,606,594,1080033,1083327,1
D,59335,2,200,200,202,201,4099,3945,595,591,1080628,1083918,1
D,59345,2,200,200,206,203,4091,3941,606,598,1081234,1084516,1
D,59355,2,200,200,205,201,4093,3945,604,591,1081838,1085107,1
D,59365,2,200,200,202,200,4099,3947,595,590,1082433,1085697,1
D,59375,2,200,200,206,204,4091,3939,607,602,1083040,1086299,1
D,59385,2,200,200,204,199,4095,3949,600,586,1083640,1086885,1
D,59395,2,200,200,205,201,4093,3945,604,593,1084244,1087478,1
D,59405,2,200,200,205,203,4093,3941,603,597,1084847,1088075,1
D,59415,2,200,200,204,201,4095,3945,600,591,1085447,1088666,1
D,59425,2,200,200,206,201,4091,3945,607,593,1086054,1089259,1
D,59435,2,200,200,202,200,4099,3947,596,588,1086650,1089847,1
D,59445,2,200,200,206,203,4091,3941,607,598,1087257,1090445,1
D,59455,2,200,200,206,200,4091,3947,606,588,1087863,1091033,1
D,59465,2,200,200,203,200,4097,3947,598,589,1088461,1091622,1
D,59475,2,200,200,206,203,4091,3941,608,599,1089069,1092221,1
D,59485,2,200,200,204,199,4095,3949,601,586,1089670,1092807,1
D,59495,2,200,200,205,201,4093,3945,604,591,1090274,1093398,1
D,59505,2,200,200,205,201,4093,3945,603,591,1090877,1093989,1
D,59515,2,200,200,204,201,4095,3945,600,592,1091477,1094581,1
D,59525,2,200,200,206,201,4091,3945,608,591,1092085,1095172,1
D,59535,2,200,200,203,199,4097,3949,599,587,1092684,1095759,1
D,59545,2,200,200,206,203,4091,3941,607,598,1093291,1096357,1
D,59555,2,200,200,206,199,4091,3949,606,586,1093897,1096943,1
D,59565,2,200,200,203,200,4097,3947,597,589,1094494,1097532,1
D,59575,2,200,200,207,202,4089,3943,609,596,1095103,1098128,1
D,59585,2,200,200,204,200,4095,3947,602,588,1095705,1098716,1
D,59595,2,200,200,205,201,4093,3945,604,591,1096309,1099307,1
D,59605,2,200,200,206,199,4091,3949,606,587,1096915,1099894,1
D,59615,2,200,200,204,202,4095,3943,601,595,1097516,1100489,1
D,59625,2,200,200,207,199,4089,3949,609,587,1098125,1101076,1
D,59635,2,200,200,204,199,4095,3949,601,586,1098726,1101662,1
D,59645,2,200,200,206,203,4091,3941,607,597,1099333,1102259,1
D,59655,2,200,200,206,198,4091,3951,608,584,1099941,1102843,1
D,59665,2,200,200,203,200,4097,3947,597,588,1100538,1103431,1
D,59675,2,200,200,207,200,4089,3947,611,590,1101149,1104021,1
D,59685,2,200,200,205,200,4093,3947,605,590,1101754,1104611,1
D,59695,2,200,200,205,200,4093,3947,604,589,1102358,1105200,1
D,59705,2,200,200,206,199,4091,3949,608,585,1102966,1105785,1
D,59715,2,200,200,204,202,4095,3943,602,596,1103568,1106381,1
D,59725,2,200,200,207,199,4089,3949,609,585,1104177,1106966,1
D,59735,2,200,200,204,199,4095,3949,602,587,1104779,1107553,1
D,59745,2,200,200,206,202,4091,3943,606,596,1105385,1108149,1
D,59755,2,200,200,207,200,4089,3947,609,588,1105994,1108737,1
D,59765,2,200,200,204,200,4095,3947,600,590,1106594,1109327,1
D,59775,2,200,200,207,200,4089,3947,610,589,1107204,1109916,1
D,59785,2,200,200,206,202,4091,3943,607,595,1107811,1110511,1
D,59795,2,200,200,204,200,4095,3947,602,589,1108413,1111100,1
D,59805,2,200,200,207,199,4089,3949,609,587,1109022,1111687,1
D,59815,2,200,200,205,203,4093,3941,604,599,1109626,1112286,1
D,59825,2,200,200,206,199,4091,3949,607,586,1110233,1112872,1
D,59835,2,200,200,205,200,4093,3947,604,590,1110837,1113462,1
D,59845,2,200,200,205,202,4093,3943,605,594,1111442,1114056,1
D,59855,2,200,200,207,201,4089,3945,610,591,1112052,1114647,1
D,59865,2,200,200,204,201,4095,3945,601,591,1112653,1115238,1
D,59875,2,200,200,207,200,4089,3947,609,588,1113262,1115826,1
D,59885,2,200,200,206,203,4091,3941,608,598,1113870,1116424,1
D,59895,2,200,200,204,200,4095,3947,601,588,1114471,1117012,1
D,59905,2,200,200,207,200,4089,3947,610,589,1115081,1117601,1
D,59915,2,200,200,205,203,4093,3941,604,598,1115685,1118199,1
D,59925,2,200,200,206,200,4091,3947,606,588,1116291,1118787,1
D,59935,2,200,200,206,201,4091,3945,607,591,1116898,1119378,1
D,59945,2,200,200,205,201,4093,3945,603,592,1117501,1119970,1
D,59955,2,200,200,207,202,4089,3943,609,594,1118110,1120564,1
D,59965,2,200,200,204,201,4095,3945,602,591,1118712,1121155,1
D,59975,2,200,200,206,200,4091,3947,607,590,1119319,1121745,1
D,59985,2,200,200,206,203,4091,3941,608,599,1119927,1122344,1
D,59995,2,200,200,203,199,4097,3949,598,587,1120525,1122931,1
D,60005,2,200,200,207,201,4089,3945,609,591,1121134,1123522,1
D,60015,2,200,200,205,203,4093,3941,604,598,1121738,1124120,1
D,60025,2,200,200,205,201,4093,3945,603,591,1122341,1124711,1
D,60035,2,200,200,206,201,4091,3945,607,592,1122948,1125303,1
D,60045,2,200,200,204,200,4095,3947,602,590,1123550,1125893,1
D,60055,2,200,200,206,203,4091,3941,606,598,1124156,1126491,1
D,60065,2,200,200,204,200,4095,3947,601,590,1124757,1127081,1
D,60075,2,200,200,205,200,4093,3947,605,590,1125362,1127671,1
D,60085,2,200,200,206,203,4091,3941,606,599,1125968,1128270,1
D,60095,2,200,200,203,200,4097,3947,598,589,1126566,1128859,1
D,60105,2,200,200,206,201,4091,3945,607,592,1127173,1129451,1
D,60115,2,200,200,205,202,4093,3943,604,595,1127777,1130046,1
D,60125,2,200,200,204,202,4095,3943,600,594,1128377,1130640,1
D,60135,2,200,200,205,200,4093,3947,605,590,1128982,1131230,1
D,60145,2,200,200,204,200,4095,3947,602,590,1129584,1131820,1
D,60155,2,200,200,205,203,4093,3941,604,598,1130188,1132418,1
D,60165,2,200,200,204,200,4095,3947,601,588,1130789,1133006,1
D,60175,2,200,200,205,201,4093,3945,603,591,1131392,1133597,1
D,60185,2,200,200,206,203,4091,3941,606,598,1131998,1134195,1
D,60195,2,200,200,203,200,4097,3947,598,589,1132596,1134784,1
D,60205,2,200,200,206,201,4091,3945,606,591,1133202,1135375,1
D,60215,2,200,200,205,201,4093,3945,605,592,1133807,1135967,1
D,60225,2,200,200,203,202,4097,3943,599,595,1134406,1136562,1
D,60235,2,200,200,205,200,4093,3947,605,590,1135011,1137152,1
D,60245,2,200,200,204,200,4095,3947,601,590,1135612,1137742,1
D,60255,2,200,200,205,203,4093,3941,603,598,1136215,1138340,1
D,60265,2,200,200,204,199,4095,3949,602,586,1136817,1138926,1
D,60275,2,200,200,204,201,4095,3945,600,591,1137417,1139517,1
D,60285,2,200,200,205,202,4093,3943,605,595,1138022,1140112,1
D,60295,2,200,200,202,200,4099,3947,596,590,1138618,1140702,1
D,60305,2,200,200,205,200,4093,3947,604,589,1139222,1141291,1
D,60315,2,200,200,205,200,4093,3947,603,588,1139825,1141879,1
D,60325,2,200,200,202,203,4099,3941,595,597,1140420,1142476,1
D,60335,2,200,200,205,199,4093,3949,604,586,1141024,1143062,1
D,60345,2,200,200,203,200,4097,3947,599,589,1141623,1143651,1
D,60355,2,200,200,204,202,4095,3943,601,596,1142224,1144247,1
D,60365,2,200,200,204,199,4095,3949,601,586,1142825,1144833,1
D,60375,2,200,200,204,200,4095,3947,600,589,1143425,1145422,1
D,60385,2,200,200,205,200,4093,3947,604,590,1144029,1146012,1
D,60395,2,200,200,203,201,4097,3945,597,591,1144626,1146603,1
D,60405,2,200,200,205,199,4093,3949,604,587,1145230,1147190,1
D,60415,2,200,200,205,199,4093,3949,604,587,1145834,1147777,1
D,60425,2,200,200,202,202,4099,3943,596,595,1146430,1148372,1
D,60435,2,200,200,205,198,4093,3951,605,583,1147035,1148955,1
D,60445,2,200,200,204,199,4095,3949,601,586,1147636,1149541,1
D,60455,2,200,200,204,201,4095,3945,602,592,1148238,1150133,1
D,60465,2,200,200,205,199,4093,3949,603,586,1148841,1150719,1
D,60475,2,200,200,204,199,4095,3949,600,586,1149441,1151305,1
D,60485,2,200,200,205,198,4093,3951,605,583,1150046,1151888,1
D,60495,2,200,200,203,201,4097,3945,597,592,1150643,1152480,1
D,60505,2,200,200,205,197,4093,3953,604,581,1151247,1153061,1
D,60515,2,200,200,206,198,4091,3951,606,583,1151853,1153644,1
D,60525,2,200,200,202,201,4099,3945,596,592,1152449,1154236,1
D,60535,2,200,200,206,197,4091,3953,606,581,1153055,1154817,1
D,60545,2,200,200,204,199,4095,3949,602,585,1153657,1155402,1
D,60555,2,200,200,204,199,4095,3949,602,585,1154259,1155987,1
D,60565,2,200,200,205,200,4093,3947,604,589,1154863,1156576,1
D,60575,2,200,200,204,198,4095,3951,600,583,1155463,1157159,1
D,60585,2,200,200,206,198,4091,3951,606,582,1156069,1157741,1
D,60595,2,200,200,203,201,4097,3945,598,592,1156667,1158333,1
D,60605,2,200,200,205,197,4093,3953,605,579,1157272,1158912,1
D,60615,2,200,200,206,198,4091,3951,607,584,1157879,1159496,1
D,60625,2,200,200,202,200,4099,3947,596,588,1158475,1160084,1
D,60635,2,200,200,206,198,4091,3951,608,584,1159083,1160668,1
D,60645,2,200,200,205,198,4093,3951,603,584,1159686,1161252,1
D,60655,2,200,200,205,197,4093,3953,603,581,1160289,1161833,1
D,60665,2,200,200,206,201,4091,3945,606,591,1160895,1162424,1
D,60675,2,200,200,204,197,4095,3953,601,579,1161496,1163003,1
D,60685,2,200,200,207,198,4089,3951,609,582,1162105,1163585,1
D,60695,2,200,200,204,200,4095,3947,600,590,1162705,1164175,1
D,60705,2,200,200,206,197,4091,3953,606,581,1163311,1164756,1
D,60715,2,200,200,207,199,4089,3949,609,586,1163920,1165342,1
D,60725,2,200,200,202,197,4099,3953,596,581,1164516,1165923,1
D,60735,2,200,200,207,201,4089,3945,609,591,1165125,1166514,1
D,60745,2,200,200,205,198,4093,3951,605,583,1165730,1167097,1
D,60755,2,200,200,204,198,4095,3951,602,582,1166332,1167679,1
D,60765,2,200,200,206,202,4091,3943,608,594,1166940,1168273,1
D,60775,2,200,200,204,197,4095,3953,602,580,1167542,1168853,1
D,60785,2,200,200,207,199,4089,3949,609,587,1168151,1169440,1
D,60795,2,200,200,204,200,4095,3947,602,590,1168753,1170030,1
D,60805,2,200,200,205,200,4093,3947,605,588,1169358,1170618,1
D,60815,2,200,200,207,199,4089,3949,610,587,1169968,1171205,1
D,60825,2,200,200,203,198,4097,3951,598,584,1170566,1171789,1
D,60835,2,200,200,207,202,4089,3943,610,596,1171176,1172385,1
D,60845,2,200,200,206,198,4091,3951,606,583,1171782,1172968,1
D,60855,2,200,200,204,199,4095,3949,602,587,1172384,1173555,1
D,60865,2,200,200,207,202,4089,3943,610,594,1172994,1174149,1
D,60875,2,200,200,205,199,4093,3949,603,586,1173597,1174735,1
D,60885,2,200,200,206,200,4091,3947,608,589,1174205,1175324,1
D,60895,2,200,200,205,199,4093,3949,605,587,1174810,1175911,1
D,60905,2,200,200,205,201,4093,3945,605,593,1175415,1176504,1
D,60915,2,200,200,207,199,4089,3949,610,587,1176025,1177091,1
D,60925,2,200,200,204,199,4095,3949,600,586,1176625,1177677,1
D,60935,2,200,200,207,203,4089,3941,610,598,1177235,1178275,1
D,60945,2,200,200,206,199,4091,3949,608,585,1177843,1178860,1
D,60955,2,200,200,204,200,4095,3947,601,590,1178444,1179450,1
D,60965,2,200,200,207,201,4089,3945,609,593,1179053,1180043,1
D,60975,2,200,200,205,201,4093,3945,603,591,1179656,1180634,1
D,60985,2,200,200,206,201,4091,3945,607,592,1180263,1181226,1
D,60995,2,200,200,206,200,4091,3947,606,588,1180869,1181814,1
D,61005,2,200,200,205,203,4093,3941,603,598,1181472,1182412,1
D,61015,2,200,200,207,200,4089,3947,609,588,1182081,1183000,1
D,61025,2,200,200,204,200,4095,3947,600,589,1182681,1183589,1
D,61035,2,200,200,207,203,4089,3941,609,599,1183290,1184188,1
D,61045,2,200,200,206,200,4091,3947,607,589,1183897,1184777,1
D,61055,2,200,200,203,201,4097,3945,598,591,1184495,1185368,1
D,61065,2,200,200,207,201,4089,3945,610,592,1185105,1185960,1
D,61075,2,200,200,205,202,4093,3943,603,595,1185708,1186555,1
D,61085,2,200,200,205,200,4093,3947,604,590,1186312,1187145,1
D,61095,2,200,200,205,200,4093,3947,605,589,1186917,1187734,1
D,61105,2,200,200,204,203,4095,3941,602,599,1187519,1188333,1
D,61115,2,200,200,206,199,4091,3949,608,586,1188127,1188919,1
D,61125,2,200,200,204,201,4095,3945,600,591,1188727,1189510,1
D,61135,2,200,200,206,202,4091,3943,607,596,1189334,1190106,1
D,61145,2,200,200,206,200,4091,3947,607,590,1189941,1190696,1
D,61155,2,200,200,203,201,4097,3945,597,591,1190538,1191287,1
D,61165,2,200,200,207,200,4089,3947,610,589,1191148,1191876,1
D,61175,2,200,200,205,203,4093,3941,604,598,1191752,1192474,1
D,61185,2,200,200,204,200,4095,3947,602,588,1192354,1193062,1
D,61195,2,200,200,206,200,4091,3947,607,589,1192961,1193651,1
D,61205,2,200,200,204,203,4095,3941,602,598,1193563,1194249,1
D,61215,2,200,200,206,199,4091,3949,608,587,1194171,1194836,1
D,61225,2,200,200,204,201,4095,3945,601,591,1194772,1195427,1
D,61235,2,200,200,205,201,4093,3945,604,593,1195376,1196020,1
D,61245,2,200,200,206,201,4091,3945,607,593,1195983,1196613,1
D,61255,2,200,200,203,200,4097,3947,597,590,1196580,1197203,1
D,61265,2,200,200,206,200,4091,3947,608,588,1197188,1197791,1
D,61275,2,200,200,205,203,4093,3941,603,598,1197791,1198389,1
D,61285,2,200,200,204,199,4095,3949,600,586,1198391,1198975,1
D,61295,2,200,200,205,200,4093,3947,605,588,1198996,1199563,1
D,61305,2,200,200,204,203,4095,3941,600,597,1199596,1200160,1
D,61315,2,200,200,205,200,4093,3947,604,588,1200200,1200748,1
D,61325,2,200,200,204,200,4095,3947,600,589,1200800,1201337,1
D,61335,2,200,200,204,200,4095,3947,601,590,1201401,1201927,1
D,61345,2,200,200,205,202,4093,3943,605,594,1202006,1202521,1
D,61355,2,200,200,203,199,4097,3949,597,587,1202603,1203108,1
D,61365,2,200,200,206,200,4091,3947,606,588,1203209,1203696,1
D,61375,2,200,200,205,202,4093,3943,603,596,1203812,1204292,1
D,61385,2,200,200,203,198,4097,3951,598,584,1204410,1204876,1
D,61395,2,200,200,205,200,4093,3947,604,588,1205014,1205464,1
D,61405,2,200,200,204,201,4095,3945,601,593,1205615,1206057,1
D,61415,2,200,200,205,200,4093,3947,604,588,1206219,1206645,1
D,61425,2,200,200,204,199,4095,3949,601,587,1206820,1207232,1
D,61435,2,200,200,204,199,4095,3949,602,586,1207422,1207818,1
D,61445,2,200,200,206,202,4091,3943,606,595,1208028,1208413,1
D,61455,2,200,200,203,198,4097,3951,597,583,1208625,1208996,1
D,61465,2,200,200,206,199,4091,3949,606,585,1209231,1209581,1
D,61475,2,200,200,205,201,4093,3945,604,593,1209835,1210174,1
D,61485,2,200,200,203,198,4097,3951,598,584,1210433,1210758,1
D,61495,2,200,200,206,199,4091,3949,606,586,1211039,1211344,1
D,61505,2,200,200,204,198,4095,3951,602,584,1211641,1211928,1
D,61515,2,200,200,205,200,4093,3947,603,590,1212244,1212518,1
D,61525,2,200,200,205,198,4093,3951,603,582,1212847,1213100,1
D,61535,2,200,200,204,198,4095,3951,602,583,1213449,1213683,1
D,61545,2,200,200,205,201,4093,3945,605,591,1214054,1214274,1
D,61555,2,200,200,203,197,4097,3953,599,579,1214653,1214853,1
D,61565,2,200,200,206,199,4091,3949,606,585,1215259,1215438,1
D,61575,2,200,200,205,199,4093,3949,605,585,1215864,1216023,1
D,61585,2,200,200,203,199,4097,3949,597,586,1216461,1216609,1
D,61595,2,200,200,206,197,4091,3953,607,581,1217068,1217190,1
D,61605,2,200,200,204,197,4095,3953,602,581,1217670,1217771,1
D,61615,2,200,200,205,201,4093,3945,603,591,1218273,1218362,1
D,61625,2,200,200,205,196,4093,3955,605,578,1218878,1218940,1
D,61635,2,200,200,204,198,4095,3951,601,583,1219479,1219523,1
D,61645,2,200,200,206,199,4091,3949,606,587,1220085,1220110,1
D,61655,2,200,200,203,198,4097,3951,599,583,1220684,1220693,1
D,61665,2,200,200,206,198,4091,3951,606,582,1221290,1221275,1
D,61675,2,200,200,206,197,4091,3953,607,580,1221897,1221855,1
D,61685,2,200,200,203,201,4097,3945,597,591,1222494,1222446,1
D,61695,2,200,200,206,196,4091,3955,607,578,1223101,1223024,1
D,61705,2,200,200,205,198,4093,3951,605,582,1223706,1223606,1
D,61715,2,200,200,204,200,4095,3947,602,588,1224308,1224194,1
D,61725,2,200,200,206,197,4091,3953,606,581,1224914,1224775,1
D,61735,2,200,200,204,198,4095,3951,601,584,1225515,1225359,1
D,61745,2,200,200,206,198,4091,3951,607,582,1226122,1225941,1
D,61755,2,200,200,204,200,4095,3947,602,589,1226724,1226530,1
D,61765,2,200,200,205,197,4093,3953,605,581,1227329,1227111,1
D,61775,2,200,200,207,198,4089,3951,609,582,1227938,1227693,1
D,61785,2,200,200,203,202,4097,3943,597,594,1228535,1228287,1
D,61795,2,200,200,207,197,4089,3953,609,580,1229144,1228867,1
D,61805,2,200,200,205,199,4093,3949,605,586,1229749,1229453,1
D,61815,2,200,200,204,200,4095,3947,601,588,1230350,1230041,1
D,61825,2,200,200,206,200,4091,3947,608,588,1230958,1230629,1
D,61835,2,200,200,204,199,4095,3949,601,586,1231559,1231215,1
D,61845,2,200,200,206,198,4091,3951,608,583,1232167,1231798,1
D,61855,2,200,200,205,202,4093,3943,603,595,1232770,1232393,1
D,61865,2,200,200,205,198,4093,3951,604,582,1233374,1232975,1
D,61875,2,200,200,207,199,4089,3949,610,585,1233984,1233560,1
D,61885,2,200,200,203,201,4097,3945,598,593,1234582,1234153,1
D,61895,2,200,200,206,198,4091,3951,608,584,1235190,1234737,1
D,61905,2,200,200,206,200,4091,3947,607,588,1235797,1235325,1
D,61915,2,200,200,203,199,4097,3949,599,585,1236396,1235910,1
D,61925,2,200,200,207,201,4089,3945,609,593,1237005,1236503,1
D,61935,2,200,200,204,199,4095,3949,602,585,1237607,1237088,1
D,61945,2,200,200,206,199,4091,3949,606,585,1238213,1237673,1
D,61955,2,200,200,205,202,4093,3943,605,596,1238818,1238269,1
D,61965,2,200,200,204,198,4095,3951,602,583,1239420,1238852,1
D,61975,2,200,200,207,200,4089,3947,609,590,1240029,1239442,1
D,61985,2,200,200,203,201,4097,3945,598,591,1240627,1240033,1
D,61995,2,200,200,206,200,4091,3947,607,590,1241234,1240623,1
D,62005,2,200,200,206,200,4091,3947,607,589,1241841,1241212,1
D,62015,2,200,200,203,199,4097,3949,598,586,1242439,1241798,1
D,62025,2,200,200,207,203,4089,3941,609,597,1243048,1242395,1
D,62035,2,200,200,204,199,4095,3949,602,586,1243650,1242981,1
D,62045,2,200,200,205,200,4093,3947,605,588,1244255,1243569,1
D,62055,2,200,200,205,203,4093,3941,604,597,1244859,1244166,1
D,62065,2,200,200,204,199,4095,3949,601,587,1245460,1244753,1
D,62075,2,200,200,206,201,4091,3945,607,591,1246067,1245344,1
D,62085,2,200,200,203,200,4097,3947,599,588,1246666,1245932,1
D,62095,2,200,200,206,202,4091,3943,607,595,1247273,1246527,1
D,62105,2,200,200,206,200,4091,3947,607,589,1247880,1247116,1
D,62115,2,200,200,202,199,4099,3949,596,587,1248476,1247703,1
D,62125,2,200,200,207,203,4089,3941,610,598,1249086,1248301,1
D,62135,2,200,200,204,199,4095,3949,602,585,1249688,1248886,1
D,62145,2,200,200,205,200,4093,3947,604,590,1250292,1249476,1
D,62155,2,200,200,206,202,4091,3943,606,594,1250898,1250070,1
D,62165,2,200,200,204,200,4095,3947,600,590,1251498,1250660,1
D,62175,2,200,200,206,200,4091,3947,608,590,1252106,1251250,1
D,62185,2,200,200,203,199,4097,3949,599,587,1252705,1251837,1
D,62195,2,200,200,206,203,4091,3941,607,597,1253312,1252434,1
D,62205,2,200,200,206,199,4091,3949,607,587,1253919,1253021,1
D,62215,2,200,200,202,199,4099,3949,596,587,1254515,1253608,1
D,62225,2,200,200,207,203,4089,3941,610,597,1255125,1254205,1
D,62235,2,200,200,204,199,4095,3949,602,586,1255727,1254791,1
D,62245,2,200,200,204,200,4095,3947,602,590,1256329,1255381,1
D,62255,2,200,200,205,201,4093,3945,605,591,1256934,1255972,1
D,62265,2,200,200,203,201,4097,3945,599,591,1257533,1256563,1
D,62275,2,200,200,206,200,4091,3947,607,589,1258140,1257152,1
D,62285,2,200,200,203,199,4097,3949,598,587,1258738,1257739,1
D,62295,2,200,200,205,203,4093,3941,604,597,1259342,1258336,1
D,62305,2,200,200,205,198,4093,3951,605,584,1259947,1258920,1
D,62315,2,200,200,202,200,4099,3947,594,588,1260541,1259508,1
D,62325,2,200,200,206,202,4091,3943,607,595,1261148,1260103,1
D,62335,2,200,200,204,200,4095,3947,601,588,1261749,1260691,1
D,62345,2,200,200,203,200,4097,3947,599,589,1262348,1261280,1
D,62355,2,200,200,205,199,4093,3949,605,586,1262953,1261866,1
D,62365,2,200,200,203,202,4097,3943,599,594,1263552,1262460,1
D,62375,2,200,200,206,199,4091,3949,606,585,1264158,1263045,1
D,62385,2,200,200,204,199,4095,3949,600,586,1264758,1263631,1
D,62395,2,200,200,205,202,4093,3943,604,596,1265362,1264227,1
D,62405,2,200,200,206,198,4091,3951,606,584,1265968,1264811,1
D,62415,2,200,200,202,200,4099,3947,596,588,1266564,1265399,1
D,62425,2,200,200,206,200,4091,3947,608,589,1267172,1265988,1
D,62435,2,200,200,205,200,4093,3947,603,589,1267775,1266577,1
D,62445,2,200,200,204,199,4095,3949,600,587,1268375,1267164,1
D,62455,2,200,200,206,199,4091,3949,607,585,1268982,1267749,1
D,62465,2,200,200,204,202,4095,3943,600,595,1269582,1268344,1
D,62475,2,200,200,206,198,4091,3951,608,582,1270190,1268926,1
D,62485,2,200,200,204,199,4095,3949,600,585,1270790,1269511,1
D,62495,2,200,200,205,201,4093,3945,603,592,1271393,1270103,1
D,62505,2,200,200,206,199,4091,3949,607,585,1272000,1270688,1
D,62515,2,200,200,203,199,4097,3949,598,586,1272598,1271274,1
D,62525,2,200,200,207,198,4089,3951,609,582,1273207,1271856,1
D,62535,2,200,200,205,201,4093,3945,604,591,1273811,1272447,1
D,62545,2,200,200,204,197,4095,3953,600,581,1274411,1273028,1
D,62555,2,200,200,206,198,4091,3951,607,582,1275018,1273610,1
D,62565,2,200,200,204,201,4095,3945,602,591,1275620,1274201,1
D,62575,2,200,200,206,197,4091,3953,606,581,1276226,1274782,1
D,62585,2,200,200,204,198,4095,3951,602,583,1276828,1275365,1
D,62595,2,200,200,205,198,4093,3951,603,583,1277431,1275948,1
D,62605,2,200,200,206,200,4091,3947,607,588,1278038,1276536,1
D,62615,2,200,200,203,198,4097,3951,599,582,1278637,1277118,1
D,62625,2,200,200,206,197,4091,3953,608,581,1279245,1277699,1
D,62635,2,200,200,206,200,4091,3947,606,590,1279851,1278289,1
D,62645,2,200,200,203,197,4097,3953,599,579,1280450,1278868,1
D,62655,2,200,200,206,198,4091,3951,608,582,1281058,1279450,1
D,62665,2,200,200,205,199,4093,3949,603,586,1281661,1280036,1
D,62675,2,200,200,205,198,4093,3951,605,584,1282266,1280620,1
D,62685,2,200,200,205,198,4093,3951,605,582,1282871,1281202,1
D,62695,2,200,200,205,197,4093,3953,603,580,1283474,1281782,1
D,62705,2,200,200,206,200,4091,3947,608,589,1284082,1282371,1
D,62715,2,200,200,204,196,4095,3955,600,578,1284682,1282949,1
D,62725,2,200,200,206,198,4091,3951,608,582,1285290,1283531,1
D,62735,2,200,200,206,199,4091,3949,608,587,1285898,1284118,1
D,62745,2,200,200,203,198,4097,3951,599,582,1286497,1284700,1
D,62755,2,200,200,207,197,4089,3953,609,581,1287106,1285281,1
D,62765,2,200,200,206,197,4091,3953,606,580,1287712,1285861,1
D,62775,2,200,200,205,201,4093,3945,604,591,1288316,1286452,1
D,62785,2,200,200,206,197,4091,3953,608,579,1288924,1287031,1
D,62795,2,200,200,204,198,4095,3951,602,583,1289526,1287614,1
D,62805,2,200,200,206,200,4091,3947,608,589,1290134,1288203,1
D,62815,2,200,200,205,198,4093,3951,603,583,1290737,1288786,1
D,62825,2,200,200,206,199,4091,3949,607,585,1291344,1289371,1
D,62835,2,200,200,207,198,4089,3951,610,584,1291954,1289955,1
D,62845,2,200,200,203,201,4097,3945,599,591,1292553,1290546,1
D,62855,2,200,200,207,198,4089,3951,610,583,1293163,1291129,1
D,62865,2,200,200,206,199,4091,3949,608,585,1293771,1291714,1
D,62875,2,200,200,205,201,4093,3945,603,593,1294374,1292307,1
D,62885,2,200,200,207,197,4089,3953,609,581,1294983,1292888,1
D,62895,2,200,200,205,199,4093,3949,605,587,1295588,1293475,1
D,62905,2,200,200,206,200,4091,3947,607,589,1296195,1294064,1
D,62915,2,200,200,206,199,4091,3949,606,587,1296801,1294651,1
D,62925,2,200,200,205,199,4093,3949,604,586,1297405,1295237,1
D,62935,2,200,200,207,198,4089,3951,610,584,1298015,1295821,1
D,62945,2,200,200,204,202,4095,3943,601,595,1298616,1296416,1
D,62955,2,200,200,206,198,4091,3951,608,582,1299224,1296998,1
D,62965,2,200,200,206,199,4091,3949,608,587,1299832,1297585,1
D,62975,2,200,200,204,201,4095,3945,600,593,1300432,1298178,1
D,62985,2,200,200,206,199,4091,3949,608,586,1301040,1298764,1
D,62995,2,200,200,205,199,4093,3949,605,587,1301645,1299351,1
D,63005,2,200,200,205,199,4093,3949,605,587,1302250,1299938,1
D,63015,2,200,200,206,201,4091,3945,607,593,1302857,1300531,1
D,63025,2,200,200,204,199,4095,3949,602,586,1303459,1301117,1
D,63035,2,200,200,206,199,4091,3949,608,586,1304067,1301703,1
D,63045,2,200,200,204,203,4095,3941,600,597,1304667,1302300,1
D,63055,2,200,200,206,198,4091,3951,607,583,1305274,1302883,1
D,63065,2,200,200,206,200,4091,3947,608,590,1305882,1303473,1
D,63075,2,200,200,203,201,4097,3945,598,592,1306480,1304065,1
D,63085,2,200,200,207,200,4089,3947,609,590,1307089,1304655,1
D,63095,2,200,200,205,200,4093,3947,604,589,1307693,1305244,1
D,63105,2,200,200,205,199,4093,3949,603,585,1308296,1305829,1
D,63115,2,200,200,206,203,4091,3941,607,598,1308903,1306427,1
D,63125,2,200,200,204,198,4095,3951,601,584,1309504,1307011,1
D,63135,2,200,200,206,200,4091,3947,608,588,1310112,1307599,1
D,63145,2,200,200,204,202,4095,3943,601,596,1310713,1308195,1
D,63155,2,200,200,206,199,4091,3949,606,586,1311319,1308781,1
D,63165,2,200,200,207,200,4089,3947,609,589,1311928,1309370,1
D,63175,2,200,200,203,200,4097,3947,597,589,1312525,1309959,1
D,63185,2,200,200,207,201,4089,3945,609,593,1313134,1310552,1
D,63195,2,200,200,206,199,4091,3949,606,587,1313740,1311139,1
D,63205,2,200,200,204,199,4095,3949,601,585,1314341,1311724,1
D,63215,2,200,200,206,203,4091,3941,607,597,1314948,1312321,1
D,63225,2,200,200,204,198,4095,3951,601,582,1315549,1312903,1
D,63235,2,200,200,206,200,4091,3947,607,589,1316156,1313492,1
D,63245,2,200,200,204,201,4095,3945,601,593,1316757,1314085,1
D,63255,2,200,200,205,200,4093,3947,604,588,1317361,1314673,1
D,63265,2,200,200,206,200,4091,3947,608,589,1317969,1315262,1
D,63275,2,200,200,202,199,4099,3949,596,585,1318565,1315847,1
D,63285,2,200,200,206,202,4091,3943,607,596,1319172,1316443,1
D,63295,2,200,200,205,199,4093,3949,603,585,1319775,1317028,1
D,63305,2,200,200,203,199,4097,3949,598,586,1320373,1317614,1
D,63315,2,200,200,206,202,4091,3943,606,596,1320979,1318210,1
D,63325,2,200,200,203,198,4097,3951,599,584,1321578,1318794,1
D,63335,2,200,200,205,200,4093,3947,605,589,1322183,1319383,1
D,63345,2,200,200,204,200,4095,3947,601,589,1322784,1319972,1
D,63355,2,200,200,204,201,4095,3945,602,591,1323386,1320563,1
D,63365,2,200,200,206,199,4091,3949,607,586,1323993,1321149,1
D,63375,2,200,200,202,198,4099,3951,596,584,1324589,1321733,1
D,63385,2,200,200,206,202,4091,3943,606,595,1325195,1322328,1
D,63395,2,200,200,205,198,4093,3951,604,582,1325799,1322910,1
D,63405,2,200,200,203,199,4097,3949,599,585,1326398,1323495,1
D,63415,2,200,200,206,201,4091,3945,607,592,1327005,1324087,1
D,63425,2,200,200,204,199,4095,3949,600,585,1327605,1324672,1
D,63435,2,200,200,205,199,4093,3949,605,587,1328210,1325259,1
D,63445,2,200,200,205,198,4093,3951,603,583,1328813,1325842,1
D,63455,2,200,200,204,201,4095,3945,601,592,1329414,1326434,1
D,63465,2,200,200,206,198,4091,3951,608,583,1330022,1327017,1
D,63475,2,200,200,203,198,4097,3951,597,583,1330619,1327600,1
D,63485,2,200,200,206,201,4091,3945,608,593,1331227,1328193,1
D,63495,2,200,200,205,197,4093,3953,605,581,1331832,1328774,1
D,63505,2,200,200,203,199,4097,3949,599,585,1332431,1329359,1
D,63515,2,200,200,207,198,4089,3951,609,584,1333040,1329943,1
D,63525,2,200,200,204,200,4095,3947,602,589,1333642,1330532,1
D,63535,2,200,200,206,198,4091,3951,606,583,1334248,1331115,1
D,63545,2,200,200,205,197,4093,3953,604,580,1334852,1331695,1
D,63555,2,200,200,204,201,4095,3945,602,591,1335454,1332286,1
D,63565,2,200,200,206,197,4091,3953,608,580,1336062,1332866,1
D,63575,2,200,200,203,198,4097,3951,599,582,1336661,1333448,1
D,63585,2,200,200,206,199,4091,3949,608,587,1337269,1334035,1
D,63595,2,200,200,206,198,4091,3951,606,583,1337875,1334618,1
D,63605,2,200,200,203,198,4097,3951,599,583,1338474,1335201,1
D,63615,2,200,200,207,197,4089,3953,609,580,1339083,1335781,1
D,63625,2,200,200,205,200,4093,3947,604,590,1339687,1336371,1
D,63635,2,200,200,205,197,4093,3953,604,579,1340291,1336950,1
D,63645,2,200,200,206,198,4091,3951,606,582,1340897,1337532,1
D,63655,2,200,200,205,200,4093,3947,603,588,1341500,1338120,1
D,63665,2,200,200,207,197,4089,3953,609,581,1342109,1338701,1
D,63675,2,200,200,204,198,4095,3951,601,583,1342710,1339284,1
D,63685,2,200,200,207,197,4089,3953,609,581,1343319,1339865,1
D,63695,2,200,200,206,200,4091,3947,608,588,1343927,1340453,1
D,63705,2,200,200,204,197,4095,3953,600,579,1344527,1341032,1
D,63715,2,200,200,207,197,4089,3953,610,580,1345137,1341612,1
D,63725,2,200,200,205,200,4093,3947,605,589,1345742,1342201,1
D,63735,2,200,200,205,197,4093,3953,604,579,1346346,1342780,1
D,63745,2,200,200,207,198,4089,3951,609,582,1346955,1343362,1
D,63755,2,200,200,205,198,4093,3951,603,582,1347558,1343944,1
D,63765,2,200,200,206,199,4091,3949,608,587,1348166,1344531,1
D,63775,2,200,200,205,197,4093,3953,604,580,1348770,1345111,1
D,63785,2,200,200,206,197,4091,3953,607,581,1349377,1345692,1
D,63795,2,200,200,207,200,4089,3947,609,590,1349986,1346282,1
D,63805,2,200,200,204,197,4095,3953,601,579,1350587,1346861,1
D,63815,2,200,200,207,198,4089,3951,609,583,1351196,1347444,1
D,63825,2,200,200,206,199,4091,3949,607,587,1351803,1348031,1
D,63835,2,200,200,205,199,4093,3949,603,586,1352406,1348617,1
D,63845,2,200,200,207,198,4089,3951,609,583,1353015,1349200,1
D,63855,2,200,200,205,198,4093,3951,605,583,1353620,1349783,1
D,63865,2,200,200,206,201,4091,3945,607,592,1354227,1350375,1
D,63875,2,200,200,206,197,4091,3953,607,581,1354834,1350956,1
D,63885,2,200,200,205,199,4093,3949,604,586,1355438,1351542,1
D,63895,2,200,200,206,201,4091,3945,608,591,1356046,1352133,1
D,63905,2,200,200,204,199,4095,3949,601,586,1356647,1352719,1
D,63915,2,200,200,206,199,4091,3949,608,586,1357255,1353305,1
D,63925,2,200,200,207,199,4089,3949,609,585,1357864,1353890,1
D,63935,2,200,200,203,201,4097,3945,599,593,1358463,1354483,1
D,63945,2,200,200,207,198,4089,3951,609,584,1359072,1355067,1
D,63955,2,200,200,205,199,4093,3949,605,586,1359677,1355653,1
D,63965,2,200,200,205,202,4093,3943,604,595,1360281,1356248,1
D,63975,2,200,200,206,198,4091,3951,606,584,1360887,1356832,1
D,63985,2,200,200,204,200,4095,3947,602,590,1361489,1357422,1
D,63995,2,200,200,206,200,4091,3947,608,590,1362097,1358012,1
D,64005,2,200,200,204,201,4095,3945,601,591,1362698,1358603,1
D,64015,2,200,200,206,200,4091,3947,606,588,1363304,1359191,1
D,64025,2,200,200,206,199,4091,3949,608,587,1363912,1359778,1
D,64035,2,200,200,203,203,4097,3941,598,598,1364510,1360376,1
D,64045,2,200,200,206,199,4091,3949,607,585,1365117,1360961,1
D,64055,2,200,200,205,200,4093,3947,604,590,1365721,1361551,1
D,64065,2,200,200,204,202,4095,3943,601,595,1366322,1362146,1
D,64075,2,200,200,206,200,4091,3947,607,590,1366929,1362736,1
D,64085,2,200,200,204,201,4095,3945,600,591,1367529,1363327,1
D,64095,2,200,200,206,200,4091,3947,606,589,1368135,1363916,1
D,64105,2,200,200,204,203,4095,3941,601,597,1368736,1364513,1
D,64115,2,200,200,205,200,4093,3947,603,588,1369339,1365101,1
D,64125,2,200,200,206,200,4091,3947,608,590,1369947,1365691,1
D,64135,2,200,200,202,203,4099,3941,596,599,1370543,1366290,1
D,64145,2,200,200,206,199,4091,3949,606,586,1371149,1366876,1
D,64155,2,200,200,205,201,4093,3945,604,592,1371753,1367468,1
D,64165,2,200,200,204,202,4095,3943,600,594,1372353,1368062,1
D,64175,2,200,200,206,201,4091,3945,607,593,1372960,1368655,1
D,64185,2,200,200,204,200,4095,3947,600,590,1373560,1369245,1
D,64195,2,200,200,205,200,4093,3947,605,589,1374165,1369834,1
D,64205,2,200,200,204,203,4095,3941,601,599,1374766,1370433,1
D,64215,2,200,200,204,199,4095,3949,602,587,1375368,1371020,1
D,64225,2,200,200,206,200,4091,3947,606,590,1375974,1371610,1
D,64235,2,200,200,202,203,4099,3941,596,597,1376570,1372207,1
D,64245,2,200,200,205,200,4093,3947,605,589,1377175,1372796,1
D,64255,2,200,200,205,201,4093,3945,604,592,1377779,1373388,1
D,64265,2,200,200,203,201,4097,3945,597,591,1378376,1373979,1
D,64275,2,200,200,205,202,4093,3943,605,595,1378981,1374574,1
D,64285,2,200,200,203,200,4097,3947,598,589,1379579,1375163,1
D,64295,2,200,200,205,200,4093,3947,603,589,1380182,1375752,1
D,64305,2,200,200,203,204,4097,3939,599,600,1380781,1376352,1
D,64315,2,200,200,203,199,4097,3949,599,585,1381380,1376937,1
D,64325,2,200,200,205,201,4093,3945,604,591,1381984,1377528,1
D,64335,2,200,200,202,202,4099,3943,595,596,1382579,1378124,1
D,64345,2,200,200,205,200,4093,3947,604,588,1383183,1378712,1
D,64355,2,200,200,204,201,4095,3945,602,591,1383785,1379303,1
D,64365,2,200,200,202,199,4099,3949,596,587,1384381,1379890,1
D,64375,2,200,200,205,203,4093,3941,605,597,1384986,1380487,1
D,64385,2,200,200,203,199,4097,3949,598,587,1385584,1381074,1
D,64395,2,200,200,205,199,4093,3949,603,587,1386187,1381661,1
D,64405,2,200,200,204,203,4095,3941,600,597,1386787,1382258,1
D,64415,2,200,200,204,198,4095,3951,600,584,1387387,1382842,1
D,64425,2,200,200,206,200,4091,3947,606,590,1387993,1383432,1
D,64435,2,200,200,202,201,4099,3945,595,591,1388588,1384023,1
D,64445,2,200,200,205,200,4093,3947,605,590,1389193,1384613,1
D,64455,2,200,200,205,200,4093,3947,604,588,1389797,1385201,1
D,64465,2,200,200,202,199,4099,3949,596,585,1390393,1385786,1
D,64475,2,200,200,205,202,4093,3943,605,596,1390998,1386382,1
D,64485,2,200,200,204,198,4095,3951,600,583,1391598,1386965,1
D,64495,2,200,200,205,199,4093,3949,604,586,1392202,1387551,1
D,64505,2,200,200,204,202,4095,3943,602,594,1392804,1388145,1
D,64515,2,200,200,204,199,4095,3949,600,585,1393404,1388730,1
D,64525,2,200,200,206,200,4091,3947,606,588,1394010,1389318,1
D,64535,2,200,200,202,198,4099,3951,596,584,1394606,1389902,1
D,64545,2,200,200,206,201,4091,3945,606,591,1395212,1390493,1
D,64555,2,200,200,205,198,4093,3951,604,584,1395816,1391077,1
D,64565,2,200,200,203,198,4097,3951,597,582,1396413,1391659,1
D,64575,2,200,200,206,202,4091,3943,607,594,1397020,1392253,1
D,64585,2,200,200,203,197,4097,3953,599,580,1397619,1392833,1
D,64595,2,200,200,205,198,4093,3951,605,584,1398224,1393417,1
D,64605,2,200,200,204,199,4095,3949,602,586,1398826,1394003,1
D,64615,2,200,200,204,199,4095,3949,601,586,1399427,1394589,1
D,64625,2,200,200,206,198,4091,3951,607,584,1400034,1395173,1
D,64635,2,200,200,202,197,4099,3953,596,580,1400630,1395753,1
D,64645,2,200,200,206,201,4091,3945,608,592,1401238,1396345,1
D,64655,2,200,200,205,196,4093,3955,605,578,1401843,1396923,1
D,64665,2,200,200,203,198,4097,3951,598,583,1402441,1397506,1
D,64675,2,200,200,206,200,4091,3947,608,588,1403049,1398094,1
D,64685,2,200,200,204,197,4095,3953,602,581,1403651,1398675,1
D,64695,2,200,200,205,198,4093,3951,605,584,1404256,1399259,1
D,64705,2,200,200,205,197,4093,3953,603,579,1404859,1399838,1
D,64715,2,200,200,204,200,4095,3947,602,589,1405461,1400427,1
D,64725,2,200,200,206,197,4091,3953,608,579,1406069,1401006,1
D,64735,2,200,200,203,197,4097,3953,599,579,1406668,1401585,1
D,64745,2,200,200,206,200,4091,3947,608,589,1407276,1402174,1
D,64755,2,200,200,206,197,4091,3953,607,579,1407883,1402753,1
D,64765,2,200,200,203,198,4097,3951,598,582,1408481,1403335,1
D,64775,2,200,200,207,197,4089,3953,610,579,1409091,1403914,1
D,64785,2,200,200,205,199,4093,3949,603,586,1409694,1404500,1
D,64795,2,200,200,205,197,4093,3953,604,579,1410298,1405079,1
D,64805,2,200,200,206,197,4091,3953,606,579,1410904,1405658,1
D,64815,2,200,200,204,200,4095,3947,602,589,1411506,1406247,1
D,64825,2,200,200,207,196,4089,3955,609,578,1412115,1406825,1
D,64835,2,200,200,204,198,4095,3951,601,582,1412716,1407407,1
D,64845,2,200,200,206,198,4091,3951,608,584,1413324,1407991,1
D,64855,2,200,200,206,199,4091,3949,608,585,1413932,1408576,1
D,64865,2,200,200,203,198,4097,3951,599,582,1414531,1409158,1
D,64875,2,200,200,207,197,4089,3953,610,581,1415141,1409739,1
D,64885,2,200,200,205,201,4093,3945,604,592,1415745,1410331,1
D,64895,2,200,200,205,197,4093,3953,603,579,1416348,1410910,1
D,64905,2,200,200,206,198,4091,3951,607,583,1416955,1411493,1
D,64915,2,200,200,204,200,4095,3947,602,590,1417557,1412083,1
D,64925,2,200,200,206,198,4091,3951,608,584,1418165,1412667,1
D,64935,2,200,200,204,199,4095,3949,602,585,1418767,1413252,1
D,64945,2,200,200,205,198,4093,3951,605,582,1419372,1413834,1
D,64955,2,200,200,206,201,4091,3945,607,591,1419979,1414425,1
D,64965,2,200,200,203,197,4097,3953,599,581,1420578,1415006,1
D,64975,2,200,200,206,198,4091,3951,608,584,1421186,1415590,1
D,64985,2,200,200,205,201,4093,3945,605,592,1421791,1416182,1
D,64995,2,200,200,204,198,4095,3951,601,583,1422392,1416765,1
D,65005,2,200,200,206,199,4091,3949,607,586,1422999,1417351,1
D,65015,2,200,200,204,199,4095,3949,602,586,1423601,1417937,1
D,65025,2,200,200,206,201,4091,3945,606,591,1424207,1418528,1
D,65035,2,200,200,204,199,4095,3949,602,585,1424809,1419113,1
D,65045,2,200,200,205,198,4093,3951,603,584,1425412,1419697,1
D,65055,2,200,200,206,202,4091,3943,606,595,1426018,1420292,1
D,65065,2,200,200,203,198,4097,3951,598,582,1426616,1420874,1
D,65075,2,200,200,206,200,4091,3947,607,588,1427223,1421462,1
D,65085,2,200,200,206,200,4091,3947,606,590,1427829,1422052,1
D,65095,2,200,200,203,200,4097,3947,598,590,1428427,1422642,1
D,65105,2,200,200,206,199,4091,3949,607,587,1429034,1423229,1
D,65115,2,200,200,204,199,4095,3949,602,586,1429636,1423815,1
D,65125,2,200,200,205,202,4093,3943,603,595,1430239,1424410,1
D,65135,2,200,200,205,198,4093,3951,604,584,1430843,1424994,1
D,65145,2,200,200,204,199,4095,3949,601,587,1431444,1425581,1
D,65155,2,200,200,206,202,4091,3943,606,594,1432050,1426175,1
D,65165,2,200,200,203,199,4097,3949,599,586,1432649,1426761,1
D,65175,2,200,200,206,200,4091,3947,606,588,1433255,1427349,1
D,65185,2,200,200,206,199,4091,3949,606,587,1433861,1427936,1
D,65195,2,200,200,203,202,4097,3943,597,594,1434458,1428530,1
D,65205,2,200,200,206,199,4091,3949,606,585,1435064,1429115,1
D,65215,2,200,200,205,199,4093,3949,603,587,1435667,1429702,1
D,65225,2,200,200,204,202,4095,3943,601,595,1436268,1430297,1
D,65235,2,200,200,205,198,4093,3951,604,584,1436872,1430881,1
D,65245,2,200,200,203,200,4097,3947,599,588,1437471,1431469,1
D,65255,2,200,200,205,201,4093,3945,605,591,1438076,1432060,1
D,65265,2,200,200,203,200,4097,3947,597,590,1438673,1432650,1
D,65275,2,200,200,204,199,4095,3949,602,587,1439275,1433237,1
D,65285,2,200,200,205,198,4093,3951,604,584,1439879,1433821,1
D,65295,2,200,200,202,202,4099,3943,594,595,1440473,1434416,1
D,65305,2,200,200,205,198,4093,3951,604,582,1441077,1434998,1
D,65315,2,200,200,204,199,4095,3949,600,586,1441677,1435584,1
D,65325,2,200,200,203,201,4097,3945,599,592,1442276,1436176,1
D,65335,2,200,200,204,198,4095,3951,602,584,1442878,1436760,1
D,65345,2,200,200,203,199,4097,3949,598,587,1443476,1437347,1
D,65355,2,200,200,205,198,4093,3951,604,584,1444080,1437931,1
D,65365,2,200,200,202,201,4099,3945,596,592,1444676,1438523,1
D,65375,2,200,200,204,198,4095,3951,602,583,1445278,1439106,1
D,65385,2,200,200,205,198,4093,3951,605,583,1445883,1439689,1
D,65395,2,200,200,202,201,4099,3945,594,593,1446477,1440282,1
D,65405,2,200,200,205,197,4093,3953,605,580,1447082,1440862,1
D,65415,2,200,200,204,199,4095,3949,602,586,1447684,1441448,1
D,65425,2,200,200,204,200,4095,3947,600,588,1448284,1442036,1
D,65435,2,200,200,205,199,4093,3949,604,587,1448888,1442623,1
D,65445,2,200,200,203,198,4097,3951,598,584,1449486,1443207,1
D,65455,2,200,200,205,198,4093,3951,605,582,1450091,1443789,1
D,65465,2,200,200,203,201,4097,3945,598,592,1450689,1444381,1
D,65475,2,200,200,205,197,4093,3953,603,580,1451292,1444961,1
D,65485,2,200,200,205,198,4093,3951,605,583,1451897,1445544,1
D,65495,2,200,200,202,200,4099,3947,595,589,1452492,1446133,1
D,65505,2,200,200,206,198,4091,3951,607,582,1453099,1446715,1
D,65515,2,200,200,204,199,4095,3949,602,585,1453701,1447300,1
D,65525,2,200,200,204,197,4095,3953,600,580,1454301,1447880,1
D,65535,2,200,200,205,200,4093,3947,605,590,1454906,1448470,1
D,65545,2,200,200,203,197,4097,3953,598,580,1455504,1449050,1
D,65555,2,200,200,206,197,4091,3953,606,581,1456110,1449631,1
D,65565,2,200,200,203,200,4097,3947,599,590,1456709,1450221,1
D,65575,2,200,200,205,196,4093,3955,603,578,1457312,1450799,1
D,65585,2,200,200,206,198,4091,3951,607,584,1457919,1451383,1
D,65595,2,200,200,202,198,4099,3951,596,582,1458515,1451965,1
D,65605,2,200,200,206,199,4091,3949,607,585,1459122,1452550,1
D,65615,2,200,200,205,198,4093,3951,604,582,1459726,1453132,1
D,65625,2,200,200,204,196,4095,3955,600,578,1460326,1453710,1
D,65635,2,200,200,206,200,4091,3947,607,590,1460933,1454300,1
D,65645,2,200,200,203,196,4097,3955,599,576,1461532,1454876,1
D,65655,2,200,200,206,198,4091,3951,608,583,1462140,1455459,1
D,65665,2,200,200,204,198,4095,3951,601,584,1462741,1456043,1
D,65675,2,200,200,205,198,4093,3951,604,582,1463345,1456625,1
D,65685,2,200,200,207,198,4089,3951,609,582,1463954,1457207,1
D,65695,2,200,200,202,196,4099,3955,596,578,1464550,1457785,1
D,65705,2,200,200,207,200,4089,3947,610,590,1465160,1458375,1
D,65715,2,200,200,205,196,4093,3955,604,577,1465764,1458952,1
D,65725,2,200,200,204,197,4095,3953,600,580,1466364,1459532,1
D,65735,2,200,200,206,200,4091,3947,608,588,1466972,1460120,1
D,65745,2,200,200,204,197,4095,3953,601,579,1467573,1460699,1
D,65755,2,200,200,206,198,4091,3951,608,582,1468181,1461281,1
D,65765,2,200,200,204,196,4095,3955,602,577,1468783,1461858,1
D,65775,2,200,200,205,199,4093,3949,604,587,1469387,1462445,1
D,65785,2,200,200,207,196,4089,3955,609,578,1469996,1463023,1
D,65795,2,200,200,203,196,4097,3955,598,577,1470594,1463600,1
D,65805,2,200,200,207,200,4089,3947,610,589,1471204,1464189,1
D,65815,2,200,200,206,196,4091,3955,606,577,1471810,1464766,1
D,65825,2,200,200,204,197,4095,3953,601,581,1472411,1465347,1
D,65835,2,200,200,207,197,4089,3953,609,581,1473020,1465928,1
D,65845,2,200,200,204,199,4095,3949,602,585,1473622,1466513,1
D,65855,2,200,200,206,197,4091,3953,608,581,1474230,1467094,1
D,65865,2,200,200,205,197,4093,3953,604,579,1474834,1467673,1
D,65875,2,200,200,205,201,4093,3945,604,591,1475438,1468264,1
D,65885,2,200,200,206,196,4091,3955,608,578,1476046,1468842,1
D,65895,2,200,200,204,198,4095,3951,600,583,1476646,1469425,1
D,65905,2,200,200,207,199,4089,3949,609,586,1477255,1470011,1
D,65915,2,200,200,206,199,4091,3949,606,585,1477861,1470596,1
D,65925,2,200,200,203,198,4097,3951,599,584,1478460,1471180,1
D,65935,2,200,200,207,198,4089,3951,609,582,1479069,1471762,1
D,65945,2,200,200,205,201,4093,3945,603,591,1479672,1472353,1
D,65955,2,200,200,206,197,4091,3953,606,581,1480278,1472934,1
D,65965,2,200,200,205,198,4093,3951,604,583,1480882,1473517,1
D,65975,2,200,200,204,200,4095,3947,601,590,1481483,1474107,1
D,65985,2,200,200,206,198,4091,3951,608,584,1482091,1474691,1
D,65995,2,200,200,204,199,4095,3949,600,585,1482691,1475276,1
D,66005,2,200,200,206,198,4091,3951,607,583,1483298,1475859,1
D,66015,2,200,200,206,201,4091,3945,607,592,1483905,1476451,1
D,66025,2,200,200,203,198,4097,3951,598,583,1484503,1477034,1
D,66035,2,200,200,206,198,4091,3951,608,584,1485111,1477618,1
D,66045,2,200,200,205,202,4093,3943,603,594,1485714,1478212,1
D,66055,2,200,200,205,198,4093,3951,603,583,1486317,1478795,1
D,66065,2,200,200,205,199,4093,3949,605,586,1486922,1479381,1
D,66075,2,200,200,204,200,4095,3947,601,588,1487523,1479969,1
D,66085,2,200,200,206,200,4091,3947,607,590,1488130,1480559,1
D,66095,2,200,200,204,199,4095,3949,600,586,1488730,1481145,1
D,66105,2,200,200,205,199,4093,3949,605,585,1489335,1481730,1
D,66115,2,200,200,206,202,4091,3943,606,595,1489941,1482325,1
D,66125,2,200,200,203,198,4097,3951,598,582,1490539,1482907,1
D,66135,2,200,200,206,200,4091,3947,607,588,1491146,1483495,1
D,66145,2,200,200,205,201,4093,3945,603,592,1491749,1484087,1
D,66155,2,200,200,204,199,4095,3949,602,587,1492351,1484674,1
D,66165,2,200,200,205,200,4093,3947,605,588,1492956,1485262,1
D,66175,2,200,200,204,199,4095,3949,601,585,1493557,1485847,1
D,66185,2,200,200,205,202,4093,3943,605,595,1494162,1486442,1
D,66195,2,200,200,204,199,4095,3949,601,585,1494763,1487027,1
D,66205,2,200,200,205,199,4093,3949,603,587,1495366,1487614,1
D,66215,2,200,200,206,202,4091,3943,606,594,1495972,1488208,1
D,66225,2,200,200,202,199,4099,3949,596,585,1496568,1488793,1
D,66235,2,200,200,205,200,4093,3947,605,588,1497173,1489381,1
D,66245,2,200,200,205,200,4093,3947,604,589,1497777,1489970,1
D,66255,2,200,200,203,201,4097,3945,597,591,1498374,1490561,1
D,66265,2,200,200,205,199,4093,3949,604,585,1498978,1491146,1
D,66275,2,200,200,203,199,4097,3949,599,586,1499577,1491732,1
D,66285,2,200,200,204,202,4095,3943,602,594,1500179,1492326,1
D,66295,2,200,200,203,198,4097,3951,599,583,1500778,1492909,1
D,66305,2,200,200,204,199,4095,3949,600,587,1501378,1493496,1
D,66315,2,200,200,205,201,4093,3945,603,591,1501981,1494087,1
D,66325,2,200,200,202,199,4099,3949,595,587,1502576,1494674,1
D,66335,2,200,200,205,200,4093,3947,604,588,1503180,1495262,1
D,66345,2,200,200,204,198,4095,3951,602,584,1503782,1495846,1
D,66355,2,200,200,202,202,4099,3943,596,595,1504378,1496441,1
D,66365,2,200,200,205,198,4093,3951,603,583,1504981,1497024,1
D,66375,2,200,200,204,199,4095,3949,600,585,1505581,1497609,1
D,66385,2,200,200,204,202,4095,3943,602,594,1506183,1498203,1
D,66395,2,200,200,204,198,4095,3951,600,583,1506783,1498786,1
D,66405,2,200,200,204,199,4095,3949,600,587,1507383,1499373,1
D,66415,2,200,200,205,199,4093,3949,605,586,1507988,1499959,1
D,66425,2,200,200,202,200,4099,3947,596,590,1508584,1500549,1
D,66435,2,200,200,205,199,4093,3949,605,585,1509189,1501134,1
D,66445,2,200,200,204,198,4095,3951,602,584,1509791,1501718,1
D,66455,2,200,200,203,202,4097,3943,597,594,1510388,1502312,1
D,66465,2,200,200,205,197,4093,3953,604,580,1510992,1502892,1
D,66475,2,200,200,203,199,4097,3949,599,586,1511591,1503478,1
D,66485,2,200,200,204,200,4095,3947,602,589,1512193,1504067,1
D,66495,2,200,200,204,199,4095,3949,600,586,1512793,1504653,1
D,66505,2,200,200,204,199,4095,3949,600,585,1513393,1505238,1
D,66515,2,200,200,205,198,4093,3951,604,583,1513997,1505821,1
D,66525,2,200,200,202,201,4099,3945,595,592,1514592,1506413,1
D,66535,2,200,200,205,197,4093,3953,603,580,1515195,1506993,1
D,66545,2,200,200,205,198,4093,3951,603,584,1515798,1507577,1
D,66555,2,200,200,202,200,4099,3947,595,590,1516393,1508167,1
D,66565,2,200,200,205,197,4093,3953,604,581,1516997,1508748,1
D,66575,2,200,200,203,199,4097,3949,599,585,1517596,1509333,1
D,66585,2,200,200,204,198,4095,3951,601,582,1518197,1509915,1
D,66595,2,200,200,204,200,4095,3947,601,589,1518798,1510504,1
D,66605,2,200,200,203,197,4097,3953,599,580,1519397,1511084,1
D,66615,2,200,200,205,197,4093,3953,605,581,1520002,1511665,1
D,66625,2,200,200,202,200,4099,3947,595,589,1520597,1512254,1
D,66635,2,200,200,205,196,4093,3955,604,578,1521201,1512832,1
D,66645,2,200,200,205,198,4093,3951,604,582,1521805,1513414,1
D,66655,2,200,200,202,198,4099,3951,595,583,1522400,1513997,1
D,66665,2,200,200,205,198,4093,3951,605,584,1523005,1514581,1
D,66675,2,200,200,203,197,4097,3953,599,581,1523604,1515162,1
D,66685,2,200,200,205,196,4093,3955,603,578,1524207,1515740,1
D,66695,2,200,200,204,200,4095,3947,601,590,1524808,1516330,1
D,66705,2,200,200,203,196,4097,3955,599,576,1525407,1516906,1
D,66715,2,200,200,205,197,4093,3953,605,581,1526012,1517487,1
D,66725,2,200,200,202,199,4099,3949,595,586,1526607,1518073,1
D,66735,2,200,200,205,197,4093,3953,605,580,1527212,1518653,1
D,66745,2,200,200,205,197,4093,3953,604,581,1527816,1519234,1
D,66755,2,200,200,202,196,4099,3955,596,578,1528412,1519812,1
D,66765,2,200,200,205,200,4093,3947,605,588,1529017,1520400,1
D,66775,2,200,200,203,196,4097,3955,599,576,1529616,1520976,1
D,66785,2,200,200,204,197,4095,3953,602,579,1530218,1521555,1
D,66795,2,200,200,204,199,4095,3949,601,586,1530819,1522141,1
D,66805,2,200,200,203,196,4097,3955,599,577,1531418,1522718,1
D,66815,2,200,200,206,197,4091,3953,606,581,1532024,1523299,1
D,66825,2,200,200,202,196,4099,3955,596,577,1532620,1523876,1
D,66835,2,200,200,206,199,4091,3949,606,586,1533226,1524462,1
D,66845,2,200,200,205,196,4093,3955,604,577,1533830,1525039,1
D,66855,2,200,200,202,196,4099,3955,595,577,1534425,1525616,1
D,66865,2,200,200,206,200,4091,3947,606,589,1535031,1526205,1
D,66875,2,200,200,204,196,4095,3955,600,577,1535631,1526782,1
D,66885,2,200,200,204,197,4095,3953,602,581,1536233,1527363,1
D,66895,2,200,200,204,197,4095,3953,601,581,1536834,1527944,1
D,66905,2,200,200,204,199,4095,3949,600,585,1537434,1528529,1
D,66915,2,200,200,205,197,4093,3953,605,581,1538039,1529110,1
D,66925,2,200,200,202,197,4099,3953,596,579,1538635,1529689,1
D,66935,2,200,200,205,201,4093,3945,604,591,1539239,1530280,1
D,66945,2,200,200,205,196,4093,3955,603,577,1539842,1530857,1
D,66955,2,200,200,202,198,4099,3951,595,584,1540437,1531441,1
D,66965,2,200,200,205,199,4093,3949,605,586,1541042,1532027,1
D,66975,2,200,200,203,198,4097,3951,599,584,1541641,1532611,1
D,66985,2,200,200,204,198,4095,3951,602,584,1542243,1533195,1
D,66995,2,200,200,204,197,4095,3953,600,580,1542843,1533775,1
D,67005,2,200,200,203,201,4097,3945,598,592,1543441,1534367,1
D,67015,2,200,200,205,197,4093,3953,605,579,1544046,1534946,1
D,67025,2,200,200,202,198,4099,3951,594,583,1544640,1535529,1
D,67035,2,200,200,205,201,4093,3945,604,591,1545244,1536120,1
D,67045,2,200,200,204,198,4095,3951,601,583,1545845,1536703,1
D,67055,2,200,200,202,199,4099,3949,594,586,1546439,1537289,1
D,67065,2,200,200,205,198,4093,3951,605,582,1547044,1537871,1
D,67075,2,200,200,203,201,4097,3945,598,591,1547642,1538462,1
D,67085,2,200,200,204,198,4095,3951,601,583,1548243,1539045,1
D,67095,2,200,200,204,198,4095,3951,600,583,1548843,1539628,1
D,67105,2,200,200,203,202,4097,3943,598,594,1549441,1540222,1
D,67115,2,200,200,205,198,4093,3951,603,583,1550044,1540805,1
D,67125,2,200,200,202,199,4099,3949,594,586,1550638,1541391,1
D,67135,2,200,200,205,200,4093,3947,603,588,1551241,1541979,1
D,67145,0,0,0,204,200,0,0,601,588,1551842,1542567,1
D,67155,0,0,0,198,195,0,0,582,574,1552424,1543141,1
D,67165,0,0,0,195,190,0,0,575,559,1552999,1543700,1
D,67175,0,0,0,189,189,0,0,556,556,1553555,1544256,1
D,67185,0,0,0,186,180,0,0,547,531,1554102,1544787,1
D,67195,0,0,0,178,177,0,0,524,523,1554626,1545310,1
D,67205,0,0,0,176,172,0,0,520,506,1555146,1545816,1
D,67215,0,0,0,169,170,0,0,499,501,1555645,1546317,1
D,67225,0,0,0,166,162,0,0,490,478,1556135,1546795,1
D,67235,0,0,0,159,159,0,0,469,470,1556604,1547265,1
D,67245,0,0,0,157,154,0,0,463,453,1557067,1547718,1
D,67255,0,0,0,150,153,0,0,443,450,1557510,1548168,1
D,67265,0,0,0,148,145,0,0,437,428,1557947,1548596,1
D,67275,0,0,0,140,141,0,0,413,416,1558360,1549012,1
D,67285,0,0,0,137,137,0,0,404,404,1558764,1549416,1
D,67295,0,0,0,133,133,0,0,393,391,1559157,1549807,1
D,67305,0,0,0,127,131,0,0,374,385,1559531,1550192,1
D,67315,0,0,0,125,123,0,0,368,364,1559899,1550556,1
D,67325,0,0,0,118,119,0,0,347,351,1560246,1550907,1
D,67335,0,0,0,112,116,0,0,331,343,1560577,1551250,1
D,67345,0,0,0,111,110,0,0,328,326,1560905,1551576,1
D,67355,0,0,0,106,108,0,0,312,318,1561217,1551894,1
D,67365,0,0,0,100,104,0,0,294,308,1561511,1552202,1
D,67375,0,0,0,97,98,0,0,287,290,1561798,1552492,1
D,67385,0,0,0,92,94,0,0,272,278,1562070,1552770,1
D,67395,0,0,0,87,91,0,0,257,268,1562327,1553038,1
D,67405,0,0,0,83,87,0,0,244,256,1562571,1553294,1
D,67415,0,0,0,80,81,0,0,236,240,1562807,1553534,1
D,67425,0,0,0,75,79,0,0,223,235,1563030,1553769,1
D,67435,0,0,0,72,76,0,0,213,224,1563243,1553993,1
D,67445,0,0,0,65,70,0,0,192,208,1563435,1554201,1
D,67455,0,0,0,64,67,0,0,189,198,1563624,1554399,1
D,67465,0,0,0,58,61,0,0,173,180,1563797,1554579,1
D,67475,0,0,0,56,58,0,0,165,173,1563962,1554752,1
D,67485,0,0,0,49,53,0,0,145,158,1564107,1554910,1
D,67495,0,0,0,48,53,0,0,142,156,1564249,1555066,1
D,67505,0,0,0,38,45,0,0,112,133,1564361,1555199,1
D,67515,0,0,0,38,46,0,0,114,137,1564475,1555336,1
D,67525,0,0,0,37,37,0,0,109,110,1564584,1555446,1
D,67535,0,0,0,27,35,0,0,80,104,1564664,1555550,1
D,67545,0,0,0,24,37,0,0,71,110,1564735,1555660,1
D,67555,0,0,0,27,27,0,0,82,82,1564817,1555742,1
D,67565,0,0,0,25,18,0,0,74,53,1564891,1555795,1
D,67575,0,0,0,15,18,0,0,45,54,1564936,1555849,1
D,67585,0,0,0,4,22,0,0,12,67,1564948,1555916,1
D,67595,0,0,0,-2,20,0,0,-8,59,1564940,1555975,1
D,67605,0,0,0,-7,11,0,0,-23,33,1564917,1556008,1
D,67615,0,0,0,-11,0,0,0,-33,1,1564884,1556009,1
D,67625,0,0,0,-12,-7,0,0,-36,-22,1564848,1555987,1
D,67635,0,0,0,-10,-10,0,0,-31,-32,1564817,1555955,1
D,67645,0,0,0,-5,-10,0,0,-15,-31,1564802,1555924,1
D,67655,0,0,0,0,-6,0,0,-1,-19,1564801,1555905,1
D,67665,0,0,0,1,0,0,0,5,-2,1564806,1555903,1
D,67675,0,0,0,1,2,0,0,3,7,1564809,1555910,1
D,67685,0,0,0,0,2,0,0,0,6,1564809,1555916,1
D,67695,0,0,0,0,0,0,0,0,2,1564809,1555918,1
D,67705,0,0,0,0,0,0,0,0,0,1564809,1555918,1
D,67715,0,0,0,0,0,0,0,0,0,1564809,1555918,1
D,67725,0,0,0,0,0,0,0,0,0,1564809,1555918,1
D,67735,0,0,0,0,0,0,0,0,0,1564809,1555918,1
D,67745,0,0,0,0,0,0,0,0,0,1564809,1555918,1
D,67755,0,0,0,0,0,0,0,0,0,1564809,1555918,1
D,67765,0,0,0,0,0,0,0,0,0,1564809,1555918,1
D,67775,0,0,0,0,0,0,0,0,0,1564809,1555918,1
D,67785,0,0,0,0,0,0,0,0,0,1564809,1555918,1
D,67795,0,0,0,0,0,0,0,0,0,1564809,1555918,1
D,67805,0,0,0,0,0,0,0,0,0,1564809,1555918,1
D,67815,0,0,0,0,0,0,0,0,0,1564809,1555918,1
D,67825,0,0,0,0,0,0,0,0,0,1564809,1555918,1
D,67835,0,0,0,0,0,0,0,0,0,1564809,1555918,1
D,67845,0,0,0,0,0,0,0,0,0,1564809,1555918,1
D,67855,0,0,0,0,0,0,0,0,0,1564809,1555918,1
D,67865,0,0,0,0,0,0,0,0,0,1564809,1555918,1
D,67875,0,0,0,0,0,0,0,0,0,1564809,1555918,1
D,67885,0,0,0,0,0,0,0,0,0,1564809,1555918,1
D,67895,0,0,0,0,0,0,0,0,0,1564809,1555918,1
D,67905,0,0,0,0,0,0,0,0,0,1564809,1555918,1
D,67915,0,0,0,0,0,0,0,0,0,1564809,1555918,1
D,67925,0,0,0,0,0,0,0,0,0,1564809,1555918,1
D,67935,0,0,0,0,0,0,0,0,0,1564809,1555918,1
D,67945,0,0,0,0,0,0,0,0,0,1564809,1555918,1
D,67955,0,0,0,0,0,0,0,0,0,1564809,1555918,1
D,67965,0,0,0,0,0,0,0,0,0,1564809,1555918,1
D,67975,0,0,0,0,0,0,0,0,0,1564809,1555918,1
D,67985,0,0,0,0,0,0,0,0,0,1564809,1555918,1
D,67995,0,0,0,0,0,0,0,0,0,1564809,1555918,1
D,68005,0,0,0,0,0,0,0,0,0,1564809,1555918,1
D,68015,0,0,0,0,0,0,0,0,0,1564809,1555918,1
D,68025,0,0,0,0,0,0,0,0,0,1564809,1555918,1
D,68035,0,0,0,0,0,0,0,0,0,1564809,1555918,1
D,68045,0,0,0,0,0,0,0,0,0,1564809,1555918,1
D,68055,0,0,0,0,0,0,0,-1,0,1564808,1555918,1
D,68065,0,0,0,0,0,0,0,-2,0,1564806,1555918,1
D,68075,0,0,0,0,0,0,0,-1,0,1564805,1555918,1
D,68085,0,0,0,0,0,0,0,0,0,1564805,1555918,1
D,68095,0,0,0,0,0,0,0,0,0,1564805,1555918,1
D,68105,0,0,0,0,0,0,0,0,0,1564805,1555918,1
D,68115,0,0,0,0,0,0,0,0,0,1564805,1555918,1
D,68125,0,0,0,0,0,0,0,0,0,1564805,1555918,1
D,68135,0,0,0,0,0,0,0,0,0,1564805,1555918,1
D,68145,0,0,0,0,0,0,0,0,0,1564805,1555918,1
D,68155,0,0,0,0,0,0,0,0,0,1564805,1555918,1
D,68165,0,0,0,0,0,0,0,0,0,1564805,1555918,1
D,68175,0,0,0,0,0,0,0,0,0,1564805,1555918,1
D,68185,0,0,0,0,0,0,0,0,0,1564805,1555918,1
D,68195,0,0,0,0,0,0,0,0,0,1564805,1555918,1
D,68205,0,0,0,0,0,0,0,0,0,1564805,1555918,1
D,68215,0,0,0,0,0,0,0,0,0,1564805,1555918,1
D,68225,0,0,0,0,0,0,0,0,0,1564805,1555918,1
D,68235,0,0,0,0,0,0,0,0,0,1564805,1555918,1
D,68245,0,0,0,0,0,0,0,0,0,1564805,1555918,1
D,68255,0,0,0,0,0,0,0,0,0,1564805,1555918,1
D,68265,0,0,0,0,0,0,0,0,0,1564805,1555918,1
D,68275,0,0,0,0,0,0,0,0,0,1564805,1555918,1
D,68285,0,0,0,0,0,0,0,0,0,1564805,1555918,1
D,68295,0,0,0,0,0,0,0,0,0,1564805,1555918,1
D,68305,0,0,0,0,0,0,0,0,0,1564805,1555918,1
D,68315,0,0,0,0,0,0,0,0,0,1564805,1555918,1
D,68325,0,0,0,0,0,0,0,0,0,1564805,1555918,1
D,68335,0,0,0,0,0,0,0,0,0,1564805,1555918,1
D,68345,0,0,0,0,0,0,0,0,0,1564805,1555918,1
D,68355,0,0,0,0,0,0,0,0,0,1564805,1555918,1
D,68365,0,0,0,0,0,0,0,0,0,1564805,1555918,1
D,68375,0,0,0,0,0,0,0,0,0,1564805,1555918,1
D,68385,0,0,0,0,0,0,0,0,0,1564805,1555918,1
D,68395,0,0,0,0,0,0,0,0,0,1564805,1555918,1
D,68405,0,0,0,0,0,0,0,0,0,1564805,1555918,1
D,68415,0,0,0,0,0,0,0,0,0,1564805,1555918,1
D,68425,0,0,0,0,0,0,0,0,0,1564805,1555918,1
D,68435,0,0,0,0,0,0,0,0,0,1564805,1555918,1
D,68445,0,0,0,0,0,0,0,0,0,1564805,1555918,1
D,68455,0,0,0,0,0,0,0,0,0,1564805,1555918,1
D,68465,0,0,0,0,0,0,0,0,0,1564805,1555918,1
D,68475,0,0,0,0,0,0,0,0,0,1564805,1555918,1
D,68485,0,0,0,0,0,0,0,0,0,1564805,1555918,1
D,68495,0,0,0,0,0,0,0,0,0,1564805,1555918,1
D,68505,0,0,0,0,0,0,0,-1,0,1564804,1555918,1
D,68515,0,0,0,0,0,0,0,0,0,1564804,1555918,1
D,68525,0,0,0,0,0,0,0,0,0,1564804,1555918,1
D,68535,0,0,0,0,0,0,0,0,0,1564804,1555918,1
D,68545,0,0,0,0,0,0,0,0,0,1564804,1555918,1
D,68555,0,0,0,0,0,0,0,0,0,1564804,1555918,1
D,68565,0,0,0,0,0,0,0,0,0,1564804,1555918,1
D,68575,0,0,0,0,0,0,0,0,0,1564804,1555918,1
D,68585,0,0,0,0,0,0,0,0,0,1564804,1555918,1
D,68595,0,0,0,0,0,0,0,0,0,1564804,1555918,1
D,68605,0,0,0,0,0,0,0,0,0,1564804,1555918,1
D,68615,0,0,0,0,0,0,0,0,0,1564804,1555918,1
D,68625,0,0,0,0,0,0,0,0,0,1564804,1555918,1
D,68635,0,0,0,0,0,0,0,-2,0,1564802,1555918,1
D,68645,0,0,0,0,0,0,0,-2,0,1564800,1555918,1
D,68655,0,0,0,-1,0,0,0,-3,0,1564797,1555918,1
D,68665,0,0,0,-1,0,0,0,-3,1,1564794,1555919,1
D,68675,0,0,0,-1,1,0,0,-4,3,1564790,1555922,1
D,68685,0,0,0,-1,1,0,0,-3,4,1564787,1555926,1
D,68695,0,0,0,-1,1,0,0,-4,4,1564783,1555930,1
D,68705,0,0,0,-1,0,0,0,-4,2,1564779,1555932,1
D,68715,0,0,0,-1,0,0,0,-4,0,1564775,1555932,1
D,68725,0,0,0,0,0,0,0,-1,0,1564774,1555932,1
D,68735,0,0,0,0,0,0,0,0,0,1564774,1555932,1
D,68745,0,0,0,0,0,0,0,0,0,1564774,1555932,1
D,68755,0,0,0,0,0,0,0,0,0,1564774,1555932,1
D,68765,0,0,0,0,0,0,0,0,0,1564774,1555932,1
D,68775,0,0,0,0,0,0,0,-1,0,1564773,1555932,1
D,68785,0,0,0,0,0,0,0,0,0,1564773,1555932,1
D,68795,0,0,0,0,0,0,0,0,0,1564773,1555932,1
D,68805,0,0,0,0,0,0,0,0,0,1564773,1555932,1
D,68815,0,0,0,0,0,0,0,0,0,1564773,1555932,1
D,68825,0,0,0,0,0,0,0,0,0,1564773,1555932,1
D,68835,0,0,0,0,0,0,0,-1,0,1564772,1555932,1
D,68845,0,0,0,0,0,0,0,0,0,1564772,1555932,1
D,68855,0,0,0,0,0,0,0,-1,0,1564771,1555932,1
D,68865,0,0,0,0,0,0,0,0,0,1564771,1555932,1
D,68875,0,0,0,0,0,0,0,0,0,1564771,1555932,1
D,68885,0,0,0,0,0,0,0,0,0,1564771,1555932,1
D,68895,0,0,0,0,0,0,0,0,0,1564771,1555932,1
D,68905,0,0,0,0,0,0,0,0,0,1564771,1555932,1
D,68915,0,0,0,0,0,0,0,0,0,1564771,1555932,1
D,68925,0,0,0,0,0,0,0,0,0,1564771,1555932,1
D,68935,0,0,0,0,0,0,0,0,0,1564771,1555932,1
D,68945,0,0,0,0,0,0,0,0,0,1564771,1555932,1
D,68955,0,0,0,0,0,0,0,0,0,1564771,1555932,1
D,68965,0,0,0,0,0,0,0,0,0,1564771,1555932,1
D,68975,0,0,0,0,0,0,0,0,0,1564771,1555932,1
D,68985,0,0,0,0,0,0,0,0,0,1564771,1555932,1
D,68995,0,0,0,0,0,0,0,0,0,1564771,1555932,1
D,69005,0,0,0,0,0,0,0,0,0,1564771,1555932,1
D,69015,0,0,0,0,0,0,0,0,0,1564771,1555932,1
D,69025,0,0,0,0,0,0,0,0,0,1564771,1555932,1
D,69035,0,0,0,0,0,0,0,0,0,1564771,1555932,1
D,69045,0,0,0,0,0,0,0,0,0,1564771,1555932,1
D,69055,0,0,0,0,0,0,0,0,0,1564771,1555932,1
D,69065,0,0,0,0,0,0,0,0,0,1564771,1555932,1
D,69075,0,0,0,0,0,0,0,0,0,1564771,1555932,1
D,69085,0,0,0,0,0,0,0,0,0,1564771,1555932,1
D,69095,0,0,0,0,0,0,0,0,0,1564771,1555932,1
D,69105,0,0,0,0,0,0,0,0,0,1564771,1555932,1
D,69115,0,0,0,0,0,0,0,0,0,1564771,1555932,1
D,69125,0,0,0,0,0,0,0,0,0,1564771,1555932,1
D,69135,0,0,0,0,0,0,0,0,0,1564771,1555932,1
D,69145,0,0,0,0,0,0,0,0,0,1564771,1555932,1
D,69155,0,0,0,0,0,0,0,0,0,1564771,1555932,1
D,69165,0,0,0,0,0,0,0,0,0,1564771,1555932,1
D,69175,0,0,0,0,0,0,0,0,0,1564771,1555932,1
D,69185,0,0,0,0,0,0,0,0,0,1564771,1555932,1
D,69195,0,0,0,0,0,0,0,0,0,1564771,1555932,1
D,69205,0,0,0,0,0,0,0,0,0,1564771,1555932,1
D,69215,0,0,0,0,0,0,0,0,0,1564771,1555932,1
D,69225,0,0,0,0,0,0,0,0,0,1564771,1555932,1
D,69235,0,0,0,0,0,0,0,0,0,1564771,1555932,1
D,69245,0,0,0,0,0,0,0,0,0,1564771,1555932,1
D,69255,0,0,0,0,0,0,0,0,0,1564771,1555932,1
D,69265,0,0,0,0,0,0,0,0,0,1564771,1555932,1
D,69275,0,0,0,0,0,0,0,0,0,1564771,1555932,1
D,69285,0,0,0,0,0,0,0,0,0,1564771,1555932,1
D,69295,0,0,0,0,0,0,0,0,0,1564771,1555932,1
D,69305,0,0,0,0,0,0,0,0,0,1564771,1555932,1
D,69315,0,0,0,0,0,0,0,0,0,1564771,1555932,1
D,69325,0,0,0,0,0,0,0,0,0,1564771,1555932,1
D,69335,0,0,0,0,0,0,0,0,0,1564771,1555932,1
D,69345,0,0,0,0,0,0,0,0,0,1564771,1555932,1
D,69355,0,0,0,0,0,0,0,0,0,1564771,1555932,1
D,69365,0,0,0,0,0,0,0,0,0,1564771,1555932,1
D,69375,0,0,0,0,0,0,0,0,0,1564771,1555932,1
D,69385,0,0,0,0,0,0,0,0,0,1564771,1555932,1
D,69395,0,0,0,0,0,0,0,0,0,1564771,1555932,1
D,69405,0,0,0,0,0,0,0,0,0,1564771,1555932,1
D,69415,0,0,0,0,0,0,0,0,0,1564771,1555932,1
D,69425,0,0,0,0,0,0,0,0,0,1564771,1555932,1
D,69435,0,0,0,0,0,0,0,0,0,1564771,1555932,1
D,69445,0,0,0,0,0,0,0,0,0,1564771,1555932,1
D,69455,0,0,0,0,0,0,0,0,0,1564771,1555932,1
D,69465,0,0,0,0,0,0,0,0,0,1564771,1555932,1
D,69475,0,0,0,0,0,0,0,0,0,1564771,1555932,1
D,69485,0,0,0,0,0,0,0,0,0,1564771,1555932,1
D,69495,0,0,0,0,0,0,0,0,0,1564771,1555932,1
D,69505,0,0,0,0,0,0,0,0,0,1564771,1555932,1
D,69515,0,0,0,0,0,0,0,0,0,1564771,1555932,1
D,69525,0,0,0,0,0,0,0,0,0,1564771,1555932,1
D,69535,0,0,0,0,0,0,0,0,0,1564771,1555932,1
D,69545,0,0,0,0,0,0,0,0,0,1564771,1555932,1
D,69555,0,0,0,0,0,0,0,0,0,1564771,1555932,1
D,69565,0,0,0,0,0,0,0,0,0,1564771,1555932,1
D,69575,0,0,0,0,0,0,0,0,0,1564771,1555932,1
D,69585,0,0,0,0,0,0,0,0,0,1564771,1555932,1
D,69595,0,0,0,0,0,0,0,0,0,1564771,1555932,1
D,69605,0,0,0,0,0,0,0,0,0,1564771,1555932,1
D,69615,0,0,0,0,0,0,0,0,0,1564771,1555932,1
D,69625,0,0,0,0,0,0,0,0,0,1564771,1555932,1
D,69635,0,0,0,0,0,0,0,0,0,1564771,1555932,1
D,69645,0,0,0,0,0,0,0,0,0,1564771,1555932,1
D,69655,0,0,0,0,0,0,0,0,0,1564771,1555932,1
D,69665,0,0,0,0,0,0,0,0,0,1564771,1555932,1
D,69675,0,0,0,0,0,0,0,0,0,1564771,1555932,1
D,69685,0,0,0,0,0,0,0,0,0,1564771,1555932,1
D,69695,0,0,0,0,0,0,0,0,0,1564771,1555932,1
D,69705,0,0,0,0,0,0,0,0,0,1564771,1555932,1
D,69715,0,0,0,0,0,0,0,0,0,1564771,1555932,1
D,69725,0,0,0,0,0,0,0,0,0,1564771,1555932,1
D,69735,0,0,0,0,0,0,0,0,0,1564771,1555932,1
D,69745,0,0,0,0,0,0,0,0,0,1564771,1555932,1
D,69755,0,0,0,0,0,0,0,0,0,1564771,1555932,1
D,69765,0,0,0,0,0,0,0,0,0,1564771,1555932,1
D,69775,0,0,0,0,0,0,0,0,0,1564771,1555932,1
D,69785,0,0,0,0,0,0,0,0,0,1564771,1555932,1
D,69795,0,0,0,0,0,0,0,0,0,1564771,1555932,1
D,69805,0,0,0,0,0,0,0,0,0,1564771,1555932,1
D,69815,0,0,0,0,0,0,0,0,0,1564771,1555932,1
D,69825,0,0,0,0,0,0,0,0,0,1564771,1555932,1
D,69835,0,0,0,0,0,0,0,0,0,1564771,1555932,1
D,69845,0,0,0,0,0,0,0,0,0,1564771,1555932,1
D,69855,0,0,0,0,0,0,0,0,0,1564771,1555932,1
D,69865,0,0,0,0,0,0,0,0,0,1564771,1555932,1
D,69875,0,0,0,0,0,0,0,0,0,1564771,1555932,1
D,69885,0,0,0,0,0,0,0,0,0,1564771,1555932,1
D,69895,0,0,0,0,0,0,0,0,0,1564771,1555932,1
D,69905,0,0,0,0,0,0,0,0,0,1564771,1555932,1
D,69915,0,0,0,0,0,0,0,0,0,1564771,1555932,1
D,69925,0,0,0,0,0,0,0,0,0,1564771,1555932,1
D,69935,0,0,0,0,0,0,0,0,0,1564771,1555932,1
D,69945,0,0,0,0,0,0,0,0,0,1564771,1555932,1
D,69955,0,0,0,0,0,0,0,0,0,1564771,1555932,1
D,69965,0,0,0,0,0,0,0,0,0,1564771,1555932,1
D,69975,0,0,0,0,0,0,0,0,0,1564771,1555932,1
D,69985,0,0,0,0,0,0,0,0,0,1564771,1555932,1
D,69995,0,0,0,0,0,0,0,0,0,1564771,1555932,1
D,70005,0,0,0,0,0,0,0,0,0,1564771,1555932,1
D,70015,0,0,0,0,0,0,0,0,0,1564771,1555932,1
D,70025,0,0,0,0,0,0,0,0,0,1564771,1555932,1
D,70035,0,0,0,0,0,0,0,0,0,1564771,1555932,1
D,70045,0,0,0,0,0,0,0,0,0,1564771,1555932,1
D,70055,0,0,0,0,0,0,0,0,0,1564771,1555932,1
D,70065,0,0,0,0,0,0,0,0,0,1564771,1555932,1
D,70075,0,0,0,0,0,0,0,0,0,1564771,1555932,1
D,70085,0,0,0,0,0,0,0,0,0,1564771,1555932,1
D,70095,0,0,0,0,0,0,0,0,0,1564771,1555932,1
D,70105,0,0,0,0,0,0,0,0,0,1564771,1555932,1
D,70115,0,0,0,0,0,0,0,0,0,1564771,1555932,1
D,70125,0,0,0,0,0,0,0,0,0,1564771,1555932,1
D,70135,0,0,0,0,0,0,0,0,0,1564771,1555932,1
D,70145,0,0,0,0,0,0,0,0,0,1564771,1555932,1
D,70155,0,0,0,0,0,0,0,0,0,1564771,1555932,1
D,70165,0,0,0,0,0,0,0,0,0,1564771,1555932,1
D,70175,0,0,0,0,0,0,0,0,0,1564771,1555932,1
D,70185,0,0,0,0,0,0,0,0,0,1564771,1555932,1
D,70195,0,0,0,0,0,0,0,0,0,1564771,1555932,1
D,70205,0,0,0,0,0,0,0,0,0,1564771,1555932,1
D,70215,0,0,0,0,0,0,0,0,0,1564771,1555932,1
D,70225,0,0,0,0,0,0,0,0,0,1564771,1555932,1
D,70235,0,0,0,0,0,0,0,0,0,1564771,1555932,1
D,70245,0,0,0,0,0,0,0,0,0,1564771,1555932,1
D,70255,0,0,0,0,0,0,0,0,0,1564771,1555932,1
D,70265,0,0,0,0,0,0,0,0,0,1564771,1555932,1
D,70275,0,0,0,0,0,0,0,0,0,1564771,1555932,1
D,70285,0,0,0,0,0,0,0,0,0,1564771,1555932,1
D,70295,0,0,0,0,0,0,0,0,0,1564771,1555932,1
D,70305,0,0,0,0,0,0,0,0,0,1564771,1555932,1
D,70315,0,0,0,0,0,0,0,0,0,1564771,1555932,1
D,70325,0,0,0,0,0,0,0,0,0,1564771,1555932,1
D,70335,0,0,0,0,0,0,0,0,0,1564771,1555932,1
D,70345,0,0,0,0,0,0,0,0,0,1564771,1555932,1
D,70355,0,0,0,0,0,0,0,0,0,1564771,1555932,1
D,70365,0,0,0,0,0,0,0,0,0,1564771,1555932,1
D,70375,0,0,0,0,0,0,0,0,0,1564771,1555932,1
D,70385,0,0,0,0,0,0,0,0,0,1564771,1555932,1
D,70395,0,0,0,0,0,0,0,0,0,1564771,1555932,1
D,70405,0,0,0,0,0,0,0,0,0,1564771,1555932,1
D,70415,0,0,0,0,0,0,0,0,0,1564771,1555932,1
D,70425,0,0,0,0,0,0,0,0,0,1564771,1555932,1
D,70435,0,0,0,0,0,0,0,0,0,1564771,1555932,1
D,70445,0,0,0,0,0,0,0,0,0,1564771,1555932,1
D,70455,0,0,0,0,0,0,0,0,0,1564771,1555932,1
D,70465,0,0,0,0,0,0,0,0,0,1564771,1555932,1
D,70475,0,0,0,0,0,0,0,0,0,1564771,1555932,1
D,70485,0,0,0,0,0,0,0,0,0,1564771,1555932,1
D,70495,0,0,0,0,0,0,0,0,0,1564771,1555932,1
D,70505,0,0,0,0,0,0,0,0,0,1564771,1555932,1
D,70515,0,0,0,0,0,0,0,0,0,1564771,1555932,1
D,70525,0,0,0,0,0,0,0,0,0,1564771,1555932,1
D,70535,0,0,0,0,0,0,0,0,0,1564771,1555932,1
D,70545,0,0,0,0,0,0,0,0,0,1564771,1555932,1
D,70555,0,0,0,0,0,0,0,0,0,1564771,1555932,1
D,70565,0,0,0,0,0,0,0,0,0,1564771,1555932,1
D,70575,0,0,0,0,0,0,0,0,0,1564771,1555932,1
D,70585,0,0,0,0,0,0,0,0,0,1564771,1555932,1
D,70595,0,0,0,0,0,0,0,0,0,1564771,1555932,1
D,70605,0,0,0,0,0,0,0,0,0,1564771,1555932,1
D,70615,0,0,0,0,0,0,0,0,0,1564771,1555932,1
D,70625,0,0,0,0,0,0,0,0,0,1564771,1555932,1
D,70635,0,0,0,0,0,0,0,0,0,1564771,1555932,1
D,70645,0,0,0,0,0,0,0,0,0,1564771,1555932,1
D,70655,0,0,0,0,0,0,0,0,0,1564771,1555932,1
D,70665,0,0,0,0,0,0,0,0,0,1564771,1555932,1
D,70675,0,0,0,0,0,0,0,0,0,1564771,1555932,1
D,70685,0,0,0,0,0,0,0,0,0,1564771,1555932,1
D,70695,0,0,0,0,0,0,0,0,0,1564771,1555932,1
D,70705,0,0,0,0,0,0,0,0,0,1564771,1555932,1
D,70715,0,0,0,0,0,0,0,0,0,1564771,1555932,1
D,70725,0,0,0,0,0,0,0,0,0,1564771,1555932,1
D,70735,0,0,0,0,0,0,0,0,0,1564771,1555932,1
D,70745,0,0,0,0,0,0,0,0,0,1564771,1555932,1
D,70755,0,0,0,0,0,0,0,0,0,1564771,1555932,1
D,70765,0,0,0,0,0,0,0,0,0,1564771,1555932,1
D,70775,0,0,0,0,0,0,0,0,0,1564771,1555932,1
D,70785,0,0,0,0,0,0,0,0,0,1564771,1555932,1
D,70795,0,0,0,0,0,0,0,0,0,1564771,1555932,1
D,70805,0,0,0,0,0,0,0,0,0,1564771,1555932,1
D,70815,0,0,0,0,0,0,0,0,0,1564771,1555932,1
D,70825,0,0,0,0,0,0,0,0,0,1564771,1555932,1
D,70835,0,0,0,0,0,0,0,0,0,1564771,1555932,1
D,70845,0,0,0,0,0,0,0,0,0,1564771,1555932,1
D,70855,0,0,0,0,0,0,0,0,0,1564771,1555932,1
D,70865,0,0,0,0,0,0,0,0,0,1564771,1555932,1
D,70875,0,0,0,0,0,0,0,0,0,1564771,1555932,1
D,70885,0,0,0,0,0,0,0,0,0,1564771,1555932,1
D,70895,0,0,0,0,0,0,0,0,0,1564771,1555932,1
D,70905,0,0,0,0,0,0,0,0,0,1564771,1555932,1
D,70915,0,0,0,0,0,0,0,0,0,1564771,1555932,1
D,70925,0,0,0,0,0,0,0,0,0,1564771,1555932,1
D,70935,0,0,0,0,0,0,0,0,0,1564771,1555932,1
D,70945,0,0,0,0,0,0,0,0,0,1564771,1555932,1
D,70955,0,0,0,0,0,0,0,0,0,1564771,1555932,1
D,70965,0,0,0,0,0,0,0,0,0,1564771,1555932,1
D,70975,0,0,0,0,0,0,0,0,0,1564771,1555932,1
D,70985,0,0,0,0,0,0,0,0,0,1564771,1555932,1
D,70995,0,0,0,0,0,0,0,0,0,1564771,1555932,1
D,71005,0,0,0,0,0,0,0,0,0,1564771,1555932,1
D,71015,0,0,0,0,0,0,0,0,0,1564771,1555932,1
D,71025,0,0,0,0,0,0,0,0,0,1564771,1555932,1
D,71035,0,0,0,0,0,0,0,0,0,1564771,1555932,1
D,71045,0,0,0,0,0,0,0,0,0,1564771,1555932,1
D,71055,0,0,0,0,0,0,0,0,0,1564771,1555932,1
D,71065,0,0,0,0,0,0,0,0,0,1564771,1555932,1
D,71075,0,0,0,0,0,0,0,0,0,1564771,1555932,1
D,71085,0,0,0,0,0,0,0,0,0,1564771,1555932,1
D,71095,0,0,0,0,0,0,0,0,0,1564771,1555932,1
D,71105,0,0,0,0,0,0,0,0,0,1564771,1555932,1
D,71115,0,0,0,0,0,0,0,0,0,1564771,1555932,1
D,71125,0,0,0,0,0,0,0,0,0,1564771,1555932,1
D,71135,0,0,0,0,0,0,0,0,0,1564771,1555932,1
D,71145,0,0,0,0,0,0,0,0,0,1564771,1555932,1
D,71155,0,0,0,0,0,0,0,0,0,1564771,1555932,1
D,71165,0,0,0,0,0,0,0,0,0,1564771,1555932,1
D,71175,0,0,0,0,0,0,0,0,0,1564771,1555932,1
D,71185,0,0,0,0,0,0,0,0,0,1564771,1555932,1
D,71195,0,0,0,0,0,0,0,0,0,1564771,1555932,1
D,71205,0,0,0,0,0,0,0,0,0,1564771,1555932,1
D,71215,0,0,0,0,0,0,0,0,0,1564771,1555932,1
D,71225,0,0,0,0,0,0,0,0,0,1564771,1555932,1
D,71235,0,0,0,0,0,0,0,0,0,1564771,1555932,1
D,71245,0,0,0,0,0,0,0,0,0,1564771,1555932,1
D,71255,0,0,0,0,0,0,0,0,0,1564771,1555932,1
D,71265,0,0,0,0,0,0,0,0,0,1564771,1555932,1
D,71275,0,0,0,0,0,0,0,0,0,1564771,1555932,1
D,71285,0,0,0,0,0,0,0,0,0,1564771,1555932,1
D,71295,0,0,0,0,0,0,0,0,0,1564771,1555932,1
D,71305,0,0,0,0,0,0,0,0,0,1564771,1555932,1
D,71315,0,0,0,0,0,0,0,0,0,1564771,1555932,1
D,71325,0,0,0,0,0,0,0,0,0,1564771,1555932,1
D,71335,0,0,0,0,0,0,0,0,0,1564771,1555932,1
D,71345,0,0,0,0,0,0,0,0,0,1564771,1555932,1
D,71355,0,0,0,0,0,0,0,0,0,1564771,1555932,1
D,71365,0,0,0,0,0,0,0,0,0,1564771,1555932,1
D,71375,0,0,0,0,0,0,0,0,0,1564771,1555932,1
D,71385,0,0,0,0,0,0,0,0,0,1564771,1555932,1
D,71395,0,0,0,0,0,0,0,0,0,1564771,1555932,1
D,71405,0,0,0,0,0,0,0,0,0,1564771,1555932,1
D,71415,0,0,0,0,0,0,0,0,0,1564771,1555932,1
D,71425,0,0,0,0,0,0,0,0,0,1564771,1555932,1
D,71435,0,0,0,0,0,0,0,0,0,1564771,1555932,1
D,71445,0,0,0,0,0,0,0,0,0,1564771,1555932,1
D,71455,0,0,0,0,0,0,0,0,0,1564771,1555932,1
D,71465,0,0,0,0,0,0,0,0,0,1564771,1555932,1
D,71475,0,0,0,0,0,0,0,0,0,1564771,1555932,1
D,71485,0,0,0,0,0,0,0,0,0,1564771,1555932,1
D,71495,0,0,0,0,0,0,0,0,0,1564771,1555932,1
D,71505,0,0,0,0,0,0,0,0,0,1564771,1555932,1
D,71515,0,0,0,0,0,0,0,0,0,1564771,1555932,1
D,71525,0,0,0,0,0,0,0,0,0,1564771,1555932,1
D,71535,0,0,0,0,0,0,0,0,0,1564771,1555932,1
D,71545,0,0,0,0,0,0,0,0,0,1564771,1555932,1
D,71555,0,0,0,0,0,0,0,0,0,1564771,1555932,1
D,71565,0,0,0,0,0,0,0,0,0,1564771,1555932,1
D,71575,0,0,0,0,0,0,0,0,0,1564771,1555932,1
D,71585,0,0,0,0,0,0,0,0,0,1564771,1555932,1
D,71595,0,0,0,0,0,0,0,0,0,1564771,1555932,1
D,71605,0,0,0,0,0,0,0,0,0,1564771,1555932,1
D,71615,0,0,0,0,0,0,0,0,0,1564771,1555932,1
D,71625,0,0,0,0,0,0,0,0,0,1564771,1555932,1
D,71635,0,0,0,0,0,0,0,0,0,1564771,1555932,1
D,71645,0,0,0,0,0,0,0,0,0,1564771,1555932,1
D,71655,0,0,0,0,0,0,0,0,0,1564771,1555932,1
D,71665,0,0,0,0,0,0,0,0,0,1564771,1555932,1
D,71675,0,0,0,0,0,0,0,0,0,1564771,1555932,1
D,71685,0,0,0,0,0,0,0,0,0,1564771,1555932,1
D,71695,0,0,0,0,0,0,0,0,0,1564771,1555932,1
D,71705,0,0,0,0,0,0,0,0,0,1564771,1555932,1
D,71715,0,0,0,0,0,0,0,0,0,1564771,1555932,1
D,71725,0,0,0,0,0,0,0,0,0,1564771,1555932,1
D,71735,0,0,0,0,0,0,0,0,0,1564771,1555932,1
D,71745,0,0,0,0,0,0,0,0,0,1564771,1555932,1
D,71755,0,0,0,0,0,0,0,0,0,1564771,1555932,1
D,71765,0,0,0,0,0,0,0,0,0,1564771,1555932,1
D,71775,0,0,0,0,0,0,0,0,0,1564771,1555932,1
D,71785,0,0,0,0,0,0,0,0,0,1564771,1555932,1
D,71795,0,0,0,0,0,0,0,0,0,1564771,1555932,1
D,71805,0,0,0,0,0,0,0,0,0,1564771,1555932,1
D,71815,0,0,0,0,0,0,0,0,0,1564771,1555932,1
D,71825,0,0,0,0,0,0,0,0,0,1564771,1555932,1
D,71835,0,0,0,0,0,0,0,0,0,1564771,1555932,1
D,71845,0,0,0,0,0,0,0,0,0,1564771,1555932,1
D,71855,0,0,0,0,0,0,0,0,0,1564771,1555932,1
D,71865,0,0,0,0,0,0,0,0,0,1564771,1555932,1
D,71875,0,0,0,0,0,0,0,0,0,1564771,1555932,1
D,71885,0,0,0,0,0,0,0,0,0,1564771,1555932,1
D,71895,0,0,0,0,0,0,0,0,0,1564771,1555932,1
D,71905,0,0,0,0,0,0,0,0,0,1564771,1555932,1
D,71915,0,0,0,0,0,0,0,0,0,1564771,1555932,1
D,71925,0,0,0,0,0,0,0,0,0,1564771,1555932,1
D,71935,0,0,0,0,0,0,0,0,0,1564771,1555932,1
D,71945,0,0,0,0,0,0,0,0,0,1564771,1555932,1
D,71955,0,0,0,0,0,0,0,0,0,1564771,1555932,1
D,71965,0,0,0,0,0,0,0,0,0,1564771,1555932,1
D,71975,0,0,0,0,0,0,0,0,0,1564771,1555932,1
D,71985,0,0,0,0,0,0,0,0,0,1564771,1555932,1
D,71995,0,0,0,0,0,0,0,0,0,1564771,1555932,1
D,72005,0,0,0,0,0,0,0,0,0,1564771,1555932,1
D,72015,0,0,0,0,0,0,0,0,0,1564771,1555932,1
D,72025,0,0,0,0,0,0,0,0,0,1564771,1555932,1
D,72035,0,0,0,0,0,0,0,0,0,1564771,1555932,1
D,72045,0,0,0,0,0,0,0,0,0,1564771,1555932,1
D,72055,0,0,0,0,0,0,0,0,0,1564771,1555932,1
D,72065,0,0,0,0,0,0,0,0,0,1564771,1555932,1
D,72075,0,0,0,0,0,0,0,0,0,1564771,1555932,1
D,72085,0,0,0,0,0,0,0,0,0,1564771,1555932,1
D,72095,0,0,0,0,0,0,0,0,0,1564771,1555932,1
D,72105,0,0,0,0,0,0,0,0,0,1564771,1555932,1
D,72115,0,0,0,0,0,0,0,0,0,1564771,1555932,1
D,72125,0,0,0,0,0,0,0,0,0,1564771,1555932,1
D,72135,0,0,0,0,0,0,0,0,0,1564771,1555932,1
D,72145,0,0,0,0,0,0,0,0,0,1564771,1555932,1
D,72155,0,0,0,0,0,0,0,0,0,1564771,1555932,1
D,72165,0,0,0,0,0,0,0,0,0,1564771,1555932,1
D,72175,0,0,0,0,0,0,0,0,0,1564771,1555932,1
D,72185,0,0,0,0,0,0,0,0,0,1564771,1555932,1
D,72195,0,0,0,0,0,0,0,0,0,1564771,1555932,1
D,72205,0,0,0,0,0,0,0,0,0,1564771,1555932,1
D,72215,0,0,0,0,0,0,0,0,0,1564771,1555932,1
D,72225,0,0,0,0,0,0,0,0,0,1564771,1555932,1
D,72235,0,0,0,0,0,0,0,0,0,1564771,1555932,1
D,72245,0,0,0,0,0,0,0,0,0,1564771,1555932,1
D,72255,0,0,0,0,0,0,0,0,0,1564771,1555932,1
D,72265,0,0,0,0,0,0,0,0,0,1564771,1555932,1
D,72275,0,0,0,0,0,0,0,0,0,1564771,1555932,1
D,72285,0,0,0,0,0,0,0,0,0,1564771,1555932,1
D,72295,0,0,0,0,0,0,0,0,0,1564771,1555932,1
D,72305,0,0,0,0,0,0,0,0,0,1564771,1555932,1
D,72315,0,0,0,0,0,0,0,0,0,1564771,1555932,1
D,72325,0,0,0,0,0,0,0,0,0,1564771,1555932,1
D,72335,0,0,0,0,0,0,0,0,0,1564771,1555932,1
D,72345,0,0,0,0,0,0,0,0,0,1564771,1555932,1
D,72355,0,0,0,0,0,0,0,0,0,1564771,1555932,1
D,72365,0,0,0,0,0,0,0,0,0,1564771,1555932,1
D,72375,0,0,0,0,0,0,0,0,0,1564771,1555932,1
D,72385,0,0,0,0,0,0,0,0,0,1564771,1555932,1
D,72395,0,0,0,0,0,0,0,0,0,1564771,1555932,1
D,72405,0,0,0,0,0,0,0,0,0,1564771,1555932,1
D,72415,0,0,0,0,0,0,0,0,0,1564771,1555932,1
D,72425,0,0,0,0,0,0,0,0,0,1564771,1555932,1
D,72435,0,0,0,0,0,0,0,0,0,1564771,1555932,1
D,72445,0,0,0,0,0,0,0,0,0,1564771,1555932,1
D,72455,0,0,0,0,0,0,0,0,0,1564771,1555932,1
D,72465,0,0,0,0,0,0,0,0,0,1564771,1555932,1
D,72475,0,0,0,0,0,0,0,0,0,1564771,1555932,1
D,72485,0,0,0,0,0,0,0,0,0,1564771,1555932,1
D,72495,0,0,0,0,0,0,0,0,0,1564771,1555932,1
D,72505,0,0,0,0,0,0,0,0,0,1564771,1555932,1
D,72515,0,0,0,0,0,0,0,0,0,1564771,1555932,1
D,72525,0,0,0,0,0,0,0,0,0,1564771,1555932,1
D,72535,0,0,0,0,0,0,0,0,0,1564771,1555932,1
D,72545,0,0,0,0,0,0,0,0,0,1564771,1555932,1
D,72555,0,0,0,0,0,0,0,0,0,1564771,1555932,1
D,72565,0,0,0,0,0,0,0,0,0,1564771,1555932,1
D,72575,0,0,0,0,0,0,0,0,0,1564771,1555932,1
D,72585,0,0,0,0,0,0,0,0,0,1564771,1555932,1
D,72595,0,0,0,0,0,0,0,0,0,1564771,1555932,1
D,72605,0,0,0,0,0,0,0,0,0,1564771,1555932,1
D,72615,0,0,0,0,0,0,0,0,0,1564771,1555932,1
D,72625,0,0,0,0,0,0,0,0,0,1564771,1555932,1
D,72635,0,0,0,0,0,0,0,0,0,1564771,1555932,1
D,72645,0,0,0,0,0,0,0,0,0,1564771,1555932,1
D,72655,0,0,0,0,0,0,0,0,0,1564771,1555932,1
D,72665,0,0,0,0,0,0,0,0,0,1564771,1555932,1
D,72675,0,0,0,0,0,0,0,0,0,1564771,1555932,1
D,72685,0,0,0,0,0,0,0,0,0,1564771,1555932,1
D,72695,0,0,0,0,0,0,0,0,0,1564771,1555932,1
D,72705,0,0,0,0,0,0,0,0,0,1564771,1555932,1
D,72715,0,0,0,0,0,0,0,0,0,1564771,1555932,1
D,72725,0,0,0,0,0,0,0,0,0,1564771,1555932,1
D,72735,0,0,0,0,0,0,0,0,0,1564771,1555932,1
D,72745,0,0,0,0,0,0,0,0,0,1564771,1555932,1
D,72755,0,0,0,0,0,0,0,0,0,1564771,1555932,1
D,72765,0,0,0,0,0,0,0,0,0,1564771,1555932,1
D,72775,0,0,0,0,0,0,0,0,0,1564771,1555932,1
D,72785,0,0,0,0,0,0,0,0,0,1564771,1555932,1
D,72795,0,0,0,0,0,0,0,0,0,1564771,1555932,1
D,72805,0,0,0,0,0,0,0,0,0,1564771,1555932,1
D,72815,0,0,0,0,0,0,0,0,0,1564771,1555932,1
D,72825,0,0,0,0,0,0,0,0,0,1564771,1555932,1
D,72835,0,0,0,0,0,0,0,0,0,1564771,1555932,1
D,72845,0,0,0,0,0,0,0,0,0,1564771,1555932,1
D,72855,0,0,0,0,0,0,0,0,0,1564771,1555932,1
D,72865,0,0,0,0,0,0,0,0,0,1564771,1555932,1
D,72875,0,0,0,0,0,0,0,0,0,1564771,1555932,1
D,72885,0,0,0,0,0,0,0,0,0,1564771,1555932,1
D,72895,0,0,0,0,0,0,0,0,0,1564771,1555932,1
D,72905,0,0,0,0,0,0,0,0,0,1564771,1555932,1
D,72915,0,0,0,0,0,0,0,0,0,1564771,1555932,1
D,72925,0,0,0,0,0,0,0,0,0,1564771,1555932,1
D,72935,0,0,0,0,0,0,0,0,0,1564771,1555932,1
D,72945,0,0,0,0,0,0,0,0,0,1564771,1555932,1
D,72955,0,0,0,0,0,0,0,0,0,1564771,1555932,1
D,72965,0,0,0,0,0,0,0,0,0,1564771,1555932,1
D,72975,0,0,0,0,0,0,0,0,0,1564771,1555932,1
D,72985,0,0,0,0,0,0,0,0,0,1564771,1555932,1
D,72995,0,0,0,0,0,0,0,0,0,1564771,1555932,1
D,73005,0,0,0,0,0,0,0,0,0,1564771,1555932,1
D,73015,0,0,0,0,0,0,0,0,0,1564771,1555932,1
D,73025,0,0,0,0,0,0,0,0,0,1564771,1555932,1
D,73035,0,0,0,0,0,0,0,0,0,1564771,1555932,1
D,73045,0,0,0,0,0,0,0,0,0,1564771,1555932,1
D,73055,0,0,0,0,0,0,0,0,0,1564771,1555932,1
D,73065,0,0,0,0,0,0,0,0,0,1564771,1555932,1
D,73075,0,0,0,0,0,0,0,0,0,1564771,1555932,1
D,73085,0,0,0,0,0,0,0,0,0,1564771,1555932,1
D,73095,0,0,0,0,0,0,0,0,0,1564771,1555932,1
D,73105,0,0,0,0,0,0,0,0,0,1564771,1555932,1
D,73115,0,0,0,0,0,0,0,0,0,1564771,1555932,1
D,73125,0,0,0,0,0,0,0,0,0,1564771,1555932,1
D,73135,0,0,0,0,0,0,0,0,0,1564771,1555932,1
D,73145,0,0,0,0,0,0,0,0,0,1564771,1555932,1
D,73155,0,0,0,0,0,0,0,0,0,1564771,1555932,1
D,73165,0,0,0,0,0,0,0,0,0,1564771,1555932,1
D,73175,0,0,0,0,0,0,0,0,0,1564771,1555932,1
D,73185,0,0,0,0,0,0,0,0,0,1564771,1555932,1
D,73195,0,0,0,0,0,0,0,0,0,1564771,1555932,1
D,73205,0,0,0,0,0,0,0,0,0,1564771,1555932,1
D,73215,0,0,0,0,0,0,0,0,0,1564771,1555932,1
D,73225,0,0,0,0,0,0,0,0,0,1564771,1555932,1
D,73235,0,0,0,0,0,0,0,0,0,1564771,1555932,1
D,73245,0,0,0,0,0,0,0,0,0,1564771,1555932,1
D,73255,0,0,0,0,0,0,0,0,0,1564771,1555932,1
D,73265,0,0,0,0,0,0,0,0,0,1564771,1555932,1
D,73275,0,0,0,0,0,0,0,0,0,1564771,1555932,1
D,73285,0,0,0,0,0,0,0,0,0,1564771,1555932,1
D,73295,0,0,0,0,0,0,0,0,0,1564771,1555932,1
D,73305,0,0,0,0,0,0,0,0,0,1564771,1555932,1
D,73315,0,0,0,0,0,0,0,0,0,1564771,1555932,1
D,73325,0,0,0,0,0,0,0,0,0,1564771,1555932,1
D,73335,0,0,0,0,0,0,0,0,0,1564771,1555932,1
D,73345,0,0,0,0,0,0,0,0,0,1564771,1555932,1
D,73355,0,0,0,0,0,0,0,0,0,1564771,1555932,1
D,73365,0,0,0,0,0,0,0,0,0,1564771,1555932,1
D,73375,0,0,0,0,0,0,0,0,0,1564771,1555932,1
D,73385,0,0,0,0,0,0,0,0,0,1564771,1555932,1
D,73395,0,0,0,0,0,0,0,0,0,1564771,1555932,1
D,73405,0,0,0,0,0,0,0,0,0,1564771,1555932,1
D,73415,0,0,0,0,0,0,0,0,0,1564771,1555932,1
D,73425,0,0,0,0,0,0,0,0,0,1564771,1555932,1
D,73435,0,0,0,0,0,0,0,0,0,1564771,1555932,1
D,73445,0,0,0,0,0,0,0,0,0,1564771,1555932,1
D,73455,0,0,0,0,0,0,0,0,0,1564771,1555932,1
D,73465,0,0,0,0,0,0,0,0,0,1564771,1555932,1
D,73475,0,0,0,0,0,0,0,0,0,1564771,1555932,1
D,73485,0,0,0,0,0,0,0,0,0,1564771,1555932,1
D,73495,0,0,0,0,0,0,0,0,0,1564771,1555932,1
D,73505,0,0,0,0,0,0,0,0,0,1564771,1555932,1
D,73515,0,0,0,0,0,0,0,0,0,1564771,1555932,1
D,73525,0,0,0,0,0,0,0,0,0,1564771,1555932,1
D,73535,0,0,0,0,0,0,0,0,0,1564771,1555932,1
D,73545,0,0,0,0,0,0,0,0,0,1564771,1555932,1
D,73555,0,0,0,0,0,0,0,0,0,1564771,1555932,1
D,73565,0,0,0,0,0,0,0,0,0,1564771,1555932,1
D,73575,0,0,0,0,0,0,0,0,0,1564771,1555932,1
D,73585,0,0,0,0,0,0,0,0,0,1564771,1555932,1
D,73595,0,0,0,0,0,0,0,0,0,1564771,1555932,1
D,73605,0,0,0,0,0,0,0,0,0,1564771,1555932,1
D,73615,0,0,0,0,0,0,0,0,0,1564771,1555932,1
D,73625,0,0,0,0,0,0,0,0,0,1564771,1555932,1
D,73635,0,0,0,0,0,0,0,0,0,1564771,1555932,1
D,73645,0,0,0,0,0,0,0,0,0,1564771,1555932,1
D,73655,0,0,0,0,0,0,0,0,0,1564771,1555932,1
D,73665,0,0,0,0,0,0,0,0,0,1564771,1555932,1
D,73675,0,0,0,0,0,0,0,0,0,1564771,1555932,1
D,73685,0,0,0,0,0,0,0,0,0,1564771,1555932,1
D,73695,0,0,0,0,0,0,0,0,0,1564771,1555932,1
D,73705,0,0,0,0,0,0,0,0,0,1564771,1555932,1
D,73715,0,0,0,0,0,0,0,0,0,1564771,1555932,1
D,73725,0,0,0,0,0,0,0,0,0,1564771,1555932,1
D,73735,0,0,0,0,0,0,0,0,0,1564771,1555932,1
D,73745,0,0,0,0,0,0,0,0,0,1564771,1555932,1
D,73755,0,0,0,0,0,0,0,0,0,1564771,1555932,1
D,73765,0,0,0,0,0,0,0,0,0,1564771,1555932,1
D,73775,0,0,0,0,0,0,0,0,0,1564771,1555932,1
D,73785,0,0,0,0,0,0,0,0,0,1564771,1555932,1
D,73795,0,0,0,0,0,0,0,0,0,1564771,1555932,1
D,73805,0,0,0,0,0,0,0,0,0,1564771,1555932,1
D,73815,0,0,0,0,0,0,0,0,0,1564771,1555932,1
D,73825,0,0,0,0,0,0,0,0,0,1564771,1555932,1
D,73835,0,0,0,0,0,0,0,0,0,1564771,1555932,1
D,73845,0,0,0,0,0,0,0,0,0,1564771,1555932,1
D,73855,0,0,0,0,0,0,0,0,0,1564771,1555932,1
D,73865,0,0,0,0,0,0,0,0,0,1564771,1555932,1
D,73875,0,0,0,0,0,0,0,0,0,1564771,1555932,1
D,73885,0,0,0,0,0,0,0,0,0,1564771,1555932,1
D,73895,0,0,0,0,0,0,0,0,0,1564771,1555932,1
D,73905,0,0,0,0,0,0,0,0,0,1564771,1555932,1
D,73915,0,0,0,0,0,0,0,0,0,1564771,1555932,1
D,73925,0,0,0,0,0,0,0,0,0,1564771,1555932,1
D,73935,0,0,0,0,0,0,0,0,0,1564771,1555932,1
D,73945,0,0,0,0,0,0,0,0,0,1564771,1555932,1
D,73955,0,0,0,0,0,0,0,0,0,1564771,1555932,1
D,73965,0,0,0,0,0,0,0,0,0,1564771,1555932,1
D,73975,0,0,0,0,0,0,0,0,0,1564771,1555932,1
D,73985,0,0,0,0,0,0,0,0,0,1564771,1555932,1
D,73995,0,0,0,0,0,0,0,0,0,1564771,1555932,1
D,74005,0,0,0,0,0,0,0,0,0,1564771,1555932,1
D,74015,0,0,0,0,0,0,0,0,0,1564771,1555932,1
D,74025,0,0,0,0,0,0,0,0,0,1564771,1555932,1
D,74035,0,0,0,0,0,0,0,0,0,1564771,1555932,1
D,74045,0,0,0,0,0,0,0,0,0,1564771,1555932,1
D,74055,0,0,0,0,0,0,0,0,0,1564771,1555932,1
D,74065,0,0,0,0,0,0,0,0,0,1564771,1555932,1
D,74075,0,0,0,0,0,0,0,0,0,1564771,1555932,1
D,74085,0,0,0,0,0,0,0,0,0,1564771,1555932,1
D,74095,0,0,0,0,0,0,0,0,0,1564771,1555932,1
D,74105,0,0,0,0,0,0,0,0,0,1564771,1555932,1
D,74115,0,0,0,0,0,0,0,0,0,1564771,1555932,1
D,74125,0,0,0,0,0,0,0,0,0,1564771,1555932,1
D,74135,0,0,0,0,0,0,0,0,0,1564771,1555932,1
D,74145,0,0,0,0,0,0,0,0,0,1564771,1555932,1
D,74155,0,0,0,0,0,0,0,0,0,1564771,1555932,1
D,74165,0,0,0,0,0,0,0,0,0,1564771,1555932,1
D,74175,0,0,0,0,0,0,0,0,0,1564771,1555932,1
D,74185,0,0,0,0,0,0,0,0,0,1564771,1555932,1
D,74195,0,0,0,0,0,0,0,0,0,1564771,1555932,1
D,74205,0,0,0,0,0,0,0,0,0,1564771,1555932,1
D,74215,0,0,0,0,0,0,0,0,0,1564771,1555932,1
D,74225,0,0,0,0,0,0,0,0,0,1564771,1555932,1
D,74235,0,0,0,0,0,0,0,0,0,1564771,1555932,1
D,74245,0,0,0,0,0,0,0,0,0,1564771,1555932,1
D,74255,0,0,0,0,0,0,0,0,0,1564771,1555932,1
D,74265,0,0,0,0,0,0,0,0,0,1564771,1555932,1
D,74275,0,0,0,0,0,0,0,0,0,1564771,1555932,1
D,74285,0,0,0,0,0,0,0,0,0,1564771,1555932,1
D,74295,0,0,0,0,0,0,0,0,0,1564771,1555932,1
D,74305,0,0,0,0,0,0,0,0,0,1564771,1555932,1
D,74315,0,0,0,0,0,0,0,0,0,1564771,1555932,1
D,74325,0,0,0,0,0,0,0,0,0,1564771,1555932,1
D,74335,0,0,0,0,0,0,0,0,0,1564771,1555932,1
D,74345,0,0,0,0,0,0,0,0,0,1564771,1555932,1
D,74355,0,0,0,0,0,0,0,0,0,1564771,1555932,1
D,74365,0,0,0,0,0,0,0,0,0,1564771,1555932,1
D,74375,0,0,0,0,0,0,0,0,0,1564771,1555932,1
D,74385,0,0,0,0,0,0,0,0,0,1564771,1555932,1
D,74395,0,0,0,0,0,0,0,0,0,1564771,1555932,1
D,74405,0,0,0,0,0,0,0,0,0,1564771,1555932,1
D,74415,0,0,0,0,0,0,0,0,0,1564771,1555932,1
D,74425,0,0,0,0,0,0,0,0,0,1564771,1555932,1
D,74435,0,0,0,0,0,0,0,0,0,1564771,1555932,1
D,74445,0,0,0,0,0,0,0,0,0,1564771,1555932,1
D,74455,0,0,0,0,0,0,0,0,0,1564771,1555932,1
D,74465,0,0,0,0,0,0,0,0,0,1564771,1555932,1
D,74475,0,0,0,0,0,0,0,0,0,1564771,1555932,1
D,74485,0,0,0,0,0,0,0,0,0,1564771,1555932,1
D,74495,0,0,0,0,0,0,0,0,0,1564771,1555932,1
D,74505,0,0,0,0,0,0,0,0,0,1564771,1555932,1
D,74515,0,0,0,0,0,0,0,0,0,1564771,1555932,1
D,74525,0,0,0,0,0,0,0,0,0,1564771,1555932,1
D,74535,0,0,0,0,0,0,0,0,0,1564771,1555932,1
D,74545,0,0,0,0,0,0,0,0,0,1564771,1555932,1
D,74555,0,0,0,0,0,0,0,0,0,1564771,1555932,1
D,74565,0,0,0,0,0,0,0,0,0,1564771,1555932,1
D,74575,0,0,0,0,0,0,0,0,0,1564771,1555932,1
D,74585,0,0,0,0,0,0,0,0,0,1564771,1555932,1
D,74595,0,0,0,0,0,0,0,0,0,1564771,1555932,1
D,74605,0,0,0,0,0,0,0,0,0,1564771,1555932,1
D,74615,0,0,0,0,0,0,0,0,0,1564771,1555932,1
D,74625,0,0,0,0,0,0,0,0,0,1564771,1555932,1
D,74635,0,0,0,0,0,0,0,0,0,1564771,1555932,1
D,74645,0,0,0,0,0,0,0,0,0,1564771,1555932,1
D,74655,0,0,0,0,0,0,0,0,0,1564771,1555932,1
D,74665,0,0,0,0,0,0,0,0,0,1564771,1555932,1
D,74675,0,0,0,0,0,0,0,0,0,1564771,1555932,1
D,74685,0,0,0,0,0,0,0,0,0,1564771,1555932,1
D,74695,0,0,0,0,0,0,0,0,0,1564771,1555932,1
D,74705,0,0,0,0,0,0,0,0,0,1564771,1555932,1
D,74715,0,0,0,0,0,0,0,0,0,1564771,1555932,1
D,74725,0,0,0,0,0,0,0,0,0,1564771,1555932,1
D,74735,0,0,0,0,0,0,0,0,0,1564771,1555932,1
D,74745,0,0,0,0,0,0,0,0,0,1564771,1555932,1
D,74755,0,0,0,0,0,0,0,0,0,1564771,1555932,1
D,74765,0,0,0,0,0,0,0,0,0,1564771,1555932,1
D,74775,0,0,0,0,0,0,0,0,0,1564771,1555932,1
D,74785,0,0,0,0,0,0,0,0,0,1564771,1555932,1
D,74795,0,0,0,0,0,0,0,0,0,1564771,1555932,1
D,74805,0,0,0,0,0,0,0,0,0,1564771,1555932,1
D,74815,0,0,0,0,0,0,0,0,0,1564771,1555932,1
D,74825,0,0,0,0,0,0,0,0,0,1564771,1555932,1
D,74835,0,0,0,0,0,0,0,0,0,1564771,1555932,1
D,74845,0,0,0,0,0,0,0,0,0,1564771,1555932,1
D,74855,0,0,0,0,0,0,0,0,0,1564771,1555932,1
D,74865,0,0,0,0,0,0,0,0,0,1564771,1555932,1
D,74875,0,0,0,0,0,0,0,0,0,1564771,1555932,1
D,74885,0,0,0,0,0,0,0,0,0,1564771,1555932,1
D,74895,0,0,0,0,0,0,0,0,0,1564771,1555932,1
D,74905,0,0,0,0,0,0,0,0,0,1564771,1555932,1
D,74915,0,0,0,0,0,0,0,0,0,1564771,1555932,1
D,74925,0,0,0,0,0,0,0,0,0,1564771,1555932,1
D,74935,0,0,0,0,0,0,0,0,0,1564771,1555932,1
D,74945,0,0,0,0,0,0,0,0,0,1564771,1555932,1
D,74955,0,0,0,0,0,0,0,0,0,1564771,1555932,1
D,74965,0,0,0,0,0,0,0,0,0,1564771,1555932,1
D,74975,0,0,0,0,0,0,0,0,0,1564771,1555932,1
D,74985,0,0,0,0,0,0,0,0,0,1564771,1555932,1
D,74995,0,0,0,0,0,0,0,0,0,1564771,1555932,1
D,75005,0,0,0,0,0,0,0,0,0,1564771,1555932,1
D,75015,0,0,0,0,0,0,0,0,0,1564771,1555932,1
D,75025,0,0,0,0,0,0,0,0,0,1564771,1555932,1
D,75035,0,0,0,0,0,0,0,0,0,1564771,1555932,1
D,75045,0,0,0,0,0,0,0,0,0,1564771,1555932,1
D,75055,0,0,0,0,0,0,0,0,0,1564771,1555932,1
D,75065,0,0,0,0,0,0,0,0,0,1564771,1555932,1
D,75075,0,0,0,0,0,0,0,0,0,1564771,1555932,1
D,75085,0,0,0,0,0,0,0,0,0,1564771,1555932,1
D,75095,0,0,0,0,0,0,0,0,0,1564771,1555932,1
D,75105,0,0,0,0,0,0,0,0,0,1564771,1555932,1
D,75115,0,0,0,0,0,0,0,0,0,1564771,1555932,1
D,75125,0,0,0,0,0,0,0,0,0,1564771,1555932,1
D,75135,0,0,0,0,0,0,0,0,0,1564771,1555932,1
D,75145,0,0,0,0,0,0,0,0,0,1564771,1555932,1
D,75155,0,0,0,0,0,0,0,0,0,1564771,1555932,1
D,75165,0,0,0,0,0,0,0,0,0,1564771,1555932,1
D,75175,0,0,0,0,0,0,0,0,0,1564771,1555932,1
D,75185,0,0,0,0,0,0,0,0,0,1564771,1555932,1
D,75195,0,0,0,0,0,0,0,0,0,1564771,1555932,1
D,75205,0,0,0,0,0,0,0,0,0,1564771,1555932,1
D,75215,0,0,0,0,0,0,0,0,0,1564771,1555932,1
D,75225,0,0,0,0,0,0,0,0,0,1564771,1555932,1
D,75235,0,0,0,0,0,0,0,0,0,1564771,1555932,1
D,75245,0,0,0,0,0,0,0,0,0,1564771,1555932,1
D,75255,0,0,0,0,0,0,0,0,0,1564771,1555932,1
D,75265,0,0,0,0,0,0,0,0,0,1564771,1555932,1
D,75275,0,0,0,0,0,0,0,0,0,1564771,1555932,1
D,75285,0,0,0,0,0,0,0,0,0,1564771,1555932,1
D,75295,0,0,0,0,0,0,0,0,0,1564771,1555932,1
D,75305,0,0,0,0,0,0,0,0,0,1564771,1555932,1
D,75315,0,0,0,0,0,0,0,0,0,1564771,1555932,1
D,75325,0,0,0,0,0,0,0,0,0,1564771,1555932,1
D,75335,0,0,0,0,0,0,0,0,0,1564771,1555932,1
D,75345,0,0,0,0,0,0,0,0,0,1564771,1555932,1
D,75355,0,0,0,0,0,0,0,0,0,1564771,1555932,1
D,75365,0,0,0,0,0,0,0,0,0,1564771,1555932,1
D,75375,0,0,0,0,0,0,0,0,0,1564771,1555932,1
D,75385,0,0,0,0,0,0,0,0,0,1564771,1555932,1
D,75395,0,0,0,0,0,0,0,0,0,1564771,1555932,1
D,75405,0,0,0,0,0,0,0,0,0,1564771,1555932,1
D,75415,0,0,0,0,0,0,0,0,0,1564771,1555932,1
D,75425,0,0,0,0,0,0,0,0,0,1564771,1555932,1
D,75435,0,0,0,0,0,0,0,0,0,1564771,1555932,1
D,75445,0,0,0,0,0,0,0,0,0,1564771,1555932,1
D,75455,0,0,0,0,0,0,0,0,0,1564771,1555932,1
D,75465,0,0,0,0,0,0,0,0,0,1564771,1555932,1
D,75475,0,0,0,0,0,0,0,0,0,1564771,1555932,1
D,75485,0,0,0,0,0,0,0,0,0,1564771,1555932,1
D,75495,0,0,0,0,0,0,0,0,0,1564771,1555932,1
D,75505,0,0,0,0,0,0,0,0,0,1564771,1555932,1
D,75515,0,0,0,0,0,0,0,0,0,1564771,1555932,1
D,75525,0,0,0,0,0,0,0,0,0,1564771,1555932,1
D,75535,0,0,0,0,0,0,0,0,0,1564771,1555932,1
D,75545,0,0,0,0,0,0,0,0,0,1564771,1555932,1
D,75555,0,0,0,0,0,0,0,0,0,1564771,1555932,1
D,75565,0,0,0,0,0,0,0,0,0,1564771,1555932,1
D,75575,0,0,0,0,0,0,0,0,0,1564771,1555932,1
D,75585,0,0,0,0,0,0,0,0,0,1564771,1555932,1
D,75595,0,0,0,0,0,0,0,0,0,1564771,1555932,1
D,75605,0,0,0,0,0,0,0,0,0,1564771,1555932,1
D,75615,0,0,0,0,0,0,0,0,0,1564771,1555932,1
D,75625,0,0,0,0,0,0,0,0,0,1564771,1555932,1
D,75635,0,0,0,0,0,0,0,0,0,1564771,1555932,1
D,75645,0,0,0,0,0,0,0,0,0,1564771,1555932,1
D,75655,0,0,0,0,0,0,0,0,0,1564771,1555932,1
D,75665,0,0,0,0,0,0,0,0,0,1564771,1555932,1
D,75675,0,0,0,0,0,0,0,0,0,1564771,1555932,1
D,75685,0,0,0,0,0,0,0,0,0,1564771,1555932,1
D,75695,0,0,0,0,0,0,0,0,0,1564771,1555932,1
D,75705,0,0,0,0,0,0,0,0,0,1564771,1555932,1
D,75715,0,0,0,0,0,0,0,0,0,1564771,1555932,1
D,75725,0,0,0,0,0,0,0,0,0,1564771,1555932,1
D,75735,0,0,0,0,0,0,0,0,0,1564771,1555932,1
D,75745,0,0,0,0,0,0,0,0,0,1564771,1555932,1
D,75755,0,0,0,0,0,0,0,0,0,1564771,1555932,1
D,75765,0,0,0,0,0,0,0,0,0,1564771,1555932,1
D,75775,0,0,0,0,0,0,0,0,0,1564771,1555932,1
D,75785,0,0,0,0,0,0,0,0,0,1564771,1555932,1
D,75795,0,0,0,0,0,0,0,0,0,1564771,1555932,1
D,75805,0,0,0,0,0,0,0,0,0,1564771,1555932,1
D,75815,0,0,0,0,0,0,0,0,0,1564771,1555932,1
D,75825,0,0,0,0,0,0,0,0,0,1564771,1555932,1
D,75835,0,0,0,0,0,0,0,0,0,1564771,1555932,1
D,75845,0,0,0,0,0,0,0,0,0,1564771,1555932,1
D,75855,0,0,0,0,0,0,0,0,0,1564771,1555932,1
D,75865,0,0,0,0,0,0,0,0,0,1564771,1555932,1
D,75875,0,0,0,0,0,0,0,0,0,1564771,1555932,1
D,75885,0,0,0,0,0,0,0,0,0,1564771,1555932,1
D,75895,0,0,0,0,0,0,0,0,0,1564771,1555932,1
D,75905,0,0,0,0,0,0,0,0,0,1564771,1555932,1
D,75915,0,0,0,0,0,0,0,0,0,1564771,1555932,1
D,75925,0,0,0,0,0,0,0,0,0,1564771,1555932,1
D,75935,0,0,0,0,0,0,0,0,0,1564771,1555932,1
D,75945,0,0,0,0,0,0,0,0,0,1564771,1555932,1
D,75955,0,0,0,0,0,0,0,0,0,1564771,1555932,1
D,75965,0,0,0,0,0,0,0,0,0,1564771,1555932,1
D,75975,0,0,0,0,0,0,0,0,0,1564771,1555932,1
D,75985,0,0,0,0,0,0,0,0,0,1564771,1555932,1
D,75995,0,0,0,0,0,0,0,0,0,1564771,1555932,1
D,76005,0,0,0,0,0,0,0,0,0,1564771,1555932,1
D,76015,0,0,0,0,0,0,0,0,0,1564771,1555932,1
D,76025,0,0,0,0,0,0,0,0,0,1564771,1555932,1
D,76035,0,0,0,0,0,0,0,0,0,1564771,1555932,1
D,76045,0,0,0,0,0,0,0,0,0,1564771,1555932,1
D,76055,0,0,0,0,0,0,0,0,0,1564771,1555932,1
D,76065,0,0,0,0,0,0,0,0,0,1564771,1555932,1
D,76075,0,0,0,0,0,0,0,0,0,1564771,1555932,1
D,76085,0,0,0,0,0,0,0,0,0,1564771,1555932,1
D,76095,0,0,0,0,0,0,0,0,0,1564771,1555932,1
D,76105,0,0,0,0,0,0,0,0,0,1564771,1555932,1
D,76115,0,0,0,0,0,0,0,0,0,1564771,1555932,1
D,76125,0,0,0,0,0,0,0,0,0,1564771,1555932,1
D,76135,0,0,0,0,0,0,0,0,0,1564771,1555932,1
D,76145,0,0,0,0,0,0,0,0,0,1564771,1555932,1
D,76155,0,0,0,0,0,0,0,0,0,1564771,1555932,1
D,76165,0,0,0,0,0,0,0,0,0,1564771,1555932,1
D,76175,0,0,0,0,0,0,0,0,0,1564771,1555932,1
D,76185,0,0,0,0,0,0,0,0,0,1564771,1555932,1
D,76195,0,0,0,0,0,0,0,0,0,1564771,1555932,1
D,76205,0,0,0,0,0,0,0,0,0,1564771,1555932,1
D,76215,0,0,0,0,0,0,0,0,0,1564771,1555932,1
D,76225,0,0,0,0,0,0,0,0,0,1564771,1555932,1
D,76235,0,0,0,0,0,0,0,0,0,1564771,1555932,1
D,76245,0,0,0,0,0,0,0,0,0,1564771,1555932,1
D,76255,0,0,0,0,0,0,0,0,0,1564771,1555932,1
D,76265,0,0,0,0,0,0,0,0,0,1564771,1555932,1
D,76275,0,0,0,0,0,0,0,0,0,1564771,1555932,1
D,76285,0,0,0,0,0,0,0,0,0,1564771,1555932,1
D,76295,0,0,0,0,0,0,0,0,0,1564771,1555932,1
D,76305,0,0,0,0,0,0,0,0,0,1564771,1555932,1
D,76315,0,0,0,0,0,0,0,0,0,1564771,1555932,1
D,76325,0,0,0,0,0,0,0,0,0,1564771,1555932,1
D,76335,0,0,0,0,0,0,0,0,0,1564771,1555932,1
D,76345,0,0,0,0,0,0,0,0,0,1564771,1555932,1
D,76355,0,0,0,0,0,0,0,0,0,1564771,1555932,1
D,76365,0,0,0,0,0,0,0,0,0,1564771,1555932,1
D,76375,0,0,0,0,0,0,0,0,0,1564771,1555932,1
D,76385,0,0,0,0,0,0,0,0,0,1564771,1555932,1
D,76395,0,0,0,0,0,0,0,0,0,1564771,1555932,1
D,76405,0,0,0,0,0,0,0,0,0,1564771,1555932,1
D,76415,0,0,0,0,0,0,0,0,0,1564771,1555932,1
D,76425,0,0,0,0,0,0,0,0,0,1564771,1555932,1
D,76435,0,0,0,0,0,0,0,0,0,1564771,1555932,1
D,76445,0,0,0,0,0,0,0,0,0,1564771,1555932,1
D,76455,0,0,0,0,0,0,0,0,0,1564771,1555932,1
D,76465,0,0,0,0,0,0,0,0,0,1564771,1555932,1
D,76475,0,0,0,0,0,0,0,0,-1,1564771,1555931,1
D,76485,0,0,0,0,0,0,0,0,-2,1564771,1555929,1
D,76495,0,0,0,0,0,0,0,0,0,1564771,1555929,1
D,76505,0,0,0,0,0,0,0,0,0,1564771,1555929,1
D,76515,0,0,0,0,0,0,0,0,0,1564771,1555929,1
D,76525,0,0,0,0,0,0,0,0,0,1564771,1555929,1
D,76535,0,0,0,0,0,0,0,0,0,1564771,1555929,1
D,76545,0,0,0,0,0,0,0,0,0,1564771,1555929,1
D,76555,0,0,0,0,0,0,0,0,0,1564771,1555929,1
D,76565,0,0,0,0,0,0,0,0,0,1564771,1555929,1
D,76575,0,0,0,0,0,0,0,0,0,1564771,1555929,1
D,76585,0,0,0,0,0,0,0,0,0,1564771,1555929,1
D,76595,0,0,0,0,0,0,0,0,0,1564771,1555929,1
D,76605,0,0,0,0,0,0,0,0,0,1564771,1555929,1
D,76615,0,0,0,0,0,0,0,0,0,1564771,1555929,1
D,76625,0,0,0,0,0,0,0,0,0,1564771,1555929,1
D,76635,0,0,0,0,0,0,0,0,0,1564771,1555929,1
D,76645,0,0,0,0,0,0,0,0,0,1564771,1555929,1
D,76655,0,0,0,0,0,0,0,0,0,1564771,1555929,1
D,76665,0,0,0,0,0,0,0,0,0,1564771,1555929,1
D,76675,0,0,0,0,0,0,0,0,0,1564771,1555929,1
D,76685,0,0,0,0,0,0,0,0,0,1564771,1555929,1
D,76695,0,0,0,0,0,0,0,0,0,1564771,1555929,1
D,76705,0,0,0,0,0,0,0,0,0,1564771,1555929,1
D,76715,0,0,0,0,0,0,0,0,0,1564771,1555929,1
D,76725,0,0,0,0,0,0,0,0,0,1564771,1555929,1
D,76735,0,0,0,0,0,0,0,0,0,1564771,1555929,1
D,76745,0,0,0,0,0,0,0,0,0,1564771,1555929,1
D,76755,0,0,0,0,0,0,0,0,0,1564771,1555929,1
D,76765,0,0,0,0,0,0,0,0,0,1564771,1555929,1
D,76775,0,0,0,0,0,0,0,0,0,1564771,1555929,1
D,76785,0,0,0,0,0,0,0,0,0,1564771,1555929,1
D,76795,0,0,0,0,0,0,0,0,0,1564771,1555929,1
D,76805,0,0,0,0,0,0,0,0,0,1564771,1555929,1
D,76815,0,0,0,0,0,0,0,0,0,1564771,1555929,1
D,76825,0,0,0,0,0,0,0,0,0,1564771,1555929,1
D,76835,0,0,0,0,0,0,0,0,0,1564771,1555929,1
D,76845,0,0,0,0,0,0,0,0,0,1564771,1555929,1
D,76855,0,0,0,0,0,0,0,0,0,1564771,1555929,1
D,76865,0,0,0,0,0,0,0,0,0,1564771,1555929,1
D,76875,0,0,0,0,0,0,0,0,0,1564771,1555929,1
D,76885,0,0,0,0,0,0,0,0,0,1564771,1555929,1
D,76895,0,0,0,0,0,0,0,0,0,1564771,1555929,1
D,76905,0,0,0,0,0,0,0,0,0,1564771,1555929,1
D,76915,0,0,0,0,0,0,0,0,0,1564771,1555929,1
D,76925,0,0,0,0,0,0,0,0,0,1564771,1555929,1
D,76935,0,0,0,0,0,0,0,0,0,1564771,1555929,1
D,76945,0,0,0,0,0,0,0,0,0,1564771,1555929,1
D,76955,0,0,0,0,0,0,0,0,0,1564771,1555929,1
D,76965,0,0,0,0,0,0,0,0,0,1564771,1555929,1
D,76975,0,0,0,0,0,0,0,0,0,1564771,1555929,1
D,76985,0,0,0,0,0,0,0,0,0,1564771,1555929,1
D,76995,0,0,0,0,0,0,0,0,0,1564771,1555929,1
D,77005,0,0,0,0,0,0,0,0,0,1564771,1555929,1
D,77015,0,0,0,0,0,0,0,0,0,1564771,1555929,1
D,77025,0,0,0,0,0,0,0,0,0,1564771,1555929,1
D,77035,0,0,0,0,0,0,0,0,0,1564771,1555929,1
D,77045,0,0,0,0,0,0,0,0,0,1564771,1555929,1
D,77055,0,0,0,0,0,0,0,0,0,1564771,1555929,1
D,77065,0,0,0,0,0,0,0,0,0,1564771,1555929,1
D,77075,0,0,0,0,0,0,0,0,0,1564771,1555929,1
D,77085,0,0,0,0,0,0,0,0,0,1564771,1555929,1
D,77095,0,0,0,0,0,0,0,0,0,1564771,1555929,1
D,77105,0,0,0,0,0,0,0,0,0,1564771,1555929,1
D,77115,0,0,0,0,0,0,0,0,0,1564771,1555929,1
D,77125,0,0,0,0,0,0,0,0,0,1564771,1555929,1
D,77135,0,0,0,0,0,0,0,0,0,1564771,1555929,1
D,77145,0,0,0,0,0,0,0,0,0,1564771,1555929,1
D,77155,0,0,0,0,0,0,0,0,0,1564771,1555929,1
D,77165,0,0,0,0,0,0,0,0,0,1564771,1555929,1
D,77175,0,0,0,0,0,0,0,0,0,1564771,1555929,1
D,77185,0,0,0,0,0,0,0,0,0,1564771,1555929,1
D,77195,0,0,0,0,0,0,0,0,0,1564771,1555929,1
D,77205,0,0,0,0,0,0,0,0,0,1564771,1555929,1
D,77215,0,0,0,0,0,0,0,0,0,1564771,1555929,1
D,77225,0,0,0,0,0,0,0,0,0,1564771,1555929,1
D,77235,0,0,0,0,0,0,0,0,0,1564771,1555929,1
D,77245,0,0,0,0,0,0,0,0,0,1564771,1555929,1
D,77255,0,0,0,0,0,0,0,0,0,1564771,1555929,1
D,77265,0,0,0,0,0,0,0,0,0,1564771,1555929,1
D,77275,0,0,0,0,0,0,0,0,0,1564771,1555929,1
D,77285,0,0,0,0,0,0,0,0,0,1564771,1555929,1
D,77295,0,0,0,0,0,0,0,0,0,1564771,1555929,1
D,77305,0,0,0,0,0,0,0,0,0,1564771,1555929,1
D,77315,0,0,0,0,0,0,0,0,0,1564771,1555929,1
D,77325,0,0,0,0,0,0,0,0,0,1564771,1555929,1
D,77335,0,0,0,0,0,0,0,0,0,1564771,1555929,1
D,77345,0,0,0,0,0,0,0,0,0,1564771,1555929,1
D,77355,0,0,0,0,0,0,0,0,0,1564771,1555929,1
D,77365,0,0,0,0,0,0,0,0,0,1564771,1555929,1
D,77375,0,0,0,0,0,0,0,0,0,1564771,1555929,1
D,77385,0,0,0,0,0,0,0,0,0,1564771,1555929,1
D,77395,0,0,0,0,0,0,0,0,0,1564771,1555929,1
D,77405,0,0,0,0,0,0,0,0,0,1564771,1555929,1
D,77415,0,0,0,0,0,0,0,0,0,1564771,1555929,1
D,77425,0,0,0,0,0,0,0,0,0,1564771,1555929,1
D,77435,0,0,0,0,0,0,0,0,0,1564771,1555929,1
D,77445,0,0,0,0,0,0,0,0,0,1564771,1555929,1
D,77455,0,0,0,0,0,0,0,0,0,1564771,1555929,1
D,77465,0,0,0,0,0,0,0,0,0,1564771,1555929,1
D,77475,0,0,0,0,0,0,0,0,0,1564771,1555929,1
D,77485,0,0,0,0,0,0,0,0,0,1564771,1555929,1
D,77495,0,0,0,0,0,0,0,0,0,1564771,1555929,1
D,77505,0,0,0,0,0,0,0,0,0,1564771,1555929,1
D,77515,0,0,0,0,0,0,0,0,0,1564771,1555929,1
D,77525,0,0,0,0,0,0,0,0,0,1564771,1555929,1
D,77535,0,0,0,0,0,0,0,0,0,1564771,1555929,1
D,77545,0,0,0,0,0,0,0,0,0,1564771,1555929,1
D,77555,0,0,0,0,0,0,0,0,0,1564771,1555929,1
D,77565,0,0,0,0,0,0,0,0,0,1564771,1555929,1
D,77575,0,0,0,0,0,0,0,0,0,1564771,1555929,1
D,77585,0,0,0,0,0,0,0,0,0,1564771,1555929,1
D,77595,0,0,0,0,0,0,0,0,0,1564771,1555929,1
D,77605,0,0,0,0,0,0,0,0,0,1564771,1555929,1
D,77615,0,0,0,0,0,0,0,0,0,1564771,1555929,1
D,77625,0,0,0,0,0,0,0,0,0,1564771,1555929,1
D,77635,0,0,0,0,0,0,0,0,0,1564771,1555929,1
D,77645,0,0,0,0,0,0,0,0,0,1564771,1555929,1
D,77655,0,0,0,0,0,0,0,0,0,1564771,1555929,1
D,77665,0,0,0,0,0,0,0,0,0,1564771,1555929,1
D,77675,0,0,0,0,0,0,0,0,0,1564771,1555929,1
D,77685,0,0,0,0,0,0,0,0,0,1564771,1555929,1
D,77695,0,0,0,0,0,0,0,0,0,1564771,1555929,1
D,77705,0,0,0,0,0,0,0,0,0,1564771,1555929,1
D,77715,0,0,0,0,0,0,0,0,0,1564771,1555929,1
D,77725,0,0,0,0,0,0,0,0,0,1564771,1555929,1
D,77735,0,0,0,0,0,0,0,0,0,1564771,1555929,1
D,77745,0,0,0,0,0,0,0,0,0,1564771,1555929,1
D,77755,0,0,0,0,0,0,0,0,0,1564771,1555929,1
D,77765,0,0,0,0,0,0,0,0,0,1564771,1555929,1
D,77775,0,0,0,0,0,0,0,0,0,1564771,1555929,1
D,77785,0,0,0,0,0,0,0,0,0,1564771,1555929,1
D,77795,0,0,0,0,0,0,0,0,0,1564771,1555929,1
D,77805,0,0,0,0,0,0,0,0,0,1564771,1555929,1
D,77815,0,0,0,0,0,0,0,0,0,1564771,1555929,1
D,77825,0,0,0,0,0,0,0,0,0,1564771,1555929,1
D,77835,0,0,0,0,0,0,0,0,0,1564771,1555929,1
D,77845,0,0,0,0,0,0,0,0,0,1564771,1555929,1
D,77855,0,0,0,0,0,0,0,0,0,1564771,1555929,1
D,77865,0,0,0,0,0,0,0,0,0,1564771,1555929,1
D,77875,0,0,0,0,0,0,0,0,0,1564771,1555929,1
D,77885,0,0,0,0,0,0,0,0,0,1564771,1555929,1
D,77895,0,0,0,0,0,0,0,0,0,1564771,1555929,1
D,77905,0,0,0,0,0,0,0,0,0,1564771,1555929,1
D,77915,0,0,0,0,0,0,0,0,0,1564771,1555929,1
D,77925,0,0,0,0,0,0,0,0,0,1564771,1555929,1
D,77935,0,0,0,0,0,0,0,0,0,1564771,1555929,1
D,77945,0,0,0,0,0,0,0,0,0,1564771,1555929,1
D,77955,0,0,0,0,0,0,0,0,0,1564771,1555929,1
D,77965,0,0,0,0,0,0,0,0,0,1564771,1555929,1
D,77975,0,0,0,0,0,0,0,0,0,1564771,1555929,1
D,77985,0,0,0,0,0,0,0,0,0,1564771,1555929,1
D,77995,0,0,0,0,0,0,0,0,0,1564771,1555929,1
D,78005,0,0,0,0,0,0,0,0,0,1564771,1555929,1
D,78015,0,0,0,0,0,0,0,0,0,1564771,1555929,1
D,78025,0,0,0,0,0,0,0,0,0,1564771,1555929,1
D,78035,0,0,0,0,0,0,0,0,0,1564771,1555929,1
D,78045,0,0,0,0,0,0,0,0,0,1564771,1555929,1
D,78055,0,0,0,0,0,0,0,0,0,1564771,1555929,1
D,78065,0,0,0,0,0,0,0,0,0,1564771,1555929,1
D,78075,0,0,0,0,0,0,0,0,0,1564771,1555929,1
D,78085,0,0,0,0,0,0,0,0,0,1564771,1555929,1
D,78095,0,0,0,0,0,0,0,0,0,1564771,1555929,1
D,78105,0,0,0,0,0,0,0,0,0,1564771,1555929,1
D,78115,0,0,0,0,0,0,0,0,0,1564771,1555929,1
D,78125,0,0,0,0,0,0,0,0,0,1564771,1555929,1
D,78135,0,0,0,0,0,0,0,0,0,1564771,1555929,1
D,78145,0,0,0,0,0,0,0,0,0,1564771,1555929,1
D,78155,0,0,0,0,0,0,0,0,0,1564771,1555929,1
D,78165,0,0,0,0,0,0,0,0,0,1564771,1555929,1
D,78175,0,0,0,0,0,0,0,0,0,1564771,1555929,1
D,78185,0,0,0,0,0,0,0,0,0,1564771,1555929,1
D,78195,0,0,0,0,0,0,0,0,0,1564771,1555929,1
D,78205,0,0,0,0,0,0,0,0,0,1564771,1555929,1
D,78215,0,0,0,0,0,0,0,0,0,1564771,1555929,1
D,78225,0,0,0,0,0,0,0,0,0,1564771,1555929,1
D,78235,0,0,0,0,0,0,0,0,0,1564771,1555929,1
D,78245,0,0,0,0,0,0,0,0,0,1564771,1555929,1
D,78255,0,0,0,0,0,0,0,0,1,1564771,1555930,1
D,78265,0,0,0,0,0,0,0,0,0,1564771,1555930,1
D,78275,0,0,0,0,0,0,0,0,0,1564771,1555930,1
D,78285,0,0,0,0,0,0,0,0,0,1564771,1555930,1
D,78295,0,0,0,0,0,0,0,0,0,1564771,1555930,1
D,78305,0,0,0,0,0,0,0,0,0,1564771,1555930,1
D,78315,0,0,0,0,0,0,0,0,0,1564771,1555930,1
D,78325,0,0,0,0,0,0,0,0,0,1564771,1555930,1
D,78335,0,0,0,0,0,0,0,0,0,1564771,1555930,1
D,78345,0,0,0,0,0,0,0,0,0,1564771,1555930,1
D,78355,0,0,0,0,0,0,0,0,0,1564771,1555930,1
D,78365,0,0,0,0,0,0,0,0,0,1564771,1555930,1
D,78375,0,0,0,0,0,0,0,0,0,1564771,1555930,1
D,78385,0,0,0,0,0,0,0,0,1,1564771,1555931,1
D,78395,0,0,0,0,0,0,0,0,0,1564771,1555931,1
D,78405,0,0,0,0,0,0,0,0,0,1564771,1555931,1
D,78415,0,0,0,0,0,0,0,0,0,1564771,1555931,1
D,78425,0,0,0,0,0,0,0,0,0,1564771,1555931,1
D,78435,0,0,0,0,0,0,0,0,0,1564771,1555931,1
D,78445,0,0,0,0,0,0,0,0,0,1564771,1555931,1
D,78455,0,0,0,0,0,0,0,0,0,1564771,1555931,1
D,78465,0,0,0,0,0,0,0,0,0,1564771,1555931,1
D,78475,0,0,0,0,0,0,0,0,1,1564771,1555932,1
D,78485,0,0,0,0,0,0,0,0,0,1564771,1555932,1
D,78495,0,0,0,0,0,0,0,0,0,1564771,1555932,1
D,78505,0,0,0,0,0,0,0,0,1,1564771,1555933,1
D,78515,0,0,0,0,0,0,0,0,1,1564771,1555934,1
D,78525,0,0,0,0,0,0,0,0,0,1564771,1555934,1
D,78535,0,0,0,0,0,0,0,0,0,1564771,1555934,1
D,78545,0,0,0,0,0,0,0,0,0,1564771,1555934,1
D,78555,0,0,0,0,0,0,0,0,0,1564771,1555934,1
D,78565,0,0,0,0,0,0,0,0,0,1564771,1555934,1
D,78575,0,0,0,0,0,0,0,0,0,1564771,1555934,1
D,78585,0,0,0,0,0,0,0,0,0,1564771,1555934,1
D,78595,0,0,0,0,0,0,0,0,0,1564771,1555934,1
D,78605,0,0,0,0,0,0,0,0,0,1564771,1555934,1
D,78615,0,0,0,0,0,0,0,0,0,1564771,1555934,1
D,78625,0,0,0,0,0,0,0,0,0,1564771,1555934,1
D,78635,0,0,0,0,0,0,0,0,0,1564771,1555934,1
D,78645,0,0,0,0,0,0,0,0,0,1564771,1555934,1
D,78655,0,0,0,0,0,0,0,0,0,1564771,1555934,1
D,78665,0,0,0,0,0,0,0,0,0,1564771,1555934,1
D,78675,0,0,0,0,0,0,0,0,0,1564771,1555934,1
D,78685,0,0,0,0,0,0,0,0,0,1564771,1555934,1
D,78695,0,0,0,0,0,0,0,0,0,1564771,1555934,1
D,78705,0,0,0,0,0,0,0,0,1,1564771,1555935,1
D,78715,0,0,0,0,0,0,0,0,0,1564771,1555935,1
D,78725,0,0,0,0,0,0,0,0,0,1564771,1555935,1
D,78735,0,0,0,0,0,0,0,0,0,1564771,1555935,1
D,78745,0,0,0,0,0,0,0,0,0,1564771,1555935,1
D,78755,0,0,0,0,0,0,0,0,1,1564771,1555936,1
D,78765,0,0,0,0,0,0,0,0,0,1564771,1555936,1
D,78775,0,0,0,0,0,0,0,0,0,1564771,1555936,1
D,78785,0,0,0,0,0,0,0,0,0,1564771,1555936,1
D,78795,0,0,0,0,0,0,0,0,0,1564771,1555936,1
D,78805,0,0,0,0,0,0,0,0,0,1564771,1555936,1
D,78815,0,0,0,0,0,0,0,0,0,1564771,1555936,1
D,78825,0,0,0,0,0,0,0,0,0,1564771,1555936,1
D,78835,0,0,0,0,0,0,0,0,0,1564771,1555936,1
D,78845,0,0,0,0,0,0,0,0,0,1564771,1555936,1
D,78855,0,0,0,0,0,0,0,0,0,1564771,1555936,1
D,78865,0,0,0,0,0,0,0,0,0,1564771,1555936,1
D,78875,0,0,0,0,0,0,0,0,0,1564771,1555936,1
D,78885,0,0,0,0,0,0,0,0,0,1564771,1555936,1
D,78895,0,0,0,0,0,0,0,0,0,1564771,1555936,1
D,78905,0,0,0,0,0,0,0,0,0,1564771,1555936,1
D,78915,0,0,0,0,0,0,0,0,0,1564771,1555936,1
D,78925,0,0,0,0,0,0,0,0,0,1564771,1555936,1
D,78935,0,0,0,0,0,0,0,0,0,1564771,1555936,1
D,78945,0,0,0,0,0,0,0,0,0,1564771,1555936,1
D,78955,0,0,0,0,0,0,0,0,0,1564771,1555936,1
D,78965,0,0,0,0,0,0,0,0,0,1564771,1555936,1
D,78975,0,0,0,0,0,0,0,0,0,1564771,1555936,1
D,78985,0,0,0,0,0,0,0,0,0,1564771,1555936,1
D,78995,0,0,0,0,0,0,0,0,0,1564771,1555936,1
D,79005,0,0,0,0,0,0,0,0,0,1564771,1555936,1
D,79015,0,0,0,0,0,0,0,0,0,1564771,1555936,1
D,79025,0,0,0,0,0,0,0,0,0,1564771,1555936,1
D,79035,0,0,0,0,0,0,0,0,0,1564771,1555936,1
D,79045,0,0,0,0,0,0,0,0,0,1564771,1555936,1
D,79055,0,0,0,0,0,0,0,0,0,1564771,1555936,1
D,79065,0,0,0,0,0,0,0,0,0,1564771,1555936,1
D,79075,0,0,0,0,0,0,0,0,0,1564771,1555936,1
D,79085,0,0,0,0,0,0,0,0,0,1564771,1555936,1
D,79095,0,0,0,0,0,0,0,0,0,1564771,1555936,1
D,79105,0,0,0,0,0,0,0,0,0,1564771,1555936,1
D,79115,0,0,0,0,0,0,0,0,0,1564771,1555936,1
D,79125,0,0,0,0,0,0,0,0,1,1564771,1555937,1
D,79135,0,0,0,0,0,0,0,0,0,1564771,1555937,1
D,79145,0,0,0,0,0,0,0,0,0,1564771,1555937,1
D,79155,0,0,0,0,0,0,0,0,1,1564771,1555938,1
D,79165,0,0,0,0,0,0,0,0,0,1564771,1555938,1
D,79175,0,0,0,0,0,0,0,0,0,1564771,1555938,1
D,79185,0,0,0,0,0,0,0,0,0,1564771,1555938,1
D,79195,0,0,0,0,0,0,0,0,0,1564771,1555938,1
D,79205,0,0,0,0,0,0,0,0,0,1564771,1555938,1
D,79215,0,0,0,0,0,0,0,0,0,1564771,1555938,1
D,79225,0,0,0,0,0,0,0,0,0,1564771,1555938,1
D,79235,0,0,0,0,0,0,0,0,0,1564771,1555938,1
D,79245,0,0,0,0,0,0,0,0,0,1564771,1555938,1
D,79255,0,0,0,0,0,0,0,0,0,1564771,1555938,1
D,79265,0,0,0,0,0,0,0,0,0,1564771,1555938,1
D,79275,0,0,0,0,0,0,0,0,0,1564771,1555938,1
D,79285,0,0,0,0,0,0,0,0,0,1564771,1555938,1
D,79295,0,0,0,0,0,0,0,0,0,1564771,1555938,1
D,79305,0,0,0,0,0,0,0,0,0,1564771,1555938,1
D,79315,0,0,0,0,0,0,0,0,0,1564771,1555938,1
D,79325,0,0,0,0,0,0,0,0,0,1564771,1555938,1
D,79335,0,0,0,0,0,0,0,0,0,1564771,1555938,1
D,79345,0,0,0,0,0,0,0,0,1,1564771,1555939,1
D,79355,0,0,0,0,0,0,0,0,0,1564771,1555939,1
D,79365,0,0,0,0,0,0,0,0,0,1564771,1555939,1
D,79375,0,0,0,0,0,0,0,0,0,1564771,1555939,1
D,79385,0,0,0,0,0,0,0,0,0,1564771,1555939,1
D,79395,0,0,0,0,0,0,0,0,0,1564771,1555939,1
D,79405,0,0,0,0,0,0,0,0,0,1564771,1555939,1
D,79415,0,0,0,0,0,0,0,0,0,1564771,1555939,1
D,79425,0,0,0,0,0,0,0,0,0,1564771,1555939,1
D,79435,0,0,0,0,0,0,0,0,0,1564771,1555939,1
D,79445,0,0,0,0,0,0,0,0,0,1564771,1555939,1
D,79455,0,0,0,0,0,0,0,0,0,1564771,1555939,1
D,79465,0,0,0,0,0,0,0,0,0,1564771,1555939,1
D,79475,0,0,0,0,0,0,0,0,0,1564771,1555939,1
D,79485,0,0,0,0,0,0,0,0,0,1564771,1555939,1
D,79495,0,0,0,0,0,0,0,0,0,1564771,1555939,1
D,79505,0,0,0,0,0,0,0,0,0,1564771,1555939,1
D,79515,0,0,0,0,0,0,0,0,0,1564771,1555939,1
D,79525,0,0,0,0,0,0,0,0,0,1564771,1555939,1
D,79535,0,0,0,0,0,0,0,0,0,1564771,1555939,1
D,79545,0,0,0,0,0,0,0,0,0,1564771,1555939,1
D,79555,0,0,0,0,0,0,0,0,0,1564771,1555939,1
D,79565,0,0,0,0,0,0,0,0,0,1564771,1555939,1
D,79575,0,0,0,0,0,0,0,0,0,1564771,1555939,1
D,79585,0,0,0,0,0,0,0,0,0,1564771,1555939,1
D,79595,0,0,0,0,0,0,0,0,0,1564771,1555939,1
D,79605,0,0,0,0,0,0,0,0,0,1564771,1555939,1
D,79615,0,0,0,0,0,0,0,0,1,1564771,1555940,1
D,79625,0,0,0,0,0,0,0,0,0,1564771,1555940,1
D,79635,0,0,0,0,0,0,0,0,0,1564771,1555940,1
D,79645,0,0,0,0,0,0,0,0,0,1564771,1555940,1
D,79655,0,0,0,0,0,0,0,0,0,1564771,1555940,1
D,79665,0,0,0,0,0,0,0,0,1,1564771,1555941,1
D,79675,0,0,0,0,0,0,0,0,0,1564771,1555941,1
D,79685,0,0,0,0,0,0,0,0,0,1564771,1555941,1
D,79695,0,0,0,0,0,0,0,0,0,1564771,1555941,1
D,79705,0,0,0,0,0,0,0,0,1,1564771,1555942,1
D,79715,0,0,0,0,0,0,0,0,0,1564771,1555942,1
D,79725,0,0,0,0,0,0,0,0,0,1564771,1555942,1
D,79735,0,0,0,0,0,0,0,0,1,1564771,1555943,1
D,79745,0,0,0,0,0,0,0,0,0,1564771,1555943,1
D,79755,0,0,0,0,0,0,0,0,0,1564771,1555943,1
D,79765,0,0,0,0,0,0,0,0,0,1564771,1555943,1
D,79775,0,0,0,0,0,0,0,0,0,1564771,1555943,1
D,79785,0,0,0,0,0,0,0,0,0,1564771,1555943,1
D,79795,0,0,0,0,0,0,0,0,0,1564771,1555943,1
D,79805,0,0,0,0,0,0,0,0,0,1564771,1555943,1
D,79815,0,0,0,0,0,0,0,0,0,1564771,1555943,1
D,79825,0,0,0,0,0,0,0,0,0,1564771,1555943,1
D,79835,0,0,0,0,0,0,0,0,0,1564771,1555943,1
D,79845,0,0,0,0,0,0,0,0,0,1564771,1555943,1
D,79855,0,0,0,0,0,0,0,0,0,1564771,1555943,1
D,79865,0,0,0,0,0,0,0,0,0,1564771,1555943,1
D,79875,0,0,0,0,0,0,0,0,0,1564771,1555943,1
D,79885,0,0,0,0,0,0,0,0,0,1564771,1555943,1
D,79895,0,0,0,0,0,0,0,0,0,1564771,1555943,1
D,79905,0,0,0,0,0,0,0,0,0,1564771,1555943,1
D,79915,0,0,0,0,0,0,0,0,0,1564771,1555943,1
D,79925,0,0,0,0,0,0,0,0,0,1564771,1555943,1
D,79935,0,0,0,0,0,0,0,0,0,1564771,1555943,1
D,79945,0,0,0,0,0,0,0,0,0,1564771,1555943,1
D,79955,0,0,0,0,0,0,0,0,0,1564771,1555943,1
D,79965,0,0,0,0,0,0,0,0,0,1564771,1555943,1
D,79975,0,0,0,0,0,0,0,0,0,1564771,1555943,1
D,79985,0,0,0,0,0,0,0,0,0,1564771,1555943,1
D,79995,0,0,0,0,0,0,0,0,0,1564771,1555943,1
D,80005,0,0,0,0,0,0,0,0,0,1564771,1555943,1
D,80015,0,0,0,0,0,0,0,0,0,1564771,1555943,1
D,80025,0,0,0,0,0,0,0,0,0,1564771,1555943,1
D,80035,0,0,0,0,0,0,0,0,0,1564771,1555943,1
D,80045,0,0,0,0,0,0,0,0,0,1564771,1555943,1
D,80055,0,0,0,0,0,0,0,0,0,1564771,1555943,1
D,80065,0,0,0,0,0,0,0,0,0,1564771,1555943,1
D,80075,0,0,0,0,0,0,0,0,0,1564771,1555943,1
D,80085,0,0,0,0,0,0,0,0,0,1564771,1555943,1
D,80095,0,0,0,0,0,0,0,0,0,1564771,1555943,1
D,80105,0,0,0,0,0,0,0,0,0,1564771,1555943,1
D,80115,0,0,0,0,0,0,0,0,0,1564771,1555943,1
D,80125,0,0,0,0,0,0,0,0,0,1564771,1555943,1
D,80135,0,0,0,0,0,0,0,0,0,1564771,1555943,1
D,80145,0,0,0,0,0,0,0,0,0,1564771,1555943,1
D,80155,0,0,0,0,0,0,0,0,0,1564771,1555943,1
D,80165,0,0,0,0,0,0,0,0,0,1564771,1555943,1
D,80175,0,0,0,0,0,0,0,0,0,1564771,1555943,1
D,80185,0,0,0,0,0,0,0,0,0,1564771,1555943,1
D,80195,0,0,0,0,0,0,0,0,0,1564771,1555943,1
D,80205,0,0,0,0,0,0,0,0,0,1564771,1555943,1
D,80215,0,0,0,0,0,0,0,0,0,1564771,1555943,1
D,80225,0,0,0,0,0,0,0,0,0,1564771,1555943,1
D,80235,0,0,0,0,0,0,0,0,0,1564771,1555943,1
D,80245,0,0,0,0,0,0,0,0,0,1564771,1555943,1
D,80255,0,0,0,0,0,0,0,0,0,1564771,1555943,1
D,80265,0,0,0,0,0,0,0,0,0,1564771,1555943,1
D,80275,0,0,0,0,0,0,0,0,0,1564771,1555943,1
D,80285,0,0,0,0,0,0,0,0,0,1564771,1555943,1
D,80295,0,0,0,0,0,0,0,0,0,1564771,1555943,1
D,80305,0,0,0,0,0,0,0,0,0,1564771,1555943,1
D,80315,0,0,0,0,0,0,0,0,0,1564771,1555943,1
D,80325,0,0,0,0,0,0,0,0,0,1564771,1555943,1
D,80335,0,0,0,0,0,0,0,0,0,1564771,1555943,1
D,80345,0,0,0,0,0,0,0,0,0,1564771,1555943,1
D,80355,0,0,0,0,0,0,0,0,0,1564771,1555943,1
D,80365,0,0,0,0,0,0,0,0,0,1564771,1555943,1
D,80375,0,0,0,0,0,0,0,0,0,1564771,1555943,1
D,80385,0,0,0,0,0,0,0,0,0,1564771,1555943,1
D,80395,0,0,0,0,0,0,0,0,0,1564771,1555943,1
D,80405,0,0,0,0,0,0,0,0,0,1564771,1555943,1
D,80415,0,0,0,0,0,0,0,0,0,1564771,1555943,1
D,80425,0,0,0,0,0,0,0,0,0,1564771,1555943,1
D,80435,0,0,0,0,0,0,0,0,0,1564771,1555943,1
D,80445,0,0,0,0,0,0,0,0,0,1564771,1555943,1
D,80455,0,0,0,0,0,0,0,0,0,1564771,1555943,1
D,80465,0,0,0,0,0,0,0,0,0,1564771,1555943,1
D,80475,0,0,0,0,0,0,0,0,0,1564771,1555943,1
D,80485,0,0,0,0,0,0,0,0,0,1564771,1555943,1
D,80495,0,0,0,0,0,0,0,0,0,1564771,1555943,1
D,80505,0,0,0,0,0,0,0,0,0,1564771,1555943,1
D,80515,0,0,0,0,0,0,0,0,0,1564771,1555943,1
D,80525,0,0,0,0,0,0,0,0,0,1564771,1555943,1
D,80535,0,0,0,0,0,0,0,0,0,1564771,1555943,1
D,80545,0,0,0,0,0,0,0,0,0,1564771,1555943,1
D,80555,0,0,0,0,0,0,0,0,0,1564771,1555943,1
D,80565,0,0,0,0,0,0,0,0,0,1564771,1555943,1
D,80575,0,0,0,0,0,0,0,0,0,1564771,1555943,1
D,80585,0,0,0,0,0,0,0,0,0,1564771,1555943,1
D,80595,0,0,0,0,0,0,0,0,0,1564771,1555943,1
D,80605,0,0,0,0,0,0,0,0,0,1564771,1555943,1
D,80615,0,0,0,0,0,0,0,0,0,1564771,1555943,1
D,80625,0,0,0,0,0,0,0,0,0,1564771,1555943,1
D,80635,0,0,0,0,0,0,0,0,0,1564771,1555943,1
D,80645,0,0,0,0,0,0,0,0,0,1564771,1555943,1
D,80655,0,0,0,0,0,0,0,0,0,1564771,1555943,1
D,80665,0,0,0,0,0,0,0,0,0,1564771,1555943,1
D,80675,0,0,0,0,0,0,0,0,0,1564771,1555943,1
D,80685,0,0,0,0,0,0,0,0,0,1564771,1555943,1
D,80695,0,0,0,0,0,0,0,0,0,1564771,1555943,1
D,80705,0,0,0,0,0,0,0,0,0,1564771,1555943,1
D,80715,0,0,0,0,0,0,0,0,0,1564771,1555943,1
D,80725,0,0,0,0,0,0,0,0,-1,1564771,1555942,1
D,80735,0,0,0,0,0,0,0,0,0,1564771,1555942,1
D,80745,0,0,0,0,0,0,0,0,0,1564771,1555942,1
D,80755,0,0,0,0,0,0,0,0,0,1564771,1555942,1
D,80765,0,0,0,0,0,0,0,0,0,1564771,1555942,1
D,80775,0,0,0,0,0,0,0,0,0,1564771,1555942,1
D,80785,0,0,0,0,0,0,0,0,0,1564771,1555942,1
D,80795,0,0,0,0,0,0,0,0,0,1564771,1555942,1
D,80805,0,0,0,0,0,0,0,0,0,1564771,1555942,1
D,80815,0,0,0,0,0,0,0,0,0,1564771,1555942,1
D,80825,0,0,0,0,0,0,0,0,0,1564771,1555942,1
D,80835,0,0,0,0,0,0,0,0,0,1564771,1555942,1
D,80845,0,0,0,0,0,0,0,0,0,1564771,1555942,1
D,80855,0,0,0,0,0,0,0,0,0,1564771,1555942,1
D,80865,0,0,0,0,0,0,0,0,0,1564771,1555942,1
D,80875,0,0,0,0,0,0,0,0,0,1564771,1555942,1
D,80885,0,0,0,0,0,0,0,0,0,1564771,1555942,1
D,80895,0,0,0,0,0,0,0,0,0,1564771,1555942,1
D,80905,0,0,0,0,0,0,0,0,0,1564771,1555942,1
D,80915,0,0,0,0,0,0,0,0,0,1564771,1555942,1
D,80925,0,0,0,0,0,0,0,0,0,1564771,1555942,1
D,80935,0,0,0,0,0,0,0,0,0,1564771,1555942,1
D,80945,0,0,0,0,0,0,0,0,0,1564771,1555942,1
D,80955,0,0,0,0,0,0,0,0,-1,1564771,1555941,1
D,80965,0,0,0,0,0,0,0,0,0,1564771,1555941,1
D,80975,0,0,0,0,0,0,0,0,0,1564771,1555941,1
D,80985,0,0,0,0,0,0,0,0,-1,1564771,1555940,1
D,80995,0,0,0,0,0,0,0,0,0,1564771,1555940,1
D,81005,0,0,0,0,0,0,0,0,0,1564771,1555940,1
D,81015,0,0,0,0,0,0,0,0,-1,1564771,1555939,1
D,81025,0,0,0,0,0,0,0,0,-1,1564771,1555938,1
D,81035,0,0,0,0,0,0,0,0,-1,1564771,1555937,1
D,81045,0,0,0,0,0,0,0,0,-2,1564771,1555935,1
D,81055,0,0,0,0,0,0,0,0,-2,1564771,1555933,1
D,81065,0,0,0,0,0,0,0,0,0,1564771,1555933,1
D,81075,0,0,0,0,0,0,0,0,0,1564771,1555933,1
D,81085,0,0,0,0,0,0,0,0,0,1564771,1555933,1
D,81095,0,0,0,0,0,0,0,0,0,1564771,1555933,1
D,81105,0,0,0,0,0,0,0,0,-1,1564771,1555932,1
D,81115,0,0,0,0,0,0,0,0,0,1564771,1555932,1
D,81125,0,0,0,0,0,0,0,0,0,1564771,1555932,1
D,81135,0,0,0,0,0,0,0,0,0,1564771,1555932,1
D,81145,0,0,0,0,0,0,0,0,0,1564771,1555932,1
D,81155,0,0,0,0,0,0,0,0,0,1564771,1555932,1
D,81165,0,0,0,0,0,0,0,0,0,1564771,1555932,1
D,81175,0,0,0,0,0,0,0,0,0,1564771,1555932,1
D,81185,0,0,0,0,0,0,0,0,0,1564771,1555932,1
D,81195,0,0,0,0,0,0,0,0,0,1564771,1555932,1
D,81205,0,0,0,0,0,0,0,0,0,1564771,1555932,1
D,81215,0,0,0,0,0,0,0,0,0,1564771,1555932,1
D,81225,0,0,0,0,0,0,0,0,0,1564771,1555932,1
D,81235,0,0,0,0,0,0,0,0,0,1564771,1555932,1
D,81245,0,0,0,0,0,0,0,0,0,1564771,1555932,1
D,81255,0,0,0,0,0,0,0,0,0,1564771,1555932,1
D,81265,0,0,0,0,0,0,0,0,0,1564771,1555932,1
D,81275,0,0,0,0,0,0,0,0,0,1564771,1555932,1
D,81285,0,0,0,0,0,0,0,0,0,1564771,1555932,1
D,81295,0,0,0,0,0,0,0,0,0,1564771,1555932,1
D,81305,0,0,0,0,0,0,0,0,0,1564771,1555932,1
D,81315,0,0,0,0,0,0,0,0,0,1564771,1555932,1
D,81325,0,0,0,0,0,0,0,0,0,1564771,1555932,1
D,81335,0,0,0,0,0,0,0,0,0,1564771,1555932,1
D,81345,0,0,0,0,0,0,0,0,0,1564771,1555932,1
D,81355,0,0,0,0,0,0,0,0,0,1564771,1555932,1
D,81365,0,0,0,0,0,0,0,0,0,1564771,1555932,1
D,81375,0,0,0,0,0,0,0,0,0,1564771,1555932,1
D,81385,0,0,0,0,0,0,0,0,0,1564771,1555932,1
D,81395,0,0,0,0,0,0,0,0,0,1564771,1555932,1
D,81405,0,0,0,0,0,0,0,0,0,1564771,1555932,1
D,81415,0,0,0,0,0,0,0,0,0,1564771,1555932,1
D,81425,0,0,0,0,0,0,0,0,0,1564771,1555932,1
D,81435,0,0,0,0,0,0,0,0,0,1564771,1555932,1
D,81445,0,0,0,0,0,0,0,0,0,1564771,1555932,1
D,81455,0,0,0,0,0,0,0,0,0,1564771,1555932,1
D,81465,0,0,0,0,0,0,0,0,0,1564771,1555932,1
D,81475,0,0,0,0,0,0,0,0,0,1564771,1555932,1
D,81485,0,0,0,0,0,0,0,0,0,1564771,1555932,1
D,81495,0,0,0,0,0,0,0,0,0,1564771,1555932,1
D,81505,0,0,0,0,0,0,0,0,0,1564771,1555932,1
D,81515,0,0,0,0,0,0,0,0,0,1564771,1555932,1
D,81525,0,0,0,0,0,0,0,0,0,1564771,1555932,1
D,81535,0,0,0,0,0,0,0,0,0,1564771,1555932,1
D,81545,0,0,0,0,0,0,0,0,0,1564771,1555932,1
D,81555,0,0,0,0,0,0,0,0,0,1564771,1555932,1
D,81565,0,0,0,0,0,0,0,0,0,1564771,1555932,1
D,81575,0,0,0,0,0,0,0,0,0,1564771,1555932,1
D,81585,0,0,0,0,0,0,0,0,0,1564771,1555932,1
D,81595,0,0,0,0,0,0,0,0,0,1564771,1555932,1
D,81605,0,0,0,0,0,0,0,0,0,1564771,1555932,1
D,81615,0,0,0,0,0,0,0,0,0,1564771,1555932,1
D,81625,0,0,0,0,0,0,0,0,0,1564771,1555932,1
D,81635,0,0,0,0,0,0,0,0,0,1564771,1555932,1
D,81645,0,0,0,0,0,0,0,0,0,1564771,1555932,1
D,81655,0,0,0,0,0,0,0,0,0,1564771,1555932,1
D,81665,0,0,0,0,0,0,0,0,0,1564771,1555932,1
D,81675,0,0,0,0,0,0,0,0,0,1564771,1555932,1
D,81685,0,0,0,0,0,0,0,0,0,1564771,1555932,1
D,81695,0,0,0,0,0,0,0,0,0,1564771,1555932,1
D,81705,0,0,0,0,0,0,0,0,0,1564771,1555932,1
D,81715,0,0,0,0,0,0,0,0,0,1564771,1555932,1
D,81725,0,0,0,0,0,0,0,0,0,1564771,1555932,1
D,81735,0,0,0,0,0,0,0,0,0,1564771,1555932,1
D,81745,0,0,0,0,0,0,0,0,0,1564771,1555932,1
D,81755,0,0,0,0,0,0,0,0,0,1564771,1555932,1
D,81765,0,0,0,0,0,0,0,0,0,1564771,1555932,1
D,81775,0,0,0,0,0,0,0,0,0,1564771,1555932,1
D,81785,0,0,0,0,0,0,0,0,0,1564771,1555932,1
D,81795,0,0,0,0,0,0,0,0,0,1564771,1555932,1
D,81805,0,0,0,0,0,0,0,0,0,1564771,1555932,1
D,81815,0,0,0,0,0,0,0,0,0,1564771,1555932,1
D,81825,0,0,0,0,0,0,0,0,0,1564771,1555932,1
D,81835,0,0,0,0,0,0,0,0,0,1564771,1555932,1
D,81845,0,0,0,0,0,0,0,0,0,1564771,1555932,1
D,81855,0,0,0,0,0,0,0,0,0,1564771,1555932,1
D,81865,0,0,0,0,0,0,0,0,0,1564771,1555932,1
D,81875,0,0,0,0,0,0,0,0,0,1564771,1555932,1
D,81885,0,0,0,0,0,0,0,0,0,1564771,1555932,1
D,81895,0,0,0,0,0,0,0,0,0,1564771,1555932,1
D,81905,0,0,0,0,0,0,0,0,0,1564771,1555932,1
D,81915,0,0,0,0,0,0,0,0,0,1564771,1555932,1
D,81925,0,0,0,0,0,0,0,0,0,1564771,1555932,1
D,81935,0,0,0,0,0,0,0,0,0,1564771,1555932,1
D,81945,0,0,0,0,0,0,0,0,0,1564771,1555932,1
D,81955,0,0,0,0,0,0,0,0,0,1564771,1555932,1
D,81965,0,0,0,0,0,0,0,0,0,1564771,1555932,1
D,81975,0,0,0,0,0,0,0,0,0,1564771,1555932,1
D,81985,0,0,0,0,0,0,0,0,0,1564771,1555932,1
D,81995,0,0,0,0,0,0,0,0,0,1564771,1555932,1
D,82005,0,0,0,0,0,0,0,0,0,1564771,1555932,1
D,82015,0,0,0,0,0,0,0,0,0,1564771,1555932,1
D,82025,0,0,0,0,0,0,0,0,0,1564771,1555932,1
D,82035,0,0,0,0,0,0,0,0,0,1564771,1555932,1
D,82045,0,0,0,0,0,0,0,0,0,1564771,1555932,1
D,82055,0,0,0,0,0,0,0,0,0,1564771,1555932,1
D,82065,0,0,0,0,0,0,0,0,0,1564771,1555932,1
D,82075,0,0,0,0,0,0,0,0,0,1564771,1555932,1
D,82085,0,0,0,0,0,0,0,0,0,1564771,1555932,1
D,82095,0,0,0,0,0,0,0,0,0,1564771,1555932,1
D,82105,0,0,0,0,0,0,0,0,0,1564771,1555932,1
D,82115,0,0,0,0,0,0,0,0,0,1564771,1555932,1
D,82125,0,0,0,0,0,0,0,0,0,1564771,1555932,1
D,82135,0,0,0,0,0,0,0,0,0,1564771,1555932,1
D,82145,0,0,0,0,0,0,0,0,0,1564771,1555932,1
D,82155,0,0,0,0,0,0,0,0,0,1564771,1555932,1
D,82165,0,0,0,0,0,0,0,0,0,1564771,1555932,1
D,82175,0,0,0,0,0,0,0,0,0,1564771,1555932,1
D,82185,0,0,0,0,0,0,0,0,0,1564771,1555932,1
D,82195,0,0,0,0,0,0,0,0,0,1564771,1555932,1
D,82205,0,0,0,0,0,0,0,0,0,1564771,1555932,1
D,82215,0,0,0,0,0,0,0,0,0,1564771,1555932,1
D,82225,0,0,0,0,0,0,0,0,0,1564771,1555932,1
D,82235,0,0,0,0,0,0,0,0,0,1564771,1555932,1
D,82245,0,0,0,0,0,0,0,0,0,1564771,1555932,1
D,82255,0,0,0,0,0,0,0,0,0,1564771,1555932,1
D,82265,0,0,0,0,0,0,0,0,0,1564771,1555932,1
D,82275,0,0,0,0,0,0,0,0,0,1564771,1555932,1
D,82285,0,0,0,0,0,0,0,0,0,1564771,1555932,1
D,82295,0,0,0,0,0,0,0,0,0,1564771,1555932,1
D,82305,0,0,0,0,0,0,0,0,0,1564771,1555932,1
D,82315,0,0,0,0,0,0,0,0,0,1564771,1555932,1
D,82325,0,0,0,0,0,0,0,0,0,1564771,1555932,1
D,82335,0,0,0,0,0,0,0,0,0,1564771,1555932,1
D,82345,0,0,0,0,0,0,0,0,0,1564771,1555932,1
D,82355,0,0,0,0,0,0,0,0,0,1564771,1555932,1
D,82365,0,0,0,0,0,0,0,0,0,1564771,1555932,1
D,82375,0,0,0,0,0,0,0,0,0,1564771,1555932,1
D,82385,0,0,0,0,0,0,0,0,0,1564771,1555932,1
D,82395,0,0,0,0,0,0,0,0,0,1564771,1555932,1
D,82405,0,0,0,0,0,0,0,0,0,1564771,1555932,1
D,82415,0,0,0,0,0,0,0,0,0,1564771,1555932,1
D,82425,0,0,0,0,0,0,0,0,0,1564771,1555932,1
D,82435,0,0,0,0,0,0,0,0,0,1564771,1555932,1
D,82445,0,0,0,0,0,0,0,0,1,1564771,1555933,1
D,82455,0,0,0,0,0,0,0,0,0,1564771,1555933,1
D,82465,0,0,0,0,0,0,0,-1,0,1564770,1555933,1
D,82475,0,0,0,0,0,0,0,-2,0,1564768,1555933,1
D,82485,0,0,0,-1,0,0,0,-4,0,1564764,1555933,1
D,82495,0,0,0,-2,0,0,0,-7,0,1564757,1555933,1
D,82505,0,0,0,-3,0,0,0,-11,0,1564746,1555933,1
D,82515,0,0,0,-4,0,0,0,-12,0,1564734,1555933,1
D,82525,0,0,0,-3,0,0,0,-9,0,1564725,1555933,1
D,82535,0,0,0,0,0,0,0,0,0,1564725,1555933,1
D,82545,0,0,0,0,0,0,0,0,0,1564725,1555933,1
D,82555,0,0,0,0,0,0,0,0,0,1564725,1555933,1
D,82565,0,0,0,0,0,0,0,0,0,1564725,1555933,1
D,82575,0,0,0,0,0,0,0,0,0,1564725,1555933,1
D,82585,0,0,0,0,0,0,0,0,0,1564725,1555933,1
D,82595,0,0,0,0,0,0,0,0,0,1564725,1555933,1
D,82605,0,0,0,0,0,0,0,0,0,1564725,1555933,1
D,82615,0,0,0,0,0,0,0,0,0,1564725,1555933,1
D,82625,0,0,0,0,0,0,0,0,0,1564725,1555933,1
D,82635,0,0,0,0,0,0,0,0,0,1564725,1555933,1
D,82645,0,0,0,0,0,0,0,0,0,1564725,1555933,1
D,82655,0,0,0,0,0,0,0,0,0,1564725,1555933,1
D,82665,0,0,0,0,0,0,0,0,0,1564725,1555933,1
D,82675,0,0,0,0,0,0,0,0,0,1564725,1555933,1
D,82685,0,0,0,0,0,0,0,0,0,1564725,1555933,1
D,82695,0,0,0,0,0,0,0,0,0,1564725,1555933,1
D,82705,0,0,0,0,0,0,0,0,0,1564725,1555933,1
D,82715,0,0,0,0,0,0,0,0,0,1564725,1555933,1
D,82725,0,0,0,0,0,0,0,0,0,1564725,1555933,1
D,82735,0,0,0,0,0,0,0,0,0,1564725,1555933,1
D,82745,0,0,0,0,0,0,0,0,0,1564725,1555933,1
D,82755,0,0,0,0,0,0,0,0,0,1564725,1555933,1
D,82765,0,0,0,0,0,0,0,0,0,1564725,1555933,1
D,82775,0,0,0,0,0,0,0,0,0,1564725,1555933,1
D,82785,0,0,0,0,0,0,0,0,0,1564725,1555933,1
D,82795,0,0,0,0,0,0,0,0,0,1564725,1555933,1
D,82805,0,0,0,0,0,0,0,0,0,1564725,1555933,1
D,82815,0,0,0,0,0,0,0,0,0,1564725,1555933,1
D,82825,0,0,0,0,0,0,0,0,0,1564725,1555933,1
D,82835,0,0,0,0,0,0,0,0,0,1564725,1555933,1
D,82845,0,0,0,0,0,0,0,0,0,1564725,1555933,1
D,82855,0,0,0,0,0,0,0,0,0,1564725,1555933,1
D,82865,0,0,0,0,0,0,0,0,0,1564725,1555933,1
D,82875,0,0,0,0,0,0,0,0,0,1564725,1555933,1
D,82885,0,0,0,0,0,0,0,0,0,1564725,1555933,1
D,82895,0,0,0,0,0,0,0,0,0,1564725,1555933,1
D,82905,0,0,0,0,0,0,0,0,0,1564725,1555933,1
D,82915,0,0,0,0,0,0,0,0,0,1564725,1555933,1
D,82925,0,0,0,0,0,0,0,0,0,1564725,1555933,1
D,82935,0,0,0,0,0,0,0,0,0,1564725,1555933,1
D,82945,0,0,0,0,0,0,0,0,0,1564725,1555933,1
D,82955,0,0,0,0,0,0,0,0,0,1564725,1555933,1
D,82965,0,0,0,0,0,0,0,0,0,1564725,1555933,1
D,82975,0,0,0,0,0,0,0,0,0,1564725,1555933,1
D,82985,0,0,0,0,0,0,0,0,0,1564725,1555933,1
D,82995,0,0,0,0,0,0,0,0,0,1564725,1555933,1
D,83005,0,0,0,0,0,0,0,0,0,1564725,1555933,1
D,83015,0,0,0,0,0,0,0,0,0,1564725,1555933,1
D,83025,0,0,0,0,0,0,0,0,0,1564725,1555933,1
D,83035,0,0,0,0,0,0,0,0,0,1564725,1555933,1
D,83045,0,0,0,0,0,0,0,0,0,1564725,1555933,1
D,83055,0,0,0,-1,0,0,0,-3,0,1564722,1555933,1
D,83065,0,0,0,-1,0,0,0,-5,0,1564717,1555933,1
D,83075,0,0,0,-4,0,0,0,-12,0,1564705,1555933,1
D,83085,0,0,0,-8,0,0,0,-24,0,1564681,1555933,1
D,83095,0,0,0,-15,0,0,0,-47,0,1564634,1555933,1
D,83105,0,0,0,-31,0,0,0,-93,0,1564541,1555933,1
D,83115,0,0,0,-43,0,0,0,-129,0,1564412,1555933,1
D,83125,0,0,0,-48,0,0,0,-142,0,1564270,1555933,1
D,83135,0,0,0,-60,0,0,0,-179,0,1564091,1555933,1
D,83145,0,0,0,-65,0,0,0,-193,0,1563898,1555933,1
D,83155,0,0,0,-74,0,0,0,-219,0,1563679,1555933,1
D,83165,0,0,0,-77,0,0,0,-228,0,1563451,1555933,1
D,83175,0,0,0,-77,0,0,0,-228,0,1563223,1555933,1
D,83185,0,0,0,-80,0,0,0,-236,0,1562987,1555933,1
D,83195,0,0,0,-81,0,0,0,-240,0,1562747,1555933,1
D,83205,0,0,0,-79,0,0,0,-234,0,1562513,1555933,1
D,83215,0,0,0,-77,0,0,0,-227,0,1562286,1555933,1
D,83225,0,0,0,-78,0,0,0,-230,0,1562056,1555933,1
D,83235,0,0,0,-76,0,0,0,-226,0,1561830,1555933,1
D,83245,0,0,0,-76,0,0,0,-225,0,1561605,1555933,1
D,83255,0,0,0,-74,0,0,0,-219,0,1561386,1555933,1
D,83265,0,0,0,-70,0,0,0,-206,0,1561180,1555933,1
D,83275,0,0,0,-67,0,0,0,-199,0,1560981,1555933,1
D,83285,0,0,0,-65,0,0,0,-192,0,1560789,1555933,1
D,83295,0,0,0,-59,0,0,0,-175,0,1560614,1555933,1
D,83305,0,0,0,-56,0,0,0,-167,0,1560447,1555933,1
D,83315,0,0,0,-48,0,0,0,-142,0,1560305,1555933,1
D,83325,0,0,0,-46,0,0,0,-137,0,1560168,1555933,1
D,83335,0,0,0,-43,0,0,0,-127,0,1560041,1555933,1
D,83345,0,0,0,-34,0,0,0,-102,0,1559939,1555933,1
D,83355,0,0,0,-37,0,0,0,-109,0,1559830,1555933,1
D,83365,0,0,0,-32,0,0,0,-96,0,1559734,1555933,1
D,83375,0,0,0,-22,0,0,0,-67,0,1559667,1555933,1
D,83385,0,0,0,-19,0,0,0,-57,0,1559610,1555933,1
D,83395,0,0,0,-23,0,0,0,-69,0,1559541,1555933,1
D,83405,0,0,0,-24,0,0,0,-72,0,1559469,1555933,1
D,83415,0,0,0,-18,0,0,0,-53,0,1559416,1555933,1
D,83425,0,0,0,-7,0,0,0,-22,0,1559394,1555933,1
D,83435,0,0,0,1,0,0,0,3,0,1559397,1555933,1
D,83445,0,0,0,3,0,0,0,9,0,1559406,1555933,1
D,83455,0,0,0,1,0,0,0,5,0,1559411,1555933,1
D,83465,0,0,0,0,0,0,0,2,0,1559413,1555933,1
D,83475,0,0,0,0,0,0,0,1,0,1559414,1555933,1
D,83485,0,0,0,0,0,0,0,1,0,1559415,1555933,1
D,83495,0,0,0,0,0,0,0,1,0,1559416,1555933,1
D,83505,0,0,0,0,0,0,0,0,0,1559416,1555933,1
D,83515,0,0,0,0,0,0,0,0,0,1559416,1555933,1
D,83525,0,0,0,0,0,0,0,0,0,1559416,1555933,1
D,83535,0,0,0,0,0,0,0,0,0,1559416,1555933,1
D,83545,0,0,0,0,0,0,0,0,0,1559416,1555933,1
D,83555,0,0,0,0,0,0,0,0,0,1559416,1555933,1
D,83565,0,0,0,0,0,0,0,0,0,1559416,1555933,1
D,83575,0,0,0,0,0,0,0,0,0,1559416,1555933,1
D,83585,0,0,0,0,0,0,0,2,0,1559418,1555933,1
D,83595,0,0,0,1,0,0,0,5,0,1559423,1555933,1
D,83605,0,0,0,3,0,0,0,11,0,1559434,1555933,1
D,83615,0,0,0,5,0,0,0,16,0,1559450,1555933,1
D,83625,0,0,0,6,0,0,0,18,0,1559468,1555933,1
D,83635,0,0,0,4,0,0,0,13,0,1559481,1555933,1
D,83645,0,0,0,1,0,0,0,5,0,1559486,1555933,1
D,83655,0,0,0,0,0,0,0,0,0,1559486,1555933,1
D,83665,0,0,0,0,0,0,0,0,0,1559486,1555933,1
D,83675,0,0,0,0,0,0,0,0,0,1559486,1555933,1
D,83685,0,0,0,0,0,0,0,0,0,1559486,1555933,1
D,83695,0,0,0,0,0,0,0,0,0,1559486,1555933,1
D,83705,0,0,0,0,0,0,0,0,0,1559486,1555933,1
D,83715,0,0,0,0,0,0,0,0,0,1559486,1555933,1
D,83725,0,0,0,0,0,0,0,0,0,1559486,1555933,1
D,83735,0,0,0,0,0,0,0,0,0,1559486,1555933,1
D,83745,0,0,0,0,0,0,0,0,0,1559486,1555933,1
D,83755,0,0,0,0,0,0,0,0,0,1559486,1555933,1
D,83765,0,0,0,0,0,0,0,0,0,1559486,1555933,1
D,83775,0,0,0,0,0,0,0,0,0,1559486,1555933,1
D,83785,0,0,0,0,0,0,0,0,0,1559486,1555933,1
D,83795,0,0,0,0,0,0,0,0,0,1559486,1555933,1
D,83805,0,0,0,0,0,0,0,0,0,1559486,1555933,1
D,83815,0,0,0,0,0,0,0,0,0,1559486,1555933,1
D,83825,0,0,0,0,0,0,0,0,0,1559486,1555933,1
D,83835,0,0,0,0,0,0,0,0,0,1559486,1555933,1
D,83845,0,0,0,0,0,0,0,0,0,1559486,1555933,1
D,83855,0,0,0,0,0,0,0,0,0,1559486,1555933,1
D,83865,0,0,0,0,0,0,0,0,0,1559486,1555933,1
D,83875,0,0,0,0,0,0,0,0,0,1559486,1555933,1
D,83885,0,0,0,0,0,0,0,0,0,1559486,1555933,1
D,83895,0,0,0,0,0,0,0,0,0,1559486,1555933,1
D,83905,0,0,0,0,0,0,0,0,0,1559486,1555933,1
D,83915,0,0,0,0,0,0,0,0,0,1559486,1555933,1
D,83925,0,0,0,0,0,0,0,0,0,1559486,1555933,1
D,83935,0,0,0,0,0,0,0,0,0,1559486,1555933,1
D,83945,0,0,0,0,0,0,0,0,0,1559486,1555933,1
D,83955,0,0,0,0,0,0,0,0,0,1559486,1555933,1
D,83965,0,0,0,0,0,0,0,0,0,1559486,1555933,1
D,83975,0,0,0,0,0,0,0,0,0,1559486,1555933,1
D,83985,0,0,0,0,0,0,0,0,0,1559486,1555933,1
D,83995,0,0,0,0,0,0,0,0,0,1559486,1555933,1
D,84005,0,0,0,0,0,0,0,0,0,1559486,1555933,1
D,84015,0,0,0,0,0,0,0,0,0,1559486,1555933,1
D,84025,0,0,0,0,0,0,0,0,0,1559486,1555933,1
D,84035,0,0,0,0,0,0,0,0,0,1559486,1555933,1
D,84045,0,0,0,0,0,0,0,0,0,1559486,1555933,1
D,84055,0,0,0,0,0,0,0,0,0,1559486,1555933,1
D,84065,0,0,0,0,0,0,0,0,0,1559486,1555933,1
D,84075,0,0,0,0,0,0,0,0,0,1559486,1555933,1
D,84085,0,0,0,0,0,0,0,0,0,1559486,1555933,1
D,84095,0,0,0,0,0,0,0,0,0,1559486,1555933,1
D,84105,0,0,0,0,0,0,0,0,0,1559486,1555933,1
D,84115,0,0,0,0,0,0,0,0,0,1559486,1555933,1
D,84125,0,0,0,0,0,0,0,0,0,1559486,1555933,1
D,84135,0,0,0,0,0,0,0,0,0,1559486,1555933,1
D,84145,0,0,0,0,0,0,0,0,0,1559486,1555933,1
D,84155,0,0,0,0,0,0,0,0,0,1559486,1555933,1
D,84165,0,0,0,0,0,0,0,0,0,1559486,1555933,1
D,84175,0,0,0,0,0,0,0,0,0,1559486,1555933,1
D,84185,0,0,0,0,0,0,0,0,0,1559486,1555933,1
D,84195,0,0,0,0,0,0,0,0,0,1559486,1555933,1
D,84205,0,0,0,0,0,0,0,0,0,1559486,1555933,1
D,84215,0,0,0,0,0,0,0,0,0,1559486,1555933,1
D,84225,0,0,0,0,0,0,0,0,0,1559486,1555933,1
D,84235,0,0,0,0,0,0,0,0,0,1559486,1555933,1
D,84245,0,0,0,0,0,0,0,0,0,1559486,1555933,1
D,84255,0,0,0,0,0,0,0,0,0,1559486,1555933,1
D,84265,0,0,0,0,0,0,0,0,0,1559486,1555933,1
D,84275,0,0,0,0,0,0,0,0,0,1559486,1555933,1
D,84285,0,0,0,0,0,0,0,0,0,1559486,1555933,1
D,84295,0,0,0,0,0,0,0,0,0,1559486,1555933,1
D,84305,0,0,0,0,0,0,0,0,0,1559486,1555933,1
D,84315,0,0,0,0,0,0,0,0,0,1559486,1555933,1
D,84325,0,0,0,0,0,0,0,0,0,1559486,1555933,1
D,84335,0,0,0,0,0,0,0,0,0,1559486,1555933,1
D,84345,0,0,0,0,0,0,0,0,0,1559486,1555933,1
D,84355,0,0,0,0,0,0,0,0,0,1559486,1555933,1
D,84365,0,0,0,0,0,0,0,0,0,1559486,1555933,1
D,84375,0,0,0,0,0,0,0,0,0,1559486,1555933,1
D,84385,0,0,0,0,0,0,0,0,0,1559486,1555933,1
D,84395,0,0,0,0,0,0,0,0,0,1559486,1555933,1
D,84405,0,0,0,0,0,0,0,0,0,1559486,1555933,1
D,84415,0,0,0,0,0,0,0,0,0,1559486,1555933,1
D,84425,0,0,0,0,0,0,0,0,0,1559486,1555933,1
D,84435,0,0,0,0,0,0,0,0,0,1559486,1555933,1
D,84445,0,0,0,0,0,0,0,0,0,1559486,1555933,1
D,84455,0,0,0,0,0,0,0,0,0,1559486,1555933,1
D,84465,0,0,0,0,0,0,0,0,0,1559486,1555933,1
D,84475,0,0,0,0,0,0,0,0,0,1559486,1555933,1
D,84485,0,0,0,0,0,0,0,0,0,1559486,1555933,1
D,84495,0,0,0,0,0,0,0,0,0,1559486,1555933,1
D,84505,0,0,0,0,0,0,0,0,0,1559486,1555933,1
D,84515,0,0,0,0,0,0,0,0,0,1559486,1555933,1
D,84525,0,0,0,0,0,0,0,0,0,1559486,1555933,1
D,84535,0,0,0,0,0,0,0,0,0,1559486,1555933,1
D,84545,0,0,0,0,0,0,0,0,0,1559486,1555933,1
D,84555,0,0,0,0,0,0,0,0,0,1559486,1555933,1
D,84565,0,0,0,0,0,0,0,0,0,1559486,1555933,1
D,84575,0,0,0,0,0,0,0,0,0,1559486,1555933,1
D,84585,0,0,0,0,0,0,0,0,0,1559486,1555933,1
D,84595,0,0,0,0,0,0,0,0,0,1559486,1555933,1
D,84605,0,0,0,0,0,0,0,0,0,1559486,1555933,1
D,84615,0,0,0,0,0,0,0,0,0,1559486,1555933,1
D,84625,0,0,0,0,0,0,0,0,0,1559486,1555933,1
D,84635,0,0,0,0,0,0,0,0,0,1559486,1555933,1
D,84645,0,0,0,0,0,0,0,0,0,1559486,1555933,1
D,84655,0,0,0,0,0,0,0,0,0,1559486,1555933,1
D,84665,0,0,0,0,0,0,0,0,0,1559486,1555933,1
D,84675,0,0,0,0,0,0,0,0,0,1559486,1555933,1
D,84685,0,0,0,0,0,0,0,0,0,1559486,1555933,1
D,84695,0,0,0,0,0,0,0,0,0,1559486,1555933,1
D,84705,0,0,0,0,0,0,0,0,0,1559486,1555933,1
D,84715,0,0,0,0,0,0,0,0,0,1559486,1555933,1
D,84725,0,0,0,0,0,0,0,0,0,1559486,1555933,1
D,84735,0,0,0,0,0,0,0,0,0,1559486,1555933,1
D,84745,0,0,0,0,0,0,0,0,0,1559486,1555933,1
D,84755,0,0,0,0,0,0,0,0,0,1559486,1555933,1
D,84765,0,0,0,0,0,0,0,0,0,1559486,1555933,1
D,84775,0,0,0,0,0,0,0,0,0,1559486,1555933,1
D,84785,0,0,0,0,0,0,0,0,0,1559486,1555933,1
D,84795,0,0,0,0,0,0,0,0,0,1559486,1555933,1
D,84805,0,0,0,0,0,0,0,0,0,1559486,1555933,1
D,84815,0,0,0,0,0,0,0,0,0,1559486,1555933,1
D,84825,0,0,0,0,0,0,0,0,0,1559486,1555933,1
D,84835,0,0,0,0,0,0,0,0,0,1559486,1555933,1
D,84845,0,0,0,0,0,0,0,0,0,1559486,1555933,1
D,84855,0,0,0,0,0,0,0,0,0,1559486,1555933,1
D,84865,0,0,0,0,0,0,0,0,0,1559486,1555933,1
D,84875,0,0,0,0,0,0,0,0,0,1559486,1555933,1
D,84885,0,0,0,0,0,0,0,0,0,1559486,1555933,1
D,84895,0,0,0,0,0,0,0,0,0,1559486,1555933,1
D,84905,0,0,0,0,0,0,0,0,0,1559486,1555933,1
D,84915,0,0,0,0,0,0,0,0,0,1559486,1555933,1
D,84925,0,0,0,0,0,0,0,0,0,1559486,1555933,1
D,84935,0,0,0,0,0,0,0,0,0,1559486,1555933,1
D,84945,0,0,0,0,0,0,0,0,0,1559486,1555933,1
D,84955,0,0,0,0,0,0,0,0,0,1559486,1555933,1
D,84965,0,0,0,0,0,0,0,0,0,1559486,1555933,1
D,84975,0,0,0,0,0,0,0,0,0,1559486,1555933,1
D,84985,0,0,0,0,0,0,0,0,0,1559486,1555933,1
D,84995,0,0,0,0,0,0,0,0,0,1559486,1555933,1
D,85005,0,0,0,0,0,0,0,0,0,1559486,1555933,1
D,85015,0,0,0,0,0,0,0,0,0,1559486,1555933,1
D,85025,0,0,0,0,0,0,0,0,0,1559486,1555933,1
D,85035,0,0,0,0,0,0,0,0,0,1559486,1555933,1
D,85045,0,0,0,0,0,0,0,0,0,1559486,1555933,1
D,85055,0,0,0,0,0,0,0,0,0,1559486,1555933,1
D,85065,0,0,0,0,0,0,0,0,0,1559486,1555933,1
D,85075,0,0,0,0,0,0,0,0,0,1559486,1555933,1
D,85085,0,0,0,0,0,0,0,0,0,1559486,1555933,1
D,85095,0,0,0,0,0,0,0,0,0,1559486,1555933,1
D,85105,0,0,0,0,0,0,0,0,0,1559486,1555933,1
D,85115,0,0,0,0,0,0,0,0,0,1559486,1555933,1
D,85125,0,0,0,0,0,0,0,0,0,1559486,1555933,1
D,85135,0,0,0,0,0,0,0,0,0,1559486,1555933,1
D,85145,0,0,0,0,0,0,0,0,0,1559486,1555933,1
D,85155,0,0,0,0,0,0,0,0,0,1559486,1555933,1
D,85165,0,0,0,0,0,0,0,0,0,1559486,1555933,1
D,85175,0,0,0,0,0,0,0,0,0,1559486,1555933,1
D,85185,0,0,0,0,0,0,0,0,0,1559486,1555933,1
D,85195,0,0,0,0,0,0,0,0,0,1559486,1555933,1
D,85205,0,0,0,0,0,0,0,0,0,1559486,1555933,1
D,85215,0,0,0,0,0,0,0,0,0,1559486,1555933,1
D,85225,0,0,0,0,0,0,0,0,0,1559486,1555933,1
D,85235,0,0,0,0,0,0,0,0,0,1559486,1555933,1
D,85245,0,0,0,0,0,0,0,0,0,1559486,1555933,1
D,85255,0,0,0,0,0,0,0,0,0,1559486,1555933,1
D,85265,0,0,0,0,0,0,0,0,0,1559486,1555933,1
D,85275,0,0,0,0,0,0,0,0,0,1559486,1555933,1
D,85285,0,0,0,0,0,0,0,0,0,1559486,1555933,1
D,85295,0,0,0,0,0,0,0,0,0,1559486,1555933,1
D,85305,0,0,0,0,0,0,0,0,0,1559486,1555933,1
D,85315,0,0,0,0,0,0,0,0,0,1559486,1555933,1
D,85325,0,0,0,0,0,0,0,0,0,1559486,1555933,1
D,85335,0,0,0,0,0,0,0,0,0,1559486,1555933,1
D,85345,0,0,0,0,0,0,0,0,0,1559486,1555933,1
D,85355,0,0,0,0,0,0,0,0,0,1559486,1555933,1
D,85365,0,0,0,0,0,0,0,0,0,1559486,1555933,1
D,85375,0,0,0,0,0,0,0,0,0,1559486,1555933,1
D,85385,0,0,0,0,0,0,0,0,0,1559486,1555933,1
D,85395,0,0,0,0,0,0,0,0,0,1559486,1555933,1
D,85405,0,0,0,0,0,0,0,0,0,1559486,1555933,1
D,85415,0,0,0,0,0,0,0,0,0,1559486,1555933,1
D,85425,0,0,0,0,0,0,0,0,0,1559486,1555933,1
D,85435,0,0,0,0,0,0,0,0,0,1559486,1555933,1
D,85445,0,0,0,0,0,0,0,0,0,1559486,1555933,1
D,85455,0,0,0,0,0,0,0,0,0,1559486,1555933,1
D,85465,0,0,0,0,0,0,0,0,0,1559486,1555933,1
D,85475,0,0,0,0,0,0,0,0,0,1559486,1555933,1
D,85485,0,0,0,0,0,0,0,0,0,1559486,1555933,1
D,85495,0,0,0,0,0,0,0,0,0,1559486,1555933,1
D,85505,0,0,0,0,0,0,0,0,0,1559486,1555933,1
D,85515,0,0,0,0,0,0,0,0,0,1559486,1555933,1
D,85525,0,0,0,0,0,0,0,0,0,1559486,1555933,1
D,85535,0,0,0,0,0,0,0,0,0,1559486,1555933,1
D,85545,0,0,0,0,0,0,0,0,0,1559486,1555933,1
D,85555,0,0,0,0,0,0,0,0,0,1559486,1555933,1
D,85565,0,0,0,0,0,0,0,0,0,1559486,1555933,1
D,85575,0,0,0,0,0,0,0,0,0,1559486,1555933,1
D,85585,0,0,0,0,0,0,0,0,0,1559486,1555933,1
D,85595,0,0,0,0,0,0,0,0,0,1559486,1555933,1
D,85605,0,0,0,0,0,0,0,0,0,1559486,1555933,1
D,85615,0,0,0,0,0,0,0,0,0,1559486,1555933,1
D,85625,0,0,0,0,0,0,0,0,0,1559486,1555933,1
D,85635,0,0,0,0,0,0,0,0,0,1559486,1555933,1
D,85645,0,0,0,0,0,0,0,0,0,1559486,1555933,1
D,85655,0,0,0,0,0,0,0,0,0,1559486,1555933,1
D,85665,0,0,0,0,0,0,0,0,0,1559486,1555933,1
D,85675,0,0,0,0,0,0,0,0,0,1559486,1555933,1
D,85685,0,0,0,0,0,0,0,0,0,1559486,1555933,1
D,85695,0,0,0,0,0,0,0,0,0,1559486,1555933,1
D,85705,0,0,0,0,0,0,0,0,0,1559486,1555933,1
D,85715,0,0,0,0,0,0,0,0,0,1559486,1555933,1
D,85725,0,0,0,0,0,0,0,0,0,1559486,1555933,1
D,85735,0,0,0,0,0,0,0,0,0,1559486,1555933,1
D,85745,0,0,0,0,0,0,0,0,0,1559486,1555933,1
D,85755,0,0,0,0,0,0,0,0,0,1559486,1555933,1
D,85765,0,0,0,0,0,0,0,0,0,1559486,1555933,1
D,85775,0,0,0,0,0,0,0,0,0,1559486,1555933,1
D,85785,0,0,0,0,0,0,0,0,0,1559486,1555933,1
D,85795,0,0,0,0,0,0,0,0,0,1559486,1555933,1
D,85805,0,0,0,0,0,0,0,0,0,1559486,1555933,1
D,85815,0,0,0,0,0,0,0,0,0,1559486,1555933,1
D,85825,0,0,0,0,0,0,0,0,0,1559486,1555933,1
D,85835,0,0,0,0,0,0,0,0,0,1559486,1555933,1
D,85845,0,0,0,0,0,0,0,0,0,1559486,1555933,1
D,85855,0,0,0,0,0,0,0,0,0,1559486,1555933,1
D,85865,0,0,0,0,0,0,0,0,0,1559486,1555933,1
D,85875,0,0,0,0,0,0,0,0,0,1559486,1555933,1
D,85885,0,0,0,0,0,0,0,0,0,1559486,1555933,1
D,85895,0,0,0,0,0,0,0,0,0,1559486,1555933,1
D,85905,0,0,0,0,0,0,0,0,0,1559486,1555933,1
D,85915,0,0,0,0,0,0,0,0,0,1559486,1555933,1
D,85925,0,0,0,0,0,0,0,0,0,1559486,1555933,1
D,85935,0,0,0,0,0,0,0,0,0,1559486,1555933,1
D,85945,0,0,0,0,0,0,0,0,0,1559486,1555933,1
D,85955,0,0,0,0,0,0,0,0,0,1559486,1555933,1
D,85965,0,0,0,0,0,0,0,0,0,1559486,1555933,1
D,85975,0,0,0,0,0,0,0,0,0,1559486,1555933,1
D,85985,0,0,0,0,0,0,0,0,0,1559486,1555933,1
D,85995,0,0,0,0,0,0,0,0,0,1559486,1555933,1
D,86005,0,0,0,0,0,0,0,0,0,1559486,1555933,1
D,86015,0,0,0,0,0,0,0,0,0,1559486,1555933,1
D,86025,0,0,0,0,0,0,0,0,0,1559486,1555933,1
D,86035,0,0,0,0,0,0,0,0,0,1559486,1555933,1
D,86045,0,0,0,0,0,0,0,0,0,1559486,1555933,1
D,86055,0,0,0,0,0,0,0,0,0,1559486,1555933,1
D,86065,0,0,0,0,0,0,0,0,0,1559486,1555933,1
D,86075,0,0,0,0,0,0,0,0,0,1559486,1555933,1
D,86085,0,0,0,0,0,0,0,0,0,1559486,1555933,1
D,86095,0,0,0,0,0,0,0,0,0,1559486,1555933,1
D,86105,0,0,0,0,0,0,0,0,0,1559486,1555933,1
D,86115,0,0,0,0,0,0,0,0,0,1559486,1555933,1
D,86125,0,0,0,0,0,0,0,0,0,1559486,1555933,1
D,86135,0,0,0,0,0,0,0,0,0,1559486,1555933,1
D,86145,0,0,0,0,0,0,0,0,0,1559486,1555933,1
D,86155,0,0,0,0,0,0,0,0,0,1559486,1555933,1
D,86165,0,0,0,0,0,0,0,0,0,1559486,1555933,1
D,86175,0,0,0,0,0,0,0,0,0,1559486,1555933,1
D,86185,0,0,0,0,0,0,0,0,0,1559486,1555933,1
D,86195,0,0,0,0,0,0,0,0,0,1559486,1555933,1
D,86205,0,0,0,0,0,0,0,0,0,1559486,1555933,1
D,86215,0,0,0,0,0,0,0,0,0,1559486,1555933,1
D,86225,0,0,0,0,0,0,0,0,0,1559486,1555933,1
D,86235,0,0,0,0,0,0,0,0,0,1559486,1555933,1
D,86245,0,0,0,0,0,0,0,0,0,1559486,1555933,1
D,86255,0,0,0,0,0,0,0,0,0,1559486,1555933,1
D,86265,0,0,0,0,0,0,0,0,0,1559486,1555933,1
D,86275,0,0,0,0,0,0,0,0,0,1559486,1555933,1
D,86285,0,0,0,0,0,0,0,0,0,1559486,1555933,1
D,86295,0,0,0,0,0,0,0,0,0,1559486,1555933,1
D,86305,0,0,0,0,0,0,0,0,0,1559486,1555933,1
D,86315,0,0,0,0,0,0,0,0,0,1559486,1555933,1
D,86325,0,0,0,0,0,0,0,0,0,1559486,1555933,1
D,86335,0,0,0,0,0,0,0,0,0,1559486,1555933,1
D,86345,0,0,0,0,0,0,0,0,0,1559486,1555933,1
D,86355,0,0,0,0,0,0,0,0,0,1559486,1555933,1
D,86365,0,0,0,0,0,0,0,0,0,1559486,1555933,1
D,86375,0,0,0,0,0,0,0,0,0,1559486,1555933,1
D,86385,0,0,0,0,0,0,0,0,0,1559486,1555933,1
D,86395,0,0,0,0,0,0,0,0,0,1559486,1555933,1
D,86405,0,0,0,0,0,0,0,0,0,1559486,1555933,1
D,86415,0,0,0,0,0,0,0,0,0,1559486,1555933,1
D,86425,0,0,0,0,0,0,0,0,0,1559486,1555933,1
D,86435,0,0,0,0,0,0,0,0,0,1559486,1555933,1
D,86445,0,0,0,0,0,0,0,0,0,1559486,1555933,1
D,86455,0,0,0,0,0,0,0,0,0,1559486,1555933,1
D,86465,0,0,0,0,0,0,0,0,0,1559486,1555933,1
D,86475,0,0,0,0,0,0,0,0,0,1559486,1555933,1
D,86485,0,0,0,0,0,0,0,0,0,1559486,1555933,1
D,86495,0,0,0,0,0,0,0,0,0,1559486,1555933,1
D,86505,0,0,0,0,0,0,0,0,0,1559486,1555933,1
D,86515,0,0,0,0,0,0,0,0,0,1559486,1555933,1
D,86525,0,0,0,0,0,0,0,0,0,1559486,1555933,1
D,86535,0,0,0,0,0,0,0,0,0,1559486,1555933,1
D,86545,0,0,0,0,0,0,0,0,0,1559486,1555933,1
D,86555,0,0,0,0,0,0,0,0,0,1559486,1555933,1
D,86565,0,0,0,0,0,0,0,0,0,1559486,1555933,1
D,86575,0,0,0,0,0,0,0,0,0,1559486,1555933,1
D,86585,0,0,0,0,0,0,0,0,0,1559486,1555933,1
D,86595,0,0,0,0,0,0,0,0,0,1559486,1555933,1
D,86605,0,0,0,0,0,0,0,0,0,1559486,1555933,1
D,86615,0,0,0,0,0,0,0,0,0,1559486,1555933,1
D,86625,0,0,0,0,0,0,0,0,0,1559486,1555933,1
D,86635,0,0,0,0,0,0,0,0,0,1559486,1555933,1
D,86645,0,0,0,0,0,0,0,0,0,1559486,1555933,1
D,86655,0,0,0,0,0,0,0,0,0,1559486,1555933,1
D,86665,0,0,0,0,0,0,0,0,0,1559486,1555933,1
D,86675,0,0,0,0,0,0,0,0,0,1559486,1555933,1
D,86685,0,0,0,0,0,0,0,0,0,1559486,1555933,1
D,86695,0,0,0,0,0,0,0,0,0,1559486,1555933,1
D,86705,0,0,0,0,0,0,0,0,0,1559486,1555933,1
D,86715,0,0,0,0,0,0,0,0,0,1559486,1555933,1
D,86725,0,0,0,0,0,0,0,0,0,1559486,1555933,1
D,86735,0,0,0,0,0,0,0,0,0,1559486,1555933,1
D,86745,0,0,0,0,0,0,0,0,0,1559486,1555933,1
D,86755,0,0,0,0,0,0,0,0,0,1559486,1555933,1
D,86765,0,0,0,0,0,0,0,0,0,1559486,1555933,1
D,86775,0,0,0,0,0,0,0,0,0,1559486,1555933,1
D,86785,0,0,0,0,0,0,0,0,0,1559486,1555933,1
D,86795,0,0,0,0,0,0,0,0,0,1559486,1555933,1
D,86805,0,0,0,0,0,0,0,0,0,1559486,1555933,1
D,86815,0,0,0,0,0,0,0,0,0,1559486,1555933,1
D,86825,0,0,0,0,0,0,0,0,0,1559486,1555933,1
D,86835,0,0,0,0,0,0,0,0,0,1559486,1555933,1
D,86845,0,0,0,0,0,0,0,0,0,1559486,1555933,1
D,86855,0,0,0,0,0,0,0,0,0,1559486,1555933,1
D,86865,0,0,0,0,0,0,0,0,0,1559486,1555933,1
D,86875,0,0,0,0,0,0,0,0,0,1559486,1555933,1
D,86885,0,0,0,0,0,0,0,0,0,1559486,1555933,1
D,86895,0,0,0,0,0,0,0,0,0,1559486,1555933,1
D,86905,0,0,0,0,0,0,0,0,0,1559486,1555933,1
D,86915,0,0,0,0,0,0,0,0,0,1559486,1555933,1
D,86925,0,0,0,0,0,0,0,0,0,1559486,1555933,1
D,86935,0,0,0,0,0,0,0,0,0,1559486,1555933,1
D,86945,0,0,0,0,0,0,0,0,0,1559486,1555933,1
D,86955,0,0,0,0,0,0,0,0,0,1559486,1555933,1
D,86965,0,0,0,0,0,0,0,0,0,1559486,1555933,1
D,86975,0,0,0,0,0,0,0,0,0,1559486,1555933,1
D,86985,0,0,0,0,0,0,0,0,0,1559486,1555933,1
D,86995,0,0,0,0,0,0,0,0,0,1559486,1555933,1
D,87005,0,0,0,0,0,0,0,0,0,1559486,1555933,1
D,87015,0,0,0,0,0,0,0,0,0,1559486,1555933,1
D,87025,0,0,0,0,0,0,0,0,0,1559486,1555933,1
D,87035,0,0,0,0,0,0,0,0,0,1559486,1555933,1
D,87045,0,0,0,0,0,0,0,0,0,1559486,1555933,1
D,87055,0,0,0,0,0,0,0,0,0,1559486,1555933,1
D,87065,0,0,0,0,0,0,0,0,0,1559486,1555933,1
D,87075,0,0,0,0,0,0,0,0,0,1559486,1555933,1
D,87085,0,0,0,0,0,0,0,0,0,1559486,1555933,1
D,87095,0,0,0,0,0,0,0,0,0,1559486,1555933,1
D,87105,0,0,0,0,0,0,0,0,0,1559486,1555933,1
D,87115,0,0,0,0,0,0,0,0,0,1559486,1555933,1
D,87125,0,0,0,0,0,0,0,0,0,1559486,1555933,1
D,87135,0,0,0,0,0,0,0,0,0,1559486,1555933,1
D,87145,0,0,0,0,0,0,0,0,0,1559486,1555933,1
D,87155,0,0,0,0,0,0,0,0,0,1559486,1555933,1
D,87165,0,0,0,0,0,0,0,0,0,1559486,1555933,1
D,87175,0,0,0,0,0,0,0,0,0,1559486,1555933,1
D,87185,0,0,0,0,0,0,0,0,0,1559486,1555933,1
D,87195,0,0,0,0,0,0,0,0,0,1559486,1555933,1
D,87205,0,0,0,0,0,0,0,0,0,1559486,1555933,1
D,87215,0,0,0,0,0,0,0,0,0,1559486,1555933,1
D,87225,0,0,0,0,0,0,0,0,0,1559486,1555933,1
D,87235,0,0,0,0,0,0,0,0,0,1559486,1555933,1
D,87245,0,0,0,0,0,0,0,0,0,1559486,1555933,1
D,87255,0,0,0,0,0,0,0,0,0,1559486,1555933,1
D,87265,0,0,0,0,0,0,0,0,0,1559486,1555933,1
D,87275,0,0,0,0,0,0,0,0,0,1559486,1555933,1
D,87285,0,0,0,0,0,0,0,0,0,1559486,1555933,1
D,87295,0,0,0,0,0,0,0,0,0,1559486,1555933,1
D,87305,0,0,0,0,0,0,0,0,0,1559486,1555933,1
D,87315,0,0,0,0,0,0,0,0,0,1559486,1555933,1
D,87325,0,0,0,0,0,0,0,0,0,1559486,1555933,1
D,87335,0,0,0,0,0,0,0,0,0,1559486,1555933,1
D,87345,0,0,0,0,0,0,0,0,0,1559486,1555933,1
D,87355,0,0,0,0,0,0,0,0,0,1559486,1555933,1
D,87365,0,0,0,0,0,0,0,0,0,1559486,1555933,1
D,87375,0,0,0,0,0,0,0,0,0,1559486,1555933,1
D,87385,0,0,0,0,0,0,0,0,0,1559486,1555933,1
D,87395,0,0,0,0,0,0,0,0,0,1559486,1555933,1
D,87405,0,0,0,0,0,0,0,0,0,1559486,1555933,1
D,87415,0,0,0,0,0,0,0,0,0,1559486,1555933,1
D,87425,0,0,0,0,0,0,0,0,0,1559486,1555933,1
D,87435,0,0,0,0,0,0,0,0,0,1559486,1555933,1
D,87445,0,0,0,0,0,0,0,0,0,1559486,1555933,1
D,87455,0,0,0,0,0,0,0,0,0,1559486,1555933,1
D,87465,0,0,0,0,0,0,0,0,0,1559486,1555933,1
D,87475,0,0,0,0,0,0,0,0,0,1559486,1555933,1
D,87485,0,0,0,0,0,0,0,0,0,1559486,1555933,1
D,87495,0,0,0,0,0,0,0,0,0,1559486,1555933,1
D,87505,0,0,0,0,0,0,0,0,0,1559486,1555933,1
D,87515,0,0,0,0,0,0,0,0,0,1559486,1555933,1
D,87525,0,0,0,0,0,0,0,0,0,1559486,1555933,1
D,87535,0,0,0,0,0,0,0,0,0,1559486,1555933,1
D,87545,0,0,0,0,0,0,0,0,0,1559486,1555933,1
D,87555,0,0,0,0,0,0,0,0,0,1559486,1555933,1
D,87565,0,0,0,0,0,0,0,0,0,1559486,1555933,1
D,87575,0,0,0,0,0,0,0,0,0,1559486,1555933,1
D,87585,0,0,0,0,0,0,0,0,0,1559486,1555933,1
D,87595,0,0,0,0,0,0,0,0,0,1559486,1555933,1
D,87605,0,0,0,0,0,0,0,0,0,1559486,1555933,1
D,87615,0,0,0,0,0,0,0,0,0,1559486,1555933,1
D,87625,0,0,0,0,0,0,0,0,0,1559486,1555933,1
D,87635,0,0,0,0,0,0,0,0,0,1559486,1555933,1
D,87645,0,0,0,0,0,0,0,0,0,1559486,1555933,1
D,87655,0,0,0,0,0,0,0,0,0,1559486,1555933,1
D,87665,0,0,0,0,0,0,0,0,0,1559486,1555933,1
D,87675,0,0,0,0,0,0,0,0,0,1559486,1555933,1
D,87685,0,0,0,0,0,0,0,0,0,1559486,1555933,1
D,87695,0,0,0,0,0,0,0,0,0,1559486,1555933,1
D,87705,0,0,0,0,0,0,0,0,0,1559486,1555933,1
D,87715,0,0,0,0,0,0,0,0,0,1559486,1555933,1
D,87725,0,0,0,0,0,0,0,0,0,1559486,1555933,1
D,87735,0,0,0,0,0,0,0,0,0,1559486,1555933,1
D,87745,0,0,0,0,0,0,0,0,0,1559486,1555933,1
D,87755,0,0,0,0,0,0,0,0,0,1559486,1555933,1
D,87765,0,0,0,0,0,0,0,0,0,1559486,1555933,1
D,87775,0,0,0,0,0,0,0,0,0,1559486,1555933,1
D,87785,0,0,0,0,0,0,0,0,0,1559486,1555933,1
D,87795,0,0,0,0,0,0,0,0,0,1559486,1555933,1
D,87805,0,0,0,0,0,0,0,0,0,1559486,1555933,1
D,87815,0,0,0,0,0,0,0,0,0,1559486,1555933,1
D,87825,0,0,0,0,0,0,0,0,0,1559486,1555933,1
D,87835,0,0,0,0,0,0,0,0,0,1559486,1555933,1
D,87845,0,0,0,0,0,0,0,0,0,1559486,1555933,1
D,87855,0,0,0,0,0,0,0,0,0,1559486,1555933,1
D,87865,0,0,0,0,0,0,0,0,0,1559486,1555933,1
D,87875,0,0,0,0,0,0,0,0,0,1559486,1555933,1
D,87885,0,0,0,0,0,0,0,0,0,1559486,1555933,1
D,87895,0,0,0,0,0,0,0,0,0,1559486,1555933,1
D,87905,0,0,0,0,0,0,0,0,0,1559486,1555933,1
D,87915,0,0,0,0,0,0,0,0,0,1559486,1555933,1
D,87925,0,0,0,0,0,0,0,0,0,1559486,1555933,1
D,87935,0,0,0,0,0,0,0,0,0,1559486,1555933,1
D,87945,0,0,0,0,0,0,0,0,0,1559486,1555933,1
D,87955,0,0,0,0,0,0,0,0,0,1559486,1555933,1
D,87965,0,0,0,0,0,0,0,0,0,1559486,1555933,1
D,87975,0,0,0,0,0,0,0,0,0,1559486,1555933,1
D,87985,0,0,0,0,0,0,0,0,0,1559486,1555933,1
D,87995,0,0,0,0,0,0,0,0,0,1559486,1555933,1
D,88005,0,0,0,0,0,0,0,0,0,1559486,1555933,1
D,88015,0,0,0,0,0,0,0,0,0,1559486,1555933,1
D,88025,0,0,0,0,0,0,0,0,0,1559486,1555933,1
D,88035,0,0,0,0,0,0,0,0,0,1559486,1555933,1
D,88045,0,0,0,0,0,0,0,0,0,1559486,1555933,1
D,88055,0,0,0,0,0,0,0,0,0,1559486,1555933,1
D,88065,0,0,0,0,0,0,0,0,0,1559486,1555933,1
D,88075,0,0,0,0,0,0,0,0,0,1559486,1555933,1
D,88085,0,0,0,0,0,0,0,0,0,1559486,1555933,1
D,88095,0,0,0,0,0,0,0,0,0,1559486,1555933,1
D,88105,0,0,0,0,0,0,0,0,0,1559486,1555933,1
D,88115,0,0,0,0,0,0,0,0,0,1559486,1555933,1
D,88125,0,0,0,0,0,0,0,0,0,1559486,1555933,1
D,88135,0,0,0,0,0,0,0,0,0,1559486,1555933,1
D,88145,0,0,0,0,0,0,0,0,0,1559486,1555933,1
D,88155,0,0,0,0,0,0,0,0,0,1559486,1555933,1
D,88165,0,0,0,0,0,0,0,0,0,1559486,1555933,1
D,88175,0,0,0,0,0,0,0,0,0,1559486,1555933,1
D,88185,0,0,0,0,0,0,0,0,0,1559486,1555933,1
D,88195,0,0,0,0,0,0,0,0,0,1559486,1555933,1
D,88205,0,0,0,0,0,0,0,0,0,1559486,1555933,1
D,88215,0,0,0,0,0,0,0,0,0,1559486,1555933,1
D,88225,0,0,0,0,0,0,0,0,0,1559486,1555933,1
D,88235,0,0,0,0,0,0,0,0,0,1559486,1555933,1
D,88245,0,0,0,0,0,0,0,0,0,1559486,1555933,1
D,88255,0,0,0,0,0,0,0,0,0,1559486,1555933,1
D,88265,0,0,0,0,0,0,0,0,0,1559486,1555933,1
D,88275,0,0,0,0,0,0,0,0,0,1559486,1555933,1
D,88285,0,0,0,0,0,0,0,0,0,1559486,1555933,1
D,88295,0,0,0,0,0,0,0,0,0,1559486,1555933,1
D,88305,0,0,0,0,0,0,0,0,0,1559486,1555933,1
D,88315,0,0,0,0,0,0,0,0,0,1559486,1555933,1
D,88325,0,0,0,0,0,0,0,0,0,1559486,1555933,1
D,88335,0,0,0,0,0,0,0,0,0,1559486,1555933,1
D,88345,0,0,0,0,0,0,0,0,0,1559486,1555933,1
D,88355,0,0,0,0,0,0,0,0,0,1559486,1555933,1
D,88365,0,0,0,0,0,0,0,0,0,1559486,1555933,1
D,88375,0,0,0,0,0,0,0,0,0,1559486,1555933,1
D,88385,0,0,0,0,0,0,0,0,0,1559486,1555933,1
D,88395,0,0,0,0,0,0,0,0,0,1559486,1555933,1
D,88405,0,0,0,0,0,0,0,0,0,1559486,1555933,1
D,88415,0,0,0,0,0,0,0,0,0,1559486,1555933,1
D,88425,0,0,0,0,0,0,0,0,0,1559486,1555933,1
D,88435,0,0,0,0,0,0,0,0,0,1559486,1555933,1
D,88445,0,0,0,0,0,0,0,0,0,1559486,1555933,1
D,88455,0,0,0,0,0,0,0,0,0,1559486,1555933,1
D,88465,0,0,0,0,0,0,0,0,0,1559486,1555933,1
D,88475,0,0,0,0,0,0,0,0,0,1559486,1555933,1
D,88485,0,0,0,0,0,0,0,0,0,1559486,1555933,1
D,88495,0,0,0,0,0,0,0,0,0,1559486,1555933,1
D,88505,0,0,0,0,0,0,0,0,0,1559486,1555933,1
D,88515,0,0,0,0,0,0,0,0,0,1559486,1555933,1
D,88525,0,0,0,0,0,0,0,0,0,1559486,1555933,1
D,88535,0,0,0,0,0,0,0,0,0,1559486,1555933,1
D,88545,0,0,0,0,0,0,0,0,0,1559486,1555933,1
D,88555,0,0,0,0,0,0,0,0,0,1559486,1555933,1
D,88565,0,0,0,0,0,0,0,0,0,1559486,1555933,1
D,88575,0,0,0,0,0,0,0,0,0,1559486,1555933,1
D,88585,0,0,0,0,0,0,0,0,0,1559486,1555933,1
D,88595,0,0,0,0,0,0,0,0,0,1559486,1555933,1
D,88605,0,0,0,0,0,0,0,0,0,1559486,1555933,1
D,88615,0,0,0,0,0,0,0,0,0,1559486,1555933,1
D,88625,0,0,0,0,0,0,0,0,0,1559486,1555933,1
D,88635,0,0,0,0,0,0,0,0,0,1559486,1555933,1
D,88645,0,0,0,0,0,0,0,0,0,1559486,1555933,1
D,88655,0,0,0,0,0,0,0,0,0,1559486,1555933,1
D,88665,0,0,0,0,0,0,0,0,0,1559486,1555933,1
D,88675,0,0,0,0,0,0,0,0,0,1559486,1555933,1
D,88685,0,0,0,0,0,0,0,0,0,1559486,1555933,1
D,88695,0,0,0,0,0,0,0,0,0,1559486,1555933,1
D,88705,0,0,0,0,0,0,0,0,0,1559486,1555933,1
D,88715,0,0,0,0,0,0,0,0,0,1559486,1555933,1
D,88725,0,0,0,0,0,0,0,0,0,1559486,1555933,1
D,88735,0,0,0,0,0,0,0,0,0,1559486,1555933,1
D,88745,0,0,0,0,0,0,0,0,0,1559486,1555933,1
D,88755,0,0,0,0,0,0,0,0,0,1559486,1555933,1
D,88765,0,0,0,0,0,0,0,0,0,1559486,1555933,1
D,88775,0,0,0,0,0,0,0,0,0,1559486,1555933,1
D,88785,0,0,0,0,0,0,0,0,0,1559486,1555933,1
D,88795,0,0,0,0,0,0,0,0,0,1559486,1555933,1
D,88805,0,0,0,0,0,0,0,0,0,1559486,1555933,1
D,88815,0,0,0,0,0,0,0,0,0,1559486,1555933,1
D,88825,0,0,0,0,0,0,0,0,0,1559486,1555933,1
D,88835,0,0,0,0,0,0,0,0,0,1559486,1555933,1
D,88845,0,0,0,0,0,0,0,0,0,1559486,1555933,1
D,88855,0,0,0,0,0,0,0,0,0,1559486,1555933,1
D,88865,0,0,0,0,0,0,0,0,0,1559486,1555933,1
D,88875,0,0,0,0,0,0,0,0,0,1559486,1555933,1
D,88885,0,0,0,0,0,0,0,0,0,1559486,1555933,1
D,88895,0,0,0,0,0,0,0,0,0,1559486,1555933,1
D,88905,0,0,0,0,0,0,0,0,0,1559486,1555933,1
D,88915,0,0,0,0,0,0,0,0,0,1559486,1555933,1
D,88925,0,0,0,0,0,0,0,0,0,1559486,1555933,1
D,88935,0,0,0,0,0,0,0,0,0,1559486,1555933,1
D,88945,0,0,0,0,0,0,0,0,0,1559486,1555933,1
D,88955,0,0,0,0,0,0,0,0,0,1559486,1555933,1
D,88965,0,0,0,0,0,0,0,0,0,1559486,1555933,1
D,88975,0,0,0,0,0,0,0,0,0,1559486,1555933,1
D,88985,0,0,0,0,0,0,0,0,0,1559486,1555933,1
D,88995,0,0,0,0,0,0,0,0,0,1559486,1555933,1
D,89005,0,0,0,0,0,0,0,0,0,1559486,1555933,1
D,89015,0,0,0,0,0,0,0,0,0,1559486,1555933,1
D,89025,0,0,0,0,0,0,0,0,0,1559486,1555933,1
D,89035,0,0,0,0,0,0,0,0,0,1559486,1555933,1
D,89045,0,0,0,0,0,0,0,0,0,1559486,1555933,1
D,89055,0,0,0,0,0,0,0,0,0,1559486,1555933,1
D,89065,0,0,0,0,0,0,0,0,0,1559486,1555933,1
D,89075,0,0,0,0,0,0,0,0,0,1559486,1555933,1
D,89085,0,0,0,0,0,0,0,0,0,1559486,1555933,1
D,89095,0,0,0,0,0,0,0,0,0,1559486,1555933,1
D,89105,0,0,0,0,0,0,0,0,0,1559486,1555933,1
D,89115,0,0,0,0,0,0,0,0,0,1559486,1555933,1
D,89125,0,0,0,0,0,0,0,0,0,1559486,1555933,1
D,89135,0,0,0,0,0,0,0,0,0,1559486,1555933,1
D,89145,0,0,0,0,0,0,0,0,0,1559486,1555933,1
D,89155,0,0,0,0,0,0,0,0,0,1559486,1555933,1
D,89165,0,0,0,0,0,0,0,0,0,1559486,1555933,1
D,89175,0,0,0,0,0,0,0,0,0,1559486,1555933,1
D,89185,0,0,0,0,0,0,0,0,0,1559486,1555933,1
D,89195,0,0,0,0,0,0,0,0,0,1559486,1555933,1
D,89205,0,0,0,0,0,0,0,0,0,1559486,1555933,1
D,89215,0,0,0,0,0,0,0,0,0,1559486,1555933,1
D,89225,0,0,0,0,0,0,0,0,0,1559486,1555933,1
D,89235,0,0,0,0,0,0,0,0,0,1559486,1555933,1
D,89245,0,0,0,0,0,0,0,0,0,1559486,1555933,1
D,89255,0,0,0,0,0,0,0,0,0,1559486,1555933,1
D,89265,0,0,0,0,0,0,0,0,0,1559486,1555933,1
D,89275,0,0,0,0,0,0,0,0,0,1559486,1555933,1
D,89285,0,0,0,0,0,0,0,0,0,1559486,1555933,1
D,89295,0,0,0,0,0,0,0,0,0,1559486,1555933,1
D,89305,0,0,0,0,0,0,0,0,0,1559486,1555933,1
D,89315,0,0,0,0,0,0,0,0,0,1559486,1555933,1
D,89325,0,0,0,0,0,0,0,0,0,1559486,1555933,1
D,89335,0,0,0,0,0,0,0,0,0,1559486,1555933,1
D,89345,0,0,0,0,0,0,0,0,0,1559486,1555933,1
D,89355,0,0,0,0,0,0,0,0,0,1559486,1555933,1
D,89365,0,0,0,0,0,0,0,0,0,1559486,1555933,1
D,89375,0,0,0,0,0,0,0,0,0,1559486,1555933,1
D,89385,0,0,0,0,0,0,0,0,0,1559486,1555933,1
D,89395,0,0,0,0,0,0,0,0,0,1559486,1555933,1
D,89405,0,0,0,0,0,0,0,0,0,1559486,1555933,1
D,89415,0,0,0,0,0,0,0,0,0,1559486,1555933,1
D,89425,0,0,0,0,0,0,0,0,0,1559486,1555933,1
D,89435,0,0,0,0,0,0,0,0,0,1559486,1555933,1
D,89445,0,0,0,0,0,0,0,0,0,1559486,1555933,1
D,89455,0,0,0,0,0,0,0,0,0,1559486,1555933,1
D,89465,0,0,0,0,0,0,0,0,0,1559486,1555933,1
D,89475,0,0,0,0,0,0,0,0,0,1559486,1555933,1
D,89485,0,0,0,0,0,0,0,0,0,1559486,1555933,1
D,89495,0,0,0,0,0,0,0,0,0,1559486,1555933,1
D,89505,0,0,0,0,0,0,0,0,0,1559486,1555933,1
D,89515,0,0,0,0,0,0,0,0,0,1559486,1555933,1
D,89525,0,0,0,0,0,0,0,0,0,1559486,1555933,1
D,89535,0,0,0,0,0,0,0,0,0,1559486,1555933,1
D,89545,0,0,0,0,0,0,0,0,0,1559486,1555933,1
D,89555,0,0,0,0,0,0,0,0,0,1559486,1555933,1
D,89565,0,0,0,0,0,0,0,0,0,1559486,1555933,1
D,89575,0,0,0,0,0,0,0,0,0,1559486,1555933,1
D,89585,0,0,0,0,0,0,0,0,0,1559486,1555933,1
D,89595,0,0,0,0,0,0,0,0,0,1559486,1555933,1
D,89605,0,0,0,0,0,0,0,0,0,1559486,1555933,1
D,89615,0,0,0,0,0,0,0,0,0,1559486,1555933,1
D,89625,0,0,0,0,0,0,0,0,0,1559486,1555933,1
D,89635,0,0,0,0,0,0,0,0,0,1559486,1555933,1
D,89645,0,0,0,0,0,0,0,0,0,1559486,1555933,1
D,89655,0,0,0,0,0,0,0,0,0,1559486,1555933,1
D,89665,0,0,0,0,0,0,0,0,0,1559486,1555933,1
D,89675,0,0,0,0,0,0,0,0,0,1559486,1555933,1
D,89685,0,0,0,0,0,0,0,0,0,1559486,1555933,1
D,89695,0,0,0,0,0,0,0,0,0,1559486,1555933,1
D,89705,0,0,0,0,0,0,0,0,0,1559486,1555933,1
D,89715,0,0,0,0,0,0,0,0,0,1559486,1555933,1
D,89725,0,0,0,0,0,0,0,0,0,1559486,1555933,1
D,89735,0,0,0,0,0,0,0,0,0,1559486,1555933,1
D,89745,0,0,0,0,0,0,0,0,0,1559486,1555933,1
D,89755,0,0,0,0,0,0,0,0,0,1559486,1555933,1
D,89765,0,0,0,0,0,0,0,0,0,1559486,1555933,1
D,89775,0,0,0,0,0,0,0,0,0,1559486,1555933,1
D,89785,0,0,0,0,0,0,0,0,0,1559486,1555933,1
D,89795,0,0,0,0,0,0,0,0,0,1559486,1555933,1
D,89805,0,0,0,0,0,0,0,0,0,1559486,1555933,1
D,89815,0,0,0,0,0,0,0,0,0,1559486,1555933,1
D,89825,0,0,0,0,0,0,0,0,0,1559486,1555933,1
D,89835,0,0,0,0,0,0,0,0,0,1559486,1555933,1
D,89845,0,0,0,0,0,0,0,0,0,1559486,1555933,1
D,89855,0,0,0,0,0,0,0,0,0,1559486,1555933,1
D,89865,0,0,0,0,0,0,0,0,0,1559486,1555933,1
D,89875,0,0,0,0,0,0,0,0,0,1559486,1555933,1
D,89885,0,0,0,0,0,0,0,0,0,1559486,1555933,1
D,89895,0,0,0,0,0,0,0,0,0,1559486,1555933,1
D,89905,0,0,0,0,0,0,0,0,0,1559486,1555933,1
D,89915,0,0,0,0,0,0,0,0,0,1559486,1555933,1
D,89925,0,0,0,0,0,0,0,0,0,1559486,1555933,1
D,89935,0,0,0,0,0,0,0,0,0,1559486,1555933,1
D,89945,0,0,0,0,0,0,0,0,0,1559486,1555933,1
D,89955,0,0,0,0,0,0,0,0,0,1559486,1555933,1
D,89965,0,0,0,0,0,0,0,0,0,1559486,1555933,1
D,89975,0,0,0,0,0,0,0,0,0,1559486,1555933,1
D,89985,0,0,0,0,0,0,0,0,0,1559486,1555933,1
D,89995,0,0,0,0,0,0,0,0,0,1559486,1555933,1
D,90005,0,0,0,0,0,0,0,0,0,1559486,1555933,1
D,90015,0,0,0,0,0,0,0,0,0,1559486,1555933,1
D,90025,0,0,0,0,0,0,0,0,0,1559486,1555933,1
D,90035,0,0,0,0,0,0,0,0,0,1559486,1555933,1
D,90045,0,0,0,0,0,0,0,0,0,1559486,1555933,1
D,90055,0,0,0,0,0,0,0,0,0,1559486,1555933,1
D,90065,0,0,0,0,0,0,0,0,0,1559486,1555933,1
D,90075,0,0,0,0,0,0,0,0,0,1559486,1555933,1
D,90085,0,0,0,0,0,0,0,0,0,1559486,1555933,1
D,90095,0,0,0,0,0,0,0,0,0,1559486,1555933,1
D,90105,0,0,0,0,0,0,0,0,0,1559486,1555933,1
D,90115,0,0,0,0,0,0,0,0,0,1559486,1555933,1
D,90125,0,0,0,0,0,0,0,0,0,1559486,1555933,1
D,90135,0,0,0,0,0,0,0,0,0,1559486,1555933,1
D,90145,0,0,0,0,0,0,0,0,0,1559486,1555933,1
D,90155,0,0,0,0,0,0,0,0,0,1559486,1555933,1
D,90165,0,0,0,0,0,0,0,0,0,1559486,1555933,1
D,90175,0,0,0,0,0,0,0,0,0,1559486,1555933,1
D,90185,0,0,0,0,0,0,0,0,0,1559486,1555933,1
D,90195,0,0,0,0,0,0,0,0,0,1559486,1555933,1
D,90205,0,0,0,0,0,0,0,0,0,1559486,1555933,1
D,90215,0,0,0,0,0,0,0,0,0,1559486,1555933,1
D,90225,0,0,0,0,0,0,0,0,0,1559486,1555933,1
D,90235,0,0,0,0,0,0,0,0,0,1559486,1555933,1
D,90245,0,0,0,0,0,0,0,0,0,1559486,1555933,1
D,90255,0,0,0,0,0,0,0,0,0,1559486,1555933,1
D,90265,0,0,0,0,0,0,0,0,0,1559486,1555933,1
D,90275,0,0,0,0,0,0,0,0,0,1559486,1555933,1
D,90285,0,0,0,0,0,0,0,0,0,1559486,1555933,1
D,90295,0,0,0,0,0,0,0,0,0,1559486,1555933,1
D,90305,0,0,0,0,0,0,0,0,0,1559486,1555933,1
D,90315,0,0,0,0,0,0,0,0,0,1559486,1555933,1
D,90325,0,0,0,0,0,0,0,0,0,1559486,1555933,1
D,90335,0,0,0,0,0,0,0,0,0,1559486,1555933,1
D,90345,0,0,0,0,0,0,0,0,0,1559486,1555933,1
D,90355,0,0,0,0,0,0,0,0,0,1559486,1555933,1
D,90365,0,0,0,0,0,0,0,0,0,1559486,1555933,1
D,90375,0,0,0,0,0,0,0,0,0,1559486,1555933,1
D,90385,0,0,0,0,0,0,0,0,0,1559486,1555933,1
D,90395,0,0,0,0,0,0,0,0,0,1559486,1555933,1
D,90405,0,0,0,0,0,0,0,0,0,1559486,1555933,1
D,90415,0,0,0,0,0,0,0,0,0,1559486,1555933,1
D,90425,0,0,0,0,0,0,0,0,0,1559486,1555933,1
D,90435,0,0,0,0,0,0,0,0,0,1559486,1555933,1
D,90445,0,0,0,0,0,0,0,0,0,1559486,1555933,1
D,90455,0,0,0,0,0,0,0,0,0,1559486,1555933,1
D,90465,0,0,0,0,0,0,0,0,0,1559486,1555933,1
D,90475,0,0,0,0,0,0,0,0,0,1559486,1555933,1
D,90485,0,0,0,0,0,0,0,0,0,1559486,1555933,1
D,90495,0,0,0,0,0,0,0,0,0,1559486,1555933,1
D,90505,0,0,0,0,0,0,0,0,0,1559486,1555933,1
D,90515,0,0,0,0,0,0,0,0,0,1559486,1555933,1
D,90525,0,0,0,0,0,0,0,0,0,1559486,1555933,1
D,90535,0,0,0,0,0,0,0,0,0,1559486,1555933,1
D,90545,0,0,0,0,0,0,0,0,0,1559486,1555933,1
D,90555,0,0,0,0,0,0,0,0,0,1559486,1555933,1
D,90565,0,0,0,0,0,0,0,0,0,1559486,1555933,1
D,90575,0,0,0,0,0,0,0,0,0,1559486,1555933,1
D,90585,0,0,0,0,0,0,0,0,0,1559486,1555933,1
D,90595,0,0,0,0,0,0,0,0,0,1559486,1555933,1
D,90605,0,0,0,0,0,0,0,0,0,1559486,1555933,1
D,90615,0,0,0,0,0,0,0,0,0,1559486,1555933,1
D,90625,0,0,0,0,0,0,0,0,0,1559486,1555933,1
D,90635,0,0,0,0,0,0,0,0,0,1559486,1555933,1
D,90645,0,0,0,0,0,0,0,0,0,1559486,1555933,1
D,90655,0,0,0,0,0,0,0,0,0,1559486,1555933,1
D,90665,0,0,0,0,0,0,0,0,0,1559486,1555933,1
D,90675,0,0,0,0,0,0,0,0,0,1559486,1555933,1
D,90685,0,0,0,0,0,0,0,0,0,1559486,1555933,1
D,90695,0,0,0,0,0,0,0,0,0,1559486,1555933,1
D,90705,0,0,0,0,0,0,0,0,0,1559486,1555933,1
D,90715,0,0,0,0,0,0,0,0,0,1559486,1555933,1
D,90725,0,0,0,0,0,0,0,0,0,1559486,1555933,1
D,90735,0,0,0,0,0,0,0,0,0,1559486,1555933,1
D,90745,0,0,0,0,0,0,0,0,0,1559486,1555933,1
D,90755,0,0,0,0,0,0,0,0,0,1559486,1555933,1
D,90765,0,0,0,0,0,0,0,0,0,1559486,1555933,1
D,90775,0,0,0,0,0,0,0,0,0,1559486,1555933,1
D,90785,0,0,0,0,0,0,0,0,0,1559486,1555933,1
D,90795,0,0,0,0,0,0,0,0,0,1559486,1555933,1
D,90805,0,0,0,0,0,0,0,0,0,1559486,1555933,1
D,90815,0,0,0,0,0,0,0,0,0,1559486,1555933,1
D,90825,0,0,0,0,0,0,0,0,0,1559486,1555933,1
D,90835,0,0,0,0,0,0,0,0,0,1559486,1555933,1
D,90845,0,0,0,0,0,0,0,0,0,1559486,1555933,1
D,90855,0,0,0,0,0,0,0,0,0,1559486,1555933,1
D,90865,0,0,0,0,0,0,0,0,0,1559486,1555933,1
D,90875,0,0,0,0,0,0,0,0,0,1559486,1555933,1
D,90885,0,0,0,0,0,0,0,0,0,1559486,1555933,1
D,90895,0,0,0,0,0,0,0,0,0,1559486,1555933,1
D,90905,0,0,0,0,0,0,0,0,0,1559486,1555933,1
D,90915,0,0,0,0,0,0,0,0,0,1559486,1555933,1
D,90925,0,0,0,0,0,0,0,0,0,1559486,1555933,1
D,90935,0,0,0,0,0,0,0,0,0,1559486,1555933,1
D,90945,0,0,0,0,0,0,0,0,0,1559486,1555933,1
D,90955,0,0,0,0,0,0,0,0,0,1559486,1555933,1
D,90965,0,0,0,0,0,0,0,0,0,1559486,1555933,1
D,90975,0,0,0,0,0,0,0,0,0,1559486,1555933,1
D,90985,0,0,0,0,0,0,0,0,0,1559486,1555933,1
D,90995,0,0,0,0,0,0,0,0,0,1559486,1555933,1
D,91005,0,0,0,0,0,0,0,0,0,1559486,1555933,1
D,91015,0,0,0,0,0,0,0,0,0,1559486,1555933,1
D,91026,2,200,200,0,0,740,740,0,0,1559486,1555933,1
D,91035,2,200,200,0,0,780,780,0,0,1559486,1555933,1
D,91045,2,200,200,0,0,820,820,0,0,1559486,1555933,1
D,91055,2,200,200,0,0,860,860,0,0,1559486,1555933,1
D,91065,2,200,200,0,0,900,900,0,0,1559486,1555933,1
D,91075,2,200,200,0,0,940,940,0,0,1559486,1555933,1
D,91085,2,200,200,0,0,980,980,0,0,1559486,1555933,1
D,91095,2,200,200,0,0,1020,1020,0,0,1559486,1555933,1
D,91105,2,200,200,0,0,1060,1060,0,0,1559486,1555933,1
D,91115,2,200,200,0,0,1100,1100,0,0,1559486,1555933,1
D,91125,2,200,200,0,0,1140,1140,0,0,1559486,1555933,1
D,91135,2,200,200,0,0,1180,1180,0,0,1559486,1555933,1
D,91145,2,200,200,0,0,1220,1220,0,0,1559486,1555933,1
D,91155,2,200,200,0,0,1260,1260,0,0,1559486,1555933,1
D,91165,2,200,200,0,0,1300,1300,0,0,1559486,1555933,1
D,91175,2,200,200,0,0,1340,1340,0,0,1559486,1555933,1
D,91185,2,200,200,0,0,1380,1380,0,0,1559486,1555933,1
D,91195,2,200,200,0,0,1420,1420,0,0,1559486,1555933,1
D,91205,2,200,200,0,0,1460,1460,0,0,1559486,1555933,1
D,91215,2,200,200,0,0,1500,1500,0,0,1559486,1555933,1
D,91225,2,200,200,0,0,1540,1540,0,0,1559486,1555933,1
D,91235,2,200,200,0,0,1580,1580,0,0,1559486,1555933,1
D,91245,2,200,200,0,0,1620,1620,0,0,1559486,1555933,1
D,91255,2,200,200,0,0,1660,1660,0,0,1559486,1555933,1
D,91265,2,200,200,0,0,1700,1700,0,0,1559486,1555933,1
D,91275,2,200,200,0,0,1740,1740,0,0,1559486,1555933,1
D,91285,2,200,200,0,0,1780,1780,0,0,1559486,1555933,1
D,91295,2,200,200,0,0,1820,1820,0,0,1559486,1555933,1
D,91305,2,200,200,0,0,1860,1860,0,0,1559486,1555933,1
D,91315,2,200,200,0,0,1900,1900,0,0,1559486,1555933,1
D,91325,2,200,200,0,0,1940,1940,0,0,1559486,1555933,1
D,91335,2,200,200,0,0,1980,1980,0,0,1559486,1555933,1
D,91345,2,200,200,0,0,2020,2020,0,0,1559486,1555933,1
D,91355,2,200,200,0,0,2060,2060,0,0,1559486,1555933,1
D,91365,2,200,200,0,0,2100,2100,0,0,1559486,1555933,1
D,91375,2,200,200,0,0,2140,2140,0,0,1559486,1555933,1
D,91385,2,200,200,0,0,2180,2180,0,0,1559486,1555933,1
D,91395,2,200,200,0,0,2220,2220,0,0,1559486,1555933,1
D,91405,2,200,200,0,0,2260,2260,0,0,1559486,1555933,1
D,91415,2,200,200,0,0,2300,2300,0,0,1559486,1555933,1
D,91425,2,200,200,0,0,2340,2340,0,0,1559486,1555933,1
D,91435,2,200,200,0,0,2380,2380,0,0,1559486,1555933,1
D,91445,2,200,200,0,0,2420,2420,0,0,1559486,1555933,1
D,91455,2,200,200,0,0,2460,2460,0,0,1559486,1555933,1
D,91465,2,200,200,0,0,2500,2500,0,0,1559486,1555933,1
D,91475,2,200,200,0,0,2540,2540,0,0,1559486,1555933,1
D,91485,2,200,200,0,0,2580,2580,0,0,1559486,1555933,1
D,91495,2,200,200,0,0,2620,2620,0,0,1559486,1555933,1
D,91505,2,200,200,0,0,2660,2660,0,0,1559486,1555933,1
D,91515,2,200,200,0,0,2700,2700,0,0,1559486,1555933,1
D,91525,2,200,200,0,0,2740,2740,0,0,1559486,1555933,1
D,91535,2,200,200,0,0,2780,2780,0,0,1559486,1555933,1
D,91545,2,200,200,0,0,2820,2820,0,0,1559486,1555933,1
D,91555,2,200,200,0,0,2860,2860,0,0,1559486,1555933,1
D,91565,2,200,200,0,0,2900,2900,0,0,1559486,1555933,1
D,91575,2,200,200,0,0,2940,2940,0,0,1559486,1555933,1
D,91585,2,200,200,0,0,2980,2980,0,0,1559486,1555933,1
D,91595,2,200,200,0,0,3020,3020,0,0,1559486,1555933,1
D,91605,2,200,200,0,0,3060,3060,0,0,1559486,1555933,1
D,91615,2,200,200,0,0,3100,3100,0,0,1559486,1555933,1
D,91625,2,200,200,0,0,3140,3140,0,0,1559486,1555933,1
D,91635,2,200,200,0,0,3180,3180,0,0,1559486,1555933,1
D,91645,2,200,200,0,0,3220,3220,1,0,1559487,1555933,1
D,91655,2,200,200,0,0,3260,3260,0,0,1559487,1555933,1
D,91665,2,200,200,0,0,3300,3300,2,1,1559489,1555934,1
D,91675,2,200,200,0,0,3340,3340,1,0,1559490,1555934,1
D,91685,2,200,200,0,0,3380,3380,2,0,1559492,1555934,1
D,91695,2,200,200,0,0,3420,3420,2,1,1559494,1555935,1
D,91705,2,200,200,0,0,3460,3460,2,1,1559496,1555936,1
D,91715,2,200,200,0,0,3500,3500,1,1,1559497,1555937,1
D,91725,2,200,200,0,0,3540,3540,1,2,1559498,1555939,1
D,91735,2,200,200,0,0,3580,3580,1,1,1559499,1555940,1
D,91745,2,200,200,0,0,3620,3620,0,1,1559499,1555941,1
D,91755,2,200,200,0,0,3660,3660,1,0,1559500,1555941,1
D,91765,2,200,200,0,0,3700,3700,1,1,1559501,1555942,1
D,91775,2,200,200,0,0,3740,3740,1,1,1559502,1555943,1
D,91785,2,200,200,0,0,3780,3780,1,1,1559503,1555944,1
D,91795,2,200,200,0,0,3820,3820,1,1,1559504,1555945,1
D,91805,2,200,200,0,0,3860,3860,1,1,1559505,1555946,1
D,91815,2,200,200,0,0,3900,3900,2,2,1559507,1555948,1
D,91825,2,200,200,0,0,3940,3940,2,2,1559509,1555950,1
D,91835,2,200,200,1,2,3976,3972,4,7,1559513,1555957,1
D,91845,2,200,200,2,4,4012,4004,8,14,1559521,1555971,1
D,91855,2,200,200,4,6,4044,4035,14,20,1559535,1555991,1
D,91865,2,200,200,7,8,4072,4066,21,25,1559556,1556016,1
D,91875,2,200,200,9,9,4103,4101,28,28,1559584,1556044,1
D,91885,2,200,200,12,13,4130,4124,37,41,1559621,1556085,1
D,91895,2,200,200,17,22,4149,4128,52,66,1559673,1556151,1
D,91905,2,200,200,31,39,4133,4101,94,115,1559767,1556266,1
D,91915,2,200,200,46,47,4111,4103,136,139,1559903,1556405,1
D,91925,2,200,200,48,49,4134,4126,143,146,1560046,1556551,1
D,91935,2,200,200,56,57,4134,4126,166,170,1560212,1556721,1
D,91945,2,200,200,57,60,4159,4144,168,177,1560380,1556898,1
D,91955,2,200,200,65,67,4158,4146,191,199,1560571,1557097,1
D,91965,2,200,200,68,72,4174,4154,200,214,1560771,1557311,1
D,91975,2,200,200,73,75,4182,4169,216,222,1560987,1557533,1
D,91985,2,200,200,76,82,4196,4168,226,241,1561213,1557774,1
D,91995,2,200,200,79,86,4210,4176,233,255,1561446,1558029,1
D,92005,2,200,200,85,89,4212,4188,252,262,1561698,1558291,1
D,92015,2,200,200,91,91,4212,4202,270,268,1561968,1558559,1
D,92025,2,200,200,94,94,4223,4213,278,278,1562246,1558837,1
D,92035,2,200,200,96,100,4236,4212,283,294,1562529,1559131,1
D,92045,2,200,200,103,103,4231,4221,303,304,1562832,1559435,1
D,92055,2,200,200,105,106,4243,4229,309,314,1563141,1559749,1
D,92065,2,200,200,106,111,4258,4229,314,328,1563455,1560077,1
D,92075,2,200,200,112,113,4254,4239,331,333,1563786,1560410,1
D,92085,2,200,200,115,114,4261,4253,340,337,1564126,1560747,1
D,92095,2,200,200,116,118,4274,4255,342,347,1564468,1561094,1
D,92105,2,200,200,122,120,4268,4264,360,355,1564828,1561449,1
D,92115,2,200,200,123,124,4280,4265,364,366,1565192,1561815,1
D,92125,2,200,200,125,129,4288,4262,368,380,1565560,1562195,1
D,92135,2,200,200,130,128,4285,4279,384,378,1565944,1562573,1
D,92145,2,200,200,130,131,4299,4282,383,385,1566327,1562958,1
D,92155,2,200,200,133,134,4302,4285,392,394,1566719,1563352,1
D,92165,2,200,200,137,136,4300,4290,404,400,1567123,1563752,1
D,92175,2,200,200,137,140,4312,4288,404,413,1567527,1564165,1
D,92185,2,200,200,142,140,4306,4300,419,412,1567946,1564577,1
D,92195,2,200,200,141,141,4320,4308,416,417,1568362,1564994,1
D,92205,2,200,200,144,144,4321,4309,426,425,1568788,1565419,1
D,92215,2,200,200,147,147,4321,4309,434,432,1569222,1565851,1
D,92225,2,200,200,148,151,4328,4304,435,445,1569657,1566296,1
D,92235,2,200,200,151,149,4327,4321,446,439,1570103,1566735,1
D,92245,2,200,200,150,152,4340,4320,443,449,1570546,1567184,1
D,92255,2,200,200,155,153,4332,4326,458,452,1571004,1567636,1
D,92265,2,200,200,155,158,4341,4317,456,465,1571460,1568101,1
D,92275,2,200,200,159,157,4335,4328,469,464,1571929,1568565,1
D,92285,2,200,200,157,159,4350,4329,463,469,1572392,1569034,1
D,92295,2,200,200,162,160,4340,4334,477,472,1572869,1569506,1
D,92305,2,200,200,162,164,4347,4327,477,484,1573346,1569990,1
D,92315,2,200,200,165,165,4344,4331,485,487,1573831,1570477,1
D,92325,2,200,200,164,165,4354,4338,484,485,1574315,1570962,1
D,92335,2,200,200,166,167,4353,4337,490,493,1574805,1571455,1
D,92345,2,200,200,168,170,4352,4333,495,500,1575300,1571955,1
D,92355,2,200,200,170,172,4351,4331,500,506,1575800,1572461,1
D,92365,2,200,200,170,170,4357,4344,500,502,1576300,1572963,1
D,92375,2,200,200,172,173,4355,4339,506,509,1576806,1573472,1
D,92385,2,200,200,173,175,4357,4337,509,517,1577315,1573989,1
D,92395,2,200,200,174,177,4359,4334,514,521,1577829,1574510,1
D,92405,2,200,200,174,177,4364,4338,514,521,1578343,1575031,1
D,92415,2,200,200,177,178,4358,4339,522,524,1578865,1575555,1
D,92425,2,200,200,177,182,4362,4328,522,535,1579387,1576090,1
D,92435,2,200,200,180,181,4356,4334,530,533,1579917,1576623,1
D,92445,2,200,200,178,182,4367,4334,524,536,1580441,1577159,1
D,92455,2,200,200,182,182,4356,4337,537,537,1580978,1577696,1
D,92465,2,200,200,181,187,4362,4322,534,552,1581512,1578248,1
D,92475,2,200,200,184,185,4355,4332,543,544,1582055,1578792,1
D,92485,2,200,200,182,187,4365,4327,537,551,1582592,1579343,1
D,92495,2,200,200,186,188,4353,4326,549,553,1583141,1579896,1
D,92505,2,200,200,186,191,4355,4317,547,562,1583688,1580458,1
D,92515,2,200,200,187,189,4354,4326,551,558,1584239,1581016,1
D,92525,2,200,200,187,191,4356,4320,551,562,1584790,1581578,1
D,92535,2,200,200,188,195,4355,4307,555,575,1585345,1582153,1
D,92545,2,200,200,190,193,4350,4315,561,568,1585906,1582721,1
D,92555,2,200,200,188,195,4359,4309,553,574,1586459,1583295,1
D,92565,2,200,200,192,195,4346,4310,567,574,1587026,1583869,1
D,92575,2,200,200,191,199,4350,4296,563,585,1587589,1584454,1
D,92585,2,200,200,194,197,4341,4303,571,581,1588160,1585035,1
D,92595,2,200,200,192,198,4349,4300,565,583,1588725,1585618,1
D,92605,2,200,200,195,202,4340,4286,574,596,1589299,1586214,1
D,92615,2,200,200,196,199,4337,4296,577,587,1589876,1586801,1
D,92625,2,200,200,193,202,4348,4286,570,594,1590446,1587395,1
D,92635,2,200,200,198,203,4331,4283,582,597,1591028,1587992,1
D,92645,2,200,200,196,204,4338,4280,577,600,1591605,1588592,1
D,92655,2,200,200,198,204,4331,4280,584,602,1592189,1589194,1
D,92665,2,200,200,198,204,4331,4280,582,600,1592771,1589794,1
D,92675,2,200,200,199,208,4328,4265,586,614,1593357,1590408,1
D,92685,2,200,200,201,206,4321,4271,592,606,1593949,1591014,1
D,92695,2,200,200,198,207,4331,4267,582,609,1594531,1591623,1
D,92705,2,200,200,202,211,4317,4251,596,622,1595127,1592245,1
D,92715,2,200,200,201,207,4320,4264,593,610,1595720,1592855,1
D,92725,2,200,200,201,210,4320,4252,592,618,1596312,1593473,1
D,92735,2,200,200,203,212,4313,4243,599,625,1596911,1594098,1
D,92745,2,200,200,202,211,4316,4244,594,620,1597505,1594718,1
D,92755,2,200,200,205,212,4305,4239,603,624,1598108,1595342,1
D,92765,2,200,200,203,212,4312,4237,597,625,1598705,1595967,1
D,92775,2,200,200,205,214,4304,4228,604,630,1599309,1596597,1
D,92785,2,200,200,206,214,4300,4226,608,629,1599917,1597226,1
D,92795,2,200,200,203,213,4310,4227,597,627,1600514,1597853,1
D,92805,2,200,200,207,217,4295,4210,611,638,1601125,1598491,1
D,92815,2,200,200,206,214,4297,4218,608,631,1601733,1599122,1
D,92825,2,200,200,205,215,4299,4212,605,632,1602338,1599754,1
D,92835,2,200,200,208,219,4288,4195,614,644,1602952,1600398,1
D,92845,2,200,200,206,215,4294,4206,608,634,1603560,1601032,1
D,92855,2,200,200,209,216,4283,4200,615,637,1604175,1601669,1
D,92865,2,200,200,208,221,4285,4179,612,650,1604787,1602319,1
D,92875,2,200,200,208,216,4284,4193,613,637,1605400,1602956,1
D,92885,2,200,200,210,218,4275,4183,619,642,1606019,1603598,1
D,92895,2,200,200,208,222,4281,4165,612,653,1606631,1604251,1
D,92905,2,200,200,211,218,4269,4176,620,641,1607251,1604892,1
D,92915,2,200,200,211,220,4267,4165,622,647,1607873,1605539,1
D,92925,2,200,200,208,222,4276,4154,613,654,1608486,1606193,1
D,92935,2,200,200,212,219,4260,4161,624,645,1609110,1606838,1
D,92945,2,200,200,211,221,4261,4150,622,650,1609732,1607488,1
D,92955,2,200,200,210,222,4262,4143,618,655,1610350,1608143,1
D,92965,2,200,200,213,220,4250,4146,626,649,1610976,1608792,1
D,92975,2,200,200,211,221,4255,4139,622,652,1611598,1609444,1
D,92985,2,200,200,213,223,4246,4128,626,656,1612224,1610100,1
D,92995,2,200,200,212,221,4247,4131,625,652,1612849,1610752,1
D,93005,2,200,200,212,222,4245,4124,624,653,1613473,1611405,1
D,93015,2,200,200,213,223,4240,4117,628,657,1614101,1612062,1
D,93025,2,200,200,212,222,4241,4116,625,654,1614726,1612716,1
D,93035,2,200,200,213,222,4236,4112,627,655,1615353,1613371,1
D,93045,2,200,200,215,223,4226,4105,632,656,1615985,1614027,1
D,93055,2,200,200,212,223,4234,4101,623,658,1616608,1614685,1
D,93065,2,200,200,214,222,4225,4100,631,654,1617239,1615339,1
D,93075,2,200,200,215,223,4219,4093,632,657,1617871,1615996,1
D,93085,2,200,200,212,224,4227,4086,623,659,1618494,1616655,1
D,93095,2,200,200,215,223,4214,4085,633,656,1619127,1617311,1
D,93105,2,200,200,214,223,4215,4081,629,656,1619756,1617967,1
D,93115,2,200,200,213,224,4216,4074,626,661,1620382,1618628,1
D,93125,2,200,200,215,223,4206,4073,633,656,1621015,1619284,1
D,93135,2,200,200,213,223,4211,4069,628,657,1621643,1619941,1
D,93145,2,200,200,214,224,4206,4062,630,661,1622273,1620602,1
D,93155,2,200,200,215,223,4200,4061,632,657,1622905,1621259,1
D,93165,2,200,200,213,223,4205,4057,628,656,1623533,1621915,1
D,93175,2,200,200,215,225,4195,4045,633,663,1624166,1622578,1
D,93185,2,200,200,214,223,4196,4048,629,656,1624795,1623234,1
D,93195,2,200,200,214,223,4194,4044,630,656,1625425,1623890,1
D,93205,2,200,200,215,224,4188,4037,634,661,1626059,1624551,1
D,93215,2,200,200,213,223,4193,4036,626,656,1626685,1625207,1
D,93225,2,200,200,215,222,4183,4035,634,654,1627319,1625861,1
D,93235,2,200,200,216,224,4177,4024,635,660,1627954,1626521,1
D,93245,2,200,200,212,222,4189,4027,625,655,1628579,1627176,1
D,93255,2,200,200,216,221,4172,4026,635,652,1629214,1627828,1
D,93265,2,200,200,215,224,4172,4012,633,660,1629847,1628488,1
D,93275,2,200,200,212,221,4180,4018,625,652,1630472,1629140,1
D,93285,2,200,200,216,221,4163,4014,636,651,1631108,1629791,1
D,93295,2,200,200,214,224,4168,4000,631,659,1631739,1630450,1
D,93305,2,200,200,214,221,4166,4006,629,651,1632368,1631101,1
D,93315,2,200,200,215,220,4160,4005,634,648,1633002,1631749,1
D,93325,2,200,200,214,224,4161,3987,630,659,1633632,1632408,1
D,93335,2,200,200,215,220,4155,3997,633,648,1634265,1633056,1
D,93345,2,200,200,215,220,4152,3993,632,647,1634897,1633703,1
D,93355,2,200,200,213,223,4157,3979,628,657,1635525,1634360,1
D,93365,2,200,200,216,219,4144,3990,635,645,1636160,1635005,1
D,93375,2,200,200,213,219,4152,3987,628,645,1636788,1635650,1
D,93385,2,200,200,214,223,4147,3969,630,657,1637418,1636307,1
D,93395,2,200,200,215,218,4141,3983,634,642,1638052,1636949,1
D,93405,2,200,200,213,219,4146,3977,626,645,1638678,1637594,1
D,93415,2,200,200,215,222,4136,3963,633,654,1639311,1638248,1
D,93425,2,200,200,215,218,4133,3974,634,641,1639945,1638889,1
D,93435,2,200,200,212,218,4141,3971,623,643,1640568,1639532,1
D,93445,2,200,200,216,221,4124,3957,635,652,1641203,1640184,1
D,93455,2,200,200,214,217,4129,3968,631,640,1641834,1640824,1
D,93465,2,200,200,212,218,4134,3962,624,643,1642458,1641467,1
D,93475,2,200,200,216,220,4117,3951,635,648,1643093,1642115,1
D,93485,2,200,200,214,217,4122,3958,629,640,1643722,1642755,1
D,93495,2,200,200,213,218,4123,3952,627,642,1644349,1643397,1
D,93505,2,200,200,214,219,4118,3946,631,644,1644980,1644041,1
D,93515,2,200,200,213,218,4119,3946,626,641,1645606,1644682,1
D,93525,2,200,200,214,218,4114,3943,630,641,1646236,1645323,1
D,93535,2,200,200,213,217,4115,3943,628,639,1646864,1645962,1
D,93545,2,200,200,212,218,4116,3937,624,641,1647488,1646603,1
D,93555,2,200,200,214,217,4107,3937,631,639,1648119,1647242,1
D,93565,2,200,200,212,216,4112,3937,623,635,1648742,1647877,1
D,93575,2,200,200,213,218,4107,3927,626,642,1649368,1648519,1
D,93585,2,200,200,214,216,4102,3931,629,636,1649997,1649155,1
D,93595,2,200,200,210,215,4114,3931,619,633,1650616,1649788,1
D,93605,2,200,200,213,218,4102,3918,628,642,1651244,1650430,1
D,93615,2,200,200,213,215,4100,3925,627,632,1651871,1651062,1
D,93625,2,200,200,209,214,4113,3926,617,631,1652488,1651693,1
D,93635,2,200,200,214,218,4094,3909,629,643,1653117,1652336,1
D,93645,2,200,200,211,213,4102,3924,622,628,1653739,1652964,1
D,93655,2,200,200,210,214,4103,3919,619,631,1654358,1653595,1
D,93665,2,200,200,213,217,4091,3906,626,640,1654984,1654235,1
D,93675,2,200,200,210,213,4099,3918,619,626,1655603,1654861,1
D,93685,2,200,200,211,214,4094,3913,622,631,1656225,1655492,1
D,93695,2,200,200,211,216,4092,3903,622,636,1656847,1656128,1
D,93705,2,200,200,209,213,4098,3911,617,627,1657464,1656755,1
D,93715,2,200,200,212,213,4086,3909,624,628,1658088,1657383,1
D,93725,2,200,200,209,214,4095,3904,616,630,1658704,1658013,1
D,93735,2,200,200,211,213,4086,3905,620,628,1659324,1658641,1
D,93745,2,200,200,211,213,4084,3903,622,626,1659946,1659267,1
D,93755,2,200,200,207,212,4097,3904,610,623,1660556,1659890,1
D,93765,2,200,200,211,214,4081,3895,621,629,1661177,1660519,1
D,93775,2,200,200,210,212,4082,3900,618,624,1661795,1661143,1
D,93785,2,200,200,207,211,4091,3901,611,620,1662406,1661763,1
D,93795,2,200,200,210,214,4079,3889,619,631,1663025,1662394,1
D,93805,2,200,200,208,210,4085,3901,613,619,1663638,1663013,1
D,93815,2,200,200,208,211,4084,3896,614,620,1664252,1663633,1
D,93825,2,200,200,209,214,4080,3884,616,629,1664868,1664262,1
D,93835,2,200,200,207,209,4086,3900,609,616,1665477,1664878,1
D,93845,2,200,200,209,210,4078,3895,616,619,1666093,1665497,1
D,93855,2,200,200,207,212,4084,3886,609,625,1666702,1666122,1
D,93865,2,200,200,208,209,4080,3895,612,617,1667314,1666739,1
D,93875,2,200,200,209,210,4076,3890,616,619,1667930,1667358,1
D,93885,2,200,200,205,210,4089,3888,603,619,1668533,1667977,1
D,93895,2,200,200,209,211,4074,3883,615,620,1669148,1668597,1
D,93905,2,200,200,207,209,4080,3889,610,616,1669758,1669213,1
D,93915,2,200,200,205,208,4086,3891,605,613,1670363,1669826,1
D,93925,2,200,200,208,212,4075,3875,612,623,1670975,1670449,1
D,93935,2,200,200,205,207,4084,3891,605,611,1671580,1671060,1
D,93945,2,200,200,207,208,4076,3887,610,612,1672190,1671672,1
D,93955,2,200,200,206,211,4078,3875,606,621,1672796,1672293,1
D,93965,2,200,200,205,206,4080,3891,604,608,1673400,1672901,1
D,93975,2,200,200,207,207,4072,3887,611,611,1674011,1673512,1
D,93985,2,200,200,203,209,4086,3879,598,617,1674609,1674129,1
D,93995,2,200,200,206,206,4075,3888,608,608,1675217,1674737,1
D,94005,2,200,200,206,207,4074,3884,606,610,1675823,1675347,1
D,94015,2,200,200,202,206,4088,3886,596,608,1676419,1675955,1
D,94025,2,200,200,206,208,4073,3878,606,612,1677025,1676567,1
D,94035,2,200,200,203,206,4083,3884,599,606,1677624,1677173,1
D,94045,2,200,200,204,205,4080,3886,601,605,1678225,1677778,1
D,94055,2,200,200,204,208,4080,3875,601,614,1678826,1678392,1
D,94065,2,200,200,202,204,4087,3889,596,601,1679422,1678993,1
D,94075,2,200,200,204,205,4080,3885,602,603,1680024,1679596,1
D,94085,2,200,200,201,208,4090,3874,592,612,1680616,1680208,1
D,94095,2,200,200,203,204,4083,3888,599,600,1681215,1680808,1
D,94105,2,200,200,203,205,4083,3884,599,605,1681814,1681413,1
D,94115,2,200,200,201,205,4090,3883,592,604,1682406,1682017,1
D,94125,2,200,200,203,205,4083,3882,599,604,1683005,1682621,1
D,94135,2,200,200,202,204,4086,3885,594,602,1683599,1683223,1
D,94145,2,200,200,203,203,4083,3888,597,597,1684196,1683820,1
D,94155,2,200,200,202,206,4086,3877,594,607,1684790,1684427,1
D,94165,2,200,200,201,202,4089,3891,593,595,1685383,1685022,1
D,94175,2,200,200,203,203,4082,3888,599,597,1685982,1685619,1
D,94185,2,200,200,200,205,4092,3880,588,605,1686570,1686224,1
D,94195,2,200,200,203,201,4082,3894,597,592,1687167,1686816,1
D,94205,2,200,200,202,203,4085,3887,596,597,1687763,1687413,1
D,94215,2,200,200,200,203,4092,3887,589,598,1688352,1688011,1
D,94225,2,200,200,203,203,4082,3887,598,597,1688950,1688608,1
D,94235,2,200,200,200,202,4092,3890,589,594,1689539,1689202,1
D,94245,2,200,200,202,201,4085,3893,595,591,1690134,1689793,1
D,94255,2,200,200,200,204,4092,3883,590,602,1690724,1690395,1
D,94265,2,200,200,201,200,4089,3897,593,589,1691317,1690984,1
D,94275,2,200,200,203,201,4082,3894,598,591,1691915,1691575,1
D,94285,2,200,200,199,203,4096,3887,585,598,1692500,1692173,1
D,94295,2,200,200,203,200,4082,3897,597,588,1693097,1692761,1
D,94305,2,200,200,201,200,4089,3897,592,590,1693689,1693351,1
D,94315,2,200,200,201,200,4089,3897,591,588,1694280,1693939,1
D,94325,2,200,200,202,202,4086,3890,594,594,1694874,1694533,1
D,94335,2,200,200,200,199,4093,3900,589,586,1695463,1695119,1
D,94345,2,200,200,202,199,4086,3900,595,585,1696058,1695704,1
D,94355,2,200,200,199,202,4096,3890,587,595,1696645,1696299,1
D,94365,2,200,200,202,197,4086,3907,594,580,1697239,1696879,1
D,94375,2,200,200,202,199,4086,3900,595,587,1697834,1697466,1
D,94385,2,200,200,199,200,4096,3897,586,589,1698420,1698055,1
D,94395,2,200,200,202,199,4086,3900,596,586,1699016,1698641,1
D,94405,2,200,200,200,198,4093,3903,590,583,1699606,1699224,1
D,94415,2,200,200,201,198,4090,3903,593,582,1700199,1699806,1
D,94425,2,200,200,201,201,4090,3893,592,592,1700791,1700398,1
D,94435,2,200,200,201,196,4090,3910,591,578,1701382,1700976,1
D,94445,2,200,200,202,198,4087,3903,596,583,1701978,1701559,1
D,94455,2,200,200,199,200,4097,3896,587,590,1702565,1702149,1
D,94465,2,200,200,203,197,4083,3906,597,581,1703162,1702730,1
D,94475,2,200,200,201,198,4090,3903,593,584,1703755,1703314,1
D,94485,2,200,200,200,197,4093,3906,588,581,1704343,1703895,1
D,94495,2,200,200,203,200,4083,3896,597,589,1704940,1704484,1
D,94505,2,200,200,200,197,4093,3906,588,580,1705528,1705064,1
D,94515,2,200,200,202,197,4086,3906,595,580,1706123,1705644,1
D,94525,2,200,200,200,200,4093,3896,590,590,1706713,1706234,1
D,94535,2,200,200,201,196,4090,3910,593,577,1707306,1706811,1
D,94545,2,200,200,203,198,4083,3903,597,583,1707903,1707394,1
D,94555,2,200,200,199,198,4097,3903,585,582,1708488,1707976,1
D,94565,2,200,200,203,199,4083,3900,597,585,1709085,1708561,1
D,94575,2,200,200,201,197,4090,3907,593,581,1709678,1709142,1
D,94585,2,200,200,200,197,4093,3907,590,580,1710268,1709722,1
D,94595,2,200,200,202,200,4086,3897,594,590,1710862,1710312,1
D,94605,2,200,200,200,196,4093,3911,589,577,1711451,1710889,1
D,94615,2,200,200,202,198,4086,3904,596,583,1712047,1711472,1
D,94625,2,200,200,199,199,4096,3901,587,586,1712634,1712058,1
D,94635,2,200,200,202,198,4086,3904,595,583,1713229,1712641,1
D,94645,2,200,200,202,198,4086,3904,596,582,1713825,1713223,1
D,94655,2,200,200,199,197,4096,3907,586,579,1714411,1713802,1
D,94665,2,200,200,202,200,4086,3897,596,589,1715007,1714391,1
D,94675,2,200,200,200,196,4093,3911,590,578,1715597,1714969,1
D,94685,2,200,200,202,197,4086,3908,594,581,1716191,1715550,1
D,94695,2,200,200,201,200,4089,3898,591,588,1716782,1716138,1
D,94705,2,200,200,201,197,4089,3908,591,579,1717373,1716717,1
D,94715,2,200,200,203,198,4082,3905,597,582,1717970,1717299,1
D,94725,2,200,200,199,197,4096,3908,586,579,1718556,1717878,1
D,94735,2,200,200,202,199,4086,3901,596,587,1719152,1718465,1
D,94745,2,200,200,201,197,4089,3908,592,579,1719744,1719044,1
D,94755,2,200,200,200,196,4092,3911,588,578,1720332,1719622,1
D,94765,2,200,200,202,200,4085,3897,595,590,1720927,1720212,1
D,94775,2,200,200,199,196,4095,3911,587,577,1721514,1720789,1
D,94785,2,200,200,202,198,4085,3904,595,582,1722109,1721371,1
D,94795,2,200,200,199,198,4095,3904,587,582,1722696,1721953,1
D,94805,2,200,200,201,198,4088,3904,593,584,1723289,1722537,1
D,94815,2,200,200,202,198,4085,3904,596,582,1723885,1723119,1
D,94825,2,200,200,198,196,4099,3911,584,578,1724469,1723697,1
D,94835,2,200,200,202,200,4085,3897,596,590,1725065,1724287,1
D,94845,2,200,200,200,196,4092,3911,589,576,1725654,1724863,1
D,94855,2,200,200,201,197,4089,3908,591,581,1726245,1725444,1
D,94865,2,200,200,201,199,4089,3901,592,585,1726837,1726029,1
D,94875,2,200,200,200,198,4092,3904,589,582,1727426,1726611,1
D,94885,2,200,200,202,198,4085,3904,595,582,1728021,1727193,1
D,94895,2,200,200,199,196,4095,3911,585,578,1728606,1727771,1
D,94905,2,200,200,202,200,4085,3897,595,589,1729201,1728360,1
D,94915,2,200,200,201,196,4088,3911,593,576,1729794,1728936,1
D,94925,2,200,200,199,197,4095,3908,586,579,1730380,1729515,1
D,94935,2,200,200,202,199,4085,3901,594,587,1730974,1730102,1
D,94945,2,200,200,199,197,4095,3908,587,579,1731561,1730681,1
D,94955,2,200,200,202,197,4085,3908,594,581,1732155,1731262,1
D,94965,2,200,200,199,196,4095,3911,587,577,1732742,1731839,1
D,94975,2,200,200,201,199,4088,3901,591,587,1733333,1732426,1
D,94985,2,200,200,202,196,4085,3911,595,577,1733928,1733003,1
D,94995,2,200,200,198,196,4099,3911,583,576,1734511,1733579,1
D,95005,2,200,200,202,199,4085,3901,596,587,1735107,1734166,1
D,95015,2,200,200,200,196,4092,3911,588,576,1735695,1734742,1
D,95025,2,200,200,200,197,4092,3908,589,580,1736284,1735322,1
D,95035,2,200,200,201,196,4089,3911,592,578,1736876,1735900,1
D,95045,2,200,200,199,198,4096,3904,587,584,1737463,1736484,1
D,95055,2,200,200,202,196,4086,3911,594,578,1738057,1737062,1
D,95065,2,200,200,198,195,4100,3915,584,575,1738641,1737637,1
D,95075,2,200,200,202,199,4086,3901,594,587,1739235,1738224,1
D,95085,2,200,200,200,195,4093,3916,590,575,1739825,1738799,1
D,95095,2,200,200,198,196,4100,3913,584,578,1740409,1739377,1
D,95105,2,200,200,201,197,4090,3910,593,580,1741002,1739957,1
D,95115,2,200,200,199,197,4097,3910,587,580,1741589,1740537,1
D,95125,2,200,200,201,196,4090,3913,592,578,1742181,1741115,1
D,95135,2,200,200,199,195,4097,3917,587,575,1742768,1741690,1
D,95145,2,200,200,200,199,4094,3903,590,585,1743358,1742275,1
D,95155,2,200,200,201,195,4091,3918,593,573,1743951,1742848,1
D,95165,2,200,200,198,196,4101,3915,583,577,1744534,1743425,1
D,95175,2,200,200,202,197,4087,3912,594,580,1745128,1744005,1
D,95185,2,200,200,200,196,4094,3915,589,578,1745717,1744583,1
D,95195,2,200,200,200,196,4094,3915,588,577,1746305,1745160,1
D,95205,2,200,200,201,195,4091,3919,592,573,1746897,1745733,1
D,95215,2,200,200,199,198,4098,3909,587,584,1747484,1746317,1
D,95225,2,200,200,201,194,4091,3924,593,572,1748077,1746889,1
D,95235,2,200,200,199,195,4098,3922,585,575,1748662,1747464,1
D,95245,2,200,200,202,197,4088,3915,594,581,1749256,1748045,1
D,95255,2,200,200,201,196,4091,3918,591,576,1749847,1748621,1
D,95265,2,200,200,199,196,4098,3918,585,576,1750432,1749197,1
D,95275,2,200,200,202,195,4088,3922,594,573,1751026,1749770,1
D,95285,2,200,200,200,198,4095,3912,588,583,1751614,1750353,1
D,95295,2,200,200,201,194,4092,3927,592,572,1752206,1750925,1
D,95305,2,200,200,200,195,4095,3925,589,573,1752795,1751498,1
D,95315,2,200,200,201,197,4092,3918,591,581,1753386,1752079,1
D,95325,2,200,200,202,195,4089,3926,594,575,1753980,1752654,1
D,95335,2,200,200,198,195,4103,3927,584,575,1754564,1753229,1
D,95345,2,200,200,202,195,4089,3928,595,573,1755159,1753802,1
D,95355,2,200,200,200,198,4096,3918,590,582,1755749,1754384,1
D,95365,2,200,200,200,194,4096,3933,589,571,1756338,1754955,1
D,95375,2,200,200,201,195,4093,3931,593,574,1756931,1755529,1
D,95385,2,200,200,200,197,4096,3924,589,581,1757520,1756110,1
D,95395,2,200,200,202,195,4089,3932,594,575,1758114,1756685,1
D,95405,2,200,200,199,196,4099,3929,587,576,1758701,1757261,1
D,95415,2,200,200,202,195,4089,3933,594,573,1759295,1757834,1
D,95425,2,200,200,202,198,4089,3923,594,582,1759889,1758416,1
D,95435,2,200,200,199,195,4099,3934,586,573,1760475,1758989,1
D,95445,2,200,200,203,195,4085,3935,597,574,1761072,1759563,1
D,95455,2,200,200,200,198,4095,3925,590,583,1761662,1760146,1
D,95465,2,200,200,202,195,4088,3936,594,575,1762256,1760721,1
D,95475,2,200,200,201,196,4091,3933,592,576,1762848,1761297,1
D,95485,2,200,200,201,195,4091,3937,591,575,1763439,1761872,1
D,95495,2,200,200,202,198,4088,3927,595,582,1764034,1762454,1
D,95505,2,200,200,199,195,4098,3938,587,575,1764621,1763029,1
D,95515,2,200,200,202,196,4088,3935,595,576,1765216,1763605,1
D,95525,2,200,200,201,198,4091,3928,593,584,1765809,1764189,1
D,95535,2,200,200,200,196,4094,3935,588,576,1766397,1764765,1
D,95545,2,200,200,202,196,4087,3935,595,578,1766992,1765343,1
D,95555,2,200,200,201,196,4090,3935,591,578,1767583,1765921,1
D,95565,2,200,200,202,198,4087,3928,594,583,1768177,1766504,1
D,95575,2,200,200,200,196,4094,3935,590,576,1768767,1767080,1
D,95585,2,200,200,201,196,4091,3935,592,577,1769359,1767657,1
D,95595,2,200,200,202,199,4088,3925,595,586,1769954,1768243,1
D,95605,2,200,200,199,196,4098,3935,586,576,1770540,1768819,1
D,95615,2,200,200,202,197,4088,3932,596,579,1771136,1769398,1
D,95625,2,200,200,201,197,4091,3932,591,580,1771727,1769978,1
D,95635,2,200,200,200,198,4094,3929,590,584,1772317,1770562,1
D,95645,2,200,200,202,196,4087,3936,594,578,1772911,1771140,1
D,95655,2,200,200,200,197,4094,3933,589,579,1773500,1771719,1
D,95665,2,200,200,202,200,4087,3923,595,588,1774095,1772307,1
D,95675,2,200,200,200,196,4094,3937,588,577,1774683,1772884,1
D,95685,2,200,200,202,197,4087,3934,594,581,1775277,1773465,1
D,95695,2,200,200,201,199,4090,3927,593,585,1775870,1774050,1
D,95705,2,200,200,199,198,4097,3930,585,583,1776455,1774633,1
D,95715,2,200,200,202,198,4087,3930,595,582,1777050,1775215,1
D,95725,2,200,200,200,197,4094,3933,590,580,1777640,1775795,1
D,95735,2,200,200,201,200,4091,3923,591,590,1778231,1776385,1
D,95745,2,200,200,201,196,4091,3937,591,578,1778822,1776963,1
D,95755,2,200,200,200,197,4094,3934,589,581,1779411,1777544,1
D,95765,2,200,200,201,200,4091,3924,593,588,1780004,1778132,1
D,95775,2,200,200,199,198,4098,3931,585,582,1780589,1778714,1
D,95785,2,200,200,201,198,4091,3931,593,582,1781182,1779296,1
D,95795,2,200,200,201,197,4091,3934,591,581,1781773,1779877,1
D,95805,2,200,200,199,200,4098,3924,586,589,1782359,1780466,1
D,95815,2,200,200,201,197,4091,3934,592,581,1782951,1781047,1
D,95825,2,200,200,199,198,4098,3931,587,583,1783538,1781630,1
D,95835,2,200,200,201,201,4091,3921,591,591,1784129,1782221,1
D,95845,2,200,200,199,197,4098,3935,587,580,1784716,1782801,1
D,95855,2,200,200,200,199,4095,3928,589,585,1785305,1783386,1
D,95865,2,200,200,201,199,4092,3928,593,586,1785898,1783972,1
D,95875,2,200,200,198,200,4102,3925,582,588,1786480,1784560,1
D,95885,2,200,200,201,198,4092,3932,592,583,1787072,1785143,1
D,95895,2,200,200,200,198,4095,3932,588,584,1787660,1785727,1
D,95905,2,200,200,200,201,4095,3922,589,593,1788249,1786320,1
D,95915,2,200,200,200,197,4095,3936,590,581,1788839,1786901,1
D,95925,2,200,200,199,199,4098,3929,587,586,1789426,1787487,1
D,95935,2,200,200,201,200,4091,3926,591,590,1790017,1788077,1
D,95945,2,200,200,198,199,4101,3929,584,587,1790601,1788664,1
D,95955,2,200,200,201,199,4091,3929,591,585,1791192,1789249,1
D,95965,2,200,200,200,198,4094,3932,590,584,1791782,1789833,1
D,95975,2,200,200,198,202,4101,3918,584,594,1792366,1790427,1
D,95985,2,200,200,201,198,4091,3932,592,582,1792958,1791009,1
D,95995,2,200,200,199,199,4098,3929,586,585,1793544,1791594,1
D,96005,2,200,200,200,201,4095,3922,590,592,1794134,1792186,1
D,96015,2,200,200,199,198,4098,3932,585,584,1794719,1792770,1
D,96025,2,200,200,200,199,4095,3929,588,586,1795307,1793356,1
D,96035,2,200,200,201,199,4092,3929,591,586,1795898,1793942,1
D,96045,2,200,200,197,201,4106,3922,580,591,1796478,1794533,1
D,96055,2,200,200,200,198,4096,3932,590,584,1797068,1795117,1
D,96065,2,200,200,199,199,4099,3929,585,585,1797653,1795702,1
D,96075,2,200,200,199,201,4099,3922,585,593,1798238,1796295,1
D,96085,2,200,200,199,198,4099,3932,586,582,1798824,1796877,1
D,96095,2,200,200,198,199,4102,3929,583,587,1799407,1797464,1
D,96105,2,200,200,200,200,4095,3926,588,589,1799995,1798053,1
D,96115,2,200,200,197,199,4105,3929,579,587,1800574,1798640,1
D,96125,2,200,200,200,199,4095,3929,588,585,1801162,1799225,1
D,96135,2,200,200,199,198,4098,3932,585,583,1801747,1799808,1
D,96145,2,200,200,198,201,4101,3922,582,593,1802329,1800401,1
D,96155,2,200,200,199,197,4098,3936,587,581,1802916,1800982,1
D,96165,2,200,200,198,199,4101,3929,582,585,1803498,1801567,1
D,96175,2,200,200,199,200,4098,3926,587,590,1804085,1802157,1
D,96185,2,200,200,197,198,4105,3933,581,583,1804666,1802740,1
D,96195,2,200,200,199,199,4098,3930,587,586,1805253,1803326,1
D,96205,2,200,200,199,198,4098,3933,587,583,1805840,1803909,1
D,96215,2,200,200,197,200,4105,3926,579,590,1806419,1804499,1
D,96225,2,200,200,200,198,4095,3933,588,582,1807007,1805081,1
D,96235,2,200,200,198,198,4102,3933,584,583,1807591,1805664,1
D,96245,2,200,200,199,201,4099,3923,586,592,1808177,1806256,1
D,96255,2,200,200,198,197,4102,3937,584,580,1808761,1806836,1
D,96265,2,200,200,198,199,4102,3930,584,585,1809345,1807421,1
D,96275,2,200,200,200,199,4095,3930,589,587,1809934,1808008,1
D,96285,2,200,200,196,200,4109,3927,578,588,1810512,1808596,1
D,96295,2,200,200,200,198,4095,3934,590,583,1811102,1809179,1
D,96305,2,200,200,199,198,4098,3934,585,583,1811687,1809762,1
D,96315,2,200,200,199,201,4098,3924,585,592,1812272,1810354,1
D,96325,2,200,200,200,197,4095,3938,588,580,1812860,1810934,1
D,96335,2,200,200,198,199,4102,3931,584,585,1813444,1811519,1
D,96345,2,200,200,200,200,4095,3928,589,589,1814033,1812108,1
D,96355,2,200,200,198,198,4102,3935,582,584,1814615,1812692,1
D,96365,2,200,200,200,198,4095,3935,588,584,1815203,1813276,1
D,96375,2,200,200,200,198,4095,3935,588,583,1815791,1813859,1
D,96385,2,200,200,198,201,4102,3925,582,592,1816373,1814451,1
D,96395,2,200,200,200,197,4095,3939,589,581,1816962,1815032,1
D,96405,2,200,200,198,198,4102,3936,584,583,1817546,1815615,1
D,96415,2,200,200,200,201,4095,3926,588,591,1818134,1816206,1
D,96425,2,200,200,198,197,4102,3940,584,581,1818718,1816787,1
D,96435,2,200,200,199,199,4099,3933,587,585,1819305,1817372,1
D,96445,2,200,200,200,198,4096,3936,590,584,1819895,1817956,1
D,96455,2,200,200,197,200,4106,3929,580,588,1820475,1818544,1
D,96465,2,200,200,201,198,4092,3936,591,582,1821066,1819126,1
D,96475,2,200,200,200,198,4095,3936,588,582,1821654,1819708,1
D,96485,2,200,200,199,201,4098,3926,587,592,1822241,1820300,1
D,96495,2,200,200,200,197,4095,3940,589,579,1822830,1820879,1
D,96505,2,200,200,199,198,4098,3937,587,584,1823417,1821463,1
D,96515,2,200,200,201,199,4091,3934,592,587,1824009,1822050,1
D,96525,2,200,200,198,199,4101,3934,584,585,1824593,1822635,1
D,96535,2,200,200,201,198,4091,3937,592,583,1825185,1823218,1
D,96545,2,200,200,201,198,4091,3937,591,582,1825776,1823800,1
D,96555,2,200,200,198,201,4101,3927,584,592,1826360,1824392,1
D,96565,2,200,200,201,197,4091,3941,592,581,1826952,1824973,1
D,96575,2,200,200,199,199,4098,3934,587,585,1827539,1825558,1
D,96585,2,200,200,201,201,4091,3927,591,592,1828130,1826150,1
D,96595,2,200,200,199,198,4098,3937,586,584,1828716,1826734,1
D,96605,2,200,200,200,199,4095,3934,590,587,1829306,1827321,1
D,96615,2,200,200,201,199,4092,3934,593,585,1829899,1827906,1
D,96625,2,200,200,198,201,4102,3927,582,593,1830481,1828499,1
D,96635,2,200,200,201,199,4092,3934,592,585,1831073,1829084,1
D,96645,2,200,200,200,199,4095,3934,588,587,1831661,1829671,1
D,96655,2,200,200,200,202,4095,3924,588,595,1832249,1830266,1
D,96665,2,200,200,201,199,4092,3934,591,585,1832840,1830851,1
D,96675,2,200,200,199,200,4099,3931,587,589,1833427,1831440,1
D,96685,2,200,200,201,201,4092,3928,593,593,1834020,1832033,1
D,96695,2,200,200,199,201,4099,3928,585,591,1834605,1832624,1
D,96705,2,200,200,201,200,4092,3931,592,588,1835197,1833212,1
D,96715,2,200,200,201,200,4092,3931,592,589,1835789,1833801,1
D,96725,2,200,200,198,203,4102,3921,584,597,1836373,1834398,1
D,96735,2,200,200,201,199,4092,3935,593,586,1836966,1834984,1
D,96745,2,200,200,200,200,4095,3932,588,590,1837554,1835574,1
D,96755,2,200,200,201,202,4092,3925,593,596,1838147,1836170,1
D,96765,2,200,200,200,200,4095,3932,589,589,1838736,1836759,1
D,96775,2,200,200,200,200,4095,3932,589,590,1839325,1837349,1
D,96785,2,200,200,202,200,4088,3932,594,590,1839919,1837939,1
D,96795,2,200,200,198,202,4102,3925,583,595,1840502,1838534,1
D,96805,2,200,200,201,200,4092,3932,593,589,1841095,1839123,1
D,96815,2,200,200,201,200,4092,3932,591,589,1841686,1839712,1
D,96825,2,200,200,200,203,4095,3922,588,599,1842274,1840311,1
D,96835,2,200,200,201,199,4092,3936,592,586,1842866,1840897,1
D,96845,2,200,200,199,201,4099,3929,587,592,1843453,1841489,1
D,96855,2,200,200,201,202,4092,3926,593,596,1844046,1842085,1
D,96865,2,200,200,199,201,4099,3929,585,592,1844631,1842677,1
D,96875,2,200,200,201,201,4092,3929,591,591,1845222,1843268,1
D,96885,2,200,200,201,201,4092,3929,592,591,1845814,1843859,1
D,96895,2,200,200,198,203,4102,3922,584,599,1846398,1844458,1
D,96905,2,200,200,201,200,4092,3932,592,589,1846990,1845047,1
D,96915,2,200,200,200,201,4095,3929,588,591,1847578,1845638,1
D,96925,2,200,200,201,204,4092,3919,591,600,1848169,1846238,1
D,96935,2,200,200,200,200,4095,3933,588,589,1848757,1846827,1
D,96945,2,200,200,200,201,4095,3930,589,593,1849346,1847420,1
D,96955,2,200,200,201,202,4092,3927,593,594,1849939,1848014,1
D,96965,2,200,200,198,202,4102,3927,583,596,1850522,1848610,1
D,96975,2,200,200,201,200,4092,3934,592,590,1851114,1849200,1
D,96985,2,200,200,200,201,4095,3931,590,591,1851704,1849791,1
D,96995,2,200,200,200,203,4095,3924,588,599,1852292,1850390,1
D,97005,2,200,200,201,200,4092,3934,591,588,1852883,1850978,1
D,97015,2,200,200,199,201,4099,3931,587,591,1853470,1851569,1
D,97025,2,200,200,201,203,4092,3924,592,598,1854062,1852167,1
D,97035,2,200,200,199,200,4099,3934,585,590,1854647,1852757,1
D,97045,2,200,200,201,201,4092,3931,592,591,1855239,1853348,1
D,97055,2,200,200,200,201,4095,3931,590,592,1855829,1853940,1
D,97065,2,200,200,198,202,4102,3928,583,596,1856412,1854536,1
D,97075,2,200,200,201,200,4092,3935,591,590,1857003,1855126,1
D,97085,2,200,200,199,200,4099,3935,586,590,1857589,1855716,1
D,97095,2,200,200,200,203,4096,3925,588,599,1858177,1856315,1
D,97105,2,200,200,199,199,4099,3939,586,587,1858763,1856902,1
D,97115,2,200,200,199,201,4099,3932,587,591,1859350,1857493,1
D,97125,2,200,200,200,203,4096,3925,589,597,1859939,1858090,1
D,97135,2,200,200,197,201,4106,3932,580,591,1860519,1858681,1
D,97145,2,200,200,200,201,4096,3932,590,591,1861109,1859272,1
D,97155,2,200,200,199,200,4099,3935,586,590,1861695,1859862,1
D,97165,2,200,200,199,203,4099,3925,585,598,1862280,1860460,1
D,97175,2,200,200,200,200,4096,3935,588,588,1862868,1861048,1
D,97185,2,200,200,198,200,4103,3935,584,590,1863452,1861638,1
D,97195,2,200,200,200,203,4096,3925,590,599,1864042,1862237,1
D,97205,2,200,200,198,199,4103,3939,582,587,1864624,1862824,1
D,97215,2,200,200,200,201,4096,3932,589,592,1865213,1863416,1
D,97225,2,200,200,200,202,4096,3929,588,594,1865801,1864010,1
D,97235,2,200,200,198,201,4103,3932,582,592,1866383,1864602,1
D,97245,2,200,200,200,200,4096,3935,590,590,1866973,1865192,1
D,97255,2,200,200,199,200,4099,3935,585,588,1867558,1865780,1
D,97265,2,200,200,200,203,4096,3925,589,597,1868147,1866377,1
D,97275,2,200,200,199,199,4099,3939,585,586,1868732,1866963,1
D,97285,2,200,200,199,200,4099,3936,587,589,1869319,1867552,1
D,97295,2,200,200,201,202,4092,3929,591,596,1869910,1868148,1
D,97305,2,200,200,197,200,4106,3936,580,589,1870490,1868737,1
D,97315,2,200,200,201,200,4092,3936,591,590,1871081,1869327,1
D,97325,2,200,200,199,200,4099,3936,587,589,1871668,1869916,1
D,97335,2,200,200,199,202,4099,3929,587,595,1872255,1870511,1
D,97345,2,200,200,200,200,4096,3936,588,588,1872843,1871099,1
D,97355,2,200,200,199,200,4099,3936,585,589,1873428,1871688,1
D,97365,2,200,200,201,202,4092,3929,591,596,1874019,1872284,1
D,97375,2,200,200,198,199,4102,3939,582,585,1874601,1872869,1
D,97385,2,200,200,201,200,4092,3936,591,589,1875192,1873458,1
D,97395,2,200,200,200,201,4095,3933,588,593,1875780,1874051,1
D,97405,2,200,200,198,200,4102,3936,584,589,1876364,1874640,1
D,97415,2,200,200,200,200,4095,3936,590,588,1876954,1875228,1
D,97425,2,200,200,199,199,4098,3939,586,587,1877540,1875815,1
D,97435,2,200,200,201,202,4091,3929,591,594,1878131,1876409,1
D,97445,2,200,200,199,199,4098,3939,585,585,1878716,1876994,1
D,97455,2,200,200,200,200,4095,3936,590,588,1879306,1877582,1
D,97465,2,200,200,201,202,4092,3929,592,595,1879898,1878177,1
D,97475,2,200,200,198,199,4102,3939,582,585,1880480,1878762,1
D,97485,2,200,200,201,200,4092,3936,592,589,1881072,1879351,1
D,97495,2,200,200,200,200,4095,3936,588,589,1881660,1879940,1
D,97505,2,200,200,200,201,4095,3933,590,592,1882250,1880532,1
D,97515,2,200,200,200,200,4095,3936,589,588,1882839,1881120,1
D,97525,2,200,200,200,199,4095,3939,588,587,1883427,1881707,1
D,97535,2,200,200,201,202,4092,3929,593,596,1884020,1882303,1
D,97545,2,200,200,198,198,4102,3943,584,584,1884604,1882887,1
D,97555,2,200,200,201,200,4092,3936,593,590,1885197,1883477,1
D,97565,2,200,200,201,202,4092,3929,591,594,1885788,1884071,1
D,97575,2,200,200,199,200,4099,3936,585,589,1886373,1884660,1
D,97585,2,200,200,201,200,4092,3936,592,589,1886965,1885249,1
D,97595,2,200,200,200,199,4095,3939,589,587,1887554,1885836,1
D,97605,2,200,200,201,203,4092,3925,593,597,1888147,1886433,1
D,97615,2,200,200,200,199,4095,3939,588,587,1888735,1887020,1
D,97625,2,200,200,201,200,4092,3936,591,589,1889326,1887609,1
D,97635,2,200,200,202,203,4089,3926,594,597,1889920,1888206,1
D,97645,2,200,200,198,199,4103,3940,584,587,1890504,1888793,1
D,97655,2,200,200,201,201,4093,3933,593,592,1891097,1889385,1
D,97665,2,200,200,201,201,4093,3933,591,593,1891688,1889978,1
D,97675,2,200,200,200,202,4096,3930,589,595,1892277,1890573,1
D,97685,2,200,200,201,201,4093,3933,592,591,1892869,1891164,1
D,97695,2,200,200,200,201,4096,3933,588,591,1893457,1891755,1
D,97705,2,200,200,201,204,4093,3923,593,600,1894050,1892355,1
D,97715,2,200,200,199,200,4100,3937,586,589,1894636,1892944,1
D,97725,2,200,200,202,201,4090,3934,594,592,1895230,1893536,1
D,97735,2,200,200,201,204,4093,3924,592,600,1895822,1894136,1
D,97745,2,200,200,199,201,4100,3934,586,592,1896408,1894728,1
D,97755,2,200,200,202,201,4090,3934,594,593,1897002,1895321,1
D,97765,2,200,200,200,201,4097,3934,589,592,1897591,1895913,1
D,97775,2,200,200,202,203,4090,3927,594,598,1898185,1896511,1
D,97785,2,200,200,200,201,4097,3934,590,591,1898775,1897102,1
D,97795,2,200,200,201,201,4094,3934,591,592,1899366,1897694,1
D,97805,2,200,200,202,204,4091,3924,594,600,1899960,1898294,1
D,97815,2,200,200,199,200,4101,3938,585,589,1900545,1898883,1
D,97825,2,200,200,202,202,4091,3931,594,594,1901139,1899477,1
D,97835,2,200,200,201,203,4094,3928,592,598,1901731,1900075,1
D,97845,2,200,200,200,202,4097,3931,588,595,1902319,1900670,1
D,97855,2,200,200,201,202,4094,3931,593,594,1902912,1901264,1
D,97865,2,200,200,200,201,4097,3934,588,593,1903500,1901857,1
D,97875,2,200,200,201,204,4094,3924,593,600,1904093,1902457,1
D,97885,2,200,200,199,201,4101,3934,587,593,1904680,1903050,1
D,97895,2,200,200,201,201,4094,3934,593,593,1905273,1903643,1
D,97905,2,200,200,201,205,4094,3919,592,603,1905865,1904246,1
D,97915,2,200,200,198,201,4104,3933,584,591,1906449,1904837,1
D,97925,2,200,200,202,202,4090,3930,594,595,1907043,1905432,1
D,97935,2,200,200,200,203,4097,3927,589,599,1907632,1906031,1
D,97945,2,200,200,201,203,4094,3927,591,598,1908223,1906629,1
D,97955,2,200,200,200,202,4097,3930,590,595,1908813,1907224,1
D,97965,2,200,200,200,202,4097,3930,588,594,1909401,1907818,1
D,97975,2,200,200,201,204,4094,3923,593,602,1909994,1908420,1
D,97985,2,200,200,198,201,4104,3933,584,593,1910578,1909013,1
D,97995,2,200,200,202,202,4090,3930,594,595,1911172,1909608,1
D,98005,2,200,200,201,205,4093,3919,591,603,1911763,1910211,1
D,98015,2,200,200,199,201,4100,3933,586,591,1912349,1910802,1
D,98025,2,200,200,201,202,4093,3930,593,595,1912942,1911397,1
D,98035,2,200,200,199,203,4100,3927,587,598,1913529,1911995,1
D,98045,2,200,200,201,203,4093,3927,593,597,1914122,1912592,1
D,98055,2,200,200,199,202,4100,3930,585,594,1914707,1913186,1
D,98065,2,200,200,201,201,4093,3933,591,592,1915298,1913778,1
D,98075,2,200,200,201,204,4093,3923,591,602,1915889,1914380,1
D,98085,2,200,200,197,201,4107,3933,581,591,1916470,1914971,1
D,98095,2,200,200,201,201,4093,3933,593,593,1917063,1915564,1
D,98105,2,200,200,199,204,4100,3923,585,601,1917648,1916165,1
D,98115,2,200,200,200,201,4097,3933,589,592,1918237,1916757,1
D,98125,2,200,200,199,202,4100,3930,586,595,1918823,1917352,1
D,98135,2,200,200,199,202,4100,3930,585,594,1919408,1917946,1
D,98145,2,200,200,200,203,4097,3927,590,598,1919998,1918544,1
D,98155,2,200,200,197,202,4107,3930,581,594,1920579,1919138,1
D,98165,2,200,200,201,201,4093,3933,591,593,1921170,1919731,1
D,98175,2,200,200,199,204,4100,3923,586,601,1921756,1920332,1
D,98185,2,200,200,199,201,4100,3933,585,591,1922341,1920923,1
D,98195,2,200,200,200,202,4097,3930,590,594,1922931,1921517,1
D,98205,2,200,200,199,204,4100,3923,585,600,1923516,1922117,1
D,98215,2,200,200,201,201,4093,3933,591,593,1924107,1922710,1
D,98225,2,200,200,198,202,4103,3930,583,594,1924690,1923304,1
D,98235,2,200,200,200,201,4096,3933,590,593,1925280,1923897,1
D,98245,2,200,200,201,203,4093,3926,591,598,1925871,1924495,1
D,98255,2,200,200,197,201,4107,3933,581,593,1926452,1925088,1
D,98265,2,200,200,201,201,4093,3933,593,591,1927045,1925679,1
D,98275,2,200,200,199,204,4100,3923,587,601,1927632,1926280,1
D,98285,2,200,200,200,200,4097,3937,590,589,1928222,1926869,1
D,98295,2,200,200,200,201,4097,3934,588,593,1928810,1927462,1
D,98305,2,200,200,199,203,4100,3927,587,598,1929397,1928060,1
D,98315,2,200,200,201,201,4093,3934,592,593,1929989,1928653,1
D,98325,2,200,200,198,202,4103,3931,582,594,1930571,1929247,1
D,98335,2,200,200,202,201,4089,3934,594,591,1931165,1929838,1
D,98345,2,200,200,200,203,4096,3927,589,599,1931754,1930437,1
D,98355,2,200,200,199,201,4099,3934,586,591,1932340,1931028,1
D,98365,2,200,200,201,201,4092,3934,593,591,1932933,1931619,1
D,98375,2,200,200,199,204,4099,3924,587,600,1933520,1932219,1
D,98385,2,200,200,202,200,4089,3938,594,589,1934114,1932808,1
D,98395,2,200,200,199,201,4099,3935,586,591,1934700,1933399,1
D,98405,2,200,200,201,202,4092,3932,593,594,1935293,1933993,1
D,98415,2,200,200,201,201,4092,3935,592,593,1935885,1934586,1
D,98425,2,200,200,198,201,4102,3935,584,592,1936469,1935178,1
D,98435,2,200,200,202,200,4088,3938,595,589,1937064,1935767,1
D,98445,2,200,200,200,203,4095,3928,589,598,1937653,1936365,1
D,98455,2,200,200,201,200,4092,3938,593,588,1938246,1936953,1
D,98465,2,200,200,201,200,4092,3938,592,590,1938838,1937543,1
D,98475,2,200,200,200,203,4095,3928,590,598,1939428,1938141,1
D,98485,2,200,200,202,200,4088,3938,595,588,1940023,1938729,1
D,98495,2,200,200,199,201,4098,3935,586,591,1940609,1939320,1
D,98505,2,200,200,202,200,4088,3938,596,590,1941205,1939910,1
D,98515,2,200,200,201,202,4091,3931,593,595,1941798,1940505,1
D,98525,2,200,200,200,200,4094,3938,588,589,1942386,1941094,1
D,98535,2,200,200,202,200,4087,3938,596,588,1942982,1941682,1
D,98545,2,200,200,201,203,4090,3928,591,598,1943573,1942280,1
D,98555,2,200,200,202,199,4087,3942,595,585,1944168,1942865,1
D,98565,2,200,200,200,200,4094,3939,590,590,1944758,1943455,1
D,98575,2,200,200,202,202,4087,3932,594,595,1945352,1944050,1
D,98585,2,200,200,202,200,4087,3939,596,590,1945948,1944640,1
D,98595,2,200,200,199,201,4097,3936,586,591,1946534,1945231,1
D,98605,2,200,200,203,200,4083,3939,598,588,1947132,1945819,1
D,98615,2,200,200,201,203,4090,3929,592,598,1947724,1946417,1
D,98625,2,200,200,201,200,4090,3939,592,588,1948316,1947005,1
D,98635,2,200,200,202,200,4087,3939,596,588,1948912,1947593,1
D,98645,2,200,200,200,203,4094,3929,590,599,1949502,1948192,1
D,98655,2,200,200,203,199,4084,3943,597,587,1950099,1948779,1
D,98665,2,200,200,200,201,4094,3936,589,592,1950688,1949371,1
D,98675,2,200,200,202,202,4087,3933,596,594,1951284,1949965,1
D,98685,2,200,200,202,202,4087,3933,596,595,1951880,1950560,1
D,98695,2,200,200,200,201,4094,3936,588,592,1952468,1951152,1
D,98705,2,200,200,203,201,4084,3936,598,591,1953066,1951743,1
D,98715,2,200,200,201,204,4091,3926,592,600,1953658,1952343,1
D,98725,2,200,200,202,200,4088,3940,595,590,1954253,1952933,1
D,98735,2,200,200,202,201,4088,3937,594,592,1954847,1953525,1
D,98745,2,200,200,201,204,4091,3927,592,601,1955439,1954126,1
D,98755,2,200,200,203,201,4084,3937,598,591,1956037,1954717,1
D,98765,2,200,200,200,202,4094,3934,589,594,1956626,1955311,1
D,98775,2,200,200,203,201,4084,3937,598,593,1957224,1955904,1
D,98785,2,200,200,202,203,4087,3930,595,598,1957819,1956502,1
D,98795,2,200,200,200,202,4094,3933,590,594,1958409,1957096,1
D,98805,2,200,200,203,201,4084,3936,597,591,1959006,1957687,1
D,98815,2,200,200,201,204,4091,3926,591,602,1959597,1958289,1
D,98825,2,200,200,202,200,4088,3940,596,590,1960193,1958879,1
D,98835,2,200,200,201,202,4091,3933,592,594,1960785,1959473,1
D,98845,2,200,200,201,204,4091,3926,593,600,1961378,1960073,1
D,98855,2,200,200,203,202,4084,3933,598,594,1961976,1960667,1
D,98865,2,200,200,200,202,4094,3933,588,595,1962564,1961262,1
D,98875,2,200,200,203,201,4084,3936,599,592,1963163,1961854,1
D,98885,2,200,200,201,204,4091,3926,593,600,1963756,1962454,1
D,98895,2,200,200,201,202,4091,3933,592,594,1964348,1963048,1
D,98905,2,200,200,202,201,4088,3936,596,593,1964944,1963641,1
D,98915,2,200,200,201,205,4091,3921,591,604,1965535,1964245,1
D,98925,2,200,200,203,201,4084,3935,597,591,1966132,1964836,1
D,98935,2,200,200,200,202,4094,3932,589,596,1966721,1965432,1
D,98945,2,200,200,202,203,4087,3929,595,599,1967316,1966031,1
D,98955,2,200,200,202,203,4087,3929,596,598,1967912,1966629,1
D,98965,2,200,200,199,202,4097,3932,585,595,1968497,1967224,1
D,98975,2,200,200,203,202,4083,3932,598,594,1969095,1967818,1
D,98985,2,200,200,201,204,4090,3925,591,602,1969686,1968420,1
D,98995,2,200,200,201,201,4090,3935,592,593,1970278,1969013,1
D,99005,2,200,200,201,201,4090,3935,593,593,1970871,1969606,1
D,99015,2,200,200,200,204,4093,3925,589,602,1971460,1970208,1
D,99025,2,200,200,203,201,4083,3935,597,591,1972057,1970799,1
D,99035,2,200,200,199,202,4097,3932,587,595,1972644,1971394,1
D,99045,2,200,200,202,202,4087,3932,596,596,1973240,1971990,1
D,99055,2,200,200,202,202,4087,3932,594,596,1973834,1972586,1
D,99065,2,200,200,199,202,4097,3932,586,594,1974420,1973180,1
D,99075,2,200,200,202,201,4087,3935,595,592,1975015,1973772,1
D,99085,2,200,200,200,204,4094,3925,588,601,1975603,1974373,1
D,99095,2,200,200,201,200,4091,3939,593,590,1976196,1974963,1
D,99105,2,200,200,200,201,4094,3936,588,592,1976784,1975555,1
D,99115,2,200,200,200,204,4094,3926,590,602,1977374,1976157,1
D,99125,2,200,200,201,201,4091,3936,593,592,1977967,1976749,1
D,99135,2,200,200,198,202,4101,3933,583,594,1978550,1977343,1
D,99145,2,200,200,202,202,4087,3933,594,595,1979144,1977938,1
D,99155,2,200,200,200,203,4094,3930,588,597,1979732,1978535,1
D,99165,2,200,200,199,202,4097,3933,586,594,1980318,1979129,1
D,99175,2,200,200,201,201,4090,3936,592,591,1980910,1979720,1
D,99185,2,200,200,199,204,4097,3926,585,601,1981495,1980321,1
D,99195,2,200,200,201,200,4090,3940,593,589,1982088,1980910,1
D,99205,2,200,200,199,201,4097,3937,585,593,1982673,1981503,1
D,99215,2,200,200,201,204,4090,3927,593,600,1983266,1982103,1
D,99225,2,200,200,201,201,4090,3937,592,591,1983858,1982694,1
D,99235,2,200,200,198,202,4100,3934,583,594,1984441,1983288,1
D,99245,2,200,200,202,201,4086,3937,594,592,1985035,1983880,1
D,99255,2,200,200,200,203,4093,3930,588,599,1985623,1984479,1
D,99265,2,200,200,201,201,4090,3937,591,592,1986214,1985071,1
D,99275,2,200,200,200,200,4093,3940,589,590,1986803,1985661,1
D,99285,2,200,200,200,204,4093,3926,589,602,1987392,1986263,1
D,99295,2,200,200,202,200,4086,3940,594,589,1987986,1986852,1
D,99305,2,200,200,199,201,4096,3937,585,592,1988571,1987444,1
D,99315,2,200,200,202,203,4086,3930,595,598,1989166,1988042,1
D,99325,2,200,200,201,201,4089,3937,591,593,1989757,1988635,1
D,99335,2,200,200,200,202,4092,3934,588,594,1990345,1989229,1
D,99345,2,200,200,202,200,4085,3941,594,590,1990939,1989819,1
D,99355,2,200,200,200,203,4092,3931,588,599,1991527,1990418,1
D,99365,2,200,200,202,201,4085,3938,595,591,1992122,1991009,1
D,99375,2,200,200,200,200,4092,3941,588,590,1992710,1991599,1
D,99385,2,200,200,202,204,4085,3927,594,601,1993304,1992200,1
D,99395,2,200,200,202,200,4085,3941,595,588,1993899,1992788,1
D,99405,2,200,200,199,201,4095,3938,585,593,1994484,1993381,1
D,99415,2,200,200,202,202,4085,3935,596,594,1995080,1993975,1
D,99425,2,200,200,201,202,4088,3935,591,594,1995671,1994569,1
D,99435,2,200,200,201,201,4088,3938,592,592,1996263,1995161,1
D,99445,2,200,200,202,200,4085,3941,594,590,1996857,1995751,1
D,99455,2,200,200,200,203,4092,3931,590,599,1997447,1996350,1
D,99465,2,200,200,203,200,4082,3941,597,588,1998044,1996938,1
D,99475,2,200,200,200,200,4092,3941,588,590,1998632,1997528,1
D,99485,2,200,200,203,203,4082,3931,597,599,1999229,1998127,1
D,99495,2,200,200,202,200,4085,3941,595,589,1999824,1998716,1
D,99505,2,200,200,200,201,4092,3938,588,593,2000412,1999309,1
D,99515,2,200,200,203,201,4082,3938,598,591,2001010,1999900,1
D,99525,2,200,200,201,202,4089,3935,591,595,2001601,2000495,1
D,99535,2,200,200,202,201,4086,3938,596,591,2002197,2001086,1
D,99545,2,200,200,202,200,4086,3941,594,589,2002791,2001675,1
D,99555,2,200,200,201,204,4089,3927,593,600,2003384,2002275,1
D,99565,2,200,200,203,199,4082,3944,599,587,2003983,2002862,1
D,99575,2,200,200,200,201,4092,3937,588,591,2004571,2003453,1
D,99585,2,200,200,204,203,4078,3930,600,597,2005171,2004050,1
D,99595,2,200,200,202,201,4085,3937,595,592,2005766,2004642,1
D,99605,2,200,200,201,201,4088,3937,591,593,2006357,2005235,1
D,99615,2,200,200,203,200,4081,3940,599,589,2006956,2005824,1
D,99625,2,200,200,201,203,4088,3930,592,599,2007548,2006423,1
D,99635,2,200,200,203,200,4081,3940,598,590,2008146,2007013,1
D,99645,2,200,200,201,200,4088,3940,593,590,2008739,2007603,1
D,99655,2,200,200,202,204,4085,3926,596,601,2009335,2008204,1
D,99665,2,200,200,203,200,4082,3940,599,590,2009934,2008794,1
D,99675,2,200,200,200,201,4092,3937,588,593,2010522,2009387,1
D,99685,2,200,200,204,202,4078,3934,601,596,2011123,2009983,1
D,99695,2,200,200,202,202,4085,3934,594,596,2011717,2010579,1
D,99705,2,200,200,202,202,4085,3934,595,595,2012312,2011174,1
D,99715,2,200,200,203,201,4082,3937,598,593,2012910,2011767,1
D,99725,2,200,200,201,205,4089,3922,593,603,2013503,2012370,1
D,99735,2,200,200,204,201,4079,3936,600,592,2014103,2012962,1
D,99745,2,200,200,201,201,4089,3936,592,593,2014695,2013555,1
D,99755,2,200,200,203,205,4082,3921,598,604,2015293,2014159,1
D,99765,2,200,200,204,201,4079,3935,600,592,2015893,2014751,1
D,99775,2,200,200,200,202,4093,3932,589,596,2016482,2015347,1
D,99785,2,200,200,204,202,4079,3932,601,596,2017083,2015943,1
D,99795,2,200,200,202,203,4086,3929,596,599,2017679,2016542,1
D,99805,2,200,200,203,202,4083,3932,597,595,2018276,2017137,1
D,99815,2,200,200,203,201,4083,3935,598,592,2018874,2017729,1
D,99825,2,200,200,201,205,4090,3920,593,603,2019467,2018332,1
D,99835,2,200,200,204,201,4080,3934,601,591,2020068,2018923,1
D,99845,2,200,200,201,202,4090,3931,591,594,2020659,2019517,1
D,99855,2,200,200,203,205,4083,3920,599,603,2021258,2020120,1
D,99865,2,200,200,203,201,4083,3934,599,593,2021857,2020713,1
D,99875,2,200,200,200,203,4093,3927,590,597,2022447,2021310,1
D,99885,2,200,200,204,202,4079,3930,602,595,2023049,2021905,1
D,99895,2,200,200,202,204,4086,3923,595,600,2023644,2022505,1
D,99905,2,200,200,203,203,4083,3926,597,597,2024241,2023102,1
D,99915,2,200,200,202,201,4086,3933,596,593,2024837,2023695,1
D,99925,2,200,200,202,206,4086,3915,594,606,2025431,2024301,1
D,99935,2,200,200,204,201,4079,3932,600,591,2026031,2024892,1
D,99945,2,200,200,201,202,4089,3929,591,595,2026622,2025487,1
D,99955,2,200,200,204,205,4079,3918,601,603,2027223,2026090,1
D,99965,2,200,200,203,202,4082,3928,597,595,2027820,2026685,1
D,99975,2,200,200,201,203,4089,3925,592,597,2028412,2027282,1
D,99985,2,200,200,203,202,4082,3928,599,594,2029011,2027876,1
D,99995,2,200,200,201,204,4089,3921,593,600,2029604,2028476,1
D,100005,2,200,200,203,202,4082,3928,597,594,2030201,2029070,1
D,100015,2,200,200,201,201,4089,3931,593,593,2030794,2029663,1
D,100025,2,200,200,202,205,4086,3916,594,604,2031388,2030267,1
D,100035,2,200,200,203,200,4083,3933,598,590,2031986,2030857,1
D,100045,2,200,200,200,202,4093,3926,589,595,2032575,2031452,1
D,100055,2,200,200,203,204,4083,3919,599,600,2033174,2032052,1
D,100065,2,200,200,202,202,4086,3926,595,594,2033769,2032646,1
D,100075,2,200,200,200,202,4093,3926,590,595,2034359,2033241,1
D,100085,2,200,200,203,201,4083,3929,597,592,2034956,2033833,1
D,100095,2,200,200,201,204,4090,3919,591,600,2035547,2034433,1
D,100105,2,200,200,203,201,4083,3929,597,591,2036144,2035024,1
D,100115,2,200,200,201,201,4090,3929,591,591,2036735,2035615,1
D,100125,2,200,200,202,204,4087,3919,594,602,2037329,2036217,1
D,100135,2,200,200,203,200,4084,3933,597,589,2037926,2036806,1
D,100145,2,200,200,199,202,4098,3926,586,594,2038512,2037400,1
D,100155,2,200,200,203,202,4084,3926,597,595,2039109,2037995,1
D,100165,2,200,200,201,202,4091,3926,591,594,2039700,2038589,1
D,100175,2,200,200,200,201,4094,3929,590,593,2040290,2039182,1
D,100185,2,200,200,202,201,4087,3929,594,591,2040884,2039773,1
D,100195,2,200,200,200,203,4094,3922,589,599,2041473,2040372,1
D,100205,2,200,200,202,200,4087,3932,596,589,2042069,2040961,1
D,100215,2,200,200,199,200,4097,3932,587,590,2042656,2041551,1
D,100225,2,200,200,202,204,4087,3918,595,600,2043251,2042151,1
D,100235,2,200,200,202,200,4087,3932,596,588,2043847,2042739,1
D,100245,2,200,200,199,201,4097,3929,586,592,2044433,2043331,1
D,100255,2,200,200,203,201,4083,3929,597,591,2045030,2043922,1
D,100265,2,200,200,201,202,4090,3926,591,595,2045621,2044517,1
D,100275,2,200,200,201,201,4090,3929,593,591,2046214,2045108,1
D,100285,2,200,200,201,199,4090,3936,592,587,2046806,2045695,1
D,100295,2,200,200,201,203,4090,3922,592,599,2047398,2046294,1
D,100305,2,200,200,203,199,4083,3936,598,585,2047996,2046879,1
D,100315,2,200,200,199,200,4097,3933,587,589,2048583,2047468,1
D,100325,2,200,200,203,202,4083,3926,598,596,2049181,2048064,1
D,100335,2,200,200,202,199,4086,3936,594,587,2049775,2048651,1
D,100345,2,200,200,200,200,4093,3933,590,590,2050365,2049241,1
D,100355,2,200,200,202,199,4086,3936,596,586,2050961,2049827,1
D,100365,2,200,200,201,202,4089,3926,591,595,2051552,2050422,1
D,100375,2,200,200,203,199,4082,3936,597,586,2052149,2051008,1
D,100385,2,200,200,201,199,4089,3936,591,586,2052740,2051594,1
D,100395,2,200,200,202,203,4086,3922,596,597,2053336,2052191,1
D,100405,2,200,200,203,198,4083,3939,599,584,2053935,2052775,1
D,100415,2,200,200,199,199,4097,3936,586,587,2054521,2053362,1
D,100425,2,200,200,204,200,4080,3933,600,589,2055121,2053951,1
D,100435,2,200,200,202,201,4087,3930,594,591,2055715,2054542,1
D,100445,2,200,200,201,199,4090,3937,593,586,2056308,2055128,1
D,100455,2,200,200,203,198,4083,3940,597,584,2056905,2055712,1
D,100465,2,200,200,201,202,4090,3926,592,595,2057497,2056307,1
D,100475,2,200,200,203,198,4083,3940,599,582,2058096,2056889,1
D,100485,2,200,200,200,199,4093,3937,590,585,2058686,2057474,1
D,100495,2,200,200,203,201,4083,3930,598,591,2059284,2058065,1
D,100505,2,200,200,203,199,4083,3937,599,586,2059883,2058651,1
D,100515,2,200,200,200,199,4093,3937,589,586,2060472,2059237,1
D,100525,2,200,200,204,199,4079,3937,600,585,2061072,2059822,1
D,100535,2,200,200,202,201,4086,3930,595,593,2061667,2060415,1
D,100545,2,200,200,203,198,4083,3940,597,584,2062264,2060999,1
D,100555,2,200,200,203,198,4083,3940,597,584,2062861,2061583,1
D,100565,2,200,200,202,201,4086,3930,594,593,2063455,2062176,1
D,100575,2,200,200,204,198,4079,3940,601,584,2064056,2062760,1
D,100585,2,200,200,201,199,4089,3937,591,587,2064647,2063347,1
D,100595,2,200,200,204,199,4079,3937,600,587,2065247,2063934,1
D,100605,2,200,200,204,200,4079,3934,600,589,2065847,2064523,1
D,100615,2,200,200,201,199,4089,3937,591,586,2066438,2065109,1
D,100625,2,200,200,204,198,4079,3940,601,583,2067039,2065692,1
D,100635,2,200,200,202,202,4086,3926,596,595,2067635,2066287,1
D,100645,2,200,200,203,198,4083,3940,599,582,2068234,2066869,1
D,100655,2,200,200,203,199,4083,3937,598,586,2068832,2067455,1
D,100665,2,200,200,202,201,4086,3930,596,591,2069428,2068046,1
D,100675,2,200,200,204,199,4079,3937,601,587,2070029,2068633,1
D,100685,2,200,200,201,200,4089,3934,592,588,2070621,2069221,1
D,100695,2,200,200,204,199,4079,3937,602,585,2071223,2069806,1
D,100705,2,200,200,203,202,4082,3927,599,595,2071822,2070401,1
D,100715,2,200,200,201,199,4089,3937,593,586,2072415,2070987,1
D,100725,2,200,200,204,199,4079,3937,602,587,2073017,2071574,1
D,100735,2,200,200,202,202,4086,3927,596,596,2073613,2072170,1
D,100745,2,200,200,203,199,4083,3937,599,586,2074212,2072756,1
D,100755,2,200,200,203,200,4083,3934,598,590,2074810,2073346,1
D,100765,2,200,200,202,200,4086,3934,596,590,2075406,2073936,1
D,100775,2,200,200,204,201,4079,3931,601,592,2076007,2074528,1
D,100785,2,200,200,201,200,4089,3934,593,588,2076600,2075116,1
D,100795,2,200,200,204,200,4079,3934,602,588,2077202,2075704,1
D,100805,2,200,200,204,202,4079,3927,600,596,2077802,2076300,1
D,100815,2,200,200,202,199,4086,3937,594,585,2078396,2076885,1
D,100825,2,200,200,204,200,4079,3934,602,589,2078998,2077474,1
D,100835,2,200,200,202,202,4086,3927,596,594,2079594,2078068,1
D,100845,2,200,200,204,200,4079,3934,600,590,2080194,2078658,1
D,100855,2,200,200,202,200,4086,3934,596,589,2080790,2079247,1
D,100865,2,200,200,203,200,4083,3934,598,588,2081388,2079835,1
D,100875,2,200,200,204,202,4080,3927,600,596,2081988,2080431,1
D,100885,2,200,200,201,200,4090,3934,591,588,2082579,2081019,1
D,100895,2,200,200,205,200,4075,3934,603,588,2083182,2081607,1
D,100905,2,200,200,203,203,4082,3924,598,598,2083780,2082205,1
D,100915,2,200,200,201,199,4089,3938,593,587,2084373,2082792,1
D,100925,2,200,200,204,201,4079,3931,601,591,2084974,2083383,1
D,100935,2,200,200,202,201,4086,3931,595,593,2085569,2083976,1
D,100945,2,200,200,203,201,4083,3931,599,593,2086168,2084569,1
D,100955,2,200,200,202,200,4086,3934,595,590,2086763,2085159,1
D,100965,2,200,200,203,200,4083,3934,597,589,2087360,2085748,1
D,100975,2,200,200,204,203,4080,3924,600,599,2087960,2086347,1
D,100985,2,200,200,201,199,4090,3938,591,587,2088551,2086934,1
D,100995,2,200,200,204,200,4080,3935,600,590,2089151,2087524,1
D,101005,2,200,200,202,203,4087,3925,596,598,2089747,2088122,1
D,101015,2,200,200,201,200,4090,3935,593,589,2090340,2088711,1
D,101025,2,200,200,203,201,4083,3932,597,591,2090937,2089302,1
D,101035,2,200,200,202,201,4086,3932,594,591,2091531,2089893,1
D,101045,2,200,200,203,202,4083,3929,598,596,2092129,2090489,1
D,101055,2,200,200,201,200,4090,3936,592,589,2092721,2091078,1
D,101065,2,200,200,202,200,4087,3936,595,590,2093316,2091668,1
D,101075,2,200,200,203,203,4084,3926,597,598,2093913,2092266,1
D,101085,2,200,200,200,199,4094,3940,588,586,2094501,2092852,1
D,101095,2,200,200,203,201,4084,3933,597,591,2095098,2093443,1
D,101105,2,200,200,201,202,4091,3930,593,594,2095691,2094037,1
D,101115,2,200,200,201,201,4091,3933,592,591,2096283,2094628,1
D,101125,2,200,200,201,200,4091,3936,593,590,2096876,2095218,1
D,101135,2,200,200,200,200,4094,3936,590,589,2097466,2095807,1
D,101145,2,200,200,202,203,4087,3926,595,597,2098061,2096404,1
D,101155,2,200,200,200,200,4094,3936,589,588,2098650,2096992,1
D,101165,2,200,200,202,200,4087,3936,594,589,2099244,2097581,1
D,101175,2,200,200,202,202,4087,3929,594,596,2099838,2098177,1
D,101185,2,200,200,199,199,4097,3939,587,587,2100425,2098764,1
D,101195,2,200,200,202,201,4087,3932,595,591,2101020,2099355,1
D,101205,2,200,200,200,200,4094,3935,590,590,2101610,2099945,1
D,101215,2,200,200,201,202,4091,3928,593,595,2102203,2100540,1
D,101225,2,200,200,201,199,4091,3938,591,587,2102794,2101127,1
D,101235,2,200,200,201,200,4091,3935,591,589,2103385,2101716,1
D,101245,2,200,200,202,203,4088,3925,594,597,2103979,2102313,1
D,101255,2,200,200,199,198,4098,3942,587,584,2104566,2102897,1
D,101265,2,200,200,202,200,4088,3935,595,590,2105161,2103487,1
D,101275,2,200,200,202,202,4088,3928,594,594,2105755,2104081,1
D,101285,2,200,200,200,200,4095,3935,588,588,2106343,2104669,1
D,101295,2,200,200,202,200,4088,3935,595,589,2106938,2105258,1
D,101305,2,200,200,201,199,4091,3938,592,587,2107530,2105845,1
D,101315,2,200,200,202,202,4088,3928,595,594,2108125,2106439,1
D,101325,2,200,200,201,198,4091,3942,591,584,2108716,2107023,1
D,101335,2,200,200,202,199,4088,3939,594,586,2109310,2107609,1
D,101345,2,200,200,202,202,4088,3929,596,594,2109906,2108203,1
D,101355,2,200,200,199,198,4098,3943,586,584,2110492,2108787,1
D,101365,2,200,200,203,199,4084,3940,598,586,2111090,2109373,1
D,101375,2,200,200,202,199,4087,3940,594,587,2111684,2109960,1
D,101385,2,200,200,201,200,4090,3937,593,589,2112277,2110549,1
D,101395,2,200,200,202,198,4087,3944,596,583,2112873,2111132,1
D,101405,2,200,200,201,198,4090,3944,591,583,2113464,2111715,1
D,101415,2,200,200,203,201,4083,3934,598,592,2114062,2112307,1
D,101425,2,200,200,201,197,4090,3948,591,580,2114653,2112887,1
D,101435,2,200,200,202,198,4087,3945,596,583,2115249,2113470,1
D,101445,2,200,200,203,199,4084,3942,598,587,2115847,2114057,1
D,101455,2,200,200,200,198,4094,3945,588,583,2116435,2114640,1
D,101465,2,200,200,203,197,4084,3948,599,581,2117034,2115221,1
D,101475,2,200,200,202,197,4087,3948,594,581,2117628,2115802,1
D,101485,2,200,200,202,200,4087,3938,596,588,2118224,2116390,1
D,101495,2,200,200,202,196,4087,3952,596,578,2118820,2116968,1
D,101505,2,200,200,201,197,4090,3949,593,581,2119413,2117549,1
D,101515,2,200,200,203,200,4083,3939,598,588,2120011,2118137,1
D,101525,2,200,200,201,197,4090,3949,591,581,2120602,2118718,1
D,101535,2,200,200,203,198,4083,3946,599,583,2121201,2119301,1
D,101545,2,200,200,203,197,4083,3949,598,581,2121799,2119882,1
D,101555,2,200,200,201,200,4090,3939,592,589,2122391,2120471,1
D,101565,2,200,200,204,197,4080,3949,600,581,2122991,2121052,1
D,101575,2,200,200,202,198,4087,3946,595,582,2123586,2121634,1
D,101585,2,200,200,203,201,4084,3936,598,591,2124184,2122225,1
D,101595,2,200,200,202,197,4087,3950,596,580,2124780,2122805,1
D,101605,2,200,200,202,198,4087,3947,596,584,2125376,2123389,1
D,101615,2,200,200,204,199,4080,3944,600,585,2125976,2123974,1
D,101625,2,200,200,201,200,4090,3941,592,588,2126568,2124562,1
D,101635,2,200,200,203,198,4083,3948,599,582,2127167,2125144,1
D,101645,2,200,200,203,198,4083,3948,599,583,2127766,2125727,1
D,101655,2,200,200,201,201,4090,3938,593,592,2128359,2126319,1
D,101665,2,200,200,204,197,4080,3952,600,581,2128959,2126900,1
D,101675,2,200,200,202,199,4087,3945,595,585,2129554,2127485,1
D,101685,2,200,200,203,201,4084,3938,598,591,2130152,2128076,1
D,101695,2,200,200,202,199,4087,3945,596,586,2130748,2128662,1
D,101705,2,200,200,202,199,4087,3945,596,587,2131344,2129249,1
D,101715,2,200,200,204,198,4080,3948,601,583,2131945,2129832,1
D,101725,2,200,200,201,202,4090,3934,591,595,2132536,2130427,1
D,101735,2,200,200,204,199,4080,3944,601,585,2133137,2131012,1
D,101745,2,200,200,203,199,4083,3944,599,587,2133736,2131599,1
D,101755,2,200,200,201,202,4090,3934,593,595,2134329,2132194,1
D,101765,2,200,200,204,199,4080,3944,601,585,2134930,2132779,1
D,101775,2,200,200,202,200,4087,3941,594,590,2135524,2133369,1
D,101785,2,200,200,203,200,4084,3941,599,589,2136123,2133958,1
D,101795,2,200,200,202,201,4087,3938,596,592,2136719,2134550,1
D,101805,2,200,200,203,200,4084,3941,598,588,2137317,2135138,1
D,101815,2,200,200,204,199,4081,3944,602,587,2137919,2135725,1
D,101825,2,200,200,201,203,4091,3930,591,597,2138510,2136322,1
D,101835,2,200,200,204,199,4081,3944,602,585,2139112,2136907,1
D,101845,2,200,200,204,200,4081,3941,600,589,2139712,2137496,1
D,101855,2,200,200,202,202,4088,3934,594,594,2140306,2138090,1
D,101865,2,200,200,204,200,4081,3941,601,589,2140907,2138679,1
D,101875,2,200,200,202,201,4088,3938,595,591,2141502,2139270,1
D,101885,2,200,200,204,199,4081,3945,600,586,2142102,2139856,1
D,101895,2,200,200,203,203,4084,3931,597,597,2142699,2140453,1
D,101905,2,200,200,203,199,4084,3945,598,587,2143297,2141040,1
D,101915,2,200,200,204,200,4081,3942,602,588,2143899,2141628,1
D,101925,2,200,200,201,203,4091,3932,591,598,2144490,2142226,1
D,101935,2,200,200,204,199,4081,3946,601,586,2145091,2142812,1
D,101945,2,200,200,203,201,4084,3939,599,592,2145690,2143404,1
D,101955,2,200,200,202,201,4087,3939,594,593,2146284,2143997,1
D,101965,2,200,200,204,201,4080,3939,601,593,2146885,2144590,1
D,101975,2,200,200,202,201,4087,3939,594,591,2147479,2145181,1
D,101985,2,200,200,204,200,4080,3942,600,589,2148079,2145770,1
D,101995,2,200,200,202,204,4087,3928,595,600,2148674,2146370,1
D,102005,2,200,200,203,199,4084,3945,597,587,2149271,2146957,1
D,102015,2,200,200,204,201,4081,3938,600,592,2149871,2147549,1
D,102025,2,200,200,200,203,4095,3931,589,598,2150460,2148147,1
D,102035,2,200,200,203,200,4085,3941,599,589,2151059,2148736,1
D,102045,2,200,200,202,201,4088,3938,596,593,2151655,2149329,1
D,102055,2,200,200,202,200,4088,3941,594,590,2152249,2149919,1
D,102065,2,200,200,203,203,4085,3931,597,597,2152846,2150516,1
D,102075,2,200,200,201,200,4092,3941,592,589,2153438,2151105,1
D,102085,2,200,200,203,200,4085,3941,598,589,2154036,2151694,1
D,102095,2,200,200,201,203,4092,3931,591,599,2154627,2152293,1
D,102105,2,200,200,202,199,4089,3945,596,586,2155223,2152879,1
D,102115,2,200,200,203,201,4086,3938,597,591,2155820,2153470,1
D,102125,2,200,200,199,202,4100,3935,587,595,2156407,2154065,1
D,102135,2,200,200,203,201,4086,3938,598,591,2157005,2154656,1
D,102145,2,200,200,201,201,4093,3938,592,591,2157597,2155247,1
D,102155,2,200,200,202,200,4090,3941,594,588,2158191,2155835,1
D,102165,2,200,200,201,203,4093,3931,593,598,2158784,2156433,1
D,102175,2,200,200,201,199,4093,3945,591,587,2159375,2157020,1
D,102185,2,200,200,202,200,4090,3942,596,590,2159971,2157610,1
D,102195,2,200,200,199,203,4100,3932,586,599,2160557,2158209,1
D,102205,2,200,200,202,199,4090,3946,595,587,2161152,2158796,1
D,102215,2,200,200,202,201,4090,3939,594,592,2161746,2159388,1
D,102225,2,200,200,200,201,4097,3939,588,592,2162334,2159980,1
D,102235,2,200,200,202,202,4090,3936,595,594,2162929,2160574,1
D,102245,2,200,200,200,200,4097,3943,590,590,2163519,2161164,1
D,102255,2,200,200,202,200,4090,3943,595,589,2164114,2161753,1
D,102265,2,200,200,200,203,4097,3933,590,599,2164704,2162352,1
D,102275,2,200,200,201,199,4094,3947,593,586,2165297,2162938,1
D,102285,2,200,200,203,201,4087,3940,597,591,2165894,2163529,1
D,102295,2,200,200,199,202,4101,3937,586,596,2166480,2164125,1
D,102305,2,200,200,203,200,4087,3944,598,589,2167078,2164714,1
D,102315,2,200,200,201,201,4094,3941,593,592,2167671,2165306,1
D,102325,2,200,200,201,200,4094,3944,592,589,2168263,2165895,1
D,102335,2,200,200,202,203,4091,3934,596,597,2168859,2166492,1
D,102345,2,200,200,200,200,4098,3944,589,588,2169448,2167080,1
D,102355,2,200,200,203,200,4088,3944,597,589,2170045,2167669,1
D,102365,2,200,200,200,204,4098,3930,589,600,2170634,2168269,1
D,102375,2,200,200,202,199,4091,3947,595,585,2171229,2168854,1
D,102385,2,200,200,203,201,4088,3940,597,591,2171826,2169445,1
D,102395,2,200,200,199,202,4102,3937,587,594,2172413,2170039,1
D,102405,2,200,200,203,201,4088,3940,598,591,2173011,2170630,1
D,102415,2,200,200,202,200,4091,3943,594,590,2173605,2171220,1
D,102425,2,200,200,202,199,4091,3946,594,587,2174199,2171807,1
D,102435,2,200,200,202,203,4091,3932,595,597,2174794,2172404,1
D,102445,2,200,200,201,199,4094,3946,591,585,2175385,2172989,1
D,102455,2,200,200,203,199,4087,3946,599,587,2175984,2173576,1
D,102465,2,200,200,200,202,4097,3936,589,596,2176573,2174172,1
D,102475,2,200,200,203,199,4087,3946,598,585,2177171,2174757,1
D,102485,2,200,200,203,200,4087,3943,597,590,2177768,2175347,1
D,102495,2,200,200,201,200,4094,3943,591,588,2178359,2175935,1
D,102505,2,200,200,203,201,4087,3940,599,592,2178958,2176527,1
D,102515,2,200,200,201,199,4094,3947,593,586,2179551,2177113,1
D,102525,2,200,200,203,199,4087,3947,598,585,2180149,2177698,1
D,102535,2,200,200,202,202,4090,3937,594,596,2180743,2178294,1
D,102545,2,200,200,202,197,4090,3954,596,581,2181339,2178875,1
D,102555,2,200,200,204,199,4083,3947,602,587,2181941,2179462,1
D,102565,2,200,200,200,201,4097,3940,590,591,2182531,2180053,1
D,102575,2,200,200,204,199,4083,3947,601,586,2183132,2180639,1
D,102585,2,200,200,203,199,4086,3947,599,587,2183731,2181226,1
D,102595,2,200,200,202,198,4089,3950,594,584,2184325,2181810,1
D,102605,2,200,200,204,201,4082,3940,601,593,2184926,2182403,1
D,102615,2,200,200,202,198,4089,3950,595,583,2185521,2182986,1
D,102625,2,200,200,204,199,4082,3947,601,585,2186122,2183571,1
D,102635,2,200,200,202,201,4089,3940,595,593,2186717,2184164,1
D,102645,2,200,200,203,198,4086,3950,598,584,2187315,2184748,1
D,102655,2,200,200,205,200,4078,3943,603,588,2187918,2185336,1
D,102665,2,200,200,200,199,4095,3946,590,586,2188508,2185922,1
D,102675,2,200,200,205,201,4077,3939,603,591,2189111,2186513,1
D,102685,2,200,200,203,199,4084,3946,599,586,2189710,2187099,1
D,102695,2,200,200,202,199,4087,3946,594,585,2190304,2187684,1
D,102705,2,200,200,204,203,4080,3932,601,597,2190905,2188281,1
D,102715,2,200,200,202,198,4087,3949,595,583,2191500,2188864,1
D,102725,2,200,200,204,200,4080,3942,602,589,2192102,2189453,1
D,102735,2,200,200,202,202,4087,3935,596,594,2192698,2190047,1
D,102745,2,200,200,204,200,4080,3942,600,589,2193298,2190636,1
D,102755,2,200,200,205,200,4076,3942,603,589,2193901,2191225,1
D,102765,2,200,200,201,199,4090,3945,591,587,2194492,2191812,1
D,102775,2,200,200,205,203,4075,3931,604,598,2195096,2192410,1
D,102785,2,200,200,203,199,4082,3945,598,587,2195694,2192997,1
D,102795,2,200,200,203,200,4082,3942,597,589,2196291,2193586,1
D,102805,2,200,200,204,203,4079,3932,602,598,2196893,2194184,1
D,102815,2,200,200,202,199,4086,3946,595,585,2197488,2194769,1
D,102825,2,200,200,205,201,4075,3939,604,592,2198092,2195361,1
D,102835,2,200,200,202,201,4085,3939,596,591,2198688,2195952,1
D,102845,2,200,200,204,201,4078,3939,600,593,2199288,2196545,1
D,102855,2,200,200,205,200,4074,3942,603,590,2199891,2197135,1
D,102865,2,200,200,201,199,4088,3945,592,587,2200483,2197722,1
D,102875,2,200,200,205,203,4073,3931,604,598,2201087,2198320,1
D,102885,2,200,200,203,199,4080,3945,598,585,2201685,2198905,1
D,102895,2,200,200,202,200,4083,3942,596,590,2202281,2199495,1
D,102905,2,200,200,204,202,4076,3935,601,596,2202882,2200091,1
D,102915,2,200,200,202,200,4083,3942,596,589,2203478,2200680,1
D,102925,2,200,200,204,201,4076,3939,602,592,2204080,2201272,1
D,102935,2,200,200,202,200,4083,3942,594,589,2204674,2201861,1
D,102945,2,200,200,203,202,4080,3935,599,596,2205273,2202457,1
D,102955,2,200,200,204,200,4077,3942,601,590,2205874,2203047,1
D,102965,2,200,200,200,200,4091,3942,590,589,2206464,2203636,1
D,102975,2,200,200,204,203,4077,3932,601,599,2207065,2204235,1
D,102985,2,200,200,202,199,4084,3946,595,586,2207660,2204821,1
D,102995,2,200,200,202,201,4084,3939,596,592,2208256,2205413,1
D,103005,2,200,200,202,202,4084,3936,596,596,2208852,2206009,1
D,103015,2,200,200,201,201,4087,3939,592,591,2209444,2206600,1
D,103025,2,200,200,203,201,4080,3939,598,593,2210042,2207193,1
D,103035,2,200,200,200,200,4090,3942,590,588,2210632,2207781,1
D,103045,2,200,200,203,203,4080,3932,597,599,2211229,2208380,1
D,103055,2,200,200,202,199,4083,3946,596,587,2211825,2208967,1
D,103065,2,200,200,200,200,4090,3943,588,589,2212413,2209556,1
D,103075,2,200,200,203,203,4080,3933,598,599,2213011,2210155,1
D,103085,2,200,200,201,200,4087,3943,592,588,2213603,2210743,1
D,103095,2,200,200,202,201,4084,3940,594,591,2214197,2211334,1
D,103105,2,200,200,201,201,4087,3940,593,591,2214790,2211925,1
D,103115,2,200,200,201,201,4087,3940,591,593,2215381,2212518,1
D,103125,2,200,200,202,200,4084,3943,596,590,2215977,2213108,1
D,103135,2,200,200,199,200,4094,3943,586,588,2216563,2213696,1
D,103145,2,200,200,202,203,4084,3933,596,599,2217159,2214295,1
D,103155,2,200,200,201,199,4087,3947,593,586,2217752,2214881,1
D,103165,2,200,200,200,200,4090,3944,588,590,2218340,2215471,1
D,103175,2,200,200,202,202,4083,3937,595,596,2218935,2216067,1
D,103185,2,200,200,200,200,4090,3944,588,589,2219523,2216656,1
D,103195,2,200,200,202,200,4083,3944,594,590,2220117,2217246,1
D,103205,2,200,200,200,200,4090,3944,588,588,2220705,2217834,1
D,103215,2,200,200,201,202,4087,3937,592,596,2221297,2218430,1
D,103225,2,200,200,202,199,4084,3947,595,587,2221892,2219017,1
D,103235,2,200,200,198,200,4098,3944,584,588,2222476,2219605,1
D,103245,2,200,200,202,203,4084,3934,595,598,2223071,2220203,1
D,103255,2,200,200,200,199,4091,3948,590,587,2223661,2220790,1
D,103265,2,200,200,201,200,4088,3945,591,590,2224252,2221380,1
D,103275,2,200,200,201,201,4088,3942,592,592,2224844,2221972,1
D,103285,2,200,200,200,201,4091,3942,588,591,2225432,2222563,1
D,103295,2,200,200,202,200,4084,3945,596,590,2226028,2223153,1
D,103305,2,200,200,199,199,4094,3948,587,586,2226615,2223739,1
D,103315,2,200,200,202,203,4084,3934,596,597,2227211,2224336,1
D,103325,2,200,200,202,199,4084,3948,595,585,2227806,2224921,1
D,103335,2,200,200,199,199,4094,3948,587,587,2228393,2225508,1
D,103345,2,200,200,202,202,4084,3938,596,595,2228989,2226103,1
D,103355,2,200,200,201,199,4087,3948,591,586,2229580,2226689,1
D,103365,2,200,200,202,200,4084,3945,594,590,2230174,2227279,1
D,103375,2,200,200,201,199,4087,3948,591,587,2230765,2227866,1
D,103385,2,200,200,201,202,4087,3938,591,594,2231356,2228460,1
D,103395,2,200,200,202,200,4084,3945,596,588,2231952,2229048,1
D,103405,2,200,200,199,199,4094,3948,587,585,2232539,2229633,1
D,103415,2,200,200,203,203,4080,3934,598,597,2233137,2230230,1
D,103425,2,200,200,202,198,4083,3951,595,584,2233732,2230814,1
D,103435,2,200,200,201,200,4086,3944,592,588,2234324,2231402,1
D,103445,2,200,200,203,201,4079,3941,597,591,2234921,2231993,1
D,103455,2,200,200,200,200,4089,3944,590,588,2235511,2232581,1
D,103465,2,200,200,203,199,4079,3947,598,586,2236109,2233167,1
D,103475,2,200,200,201,198,4086,3950,591,583,2236700,2233750,1
D,103485,2,200,200,203,202,4079,3936,597,594,2237297,2234344,1
D,103495,2,200,200,204,198,4076,3950,600,582,2237897,2234926,1
D,103505,2,200,200,200,198,4090,3950,588,583,2238485,2235509,1
D,103515,2,200,200,204,201,4076,3940,600,593,2239085,2236102,1
D,103525,2,200,200,202,198,4083,3950,595,582,2239680,2236684,1
D,103535,2,200,200,202,199,4083,3947,596,586,2240276,2237270,1
D,103545,2,200,200,203,198,4080,3950,599,583,2240875,2237853,1
D,103555,2,200,200,201,200,4087,3943,593,590,2241468,2238443,1
D,103565,2,200,200,204,198,4077,3950,601,583,2242069,2239026,1
D,103575,2,200,200,201,197,4087,3953,593,581,2242662,2239607,1
D,103585,2,200,200,204,201,4077,3939,601,592,2243263,2240199,1
D,103595,2,200,200,204,197,4077,3953,601,581,2243864,2240780,1
D,103605,2,200,200,201,198,4087,3950,591,583,2244455,2241363,1
D,103615,2,200,200,205,199,4072,3947,604,586,2245059,2241949,1
D,103625,2,200,200,202,199,4082,3947,596,587,2245655,2242536,1
D,103635,2,200,200,203,198,4079,3950,598,584,2246253,2243120,1
D,103645,2,200,200,203,198,4079,3950,599,582,2246852,2243702,1
D,103655,2,200,200,202,201,4082,3940,595,593,2247447,2244295,1
D,103665,2,200,200,205,197,4071,3954,603,579,2248050,2244874,1
D,103675,2,200,200,201,198,4085,3951,593,584,2248643,2245458,1
D,103685,2,200,200,204,200,4075,3944,602,590,2249245,2246048,1
D,103695,2,200,200,204,198,4075,3951,601,584,2249846,2246632,1
D,103705,2,200,200,201,199,4085,3948,591,585,2250437,2247217,1
D,103715,2,200,200,205,198,4070,3951,603,583,2251040,2247800,1
D,103725,2,200,200,203,201,4077,3941,597,592,2251637,2248392,1
D,103735,2,200,200,203,198,4077,3951,599,584,2252236,2248976,1
D,103745,2,200,200,204,198,4074,3951,600,584,2252836,2249560,1
D,103755,2,200,200,202,202,4081,3937,596,594,2253432,2250154,1
D,103765,2,200,200,205,198,4070,3951,603,583,2254035,2250737,1
D,103775,2,200,200,201,199,4084,3948,593,587,2254628,2251324,1
D,103785,2,200,200,205,200,4069,3945,603,589,2255231,2251913,1
D,103795,2,200,200,204,200,4072,3945,600,590,2255831,2252503,1
D,103805,2,200,200,201,199,4082,3948,592,587,2256423,2253090,1
D,103815,2,200,200,205,198,4067,3951,604,584,2257027,2253674,1
D,103825,2,200,200,203,202,4074,3937,597,594,2257624,2254268,1
D,103835,2,200,200,204,198,4071,3951,601,582,2258225,2254850,1
D,103845,2,200,200,203,199,4074,3948,598,587,2258823,2255437,1
D,103855,2,200,200,203,201,4074,3941,597,591,2259420,2256028,1
D,103865,2,200,200,204,199,4071,3948,602,587,2260022,2256615,1
D,103875,2,200,200,201,199,4081,3948,592,587,2260614,2257202,1
D,103885,2,200,200,204,199,4071,3948,602,585,2261216,2257787,1
D,103895,2,200,200,204,202,4071,3938,600,594,2261816,2258381,1
D,103905,2,200,200,201,198,4081,3952,593,584,2262409,2258965,1
D,103915,2,200,200,204,199,4071,3949,601,586,2263010,2259551,1
D,103925,2,200,200,203,202,4074,3939,597,594,2263607,2260145,1
D,103935,2,200,200,203,199,4074,3949,599,585,2264206,2260730,1
D,103945,2,200,200,203,200,4074,3946,597,588,2264803,2261318,1
D,103955,2,200,200,202,200,4077,3946,595,588,2265398,2261906,1
D,103965,2,200,200,204,201,4070,3943,600,592,2265998,2262498,1
D,103975,2,200,200,201,199,4080,3950,592,587,2266590,2263085,1
D,103985,2,200,200,204,199,4070,3950,600,586,2267190,2263671,1
D,103995,2,200,200,203,202,4073,3940,598,596,2267788,2264267,1
D,104005,2,200,200,201,198,4080,3954,592,583,2268380,2264850,1
D,104015,2,200,200,203,200,4073,3947,599,588,2268979,2265438,1
D,104025,2,200,200,202,201,4076,3944,594,592,2269573,2266030,1
D,104035,2,200,200,203,200,4073,3947,597,588,2270170,2266618,1
D,104045,2,200,200,201,199,4080,3950,593,587,2270763,2267205,1
D,104055,2,200,200,202,199,4077,3950,595,586,2271358,2267791,1
D,104065,2,200,200,202,202,4077,3940,596,595,2271954,2268386,1
D,104075,2,200,200,200,198,4084,3954,589,584,2272543,2268970,1
D,104085,2,200,200,203,199,4074,3951,598,587,2273141,2269557,1
D,104095,2,200,200,202,202,4077,3941,594,594,2273735,2270151,1
D,104105,2,200,200,201,199,4080,3951,591,585,2274326,2270736,1
D,104115,2,200,200,202,199,4077,3951,595,587,2274921,2271323,1
D,104125,2,200,200,200,200,4084,3948,590,588,2275511,2271911,1
D,104135,2,200,200,202,201,4077,3945,595,591,2276106,2272502,1
D,104145,2,200,200,200,199,4084,3952,590,585,2276696,2273087,1
D,104155,2,200,200,202,199,4077,3952,594,585,2277290,2273672,1
D,104165,2,200,200,202,202,4077,3942,595,594,2277885,2274266,1
D,104175,2,200,200,199,198,4087,3956,585,582,2278470,2274848,1
D,104185,2,200,200,202,199,4077,3953,596,586,2279066,2275434,1
D,104195,2,200,200,201,201,4080,3946,591,591,2279657,2276025,1
D,104205,2,200,200,201,199,4080,3953,591,586,2280248,2276611,1
D,104215,2,200,200,201,199,4080,3953,591,586,2280839,2277197,1
D,104225,2,200,200,200,198,4083,3956,589,584,2281428,2277781,1
D,104235,2,200,200,202,201,4076,3946,594,593,2282022,2278374,1
D,104245,2,200,200,199,198,4086,3956,587,582,2282609,2278956,1
D,104255,2,200,200,202,199,4076,3953,594,585,2283203,2279541,1
D,104265,2,200,200,202,201,4076,3946,594,592,2283797,2280133,1
D,104275,2,200,200,199,198,4086,3956,587,583,2284384,2280716,1
D,104285,2,200,200,202,198,4076,3956,594,584,2284978,2281300,1
D,104295,2,200,200,201,198,4079,3956,591,584,2285569,2281884,1
D,104305,2,200,200,201,200,4079,3949,593,589,2286162,2282473,1
D,104315,2,200,200,201,198,4079,3956,591,583,2286753,2283056,1
D,104325,2,200,200,201,198,4079,3956,592,583,2287345,2283639,1
D,104335,2,200,200,202,201,4076,3946,595,592,2287940,2284231,1
D,104345,2,200,200,199,197,4086,3960,586,581,2288526,2284812,1
D,104355,2,200,200,202,199,4076,3953,596,585,2289122,2285397,1
D,104365,2,200,200,201,199,4079,3953,592,586,2289714,2285983,1
D,104375,2,200,200,200,199,4082,3953,589,587,2290303,2286570,1
D,104385,2,200,200,202,198,4075,3956,594,583,2290897,2287153,1
D,104395,2,200,200,200,198,4082,3956,589,582,2291486,2287735,1
D,104405,2,200,200,202,201,4075,3946,595,591,2292081,2288326,1
D,104415,2,200,200,200,197,4082,3960,589,579,2292670,2288905,1
D,104425,2,200,200,202,198,4075,3957,594,582,2293264,2289487,1
D,104435,2,200,200,202,200,4075,3950,595,588,2293859,2290075,1
D,104445,2,200,200,199,197,4085,3960,586,581,2294445,2290656,1
D,104455,2,200,200,202,198,4075,3957,596,582,2295041,2291238,1
D,104465,2,200,200,201,196,4078,3964,592,578,2295633,2291816,1
D,104475,2,200,200,201,200,4078,3950,592,589,2296225,2292405,1
D,104485,2,200,200,201,196,4078,3964,593,577,2296818,2292982,1
D,104495,2,200,200,201,196,4078,3964,591,578,2297409,2293560,1
D,104505,2,200,200,202,199,4075,3954,596,586,2298005,2294146,1
D,104515,2,200,200,200,196,4082,3964,588,578,2298593,2294724,1
D,104525,2,200,200,202,197,4075,3961,596,580,2299189,2295304,1
D,104535,2,200,200,202,197,4075,3961,595,579,2299784,2295883,1
D,104545,2,200,200,200,199,4082,3954,588,585,2300372,2296468,1
D,104555,2,200,200,202,196,4075,3964,595,578,2300967,2297046,1
D,104565,2,200,200,201,196,4078,3964,592,578,2301559,2297624,1
D,104575,2,200,200,202,199,4075,3954,594,586,2302153,2298210,1
D,104585,2,200,200,201,195,4078,3969,592,575,2302745,2298785,1
D,104595,2,200,200,201,197,4078,3962,593,579,2303338,2299364,1
D,104605,2,200,200,203,197,4071,3962,597,580,2303935,2299944,1
D,104615,2,200,200,200,198,4081,3959,588,583,2304523,2300527,1
D,104625,2,200,200,202,196,4074,3966,596,577,2305119,2301104,1
D,104635,2,200,200,202,196,4074,3966,595,576,2305714,2301680,1
D,104645,2,200,200,200,199,4081,3956,590,586,2306304,2302266,1
D,104655,2,200,200,202,195,4074,3971,596,574,2306900,2302840,1
D,104665,2,200,200,201,197,4077,3964,591,580,2307491,2303420,1
D,104675,2,200,200,202,198,4074,3961,596,583,2308087,2304003,1
D,104685,2,200,200,201,197,4077,3964,591,581,2308678,2304584,1
D,104695,2,200,200,202,197,4074,3964,595,580,2309273,2305164,1
D,104705,2,200,200,203,197,4071,3964,597,579,2309870,2305743,1
D,104715,2,200,200,199,200,4085,3954,586,588,2310456,2306331,1
D,104725,2,200,200,203,196,4071,3968,597,576,2311053,2306907,1
D,104735,2,200,200,202,198,4074,3961,595,582,2311648,2307489,1
D,104745,2,200,200,201,199,4077,3958,592,586,2312240,2308075,1
D,104755,2,200,200,203,197,4070,3965,597,581,2312837,2308656,1
D,104765,2,200,200,201,197,4077,3965,591,580,2313428,2309236,1
D,104775,2,200,200,203,197,4070,3965,598,579,2314026,2309815,1
D,104785,2,200,200,200,200,4080,3955,590,589,2314616,2310404,1
D,104795,2,200,200,203,196,4070,3969,597,577,2315213,2310981,1
D,104805,2,200,200,202,198,4073,3962,596,582,2315809,2311563,1
D,104815,2,200,200,199,200,4083,3955,587,589,2316396,2312152,1
D,104825,2,200,200,203,197,4069,3965,597,579,2316993,2312731,1
D,104835,2,200,200,202,198,4072,3962,594,582,2317587,2313313,1
D,104845,2,200,200,202,198,4072,3962,596,582,2318183,2313895,1
D,104855,2,200,200,202,199,4072,3959,596,587,2318779,2314482,1
D,104865,2,200,200,201,197,4075,3966,593,581,2319372,2315063,1
D,104875,2,200,200,203,197,4068,3966,598,581,2319970,2315644,1
D,104885,2,200,200,200,201,4078,3952,589,591,2320559,2316235,1
D,104895,2,200,200,203,196,4068,3969,597,578,2321156,2316813,1
D,104905,2,200,200,203,199,4068,3959,597,585,2321753,2317398,1
D,104915,2,200,200,200,199,4078,3959,589,586,2322342,2317984,1
D,104925,2,200,200,203,199,4068,3959,598,585,2322940,2318569,1
D,104935,2,200,200,201,198,4075,3962,592,583,2323532,2319152,1
D,104945,2,200,200,202,198,4072,3962,596,582,2324128,2319734,1
D,104955,2,200,200,201,201,4075,3952,592,592,2324720,2320326,1
D,104965,2,200,200,202,197,4072,3966,594,579,2325314,2320905,1
D,104975,2,200,200,203,198,4069,3963,598,584,2325912,2321489,1
D,104985,2,200,200,200,200,4079,3956,588,589,2326500,2322078,1
D,104995,2,200,200,203,198,4069,3963,598,583,2327098,2322661,1
D,105005,2,200,200,202,198,4072,3963,595,584,2327693,2323245,1
D,105015,2,200,200,201,197,4075,3966,591,581,2328284,2323826,1
D,105025,2,200,200,203,201,4068,3952,597,591,2328881,2324417,1
D,105035,2,200,200,201,197,4075,3966,591,580,2329472,2324997,1
D,105045,2,200,200,203,198,4068,3963,597,583,2330069,2325580,1
D,105055,2,200,200,200,201,4078,3953,590,591,2330659,2326171,1
D,105065,2,200,200,202,197,4071,3967,595,581,2331254,2326752,1
D,105075,2,200,200,203,199,4068,3960,598,585,2331852,2327337,1
D,105085,2,200,200,199,198,4082,3963,587,584,2332439,2327921,1
D,105095,2,200,200,203,200,4068,3956,599,588,2333038,2328509,1
D,105105,2,200,200,201,198,4075,3963,592,583,2333630,2329092,1
D,105115,2,200,200,202,197,4072,3966,594,581,2334224,2329673,1
D,105125,2,200,200,202,201,4072,3952,595,593,2334819,2330266,1
D,105135,2,200,200,201,196,4075,3969,591,578,2335410,2330844,1
D,105145,2,200,200,203,198,4068,3962,598,584,2336008,2331428,1
D,105155,2,200,200,200,200,4078,3955,589,588,2336597,2332016,1
D,105165,2,200,200,203,198,4068,3962,597,583,2337194,2332599,1
D,105175,2,200,200,203,198,4068,3962,597,584,2337791,2333183,1
D,105185,2,200,200,200,197,4078,3965,588,580,2338379,2333763,1
D,105195,2,200,200,203,201,4068,3951,598,591,2338977,2334354,1
D,105205,2,200,200,201,197,4075,3965,591,579,2339568,2334933,1
D,105215,2,200,200,202,198,4072,3962,595,582,2340163,2335515,1
D,105225,2,200,200,201,200,4075,3955,591,590,2340754,2336105,1
D,105235,2,200,200,201,197,4075,3965,592,581,2341346,2336686,1
D,105245,2,200,200,203,198,4068,3962,598,584,2341944,2337270,1
D,105255,2,200,200,199,197,4082,3965,586,581,2342530,2337851,1
D,105265,2,200,200,203,200,4068,3955,598,588,2343128,2338439,1
D,105275,2,200,200,202,197,4071,3965,594,581,2343722,2339020,1
D,105285,2,200,200,200,197,4078,3965,589,579,2344311,2339599,1
D,105295,2,200,200,203,200,4068,3955,597,589,2344908,2340188,1
D,105305,2,200,200,200,196,4078,3969,590,577,2345498,2340765,1
D,105315,2,200,200,203,198,4068,3962,597,582,2346095,2341347,1
D,105325,2,200,200,201,197,4075,3965,591,581,2346686,2341928,1
D,105335,2,200,200,202,198,4072,3962,595,583,2347281,2342511,1
D,105345,2,200,200,203,197,4069,3965,597,580,2347878,2343091,1
D,105355,2,200,200,199,196,4083,3968,587,576,2348465,2343667,1
D,105365,2,200,200,203,200,4069,3954,598,589,2349063,2344256,1
D,105375,2,200,200,201,195,4076,3972,593,575,2349656,2344831,1
D,105385,2,200,200,201,197,4076,3965,592,580,2350248,2345411,1
D,105395,2,200,200,202,198,4073,3962,595,583,2350843,2345994,1
D,105405,2,200,200,201,197,4076,3965,591,580,2351434,2346574,1
D,105415,2,200,200,203,197,4069,3965,597,579,2352031,2347153,1
D,105425,2,200,200,200,195,4079,3973,589,575,2352620,2347728,1
D,105435,2,200,200,203,199,4069,3959,597,586,2353217,2348314,1
D,105445,2,200,200,202,195,4072,3974,596,573,2353813,2348887,1
D,105455,2,200,200,200,196,4079,3971,588,576,2354401,2349463,1
D,105465,2,200,200,203,197,4069,3968,598,581,2354999,2350044,1
D,105475,2,200,200,201,195,4076,3976,591,575,2355590,2350619,1
D,105485,2,200,200,202,196,4073,3973,596,576,2356186,2351195,1
D,105495,2,200,200,201,195,4076,3977,592,573,2356778,2351768,1
D,105505,2,200,200,201,198,4076,3967,592,583,2357370,2352351,1
D,105515,2,200,200,203,194,4069,3982,598,571,2357968,2352922,1
D,105525,2,200,200,200,195,4079,3980,588,574,2358556,2353496,1
D,105535,2,200,200,204,198,4065,3970,600,582,2359156,2354078,1
D,105545,2,200,200,202,194,4072,3985,595,572,2359751,2354650,1
D,105555,2,200,200,200,196,4079,3978,590,576,2360341,2355226,1
D,105565,2,200,200,203,194,4069,3986,598,572,2360939,2355798,1
D,105575,2,200,200,201,198,4076,3972,592,583,2361531,2356381,1
D,105585,2,200,200,203,195,4069,3983,597,574,2362128,2356955,1
D,105595,2,200,200,201,195,4076,3984,593,573,2362721,2357528,1
D,105605,2,200,200,202,198,4073,3974,596,584,2363317,2358112,1
D,105615,2,200,200,203,195,4070,3985,599,573,2363916,2358685,1
D,105625,2,200,200,200,196,4080,3982,588,577,2364504,2359262,1
D,105635,2,200,200,204,195,4066,3986,601,574,2365105,2359836,1
D,105645,2,200,200,202,198,4073,3976,594,582,2365699,2360418,1
D,105655,2,200,200,202,195,4073,3987,594,574,2366293,2360992,1
D,105665,2,200,200,203,195,4070,3988,598,573,2366891,2361565,1
D,105675,2,200,200,201,198,4077,3978,593,583,2367484,2362148,1
D,105685,2,200,200,204,195,4067,3989,600,573,2368084,2362721,1
D,105695,2,200,200,201,196,4077,3986,591,577,2368675,2363298,1
D,105705,2,200,200,203,195,4070,3990,598,575,2369273,2363873,1
D,105715,2,200,200,203,198,4070,3980,599,582,2369872,2364455,1
D,105725,2,200,200,200,196,4080,3987,588,576,2370460,2365031,1
D,105735,2,200,200,204,195,4066,3991,600,575,2371060,2365606,1
D,105745,2,200,200,202,199,4073,3977,594,585,2371654,2366191,1
D,105755,2,200,200,202,195,4073,3992,596,575,2372250,2366766,1
D,105765,2,200,200,202,197,4073,3985,596,579,2372846,2367345,1
D,105775,2,200,200,201,197,4076,3985,593,581,2373439,2367926,1
D,105785,2,200,200,204,198,4066,3982,600,583,2374039,2368509,1
D,105795,2,200,200,200,196,4080,3989,590,578,2374629,2369087,1
D,105805,2,200,200,203,196,4070,3989,599,578,2375228,2369665,1
D,105815,2,200,200,203,200,4070,3975,598,588,2375826,2370253,1
D,105825,2,200,200,200,196,4080,3989,590,576,2376416,2370829,1
D,105835,2,200,200,204,197,4066,3986,600,581,2377016,2371410,1
D,105845,2,200,200,202,199,4073,3979,594,585,2377610,2371995,1
D,105855,2,200,200,203,198,4070,3982,598,583,2378208,2372578,1
D,105865,2,200,200,202,197,4073,3985,596,581,2378804,2373159,1
D,105875,2,200,200,202,197,4073,3985,594,580,2379398,2373739,1
D,105885,2,200,200,203,200,4070,3975,599,590,2379997,2374329,1
D,105895,2,200,200,200,197,4080,3985,590,579,2380587,2374908,1
D,105905,2,200,200,204,198,4066,3982,600,583,2381187,2375491,1
D,105915,2,200,200,203,200,4069,3975,597,590,2381784,2376081,1
D,105925,2,200,200,200,198,4079,3982,590,583,2382374,2376664,1
D,105935,2,200,200,203,198,4069,3982,598,584,2382972,2377248,1
D,105945,2,200,200,202,198,4072,3982,594,583,2383566,2377831,1
D,105955,2,200,200,203,201,4069,3972,597,592,2384163,2378423,1
D,105965,2,200,200,202,198,4072,3982,594,583,2384757,2379006,1
D,105975,2,200,200,202,198,4072,3982,595,584,2385352,2379590,1
D,105985,2,200,200,203,202,4069,3968,598,594,2385950,2380184,1
D,105995,2,200,200,200,198,4079,3982,590,583,2386540,2380767,1
D,106005,2,200,200,203,199,4069,3979,599,587,2387139,2381354,1
D,106015,2,200,200,202,200,4072,3976,596,589,2387735,2381943,1
D,106025,2,200,200,201,200,4075,3976,592,590,2388327,2382533,1
D,106035,2,200,200,203,199,4068,3979,598,586,2388925,2383119,1
D,106045,2,200,200,201,199,4075,3979,593,587,2389518,2383706,1
D,106055,2,200,200,202,202,4072,3969,596,595,2390114,2384301,1
D,106065,2,200,200,201,198,4075,3983,593,584,2390707,2384885,1
D,106075,2,200,200,202,200,4072,3976,594,588,2391301,2385473,1
D,106085,2,200,200,203,201,4069,3973,598,593,2391899,2386066,1
D,106095,2,200,200,200,200,4079,3976,588,588,2392487,2386654,1
D,106105,2,200,200,203,200,4069,3976,598,589,2393085,2387243,1
D,106115,2,200,200,202,199,4072,3979,594,587,2393679,2387830,1
D,106125,2,200,200,201,202,4075,3969,592,595,2394271,2388425,1
D,106135,2,200,200,203,199,4068,3979,597,586,2394868,2389011,1
D,106145,2,200,200,200,200,4078,3976,590,588,2395458,2389599,1
D,106155,2,200,200,202,202,4071,3969,596,596,2396054,2390195,1
D,106165,2,200,200,200,199,4078,3979,590,586,2396644,2390781,1
D,106175,2,200,200,202,200,4071,3976,595,589,2397239,2391370,1
D,106185,2,200,200,202,201,4071,3973,596,591,2397835,2391961,1
D,106195,2,200,200,199,201,4081,3973,586,593,2398421,2392554,1
D,106205,2,200,200,203,200,4067,3976,597,588,2399018,2393142,1
D,106215,2,200,200,201,200,4074,3976,591,588,2399609,2393730,1
D,106225,2,200,200,201,203,4074,3966,592,598,2400201,2394328,1
D,106235,2,200,200,201,199,4074,3980,592,585,2400793,2394913,1
D,106245,2,200,200,200,200,4077,3977,590,590,2401383,2395503,1
D,106255,2,200,200,202,202,4070,3970,595,596,2401978,2396099,1
D,106265,2,200,200,199,200,4080,3977,586,589,2402564,2396688,1
D,106275,2,200,200,202,201,4070,3974,594,591,2403158,2397279,1
D,106285,2,200,200,201,200,4073,3977,592,589,2403750,2397868,1
D,106295,2,200,200,199,202,4080,3970,587,596,2404337,2398464,1
D,106305,2,200,200,202,200,4070,3977,594,588,2404931,2399052,1
D,106315,2,200,200,200,200,4077,3977,589,589,2405520,2399641,1
D,106325,2,200,200,201,203,4074,3967,592,598,2406112,2400239,1
D,106335,2,200,200,200,199,4077,3981,589,585,2406701,2400824,1
D,106345,2,200,200,201,200,4074,3978,592,590,2407293,2401414,1
D,106355,2,200,200,202,202,4071,3971,595,595,2407888,2402009,1
D,106365,2,200,200,198,201,4085,3974,584,591,2408472,2402600,1
D,106375,2,200,200,202,200,4071,3977,594,590,2409066,2403190,1
D,106385,2,200,200,201,200,4074,3977,591,589,2409657,2403779,1
D,106395,2,200,200,200,203,4077,3967,588,599,2410245,2404378,1
D,106405,2,200,200,201,200,4074,3977,591,588,2410836,2404966,1
D,106415,2,200,200,199,201,4081,3974,587,591,2411423,2405557,1
D,106425,2,200,200,201,203,4074,3967,593,598,2412016,2406155,1
D,106435,2,200,200,199,200,4081,3977,585,589,2412601,2406744,1
D,106445,2,200,200,201,201,4074,3974,593,592,2413194,2407336,1
D,106455,2,200,200,201,201,4074,3974,592,593,2413786,2407929,1
D,106465,2,200,200,199,202,4081,3971,585,595,2414371,2408524,1
D,106475,2,200,200,201,200,4074,3978,592,590,2414963,2409114,1
D,106485,2,200,200,199,200,4081,3978,587,589,2415550,2409703,1
D,106495,2,200,200,201,203,4074,3968,592,598,2416142,2410301,1
D,106505,2,200,200,199,199,4081,3982,587,587,2416729,2410888,1
D,106515,2,200,200,200,200,4078,3979,590,590,2417319,2411478,1
D,106525,2,200,200,202,202,4071,3972,594,596,2417913,2412074,1
D,106535,2,200,200,198,200,4085,3979,584,590,2418497,2412664,1
D,106545,2,200,200,202,200,4071,3979,594,589,2419091,2413253,1
D,106555,2,200,200,201,200,4074,3979,591,589,2419682,2413842,1
D,106565,2,200,200,200,202,4077,3972,589,596,2420271,2414438,1
D,106575,2,200,200,201,200,4074,3979,593,588,2420864,2415026,1
D,106585,2,200,200,200,200,4077,3979,588,589,2421452,2415615,1
D,106595,2,200,200,201,203,4074,3969,593,598,2422045,2416213,1
D,106605,2,200,200,199,199,4081,3983,587,586,2422632,2416799,1
D,106615,2,200,200,202,201,4071,3976,594,592,2423226,2417391,1
D,106625,2,200,200,202,201,4071,3976,594,593,2423820,2417984,1
D,106635,2,200,200,199,202,4081,3973,585,594,2424405,2418578,1
D,106645,2,200,200,202,200,4071,3980,594,590,2424999,2419168,1
D,106655,2,200,200,200,200,4078,3980,590,590,2425589,2419758,1
D,106665,2,200,200,201,203,4075,3970,592,598,2426181,2420356,1
D,106675,2,200,200,201,200,4075,3980,591,588,2426772,2420944,1
D,106685,2,200,200,200,201,4078,3977,590,592,2427362,2421536,1
D,106695,2,200,200,202,203,4071,3970,595,599,2427957,2422135,1
D,106705,2,200,200,199,201,4081,3977,587,591,2428544,2422726,1
D,106715,2,200,200,202,201,4071,3977,595,593,2429139,2423319,1
D,106725,2,200,200,201,202,4074,3974,593,594,2429732,2423913,1
D,106735,2,200,200,200,203,4077,3971,588,598,2430320,2424511,1
D,106745,2,200,200,202,202,4070,3974,594,594,2430914,2425105,1
D,106755,2,200,200,200,201,4077,3977,589,593,2431503,2425698,1
D,106765,2,200,200,202,205,4070,3962,595,603,2432098,2426301,1
D,106775,2,200,200,200,201,4077,3976,589,592,2432687,2426893,1
D,106785,2,200,200,201,202,4074,3973,593,596,2433280,2427489,1
D,106795,2,200,200,202,204,4071,3966,596,601,2433876,2428090,1
D,106805,2,200,200,199,202,4081,3973,585,595,2434461,2428685,1
D,106815,2,200,200,202,203,4071,3970,596,598,2435057,2429283,1
D,106825,2,200,200,201,203,4074,3970,591,597,2435648,2429880,1
D,106835,2,200,200,201,205,4074,3962,591,603,2436239,2430483,1
D,106845,2,200,200,201,203,4074,3969,593,597,2436832,2431080,1
D,106855,2,200,200,200,203,4077,3969,590,598,2437422,2431678,1
D,106865,2,200,200,202,206,4070,3958,595,607,2438017,2432285,1
D,106875,2,200,200,199,202,4080,3972,587,595,2438604,2432880,1
D,106885,2,200,200,202,204,4070,3965,596,600,2439200,2433480,1
D,106895,2,200,200,202,206,4070,3957,594,606,2439794,2434086,1
D,106905,2,200,200,199,204,4080,3964,587,600,2440381,2434686,1
D,106915,2,200,200,202,204,4070,3964,596,601,2440977,2435287,1
D,106925,2,200,200,200,204,4077,3964,590,600,2441567,2435887,1
D,106935,2,200,200,202,206,4070,3956,594,606,2442161,2436493,1
D,106945,2,200,200,200,204,4077,3963,590,600,2442751,2437093,1
D,106955,2,200,200,201,203,4074,3966,592,599,2443343,2437692,1
D,106965,2,200,200,202,207,4071,3951,595,609,2443938,2438301,1
D,106975,2,200,200,199,203,4081,3965,586,597,2444524,2438898,1
D,106985,2,200,200,202,204,4071,3962,596,601,2445120,2439499,1
D,106995,2,200,200,201,207,4074,3951,592,609,2445712,2440108,1
D,107005,2,200,200,200,204,4077,3961,589,601,2446301,2440709,1
D,107015,2,200,200,202,205,4070,3957,594,603,2446895,2441312,1
D,107025,2,200,200,200,205,4077,3956,589,603,2447484,2441915,1
D,107035,2,200,200,202,206,4070,3952,594,607,2448078,2442522,1
D,107045,2,200,200,200,204,4077,3959,588,602,2448666,2443124,1
D,107055,2,200,200,202,204,4070,3959,594,602,2449260,2443726,1
D,107065,2,200,200,202,207,4070,3948,594,611,2449854,2444337,1
D,107075,2,200,200,199,204,4080,3958,586,600,2450440,2444937,1
D,107085,2,200,200,202,205,4070,3954,595,603,2451035,2445540,1
D,107095,2,200,200,200,208,4077,3943,589,612,2451624,2446152,1
D,107105,2,200,200,201,204,4074,3957,593,601,2452217,2446753,1
D,107115,2,200,200,200,205,4077,3953,590,605,2452807,2447358,1
D,107125,2,200,200,200,206,4077,3949,589,607,2453396,2447965,1
D,107135,2,200,200,202,206,4070,3948,594,606,2453990,2448571,1
D,107145,2,200,200,199,205,4080,3950,585,604,2454575,2449175,1
D,107155,2,200,200,202,204,4070,3953,594,602,2455169,2449777,1
D,107165,2,200,200,200,207,4077,3942,590,611,2455759,2450388,1
D,107175,2,200,200,199,204,4080,3952,586,602,2456345,2450990,1
D,107185,2,200,200,200,204,4077,3952,590,602,2456935,2451592,1
D,107195,2,200,200,199,208,4080,3937,586,612,2457521,2452204,1
D,107205,2,200,200,201,203,4073,3954,592,599,2458113,2452803,1
D,107215,2,200,200,198,205,4083,3946,584,604,2458697,2453407,1
D,107225,2,200,200,200,206,4076,3942,590,607,2459287,2454014,1
D,107235,2,200,200,200,204,4076,3949,590,602,2459877,2454616,1
D,107245,2,200,200,197,205,4086,3945,580,604,2460457,2455220,1
D,107255,2,200,200,201,204,4072,3948,592,601,2461049,2455821,1
D,107265,2,200,200,199,206,4079,3940,585,608,2461634,2456429,1
D,107275,2,200,200,200,204,4076,3947,588,601,2462222,2457030,1
D,107285,2,200,200,199,204,4079,3947,587,600,2462809,2457630,1
D,107295,2,200,200,199,207,4079,3936,585,611,2463394,2458241,1
D,107305,2,200,200,201,203,4072,3950,592,597,2463986,2458838,1
D,107315,2,200,200,197,204,4086,3947,581,602,2464567,2459440,1
D,107325,2,200,200,201,206,4072,3939,593,607,2465160,2460047,1
D,107335,2,200,200,200,204,4075,3946,588,600,2465748,2460647,1
D,107345,2,200,200,198,205,4082,3942,583,603,2466331,2461250,1
D,107355,2,200,200,201,204,4072,3945,592,600,2466923,2461850,1
D,107365,2,200,200,199,206,4079,3937,585,606,2467508,2462456,1
D,107375,2,200,200,201,204,4072,3944,591,600,2468099,2463056,1
D,107385,2,200,200,199,203,4079,3947,585,598,2468684,2463654,1
D,107395,2,200,200,200,207,4076,3932,590,609,2469274,2464263,1
D,107405,2,200,200,201,202,4073,3949,592,596,2469866,2464859,1
D,107415,2,200,200,197,203,4087,3946,581,599,2470447,2465458,1
D,107425,2,200,200,201,206,4073,3935,593,606,2471040,2466064,1
D,107435,2,200,200,199,203,4080,3945,586,598,2471626,2466662,1
D,107445,2,200,200,200,204,4077,3942,588,600,2472214,2467262,1
D,107455,2,200,200,200,203,4077,3945,588,597,2472802,2467859,1
D,107465,2,200,200,199,205,4080,3937,587,603,2473389,2468462,1
D,107475,2,200,200,201,203,4073,3944,593,598,2473982,2469060,1
D,107485,2,200,200,198,202,4083,3947,582,595,2474564,2469655,1
D,107495,2,200,200,201,206,4073,3932,593,607,2475157,2470262,1
D,107505,2,200,200,200,201,4076,3949,589,591,2475746,2470853,1
D,107515,2,200,200,199,203,4079,3942,585,597,2476331,2471450,1
D,107525,2,200,200,201,204,4072,3939,592,602,2476923,2472052,1
D,107535,2,200,200,199,202,4079,3946,587,594,2477510,2472646,1
D,107545,2,200,200,201,202,4072,3946,592,596,2478102,2473242,1
D,107555,2,200,200,199,201,4079,3949,587,592,2478689,2473834,1
D,107565,2,200,200,201,204,4072,3939,592,600,2479281,2474434,1
D,107575,2,200,200,202,201,4069,3949,594,592,2479875,2475026,1
D,107585,2,200,200,198,201,4083,3949,583,591,2480458,2475617,1
D,107595,2,200,200,202,204,4069,3939,595,602,2481053,2476219,1
D,107605,2,200,200,200,200,4076,3953,589,588,2481642,2476807,1
D,107615,2,200,200,201,202,4073,3946,591,594,2482233,2477401,1
D,107625,2,200,200,201,202,4073,3946,593,596,2482826,2477997,1
D,107635,2,200,200,200,202,4076,3946,588,594,2483414,2478591,1
D,107645,2,200,200,202,202,4069,3946,596,594,2484010,2479185,1
D,107655,2,200,200,199,201,4079,3949,586,591,2484596,2479776,1
D,107665,2,200,200,202,204,4069,3939,594,600,2485190,2480376,1
D,107675,2,200,200,201,200,4072,3953,593,590,2485783,2480966,1
D,107685,2,200,200,199,201,4079,3950,586,591,2486369,2481557,1
D,107695,2,200,200,202,204,4069,3940,596,601,2486965,2482158,1
D,107705,2,200,200,200,200,4076,3954,590,589,2487555,2482747,1
D,107715,2,200,200,202,202,4069,3947,594,594,2488149,2483341,1
D,107725,2,200,200,201,201,4072,3950,592,593,2488741,2483934,1
D,107735,2,200,200,201,202,4072,3947,591,596,2489332,2484530,1
D,107745,2,200,200,203,201,4065,3950,597,593,2489929,2485123,1
D,107755,2,200,200,199,201,4079,3950,585,591,2490514,2485714,1
D,107765,2,200,200,203,204,4065,3940,597,602,2491111,2486316,1
D,107775,2,200,200,201,200,4072,3954,592,589,2491703,2486905,1
D,107785,2,200,200,200,201,4075,3951,590,593,2492293,2487498,1
D,107795,2,200,200,202,204,4068,3941,595,601,2492888,2488099,1
D,107805,2,200,200,200,201,4075,3951,588,591,2493476,2488690,1
D,107815,2,200,200,202,203,4068,3944,596,597,2494072,2489287,1
D,107825,2,200,200,200,201,4075,3951,588,593,2494660,2489880,1
D,107835,2,200,200,202,204,4068,3941,594,600,2495254,2490480,1
D,107845,2,200,200,202,202,4068,3948,596,595,2495850,2491075,1
D,107855,2,200,200,199,201,4078,3951,585,592,2496435,2491667,1
D,107865,2,200,200,203,205,4064,3936,597,604,2497032,2492271,1
D,107875,2,200,200,201,201,4071,3950,592,591,2497624,2492862,1
D,107885,2,200,200,201,202,4071,3947,592,595,2498216,2493457,1
D,107895,2,200,200,202,204,4068,3940,594,601,2498810,2494058,1
D,107905,2,200,200,200,202,4075,3947,590,594,2499400,2494652,1
D,107915,2,200,200,202,202,4068,3947,596,596,2499996,2495248,1
D,107925,2,200,200,199,201,4078,3950,587,593,2500583,2495841,1
D,107935,2,200,200,202,204,4068,3940,596,601,2501179,2496442,1
D,107945,2,200,200,202,202,4068,3947,594,595,2501773,2497037,1
D,107955,2,200,200,199,201,4078,3950,586,592,2502359,2497629,1
D,107965,2,200,200,202,205,4068,3935,596,604,2502955,2498233,1
D,107975,2,200,200,200,201,4075,3949,590,591,2503545,2498824,1
D,107985,2,200,200,202,203,4068,3942,594,597,2504139,2499421,1
D,107995,2,200,200,200,204,4075,3939,590,600,2504729,2500021,1
D,108005,2,200,200,201,203,4072,3942,591,597,2505320,2500618,1
D,108015,2,200,200,202,203,4069,3942,595,598,2505915,2501216,1
D,108025,2,200,200,198,201,4083,3949,584,593,2506499,2501809,1
D,108035,2,200,200,203,205,4066,3934,597,604,2507096,2502413,1
D,108045,2,200,200,201,202,4073,3944,592,595,2507688,2503008,1
D,108055,2,200,200,200,202,4076,3944,589,594,2508277,2503602,1
D,108065,2,200,200,202,205,4069,3933,595,605,2508872,2504207,1
D,108075,2,200,200,199,201,4079,3947,587,591,2509459,2504798,1
D,108085,2,200,200,202,203,4069,3940,595,598,2510054,2505396,1
D,108095,2,200,200,199,204,4079,3937,587,600,2510641,2505996,1
D,108105,2,200,200,201,203,4072,3940,593,597,2511234,2506593,1
D,108115,2,200,200,202,203,4069,3940,594,597,2511828,2507190,1
D,108125,2,200,200,198,202,4083,3943,583,595,2512411,2507785,1
D,108135,2,200,200,202,205,4069,3932,596,604,2513007,2508389,1
D,108145,2,200,200,200,202,4076,3942,589,594,2513596,2508983,1
D,108155,2,200,200,201,202,4073,3942,591,595,2514187,2509578,1
D,108165,2,200,200,201,205,4073,3931,591,605,2514778,2510183,1
D,108175,2,200,200,199,201,4080,3945,586,593,2515364,2510776,1
D,108185,2,200,200,201,203,4073,3938,593,599,2515957,2511375,1
D,108195,2,200,200,198,203,4083,3938,583,599,2516540,2511974,1
D,108205,2,200,200,201,203,4073,3938,592,599,2517132,2512573,1
D,108215,2,200,200,200,203,4076,3938,589,597,2517721,2513170,1
D,108225,2,200,200,199,202,4079,3941,585,594,2518306,2513764,1
D,108235,2,200,200,201,205,4072,3930,592,605,2518898,2514369,1
D,108245,2,200,200,198,201,4082,3944,584,593,2519482,2514962,1
D,108255,2,200,200,200,202,4075,3941,590,596,2520072,2515558,1
D,108265,2,200,200,199,205,4078,3930,585,604,2520657,2516162,1
D,108275,2,200,200,200,202,4075,3940,588,594,2521245,2516756,1
D,108285,2,200,200,201,203,4072,3937,591,597,2521836,2517353,1
D,108295,2,200,200,197,203,4086,3937,580,599,2522416,2517952,1
D,108305,2,200,200,201,203,4072,3937,593,599,2523009,2518551,1
D,108315,2,200,200,199,202,4079,3940,586,596,2523595,2519147,1
D,108325,2,200,200,199,202,4079,3940,587,595,2524182,2519742,1
D,108335,2,200,200,200,205,4076,3929,588,604,2524770,2520346,1
D,108345,2,200,200,199,201,4079,3943,585,593,2525355,2520939,1
D,108355,2,200,200,201,202,4072,3940,591,595,2525946,2521534,1
D,108365,2,200,200,197,205,4086,3929,581,604,2526527,2522138,1
D,108375,2,200,200,201,201,4072,3943,591,593,2527118,2522731,1
D,108385,2,200,200,200,203,4075,3936,588,597,2527706,2523328,1
D,108395,2,200,200,198,202,4082,3939,583,596,2528289,2523924,1
D,108405,2,200,200,201,204,4072,3932,591,600,2528880,2524524,1
D,108415,2,200,200,198,202,4082,3939,584,594,2529464,2525118,1
D,108425,2,200,200,200,202,4075,3939,589,594,2530053,2525712,1
D,108435,2,200,200,198,205,4082,3928,584,604,2530637,2526316,1
D,108445,2,200,200,200,201,4075,3942,588,591,2531225,2526907,1
D,108455,2,200,200,201,202,4072,3939,591,595,2531816,2527502,1
D,108465,2,200,200,197,204,4086,3932,580,602,2532396,2528104,1
D,108475,2,200,200,201,201,4072,3942,592,593,2532988,2528697,1
D,108485,2,200,200,199,202,4079,3939,586,595,2533574,2529292,1
D,108495,2,200,200,200,202,4076,3939,588,594,2534162,2529886,1
D,108505,2,200,200,199,203,4079,3936,587,599,2534749,2530485,1
D,108515,2,200,200,199,201,4079,3943,585,592,2535334,2531077,1
D,108525,2,200,200,201,201,4072,3943,592,593,2535926,2531670,1
D,108535,2,200,200,198,204,4082,3933,582,601,2536508,2532271,1
D,108545,2,200,200,201,200,4072,3947,592,588,2537100,2532859,1
D,108555,2,200,200,200,201,4075,3944,589,593,2537689,2533452,1
D,108565,2,200,200,199,203,4078,3937,586,598,2538275,2534050,1
D,108575,2,200,200,201,201,4071,3944,592,592,2538867,2534642,1
D,108585,2,200,200,198,201,4081,3944,584,593,2539451,2535235,1
D,108595,2,200,200,201,200,4071,3947,591,590,2540042,2535825,1
D,108605,2,200,200,199,203,4078,3937,586,599,2540628,2536424,1
D,108615,2,200,200,200,200,4075,3947,590,589,2541218,2537013,1
D,108625,2,200,200,201,200,4072,3947,592,590,2541810,2537603,1
D,108635,2,200,200,198,203,4082,3937,583,599,2542393,2538202,1
D,108645,2,200,200,201,200,4072,3947,593,588,2542986,2538790,1
D,108655,2,200,200,200,201,4075,3944,588,593,2543574,2539383,1
D,108665,2,200,200,200,202,4075,3941,590,595,2544164,2539978,1
D,108675,2,200,200,200,202,4075,3941,590,594,2544754,2540572,1
D,108685,2,200,200,200,201,4075,3944,588,591,2545342,2541163,1
D,108695,2,200,200,202,200,4068,3947,594,589,2545936,2541752,1
D,108705,2,200,200,199,203,4078,3937,585,599,2546521,2542351,1
D,108715,2,200,200,201,200,4071,3947,593,588,2547114,2542939,1
D,108725,2,200,200,201,201,4071,3944,593,592,2547707,2543531,1
D,108735,2,200,200,199,203,4078,3937,587,598,2548294,2544129,1
D,108745,2,200,200,202,200,4068,3947,594,589,2548888,2544718,1
D,108755,2,200,200,200,201,4075,3944,588,593,2549476,2545311,1
D,108765,2,200,200,201,201,4072,3944,593,592,2550069,2545903,1
D,108775,2,200,200,200,203,4075,3937,588,597,2550657,2546500,1
D,108785,2,200,200,201,201,4072,3944,591,592,2551248,2547092,1
D,108795,2,200,200,202,201,4069,3944,594,591,2551842,2547683,1
D,108805,2,200,200,198,204,4083,3934,584,601,2552426,2548284,1
D,108815,2,200,200,202,200,4069,3948,595,588,2553021,2548872,1
D,108825,2,200,200,200,202,4076,3941,590,595,2553611,2549467,1
D,108835,2,200,200,201,203,4073,3938,591,598,2554202,2550065,1
D,108845,2,200,200,201,202,4073,3941,592,594,2554794,2550659,1
D,108855,2,200,200,200,202,4076,3941,589,594,2555383,2551253,1
D,108865,2,200,200,202,201,4069,3944,594,593,2555977,2551846,1
D,108875,2,200,200,199,204,4079,3934,587,600,2556564,2552446,1
D,108885,2,200,200,202,201,4069,3944,594,592,2557158,2553038,1
D,108895,2,200,200,202,201,4069,3944,594,593,2557752,2553631,1
D,108905,2,200,200,199,204,4079,3934,587,602,2558339,2554233,1
D,108915,2,200,200,202,200,4069,3948,595,590,2558934,2554823,1
D,108925,2,200,200,200,202,4076,3941,589,595,2559523,2555418,1
D,108935,2,200,200,201,203,4073,3938,592,598,2560115,2556016,1
D,108945,2,200,200,200,202,4076,3941,590,596,2560705,2556612,1
D,108955,2,200,200,201,202,4073,3941,591,594,2561296,2557206,1
D,108965,2,200,200,202,201,4070,3944,595,593,2561891,2557799,1
D,108975,2,200,200,198,204,4084,3934,584,602,2562475,2558401,1
D,108985,2,200,200,202,201,4070,3944,595,591,2563070,2558992,1
D,108995,2,200,200,201,202,4073,3941,591,595,2563661,2559587,1
D,109005,2,200,200,200,205,4076,3930,589,603,2564250,2560190,1
D,109015,2,200,200,201,201,4073,3944,592,591,2564842,2560781,1
D,109025,2,200,200,200,203,4076,3937,588,597,2565430,2561378,1
D,109035,2,200,200,201,203,4073,3937,593,598,2566023,2561976,1
D,109045,2,200,200,199,203,4080,3937,586,598,2566609,2562574,1
D,109055,2,200,200,201,202,4073,3940,592,596,2567201,2563170,1
D,109065,2,200,200,202,202,4070,3940,594,594,2567795,2563764,1
D,109075,2,200,200,198,205,4084,3929,584,604,2568379,2564368,1
D,109085,2,200,200,201,201,4074,3943,593,593,2568972,2564961,1
D,109095,2,200,200,200,202,4077,3940,589,596,2569561,2565557,1
D,109105,2,200,200,200,205,4077,3929,590,603,2570151,2566160,1
D,109115,2,200,200,200,202,4077,3939,588,594,2570739,2566754,1
D,109125,2,200,200,200,203,4077,3936,589,597,2571328,2567351,1
D,109135,2,200,200,202,203,4070,3936,594,598,2571922,2567949,1
D,109145,2,200,200,198,204,4084,3933,584,600,2572506,2568549,1
D,109155,2,200,200,201,202,4074,3940,593,595,2573099,2569144,1
D,109165,2,200,200,201,202,4074,3940,591,595,2573690,2569739,1
D,109175,2,200,200,199,205,4081,3929,587,603,2574277,2570342,1
D,109185,2,200,200,201,201,4074,3943,592,592,2574869,2570934,1
D,109195,2,200,200,199,202,4081,3940,586,596,2575455,2571530,1
D,109205,2,200,200,201,204,4074,3933,591,601,2576046,2572131,1
D,109215,2,200,200,199,202,4081,3940,585,594,2576631,2572725,1
D,109225,2,200,200,200,202,4078,3940,588,596,2577219,2573321,1
D,109235,2,200,200,201,202,4075,3940,591,596,2577810,2573917,1
D,109245,2,200,200,197,204,4089,3933,581,600,2578391,2574517,1
D,109255,2,200,200,200,202,4079,3940,589,594,2578980,2575111,1
D,109265,2,200,200,199,202,4082,3940,585,595,2579565,2575706,1
D,109275,2,200,200,199,205,4082,3929,587,603,2580152,2576309,1
D,109285,2,200,200,199,201,4082,3943,585,592,2580737,2576901,1
D,109295,2,200,200,199,202,4082,3940,585,595,2581322,2577496,1
D,109305,2,200,200,200,204,4079,3933,589,602,2581911,2578098,1
D,109315,2,200,200,197,202,4089,3940,581,594,2582492,2578692,1
D,109325,2,200,200,200,202,4079,3940,590,596,2583082,2579288,1
D,109335,2,200,200,199,202,4082,3940,587,595,2583669,2579883,1
D,109345,2,200,200,199,204,4082,3933,585,601,2584254,2580484,1
D,109355,2,200,200,199,201,4082,3943,587,593,2584841,2581077,1
D,109365,2,200,200,198,201,4085,3943,584,593,2585425,2581670,1
D,109375,2,200,200,200,205,4078,3928,589,603,2586014,2582273,1
D,109385,2,200,200,198,200,4085,3945,582,590,2586596,2582863,1
D,109395,2,200,200,200,202,4078,3938,589,595,2587185,2583458,1
D,109405,2,200,200,200,204,4078,3931,589,600,2587774,2584058,1
D,109415,2,200,200,198,202,4085,3938,583,594,2588357,2584652,1
D,109425,2,200,200,200,202,4078,3938,590,595,2588947,2585247,1
D,109435,2,200,200,199,201,4081,3941,585,592,2589532,2585839,1
D,109445,2,200,200,200,204,4078,3931,590,600,2590122,2586439,1
D,109455,2,200,200,199,201,4081,3941,585,591,2590707,2587030,1
D,109465,2,200,200,200,201,4078,3941,589,591,2591296,2587621,1
D,109475,2,200,200,201,204,4075,3931,591,601,2591887,2588222,1
D,109485,2,200,200,197,200,4089,3945,581,588,2592468,2588810,1
D,109495,2,200,200,201,201,4075,3942,593,593,2593061,2589403,1
D,109505,2,200,200,200,202,4078,3939,589,596,2593650,2589999,1
D,109515,2,200,200,200,201,4078,3942,588,593,2594238,2590592,1
D,109525,2,200,200,200,201,4078,3942,590,591,2594828,2591183,1
D,109535,2,200,200,199,200,4081,3945,587,590,2595415,2591773,1
D,109545,2,200,200,201,203,4074,3935,592,598,2596007,2592371,1
D,109555,2,200,200,198,200,4084,3945,584,589,2596591,2592960,1
D,109565,2,200,200,201,201,4074,3942,593,591,2597184,2593551,1
D,109575,2,200,200,201,203,4074,3935,592,598,2597776,2594149,1
D,109585,2,200,200,199,200,4081,3945,585,588,2598361,2594737,1
D,109595,2,200,200,201,201,4074,3942,593,591,2598954,2595328,1
D,109605,2,200,200,200,201,4077,3942,589,593,2599543,2595921,1
D,109615,2,200,200,201,202,4074,3939,592,595,2600135,2596516,1
D,109625,2,200,200,200,201,4077,3942,589,591,2600724,2597107,1
D,109635,2,200,200,201,200,4074,3945,591,589,2601315,2597696,1
D,109645,2,200,200,202,203,4071,3935,594,599,2601909,2598295,1
D,109655,2,200,200,199,200,4081,3945,585,588,2602494,2598883,1
D,109665,2,200,200,202,201,4071,3942,595,591,2603089,2599474,1
D,109675,2,200,200,201,203,4074,3935,592,598,2603681,2600072,1
D,109685,2,200,200,200,201,4077,3942,589,591,2604270,2600663,1
D,109695,2,200,200,201,201,4074,3942,593,593,2604863,2601256,1
D,109705,2,200,200,200,200,4077,3945,589,590,2605452,2601846,1
D,109715,2,200,200,202,203,4070,3935,595,598,2606047,2602444,1
D,109725,2,200,200,199,200,4080,3945,586,590,2606633,2603034,1
D,109735,2,200,200,202,201,4070,3942,596,591,2607229,2603625,1
D,109745,2,200,200,202,203,4070,3935,595,599,2607824,2604224,1
D,109755,2,200,200,199,200,4080,3945,586,588,2608410,2604812,1
D,109765,2,200,200,203,201,4066,3942,597,592,2609007,2605404,1
D,109775,2,200,200,201,202,4073,3939,592,596,2609599,2606000,1
D,109785,2,200,200,201,201,4073,3942,593,593,2610192,2606593,1
D,109795,2,200,200,201,201,4073,3942,592,592,2610784,2607185,1
D,109805,2,200,200,201,200,4073,3945,592,590,2611376,2607775,1
D,109815,2,200,200,202,203,4070,3935,595,599,2611971,2608374,1
D,109825,2,200,200,200,200,4077,3945,588,590,2612559,2608964,1
D,109835,2,200,200,203,201,4067,3942,597,592,2613156,2609556,1
D,109845,2,200,200,202,204,4070,3932,594,600,2613750,2610156,1
D,109855,2,200,200,200,201,4077,3942,589,591,2614339,2610747,1
D,109865,2,200,200,202,202,4070,3939,596,595,2614935,2611342,1
D,109875,2,200,200,201,202,4073,3939,591,596,2615526,2611938,1
D,109885,2,200,200,202,203,4070,3936,595,597,2616121,2612535,1
D,109895,2,200,200,201,202,4073,3939,591,594,2616712,2613129,1
D,109905,2,200,200,202,201,4070,3942,594,593,2617306,2613722,1
D,109915,2,200,200,202,204,4070,3932,596,602,2617902,2614324,1
D,109925,2,200,200,200,201,4077,3942,588,591,2618490,2614915,1
D,109935,2,200,200,203,202,4067,3939,598,595,2619088,2615510,1
D,109945,2,200,200,202,204,4070,3932,594,602,2619682,2616112,1
D,109955,2,200,200,201,202,4073,3939,591,594,2620273,2616706,1
D,109965,2,200,200,202,202,4070,3939,595,595,2620868,2617301,1
D,109975,2,200,200,200,202,4077,3939,590,596,2621458,2617897,1
D,109985,2,200,200,202,204,4070,3932,596,600,2622054,2618497,1
D,109995,2,200,200,200,202,4077,3939,588,595,2622642,2619092,1
D,110005,2,200,200,202,202,4070,3939,594,594,2623236,2619686,1
D,110015,2,200,200,202,205,4070,3928,595,604,2623831,2620290,1
D,110025,2,200,200,199,201,4080,3942,586,592,2624417,2620882,1
D,110035,2,200,200,202,202,4070,3939,596,596,2625013,2621478,1
D,110045,2,200,200,201,205,4073,3928,591,603,2625604,2622081,1
D,110055,2,200,200,201,202,4073,3938,592,595,2626196,2622676,1
D,110065,2,200,200,201,203,4073,3935,592,597,2626788,2623273,1
D,110075,2,200,200,200,203,4076,3935,590,597,2627378,2623870,1
D,110085,2,200,200,202,204,4069,3932,595,601,2627973,2624471,1
D,110095,2,200,200,199,202,4079,3939,586,596,2628559,2625067,1
D,110105,2,200,200,202,202,4069,3939,596,595,2629155,2625662,1
D,110115,2,200,200,201,205,4072,3928,593,605,2629748,2626267,1
D,110125,2,200,200,199,201,4079,3942,587,593,2630335,2626860,1
D,110135,2,200,200,202,202,4069,3939,594,596,2630929,2627456,1
D,110145,2,200,200,200,205,4076,3928,589,603,2631518,2628059,1
D,110155,2,200,200,201,202,4073,3938,593,595,2632111,2628654,1
D,110165,2,200,200,200,203,4076,3935,588,598,2632699,2629252,1
D,110175,2,200,200,201,202,4073,3938,592,596,2633291,2629848,1
D,110185,2,200,200,202,204,4070,3931,594,602,2633885,2630450,1
D,110195,2,200,200,198,202,4084,3938,584,596,2634469,2631046,1
D,110205,2,200,200,202,202,4070,3938,594,595,2635063,2631641,1
D,110215,2,200,200,200,205,4077,3927,588,604,2635651,2632245,1
D,110225,2,200,200,200,201,4077,3941,588,592,2636239,2632837,1
D,110235,2,200,200,200,202,4077,3938,589,596,2636828,2633433,1
D,110245,2,200,200,199,204,4080,3931,585,602,2637413,2634035,1
D,110255,2,200,200,201,202,4073,3938,592,596,2638005,2634631,1
D,110265,2,200,200,198,203,4083,3935,582,597,2638587,2635228,1
D,110275,2,200,200,201,202,4073,3938,591,595,2639178,2635823,1
D,110285,2,200,200,199,204,4080,3931,587,602,2639765,2636425,1
D,110295,2,200,200,197,202,4087,3938,581,595,2640346,2637020,1
D,110305,2,200,200,200,202,4077,3938,590,595,2640936,2637615,1
D,110315,2,200,200,198,205,4084,3927,583,604,2641519,2638219,1
D,110325,2,200,200,200,201,4077,3941,589,592,2642108,2638811,1
D,110335,2,200,200,198,202,4084,3938,584,596,2642692,2639407,1
D,110345,2,200,200,200,204,4077,3931,588,601,2643280,2640008,1
D,110355,2,200,200,201,203,4074,3934,591,597,2643871,2640605,1
D,110365,2,200,200,197,202,4088,3937,580,596,2644451,2641201,1
D,110375,2,200,200,201,201,4074,3940,592,593,2645043,2641794,1
D,110385,2,200,200,199,204,4081,3930,586,602,2645629,2642396,1
D,110395,2,200,200,200,201,4078,3940,588,593,2646217,2642989,1
D,110405,2,200,200,200,201,4078,3940,589,593,2646806,2643582,1
D,110415,2,200,200,199,204,4081,3930,586,602,2647392,2644184,1
D,110425,2,200,200,201,200,4074,3944,591,590,2647983,2644774,1
D,110435,2,200,200,198,201,4084,3941,583,593,2648566,2645367,1
D,110445,2,200,200,201,203,4074,3934,593,597,2649159,2645964,1
D,110455,2,200,200,200,202,4077,3937,589,594,2649748,2646558,1
D,110465,2,200,200,199,201,4080,3940,585,593,2650333,2647151,1
D,110475,2,200,200,201,201,4073,3940,591,591,2650924,2647742,1
D,110485,2,200,200,199,203,4080,3933,586,599,2651510,2648341,1
D,110495,2,200,200,201,200,4073,3943,593,589,2652103,2648930,1
D,110505,2,200,200,199,201,4080,3940,586,591,2652689,2649521,1
D,110515,2,200,200,201,203,4073,3933,591,599,2653280,2650120,1
D,110525,2,200,200,201,200,4073,3943,593,589,2653873,2650709,1
D,110535,2,200,200,198,201,4083,3940,583,592,2654456,2651301,1
D,110545,2,200,200,202,201,4069,3940,594,593,2655050,2651894,1
D,110555,2,200,200,200,202,4076,3937,588,594,2655638,2652488,1
D,110565,2,200,200,200,201,4076,3940,590,591,2656228,2653079,1
D,110575,2,200,200,201,200,4073,3943,591,589,2656819,2653668,1
D,110585,2,200,200,199,203,4080,3933,587,598,2657406,2654266,1
D,110595,2,200,200,202,199,4070,3947,594,586,2658000,2654852,1
D,110605,2,200,200,198,200,4084,3944,584,590,2658584,2655442,1
D,110615,2,200,200,202,202,4070,3937,594,595,2659178,2656037,1
D,110625,2,200,200,201,200,4073,3944,592,588,2659770,2656625,1
D,110635,2,200,200,199,200,4080,3944,586,590,2660356,2657215,1
D,110645,2,200,200,202,199,4070,3947,596,585,2660952,2657800,1
D,110655,2,200,200,200,202,4077,3937,588,594,2661540,2658394,1
D,110665,2,200,200,202,199,4070,3947,594,587,2662134,2658981,1
D,110675,2,200,200,200,199,4077,3947,590,586,2662724,2659567,1
D,110685,0,0,0,201,202,0,0,592,595,2663316,2660162,1
D,110695,0,0,0,199,195,0,0,585,573,2663901,2660735,1
D,110705,0,0,0,190,191,0,0,559,564,2664460,2661299,1
D,110715,0,0,0,189,186,0,0,557,549,2665017,2661848,1
D,110725,0,0,0,182,184,0,0,535,541,2665552,2662389,1
D,110735,0,0,0,179,176,0,0,527,520,2666079,2662909,1
D,110745,0,0,0,171,172,0,0,505,508,2666584,2663417,1
D,110755,0,0,0,170,169,0,0,502,498,2667086,2663915,1
D,110765,0,0,0,164,165,0,0,482,486,2667568,2664401,1
D,110775,0,0,0,160,158,0,0,473,466,2668041,2664867,1
D,110785,0,0,0,153,155,0,0,452,458,2668493,2665325,1
D,110795,0,0,0,152,150,0,0,448,442,2668941,2665767,1
D,110805,0,0,0,145,149,0,0,428,438,2669369,2666205,1
D,110815,0,0,0,142,141,0,0,420,415,2669789,2666620,1
D,110825,0,0,0,136,137,0,0,401,405,2670190,2667025,1
D,110835,0,0,0,131,133,0,0,386,391,2670576,2667416,1
D,110845,0,0,0,129,129,0,0,381,381,2670957,2667797,1
D,110855,0,0,0,123,127,0,0,362,375,2671319,2668172,1
D,110865,0,0,0,119,120,0,0,352,354,2671671,2668526,1
D,110875,0,0,0,115,116,0,0,340,341,2672011,2668867,1
D,110885,0,0,0,109,113,0,0,321,334,2672332,2669201,1
D,110895,0,0,0,106,107,0,0,313,317,2672645,2669518,1
D,110905,0,0,0,103,105,0,0,304,310,2672949,2669828,1
D,110915,0,0,0,98,102,0,0,288,301,2673237,2670129,1
D,110925,0,0,0,93,96,0,0,274,283,2673511,2670412,1
D,110935,0,0,0,90,92,0,0,267,271,2673778,2670683,1
D,110945,0,0,0,84,88,0,0,249,260,2674027,2670943,1
D,110955,0,0,0,79,84,0,0,235,249,2674262,2671192,1
D,110965,0,0,0,75,79,0,0,223,234,2674485,2671426,1
D,110975,0,0,0,72,77,0,0,214,228,2674699,2671654,1
D,110985,0,0,0,70,73,0,0,206,215,2674905,2671869,1
D,110995,0,0,0,65,69,0,0,191,203,2675096,2672072,1
D,111005,0,0,0,59,65,0,0,174,193,2675270,2672265,1
D,111015,0,0,0,55,58,0,0,164,172,2675434,2672437,1
D,111025,0,0,0,52,57,0,0,155,169,2675589,2672606,1
D,111035,0,0,0,47,50,0,0,141,148,2675730,2672754,1
D,111045,0,0,0,46,50,0,0,136,148,2675866,2672902,1
D,111055,0,0,0,36,45,0,0,108,133,2675974,2673035,1
D,111065,0,0,0,36,39,0,0,108,116,2676082,2673151,1
D,111075,0,0,0,33,40,0,0,98,120,2676180,2673271,1
D,111085,0,0,0,22,31,0,0,67,94,2676247,2673365,1
D,111095,0,0,0,14,26,0,0,44,77,2676291,2673442,1
D,111105,0,0,0,16,29,0,0,48,88,2676339,2673530,1
D,111115,0,0,0,20,28,0,0,61,83,2676400,2673613,1
D,111125,0,0,0,20,17,0,0,61,51,2676461,2673664,1
D,111135,0,0,0,14,4,0,0,43,14,2676504,2673678,1
D,111145,0,0,0,4,-3,0,0,12,-10,2676516,2673668,1
D,111155,0,0,0,-4,-9,0,0,-13,-27,2676503,2673641,1
D,111165,0,0,0,-7,-14,0,0,-22,-42,2676481,2673599,1
D,111175,0,0,0,-7,-15,0,0,-23,-45,2676458,2673554,1
D,111185,0,0,0,-5,-10,0,0,-16,-32,2676442,2673522,1
D,111195,0,0,0,-1,-3,0,0,-4,-10,2676438,2673512,1
D,111205,0,0,0,0,2,0,0,0,6,2676438,2673518,1
D,111215,0,0,0,0,3,0,0,0,10,2676438,2673528,1
D,111225,0,0,0,0,2,0,0,0,8,2676438,2673536,1
D,111235,0,0,0,0,0,0,0,0,2,2676438,2673538,1
D,111245,0,0,0,0,0,0,0,0,0,2676438,2673538,1
D,111255,0,0,0,0,0,0,0,0,0,2676438,2673538,1
D,111265,0,0,0,0,0,0,0,0,0,2676438,2673538,1
D,111275,0,0,0,0,0,0,0,0,0,2676438,2673538,1
D,111285,0,0,0,0,0,0,0,0,0,2676438,2673538,1
D,111295,0,0,0,0,0,0,0,0,0,2676438,2673538,1
D,111305,0,0,0,0,0,0,0,0,0,2676438,2673538,1
D,111315,0,0,0,0,0,0,0,0,0,2676438,2673538,1
D,111325,0,0,0,0,0,0,0,0,0,2676438,2673538,1
D,111335,0,0,0,0,0,0,0,0,0,2676438,2673538,1
D,111345,0,0,0,0,0,0,0,0,0,2676438,2673538,1
D,111355,0,0,0,0,0,0,0,0,0,2676438,2673538,1
D,111365,0,0,0,0,0,0,0,0,0,2676438,2673538,1
D,111375,0,0,0,0,0,0,0,0,0,2676438,2673538,1
D,111385,0,0,0,0,0,0,0,0,0,2676438,2673538,1
D,111395,0,0,0,0,0,0,0,0,0,2676438,2673538,1
D,111405,0,0,0,0,0,0,0,0,0,2676438,2673538,1
D,111415,0,0,0,0,0,0,0,0,0,2676438,2673538,1
D,111425,0,0,0,0,0,0,0,0,0,2676438,2673538,1
D,111435,0,0,0,0,0,0,0,0,0,2676438,2673538,1
D,111445,0,0,0,0,0,0,0,0,0,2676438,2673538,1
D,111455,0,0,0,0,0,0,0,0,0,2676438,2673538,1
D,111465,0,0,0,0,0,0,0,0,0,2676438,2673538,1
D,111475,0,0,0,0,0,0,0,0,0,2676438,2673538,1
D,111485,0,0,0,0,0,0,0,0,0,2676438,2673538,1
D,111495,0,0,0,0,0,0,0,0,0,2676438,2673538,1
D,111505,0,0,0,0,0,0,0,0,0,2676438,2673538,1
D,111515,0,0,0,0,0,0,0,0,0,2676438,2673538,1
D,111525,0,0,0,0,0,0,0,0,0,2676438,2673538,1
D,111535,0,0,0,0,0,0,0,0,0,2676438,2673538,1
D,111545,0,0,0,0,0,0,0,0,0,2676438,2673538,1
D,111555,0,0,0,0,0,0,0,0,0,2676438,2673538,1
D,111565,0,0,0,0,0,0,0,0,0,2676438,2673538,1
D,111575,0,0,0,0,0,0,0,0,0,2676438,2673538,1
D,111585,0,0,0,0,0,0,0,0,0,2676438,2673538,1
D,111595,0,0,0,0,0,0,0,0,0,2676438,2673538,1
D,111605,0,0,0,0,0,0,0,0,0,2676438,2673538,1
D,111615,0,0,0,0,0,0,0,0,0,2676438,2673538,1
D,111625,0,0,0,0,0,0,0,0,1,2676438,2673539,1
D,111635,0,0,0,0,0,0,0,0,0,2676438,2673539,1
D,111645,0,0,0,0,0,0,0,0,0,2676438,2673539,1
D,111655,0,0,0,0,0,0,0,0,0,2676438,2673539,1
D,111665,0,0,0,0,0,0,0,0,0,2676438,2673539,1
D,111675,0,0,0,0,0,0,0,0,0,2676438,2673539,1
D,111685,0,0,0,0,0,0,0,0,0,2676438,2673539,1
D,111695,0,0,0,0,0,0,0,0,0,2676438,2673539,1
D,111705,0,0,0,0,0,0,0,0,0,2676438,2673539,1
D,111715,0,0,0,0,0,0,0,0,0,2676438,2673539,1
D,111725,0,0,0,0,0,0,0,0,0,2676438,2673539,1
D,111735,0,0,0,0,0,0,0,0,0,2676438,2673539,1
D,111745,0,0,0,0,0,0,0,0,0,2676438,2673539,1
D,111755,0,0,0,0,0,0,0,0,0,2676438,2673539,1
D,111765,0,0,0,0,0,0,0,0,0,2676438,2673539,1
D,111775,0,0,0,0,0,0,0,0,0,2676438,2673539,1
D,111785,0,0,0,0,0,0,0,0,0,2676438,2673539,1
D,111795,0,0,0,0,0,0,0,0,0,2676438,2673539,1
D,111805,0,0,0,0,0,0,0,0,0,2676438,2673539,1
D,111815,0,0,0,0,0,0,0,0,0,2676438,2673539,1
D,111825,0,0,0,0,0,0,0,0,0,2676438,2673539,1
D,111835,0,0,0,0,0,0,0,0,0,2676438,2673539,1
D,111845,0,0,0,0,0,0,0,0,0,2676438,2673539,1
D,111855,0,0,0,0,0,0,0,0,0,2676438,2673539,1
D,111865,0,0,0,0,0,0,0,0,0,2676438,2673539,1
D,111875,0,0,0,0,0,0,0,0,0,2676438,2673539,1
D,111885,0,0,0,0,0,0,0,0,0,2676438,2673539,1
D,111895,0,0,0,0,0,0,0,0,0,2676438,2673539,1
D,111905,0,0,0,0,0,0,0,0,0,2676438,2673539,1
D,111915,0,0,0,0,0,0,0,0,0,2676438,2673539,1
D,111925,0,0,0,0,0,0,0,0,0,2676438,2673539,1
D,111935,0,0,0,0,0,0,0,0,0,2676438,2673539,1
D,111945,0,0,0,0,0,0,0,0,0,2676438,2673539,1
D,111955,0,0,0,0,0,0,0,0,0,2676438,2673539,1
D,111965,0,0,0,0,0,0,0,0,0,2676438,2673539,1
D,111975,0,0,0,0,0,0,0,0,0,2676438,2673539,1
D,111985,0,0,0,0,0,0,0,0,0,2676438,2673539,1
D,111995,0,0,0,0,0,0,0,0,0,2676438,2673539,1
D,112005,0,0,0,0,0,0,0,0,0,2676438,2673539,1
D,112015,0,0,0,0,0,0,0,0,0,2676438,2673539,1
D,112025,0,0,0,0,0,0,0,0,0,2676438,2673539,1
D,112035,0,0,0,0,0,0,0,0,0,2676438,2673539,1
D,112045,0,0,0,0,0,0,0,0,0,2676438,2673539,1
D,112055,0,0,0,0,0,0,0,0,0,2676438,2673539,1
D,112065,0,0,0,0,0,0,0,0,0,2676438,2673539,1
D,112075,0,0,0,0,0,0,0,0,0,2676438,2673539,1
D,112085,0,0,0,0,0,0,0,0,0,2676438,2673539,1
D,112095,0,0,0,0,0,0,0,0,0,2676438,2673539,1
D,112105,0,0,0,0,0,0,0,0,0,2676438,2673539,1
D,112115,0,0,0,0,0,0,0,0,0,2676438,2673539,1
D,112125,0,0,0,0,0,0,0,0,0,2676438,2673539,1
D,112135,0,0,0,0,0,0,0,0,0,2676438,2673539,1
D,112145,0,0,0,0,0,0,0,0,0,2676438,2673539,1
D,112155,0,0,0,0,0,0,0,0,0,2676438,2673539,1
D,112165,0,0,0,0,0,0,0,0,0,2676438,2673539,1
D,112175,0,0,0,0,0,0,0,0,0,2676438,2673539,1
D,112185,0,0,0,0,0,0,0,0,0,2676438,2673539,1
D,112195,0,0,0,0,0,0,0,0,0,2676438,2673539,1
D,112205,0,0,0,0,0,0,0,0,0,2676438,2673539,1
D,112215,0,0,0,0,0,0,0,0,0,2676438,2673539,1
D,112225,0,0,0,0,0,0,0,0,0,2676438,2673539,1
D,112235,0,0,0,0,0,0,0,0,0,2676438,2673539,1
D,112245,0,0,0,0,0,0,0,0,0,2676438,2673539,1
D,112255,0,0,0,0,0,0,0,0,0,2676438,2673539,1
D,112265,0,0,0,0,0,0,0,0,0,2676438,2673539,1
D,112275,0,0,0,0,0,0,0,0,0,2676438,2673539,1
D,112285,0,0,0,0,0,0,0,0,0,2676438,2673539,1
D,112295,0,0,0,0,0,0,0,0,0,2676438,2673539,1
D,112305,0,0,0,0,0,0,0,0,0,2676438,2673539,1
D,112315,0,0,0,0,0,0,0,0,0,2676438,2673539,1
D,112325,0,0,0,0,0,0,0,0,0,2676438,2673539,1
D,112335,0,0,0,0,0,0,0,0,0,2676438,2673539,1
D,112345,0,0,0,0,0,0,0,0,0,2676438,2673539,1
D,112355,0,0,0,0,0,0,0,0,0,2676438,2673539,1
D,112365,0,0,0,0,0,0,0,0,0,2676438,2673539,1
D,112375,0,0,0,0,0,0,0,0,0,2676438,2673539,1
D,112385,0,0,0,0,0,0,0,0,0,2676438,2673539,1
D,112395,0,0,0,0,0,0,0,0,0,2676438,2673539,1
D,112405,0,0,0,0,0,0,0,0,0,2676438,2673539,1
D,112415,0,0,0,0,0,0,0,0,0,2676438,2673539,1
D,112425,0,0,0,0,0,0,0,0,0,2676438,2673539,1
D,112435,0,0,0,0,0,0,0,0,0,2676438,2673539,1
D,112445,0,0,0,0,0,0,0,0,0,2676438,2673539,1
D,112455,0,0,0,0,0,0,0,0,0,2676438,2673539,1
D,112465,0,0,0,0,0,0,0,0,0,2676438,2673539,1
D,112475,0,0,0,0,0,0,0,0,0,2676438,2673539,1
D,112485,0,0,0,0,0,0,0,0,0,2676438,2673539,1
D,112495,0,0,0,0,0,0,0,0,0,2676438,2673539,1
D,112505,0,0,0,0,0,0,0,0,0,2676438,2673539,1
D,112515,0,0,0,0,0,0,0,0,0,2676438,2673539,1
D,112525,0,0,0,0,0,0,0,0,0,2676438,2673539,1
D,112535,0,0,0,0,0,0,0,0,0,2676438,2673539,1
D,112545,0,0,0,0,0,0,0,0,0,2676438,2673539,1
D,112555,0,0,0,0,0,0,0,0,0,2676438,2673539,1
D,112565,0,0,0,0,0,0,0,0,0,2676438,2673539,1
D,112575,0,0,0,0,0,0,0,0,0,2676438,2673539,1
D,112585,0,0,0,0,0,0,0,0,0,2676438,2673539,1
D,112595,0,0,0,0,0,0,0,0,0,2676438,2673539,1
D,112605,0,0,0,0,0,0,0,0,0,2676438,2673539,1
D,112615,0,0,0,0,0,0,0,0,0,2676438,2673539,1
D,112625,0,0,0,0,0,0,0,0,0,2676438,2673539,1
D,112635,0,0,0,0,0,0,0,0,0,2676438,2673539,1
D,112645,0,0,0,0,0,0,0,0,0,2676438,2673539,1
D,112655,0,0,0,0,0,0,0,0,0,2676438,2673539,1
D,112665,0,0,0,0,0,0,0,0,0,2676438,2673539,1
D,112675,0,0,0,0,0,0,0,0,0,2676438,2673539,1
D,112685,0,0,0,0,0,0,0,0,0,2676438,2673539,1
D,112695,0,0,0,0,0,0,0,0,0,2676438,2673539,1
D,112705,0,0,0,0,0,0,0,0,0,2676438,2673539,1
D,112715,0,0,0,0,0,0,0,0,0,2676438,2673539,1
D,112725,0,0,0,0,0,0,0,0,0,2676438,2673539,1
D,112735,0,0,0,0,0,0,0,0,0,2676438,2673539,1
D,112745,0,0,0,0,0,0,0,0,0,2676438,2673539,1
D,112755,0,0,0,0,0,0,0,0,0,2676438,2673539,1
D,112765,0,0,0,0,0,0,0,0,0,2676438,2673539,1
D,112775,0,0,0,0,0,0,0,0,0,2676438,2673539,1
D,112785,0,0,0,0,0,0,0,0,0,2676438,2673539,1
D,112795,0,0,0,0,0,0,0,0,0,2676438,2673539,1
D,112805,0,0,0,0,0,0,0,0,0,2676438,2673539,1
D,112815,0,0,0,0,0,0,0,0,0,2676438,2673539,1
D,112825,0,0,0,0,0,0,0,0,0,2676438,2673539,1
D,112835,0,0,0,0,0,0,0,0,0,2676438,2673539,1
D,112845,0,0,0,0,0,0,0,0,0,2676438,2673539,1
D,112855,0,0,0,0,0,0,0,0,0,2676438,2673539,1
D,112865,0,0,0,0,0,0,0,0,0,2676438,2673539,1
D,112875,0,0,0,0,0,0,0,0,0,2676438,2673539,1
D,112885,0,0,0,0,0,0,0,0,0,2676438,2673539,1
D,112895,0,0,0,0,0,0,0,0,0,2676438,2673539,1
D,112905,0,0,0,0,0,0,0,0,0,2676438,2673539,1
D,112915,0,0,0,0,0,0,0,0,0,2676438,2673539,1
D,112925,0,0,0,0,0,0,0,0,0,2676438,2673539,1
D,112935,0,0,0,0,0,0,0,0,0,2676438,2673539,1
D,112945,0,0,0,0,0,0,0,0,0,2676438,2673539,1
D,112955,0,0,0,0,0,0,0,0,0,2676438,2673539,1
D,112965,0,0,0,0,0,0,0,0,0,2676438,2673539,1
D,112975,0,0,0,0,0,0,0,0,0,2676438,2673539,1
D,112985,0,0,0,0,0,0,0,0,0,2676438,2673539,1
D,112995,0,0,0,0,0,0,0,0,0,2676438,2673539,1
D,113005,0,0,0,0,0,0,0,0,0,2676438,2673539,1
D,113015,0,0,0,0,0,0,0,0,0,2676438,2673539,1
D,113025,0,0,0,0,0,0,0,0,0,2676438,2673539,1
D,113035,0,0,0,0,0,0,0,0,0,2676438,2673539,1
D,113045,0,0,0,0,0,0,0,0,0,2676438,2673539,1
D,113055,0,0,0,0,0,0,0,0,0,2676438,2673539,1
D,113065,0,0,0,0,0,0,0,0,0,2676438,2673539,1
D,113075,0,0,0,0,0,0,0,0,0,2676438,2673539,1
D,113085,0,0,0,0,0,0,0,0,0,2676438,2673539,1
D,113095,0,0,0,0,0,0,0,0,0,2676438,2673539,1
D,113105,0,0,0,0,0,0,0,0,0,2676438,2673539,1
D,113115,0,0,0,0,0,0,0,0,0,2676438,2673539,1
D,113125,0,0,0,0,0,0,0,0,0,2676438,2673539,1
D,113135,0,0,0,0,0,0,0,0,0,2676438,2673539,1
D,113145,0,0,0,0,0,0,0,0,0,2676438,2673539,1
D,113155,0,0,0,0,0,0,0,0,0,2676438,2673539,1
D,113165,0,0,0,0,0,0,0,0,0,2676438,2673539,1
D,113175,0,0,0,0,0,0,0,0,0,2676438,2673539,1
D,113185,0,0,0,0,0,0,0,0,0,2676438,2673539,1
D,113195,0,0,0,0,0,0,0,0,0,2676438,2673539,1
D,113205,0,0,0,0,0,0,0,0,0,2676438,2673539,1
D,113215,0,0,0,0,0,0,0,0,0,2676438,2673539,1
D,113225,0,0,0,0,0,0,0,0,0,2676438,2673539,1
D,113235,0,0,0,0,0,0,0,0,0,2676438,2673539,1
D,113245,0,0,0,0,0,0,0,0,0,2676438,2673539,1
D,113255,0,0,0,0,0,0,0,0,0,2676438,2673539,1
D,113265,0,0,0,0,0,0,0,0,0,2676438,2673539,1
D,113275,0,0,0,0,0,0,0,0,0,2676438,2673539,1
D,113285,0,0,0,0,0,0,0,0,0,2676438,2673539,1
D,113295,0,0,0,0,0,0,0,0,0,2676438,2673539,1
D,113305,0,0,0,0,0,0,0,0,0,2676438,2673539,1
D,113315,0,0,0,0,0,0,0,0,0,2676438,2673539,1
D,113325,0,0,0,0,0,0,0,0,0,2676438,2673539,1
D,113335,0,0,0,0,0,0,0,0,0,2676438,2673539,1
D,113345,0,0,0,0,0,0,0,0,0,2676438,2673539,1
D,113355,0,0,0,0,0,0,0,0,0,2676438,2673539,1
D,113365,0,0,0,0,0,0,0,0,0,2676438,2673539,1
D,113375,0,0,0,0,0,0,0,0,0,2676438,2673539,1
D,113385,0,0,0,0,0,0,0,0,0,2676438,2673539,1
D,113395,0,0,0,0,0,0,0,0,0,2676438,2673539,1
D,113405,0,0,0,0,0,0,0,0,0,2676438,2673539,1
D,113415,0,0,0,0,0,0,0,0,0,2676438,2673539,1
D,113425,0,0,0,0,0,0,0,0,0,2676438,2673539,1
D,113435,0,0,0,0,0,0,0,0,0,2676438,2673539,1
D,113445,0,0,0,0,0,0,0,0,0,2676438,2673539,1
D,113455,0,0,0,0,0,0,0,0,0,2676438,2673539,1
D,113465,0,0,0,0,0,0,0,0,0,2676438,2673539,1
D,113475,0,0,0,0,0,0,0,0,0,2676438,2673539,1
D,113485,0,0,0,0,0,0,0,0,0,2676438,2673539,1
D,113495,0,0,0,0,0,0,0,0,0,2676438,2673539,1
D,113505,0,0,0,0,0,0,0,0,0,2676438,2673539,1
D,113515,0,0,0,0,0,0,0,0,0,2676438,2673539,1
D,113525,0,0,0,0,0,0,0,0,0,2676438,2673539,1
D,113535,0,0,0,0,0,0,0,0,0,2676438,2673539,1
D,113545,0,0,0,0,0,0,0,0,0,2676438,2673539,1
D,113555,0,0,0,0,0,0,0,0,0,2676438,2673539,1
D,113565,0,0,0,0,0,0,0,0,0,2676438,2673539,1
D,113575,0,0,0,0,0,0,0,0,0,2676438,2673539,1
D,113585,0,0,0,0,0,0,0,0,0,2676438,2673539,1
D,113595,0,0,0,0,0,0,0,0,0,2676438,2673539,1
D,113605,0,0,0,0,0,0,0,0,0,2676438,2673539,1
D,113615,0,0,0,0,0,0,0,0,0,2676438,2673539,1
D,113625,0,0,0,0,0,0,0,0,0,2676438,2673539,1
D,113635,0,0,0,0,0,0,0,0,0,2676438,2673539,1
D,113645,0,0,0,0,0,0,0,0,0,2676438,2673539,1
D,113655,0,0,0,0,0,0,0,0,0,2676438,2673539,1
D,113665,0,0,0,0,0,0,0,0,0,2676438,2673539,1
D,113675,0,0,0,0,0,0,0,0,0,2676438,2673539,1
D,113685,0,0,0,0,0,0,0,0,0,2676438,2673539,1
D,113695,0,0,0,0,0,0,0,0,0,2676438,2673539,1
D,113705,0,0,0,0,0,0,0,0,0,2676438,2673539,1
D,113715,0,0,0,0,0,0,0,0,0,2676438,2673539,1
D,113725,0,0,0,0,0,0,0,0,0,2676438,2673539,1
D,113735,0,0,0,0,0,0,0,0,0,2676438,2673539,1
D,113745,0,0,0,0,0,0,0,0,0,2676438,2673539,1
D,113755,0,0,0,0,0,0,0,0,0,2676438,2673539,1
D,113765,0,0,0,0,0,0,0,0,0,2676438,2673539,1
D,113775,0,0,0,0,0,0,0,0,0,2676438,2673539,1
D,113785,0,0,0,0,0,0,0,0,0,2676438,2673539,1
D,113795,0,0,0,0,0,0,0,0,0,2676438,2673539,1
D,113805,0,0,0,0,0,0,0,0,0,2676438,2673539,1
D,113815,0,0,0,0,0,0,0,0,0,2676438,2673539,1
D,113825,0,0,0,0,0,0,0,0,0,2676438,2673539,1
D,113835,0,0,0,0,0,0,0,0,0,2676438,2673539,1
D,113845,0,0,0,0,0,0,0,0,0,2676438,2673539,1
D,113855,0,0,0,0,0,0,0,0,0,2676438,2673539,1
D,113865,0,0,0,0,0,0,0,0,0,2676438,2673539,1
D,113875,0,0,0,0,0,0,0,0,0,2676438,2673539,1
D,113885,0,0,0,0,0,0,0,0,0,2676438,2673539,1
D,113895,0,0,0,0,0,0,0,0,0,2676438,2673539,1
D,113905,0,0,0,0,0,0,0,0,0,2676438,2673539,1
D,113915,0,0,0,0,0,0,0,0,0,2676438,2673539,1
D,113925,0,0,0,0,0,0,0,0,0,2676438,2673539,1
D,113935,0,0,0,0,0,0,0,0,0,2676438,2673539,1
D,113945,0,0,0,0,0,0,0,0,0,2676438,2673539,1
D,113955,0,0,0,0,0,0,0,0,0,2676438,2673539,1
D,113965,0,0,0,0,0,0,0,0,0,2676438,2673539,1
D,113975,0,0,0,0,0,0,0,0,0,2676438,2673539,1
D,113985,0,0,0,0,0,0,0,0,0,2676438,2673539,1
D,113995,0,0,0,0,0,0,0,0,0,2676438,2673539,1
D,114005,0,0,0,0,0,0,0,0,0,2676438,2673539,1
D,114015,0,0,0,0,0,0,0,0,0,2676438,2673539,1
D,114025,0,0,0,0,0,0,0,0,0,2676438,2673539,1
D,114035,0,0,0,0,0,0,0,0,0,2676438,2673539,1
D,114045,0,0,0,0,0,0,0,0,0,2676438,2673539,1
D,114055,0,0,0,0,0,0,0,0,0,2676438,2673539,1
D,114065,0,0,0,0,0,0,0,0,0,2676438,2673539,1
D,114075,0,0,0,0,0,0,0,0,0,2676438,2673539,1
D,114085,0,0,0,0,0,0,0,0,0,2676438,2673539,1
D,114095,0,0,0,0,0,0,0,0,0,2676438,2673539,1
D,114105,0,0,0,0,0,0,0,0,0,2676438,2673539,1
D,114115,0,0,0,0,0,0,0,0,0,2676438,2673539,1
D,114125,0,0,0,0,0,0,0,0,0,2676438,2673539,1
D,114135,0,0,0,0,0,0,0,0,0,2676438,2673539,1
D,114145,0,0,0,0,0,0,0,0,0,2676438,2673539,1
D,114155,0,0,0,0,0,0,0,0,0,2676438,2673539,1
D,114165,0,0,0,0,0,0,0,0,0,2676438,2673539,1
D,114175,0,0,0,0,0,0,0,0,0,2676438,2673539,1
D,114185,0,0,0,0,0,0,0,0,0,2676438,2673539,1
D,114195,0,0,0,0,0,0,0,0,0,2676438,2673539,1
D,114205,0,0,0,0,0,0,0,0,0,2676438,2673539,1
D,114215,0,0,0,0,0,0,0,0,0,2676438,2673539,1
D,114225,0,0,0,0,0,0,0,0,0,2676438,2673539,1
D,114235,0,0,0,0,0,0,0,0,0,2676438,2673539,1
D,114245,0,0,0,0,0,0,0,0,0,2676438,2673539,1
D,114255,0,0,0,0,0,0,0,0,0,2676438,2673539,1
D,114265,0,0,0,0,0,0,0,0,0,2676438,2673539,1
D,114275,0,0,0,0,0,0,0,0,0,2676438,2673539,1
D,114285,0,0,0,0,0,0,0,0,0,2676438,2673539,1
D,114295,0,0,0,0,0,0,0,0,0,2676438,2673539,1
D,114305,0,0,0,0,0,0,0,0,0,2676438,2673539,1
D,114315,0,0,0,0,0,0,0,0,0,2676438,2673539,1
D,114325,0,0,0,0,0,0,0,0,0,2676438,2673539,1
D,114335,0,0,0,0,0,0,0,0,0,2676438,2673539,1
D,114345,0,0,0,0,0,0,0,0,0,2676438,2673539,1
D,114355,0,0,0,0,0,0,0,0,0,2676438,2673539,1
D,114365,0,0,0,0,0,0,0,0,0,2676438,2673539,1
D,114375,0,0,0,0,0,0,0,0,0,2676438,2673539,1
D,114385,0,0,0,0,0,0,0,0,0,2676438,2673539,1
D,114395,0,0,0,0,0,0,0,0,0,2676438,2673539,1
D,114405,0,0,0,0,0,0,0,0,0,2676438,2673539,1
D,114415,0,0,0,0,0,0,0,0,0,2676438,2673539,1
D,114425,0,0,0,0,0,0,0,0,0,2676438,2673539,1
D,114435,0,0,0,0,0,0,0,0,0,2676438,2673539,1
D,114445,0,0,0,0,0,0,0,0,0,2676438,2673539,1
D,114455,0,0,0,0,0,0,0,0,0,2676438,2673539,1
D,114465,0,0,0,0,0,0,0,0,0,2676438,2673539,1
D,114475,0,0,0,0,0,0,0,0,0,2676438,2673539,1
D,114485,0,0,0,0,0,0,0,0,0,2676438,2673539,1
D,114495,0,0,0,0,0,0,0,0,0,2676438,2673539,1
D,114505,0,0,0,0,0,0,0,0,0,2676438,2673539,1
D,114515,0,0,0,0,0,0,0,0,0,2676438,2673539,1
D,114525,0,0,0,0,0,0,0,0,0,2676438,2673539,1
D,114535,0,0,0,0,0,0,0,0,0,2676438,2673539,1
D,114545,0,0,0,0,0,0,0,0,0,2676438,2673539,1
D,114555,0,0,0,0,0,0,0,0,0,2676438,2673539,1
D,114565,0,0,0,0,0,0,0,0,0,2676438,2673539,1
D,114575,0,0,0,0,0,0,0,0,0,2676438,2673539,1
D,114585,0,0,0,0,0,0,0,0,0,2676438,2673539,1
D,114595,0,0,0,0,0,0,0,0,0,2676438,2673539,1
D,114605,0,0,0,0,0,0,0,0,0,2676438,2673539,1
D,114615,0,0,0,0,0,0,0,0,0,2676438,2673539,1
D,114625,0,0,0,0,0,0,0,0,0,2676438,2673539,1
D,114635,0,0,0,0,0,0,0,0,0,2676438,2673539,1
D,114645,0,0,0,0,0,0,0,0,0,2676438,2673539,1
D,114655,0,0,0,0,0,0,0,0,0,2676438,2673539,1
D,114665,0,0,0,0,0,0,0,0,0,2676438,2673539,1
D,114675,0,0,0,0,0,0,0,0,0,2676438,2673539,1
D,114685,0,0,0,0,0,0,0,0,0,2676438,2673539,1
D,114695,0,0,0,0,0,0,0,0,0,2676438,2673539,1
D,114705,0,0,0,0,0,0,0,0,0,2676438,2673539,1
D,114715,0,0,0,0,0,0,0,0,0,2676438,2673539,1
D,114725,0,0,0,0,0,0,0,0,0,2676438,2673539,1
D,114735,0,0,0,0,0,0,0,0,0,2676438,2673539,1
D,114745,0,0,0,0,0,0,0,0,0,2676438,2673539,1
D,114755,0,0,0,0,0,0,0,0,0,2676438,2673539,1
D,114765,0,0,0,0,0,0,0,0,0,2676438,2673539,1
D,114775,0,0,0,0,0,0,0,0,0,2676438,2673539,1
D,114785,0,0,0,0,0,0,0,0,0,2676438,2673539,1
D,114795,0,0,0,0,0,0,0,0,0,2676438,2673539,1
D,114805,0,0,0,0,0,0,0,0,0,2676438,2673539,1
D,114815,0,0,0,0,0,0,0,0,0,2676438,2673539,1
D,114825,0,0,0,0,0,0,0,0,0,2676438,2673539,1
D,114835,0,0,0,0,0,0,0,0,0,2676438,2673539,1
D,114845,0,0,0,0,0,0,0,0,0,2676438,2673539,1
D,114855,0,0,0,0,0,0,0,0,0,2676438,2673539,1
D,114865,0,0,0,0,0,0,0,0,0,2676438,2673539,1
D,114875,0,0,0,0,0,0,0,0,0,2676438,2673539,1
D,114885,0,0,0,0,0,0,0,0,0,2676438,2673539,1
D,114895,0,0,0,0,0,0,0,0,0,2676438,2673539,1
D,114905,0,0,0,0,0,0,0,0,0,2676438,2673539,1
D,114915,0,0,0,0,0,0,0,0,0,2676438,2673539,1
D,114925,0,0,0,0,0,0,0,0,0,2676438,2673539,1
D,114935,0,0,0,0,0,0,0,0,0,2676438,2673539,1
D,114945,0,0,0,0,0,0,0,0,0,2676438,2673539,1
D,114955,0,0,0,0,0,0,0,0,0,2676438,2673539,1
D,114965,0,0,0,0,0,0,0,0,0,2676438,2673539,1
D,114975,0,0,0,0,0,0,0,0,0,2676438,2673539,1
D,114985,0,0,0,0,0,0,0,0,0,2676438,2673539,1
D,114995,0,0,0,0,0,0,0,0,0,2676438,2673539,1
D,115005,0,0,0,0,0,0,0,0,0,2676438,2673539,1
D,115015,0,0,0,0,0,0,0,0,0,2676438,2673539,1
D,115025,0,0,0,0,0,0,0,0,0,2676438,2673539,1
D,115035,0,0,0,0,0,0,0,0,0,2676438,2673539,1
D,115045,0,0,0,0,0,0,0,0,0,2676438,2673539,1
D,115055,0,0,0,0,0,0,0,0,0,2676438,2673539,1
D,115065,0,0,0,0,0,0,0,0,0,2676438,2673539,1
D,115075,0,0,0,0,0,0,0,0,0,2676438,2673539,1
D,115085,0,0,0,0,0,0,0,0,0,2676438,2673539,1
D,115095,0,0,0,0,0,0,0,0,0,2676438,2673539,1
D,115105,0,0,0,0,0,0,0,0,0,2676438,2673539,1
D,115115,0,0,0,0,0,0,0,0,0,2676438,2673539,1
D,115125,0,0,0,0,0,0,0,0,0,2676438,2673539,1
D,115135,0,0,0,0,0,0,0,0,0,2676438,2673539,1
D,115145,0,0,0,0,0,0,0,0,0,2676438,2673539,1
D,115155,0,0,0,0,0,0,0,0,0,2676438,2673539,1
D,115165,0,0,0,0,0,0,0,0,0,2676438,2673539,1
D,115175,0,0,0,0,0,0,0,0,0,2676438,2673539,1
D,115185,0,0,0,0,0,0,0,0,0,2676438,2673539,1
D,115195,0,0,0,0,0,0,0,0,0,2676438,2673539,1
D,115205,0,0,0,0,0,0,0,0,0,2676438,2673539,1
D,115215,0,0,0,0,0,0,0,0,0,2676438,2673539,1
D,115225,0,0,0,0,0,0,0,0,0,2676438,2673539,1
D,115235,0,0,0,0,0,0,0,0,0,2676438,2673539,1
D,115245,0,0,0,0,0,0,0,0,0,2676438,2673539,1
D,115255,0,0,0,0,0,0,0,0,0,2676438,2673539,1
D,115265,0,0,0,0,0,0,0,0,0,2676438,2673539,1
D,115275,0,0,0,0,0,0,0,0,0,2676438,2673539,1
D,115285,0,0,0,0,0,0,0,0,0,2676438,2673539,1
D,115295,0,0,0,0,0,0,0,0,0,2676438,2673539,1
D,115305,0,0,0,0,0,0,0,0,0,2676438,2673539,1
D,115315,0,0,0,0,0,0,0,0,0,2676438,2673539,1
D,115325,0,0,0,0,0,0,0,0,0,2676438,2673539,1
D,115335,0,0,0,0,0,0,0,0,0,2676438,2673539,1
D,115345,0,0,0,0,0,0,0,0,0,2676438,2673539,1
D,115355,0,0,0,0,0,0,0,0,0,2676438,2673539,1
D,115365,0,0,0,0,0,0,0,0,0,2676438,2673539,1
D,115375,0,0,0,0,0,0,0,0,0,2676438,2673539,1
D,115385,0,0,0,0,0,0,0,0,0,2676438,2673539,1
D,115395,0,0,0,0,0,0,0,0,0,2676438,2673539,1
D,115405,0,0,0,0,0,0,0,0,0,2676438,2673539,1
D,115415,0,0,0,0,0,0,0,0,0,2676438,2673539,1
D,115425,0,0,0,0,0,0,0,0,0,2676438,2673539,1
D,115435,0,0,0,0,0,0,0,0,0,2676438,2673539,1
D,115445,0,0,0,0,0,0,0,0,0,2676438,2673539,1
D,115455,0,0,0,0,0,0,0,0,0,2676438,2673539,1
D,115465,0,0,0,0,0,0,0,0,0,2676438,2673539,1
D,115475,0,0,0,0,0,0,0,0,0,2676438,2673539,1
D,115485,0,0,0,0,0,0,0,0,0,2676438,2673539,1
D,115495,0,0,0,0,0,0,0,0,0,2676438,2673539,1
D,115505,0,0,0,0,0,0,0,0,0,2676438,2673539,1
D,115515,0,0,0,0,0,0,0,0,0,2676438,2673539,1
D,115525,0,0,0,0,0,0,0,0,0,2676438,2673539,1
D,115535,0,0,0,0,0,0,0,0,0,2676438,2673539,1
D,115545,0,0,0,0,0,0,0,0,0,2676438,2673539,1
D,115555,0,0,0,0,0,0,0,0,0,2676438,2673539,1
D,115565,0,0,0,0,0,0,0,0,0,2676438,2673539,1
D,115575,0,0,0,0,0,0,0,0,0,2676438,2673539,1
D,115585,0,0,0,0,0,0,0,0,0,2676438,2673539,1
D,115595,0,0,0,0,0,0,0,0,0,2676438,2673539,1
D,115605,0,0,0,0,0,0,0,0,0,2676438,2673539,1
D,115615,0,0,0,0,0,0,0,0,0,2676438,2673539,1
D,115625,0,0,0,0,0,0,0,0,0,2676438,2673539,1
D,115635,0,0,0,0,0,0,0,0,0,2676438,2673539,1
D,115645,0,0,0,0,0,0,0,0,0,2676438,2673539,1
D,115655,0,0,0,0,0,0,0,0,0,2676438,2673539,1
D,115665,0,0,0,0,0,0,0,0,0,2676438,2673539,1
D,115675,0,0,0,0,0,0,0,0,0,2676438,2673539,1
D,115685,0,0,0,0,0,0,0,0,0,2676438,2673539,1
D,115695,0,0,0,0,0,0,0,0,0,2676438,2673539,1
D,115705,0,0,0,0,0,0,0,0,0,2676438,2673539,1
D,115715,0,0,0,0,0,0,0,0,0,2676438,2673539,1
D,115725,0,0,0,0,0,0,0,0,0,2676438,2673539,1
D,115735,0,0,0,0,0,0,0,0,0,2676438,2673539,1
D,115745,0,0,0,0,0,0,0,0,0,2676438,2673539,1
D,115755,0,0,0,0,0,0,0,0,0,2676438,2673539,1
D,115765,0,0,0,0,0,0,0,0,0,2676438,2673539,1
D,115775,0,0,0,0,0,0,0,0,0,2676438,2673539,1
D,115785,0,0,0,0,0,0,0,0,0,2676438,2673539,1
D,115795,0,0,0,0,0,0,0,0,0,2676438,2673539,1
D,115805,0,0,0,0,0,0,0,0,0,2676438,2673539,1
D,115815,0,0,0,0,0,0,0,0,0,2676438,2673539,1
D,115825,0,0,0,0,0,0,0,0,0,2676438,2673539,1
D,115835,0,0,0,0,0,0,0,0,0,2676438,2673539,1
D,115845,0,0,0,0,0,0,0,0,0,2676438,2673539,1
D,115855,0,0,0,0,0,0,0,0,0,2676438,2673539,1
D,115865,0,0,0,0,0,0,0,0,0,2676438,2673539,1
D,115875,0,0,0,0,0,0,0,0,0,2676438,2673539,1
D,115885,0,0,0,0,0,0,0,0,0,2676438,2673539,1
D,115895,0,0,0,0,0,0,0,0,0,2676438,2673539,1
D,115905,0,0,0,0,0,0,0,0,0,2676438,2673539,1
D,115915,0,0,0,0,0,0,0,0,0,2676438,2673539,1
D,115925,0,0,0,0,0,0,0,0,0,2676438,2673539,1
D,115935,0,0,0,0,0,0,0,0,0,2676438,2673539,1
D,115945,0,0,0,0,0,0,0,0,0,2676438,2673539,1
D,115955,0,0,0,0,0,0,0,0,0,2676438,2673539,1
D,115965,0,0,0,0,0,0,0,0,0,2676438,2673539,1
D,115975,0,0,0,0,0,0,0,0,0,2676438,2673539,1
D,115985,0,0,0,0,0,0,0,0,0,2676438,2673539,1
D,115995,0,0,0,0,0,0,0,0,0,2676438,2673539,1
D,116005,0,0,0,0,0,0,0,0,0,2676438,2673539,1
D,116015,0,0,0,0,0,0,0,0,0,2676438,2673539,1
D,116025,0,0,0,0,0,0,0,0,0,2676438,2673539,1
D,116035,0,0,0,0,0,0,0,0,0,2676438,2673539,1
D,116045,0,0,0,0,0,0,0,0,0,2676438,2673539,1
D,116055,0,0,0,0,0,0,0,0,0,2676438,2673539,1
D,116065,0,0,0,0,0,0,0,0,0,2676438,2673539,1
D,116075,0,0,0,0,0,0,0,0,0,2676438,2673539,1
D,116085,0,0,0,0,0,0,0,0,0,2676438,2673539,1
D,116095,0,0,0,0,0,0,0,0,0,2676438,2673539,1
D,116105,0,0,0,0,0,0,0,0,0,2676438,2673539,1
D,116115,0,0,0,0,0,0,0,0,0,2676438,2673539,1
D,116125,0,0,0,0,0,0,0,0,0,2676438,2673539,1
D,116135,0,0,0,0,0,0,0,0,0,2676438,2673539,1
D,116145,0,0,0,0,0,0,0,0,0,2676438,2673539,1
D,116155,0,0,0,0,0,0,0,0,0,2676438,2673539,1
D,116165,0,0,0,0,0,0,0,0,0,2676438,2673539,1
D,116175,0,0,0,0,0,0,0,0,0,2676438,2673539,1
D,116185,0,0,0,0,0,0,0,0,0,2676438,2673539,1
D,116195,0,0,0,0,0,0,0,0,0,2676438,2673539,1
D,116205,0,0,0,0,0,0,0,0,0,2676438,2673539,1
D,116215,0,0,0,0,0,0,0,0,0,2676438,2673539,1
D,116225,0,0,0,0,0,0,0,0,0,2676438,2673539,1
D,116235,0,0,0,0,0,0,0,0,0,2676438,2673539,1
D,116245,0,0,0,0,0,0,0,0,0,2676438,2673539,1
D,116255,0,0,0,0,0,0,0,0,0,2676438,2673539,1
D,116265,0,0,0,0,0,0,0,0,0,2676438,2673539,1
D,116275,0,0,0,0,0,0,0,0,0,2676438,2673539,1
D,116285,0,0,0,0,0,0,0,0,0,2676438,2673539,1
D,116295,0,0,0,0,0,0,0,0,0,2676438,2673539,1
D,116305,0,0,0,0,0,0,0,0,0,2676438,2673539,1
D,116315,0,0,0,0,0,0,0,0,0,2676438,2673539,1
D,116325,0,0,0,0,0,0,0,0,0,2676438,2673539,1
D,116335,0,0,0,0,0,0,0,0,0,2676438,2673539,1
D,116345,0,0,0,0,0,0,0,0,0,2676438,2673539,1
D,116355,0,0,0,0,0,0,0,0,0,2676438,2673539,1
D,116365,0,0,0,0,0,0,0,0,0,2676438,2673539,1
D,116375,0,0,0,0,0,0,0,0,0,2676438,2673539,1
D,116385,0,0,0,0,0,0,0,0,0,2676438,2673539,1
D,116395,0,0,0,0,0,0,0,0,0,2676438,2673539,1
D,116405,0,0,0,0,0,0,0,0,0,2676438,2673539,1
D,116415,0,0,0,0,0,0,0,0,0,2676438,2673539,1
D,116425,0,0,0,0,0,0,0,0,0,2676438,2673539,1
D,116435,0,0,0,0,0,0,0,0,0,2676438,2673539,1
D,116445,0,0,0,0,0,0,0,0,0,2676438,2673539,1
D,116455,0,0,0,0,0,0,0,0,0,2676438,2673539,1
D,116465,0,0,0,0,0,0,0,0,0,2676438,2673539,1
D,116475,0,0,0,0,0,0,0,0,0,2676438,2673539,1
D,116485,0,0,0,0,0,0,0,0,0,2676438,2673539,1
D,116495,0,0,0,0,0,0,0,0,0,2676438,2673539,1
D,116505,0,0,0,0,0,0,0,0,0,2676438,2673539,1
D,116515,0,0,0,0,0,0,0,0,0,2676438,2673539,1
D,116525,0,0,0,0,0,0,0,0,0,2676438,2673539,1
D,116535,0,0,0,0,0,0,0,0,0,2676438,2673539,1
D,116545,0,0,0,0,0,0,0,0,0,2676438,2673539,1
D,116555,0,0,0,0,0,0,0,0,0,2676438,2673539,1
D,116565,0,0,0,0,0,0,0,0,0,2676438,2673539,1
D,116575,0,0,0,0,0,0,0,0,0,2676438,2673539,1
D,116585,0,0,0,0,0,0,0,0,0,2676438,2673539,1
D,116595,0,0,0,0,0,0,0,0,0,2676438,2673539,1
D,116605,0,0,0,0,0,0,0,0,0,2676438,2673539,1
D,116615,0,0,0,0,0,0,0,0,0,2676438,2673539,1
D,116625,0,0,0,0,0,0,0,0,0,2676438,2673539,1
D,116635,0,0,0,0,0,0,0,0,0,2676438,2673539,1
D,116645,0,0,0,0,0,0,0,0,0,2676438,2673539,1
D,116655,0,0,0,0,0,0,0,0,0,2676438,2673539,1
D,116665,0,0,0,0,0,0,0,0,0,2676438,2673539,1
D,116675,0,0,0,0,0,0,0,0,0,2676438,2673539,1
D,116685,0,0,0,0,0,0,0,0,0,2676438,2673539,1
D,116695,0,0,0,0,0,0,0,0,0,2676438,2673539,1
D,116705,0,0,0,0,0,0,0,0,0,2676438,2673539,1
D,116715,0,0,0,0,0,0,0,0,0,2676438,2673539,1
D,116725,0,0,0,0,0,0,0,0,0,2676438,2673539,1
D,116735,0,0,0,0,0,0,0,0,0,2676438,2673539,1
D,116745,0,0,0,0,0,0,0,0,0,2676438,2673539,1
D,116755,0,0,0,0,0,0,0,0,0,2676438,2673539,1
D,116765,0,0,0,0,0,0,0,0,0,2676438,2673539,1
D,116775,0,0,0,0,0,0,0,0,0,2676438,2673539,1
D,116785,0,0,0,0,0,0,0,0,0,2676438,2673539,1
D,116795,0,0,0,0,0,0,0,0,0,2676438,2673539,1
D,116805,0,0,0,0,0,0,0,0,0,2676438,2673539,1
D,116815,0,0,0,0,0,0,0,0,0,2676438,2673539,1
D,116825,0,0,0,0,0,0,0,0,0,2676438,2673539,1
D,116835,0,0,0,0,0,0,0,0,0,2676438,2673539,1
D,116845,0,0,0,0,0,0,0,0,0,2676438,2673539,1
D,116855,0,0,0,0,0,0,0,0,0,2676438,2673539,1
D,116865,0,0,0,0,0,0,0,0,0,2676438,2673539,1
D,116875,0,0,0,0,0,0,0,0,0,2676438,2673539,1
D,116885,0,0,0,0,0,0,0,0,0,2676438,2673539,1
D,116895,0,0,0,0,0,0,0,0,0,2676438,2673539,1
D,116905,0,0,0,0,0,0,0,0,0,2676438,2673539,1
D,116915,0,0,0,0,0,0,0,0,0,2676438,2673539,1
D,116925,0,0,0,0,0,0,0,0,0,2676438,2673539,1
D,116935,0,0,0,0,0,0,0,0,0,2676438,2673539,1
D,116945,0,0,0,0,0,0,0,0,0,2676438,2673539,1
D,116955,0,0,0,0,0,0,0,0,0,2676438,2673539,1
D,116965,0,0,0,0,0,0,0,0,0,2676438,2673539,1
D,116975,0,0,0,0,0,0,0,0,0,2676438,2673539,1
D,116985,0,0,0,0,0,0,0,0,0,2676438,2673539,1
D,116995,0,0,0,0,0,0,0,0,0,2676438,2673539,1
D,117005,0,0,0,0,0,0,0,0,0,2676438,2673539,1
D,117015,0,0,0,0,0,0,0,0,0,2676438,2673539,1
D,117025,0,0,0,0,0,0,0,0,0,2676438,2673539,1
D,117035,0,0,0,0,0,0,0,0,0,2676438,2673539,1
D,117045,0,0,0,0,0,0,0,0,0,2676438,2673539,1
D,117055,0,0,0,0,0,0,0,0,0,2676438,2673539,1
D,117065,0,0,0,0,0,0,0,0,0,2676438,2673539,1
D,117075,0,0,0,0,0,0,0,0,0,2676438,2673539,1
D,117085,0,0,0,0,0,0,0,0,0,2676438,2673539,1
D,117095,0,0,0,0,0,0,0,0,0,2676438,2673539,1
D,117105,0,0,0,0,0,0,0,0,0,2676438,2673539,1
D,117115,0,0,0,0,0,0,0,0,0,2676438,2673539,1
D,117125,0,0,0,0,0,0,0,0,0,2676438,2673539,1
D,117135,0,0,0,0,0,0,0,0,0,2676438,2673539,1
D,117145,0,0,0,0,0,0,0,0,0,2676438,2673539,1
D,117155,0,0,0,0,0,0,0,0,0,2676438,2673539,1
D,117165,0,0,0,0,0,0,0,0,0,2676438,2673539,1
D,117175,0,0,0,0,0,0,0,0,0,2676438,2673539,1
D,117185,0,0,0,0,0,0,0,0,0,2676438,2673539,1
D,117195,0,0,0,0,0,0,0,0,0,2676438,2673539,1
D,117205,0,0,0,0,0,0,0,0,0,2676438,2673539,1
D,117215,0,0,0,0,0,0,0,0,0,2676438,2673539,1
D,117225,0,0,0,0,0,0,0,0,0,2676438,2673539,1
D,117235,0,0,0,0,0,0,0,0,0,2676438,2673539,1
D,117245,0,0,0,0,0,0,0,0,0,2676438,2673539,1
D,117255,0,0,0,0,0,0,0,0,0,2676438,2673539,1
D,117265,0,0,0,0,0,0,0,0,0,2676438,2673539,1
D,117275,0,0,0,0,0,0,0,0,0,2676438,2673539,1
D,117285,0,0,0,0,0,0,0,0,0,2676438,2673539,1
D,117295,0,0,0,0,0,0,0,0,0,2676438,2673539,1
D,117305,0,0,0,0,0,0,0,0,0,2676438,2673539,1
D,117315,0,0,0,0,0,0,0,0,0,2676438,2673539,1
D,117325,0,0,0,0,0,0,0,0,0,2676438,2673539,1
D,117335,0,0,0,0,0,0,0,0,0,2676438,2673539,1
D,117345,0,0,0,0,0,0,0,0,0,2676438,2673539,1
D,117355,0,0,0,0,0,0,0,0,0,2676438,2673539,1
D,117365,0,0,0,0,0,0,0,0,0,2676438,2673539,1
D,117375,0,0,0,0,0,0,0,0,0,2676438,2673539,1
D,117385,0,0,0,0,0,0,0,0,0,2676438,2673539,1
D,117395,0,0,0,0,0,0,0,0,0,2676438,2673539,1
D,117405,0,0,0,0,0,0,0,0,0,2676438,2673539,1
D,117415,0,0,0,0,0,0,0,0,0,2676438,2673539,1
D,117425,0,0,0,0,0,0,0,0,0,2676438,2673539,1
D,117435,0,0,0,0,0,0,0,0,0,2676438,2673539,1
D,117445,0,0,0,0,0,0,0,0,0,2676438,2673539,1
D,117455,0,0,0,0,0,0,0,0,0,2676438,2673539,1
D,117465,0,0,0,0,0,0,0,0,0,2676438,2673539,1
D,117475,0,0,0,0,0,0,0,0,0,2676438,2673539,1
D,117485,0,0,0,0,0,0,0,0,0,2676438,2673539,1
D,117495,0,0,0,0,0,0,0,0,0,2676438,2673539,1
D,117505,0,0,0,0,0,0,0,0,0,2676438,2673539,1
D,117515,0,0,0,0,0,0,0,0,0,2676438,2673539,1
D,117525,0,0,0,0,0,0,0,0,0,2676438,2673539,1
D,117535,0,0,0,0,0,0,0,0,0,2676438,2673539,1
D,117545,0,0,0,0,0,0,0,0,0,2676438,2673539,1
D,117555,0,0,0,0,0,0,0,0,0,2676438,2673539,1
D,117565,0,0,0,0,0,0,0,0,0,2676438,2673539,1
D,117575,0,0,0,0,0,0,0,0,0,2676438,2673539,1
D,117585,0,0,0,0,0,0,0,0,0,2676438,2673539,1
D,117595,0,0,0,0,0,0,0,0,0,2676438,2673539,1
D,117605,0,0,0,0,0,0,0,0,0,2676438,2673539,1
D,117615,0,0,0,0,0,0,0,0,0,2676438,2673539,1
D,117625,0,0,0,0,0,0,0,0,0,2676438,2673539,1
D,117635,0,0,0,0,0,0,0,0,0,2676438,2673539,1
D,117645,0,0,0,0,0,0,0,0,0,2676438,2673539,1
D,117655,0,0,0,0,0,0,0,0,0,2676438,2673539,1
D,117665,0,0,0,0,0,0,0,0,0,2676438,2673539,1
D,117675,0,0,0,0,0,0,0,0,0,2676438,2673539,1
D,117685,0,0,0,0,0,0,0,0,0,2676438,2673539,1
D,117695,0,0,0,0,0,0,0,0,0,2676438,2673539,1
D,117705,0,0,0,0,0,0,0,0,0,2676438,2673539,1
D,117715,0,0,0,0,0,0,0,0,0,2676438,2673539,1
D,117725,0,0,0,0,0,0,0,0,0,2676438,2673539,1
D,117735,0,0,0,0,0,0,0,0,0,2676438,2673539,1
D,117745,0,0,0,0,0,0,0,0,0,2676438,2673539,1
D,117755,0,0,0,0,0,0,0,0,0,2676438,2673539,1
D,117765,0,0,0,0,0,0,0,0,0,2676438,2673539,1
D,117775,0,0,0,0,0,0,0,0,0,2676438,2673539,1
D,117785,0,0,0,0,0,0,0,0,0,2676438,2673539,1
D,117795,0,0,0,0,0,0,0,0,0,2676438,2673539,1
D,117805,0,0,0,0,0,0,0,0,0,2676438,2673539,1
D,117815,0,0,0,0,0,0,0,0,0,2676438,2673539,1
D,117825,0,0,0,0,0,0,0,0,0,2676438,2673539,1
D,117835,0,0,0,0,0,0,0,0,0,2676438,2673539,1
D,117845,0,0,0,0,0,0,0,0,0,2676438,2673539,1
D,117855,0,0,0,0,0,0,0,0,0,2676438,2673539,1
D,117865,0,0,0,0,0,0,0,0,0,2676438,2673539,1
D,117875,0,0,0,0,0,0,0,0,0,2676438,2673539,1
D,117885,0,0,0,0,0,0,0,0,0,2676438,2673539,1
D,117895,0,0,0,0,0,0,0,0,0,2676438,2673539,1
D,117905,0,0,0,0,0,0,0,0,0,2676438,2673539,1
D,117915,0,0,0,0,0,0,0,0,0,2676438,2673539,1
D,117925,0,0,0,0,0,0,0,0,0,2676438,2673539,1
D,117935,0,0,0,0,0,0,0,0,0,2676438,2673539,1
D,117945,0,0,0,0,0,0,0,0,0,2676438,2673539,1
D,117955,0,0,0,0,0,0,0,0,0,2676438,2673539,1
D,117965,0,0,0,0,0,0,0,0,0,2676438,2673539,1
D,117975,0,0,0,0,0,0,0,0,0,2676438,2673539,1
D,117985,0,0,0,0,0,0,0,0,0,2676438,2673539,1
D,117995,0,0,0,0,0,0,0,0,0,2676438,2673539,1
D,118005,0,0,0,0,0,0,0,0,0,2676438,2673539,1
D,118015,0,0,0,0,0,0,0,0,0,2676438,2673539,1
D,118025,0,0,0,0,0,0,0,0,0,2676438,2673539,1
D,118035,0,0,0,0,0,0,0,0,0,2676438,2673539,1
D,118045,0,0,0,0,0,0,0,0,0,2676438,2673539,1
D,118055,0,0,0,0,0,0,0,0,0,2676438,2673539,1
D,118065,0,0,0,0,0,0,0,0,0,2676438,2673539,1
D,118075,0,0,0,0,0,0,0,0,0,2676438,2673539,1
D,118085,0,0,0,0,0,0,0,0,0,2676438,2673539,1
D,118095,0,0,0,0,0,0,0,0,0,2676438,2673539,1
D,118105,0,0,0,0,0,0,0,0,0,2676438,2673539,1
D,118115,0,0,0,0,0,0,0,0,0,2676438,2673539,1
D,118125,0,0,0,0,0,0,0,0,0,2676438,2673539,1
D,118135,0,0,0,0,0,0,0,0,0,2676438,2673539,1
D,118145,0,0,0,0,0,0,0,0,0,2676438,2673539,1
D,118155,0,0,0,0,0,0,0,0,0,2676438,2673539,1
D,118165,0,0,0,0,0,0,0,0,0,2676438,2673539,1
D,118175,0,0,0,0,0,0,0,0,0,2676438,2673539,1
D,118185,0,0,0,0,0,0,0,0,0,2676438,2673539,1
D,118195,0,0,0,0,0,0,0,0,0,2676438,2673539,1
D,118205,0,0,0,0,0,0,0,0,0,2676438,2673539,1
D,118215,0,0,0,0,0,0,0,0,0,2676438,2673539,1
D,118225,0,0,0,0,0,0,0,0,0,2676438,2673539,1
D,118235,0,0,0,0,0,0,0,0,0,2676438,2673539,1
D,118245,0,0,0,0,0,0,0,0,0,2676438,2673539,1
D,118255,0,0,0,0,0,0,0,0,0,2676438,2673539,1
D,118265,0,0,0,0,0,0,0,0,0,2676438,2673539,1
D,118275,0,0,0,0,0,0,0,0,0,2676438,2673539,1
D,118285,0,0,0,0,0,0,0,0,0,2676438,2673539,1
D,118295,0,0,0,0,0,0,0,0,0,2676438,2673539,1
D,118305,0,0,0,0,0,0,0,0,0,2676438,2673539,1
D,118315,0,0,0,0,0,0,0,0,0,2676438,2673539,1
D,118325,0,0,0,0,0,0,0,0,0,2676438,2673539,1
D,118335,0,0,0,0,0,0,0,0,0,2676438,2673539,1
D,118345,0,0,0,0,0,0,0,0,0,2676438,2673539,1
D,118355,0,0,0,0,0,0,0,0,0,2676438,2673539,1
D,118365,0,0,0,0,0,0,0,0,0,2676438,2673539,1
D,118375,0,0,0,0,0,0,0,0,0,2676438,2673539,1
D,118385,0,0,0,0,0,0,0,0,0,2676438,2673539,1
D,118395,0,0,0,0,0,0,0,0,0,2676438,2673539,1
D,118405,0,0,0,0,0,0,0,0,0,2676438,2673539,1
D,118415,0,0,0,0,0,0,0,0,0,2676438,2673539,1
D,118425,0,0,0,0,0,0,0,0,0,2676438,2673539,1
D,118435,0,0,0,0,0,0,0,0,0,2676438,2673539,1
D,118445,0,0,0,0,0,0,0,0,0,2676438,2673539,1
D,118455,0,0,0,0,0,0,0,0,0,2676438,2673539,1
D,118465,0,0,0,0,0,0,0,0,0,2676438,2673539,1
D,118475,0,0,0,0,0,0,0,0,0,2676438,2673539,1
D,118485,0,0,0,0,0,0,0,0,0,2676438,2673539,1
D,118495,0,0,0,0,0,0,0,0,0,2676438,2673539,1
D,118505,0,0,0,0,0,0,0,0,0,2676438,2673539,1
D,118515,0,0,0,0,0,0,0,0,0,2676438,2673539,1
D,118525,0,0,0,0,0,0,0,0,0,2676438,2673539,1
D,118535,0,0,0,0,0,0,0,0,0,2676438,2673539,1
D,118545,0,0,0,0,0,0,0,0,0,2676438,2673539,1
D,118555,0,0,0,0,0,0,0,0,0,2676438,2673539,1
D,118565,0,0,0,0,0,0,0,0,0,2676438,2673539,1
D,118575,0,0,0,0,0,0,0,0,0,2676438,2673539,1
D,118585,0,0,0,0,0,0,0,0,0,2676438,2673539,1
D,118595,0,0,0,0,0,0,0,0,0,2676438,2673539,1
D,118605,0,0,0,0,0,0,0,0,0,2676438,2673539,1
D,118615,0,0,0,0,0,0,0,0,0,2676438,2673539,1
D,118625,0,0,0,0,0,0,0,0,0,2676438,2673539,1
D,118635,0,0,0,0,0,0,0,0,0,2676438,2673539,1
D,118645,0,0,0,0,0,0,0,0,0,2676438,2673539,1
D,118655,0,0,0,0,0,0,0,0,0,2676438,2673539,1
D,118665,0,0,0,0,0,0,0,0,0,2676438,2673539,1
D,118675,0,0,0,0,0,0,0,0,0,2676438,2673539,1
D,118685,0,0,0,0,0,0,0,0,0,2676438,2673539,1
D,118695,0,0,0,0,0,0,0,0,0,2676438,2673539,1
D,118705,0,0,0,0,0,0,0,0,0,2676438,2673539,1
D,118715,0,0,0,0,0,0,0,0,0,2676438,2673539,1
D,118725,0,0,0,0,0,0,0,0,0,2676438,2673539,1
D,118735,0,0,0,0,0,0,0,0,0,2676438,2673539,1
D,118745,0,0,0,0,0,0,0,0,0,2676438,2673539,1
D,118755,0,0,0,0,0,0,0,0,0,2676438,2673539,1
D,118765,0,0,0,0,0,0,0,0,0,2676438,2673539,1
D,118775,0,0,0,0,0,0,0,0,0,2676438,2673539,1
D,118785,0,0,0,0,0,0,0,0,0,2676438,2673539,1
D,118795,0,0,0,0,0,0,0,0,0,2676438,2673539,1
D,118805,0,0,0,0,0,0,0,0,0,2676438,2673539,1
D,118815,0,0,0,0,0,0,0,0,0,2676438,2673539,1
D,118825,0,0,0,0,0,0,0,0,0,2676438,2673539,1
D,118835,0,0,0,0,0,0,0,0,0,2676438,2673539,1
D,118845,0,0,0,0,0,0,0,0,0,2676438,2673539,1
D,118855,0,0,0,0,0,0,0,0,0,2676438,2673539,1
D,118865,0,0,0,0,0,0,0,0,0,2676438,2673539,1
D,118875,0,0,0,0,0,0,0,0,0,2676438,2673539,1
D,118885,0,0,0,0,0,0,0,0,0,2676438,2673539,1
D,118895,0,0,0,0,0,0,0,0,0,2676438,2673539,1
D,118905,0,0,0,0,0,0,0,0,0,2676438,2673539,1
D,118915,0,0,0,0,0,0,0,0,0,2676438,2673539,1
D,118925,0,0,0,0,0,0,0,0,0,2676438,2673539,1
D,118935,0,0,0,0,0,0,0,0,0,2676438,2673539,1
D,118945,0,0,0,0,0,0,0,0,0,2676438,2673539,1
D,118955,0,0,0,0,0,0,0,0,0,2676438,2673539,1
D,118965,0,0,0,0,0,0,0,0,0,2676438,2673539,1
D,118975,0,0,0,0,0,0,0,0,0,2676438,2673539,1
D,118985,0,0,0,0,0,0,0,0,0,2676438,2673539,1
D,118995,0,0,0,0,0,0,0,0,0,2676438,2673539,1
D,119005,0,0,0,0,0,0,0,0,0,2676438,2673539,1
D,119015,0,0,0,0,0,0,0,0,0,2676438,2673539,1
D,119025,0,0,0,0,0,0,0,0,0,2676438,2673539,1
D,119035,0,0,0,0,0,0,0,0,0,2676438,2673539,1
D,119045,0,0,0,0,0,0,0,0,0,2676438,2673539,1
D,119055,0,0,0,0,0,0,0,0,0,2676438,2673539,1
D,119065,0,0,0,0,0,0,0,0,0,2676438,2673539,1
D,119075,0,0,0,0,0,0,0,0,0,2676438,2673539,1
D,119085,0,0,0,0,0,0,0,0,0,2676438,2673539,1
D,119095,0,0,0,0,0,0,0,0,0,2676438,2673539,1
D,119105,0,0,0,0,0,0,0,0,0,2676438,2673539,1
D,119115,0,0,0,0,0,0,0,0,0,2676438,2673539,1
D,119125,0,0,0,0,0,0,0,0,0,2676438,2673539,1
D,119135,0,0,0,0,0,0,0,0,0,2676438,2673539,1
D,119145,0,0,0,0,0,0,0,0,0,2676438,2673539,1
D,119155,0,0,0,0,0,0,0,0,0,2676438,2673539,1
D,119165,0,0,0,0,0,0,0,0,0,2676438,2673539,1
D,119175,0,0,0,0,0,0,0,0,0,2676438,2673539,1
D,119185,0,0,0,0,0,0,0,0,0,2676438,2673539,1
D,119195,0,0,0,0,0,0,0,0,0,2676438,2673539,1
D,119205,0,0,0,0,0,0,0,0,0,2676438,2673539,1
D,119215,0,0,0,0,0,0,0,0,0,2676438,2673539,1
D,119225,0,0,0,0,0,0,0,0,0,2676438,2673539,1
D,119235,0,0,0,0,0,0,0,0,0,2676438,2673539,1
D,119245,0,0,0,0,0,0,0,0,0,2676438,2673539,1
D,119255,0,0,0,0,0,0,0,0,0,2676438,2673539,1
D,119265,0,0,0,0,0,0,0,0,0,2676438,2673539,1
D,119275,0,0,0,0,0,0,0,0,0,2676438,2673539,1
D,119285,0,0,0,0,0,0,0,0,0,2676438,2673539,1
D,119295,0,0,0,0,0,0,0,0,0,2676438,2673539,1
D,119305,0,0,0,0,0,0,0,0,0,2676438,2673539,1
D,119315,0,0,0,0,0,0,0,0,0,2676438,2673539,1
D,119325,0,0,0,0,0,0,0,0,0,2676438,2673539,1
D,119335,0,0,0,0,0,0,0,0,0,2676438,2673539,1
D,119345,0,0,0,0,0,0,0,0,0,2676438,2673539,1
D,119355,0,0,0,0,0,0,0,0,0,2676438,2673539,1
D,119365,0,0,0,0,0,0,0,0,0,2676438,2673539,1
D,119375,0,0,0,0,0,0,0,0,0,2676438,2673539,1
D,119385,0,0,0,0,0,0,0,0,0,2676438,2673539,1
D,119395,0,0,0,0,0,0,0,0,0,2676438,2673539,1
D,119405,0,0,0,0,0,0,0,0,0,2676438,2673539,1
D,119415,0,0,0,0,0,0,0,0,0,2676438,2673539,1
D,119425,0,0,0,0,0,0,0,0,0,2676438,2673539,1
D,119435,0,0,0,0,0,0,0,0,0,2676438,2673539,1
D,119445,0,0,0,0,0,0,0,0,0,2676438,2673539,1
D,119455,0,0,0,0,0,0,0,0,0,2676438,2673539,1
D,119465,0,0,0,0,0,0,0,0,0,2676438,2673539,1
D,119475,0,0,0,0,0,0,0,0,0,2676438,2673539,1
D,119485,0,0,0,0,0,0,0,0,0,2676438,2673539,1
D,119495,0,0,0,0,0,0,0,0,0,2676438,2673539,1
D,119505,0,0,0,0,0,0,0,0,0,2676438,2673539,1
D,119515,0,0,0,0,0,0,0,0,0,2676438,2673539,1
D,119525,0,0,0,0,0,0,0,0,0,2676438,2673539,1
D,119535,0,0,0,0,0,0,0,0,0,2676438,2673539,1
D,119545,0,0,0,0,0,0,0,0,0,2676438,2673539,1
D,119555,0,0,0,0,0,0,0,0,0,2676438,2673539,1
D,119565,0,0,0,0,0,0,0,0,0,2676438,2673539,1
D,119575,0,0,0,0,0,0,0,0,0,2676438,2673539,1
D,119585,0,0,0,0,0,0,0,0,0,2676438,2673539,1
D,119595,0,0,0,0,0,0,0,0,0,2676438,2673539,1
D,119605,0,0,0,0,0,0,0,0,0,2676438,2673539,1
D,119615,0,0,0,0,0,0,0,0,0,2676438,2673539,1
D,119625,0,0,0,0,0,0,0,0,0,2676438,2673539,1
D,119635,0,0,0,0,0,0,0,0,0,2676438,2673539,1
D,119645,0,0,0,0,0,0,0,0,0,2676438,2673539,1
D,119655,0,0,0,0,0,0,0,0,0,2676438,2673539,1
D,119665,0,0,0,0,0,0,0,0,0,2676438,2673539,1
D,119675,0,0,0,0,0,0,0,0,0,2676438,2673539,1
D,119685,0,0,0,0,0,0,0,0,0,2676438,2673539,1
D,119695,0,0,0,0,0,0,0,0,0,2676438,2673539,1
D,119705,0,0,0,0,0,0,0,0,0,2676438,2673539,1
D,119715,0,0,0,0,0,0,0,0,0,2676438,2673539,1
D,119725,0,0,0,0,0,0,0,0,0,2676438,2673539,1
D,119735,0,0,0,0,0,0,0,0,0,2676438,2673539,1
D,119745,0,0,0,0,0,0,0,0,0,2676438,2673539,1
D,119755,0,0,0,0,0,0,0,0,0,2676438,2673539,1
D,119765,0,0,0,0,0,0,0,0,0,2676438,2673539,1
D,119775,0,0,0,0,0,0,0,0,0,2676438,2673539,1
D,119785,0,0,0,0,0,0,0,0,0,2676438,2673539,1
D,119795,0,0,0,0,0,0,0,0,0,2676438,2673539,1
D,119805,0,0,0,0,0,0,0,0,0,2676438,2673539,1
D,119815,0,0,0,0,0,0,0,0,0,2676438,2673539,1
D,119825,0,0,0,0,0,0,0,0,0,2676438,2673539,1
D,119835,0,0,0,0,0,0,0,0,0,2676438,2673539,1
D,119845,0,0,0,0,0,0,0,0,0,2676438,2673539,1
D,119855,0,0,0,0,0,0,0,0,0,2676438,2673539,1
D,119865,0,0,0,0,0,0,0,0,0,2676438,2673539,1
D,119875,0,0,0,0,0,0,0,0,0,2676438,2673539,1
D,119885,0,0,0,0,0,0,0,0,0,2676438,2673539,1
D,119895,0,0,0,0,0,0,0,0,0,2676438,2673539,1
D,119905,0,0,0,0,0,0,0,0,0,2676438,2673539,1
D,119915,0,0,0,0,0,0,0,0,0,2676438,2673539,1
D,119925,0,0,0,0,0,0,0,0,0,2676438,2673539,1
D,119935,0,0,0,0,0,0,0,0,0,2676438,2673539,1
D,119945,0,0,0,0,0,0,0,0,0,2676438,2673539,1
D,119955,0,0,0,0,0,0,0,0,0,2676438,2673539,1
D,119965,0,0,0,0,0,0,0,0,0,2676438,2673539,1
D,119975,0,0,0,0,0,0,0,0,0,2676438,2673539,1
D,119985,0,0,0,0,0,0,0,0,0,2676438,2673539,1
D,119995,0,0,0,0,0,0,0,0,0,2676438,2673539,1
D,120005,0,0,0,0,0,0,0,0,0,2676438,2673539,1
D,120015,0,0,0,0,0,0,0,0,0,2676438,2673539,1
D,120025,0,0,0,0,0,0,0,0,0,2676438,2673539,1
D,120035,0,0,0,0,0,0,0,0,0,2676438,2673539,1
D,120045,0,0,0,0,0,0,0,0,0,2676438,2673539,1
D,120055,0,0,0,0,0,0,0,0,0,2676438,2673539,1
D,120065,0,0,0,0,0,0,0,0,0,2676438,2673539,1
D,120075,0,0,0,0,0,0,0,0,0,2676438,2673539,1
D,120085,0,0,0,0,0,0,0,0,0,2676438,2673539,1
D,120095,0,0,0,0,0,0,0,0,0,2676438,2673539,1
D,120105,0,0,0,0,0,0,0,0,0,2676438,2673539,1
D,120115,0,0,0,0,0,0,0,0,0,2676438,2673539,1
D,120125,0,0,0,0,0,0,0,0,0,2676438,2673539,1
D,120135,0,0,0,0,0,0,0,0,0,2676438,2673539,1
D,120145,0,0,0,0,0,0,0,0,0,2676438,2673539,1
D,120155,0,0,0,0,0,0,0,0,0,2676438,2673539,1
D,120165,0,0,0,0,0,0,0,0,0,2676438,2673539,1
D,120175,0,0,0,0,0,0,0,0,0,2676438,2673539,1
D,120185,0,0,0,0,0,0,0,0,0,2676438,2673539,1
D,120195,0,0,0,0,0,0,0,0,0,2676438,2673539,1
D,120205,0,0,0,0,0,0,0,0,0,2676438,2673539,1
D,120215,0,0,0,0,0,0,0,0,0,2676438,2673539,1
D,120225,0,0,0,0,0,0,0,0,0,2676438,2673539,1
D,120235,0,0,0,0,0,0,0,0,0,2676438,2673539,1
D,120245,0,0,0,0,0,0,0,0,0,2676438,2673539,1
D,120255,0,0,0,0,0,0,0,0,0,2676438,2673539,1
D,120265,0,0,0,0,0,0,0,0,0,2676438,2673539,1
D,120275,0,0,0,0,0,0,0,0,0,2676438,2673539,1
D,120285,0,0,0,0,0,0,0,0,0,2676438,2673539,1
D,120295,0,0,0,0,0,0,0,0,0,2676438,2673539,1
D,120305,0,0,0,0,0,0,0,0,0,2676438,2673539,1
D,120315,0,0,0,0,0,0,0,0,0,2676438,2673539,1
D,120325,0,0,0,0,0,0,0,0,0,2676438,2673539,1
D,120335,0,0,0,0,0,0,0,0,0,2676438,2673539,1
D,120345,0,0,0,0,0,0,0,0,0,2676438,2673539,1
D,120355,0,0,0,0,0,0,0,0,0,2676438,2673539,1
D,120365,0,0,0,0,0,0,0,0,0,2676438,2673539,1
D,120375,0,0,0,0,0,0,0,0,0,2676438,2673539,1
D,120385,0,0,0,0,0,0,0,0,0,2676438,2673539,1
D,120395,0,0,0,0,0,0,0,0,0,2676438,2673539,1
D,120405,0,0,0,0,0,0,0,0,0,2676438,2673539,1
D,120415,0,0,0,0,0,0,0,0,0,2676438,2673539,1
D,120425,0,0,0,0,0,0,0,0,0,2676438,2673539,1
D,120435,0,0,0,0,0,0,0,0,0,2676438,2673539,1
D,120445,0,0,0,0,0,0,0,0,0,2676438,2673539,1
D,120455,0,0,0,0,0,0,0,0,0,2676438,2673539,1
D,120465,0,0,0,0,0,0,0,0,0,2676438,2673539,1
D,120475,0,0,0,0,0,0,0,0,0,2676438,2673539,1
D,120485,0,0,0,0,0,0,0,0,0,2676438,2673539,1
D,120495,0,0,0,0,0,0,0,0,0,2676438,2673539,1
D,120505,0,0,0,0,0,0,0,0,0,2676438,2673539,1
D,120515,0,0,0,0,0,0,0,0,0,2676438,2673539,1
D,120525,0,0,0,0,0,0,0,0,0,2676438,2673539,1
D,120535,0,0,0,0,0,0,0,0,0,2676438,2673539,1
D,120545,0,0,0,0,0,0,0,0,0,2676438,2673539,1
D,120555,0,0,0,0,0,0,0,0,0,2676438,2673539,1
D,120565,0,0,0,0,0,0,0,0,0,2676438,2673539,1
D,120575,0,0,0,0,0,0,0,0,0,2676438,2673539,1
D,120585,0,0,0,0,0,0,0,0,0,2676438,2673539,1
D,120595,0,0,0,0,0,0,0,0,0,2676438,2673539,1
D,120605,0,0,0,0,0,0,0,0,0,2676438,2673539,1
D,120615,0,0,0,0,0,0,0,0,0,2676438,2673539,1
D,120625,0,0,0,0,0,0,0,0,0,2676438,2673539,1
D,120635,0,0,0,0,0,0,0,0,0,2676438,2673539,1
D,120645,0,0,0,0,0,0,0,0,0,2676438,2673539,1
D,120655,0,0,0,0,0,0,0,0,0,2676438,2673539,1
D,120665,0,0,0,0,0,0,0,0,0,2676438,2673539,1
D,120675,0,0,0,0,0,0,0,0,0,2676438,2673539,1
D,120685,0,0,0,0,0,0,0,0,0,2676438,2673539,1
D,120695,0,0,0,0,0,0,0,0,0,2676438,2673539,1
D,120705,0,0,0,0,0,0,0,0,0,2676438,2673539,1
D,120715,0,0,0,0,0,0,0,0,0,2676438,2673539,1
D,120725,0,0,0,0,0,0,0,0,0,2676438,2673539,1
D,120735,0,0,0,0,0,0,0,0,0,2676438,2673539,1
D,120745,0,0,0,0,0,0,0,0,0,2676438,2673539,1
D,120755,0,0,0,0,0,0,0,0,0,2676438,2673539,1
D,120765,0,0,0,0,0,0,0,0,0,2676438,2673539,1
D,120775,0,0,0,0,0,0,0,0,0,2676438,2673539,1
D,120785,0,0,0,0,0,0,0,0,0,2676438,2673539,1
D,120795,0,0,0,0,0,0,0,0,0,2676438,2673539,1
D,120805,0,0,0,0,0,0,0,0,0,2676438,2673539,1
D,120815,0,0,0,0,0,0,0,0,0,2676438,2673539,1
D,120825,0,0,0,0,0,0,0,0,0,2676438,2673539,1
D,120835,0,0,0,0,0,0,0,0,0,2676438,2673539,1
D,120845,0,0,0,0,0,0,0,0,0,2676438,2673539,1
D,120855,0,0,0,0,0,0,0,0,0,2676438,2673539,1
D,120865,0,0,0,0,0,0,0,0,0,2676438,2673539,1
D,120875,0,0,0,0,0,0,0,0,0,2676438,2673539,1
D,120885,0,0,0,0,0,0,0,0,0,2676438,2673539,1
D,120895,0,0,0,0,0,0,0,0,0,2676438,2673539,1
D,120905,0,0,0,0,0,0,0,0,0,2676438,2673539,1
D,120915,0,0,0,0,0,0,0,0,0,2676438,2673539,1
D,120925,0,0,0,0,0,0,0,0,0,2676438,2673539,1
D,120935,0,0,0,0,0,0,0,0,0,2676438,2673539,1
D,120945,0,0,0,0,0,0,0,0,0,2676438,2673539,1
D,120955,0,0,0,0,0,0,0,0,0,2676438,2673539,1
D,120965,0,0,0,0,0,0,0,0,0,2676438,2673539,1
D,120975,0,0,0,0,0,0,0,0,0,2676438,2673539,1
D,120985,0,0,0,0,0,0,0,0,0,2676438,2673539,1
D,120995,0,0,0,0,0,0,0,0,0,2676438,2673539,1
D,121005,0,0,0,0,0,0,0,0,0,2676438,2673539,1
D,121015,0,0,0,0,0,0,0,0,0,2676438,2673539,1
D,121025,0,0,0,0,0,0,0,0,0,2676438,2673539,1
D,121035,0,0,0,0,0,0,0,0,0,2676438,2673539,1
D,121045,0,0,0,0,0,0,0,0,0,2676438,2673539,1
D,121055,0,0,0,0,0,0,0,0,0,2676438,2673539,1
D,121065,0,0,0,0,0,0,0,0,0,2676438,2673539,1
D,121075,0,0,0,0,0,0,0,0,0,2676438,2673539,1
D,121085,0,0,0,0,0,0,0,0,0,2676438,2673539,1
D,121095,0,0,0,0,0,0,0,0,0,2676438,2673539,1
D,121105,0,0,0,0,0,0,0,0,0,2676438,2673539,1
D,121115,0,0,0,0,0,0,0,0,0,2676438,2673539,1
D,121125,0,0,0,0,0,0,0,0,0,2676438,2673539,1
D,121135,0,0,0,0,0,0,0,0,0,2676438,2673539,1
D,121145,0,0,0,0,0,0,0,0,0,2676438,2673539,1
D,121155,0,0,0,0,0,0,0,0,0,2676438,2673539,1
D,121165,0,0,0,0,0,0,0,0,0,2676438,2673539,1
D,121175,0,0,0,0,0,0,0,0,0,2676438,2673539,1
D,121185,0,0,0,0,0,0,0,0,0,2676438,2673539,1
D,121195,0,0,0,0,0,0,0,0,0,2676438,2673539,1
D,121205,0,0,0,0,0,0,0,0,0,2676438,2673539,1
D,121215,0,0,0,0,0,0,0,0,0,2676438,2673539,1
D,121225,0,0,0,0,0,0,0,0,0,2676438,2673539,1
D,121235,0,0,0,0,0,0,0,0,0,2676438,2673539,1
D,121245,0,0,0,0,0,0,0,0,0,2676438,2673539,1
D,121255,0,0,0,0,0,0,0,0,0,2676438,2673539,1
D,121265,0,0,0,0,0,0,0,0,0,2676438,2673539,1
D,121275,0,0,0,0,0,0,0,0,0,2676438,2673539,1
D,121285,0,0,0,0,0,0,0,0,0,2676438,2673539,1
D,121295,0,0,0,0,0,0,0,0,0,2676438,2673539,1
D,121305,0,0,0,0,0,0,0,0,0,2676438,2673539,1
D,121315,0,0,0,0,0,0,0,0,0,2676438,2673539,1
D,121325,0,0,0,0,0,0,0,0,0,2676438,2673539,1
D,121335,0,0,0,0,0,0,0,0,0,2676438,2673539,1
D,121345,0,0,0,0,0,0,0,0,0,2676438,2673539,1
D,121355,0,0,0,0,0,0,0,0,0,2676438,2673539,1
D,121365,0,0,0,0,0,0,0,0,0,2676438,2673539,1
D,121375,0,0,0,0,0,0,0,0,0,2676438,2673539,1
D,121385,0,0,0,0,0,0,0,0,0,2676438,2673539,1
D,121395,0,0,0,0,0,0,0,0,0,2676438,2673539,1
D,121405,0,0,0,0,0,0,0,0,0,2676438,2673539,1
D,121415,0,0,0,0,0,0,0,0,0,2676438,2673539,1
D,121425,0,0,0,0,0,0,0,0,0,2676438,2673539,1
D,121435,0,0,0,0,0,0,0,0,0,2676438,2673539,1
D,121445,0,0,0,0,0,0,0,0,0,2676438,2673539,1
D,121455,0,0,0,0,0,0,0,0,0,2676438,2673539,1
D,121465,0,0,0,0,0,0,0,0,0,2676438,2673539,1
D,121475,0,0,0,0,0,0,0,0,0,2676438,2673539,1
D,121485,0,0,0,0,0,0,0,0,0,2676438,2673539,1
D,121495,0,0,0,0,0,0,0,0,0,2676438,2673539,1
D,121505,0,0,0,0,0,0,0,0,0,2676438,2673539,1
D,121515,0,0,0,0,0,0,0,0,0,2676438,2673539,1
D,121525,0,0,0,0,0,0,0,0,0,2676438,2673539,1
D,121535,0,0,0,0,0,0,0,0,0,2676438,2673539,1
D,121545,0,0,0,0,0,0,0,0,0,2676438,2673539,1
D,121555,0,0,0,0,0,0,0,0,0,2676438,2673539,1
D,121565,0,0,0,0,0,0,0,0,0,2676438,2673539,1
D,121575,0,0,0,0,0,0,0,0,0,2676438,2673539,1
D,121585,0,0,0,0,0,0,0,0,0,2676438,2673539,1
D,121595,0,0,0,0,0,0,0,0,0,2676438,2673539,1
D,121605,0,0,0,0,0,0,0,0,0,2676438,2673539,1
D,121615,0,0,0,0,0,0,0,0,0,2676438,2673539,1
D,121625,0,0,0,0,0,0,0,0,0,2676438,2673539,1
D,121635,0,0,0,0,0,0,0,0,0,2676438,2673539,1
D,121645,0,0,0,0,0,0,0,0,0,2676438,2673539,1
D,121655,0,0,0,0,0,0,0,0,0,2676438,2673539,1
D,121665,0,0,0,0,0,0,0,0,0,2676438,2673539,1
D,121675,0,0,0,0,0,0,0,0,0,2676438,2673539,1
D,121685,0,0,0,0,0,0,0,0,0,2676438,2673539,1
D,121695,0,0,0,0,0,0,0,0,0,2676438,2673539,1
D,121705,0,0,0,0,0,0,0,0,0,2676438,2673539,1
D,121715,0,0,0,0,0,0,0,0,0,2676438,2673539,1
D,121725,0,0,0,0,0,0,0,0,0,2676438,2673539,1
D,121735,0,0,0,0,0,0,0,0,0,2676438,2673539,1
D,121745,0,0,0,0,0,0,0,0,0,2676438,2673539,1
D,121755,0,0,0,0,0,0,0,0,0,2676438,2673539,1
D,121765,0,0,0,0,0,0,0,0,0,2676438,2673539,1
D,121775,0,0,0,0,0,0,0,0,0,2676438,2673539,1
D,121785,0,0,0,0,0,0,0,0,0,2676438,2673539,1
D,121795,0,0,0,0,0,0,0,0,0,2676438,2673539,1
D,121805,0,0,0,0,0,0,0,0,0,2676438,2673539,1
D,121815,0,0,0,0,0,0,0,0,0,2676438,2673539,1
D,121825,2,200,200,0,0,1060,1060,0,0,2676438,2673539,1
D,121835,2,200,200,0,0,1120,1120,0,0,2676438,2673539,1
D,121845,2,200,200,0,0,1180,1180,0,0,2676438,2673539,1
D,121855,2,200,200,0,0,1240,1240,0,0,2676438,2673539,1
D,121865,2,200,200,0,0,1300,1300,0,0,2676438,2673539,1
D,121875,2,200,200,0,0,1360,1360,0,0,2676438,2673539,1
D,121885,2,200,200,0,0,1420,1420,0,0,2676438,2673539,1
D,121895,2,200,200,0,0,1480,1480,0,0,2676438,2673539,1
D,121905,2,200,200,0,0,1540,1540,0,0,2676438,2673539,1
D,121915,2,200,200,0,0,1600,1600,0,0,2676438,2673539,1
D,121925,2,200,200,0,0,1660,1660,0,0,2676438,2673539,1
D,121935,2,200,200,0,0,1720,1720,0,0,2676438,2673539,1
D,121945,2,200,200,0,0,1780,1780,0,0,2676438,2673539,1
D,121955,2,200,200,0,0,1840,1840,0,0,2676438,2673539,1
D,121965,2,200,200,0,0,1900,1900,0,0,2676438,2673539,1
D,121975,2,200,200,0,0,1960,1960,0,0,2676438,2673539,1
D,121985,2,200,200,0,0,2020,2020,0,0,2676438,2673539,1
D,121995,2,200,200,0,0,2080,2080,0,0,2676438,2673539,1
D,122005,2,200,200,0,0,2140,2140,0,0,2676438,2673539,1
D,122015,2,200,200,0,0,2200,2200,0,0,2676438,2673539,1
D,122025,2,200,200,0,0,2260,2260,0,0,2676438,2673539,1
D,122035,2,200,200,0,0,2320,2320,0,0,2676438,2673539,1
D,122045,2,200,200,0,0,2380,2380,0,0,2676438,2673539,1
D,122055,2,200,200,0,0,2440,2440,0,0,2676438,2673539,1
D,122065,2,200,200,0,0,2500,2500,0,0,2676438,2673539,1
D,122075,2,200,200,0,0,2560,2560,0,0,2676438,2673539,1
D,122085,2,200,200,0,0,2620,2620,0,0,2676438,2673539,1
D,122095,2,200,200,0,0,2680,2680,0,0,2676438,2673539,1
D,122105,2,200,200,0,0,2740,2740,0,0,2676438,2673539,1
D,122115,2,200,200,0,0,2800,2800,0,1,2676438,2673540,1
D,122125,2,200,200,0,0,2860,2860,0,1,2676438,2673541,1
D,122135,2,200,200,0,0,2920,2920,0,2,2676438,2673543,1
D,122145,2,200,200,0,0,2980,2980,1,1,2676439,2673544,1
D,122155,2,200,200,0,0,3040,3040,0,1,2676439,2673545,1
D,122165,2,200,200,0,0,3100,3100,0,1,2676439,2673546,1
D,122175,2,200,200,0,0,3160,3160,0,1,2676439,2673547,1
D,122185,2,200,200,0,0,3220,3220,0,1,2676439,2673548,1
D,122195,2,200,200,0,0,3280,3280,1,1,2676440,2673549,1
D,122205,2,200,200,0,0,3340,3340,1,1,2676441,2673550,1
D,122215,2,200,200,0,0,3400,3400,1,1,2676442,2673551,1
D,122225,2,200,200,0,0,3460,3460,2,1,2676444,2673552,1
D,122235,2,200,200,0,0,3520,3520,2,2,2676446,2673554,1
D,122245,2,200,200,0,0,3580,3580,2,1,2676448,2673555,1
D,122255,2,200,200,0,0,3640,3640,2,2,2676450,2673557,1
D,122265,2,200,200,1,0,3694,3700,3,2,2676453,2673559,1
D,122275,2,200,200,0,0,3759,3760,2,2,2676455,2673561,1
D,122285,2,200,200,0,1,3819,3814,2,3,2676457,2673564,1
D,122295,2,200,200,0,0,3879,3879,1,2,2676458,2673566,1
D,122305,2,200,200,0,0,3939,3939,1,2,2676459,2673568,1
D,122315,2,200,200,1,1,3993,3993,4,5,2676463,2673573,1
D,122325,2,200,200,3,4,4042,4036,11,14,2676474,2673587,1
D,122335,2,200,200,6,8,4085,4073,18,26,2676492,2673613,1
D,122345,2,200,200,8,11,4132,4114,25,35,2676517,2673648,1
D,122355,2,200,200,9,14,4184,4154,29,44,2676546,2673692,1
D,122365,2,200,200,14,24,4214,4156,43,71,2676589,2673763,1
D,122375,2,200,200,27,43,4200,4108,80,128,2676669,2673891,1
D,122385,2,200,200,45,51,4156,4112,134,150,2676803,2674041,1
D,122395,2,200,200,51,56,4170,4130,151,165,2676954,2674206,1
D,122405,2,200,200,58,61,4177,4146,173,180,2677127,2674386,1
D,122415,2,200,200,63,66,4193,4161,188,194,2677315,2674580,1
D,122425,2,200,200,72,70,4186,4180,214,206,2677529,2674786,1
D,122435,2,200,200,78,78,4192,4176,232,231,2677761,2675017,1
D,122445,2,200,200,83,84,4202,4180,245,247,2678006,2675264,1
D,122455,2,200,200,87,87,4215,4198,257,256,2678263,2675520,1
D,122465,2,200,200,92,92,4222,4205,271,273,2678534,2675793,1
D,122475,2,200,200,98,99,4222,4200,289,292,2678823,2676085,1
D,122485,2,200,200,100,101,4242,4219,294,297,2679117,2676382,1
D,122495,2,200,200,102,103,4261,4238,302,304,2679419,2676686,1
D,122505,2,200,200,110,108,4248,4240,324,319,2679743,2677005,1
D,122515,2,200,200,113,112,4259,4246,333,330,2680076,2677335,1
D,122525,2,200,200,114,115,4279,4256,337,339,2680413,2677674,1
D,122535,2,200,200,121,122,4267,4244,356,359,2680769,2678033,1
D,122545,2,200,200,122,123,4285,4262,360,362,2681129,2678395,1
D,122555,2,200,200,124,123,4297,4285,367,364,2681496,2678759,1
D,122565,2,200,200,130,129,4288,4276,384,381,2681880,2679140,1
D,122575,2,200,200,130,131,4309,4286,384,386,2682264,2679526,1
D,122585,2,200,200,134,136,4308,4280,396,401,2682660,2679927,1
D,122595,2,200,200,138,139,4306,4283,407,410,2683067,2680337,1
D,122605,2,200,200,139,138,4319,4306,409,407,2683476,2680744,1
D,122615,2,200,200,144,143,4310,4298,424,422,2683900,2681166,1
D,122625,2,200,200,143,144,4332,4309,422,424,2684322,2681590,1
D,122635,2,200,200,148,150,4322,4294,436,441,2684758,2682031,1
D,122645,2,200,200,149,150,4332,4309,439,441,2685197,2682472,1
D,122655,2,200,200,151,151,4336,4318,445,445,2685642,2682917,1
D,122665,2,200,200,154,154,4334,4316,453,453,2686095,2683370,1
D,122675,2,200,200,154,155,4347,4324,453,458,2686548,2683828,1
D,122685,2,200,200,158,160,4339,4311,467,473,2687015,2684301,1
D,122695,2,200,200,158,158,4351,4333,465,465,2687480,2684766,1
D,122705,2,200,200,162,163,4342,4319,477,479,2687957,2685245,1
D,122715,2,200,200,160,162,4364,4335,472,478,2688429,2685723,1
D,122725,2,200,200,166,168,4344,4314,488,495,2688917,2686218,1
D,122735,2,200,200,164,165,4364,4339,484,487,2689401,2686705,1
D,122745,2,200,200,168,169,4353,4328,496,499,2689897,2687204,1
D,122755,2,200,200,166,169,4373,4337,490,498,2690387,2687702,1
D,122765,2,200,200,172,175,4351,4314,506,516,2690893,2688218,1
D,122775,2,200,200,170,172,4370,4337,501,506,2691394,2688724,1
D,122785,2,200,200,174,176,4357,4324,513,518,2691907,2689242,1
D,122795,2,200,200,172,175,4375,4336,506,517,2692413,2689759,1
D,122805,2,200,200,177,181,4356,4311,521,534,2692934,2690293,1
D,122815,2,200,200,175,177,4373,4337,516,523,2693450,2690816,1
D,122825,2,200,200,179,182,4359,4317,527,535,2693977,2691351,1
D,122835,2,200,200,177,182,4375,4322,521,537,2694498,2691888,1
D,122845,2,200,200,181,186,4360,4306,533,547,2695031,2692435,1
D,122855,2,200,200,180,184,4371,4320,530,543,2695561,2692978,1
D,122865,2,200,200,183,186,4361,4314,538,547,2696099,2693525,1
D,122875,2,200,200,182,190,4371,4297,535,560,2696634,2694085,1
D,122885,2,200,200,184,188,4365,4310,543,554,2697177,2694639,1
D,122895,2,200,200,185,190,4364,4303,546,561,2697723,2695200,1
D,122905,2,200,200,185,190,4368,4306,544,560,2698267,2695760,1
D,122915,2,200,200,187,195,4361,4282,552,575,2698819,2696335,1
D,122925,2,200,200,186,192,4370,4299,549,565,2699368,2696900,1
D,122935,2,200,200,190,195,4353,4285,560,573,2699928,2697473,1
D,122945,2,200,200,187,197,4371,4275,551,581,2700479,2698054,1
D,122955,2,200,200,191,196,4353,4281,564,578,2701043,2698632,1
D,122965,2,200,200,191,198,4355,4271,563,583,2701606,2699215,1
D,122975,2,200,200,192,198,4352,4271,565,582,2702171,2699797,1
D,122985,2,200,200,193,202,4349,4251,569,596,2702740,2700393,1
D,122995,2,200,200,193,199,4351,4266,569,587,2703309,2700980,1
D,123005,2,200,200,196,201,4337,4256,578,591,2703887,2701571,1
D,123015,2,200,200,193,205,4354,4235,568,604,2704455,2702175,1
D,123025,2,200,200,198,202,4329,4250,582,594,2705037,2702769,1
D,123035,2,200,200,197,204,4334,4239,579,601,2705616,2703370,1
D,123045,2,200,200,197,205,4334,4233,581,605,2706197,2703975,1
D,123055,2,200,200,199,206,4324,4227,586,607,2706783,2704582,1
D,123065,2,200,200,198,206,4329,4226,583,607,2707366,2705189,1
D,123075,2,200,200,201,205,4314,4230,592,605,2707958,2705794,1
D,123085,2,200,200,199,209,4324,4208,585,617,2708543,2706411,1
D,123095,2,200,200,202,207,4309,4216,595,610,2709138,2707021,1
D,123105,2,200,200,202,208,4309,4209,596,613,2709734,2707634,1
D,123115,2,200,200,200,212,4319,4186,590,624,2710324,2708258,1
D,123125,2,200,200,204,208,4298,4204,600,614,2710924,2708872,1
D,123135,2,200,200,202,211,4308,4186,596,620,2711520,2709492,1
D,123145,2,200,200,204,213,4297,4173,602,628,2712122,2710120,1
D,123155,2,200,200,204,211,4296,4180,601,620,2712723,2710740,1
D,123165,2,200,200,204,212,4295,4172,602,624,2713325,2711364,1
D,123175,2,200,200,206,213,4284,4164,608,628,2713933,2711992,1
D,123185,2,200,200,204,213,4293,4161,601,628,2714534,2712620,1
D,123195,2,200,200,207,213,4276,4158,610,626,2715144,2713246,1
D,123205,2,200,200,208,213,4269,4155,612,627,2715756,2713873,1
D,123215,2,200,200,205,215,4283,4141,605,634,2716361,2714507,1
D,123225,2,200,200,209,214,4261,4142,615,629,2716976,2715136,1
D,123235,2,200,200,208,214,4264,4138,612,629,2717588,2715765,1
D,123245,2,200,200,208,216,4262,4124,614,637,2718202,2716402,1
D,123255,2,200,200,209,214,4255,4130,616,629,2718818,2717031,1
D,123265,2,200,200,208,215,4258,4121,614,632,2719432,2717663,1
D,123275,2,200,200,211,218,4240,4101,621,641,2720053,2718304,1
D,123285,2,200,200,209,214,4248,4117,616,631,2720669,2718935,1
D,123295,2,200,200,211,215,4235,4108,620,634,2721289,2719569,1
D,123305,2,200,200,212,219,4227,4083,623,644,2721912,2720213,1
D,123315,2,200,200,209,215,4240,4099,616,632,2722528,2720845,1
D,123325,2,200,200,213,216,4217,4090,627,637,2723155,2721482,1
D,123335,2,200,200,213,219,4214,4070,626,645,2723781,2722127,1
D,123345,2,200,200,209,216,4232,4081,617,635,2724398,2722762,1
D,123355,2,200,200,214,217,4203,4071,629,639,2725027,2723401,1
D,123365,2,200,200,212,219,4210,4056,625,645,2725652,2724046,1
D,123375,2,200,200,212,217,4207,4061,623,640,2726275,2724686,1
D,123385,2,200,200,214,217,4193,4056,629,640,2726904,2725326,1
D,123395,2,200,200,212,219,4200,4041,624,644,2727528,2725970,1
D,123405,2,200,200,214,218,4186,4041,630,643,2728158,2726613,1
D,123415,2,200,200,213,218,4188,4036,627,641,2728785,2727254,1
D,123425,2,200,200,212,218,4190,4031,625,643,2729410,2727897,1
D,123435,2,200,200,214,219,4176,4021,631,646,2730041,2728543,1
D,123445,2,200,200,213,218,4178,4021,626,643,2730667,2729186,1
D,123455,2,200,200,214,218,4169,4016,630,641,2731297,2729827,1
D,123465,2,200,200,215,220,4160,4000,632,649,2731929,2730476,1
D,123475,2,200,200,212,218,4172,4005,625,643,2732554,2731119,1
D,123485,2,200,200,215,218,4153,4000,634,642,2733188,2731761,1
D,123495,2,200,200,215,221,4149,3979,633,650,2733821,2732411,1
D,123505,2,200,200,212,218,4161,3989,624,643,2734445,2733054,1
D,123515,2,200,200,216,218,4137,3984,635,641,2735080,2733695,1
D,123525,2,200,200,214,221,4143,3963,631,651,2735711,2734346,1
D,123535,2,200,200,213,217,4145,3978,627,640,2736338,2734986,1
D,123545,2,200,200,215,218,4131,3968,634,642,2736972,2735628,1
D,123555,2,200,200,214,221,4132,3947,629,650,2737601,2736278,1
D,123565,2,200,200,214,217,4128,3962,631,639,2738232,2736917,1
D,123575,2,200,200,215,217,4119,3957,632,640,2738864,2737557,1
D,123585,2,200,200,213,221,4126,3931,628,650,2739492,2738207,1
D,123595,2,200,200,215,216,4112,3952,633,637,2740125,2738844,1
D,123605,2,200,200,214,217,4113,3942,629,640,2740754,2739484,1
D,123615,2,200,200,213,220,4115,3921,628,648,2741382,2740132,1
D,123625,2,200,200,215,216,4101,3937,633,637,2742015,2740769,1
D,123635,2,200,200,212,217,4113,3927,624,639,2742639,2741408,1
D,123645,2,200,200,214,219,4099,3912,631,646,2743270,2742054,1
D,123655,2,200,200,214,216,4095,3923,631,637,2743901,2742691,1
D,123665,2,200,200,211,217,4107,3913,621,640,2744522,2743331,1
D,123675,2,200,200,215,218,4083,3903,632,641,2745154,2743972,1
D,123685,2,200,200,213,217,4090,3903,628,639,2745782,2744611,1
D,123695,2,200,200,210,217,4102,3898,619,638,2746401,2745249,1
D,123705,2,200,200,214,216,4078,3899,630,637,2747031,2745886,1
D,123715,2,200,200,212,217,4085,3889,624,639,2747655,2746525,1
D,123725,2,200,200,212,216,4082,3890,623,637,2748278,2747162,1
D,123735,2,200,200,213,215,4074,3891,627,632,2748905,2747794,1
D,123745,2,200,200,211,217,4081,3876,621,640,2749526,2748434,1
D,123755,2,200,200,212,215,4073,3882,625,632,2750151,2749066,1
D,123765,2,200,200,211,214,4075,3883,622,629,2750773,2749695,1
D,123775,2,200,200,211,217,4072,3863,620,639,2751393,2750334,1
D,123785,2,200,200,212,213,4064,3880,625,627,2752018,2750961,1
D,123795,2,200,200,209,213,4077,3877,616,627,2752634,2751588,1
D,123805,2,200,200,211,217,4064,3852,622,638,2753256,2752226,1
D,123815,2,200,200,212,212,4056,3874,623,623,2753879,2752849,1
D,123825,2,200,200,207,212,4079,3871,611,625,2754490,2753474,1
D,123835,2,200,200,212,215,4051,3852,623,633,2755113,2754107,1
D,123845,2,200,200,209,211,4064,3869,617,622,2755730,2754729,1
D,123855,2,200,200,207,212,4072,3861,611,624,2756341,2755353,1
D,123865,2,200,200,210,213,4054,3853,618,627,2756959,2755980,1
D,123875,2,200,200,208,211,4062,3860,612,622,2757571,2756602,1
D,123885,2,200,200,208,212,4060,3852,614,623,2758185,2757225,1
D,123895,2,200,200,208,210,4058,3859,613,618,2758798,2757843,1
D,123905,2,200,200,206,212,4067,3846,608,624,2759406,2758467,1
D,123915,2,200,200,208,210,4055,3853,614,619,2760020,2759086,1
D,123925,2,200,200,205,209,4069,3856,604,616,2760624,2759702,1
D,123935,2,200,200,208,212,4052,3838,612,625,2761236,2760327,1
D,123945,2,200,200,207,208,4055,3856,611,613,2761847,2760940,1
D,123955,2,200,200,204,208,4069,3854,601,614,2762448,2761554,1
D,123965,2,200,200,208,212,4047,3831,612,623,2763060,2762177,1
D,123975,2,200,200,206,207,4056,3854,606,609,2763666,2762786,1
D,123985,2,200,200,205,208,4060,3847,604,613,2764270,2763399,1
D,123995,2,200,200,207,209,4048,3840,609,616,2764879,2764015,1
D,124005,2,200,200,204,207,4062,3848,602,610,2765481,2764625,1
D,124015,2,200,200,206,207,4051,3846,608,610,2766089,2765235,1
D,124025,2,200,200,204,206,4060,3850,602,606,2766691,2765841,1
D,124035,2,200,200,205,208,4054,3838,605,613,2767296,2766454,1
D,124045,2,200,200,207,206,4042,3847,609,606,2767905,2767060,1
D,124055,2,200,200,203,204,4062,3856,597,602,2768502,2767662,1
D,124065,2,200,200,207,208,4040,3834,609,613,2769111,2768275,1
D,124075,2,200,200,205,204,4049,3853,603,600,2769714,2768875,1
D,124085,2,200,200,203,204,4059,3852,599,602,2770313,2769477,1
D,124095,2,200,200,206,206,4043,3841,606,608,2770919,2770085,1
D,124105,2,200,200,203,203,4058,3856,599,599,2771518,2770684,1
D,124115,2,200,200,205,204,4047,3850,605,601,2772123,2771285,1
D,124125,2,200,200,204,203,4051,3855,600,598,2772723,2771883,1
D,124135,2,200,200,204,204,4050,3849,601,602,2773324,2772485,1
D,124145,2,200,200,205,203,4044,3854,605,597,2773929,2773082,1
D,124155,2,200,200,202,201,4059,3864,594,593,2774523,2773675,1
D,124165,2,200,200,205,205,4043,3843,604,604,2775127,2774279,1
D,124175,2,200,200,204,200,4047,3868,600,590,2775727,2774869,1
D,124185,2,200,200,202,202,4057,3858,594,594,2776321,2775463,1
D,124195,2,200,200,205,204,4041,3847,603,601,2776924,2776064,1
D,124205,2,200,200,202,201,4056,3862,595,591,2777519,2776655,1
D,124215,2,200,200,204,202,4045,3857,602,596,2778121,2777251,1
D,124225,2,200,200,202,201,4055,3862,595,591,2778716,2777842,1
D,124235,2,200,200,203,203,4050,3852,597,598,2779313,2778440,1
D,124245,2,200,200,204,201,4044,3862,601,591,2779914,2779031,1
D,124255,2,200,200,200,200,4064,3867,590,589,2780504,2779620,1
D,124265,2,200,200,204,204,4043,3846,601,600,2781105,2780220,1
D,124275,2,200,200,203,199,4048,3871,598,586,2781703,2780806,1
D,124285,2,200,200,201,201,4058,3861,593,591,2782296,2781397,1
D,124295,2,200,200,203,202,4048,3856,599,594,2782895,2781991,1
D,124305,2,200,200,202,200,4053,3866,594,589,2783489,2782580,1
D,124315,2,200,200,203,200,4048,3866,598,589,2784087,2783169,1
D,124325,2,200,200,201,199,4058,3871,593,586,2784680,2783755,1
D,124335,2,200,200,202,202,4053,3856,596,595,2785276,2784350,1
D,124345,2,200,200,204,198,4042,3876,600,584,2785876,2784934,1
D,124355,2,200,200,199,199,4067,3871,587,585,2786463,2785519,1
D,124365,2,200,200,204,202,4041,3856,600,594,2787063,2786113,1
D,124375,2,200,200,202,198,4051,3876,594,584,2787657,2786697,1
D,124385,2,200,200,201,199,4056,3871,593,587,2788250,2787284,1
D,124395,2,200,200,202,199,4051,3871,596,586,2788846,2787870,1
D,124405,2,200,200,201,200,4056,3866,591,589,2789437,2788459,1
D,124415,2,200,200,203,199,4046,3871,598,585,2790035,2789044,1
D,124425,2,200,200,200,198,4061,3876,588,583,2790623,2789627,1
D,124435,2,200,200,203,202,4046,3856,597,595,2791220,2790222,1
D,124445,2,200,200,202,197,4051,3881,595,581,2791815,2790803,1
D,124455,2,200,200,199,199,4066,3871,587,586,2792402,2791389,1
D,124465,2,200,200,203,200,4046,3866,597,590,2792999,2791979,1
D,124475,2,200,200,201,199,4056,3871,591,586,2793590,2792565,1
D,124485,2,200,200,202,199,4051,3871,594,586,2794184,2793151,1
D,124495,2,200,200,201,198,4056,3876,592,583,2794776,2793734,1
D,124505,2,200,200,200,201,4061,3861,590,593,2795366,2794327,1
D,124515,2,200,200,202,197,4051,3881,596,581,2795962,2794908,1
D,124525,2,200,200,199,198,4066,3876,585,583,2796547,2795491,1
D,124535,2,200,200,203,201,4046,3861,597,592,2797144,2796083,1
D,124545,2,200,200,201,198,4056,3876,592,582,2797736,2796665,1
D,124555,2,200,200,199,199,4066,3871,587,585,2798323,2797250,1
D,124565,2,200,200,202,198,4051,3876,595,582,2798918,2797832,1
D,124575,2,200,200,200,200,4061,3866,590,588,2799508,2798420,1
D,124585,2,200,200,201,197,4056,3881,593,581,2800101,2799001,1
D,124595,2,200,200,199,197,4066,3881,587,581,2800688,2799582,1
D,124605,2,200,200,201,201,4056,3861,592,591,2801280,2800173,1
D,124615,2,200,200,202,197,4051,3881,594,579,2801874,2800752,1
D,124625,2,200,200,198,198,4071,3876,584,583,2802458,2801335,1
D,124635,2,200,200,202,198,4051,3876,596,584,2803054,2801919,1
D,124645,2,200,200,200,199,4061,3871,589,585,2803643,2802504,1
D,124655,2,200,200,200,198,4061,3876,590,582,2804233,2803086,1
D,124665,2,200,200,201,197,4056,3881,592,580,2804825,2803666,1
D,124675,2,200,200,199,201,4066,3861,586,591,2805411,2804257,1
D,124685,2,200,200,202,196,4051,3887,595,577,2806006,2804834,1
D,124695,2,200,200,198,198,4071,3877,584,582,2806590,2805416,1
D,124705,2,200,200,201,199,4056,3872,593,587,2807183,2806003,1
D,124715,2,200,200,201,198,4056,3877,592,582,2807775,2806585,1
D,124725,2,200,200,198,198,4071,3877,584,582,2808359,2807167,1
D,124735,2,200,200,201,197,4056,3882,593,579,2808952,2807746,1
D,124745,2,200,200,199,200,4066,3867,585,588,2809537,2808334,1
D,124755,2,200,200,201,196,4056,3888,591,578,2810128,2808912,1
D,124765,2,200,200,199,197,4066,3883,585,579,2810713,2809491,1
D,124775,2,200,200,200,200,4061,3868,588,588,2811301,2810079,1
D,124785,2,200,200,200,197,4061,3883,590,579,2811891,2810658,1
D,124795,2,200,200,197,197,4076,3883,580,581,2812471,2811239,1
D,124805,2,200,200,201,196,4056,3889,591,578,2813062,2811817,1
D,124815,2,200,200,199,199,4066,3874,585,585,2813647,2812402,1
D,124825,2,200,200,199,196,4066,3890,585,578,2814232,2812980,1
D,124835,2,200,200,199,196,4066,3891,587,576,2814819,2813556,1
D,124845,2,200,200,198,199,4071,3876,582,587,2815401,2814143,1
D,124855,2,200,200,200,195,4061,3897,588,575,2815989,2814718,1
D,124865,2,200,200,196,197,4082,3887,578,579,2816567,2815297,1
D,124875,2,200,200,200,197,4062,3887,588,579,2817155,2815876,1
D,124885,2,200,200,198,198,4072,3882,584,582,2817739,2816458,1
D,124895,2,200,200,197,196,4077,3893,579,578,2818318,2817036,1
D,124905,2,200,200,199,196,4067,3894,585,576,2818903,2817612,1
D,124915,2,200,200,197,199,4077,3879,580,586,2819483,2818198,1
D,124925,2,200,200,198,195,4072,3900,584,573,2820067,2818771,1
D,124935,2,200,200,196,197,4083,3890,577,579,2820644,2819350,1
D,124945,2,200,200,198,197,4073,3890,584,580,2821228,2819930,1
D,124955,2,200,200,198,197,4073,3890,584,579,2821812,2820509,1
D,124965,2,200,200,195,196,4089,3896,575,577,2822387,2821086,1
D,124975,2,200,200,199,195,4069,3902,585,575,2822972,2821661,1
D,124985,2,200,200,197,199,4079,3882,579,585,2823551,2822246,1
D,124995,2,200,200,198,194,4074,3908,583,572,2824134,2822818,1
D,125005,2,200,200,196,196,4085,3899,578,577,2824712,2823395,1
D,125015,2,200,200,197,197,4080,3894,580,581,2825292,2823976,1
D,125025,2,200,200,198,196,4075,3900,583,578,2825875,2824554,1
D,125035,2,200,200,195,196,4091,3901,574,577,2826449,2825131,1
D,125045,2,200,200,199,195,4071,3907,585,574,2827034,2825705,1
D,125055,2,200,200,197,198,4081,3892,580,584,2827614,2826289,1
D,125065,2,200,200,197,194,4081,3913,581,572,2828195,2826861,1
D,125075,2,200,200,197,196,4081,3904,581,576,2828776,2827437,1
D,125085,2,200,200,197,197,4081,3899,580,581,2829356,2828018,1
D,125095,2,200,200,198,195,4076,3910,584,575,2829940,2828593,1
D,125105,2,200,200,195,196,4092,3906,575,576,2830515,2829169,1
D,125115,2,200,200,199,195,4072,3912,586,573,2831101,2829742,1
D,125125,2,200,200,197,198,4082,3897,581,582,2831682,2830324,1
D,125135,2,200,200,197,194,4082,3918,581,571,2832263,2830895,1
D,125145,2,200,200,198,195,4077,3914,583,573,2832846,2831468,1
D,125155,2,200,200,197,197,4082,3904,580,580,2833426,2832048,1
D,125165,2,200,200,199,195,4072,3915,586,573,2834012,2832621,1
D,125175,2,200,200,196,195,4088,3916,576,573,2834588,2833194,1
D,125185,2,200,200,199,194,4073,3922,586,572,2835174,2833766,1
D,125195,2,200,200,198,197,4078,3907,584,580,2835758,2834346,1
D,125205,2,200,200,196,193,4089,3929,578,570,2836336,2834916,1
D,125215,2,200,200,199,194,4074,3925,586,572,2836922,2835488,1
D,125225,2,200,200,197,197,4084,3910,580,580,2837502,2836068,1
D,125235,2,200,200,199,194,4074,3926,586,572,2838088,2836640,1
D,125245,2,200,200,197,195,4084,3922,580,574,2838668,2837214,1
D,125255,2,200,200,199,194,4074,3928,585,571,2839253,2837785,1
D,125265,2,200,200,199,197,4074,3913,586,580,2839839,2838365,1
D,125275,2,200,200,196,194,4090,3929,577,571,2840416,2838936,1
D,125285,2,200,200,199,194,4075,3930,587,572,2841003,2839508,1
D,125295,2,200,200,198,197,4080,3915,582,581,2841585,2840089,1
D,125305,2,200,200,199,194,4075,3931,585,572,2842170,2840661,1
D,125315,2,200,200,198,195,4080,3927,582,574,2842752,2841235,1
D,125325,2,200,200,198,195,4080,3928,584,573,2843336,2841808,1
D,125335,2,200,200,199,197,4075,3918,587,580,2843923,2842388,1
D,125345,2,200,200,196,194,4091,3934,578,571,2844501,2842959,1
D,125355,2,200,200,200,195,4071,3930,589,574,2845090,2843533,1
D,125365,2,200,200,199,197,4076,3920,585,581,2845675,2844114,1
D,125375,2,200,200,198,195,4081,3931,583,573,2846258,2844687,1
D,125385,2,200,200,199,195,4076,3932,587,575,2846845,2845262,1
D,125395,2,200,200,198,195,4081,3933,583,573,2847428,2845835,1
D,125405,2,200,200,200,197,4071,3923,588,580,2848016,2846415,1
D,125415,2,200,200,197,195,4086,3934,581,574,2848597,2846989,1
D,125425,2,200,200,200,195,4071,3935,590,574,2849187,2847563,1
D,125435,2,200,200,200,198,4071,3920,588,582,2849775,2848145,1
D,125445,2,200,200,197,195,4086,3936,580,574,2850355,2848719,1
D,125455,2,200,200,200,196,4071,3932,590,578,2850945,2849297,1
D,125465,2,200,200,199,196,4076,3933,585,577,2851530,2849874,1
D,125475,2,200,200,200,198,4071,3923,588,583,2852118,2850457,1
D,125485,2,200,200,199,196,4076,3934,585,577,2852703,2851034,1
D,125495,2,200,200,200,196,4071,3935,588,578,2853291,2851612,1
D,125505,2,200,200,201,199,4066,3920,591,587,2853882,2852199,1
D,125515,2,200,200,197,195,4086,3941,580,575,2854462,2852774,1
D,125525,2,200,200,201,197,4066,3931,591,581,2855053,2853355,1
D,125535,2,200,200,199,198,4076,3926,587,583,2855640,2853938,1
D,125545,2,200,200,199,198,4076,3926,585,583,2856225,2854521,1
D,125555,2,200,200,200,197,4071,3931,588,580,2856813,2855101,1
D,125565,2,200,200,199,197,4076,3931,585,580,2857398,2855681,1
D,125575,2,200,200,201,200,4066,3916,591,589,2857989,2856270,1
D,125585,2,200,200,198,196,4081,3937,582,578,2858571,2856848,1
D,125595,2,200,200,200,198,4071,3927,589,582,2859160,2857430,1
D,125605,2,200,200,200,199,4071,3922,588,586,2859748,2858016,1
D,125615,2,200,200,198,198,4081,3927,582,583,2860330,2858599,1
D,125625,2,200,200,200,198,4071,3927,589,583,2860919,2859182,1
D,125635,2,200,200,199,197,4076,3932,585,581,2861504,2859763,1
D,125645,2,200,200,200,200,4071,3917,589,590,2862093,2860353,1
D,125655,2,200,200,198,197,4081,3932,584,579,2862677,2860932,1
D,125665,2,200,200,200,198,4071,3927,588,583,2863265,2861515,1
D,125675,2,200,200,201,200,4066,3917,591,589,2863856,2862104,1
D,125685,2,200,200,197,198,4086,3927,581,582,2864437,2862686,1
D,125695,2,200,200,200,198,4071,3927,590,584,2865027,2863270,1
D,125705,2,200,200,199,198,4076,3927,587,584,2865614,2863854,1
D,125715,2,200,200,199,200,4076,3917,586,590,2866200,2864444,1
D,125725,2,200,200,200,198,4071,3927,588,583,2866788,2865027,1
D,125735,2,200,200,199,198,4076,3927,585,584,2867373,2865611,1
D,125745,2,200,200,200,201,4071,3912,590,593,2867963,2866204,1
D,125755,2,200,200,197,197,4086,3932,581,580,2868544,2866784,1
D,125765,2,200,200,200,199,4071,3922,590,586,2869134,2867370,1
D,125775,2,200,200,199,200,4076,3917,587,588,2869721,2867958,1
D,125785,2,200,200,197,199,4086,3922,581,587,2870302,2868545,1
D,125795,2,200,200,200,198,4071,3927,588,584,2870890,2869129,1
D,125805,2,200,200,198,198,4081,3927,582,584,2871472,2869713,1
D,125815,2,200,200,200,201,4071,3912,588,593,2872060,2870306,1
D,125825,2,200,200,198,197,4081,3932,582,581,2872642,2870887,1
D,125835,2,200,200,199,199,4076,3922,587,586,2873229,2871473,1
D,125845,2,200,200,199,201,4076,3912,587,591,2873816,2872064,1
D,125855,2,200,200,196,198,4092,3927,577,584,2874393,2872648,1
D,125865,2,200,200,199,199,4077,3922,587,587,2874980,2873235,1
D,125875,2,200,200,198,198,4082,3927,582,583,2875562,2873818,1
D,125885,2,200,200,198,201,4082,3912,583,593,2876145,2874411,1
D,125895,2,200,200,198,198,4082,3927,582,584,2876727,2874995,1
D,125905,2,200,200,197,198,4087,3927,581,584,2877308,2875579,1
D,125915,2,200,200,199,201,4077,3912,586,593,2877894,2876172,1
D,125925,2,200,200,196,198,4093,3927,576,583,2878470,2876755,1
D,125935,2,200,200,199,199,4078,3922,585,585,2879055,2877340,1
D,125945,2,200,200,197,200,4088,3917,581,588,2879636,2877928,1
D,125955,2,200,200,197,200,4088,3917,581,589,2880217,2878517,1
D,125965,2,200,200,198,198,4083,3927,583,584,2880800,2879101,1
D,125975,2,200,200,197,198,4088,3927,580,583,2881380,2879684,1
D,125985,2,200,200,199,201,4078,3912,585,593,2881965,2880277,1
D,125995,2,200,200,196,197,4094,3932,578,581,2882543,2880858,1
D,126005,2,200,200,199,199,4079,3922,587,585,2883130,2881443,1
D,126015,2,200,200,198,201,4084,3912,584,591,2883714,2882034,1
D,126025,2,200,200,197,199,4089,3922,580,585,2884294,2882619,1
D,126035,2,200,200,199,199,4079,3922,586,585,2884880,2883204,1
D,126045,2,200,200,197,198,4089,3927,581,584,2885461,2883788,1
D,126055,2,200,200,199,201,4079,3912,586,591,2886047,2884379,1
D,126065,2,200,200,197,198,4089,3927,580,582,2886627,2884961,1
D,126075,2,200,200,199,198,4079,3927,587,584,2887214,2885545,1
D,126085,2,200,200,199,201,4079,3912,587,592,2887801,2886137,1
D,126095,2,200,200,197,198,4089,3927,579,582,2888380,2886719,1
D,126105,2,200,200,200,199,4074,3922,588,585,2888968,2887304,1
D,126115,2,200,200,198,199,4084,3922,583,585,2889551,2887889,1
D,126125,2,200,200,199,200,4079,3917,585,589,2890136,2888478,1
D,126135,2,200,200,198,198,4084,3927,583,583,2890719,2889061,1
D,126145,2,200,200,199,198,4079,3927,585,583,2891304,2889644,1
D,126155,2,200,200,199,201,4079,3912,587,593,2891891,2890237,1
D,126165,2,200,200,197,197,4089,3932,579,579,2892470,2890816,1
D,126175,2,200,200,200,199,4074,3922,589,585,2893059,2891401,1
D,126185,2,200,200,199,200,4079,3917,585,588,2893644,2891989,1
D,126195,2,200,200,198,199,4084,3922,584,585,2894228,2892574,1
D,126205,2,200,200,199,198,4079,3927,586,582,2894814,2893156,1
D,126215,2,200,200,198,198,4084,3927,583,582,2895397,2893738,1
D,126225,2,200,200,200,200,4074,3917,588,590,2895985,2894328,1
D,126235,2,200,200,198,196,4084,3938,582,578,2896567,2894906,1
D,126245,2,200,200,200,198,4074,3928,589,582,2897156,2895488,1
D,126255,2,200,200,200,200,4074,3918,588,588,2897744,2896076,1
D,126265,2,200,200,198,197,4084,3933,582,580,2898326,2896656,1
D,126275,2,200,200,200,197,4074,3933,590,581,2898916,2897237,1
D,126285,2,200,200,199,197,4079,3933,586,580,2899502,2897817,1
D,126295,2,200,200,200,200,4074,3918,589,588,2900091,2898405,1
D,126305,2,200,200,199,196,4079,3939,585,578,2900676,2898983,1
D,126315,2,200,200,200,197,4074,3934,589,581,2901265,2899564,1
D,126325,2,200,200,201,200,4069,3919,591,588,2901856,2900152,1
D,126335,2,200,200,197,197,4089,3934,581,579,2902437,2900731,1
D,126345,2,200,200,201,197,4069,3934,592,581,2903029,2901312,1
D,126355,2,200,200,200,198,4074,3929,588,582,2903617,2901894,1
D,126365,2,200,200,199,199,4079,3924,587,586,2904204,2902480,1
D,126375,2,200,200,200,197,4074,3934,589,580,2904793,2903060,1
D,126385,2,200,200,199,197,4079,3934,586,580,2905379,2903640,1
D,126395,2,200,200,200,200,4074,3919,590,589,2905969,2904229,1
D,126405,2,200,200,198,196,4084,3940,584,578,2906553,2904807,1
D,126415,2,200,200,201,198,4069,3930,592,583,2907145,2905390,1
D,126425,2,200,200,200,199,4074,3925,590,586,2907735,2905976,1
D,126435,2,200,200,199,198,4079,3930,585,584,2908320,2906560,1
D,126445,2,200,200,201,198,4069,3930,592,582,2908912,2907142,1
D,126455,2,200,200,200,198,4074,3930,588,583,2909500,2907725,1
D,126465,2,200,200,200,201,4074,3915,589,591,2910089,2908316,1
D,126475,2,200,200,199,197,4079,3935,586,580,2910675,2908896,1
D,126485,2,200,200,200,198,4074,3930,589,584,2911264,2909480,1
D,126495,2,200,200,201,201,4069,3915,593,591,2911857,2910071,1
D,126505,2,200,200,198,199,4084,3925,583,585,2912440,2910656,1
D,126515,2,200,200,202,199,4064,3925,594,586,2913034,2911242,1
D,126525,2,200,200,200,198,4074,3930,589,584,2913623,2911826,1
D,126535,2,200,200,200,201,4074,3915,589,592,2914212,2912418,1
D,126545,2,200,200,200,198,4074,3930,590,583,2914802,2913001,1
D,126555,2,200,200,199,199,4079,3925,587,585,2915389,2913586,1
D,126565,2,200,200,201,202,4069,3910,593,594,2915982,2914180,1
D,126575,2,200,200,199,198,4079,3930,585,582,2916567,2914762,1
D,126585,2,200,200,202,199,4064,3925,594,586,2917161,2915348,1
D,126595,2,200,200,201,200,4069,3920,593,588,2917754,2915936,1
D,126605,2,200,200,199,200,4079,3920,585,589,2918339,2916525,1
D,126615,2,200,200,201,199,4069,3925,593,585,2918932,2917110,1
D,126625,2,200,200,200,199,4074,3925,589,585,2919521,2917695,1
D,126635,2,200,200,201,202,4069,3910,591,594,2920112,2918289,1
D,126645,2,200,200,200,198,4074,3930,590,582,2920702,2918871,1
D,126655,2,200,200,200,199,4074,3925,590,586,2921292,2919457,1
D,126665,2,200,200,201,201,4069,3915,593,593,2921885,2920050,1
D,126675,2,200,200,199,199,4079,3925,585,586,2922470,2920636,1
D,126685,2,200,200,202,199,4064,3925,594,587,2923064,2921223,1
D,126695,2,200,200,201,199,4069,3925,591,585,2923655,2921808,1
D,126705,2,200,200,200,202,4074,3910,588,594,2924243,2922402,1
D,126715,2,200,200,201,199,4069,3925,592,585,2924835,2922987,1
D,126725,2,200,200,199,199,4079,3925,586,586,2925421,2923573,1
D,126735,2,200,200,201,202,4069,3910,592,594,2926013,2924167,1
D,126745,2,200,200,199,198,4079,3930,586,584,2926599,2924751,1
D,126755,2,200,200,201,200,4069,3920,591,588,2927190,2925339,1
D,126765,2,200,200,201,200,4069,3920,591,589,2927781,2925928,1
D,126775,2,200,200,198,200,4084,3920,583,589,2928364,2926517,1
D,126785,2,200,200,201,199,4069,3925,591,585,2928955,2927102,1
D,126795,2,200,200,200,199,4074,3925,588,586,2929543,2927688,1
D,126805,2,200,200,200,202,4074,3910,588,594,2930131,2928282,1
D,126815,2,200,200,199,198,4079,3930,587,582,2930718,2928864,1
D,126825,2,200,200,199,199,4079,3925,587,586,2931305,2929450,1
D,126835,2,200,200,201,200,4069,3920,592,590,2931897,2930040,1
D,126845,2,200,200,198,199,4084,3925,582,586,2932479,2930626,1
D,126855,2,200,200,201,199,4069,3925,592,585,2933071,2931211,1
D,126865,2,200,200,200,198,4074,3930,589,583,2933660,2931794,1
D,126875,2,200,200,199,201,4079,3915,586,593,2934246,2932387,1
D,126885,2,200,200,200,198,4074,3930,590,582,2934836,2932969,1
D,126895,2,200,200,199,198,4079,3930,585,584,2935421,2933553,1
D,126905,2,200,200,200,201,4074,3915,589,591,2936010,2934144,1
D,126915,2,200,200,198,198,4084,3930,583,583,2936593,2934727,1
D,126925,2,200,200,200,199,4074,3925,589,585,2937182,2935312,1
D,126935,2,200,200,200,199,4074,3925,589,585,2937771,2935897,1
D,126945,2,200,200,198,200,4084,3920,582,589,2938353,2936486,1
D,126955,2,200,200,200,198,4074,3930,589,583,2938942,2937069,1
D,126965,2,200,200,199,197,4079,3935,585,581,2939527,2937650,1
D,126975,2,200,200,199,201,4079,3915,587,592,2940114,2938242,1
D,126985,2,200,200,199,196,4079,3941,586,578,2940700,2938820,1
D,126995,2,200,200,199,198,4079,3931,586,583,2941286,2939403,1
D,127005,2,200,200,200,199,4074,3926,590,587,2941876,2939990,1
D,127015,2,200,200,197,198,4089,3931,581,584,2942457,2940574,1
D,127025,2,200,200,201,197,4069,3936,591,581,2943048,2941155,1
D,127035,2,200,200,200,197,4074,3936,588,580,2943636,2941735,1
D,127045,2,200,200,199,200,4079,3921,586,590,2944222,2942325,1
D,127055,2,200,200,200,196,4074,3942,590,576,2944812,2942901,1
D,127065,2,200,200,199,197,4079,3937,586,581,2945398,2943482,1
D,127075,2,200,200,201,199,4069,3927,592,587,2945990,2944069,1
D,127085,2,200,200,199,197,4079,3937,585,579,2946575,2944648,1
D,127095,2,200,200,201,197,4069,3937,591,580,2947166,2945228,1
D,127105,2,200,200,201,197,4069,3937,592,579,2947758,2945807,1
D,127115,2,200,200,198,199,4084,3927,584,586,2948342,2946393,1
D,127125,2,200,200,201,196,4069,3943,593,576,2948935,2946969,1
D,127135,2,200,200,200,196,4074,3944,588,578,2949523,2947547,1
D,127145,2,200,200,201,198,4069,3934,591,584,2950114,2948131,1
D,127155,2,200,200,200,195,4074,3950,590,575,2950704,2948706,1
D,127165,2,200,200,200,196,4074,3946,588,578,2951292,2949284,1
D,127175,2,200,200,202,196,4064,3947,594,576,2951886,2949860,1
D,127185,2,200,200,199,198,4079,3937,585,582,2952471,2950442,1
D,127195,2,200,200,202,195,4064,3953,594,573,2953065,2951015,1
D,127205,2,200,200,201,195,4069,3954,591,574,2953656,2951589,1
D,127215,2,200,200,200,198,4074,3939,588,583,2954244,2952172,1
D,127225,2,200,200,201,194,4069,3960,593,571,2954837,2952743,1
D,127235,2,200,200,200,195,4074,3956,588,575,2955425,2953318,1
D,127245,2,200,200,201,195,4069,3957,593,574,2956018,2953892,1
D,127255,2,200,200,199,196,4079,3953,587,578,2956605,2954470,1
D,127265,2,200,200,201,194,4069,3964,593,571,2957198,2955041,1
D,127275,2,200,200,202,194,4064,3965,594,572,2957792,2955613,1
D,127285,2,200,200,198,198,4084,3945,584,582,2958376,2956195,1
D,127295,2,200,200,202,193,4064,3972,595,569,2958971,2956764,1
D,127305,2,200,200,200,195,4074,3963,590,574,2959561,2957338,1
D,127315,2,200,200,200,195,4074,3964,590,574,2960151,2957912,1
D,127325,2,200,200,201,196,4069,3960,591,577,2960742,2958489,1
D,127335,2,200,200,200,194,4074,3971,589,571,2961331,2959060,1
D,127345,2,200,200,201,194,4069,3972,593,571,2961924,2959631,1
D,127355,2,200,200,199,197,4079,3957,585,581,2962509,2960212,1
D,127365,2,200,200,202,192,4064,3984,594,567,2963103,2960779,1
D,127375,2,200,200,201,195,4069,3970,593,573,2963696,2961352,1
D,127385,2,200,200,199,195,4079,3971,585,573,2964281,2961925,1
D,127395,2,200,200,202,196,4064,3967,594,576,2964875,2962501,1
D,127405,2,200,200,200,194,4074,3978,588,571,2965463,2963072,1
D,127415,2,200,200,201,193,4069,3985,593,570,2966056,2963642,1
D,127425,2,200,200,200,198,4074,3960,588,582,2966644,2964224,1
D,127435,2,200,200,201,192,4069,3992,592,567,2967236,2964791,1
D,127445,2,200,200,202,195,4064,3978,595,575,2967831,2965366,1
D,127455,2,200,200,198,196,4084,3974,584,576,2968415,2965942,1
D,127465,2,200,200,202,196,4064,3975,596,576,2969011,2966518,1
D,127475,2,200,200,200,195,4074,3981,590,573,2969601,2967091,1
D,127485,2,200,200,200,194,4074,3987,589,572,2970190,2967663,1
D,127495,2,200,200,201,198,4069,3967,593,583,2970783,2968246,1
D,127505,2,200,200,200,193,4074,3994,588,569,2971371,2968815,1
D,127515,2,200,200,202,196,4064,3980,595,576,2971966,2969391,1
D,127525,2,200,200,199,196,4079,3981,586,578,2972552,2969969,1
D,127535,2,200,200,202,196,4064,3982,595,576,2973147,2970545,1
D,127545,2,200,200,202,196,4064,3983,594,576,2973741,2971121,1
D,127555,2,200,200,199,194,4079,3994,586,572,2974327,2971693,1
D,127565,2,200,200,202,199,4064,3969,595,585,2974922,2972278,1
D,127575,2,200,200,200,194,4074,3995,589,571,2975511,2972849,1
D,127585,2,200,200,201,196,4069,3986,593,576,2976104,2973425,1
D,127595,2,200,200,200,198,4074,3976,590,582,2976694,2974007,1
D,127605,2,200,200,200,195,4074,3992,590,575,2977284,2974582,1
D,127615,2,200,200,202,197,4064,3982,596,579,2977880,2975161,1
D,127625,2,200,200,198,195,4084,3993,584,574,2978464,2975735,1
D,127635,2,200,200,202,199,4064,3973,596,586,2979060,2976321,1
D,127645,2,200,200,201,195,4069,3994,591,573,2979651,2976894,1
D,127655,2,200,200,200,196,4074,3990,588,577,2980239,2977471,1
D,127665,2,200,200,201,199,4069,3975,592,586,2980831,2978057,1
D,127675,2,200,200,199,196,4079,3991,587,576,2981418,2978633,1
D,127685,2,200,200,202,197,4064,3986,594,580,2982012,2979213,1
D,127695,2,200,200,199,196,4079,3992,586,576,2982598,2979789,1
D,127705,2,200,200,201,199,4069,3977,593,587,2983191,2980376,1
D,127715,2,200,200,202,196,4064,3993,594,576,2983785,2980952,1
D,127725,2,200,200,198,196,4084,3994,584,576,2984369,2981528,1
D,127735,2,200,200,202,200,4064,3974,594,588,2984963,2982116,1
D,127745,2,200,200,200,195,4074,4000,589,575,2985552,2982691,1
D,127755,2,200,200,201,197,4069,3990,591,580,2986143,2983271,1
D,127765,2,200,200,200,197,4074,3990,590,579,2986733,2983850,1
D,127775,2,200,200,200,198,4074,3985,589,584,2987322,2984434,1
D,127785,2,200,200,202,197,4064,3990,594,579,2987916,2985013,1
D,127795,2,200,200,198,196,4084,3996,583,577,2988499,2985590,1
D,127805,2,200,200,202,200,4064,3976,596,589,2989095,2986179,1
D,127815,2,200,200,200,196,4074,3997,590,576,2989685,2986755,1
D,127825,2,200,200,199,197,4079,3992,586,581,2990271,2987336,1
D,127835,2,200,200,202,197,4064,3992,594,581,2990865,2987917,1
D,127845,2,200,200,199,198,4079,3987,586,583,2991451,2988500,1
D,127855,2,200,200,202,197,4064,3992,594,580,2992045,2989080,1
D,127865,2,200,200,199,196,4079,3998,586,578,2992631,2989658,1
D,127875,2,200,200,201,200,4069,3978,593,590,2993224,2990248,1
D,127885,2,200,200,202,196,4064,3999,594,576,2993818,2990824,1
D,127895,2,200,200,198,197,4084,3994,583,580,2994401,2991404,1
D,127905,2,200,200,202,199,4064,3984,595,586,2994996,2991990,1
D,127915,2,200,200,200,197,4074,3994,588,580,2995584,2992570,1
D,127925,2,200,200,201,198,4069,3989,591,582,2996175,2993152,1
D,127935,2,200,200,200,196,4074,4000,590,578,2996765,2993730,1
D,127945,2,200,200,199,200,4079,3980,586,589,2997351,2994319,1
D,127955,2,200,200,201,196,4069,4001,592,577,2997943,2994896,1
D,127965,2,200,200,198,197,4084,3996,582,579,2998525,2995475,1
D,127975,2,200,200,201,200,4069,3981,593,588,2999118,2996063,1
D,127985,2,200,200,199,197,4079,3996,587,579,2999705,2996642,1
D,127995,2,200,200,198,198,4084,3991,584,582,3000289,2997224,1
D,128005,2,200,200,200,197,4074,3996,590,579,3000879,2997803,1
D,128015,2,200,200,198,199,4084,3986,584,587,3001463,2998390,1
D,128025,2,200,200,201,197,4069,3996,591,579,3002054,2998969,1
D,128035,2,200,200,198,196,4084,4002,584,578,3002638,2999547,1
D,128045,2,200,200,200,200,4074,3982,589,589,3003227,3000136,1
D,128055,2,200,200,201,196,4069,4003,591,577,3003818,3000713,1
D,128065,2,200,200,197,198,4089,3993,581,582,3004399,3001295,1
D,128075,2,200,200,201,197,4069,3998,593,581,3004992,3001876,1
D,128085,2,200,200,199,198,4079,3993,586,584,3005578,3002460,1
D,128095,2,200,200,200,197,4074,3998,588,580,3006166,3003040,1
D,128105,2,200,200,199,196,4079,4004,587,578,3006753,3003618,1
D,128115,2,200,200,199,200,4079,3984,587,588,3007340,3004206,1
D,128125,2,200,200,201,196,4069,4005,593,576,3007933,3004782,1
D,128135,2,200,200,198,197,4084,4000,582,580,3008515,3005362,1
D,128145,2,200,200,202,198,4064,3995,594,583,3009109,3005945,1
D,128155,2,200,200,200,197,4074,4000,589,579,3009698,3006524,1
D,128165,2,200,200,199,197,4079,4000,585,579,3010283,3007103,1
D,128175,2,200,200,201,196,4069,4006,591,576,3010874,3007679,1
D,128185,2,200,200,199,199,4079,3991,585,585,3011459,3008264,1
D,128195,2,200,200,201,195,4069,4012,593,573,3012052,3008837,1
D,128205,2,200,200,198,196,4084,4008,584,576,3012636,3009413,1
D,128215,2,200,200,200,198,4074,3998,590,582,3013226,3009995,1
D,128225,2,200,200,201,196,4069,4009,592,577,3013818,3010572,1
D,128235,2,200,200,197,196,4089,4010,581,577,3014399,3011149,1
D,128245,2,200,200,201,195,4069,4016,593,574,3014992,3011723,1
D,128255,2,200,200,199,199,4079,3996,586,585,3015578,3012308,1
D,128265,2,200,200,200,195,4074,4017,588,573,3016166,3012881,1
D,128275,2,200,200,199,195,4079,4018,587,575,3016753,3013456,1
D,128285,2,200,200,199,198,4079,4003,587,584,3017340,3014040,1
D,128295,2,200,200,201,196,4069,4014,592,577,3017932,3014617,1
D,128305,2,200,200,198,196,4084,4015,582,578,3018514,3015195,1
D,128315,2,200,200,201,196,4069,4016,592,576,3019106,3015771,1
D,128325,2,200,200,200,199,4074,4001,588,585,3019694,3016356,1
D,128335,2,200,200,199,196,4079,4017,585,576,3020279,3016932,1
D,128345,2,200,200,201,196,4069,4018,591,577,3020870,3017509,1
D,128355,2,200,200,198,199,4084,4003,584,586,3021454,3018095,1
D,128365,2,200,200,201,196,4069,4019,591,578,3022045,3018673,1
D,128375,2,200,200,198,197,4084,4014,583,579,3022628,3019252,1
D,128385,2,200,200,201,197,4069,4014,591,579,3023219,3019831,1
D,128395,2,200,200,200,199,4074,4004,590,585,3023809,3020416,1
D,128405,2,200,200,198,196,4084,4020,582,577,3024391,3020993,1
D,128415,2,200,200,201,196,4069,4021,592,577,3024983,3021570,1
D,128425,2,200,200,199,199,4079,4006,586,587,3025569,3022157,1
D,128435,2,200,200,200,196,4074,4022,589,576,3026158,3022733,1
D,128445,2,200,200,199,197,4079,4017,587,580,3026745,3023313,1
D,128455,2,200,200,200,197,4074,4017,588,581,3027333,3023894,1
D,128465,2,200,200,201,198,4069,4012,592,584,3027925,3024478,1
D,128475,2,200,200,198,197,4084,4017,583,580,3028508,3025058,1
D,128485,2,200,200,201,197,4069,4017,593,580,3029101,3025638,1
D,128495,2,200,200,200,200,4074,4002,589,590,3029690,3026228,1
D,128505,2,200,200,199,196,4079,4023,585,578,3030275,3026806,1
D,128515,2,200,200,201,198,4069,4013,591,583,3030866,3027389,1
D,128525,2,200,200,199,200,4079,4003,586,588,3031452,3027977,1
D,128535,2,200,200,201,199,4069,4008,591,585,3032043,3028562,1
D,128545,2,200,200,198,198,4084,4013,584,584,3032627,3029146,1
D,128555,2,200,200,201,198,4069,4013,591,582,3033218,3029728,1
D,128565,2,200,200,201,201,4069,3998,591,592,3033809,3030320,1
D,128575,2,200,200,198,198,4084,4013,582,582,3034391,3030902,1
D,128585,2,200,200,201,198,4069,4013,592,583,3034983,3031485,1
D,128595,2,200,200,199,201,4079,3998,587,593,3035570,3032078,1
D,128605,2,200,200,200,199,4074,4008,590,585,3036160,3032663,1
D,128615,2,200,200,200,199,4074,4008,588,586,3036748,3033249,1
D,128625,2,200,200,199,199,4079,4008,587,586,3037335,3033835,1
D,128635,2,200,200,201,201,4069,3998,592,593,3037927,3034428,1
D,128645,2,200,200,198,199,4084,4008,583,586,3038510,3035014,1
D,128655,2,200,200,201,199,4069,4008,592,586,3039102,3035600,1
D,128665,2,200,200,200,202,4074,3993,588,596,3039690,3036196,1
D,128675,2,200,200,198,199,4084,4008,584,585,3040274,3036781,1
D,128685,2,200,200,200,200,4074,4003,590,588,3040864,3037369,1
D,128695,2,200,200,199,201,4079,3998,585,593,3041449,3037962,1
D,128705,2,200,200,201,201,4069,3998,591,591,3042040,3038553,1
D,128715,2,200,200,198,200,4084,4003,584,588,3042624,3039141,1
D,128725,2,200,200,201,200,4069,4003,591,588,3043215,3039729,1
D,128735,2,200,200,201,203,4069,3988,591,597,3043806,3040326,1
D,128745,2,200,200,198,199,4084,4008,582,587,3044388,3040913,1
D,128755,2,200,200,201,200,4069,4003,592,589,3044980,3041502,1
D,128765,2,200,200,199,203,4079,3988,586,598,3045566,3042100,1
D,128775,2,200,200,200,200,4074,4003,589,589,3046155,3042689,1
D,128785,2,200,200,200,200,4074,4003,588,590,3046743,3043279,1
D,128795,2,200,200,199,201,4079,3998,587,592,3047330,3043871,1
D,128805,2,200,200,201,202,4069,3993,592,595,3047922,3044466,1
D,128815,2,200,200,198,200,4084,4003,582,590,3048504,3045056,1
D,128825,2,200,200,202,200,4064,4003,594,590,3049098,3045646,1
D,128835,2,200,200,200,203,4074,3988,588,599,3049686,3046245,1
D,128845,2,200,200,199,200,4079,4003,586,588,3050272,3046833,1
D,128855,2,200,200,201,201,4069,3998,591,592,3050863,3047425,1
D,128865,2,200,200,199,203,4079,3988,586,598,3051449,3048023,1
D,128875,2,200,200,201,201,4069,3998,592,591,3052041,3048614,1
D,128885,2,200,200,199,201,4079,3998,585,592,3052626,3049206,1
D,128895,2,200,200,201,201,4069,3998,592,591,3053218,3049797,1
D,128905,2,200,200,201,203,4069,3988,592,598,3053810,3050395,1
D,128915,2,200,200,198,200,4084,4003,582,590,3054392,3050985,1
D,128925,2,200,200,201,201,4069,3998,593,591,3054985,3051576,1
D,128935,2,200,200,200,203,4074,3988,588,599,3055573,3052175,1
D,128945,2,200,200,200,200,4074,4003,589,588,3056162,3052763,1
D,128955,2,200,200,200,201,4074,3998,588,592,3056750,3053355,1
D,128965,2,200,200,199,202,4079,3993,586,596,3057336,3053951,1
D,128975,2,200,200,200,201,4074,3998,590,593,3057926,3054544,1
D,128985,2,200,200,197,201,4089,3998,581,592,3058507,3055136,1
D,128995,2,200,200,201,201,4069,3998,591,591,3059098,3055727,1
D,129005,2,200,200,199,203,4079,3988,586,599,3059684,3056326,1
D,129015,2,200,200,198,200,4084,4003,583,589,3060267,3056915,1
D,129025,2,200,200,200,200,4074,4003,589,590,3060856,3057505,1
D,129035,2,200,200,198,203,4084,3988,583,599,3061439,3058104,1
D,129045,2,200,200,200,200,4074,4003,590,590,3062029,3058694,1
D,129055,2,200,200,198,201,4084,3998,582,592,3062611,3059286,1
D,129065,2,200,200,200,201,4074,3998,590,593,3063201,3059879,1
D,129075,2,200,200,200,202,4074,3993,589,595,3063790,3060474,1
D,129085,2,200,200,197,201,4089,3998,580,592,3064370,3061066,1
D,129095,2,200,200,201,200,4069,4003,591,590,3064961,3061656,1
D,129105,2,200,200,199,204,4079,3982,585,600,3065546,3062256,1
D,129115,2,200,200,200,200,4074,4002,589,588,3066135,3062844,1
D,129125,2,200,200,199,201,4079,3997,586,591,3066721,3063435,1
D,129135,2,200,200,199,203,4079,3987,586,598,3067307,3064033,1
D,129145,2,200,200,201,201,4069,3997,592,591,3067899,3064624,1
D,129155,2,200,200,197,201,4089,3997,581,592,3068480,3065216,1
D,129165,2,200,200,201,200,4069,4002,593,590,3069073,3065806,1
D,129175,2,200,200,199,203,4079,3987,587,597,3069660,3066403,1
D,129185,2,200,200,199,200,4079,4002,586,589,3070246,3066992,1
D,129195,2,200,200,200,200,4074,4002,589,589,3070835,3067581,1
D,129205,2,200,200,199,203,4079,3987,585,598,3071420,3068179,1
D,129215,2,200,200,201,199,4069,4007,592,585,3072012,3068764,1
D,129225,2,200,200,198,200,4084,4002,582,590,3072594,3069354,1
D,129235,2,200,200,201,201,4069,3997,592,593,3073186,3069947,1
D,129245,2,200,200,200,200,4074,4002,590,590,3073776,3070537,1
D,129255,2,200,200,198,200,4084,4002,582,589,3074358,3071126,1
D,129265,2,200,200,201,199,4069,4007,592,587,3074950,3071713,1
D,129275,2,200,200,199,202,4079,3992,585,596,3075535,3072309,1
D,129285,2,200,200,200,199,4074,4007,590,586,3076125,3072895,1
D,129295,2,200,200,199,199,4079,4007,586,587,3076711,3073482,1
D,129305,2,200,200,200,202,4074,3992,588,596,3077299,3074078,1
D,129315,2,200,200,201,199,4069,4007,592,587,3077891,3074665,1
D,129325,2,200,200,198,200,4084,4002,582,590,3078473,3075255,1
D,129335,2,200,200,201,200,4069,4002,593,589,3079066,3075844,1
D,129345,2,200,200,200,201,4074,3997,588,593,3079654,3076437,1
D,129355,2,200,200,199,200,4079,4002,587,589,3080241,3077026,1
D,129365,2,200,200,200,199,4074,4007,590,587,3080831,3077613,1
D,129375,2,200,200,199,203,4079,3987,585,598,3081416,3078211,1
D,129385,2,200,200,201,199,4069,4007,592,585,3082008,3078796,1
D,129395,2,200,200,198,200,4084,4002,584,590,3082592,3079386,1
D,129405,2,200,200,201,201,4069,3997,591,593,3083183,3079979,1
D,129415,2,200,200,201,200,4069,4002,591,589,3083774,3080568,1
D,129425,2,200,200,198,200,4084,4002,582,589,3084356,3081157,1
D,129435,2,200,200,201,199,4069,4007,593,587,3084949,3081744,1
D,129445,2,200,200,199,202,4079,3992,586,595,3085535,3082339,1
D,129455,2,200,200,201,199,4069,4007,591,586,3086126,3082925,1
D,129465,2,200,200,199,199,4079,4007,587,587,3086713,3083512,1
D,129475,2,200,200,200,203,4074,3987,588,597,3087301,3084109,1
D,129485,2,200,200,201,199,4069,4007,592,586,3087893,3084695,1
D,129495,2,200,200,198,200,4084,4002,583,590,3088476,3085285,1
D,129505,2,200,200,202,201,4064,3997,594,591,3089070,3085876,1
D,129515,2,200,200,200,202,4074,3992,589,594,3089659,3086470,1
D,129525,2,200,200,199,201,4079,3997,586,591,3090245,3087061,1
D,129535,2,200,200,201,200,4069,4002,592,589,3090837,3087650,1
D,129545,2,200,200,199,204,4079,3981,586,600,3091423,3088250,1
D,129555,2,200,200,201,199,4069,4006,593,587,3092016,3088837,1
D,129565,2,200,200,198,201,4084,3996,584,592,3092600,3089429,1
D,129575,2,200,200,201,203,4069,3986,593,599,3093193,3090028,1
D,129585,2,200,200,201,201,4069,3996,592,592,3093785,3090620,1
D,129595,2,200,200,198,202,4084,3991,583,594,3094368,3091214,1
D,129605,2,200,200,202,201,4064,3996,594,593,3094962,3091807,1
D,129615,2,200,200,199,203,4079,3986,587,599,3095549,3092406,1
D,129625,2,200,200,201,202,4069,3991,591,594,3096140,3093000,1
D,129635,2,200,200,200,201,4074,3996,588,593,3096728,3093593,1
D,129645,2,200,200,200,205,4074,3975,589,603,3097317,3094196,1
D,129655,2,200,200,201,201,4069,3995,592,591,3097909,3094787,1
D,129665,2,200,200,198,202,4084,3990,583,596,3098492,3095383,1
D,129675,2,200,200,201,204,4069,3979,593,600,3099085,3095983,1
D,129685,2,200,200,200,202,4074,3989,588,596,3099673,3096579,1
D,129695,2,200,200,199,203,4079,3984,585,597,3100258,3097176,1
D,129705,2,200,200,200,202,4074,3989,590,594,3100848,3097770,1
D,129715,2,200,200,199,205,4079,3973,585,603,3101433,3098373,1
D,129725,2,200,200,201,202,4069,3988,592,594,3102025,3098967,1
D,129735,2,200,200,198,202,4084,3988,584,595,3102609,3099562,1
D,129745,2,200,200,201,206,4069,3967,592,606,3103201,3100168,1
D,129755,2,200,200,201,201,4069,3992,591,593,3103792,3100761,1
D,129765,2,200,200,197,203,4089,3982,581,599,3104373,3101360,1
D,129775,2,200,200,202,204,4064,3976,594,601,3104967,3101961,1
D,129785,2,200,200,199,203,4079,3981,586,598,3105553,3102559,1
D,129795,2,200,200,200,203,4074,3981,590,599,3106143,3103158,1
D,129805,2,200,200,200,202,4074,3986,588,595,3106731,3103753,1
D,129815,2,200,200,200,205,4074,3970,588,605,3107319,3104358,1
D,129825,2,200,200,201,202,4069,3985,592,595,3107911,3104953,1
D,129835,2,200,200,198,202,4084,3985,583,596,3108494,3105549,1
D,129845,2,200,200,202,206,4064,3964,594,606,3109088,3106155,1
D,129855,2,200,200,200,202,4074,3984,590,594,3109678,3106749,1
D,129865,2,200,200,199,203,4079,3979,585,599,3110263,3107348,1
D,129875,2,200,200,201,204,4069,3973,593,601,3110856,3107949,1
D,129885,2,200,200,199,204,4079,3972,586,600,3111442,3108549,1
D,129895,2,200,200,201,203,4069,3977,593,598,3112035,3109147,1
D,129905,2,200,200,199,202,4079,3982,585,596,3112620,3109743,1
D,129915,2,200,200,201,205,4069,3966,592,605,3113212,3110348,1
D,129925,2,200,200,201,202,4069,3981,593,595,3113805,3110943,1
D,129935,2,200,200,198,202,4084,3981,582,596,3114387,3111539,1
D,129945,2,200,200,202,206,4064,3960,594,607,3114981,3112146,1
D,129955,2,200,200,199,202,4079,3980,586,594,3115567,3112740,1
D,129965,2,200,200,200,204,4074,3969,588,600,3116155,3113340,1
D,129975,2,200,200,199,204,4079,3968,586,600,3116741,3113940,1
D,129985,2,200,200,198,203,4084,3973,584,599,3117325,3114539,1
D,129995,2,200,200,200,204,4074,3967,590,600,3117915,3115139,1
D,130005,2,200,200,196,202,4095,3977,578,595,3118493,3115734,1
D,130015,2,200,200,200,206,4075,3956,589,606,3119082,3116340,1
D,130025,2,200,200,198,202,4085,3976,583,595,3119665,3116935,1
D,130035,2,200,200,197,203,4090,3971,581,597,3120246,3117532,1
D,130045,2,200,200,199,206,4080,3955,586,606,3120832,3118138,1
D,130055,2,200,200,196,202,4096,3975,578,595,3121410,3118733,1
D,130065,2,200,200,199,203,4081,3970,587,599,3121997,3119332,1
D,130075,2,200,200,196,204,4097,3964,578,601,3122575,3119933,1
D,130085,2,200,200,199,204,4082,3963,585,600,3123160,3120533,1
D,130095,2,200,200,199,204,4082,3962,586,600,3123746,3121133,1
D,130105,2,200,200,196,202,4098,3972,577,595,3124323,3121728,1
D,130115,2,200,200,199,206,4083,3951,587,607,3124910,3122335,1
D,130125,2,200,200,197,202,4093,3971,581,595,3125491,3122930,1
D,130135,2,200,200,199,203,4083,3966,585,598,3126076,3123528,1
D,130145,2,200,200,198,206,4088,3950,582,606,3126658,3124134,1
D,130155,2,200,200,198,202,4088,3970,584,595,3127242,3124729,1
D,130165,2,200,200,200,203,4078,3965,589,599,3127831,3125328,1
D,130175,2,200,200,196,204,4099,3959,577,601,3128408,3125929,1
D,130185,2,200,200,200,204,4079,3958,588,601,3128996,3126530,1
D,130195,2,200,200,198,203,4089,3963,583,599,3129579,3127129,1
D,130205,2,200,200,198,202,4089,3968,584,596,3130163,3127725,1
D,130215,2,200,200,199,206,4084,3947,585,607,3130748,3128332,1
D,130225,2,200,200,197,202,4094,3967,581,594,3131329,3128926,1
D,130235,2,200,200,200,203,4079,3962,588,599,3131917,3129525,1
D,130245,2,200,200,196,206,4100,3946,578,607,3132495,3130132,1
D,130255,2,200,200,200,202,4080,3966,588,595,3133083,3130727,1
D,130265,2,200,200,199,204,4085,3955,586,600,3133669,3131327,1
D,130275,2,200,200,197,204,4095,3954,580,600,3134249,3131927,1
D,130285,2,200,200,200,204,4080,3953,588,601,3134837,3132528,1
D,130295,2,200,200,197,203,4095,3958,581,598,3135418,3133126,1
D,130305,2,200,200,199,202,4085,3963,587,595,3136005,3133721,1
D,130315,2,200,200,198,206,4090,3942,582,606,3136587,3134327,1
D,130325,2,200,200,199,202,4085,3962,587,594,3137174,3134921,1
D,130335,2,200,200,200,203,4080,3957,588,597,3137762,3135518,1
D,130345,2,200,200,197,205,4095,3946,579,605,3138341,3136123,1
D,130355,2,200,200,200,202,4080,3961,589,594,3138930,3136717,1
D,130365,2,200,200,198,204,4090,3950,584,600,3139514,3137317,1
D,130375,2,200,200,199,203,4085,3955,587,597,3140101,3137914,1
D,130385,2,200,200,199,204,4085,3949,585,601,3140686,3138515,1
D,130395,2,200,200,199,203,4085,3954,585,597,3141271,3139112,1
D,130405,2,200,200,200,202,4080,3959,590,595,3141861,3139707,1
D,130415,2,200,200,197,205,4095,3943,580,605,3142441,3140312,1
D,130425,2,200,200,200,201,4080,3963,590,592,3143031,3140904,1
D,130435,2,200,200,200,203,4080,3953,588,597,3143619,3141501,1
D,130445,2,200,200,199,205,4085,3942,585,604,3144204,3142105,1
D,130455,2,200,200,200,202,4080,3957,589,595,3144793,3142700,1
D,130465,2,200,200,198,203,4090,3952,584,599,3145377,3143299,1
D,130475,2,200,200,201,203,4075,3952,592,599,3145969,3143898,1
D,130485,2,200,200,198,204,4090,3946,583,602,3146552,3144500,1
D,130495,2,200,200,200,202,4080,3956,590,596,3147142,3145096,1
D,130505,2,200,200,201,203,4075,3951,591,597,3147733,3145693,1
D,130515,2,200,200,198,206,4090,3935,583,607,3148316,3146300,1
D,130525,2,200,200,201,202,4075,3955,592,595,3148908,3146895,1
D,130535,2,200,200,199,203,4085,3950,587,599,3149495,3147494,1
D,130545,2,200,200,200,205,4080,3939,590,605,3150085,3148099,1
D,130555,2,200,200,200,203,4080,3949,588,597,3150673,3148696,1
D,130565,2,200,200,200,204,4080,3943,588,601,3151261,3149297,1
D,130575,2,200,200,201,204,4075,3942,593,600,3151854,3149897,1
D,130585,2,200,200,198,205,4090,3936,583,604,3152437,3150501,1
D,130595,2,200,200,201,203,4075,3946,593,598,3153030,3151099,1
D,130605,2,200,200,200,203,4080,3946,589,598,3153619,3151697,1
D,130615,2,200,200,200,206,4080,3930,588,608,3154207,3152305,1
D,130625,2,200,200,201,202,4075,3950,592,596,3154799,3152901,1
D,130635,2,200,200,199,204,4085,3939,587,600,3155386,3153501,1
D,130645,2,200,200,201,206,4075,3928,593,607,3155979,3154108,1
D,130655,2,200,200,199,203,4085,3943,585,597,3156564,3154705,1
D,130665,2,200,200,201,204,4075,3937,593,601,3157157,3155306,1
D,130675,2,200,200,201,204,4075,3936,592,601,3157749,3155907,1
D,130685,2,200,200,199,205,4085,3930,585,604,3158334,3156511,1
D,130695,2,200,200,201,204,4075,3934,593,600,3158927,3157111,1
D,130705,2,200,200,200,203,4080,3939,589,598,3159516,3157709,1
D,130715,2,200,200,201,206,4075,3923,592,608,3160108,3158317,1
D,130725,2,200,200,200,202,4080,3943,589,596,3160697,3158913,1
D,130735,2,200,200,200,204,4080,3932,590,600,3161287,3159513,1
D,130745,2,200,200,202,206,4070,3921,594,606,3161881,3160119,1
D,130755,2,200,200,198,203,4090,3936,584,598,3162465,3160717,1
D,130765,2,200,200,202,204,4070,3930,595,600,3163060,3161317,1
D,130775,2,200,200,201,204,4075,3929,593,602,3163653,3161919,1
D,130785,2,200,200,200,205,4080,3923,588,604,3164241,3162523,1
D,130795,2,200,200,201,203,4075,3933,593,599,3164834,3163122,1
D,130805,2,200,200,200,203,4080,3933,588,599,3165422,3163721,1
D,130815,2,200,200,201,206,4075,3917,593,608,3166015,3164329,1
D,130825,2,200,200,199,202,4085,3937,586,596,3166601,3164925,1
D,130835,2,200,200,202,204,4070,3926,594,600,3167195,3165525,1
D,130845,2,200,200,201,206,4075,3915,591,607,3167786,3166132,1
D,130855,2,200,200,198,203,4090,3930,583,598,3168369,3166730,1
D,130865,2,200,200,201,204,4075,3924,593,600,3168962,3167330,1
D,130875,2,200,200,199,205,4085,3918,587,603,3169549,3167933,1
D,130885,2,200,200,200,204,4080,3922,589,602,3170138,3168535,1
D,130895,2,200,200,199,203,4085,3927,587,599,3170725,3169134,1
D,130905,2,200,200,199,203,4085,3927,587,599,3171312,3169733,1
D,130915,2,200,200,201,206,4075,3911,591,607,3171903,3170340,1
D,130925,2,200,200,198,203,4090,3926,582,597,3172485,3170937,1
D,130935,2,200,200,201,203,4075,3926,592,599,3173077,3171536,1
D,130945,2,200,200,200,206,4080,3910,588,606,3173665,3172142,1
D,130955,2,200,200,199,202,4085,3930,585,596,3174250,3172738,1
D,130965,2,200,200,200,203,4080,3925,590,599,3174840,3173337,1
D,130975,2,200,200,198,204,4090,3919,583,602,3175423,3173939,1
D,130985,2,200,200,200,204,4080,3918,588,600,3176011,3174539,1
D,130995,2,200,200,197,203,4095,3923,581,599,3176592,3175138,1
D,131005,2,200,200,199,202,4085,3928,587,596,3177179,3175734,1
D,131015,2,200,200,199,205,4085,3912,586,605,3177765,3176339,1
D,131025,2,200,200,197,202,4095,3927,579,596,3178344,3176935,1
D,131035,2,200,200,199,202,4085,3927,586,596,3178930,3177531,1
D,131045,2,200,200,197,205,4095,3911,581,605,3179511,3178136,1
D,131055,2,200,200,199,202,4085,3926,585,595,3180096,3178731,1
D,131065,2,200,200,197,203,4095,3921,580,597,3180676,3179328,1
D,131075,2,200,200,198,204,4090,3915,583,601,3181259,3179929,1
D,131085,2,200,200,199,203,4085,3920,586,599,3181845,3180528,1
D,131095,2,200,200,196,203,4101,3920,576,598,3182421,3181126,1
D,131105,2,200,200,200,202,4081,3925,588,594,3183009,3181720,1
D,131115,2,200,200,197,205,4096,3909,581,605,3183590,3182325,1
D,131125,2,200,200,198,202,4091,3924,584,594,3184174,3182919,1
D,131135,2,200,200,198,202,4091,3924,584,594,3184758,3183513,1
D,131145,2,200,200,197,205,4096,3908,581,604,3185339,3184117,1
D,131155,2,200,200,200,201,4081,3928,588,593,3185927,3184710,1
D,131165,2,200,200,196,202,4102,3923,576,596,3186503,3185306,1
D,131175,2,200,200,200,203,4082,3918,588,597,3187091,3185903,1
D,131185,2,200,200,198,203,4092,3918,584,598,3187675,3186501,1
D,131195,2,200,200,198,202,4092,3923,582,595,3188257,3187096,1
D,131205,2,200,200,200,201,4082,3928,588,592,3188845,3187688,1
D,131215,2,200,200,197,204,4097,3912,581,602,3189426,3188290,1
D,131225,2,200,200,200,200,4082,3932,588,590,3190014,3188880,1
D,131235,2,200,200,197,201,4097,3927,580,593,3190594,3189473,1
D,131245,2,200,200,199,204,4087,3911,587,602,3191181,3190075,1
D,131255,2,200,200,199,201,4087,3926,587,591,3191768,3190666,1
D,131265,2,200,200,197,202,4097,3921,579,595,3192347,3191261,1
D,131275,2,200,200,200,202,4082,3921,590,594,3192937,3191855,1
D,131285,2,200,200,199,202,4087,3921,585,596,3193522,3192451,1
D,131295,2,200,200,200,202,4082,3921,589,594,3194111,3193045,1
D,131305,2,200,200,198,200,4092,3931,582,588,3194693,3193633,1
D,131315,2,200,200,199,204,4087,3910,586,601,3195279,3194234,1
D,131325,2,200,200,201,199,4077,3935,591,586,3195870,3194820,1
D,131335,2,200,200,198,200,4092,3930,582,590,3196452,3195410,1
D,131345,2,200,200,202,202,4072,3920,594,595,3197046,3196005,1
D,131355,2,200,200,200,200,4082,3930,588,588,3197634,3196593,1
D,131365,2,200,200,200,201,4082,3925,588,591,3198222,3197184,1
D,131375,2,200,200,201,199,4077,3935,592,586,3198814,3197770,1
D,131385,2,200,200,200,202,4082,3920,588,594,3199402,3198364,1
D,131395,2,200,200,202,199,4072,3935,595,586,3199997,3198950,1
D,131405,2,200,200,199,199,4087,3935,586,586,3200583,3199536,1
D,131415,2,200,200,202,202,4072,3920,594,595,3201177,3200131,1
D,131425,2,200,200,202,198,4072,3940,594,583,3201771,3200714,1
D,131435,2,200,200,199,200,4087,3930,585,588,3202356,3201302,1
D,131445,2,200,200,202,200,4072,3930,595,588,3202951,3201890,1
D,131455,2,200,200,200,200,4082,3930,589,589,3203540,3202479,1
D,131465,2,200,200,201,199,4077,3935,593,586,3204133,3203065,1
D,131475,2,200,200,200,198,4082,3940,590,583,3204723,3203648,1
D,131485,2,200,200,201,201,4077,3925,591,593,3205314,3204241,1
D,131495,2,200,200,202,197,4072,3945,595,580,3205909,3204821,1
D,131505,2,200,200,199,199,4087,3935,586,585,3206495,3205406,1
D,131515,2,200,200,203,200,4067,3930,597,589,3207092,3205995,1
D,131525,2,200,200,201,198,4077,3940,593,584,3207685,3206579,1
D,131535,2,200,200,200,199,4082,3935,590,585,3208275,3207164,1
D,131545,2,200,200,202,198,4072,3940,595,582,3208870,3207746,1
D,131555,2,200,200,200,201,4082,3925,590,591,3209460,3208337,1
D,131565,2,200,200,202,198,4072,3940,596,582,3210056,3208919,1
D,131575,2,200,200,200,197,4082,3945,590,581,3210646,3209500,1
D,131585,2,200,200,202,201,4072,3925,595,591,3211241,3210091,1
D,131595,2,200,200,203,197,4067,3945,597,581,3211838,3210672,1
D,131605,2,200,200,199,198,4087,3940,587,584,3212425,3211256,1
D,131615,2,200,200,203,198,4067,3940,598,584,3213023,3211840,1
D,131625,2,200,200,201,200,4077,3930,593,589,3213616,3212429,1
D,131635,2,200,200,201,198,4077,3940,593,582,3214209,3213011,1
D,131645,2,200,200,202,197,4072,3945,595,580,3214804,3213591,1
D,131655,2,200,200,200,201,4082,3925,590,592,3215394,3214183,1
D,131665,2,200,200,203,197,4067,3945,597,579,3215991,3214762,1
D,131675,2,200,200,200,198,4082,3940,589,582,3216580,3215344,1
D,131685,2,200,200,203,199,4067,3935,597,587,3217177,3215931,1
D,131695,2,200,200,202,198,4072,3940,595,584,3217772,3216515,1
D,131705,2,200,200,199,198,4087,3940,587,583,3218359,3217098,1
D,131715,2,200,200,203,197,4067,3945,597,580,3218956,3217678,1
D,131725,2,200,200,200,201,4082,3925,590,591,3219546,3218269,1
D,131735,2,200,200,202,197,4072,3945,594,579,3220140,3218848,1
D,131745,2,200,200,201,197,4077,3945,592,581,3220732,3219429,1
D,131755,2,200,200,201,200,4077,3930,591,589,3221323,3220018,1
D,131765,2,200,200,203,197,4067,3945,597,581,3221920,3220599,1
D,131775,2,200,200,200,197,4082,3945,588,581,3222508,3221180,1
D,131785,2,200,200,204,196,4061,3951,600,578,3223108,3221758,1
D,131795,2,200,200,202,200,4071,3931,595,588,3223703,3222346,1
D,131805,2,200,200,201,196,4076,3952,591,578,3224294,3222924,1
D,131815,2,200,200,203,197,4066,3947,597,579,3224891,3223503,1
D,131825,2,200,200,201,200,4076,3932,593,588,3225484,3224091,1
D,131835,2,200,200,203,196,4066,3953,598,578,3226082,3224669,1
D,131845,2,200,200,201,197,4076,3948,592,579,3226674,3225248,1
D,131855,2,200,200,203,196,4066,3954,597,578,3227271,3225826,1
D,131865,2,200,200,203,198,4066,3944,598,584,3227869,3226410,1
D,131875,2,200,200,200,196,4081,3955,590,576,3228459,3226986,1
D,131885,2,200,200,203,196,4066,3956,599,576,3229058,3227562,1
D,131895,2,200,200,202,199,4071,3941,595,585,3229653,3228147,1
D,131905,2,200,200,202,195,4071,3962,594,573,3230247,3228720,1
D,131915,2,200,200,203,196,4066,3958,598,576,3230845,3229296,1
D,131925,2,200,200,201,197,4076,3953,593,579,3231438,3229875,1
D,131935,2,200,200,203,197,4066,3953,599,580,3232037,3230455,1
D,131945,2,200,200,201,195,4076,3964,592,575,3232629,3231030,1
D,131955,2,200,200,203,195,4066,3965,598,575,3233227,3231605,1
D,131965,2,200,200,203,198,4066,3950,599,583,3233826,3232188,1
D,131975,2,200,200,200,194,4081,3971,589,572,3234415,3232760,1
D,131985,2,200,200,203,196,4066,3962,599,577,3235014,3233337,1
D,131995,2,200,200,202,197,4071,3957,596,579,3235610,3233916,1
D,132005,2,200,200,201,197,4076,3957,592,579,3236202,3234495,1
D,132015,2,200,200,202,195,4071,3968,596,575,3236798,3235070,1
D,132025,2,200,200,201,195,4076,3969,591,575,3237389,3235645,1
D,132035,2,200,200,202,198,4071,3954,596,582,3237985,3236227,1
D,132045,2,200,200,200,193,4081,3981,588,568,3238573,3236795,1
D,132055,2,200,200,202,195,4071,3972,595,573,3239168,3237368,1
D,132065,2,200,200,201,195,4076,3973,593,575,3239761,3237943,1
D,132075,2,200,200,199,195,4086,3974,586,573,3240347,3238516,1
D,132085,2,200,200,202,193,4071,3986,594,568,3240941,3239084,1
D,132095,2,200,200,200,192,4081,3993,589,567,3241530,3239651,1
D,132105,2,200,200,201,196,4076,3974,591,576,3242121,3240227,1
D,132115,2,200,200,200,190,4081,4007,590,561,3242711,3240788,1
D,132125,2,200,200,200,192,4081,3999,589,566,3243300,3241354,1
D,132135,2,200,200,202,192,4071,4001,594,565,3243894,3241919,1
D,132145,2,200,200,199,192,4086,4003,585,565,3244479,3242484,1
D,132155,2,200,200,201,190,4076,4016,592,559,3245071,3243043,1
D,132165,2,200,200,201,189,4076,4024,592,558,3245663,3243601,1
D,132175,2,200,200,199,192,4086,4011,586,565,3246249,3244166,1
D,132185,2,200,200,201,187,4076,4039,593,552,3246842,3244718,1
D,132195,2,200,200,199,189,4086,4032,586,556,3247428,3245274,1
D,132205,2,200,200,201,188,4076,4040,593,553,3248021,3245827,1
D,132215,2,200,200,200,189,4081,4038,588,558,3248609,3246385,1
D,132225,2,200,200,200,186,4081,4057,589,548,3249198,3246933,1
D,132235,2,200,200,202,186,4071,4061,594,548,3249792,3247481,1
D,132245,2,200,200,198,188,4091,4054,582,555,3250374,3248036,1
D,132255,2,200,200,201,185,4076,4073,593,546,3250967,3248582,1
D,132265,2,200,200,200,186,4081,4072,589,547,3251556,3249129,1
D,132275,2,200,200,200,184,4081,4086,589,542,3252145,3249671,1
D,132285,2,200,200,200,188,4081,4069,590,553,3252735,3250224,1
D,132295,2,200,200,199,183,4086,4099,586,539,3253321,3250763,1
D,132305,2,200,200,201,185,4076,4093,593,546,3253914,3251309,1
D,132315,2,200,200,198,184,4091,4102,582,543,3254496,3251852,1
D,132325,2,200,200,201,186,4076,4096,592,549,3255088,3252401,1
D,132335,2,200,200,200,184,4081,4110,589,543,3255677,3252944,1
D,132345,2,200,200,198,184,4091,4114,584,543,3256261,3253487,1
D,132355,2,200,200,201,188,4076,4097,592,553,3256853,3254040,1
D,132365,2,200,200,198,185,4091,4116,584,544,3257437,3254584,1
D,132375,2,200,200,201,186,4076,4115,592,549,3258029,3255133,1
D,132385,2,200,200,199,185,4086,4124,585,545,3258614,3255678,1
D,132395,2,200,200,200,189,4081,4107,590,558,3259204,3256236,1
D,132405,2,200,200,201,185,4076,4131,591,546,3259795,3256782,1
D,132415,2,200,200,198,188,4091,4119,582,553,3260377,3257335,1
D,132425,2,200,200,201,188,4076,4122,593,554,3260970,3257889,1
D,132435,2,200,200,199,189,4086,4120,586,557,3261556,3258446,1
D,132445,2,200,200,200,188,4081,4128,589,554,3262145,3259000,1
D,132455,2,200,200,199,188,4086,4131,587,553,3262732,3259553,1
D,132465,2,200,200,199,192,4086,4113,587,565,3263319,3260118,1
D,132475,2,200,200,201,188,4076,4136,591,554,3263910,3260672,1
D,132485,2,200,200,198,190,4091,4129,582,560,3264492,3261232,1
D,132495,2,200,200,201,190,4076,4132,593,559,3265085,3261791,1
D,132505,2,200,200,199,192,4086,4124,587,567,3265672,3262358,1
D,132515,2,200,200,199,190,4086,4137,586,560,3266258,3262918,1
D,132525,2,200,200,201,191,4076,4134,592,562,3266850,3263480,1
D,132535,2,200,200,199,194,4086,4120,585,572,3267435,3264052,1
D,132545,2,200,200,201,191,4076,4137,592,564,3268027,3264616,1
D,132555,2,200,200,199,193,4086,4129,586,568,3268613,3265184,1
D,132565,2,200,200,201,192,4076,4136,592,566,3269205,3265750,1
D,132575,2,200,200,201,196,4076,4117,592,576,3269797,3266326,1
D,132585,2,200,200,198,192,4091,4139,583,566,3270380,3266892,1
D,132595,2,200,200,202,194,4071,4130,594,571,3270974,3267463,1
D,132605,2,200,200,200,196,4081,4121,588,578,3271562,3268041,1
D,132615,2,200,200,201,195,4076,4127,591,573,3272153,3268614,1
D,132625,2,200,200,200,195,4081,4128,590,573,3272743,3269187,1
D,132635,2,200,200,200,195,4081,4129,590,573,3273333,3269760,1
D,132645,2,200,200,201,197,4076,4119,593,581,3273926,3270341,1
D,132655,2,200,200,199,195,4086,4130,585,573,3274511,3270914,1
D,132665,2,200,200,202,195,4071,4131,594,575,3275105,3271489,1
D,132675,2,200,200,200,198,4081,4116,590,582,3275695,3272071,1
D,132685,2,200,200,199,196,4086,4127,585,577,3276280,3272648,1
D,132695,2,200,200,201,197,4076,4122,592,579,3276872,3273227,1
D,132705,2,200,200,200,196,4081,4128,588,577,3277460,3273804,1
D,132715,2,200,200,200,199,4081,4113,590,586,3278050,3274390,1
D,132725,2,200,200,199,196,4086,4129,586,578,3278636,3274968,1
D,132735,2,200,200,200,197,4081,4124,590,580,3279226,3275548,1
D,132745,2,200,200,201,200,4076,4109,591,588,3279817,3276136,1
D,132755,2,200,200,198,197,4091,4124,582,579,3280399,3276715,1
D,132765,2,200,200,201,198,4076,4119,591,583,3280990,3277298,1
D,132775,2,200,200,200,198,4081,4119,588,584,3281578,3277882,1
D,132785,2,200,200,200,200,4081,4109,588,588,3282166,3278470,1
D,132795,2,200,200,200,198,4081,4119,588,582,3282754,3279052,1
D,132805,2,200,200,199,198,4086,4119,586,583,3283340,3279635,1
D,132815,2,200,200,201,201,4076,4104,591,592,3283931,3280227,1
D,132825,2,200,200,198,197,4091,4124,583,580,3284514,3280807,1
D,132835,2,200,200,201,199,4076,4114,591,585,3285105,3281392,1
D,132845,2,200,200,200,200,4081,4109,589,589,3285694,3281981,1
D,132855,2,200,200,198,199,4091,4114,584,586,3286278,3282567,1
D,132865,2,200,200,200,199,4081,4114,590,585,3286868,3283152,1
D,132875,2,200,200,199,198,4086,4119,586,584,3287454,3283736,1
D,132885,2,200,200,200,202,4081,4099,590,594,3288044,3284330,1
D,132895,2,200,200,199,198,4086,4119,585,583,3288629,3284913,1
D,132905,2,200,200,200,199,4081,4114,589,586,3289218,3285499,1
D,132915,2,200,200,201,201,4076,4104,591,593,3289809,3286092,1
D,132925,2,200,200,197,199,4096,4114,581,586,3290390,3286678,1
D,132935,2,200,200,201,199,4076,4114,591,587,3290981,3287265,1
D,132945,2,200,200,199,199,4086,4114,587,587,3291568,3287852,1
D,132955,2,200,200,199,201,4086,4104,587,593,3292155,3288445,1
D,132965,2,200,200,200,200,4081,4109,588,588,3292743,3289033,1
D,132975,2,200,200,199,200,4086,4109,586,588,3293329,3289621,1
D,132985,2,200,200,200,203,4081,4094,590,598,3293919,3290219,1
D,132995,2,200,200,197,199,4096,4114,581,586,3294500,3290805,1
D,133005,2,200,200,200,200,4081,4109,589,590,3295089,3291395,1
D,133015,2,200,200,199,202,4086,4099,586,596,3295675,3291991,1
D,133025,2,200,200,197,201,4096,4104,581,592,3296256,3292583,1
D,133035,2,200,200,200,201,4081,4104,588,591,3296844,3293174,1
D,133045,2,200,200,197,200,4096,4109,581,590,3297425,3293764,1
D,133055,2,200,200,199,203,4086,4094,587,599,3298012,3294363,1
D,133065,2,200,200,197,200,4096,4109,580,590,3298592,3294953,1
D,133075,2,200,200,199,201,4086,4104,586,591,3299178,3295544,1
D,133085,2,200,200,199,204,4086,4088,585,600,3299763,3296144,1
D,133095,2,200,200,196,201,4102,4103,577,591,3300340,3296735,1
D,133105,2,200,200,199,202,4087,4098,586,594,3300926,3297329,1
D,133115,2,200,200,197,203,4097,4093,581,598,3301507,3297927,1
D,133125,2,200,200,199,203,4087,4093,585,597,3302092,3298524,1
D,133135,2,200,200,197,202,4097,4098,581,595,3302673,3299119,1
D,133145,2,200,200,198,201,4092,4103,583,593,3303256,3299712,1
D,133155,2,200,200,199,204,4087,4087,587,602,3303843,3300314,1
D,133165,2,200,200,196,201,4103,4102,577,592,3304420,3300906,1
D,133175,2,200,200,200,202,4083,4097,588,595,3305008,3301501,1
D,133185,2,200,200,198,205,4093,4081,583,603,3305591,3302104,1
D,133195,2,200,200,198,201,4093,4101,584,593,3306175,3302697,1
D,133205,2,200,200,198,202,4093,4096,584,596,3306759,3303293,1
D,133215,2,200,200,198,203,4093,4091,583,598,3307342,3303891,1
D,133225,2,200,200,200,203,4083,4091,588,599,3307930,3304490,1
D,133235,2,200,200,197,202,4098,4096,579,596,3308509,3305086,1
D,133245,2,200,200,200,202,4083,4096,589,595,3309098,3305681,1
D,133255,2,200,200,199,205,4088,4080,585,603,3309683,3306284,1
D,133265,2,200,200,198,201,4093,4100,582,593,3310265,3306877,1
D,133275,2,200,200,199,202,4088,4095,587,595,3310852,3307472,1
D,133285,2,200,200,197,205,4098,4079,581,603,3311433,3308075,1
D,133295,2,200,200,200,202,4083,4094,588,594,3312021,3308669,1
D,133305,2,200,200,197,202,4098,4094,579,596,3312600,3309265,1
D,133315,2,200,200,199,202,4088,4094,587,595,3313187,3309860,1
D,133325,2,200,200,199,203,4088,4089,586,597,3313773,3310457,1
D,133335,2,200,200,196,202,4104,4094,578,595,3314351,3311052,1
D,133345,2,200,200,200,201,4084,4099,588,593,3314939,3311645,1
D,133355,2,200,200,198,204,4094,4083,583,602,3315522,3312247,1
D,133365,2,200,200,199,201,4089,4098,586,593,3316108,3312840,1
D,133375,2,200,200,198,202,4094,4093,583,594,3316691,3313434,1
D,133385,2,200,200,199,205,4089,4077,585,604,3317276,3314038,1
D,133395,2,200,200,200,203,4084,4087,589,597,3317865,3314635,1
D,133405,2,200,200,197,203,4099,4087,580,599,3318445,3315234,1
D,133415,2,200,200,201,203,4079,4087,592,597,3319037,3315831,1
D,133425,2,200,200,199,205,4089,4076,586,603,3319623,3316434,1
D,133435,2,200,200,199,204,4089,4080,586,600,3320209,3317034,1
D,133445,2,200,200,200,203,4084,4085,588,598,3320797,3317632,1
D,133455,2,200,200,198,207,4094,4063,584,609,3321381,3318241,1
D,133465,2,200,200,201,203,4079,4083,592,598,3321973,3318839,1
D,133475,2,200,200,198,204,4094,4077,582,602,3322555,3319441,1
D,133485,2,200,200,201,207,4079,4060,592,611,3323147,3320052,1
D,133495,2,200,200,200,204,4084,4074,590,602,3323737,3320654,1
D,133505,2,200,200,198,206,4094,4063,583,607,3324320,3321261,1
D,133515,2,200,200,201,206,4079,4062,593,606,3324913,3321867,1
D,133525,2,200,200,199,207,4089,4055,586,609,3325499,3322476,1
D,133535,2,200,200,201,206,4079,4059,591,608,3326090,3323084,1
D,133545,2,200,200,199,206,4089,4058,587,606,3326677,3323690,1
D,133555,2,200,200,200,209,4084,4041,588,617,3327265,3324307,1
D,133565,2,200,200,201,206,4079,4055,593,606,3327858,3324913,1
D,133575,2,200,200,198,206,4094,4054,583,608,3328441,3325521,1
D,133585,2,200,200,202,211,4074,4026,595,620,3329036,3326141,1
D,133595,2,200,200,200,206,4084,4050,588,606,3329624,3326747,1
D,133605,2,200,200,200,208,4084,4038,588,612,3330212,3327359,1
D,133615,2,200,200,201,209,4079,4031,591,616,3330803,3327975,1
D,133625,2,200,200,199,207,4089,4039,586,611,3331389,3328586,1
D,133635,2,200,200,201,208,4079,4032,593,614,3331982,3329200,1
D,133645,2,200,200,199,207,4089,4035,585,611,3332567,3329811,1
D,133655,2,200,200,201,210,4079,4017,593,619,3333160,3330430,1
D,133665,2,200,200,201,208,4079,4025,593,613,3333753,3331043,1
D,133675,2,200,200,198,208,4094,4023,584,612,3334337,3331655,1
D,133685,2,200,200,202,212,4074,4000,594,623,3334931,3332278,1
D,133695,2,200,200,200,207,4084,4023,589,611,3335520,3332889,1
D,133705,2,200,200,200,209,4084,4011,590,615,3336110,3333504,1
D,133715,2,200,200,200,212,4084,3993,589,624,3336699,3334128,1
D,133725,2,200,200,200,208,4084,4011,589,612,3337288,3334740,1
D,133735,2,200,200,202,209,4074,4004,594,617,3337882,3335357,1
D,133745,2,200,200,198,211,4094,3991,583,620,3338465,3335977,1
D,133755,2,200,200,202,209,4074,3999,594,616,3339059,3336593,1
D,133765,2,200,200,200,209,4084,3997,590,617,3339649,3337210,1
D,133775,2,200,200,199,209,4089,3995,585,615,3340234,3337825,1
D,133785,2,200,200,201,211,4079,3982,593,622,3340827,3338447,1
D,133795,2,200,200,199,208,4089,3995,585,614,3341412,3339061,1
D,133805,2,200,200,201,209,4079,3988,592,615,3342004,3339676,1
D,133815,2,200,200,199,212,4089,3970,586,625,3342590,3340301,1
D,133825,2,200,200,201,208,4079,3988,591,612,3343181,3340913,1
D,133835,2,200,200,201,209,4079,3981,592,616,3343773,3341529,1
D,133845,2,200,200,198,212,4094,3963,583,624,3344356,3342153,1
D,133855,2,200,200,201,208,4079,3981,593,612,3344949,3342765,1
D,133865,2,200,200,200,209,4084,3974,588,617,3345537,3343382,1
D,133875,2,200,200,200,211,4084,3961,588,621,3346125,3344003,1
D,133885,2,200,200,200,209,4084,3969,589,616,3346714,3344619,1
D,133895,2,200,200,199,209,4089,3967,587,617,3347301,3345236,1
D,133905,2,200,200,201,209,4079,3965,592,615,3347893,3345851,1
D,133915,2,200,200,198,211,4094,3952,584,620,3348477,3346471,1
D,133925,2,200,200,201,208,4079,3965,591,613,3349068,3347084,1
D,133935,2,200,200,200,208,4084,3963,590,614,3349658,3347698,1
D,133945,2,200,200,199,211,4089,3945,585,621,3350243,3348319,1
D,133955,2,200,200,201,207,4079,3963,591,611,3350834,3348930,1
D,133965,2,200,200,199,208,4089,3956,586,613,3351420,3349543,1
D,133975,2,200,200,201,211,4079,3938,591,620,3352011,3350163,1
D,133985,2,200,200,199,207,4089,3956,585,609,3352596,3350772,1
D,133995,2,200,200,200,208,4084,3949,590,613,3353186,3351385,1
D,134005,2,200,200,201,209,4079,3942,591,616,3353777,3352001,1
D,134015,2,200,200,197,208,4099,3945,581,612,3354358,3352613,1
D,134025,2,200,200,201,207,4079,3948,591,610,3354949,3353223,1
D,134035,2,200,200,199,207,4089,3946,585,611,3355534,3353834,1
D,134045,2,200,200,199,209,4089,3934,587,615,3356121,3354449,1
D,134055,2,200,200,198,206,4094,3948,584,608,3356705,3355057,1
D,134065,2,200,200,198,207,4094,3941,584,609,3357289,3355666,1
D,134075,2,200,200,199,209,4089,3929,587,616,3357876,3356282,1
D,134085,2,200,200,197,205,4099,3948,579,604,3358455,3356886,1
D,134095,2,200,200,199,206,4089,3942,587,608,3359042,3357494,1
D,134105,2,200,200,198,209,4094,3925,583,615,3359625,3358109,1
D,134115,2,200,200,198,205,4094,3944,583,603,3360208,3358712,1
D,134125,2,200,200,198,206,4094,3938,583,607,3360791,3359319,1
D,134135,2,200,200,197,207,4099,3931,580,609,3361371,3359928,1
D,134145,2,200,200,199,206,4089,3935,587,607,3361958,3360535,1
D,134155,2,200,200,197,205,4099,3939,579,605,3362537,3361140,1
D,134165,2,200,200,200,205,4084,3938,588,603,3363125,3361743,1
D,134175,2,200,200,199,207,4089,3926,585,610,3363710,3362353,1
D,134185,2,200,200,197,204,4099,3940,580,601,3364290,3362954,1
D,134195,2,200,200,200,204,4084,3939,588,601,3364878,3363555,1
D,134205,2,200,200,198,207,4094,3922,583,609,3365461,3364164,1
D,134215,2,200,200,200,203,4084,3942,588,597,3366049,3364761,1
D,134225,2,200,200,198,204,4094,3936,582,601,3366631,3365362,1
D,134235,2,200,200,199,205,4089,3930,587,604,3367218,3365966,1
D,134245,2,200,200,200,203,4084,3940,589,599,3367807,3366565,1
D,134255,2,200,200,197,204,4099,3934,580,600,3368387,3367165,1
D,134265,2,200,200,201,202,4079,3944,591,596,3368978,3367761,1
D,134275,2,200,200,198,205,4094,3928,584,604,3369562,3368365,1
D,134285,2,200,200,199,202,4089,3943,587,595,3370149,3368960,1
D,134295,2,200,200,199,201,4089,3948,586,593,3370735,3369553,1
D,134305,2,200,200,199,205,4089,3927,585,604,3371320,3370157,1
D,134315,2,200,200,201,201,4079,3947,591,591,3371911,3370748,1
D,134325,2,200,200,197,202,4099,3942,580,595,3372491,3371343,1
D,134335,2,200,200,201,203,4079,3937,592,598,3373083,3371941,1
D,134345,2,200,200,199,202,4089,3942,587,594,3373670,3372535,1
D,134355,2,200,200,198,202,4094,3942,584,594,3374254,3373129,1
D,134365,2,200,200,201,201,4079,3947,591,591,3374845,3373720,1
D,134375,2,200,200,198,204,4094,3931,584,600,3375429,3374320,1
D,134385,2,200,200,201,200,4079,3951,591,589,3376020,3374909,1
D,134395,2,200,200,198,200,4094,3951,584,589,3376604,3375498,1
D,134405,2,200,200,201,203,4079,3936,591,599,3377195,3376097,1
D,134415,2,200,200,201,200,4079,3951,591,588,3377786,3376685,1
D,134425,2,200,200,198,201,4094,3946,582,592,3378368,3377277,1
D,134435,2,200,200,202,201,4074,3946,594,591,3378962,3377868,1
D,134445,2,200,200,199,202,4089,3941,586,594,3379548,3378462,1
D,134455,2,200,200,200,201,4084,3946,590,592,3380138,3379054,1
D,134465,2,200,200,200,199,4084,3956,588,587,3380726,3379641,1
D,134475,2,200,200,199,203,4089,3936,587,599,3381313,3380240,1
D,134485,2,200,200,202,199,4074,3956,594,586,3381907,3380826,1
D,134495,2,200,200,198,200,4094,3951,583,588,3382490,3381414,1
D,134505,2,200,200,202,202,4074,3941,594,595,3383084,3382009,1
D,134515,2,200,200,200,199,4084,3956,590,587,3383674,3382596,1
D,134525,2,200,200,199,200,4089,3951,587,589,3384261,3383185,1
D,134535,2,200,200,201,199,4079,3956,593,585,3384854,3383770,1
D,134545,2,200,200,199,201,4089,3946,586,593,3385440,3384363,1
D,134555,2,200,200,202,198,4074,3961,594,584,3386034,3384947,1
D,134565,2,200,200,199,198,4089,3961,586,584,3386620,3385531,1
D,134575,2,200,200,201,202,4079,3941,592,594,3387212,3386125,1
D,134585,2,200,200,202,198,4074,3961,594,583,3387806,3386708,1
D,134595,2,200,200,198,199,4094,3956,583,587,3388389,3387295,1
D,134605,2,200,200,202,200,4074,3951,595,588,3388984,3387883,1
D,134615,2,200,200,200,200,4084,3951,589,589,3389573,3388472,1
D,134625,2,200,200,201,199,4079,3956,592,586,3390165,3389058,1
D,134635,2,200,200,201,198,4079,3961,591,584,3390756,3389642,1
D,134645,2,200,200,200,202,4084,3941,588,595,3391344,3390237,1
D,134655,2,200,200,202,198,4074,3961,595,582,3391939,3390819,1
D,134665,2,200,200,199,199,4089,3956,585,586,3392524,3391405,1
D,134675,2,200,200,202,201,4074,3946,596,592,3393120,3391997,1
D,134685,2,200,200,201,199,4079,3956,591,585,3393711,3392582,1
D,134695,2,200,200,199,199,4089,3956,587,587,3394298,3393169,1
D,134705,2,200,200,202,198,4074,3961,595,584,3394893,3393753,1
D,134715,2,200,200,200,201,4084,3946,588,592,3395481,3394345,1
D,134725,2,200,200,202,198,4074,3961,594,584,3396075,3394929,1
D,134735,2,200,200,199,198,4089,3961,587,584,3396662,3395513,1
D,134745,2,200,200,201,202,4079,3941,592,594,3397254,3396107,1
D,134755,2,200,200,202,198,4074,3961,595,583,3397849,3396690,1
D,134765,2,200,200,198,199,4094,3956,584,587,3398433,3397277,1
D,134775,2,200,200,202,199,4074,3956,595,587,3399028,3397864,1
D,134785,2,200,200,200,200,4084,3951,590,589,3399618,3398453,1
D,134795,2,200,200,200,199,4084,3956,590,587,3400208,3399040,1
D,134805,2,200,200,201,198,4079,3961,592,583,3400800,3399623,1
D,134815,2,200,200,200,202,4084,3941,588,595,3401388,3400218,1
D,134825,2,200,200,202,198,4074,3961,594,582,3401982,3400800,1
D,134835,2,200,200,199,199,4089,3956,586,586,3402568,3401386,1
D,134845,2,200,200,202,201,4074,3946,595,592,3403163,3401978,1
D,134855,2,200,200,201,199,4079,3956,593,587,3403756,3402565,1
D,134865,2,200,200,199,199,4089,3956,586,587,3404342,3403152,1
D,134875,2,200,200,202,199,4074,3956,594,585,3404936,3403737,1
D,134885,2,200,200,200,202,4084,3941,589,594,3405525,3404331,1
D,134895,2,200,200,201,198,4079,3961,593,584,3406118,3404915,1
D,134905,2,200,200,200,199,4084,3956,589,585,3406707,3405500,1
D,134915,2,200,200,200,202,4084,3941,590,594,3407297,3406094,1
D,134925,2,200,200,202,198,4074,3961,595,583,3407892,3406677,1
D,134935,2,200,200,199,199,4089,3956,585,587,3408477,3407264,1
D,134945,2,200,200,202,199,4074,3956,596,586,3409073,3407850,1
D,134955,2,200,200,201,200,4079,3951,591,590,3409664,3408440,1
D,134965,2,200,200,199,199,4089,3956,587,586,3410251,3409026,1
D,134975,2,200,200,202,198,4074,3961,594,584,3410845,3409610,1
D,134985,2,200,200,200,202,4084,3941,589,594,3411434,3410204,1
D,134995,2,200,200,202,198,4074,3961,595,582,3412029,3410786,1
D,135005,2,200,200,199,199,4089,3956,587,585,3412616,3411371,1
D,135015,2,200,200,202,201,4074,3946,594,591,3413210,3411962,1
D,135025,2,200,200,202,199,4074,3956,595,586,3413805,3412548,1
D,135035,2,200,200,198,199,4094,3956,584,586,3414389,3413134,1
D,135045,2,200,200,202,198,4074,3961,596,584,3414985,3413718,1
D,135055,2,200,200,200,201,4084,3946,589,592,3415574,3414310,1
D,135065,2,200,200,201,198,4079,3961,591,582,3416165,3414892,1
D,135075,2,200,200,200,198,4084,3961,589,584,3416754,3415476,1
D,135085,2,200,200,199,201,4089,3946,587,593,3417341,3416069,1
D,135095,2,200,200,201,198,4079,3961,592,583,3417933,3416652,1
D,135105,2,200,200,197,199,4099,3956,581,586,3418514,3417238,1
D,135115,2,200,200,201,198,4079,3961,591,584,3419105,3417822,1
D,135125,2,200,200,199,200,4089,3951,587,589,3419692,3418411,1
D,135135,2,200,200,198,198,4094,3961,583,583,3420275,3418994,1
D,135145,2,200,200,200,197,4084,3966,588,581,3420863,3419575,1
D,135155,2,200,200,198,201,4094,3946,584,591,3421447,3420166,1
D,135165,2,200,200,200,196,4084,3972,589,578,3422036,3420744,1
D,135175,2,200,200,198,198,4094,3962,582,582,3422618,3421326,1
D,135185,2,200,200,200,198,4084,3962,589,584,3423207,3421910,1
D,135195,2,200,200,200,198,4084,3962,589,583,3423796,3422493,1
D,135205,2,200,200,197,197,4099,3967,580,580,3424376,3423073,1
D,135215,2,200,200,201,196,4079,3973,592,577,3424968,3423650,1
D,135225,2,200,200,199,199,4089,3958,585,586,3425553,3424236,1
D,135235,2,200,200,200,195,4084,3979,588,574,3426141,3424810,1
D,135245,2,200,200,199,196,4089,3975,587,577,3426728,3425387,1
D,135255,2,200,200,199,197,4089,3970,586,581,3427314,3425968,1
D,135265,2,200,200,201,196,4079,3976,592,576,3427906,3426544,1
D,135275,2,200,200,198,196,4094,3977,582,576,3428488,3427120,1
D,135285,2,200,200,201,195,4079,3983,593,574,3429081,3427694,1
D,135295,2,200,200,200,198,4084,3968,588,582,3429669,3428276,1
D,135305,2,200,200,199,194,4089,3989,585,572,3430254,3428848,1
D,135315,2,200,200,201,195,4079,3985,592,575,3430846,3429423,1
D,135325,2,200,200,199,198,4089,3970,585,582,3431431,3430005,1
D,135335,2,200,200,201,195,4079,3986,591,575,3432022,3430580,1
D,135345,2,200,200,199,196,4089,3982,585,577,3432607,3431157,1
D,135355,2,200,200,201,195,4079,3988,591,574,3433198,3431731,1
D,135365,2,200,200,201,198,4079,3973,591,584,3433789,3432315,1
D,135375,2,200,200,198,195,4094,3989,582,573,3434371,3432888,1
D,135385,2,200,200,201,196,4079,3985,592,576,3434963,3433464,1
D,135395,2,200,200,200,198,4084,3975,588,584,3435551,3434048,1
D,135405,2,200,200,200,196,4084,3986,590,576,3436141,3434624,1
D,135415,2,200,200,199,196,4089,3987,587,578,3436728,3435202,1
D,135425,2,200,200,200,196,4084,3988,589,577,3437317,3435779,1
D,135435,2,200,200,201,198,4079,3978,593,584,3437910,3436363,1
D,135445,2,200,200,198,196,4094,3989,583,577,3438493,3436940,1
D,135455,2,200,200,202,196,4074,3990,594,578,3439087,3437518,1
D,135465,2,200,200,201,199,4079,3975,591,587,3439678,3438105,1
D,135475,2,200,200,199,196,4089,3991,586,578,3440264,3438683,1
D,135485,2,200,200,201,197,4079,3986,592,580,3440856,3439263,1
D,135495,2,200,200,200,198,4084,3981,588,582,3441444,3439845,1
D,135505,2,200,200,201,199,4079,3976,593,586,3442037,3440431,1
D,135515,2,200,200,199,197,4089,3986,587,581,3442624,3441012,1
D,135525,2,200,200,201,197,4079,3986,592,581,3443216,3441593,1
D,135535,2,200,200,202,200,4074,3971,594,590,3443810,3442183,1
D,135545,2,200,200,198,196,4094,3992,583,578,3444393,3442761,1
D,135555,2,200,200,202,198,4074,3982,595,583,3444988,3443344,1
D,135565,2,200,200,200,198,4084,3982,590,584,3445578,3443928,1
D,135575,2,200,200,200,199,4084,3977,590,585,3446168,3444513,1
D,135585,2,200,200,201,198,4079,3982,591,583,3446759,3445096,1
D,135595,2,200,200,200,198,4084,3982,589,582,3447348,3445678,1
D,135605,2,200,200,201,201,4079,3967,593,591,3447941,3446269,1
D,135615,2,200,200,199,197,4089,3987,586,580,3448527,3446849,1
D,135625,2,200,200,202,199,4074,3977,594,585,3449121,3447434,1
D,135635,2,200,200,201,200,4079,3972,591,590,3449712,3448024,1
D,135645,2,200,200,199,199,4089,3977,587,585,3450299,3448609,1
D,135655,2,200,200,201,199,4079,3977,593,586,3450892,3449195,1
D,135665,2,200,200,200,199,4084,3977,588,585,3451480,3449780,1
D,135675,2,200,200,201,202,4079,3962,593,594,3452073,3450374,1
D,135685,2,200,200,200,199,4084,3977,589,586,3452662,3450960,1
D,135695,2,200,200,201,199,4079,3977,591,587,3453253,3451547,1
D,135705,2,200,200,202,202,4074,3962,595,595,3453848,3452142,1
D,135715,2,200,200,199,199,4089,3977,585,585,3454433,3452727,1
D,135725,2,200,200,202,200,4074,3972,594,590,3455027,3453317,1
D,135735,2,200,200,201,201,4079,3967,591,591,3455618,3453908,1
D,135745,2,200,200,200,201,4084,3967,588,592,3456206,3454500,1
D,135755,2,200,200,201,200,4079,3972,593,588,3456799,3455088,1
D,135765,2,200,200,200,200,4084,3972,588,588,3457387,3455676,1
D,135775,2,200,200,202,203,4074,3957,594,598,3457981,3456274,1
D,135785,2,200,200,199,199,4089,3977,587,587,3458568,3456861,1
D,135795,2,200,200,201,200,4079,3972,593,589,3459161,3457450,1
D,135805,2,200,200,201,203,4079,3957,592,597,3459753,3458047,1
D,135815,2,200,200,199,200,4089,3972,585,590,3460338,3458637,1
D,135825,2,200,200,201,201,4079,3967,593,592,3460931,3459229,1
D,135835,2,200,200,200,200,4084,3972,588,590,3461519,3459819,1
D,135845,2,200,200,201,203,4079,3957,591,597,3462110,3460416,1
D,135855,2,200,200,200,201,4084,3967,589,591,3462699,3461007,1
D,135865,2,200,200,200,200,4084,3972,590,590,3463289,3461597,1
D,135875,2,200,200,201,204,4079,3951,593,600,3463882,3462197,1
D,135885,2,200,200,198,200,4094,3971,584,588,3464466,3462785,1
D,135895,2,200,200,202,202,4074,3961,594,594,3465060,3463379,1
D,135905,2,200,200,200,203,4084,3956,590,597,3465650,3463976,1
D,135915,2,200,200,200,202,4084,3961,588,594,3466238,3464570,1
D,135925,2,200,200,201,201,4079,3966,592,593,3466830,3465163,1
D,135935,2,200,200,199,201,4089,3966,587,591,3467417,3465754,1
D,135945,2,200,200,201,204,4079,3950,593,601,3468010,3466355,1
D,135955,2,200,200,199,201,4089,3965,587,591,3468597,3466946,1
D,135965,2,200,200,201,201,4079,3965,592,592,3469189,3467538,1
D,135975,2,200,200,201,204,4079,3949,593,601,3469782,3468139,1
D,135985,2,200,200,198,201,4094,3964,584,591,3470366,3468730,1
D,135995,2,200,200,201,202,4079,3959,593,594,3470959,3469324,1
D,136005,2,200,200,200,203,4084,3954,589,597,3471548,3469921,1
D,136015,2,200,200,201,202,4079,3959,592,596,3472140,3470517,1
D,136025,2,200,200,200,202,4084,3959,588,594,3472728,3471111,1
D,136035,2,200,200,200,201,4084,3964,589,592,3473317,3471703,1
D,136045,2,200,200,201,204,4079,3948,593,600,3473910,3472303,1
D,136055,2,200,200,198,200,4094,3968,584,590,3474494,3472893,1
D,136065,2,200,200,201,201,4079,3963,593,593,3475087,3473486,1
D,136075,2,200,200,200,204,4084,3947,589,601,3475676,3474087,1
D,136085,2,200,200,198,201,4094,3962,584,591,3476260,3474678,1
D,136095,2,200,200,200,202,4084,3957,590,594,3476850,3475272,1
D,136105,2,200,200,198,202,4094,3957,584,595,3477434,3475867,1
D,136115,2,200,200,200,203,4084,3952,588,598,3478022,3476465,1
D,136125,2,200,200,197,201,4099,3962,581,593,3478603,3477058,1
D,136135,2,200,200,200,201,4084,3962,588,592,3479191,3477650,1
D,136145,2,200,200,199,204,4089,3946,586,600,3479777,3478250,1
D,136155,2,200,200,196,200,4105,3966,578,590,3480355,3478840,1
D,136165,2,200,200,200,201,4085,3961,588,592,3480943,3479432,1
D,136175,2,200,200,198,203,4095,3951,582,599,3481525,3480031,1
D,136185,2,200,200,199,201,4090,3961,586,593,3482111,3480624,1
D,136195,2,200,200,198,201,4095,3961,582,593,3482693,3481217,1
D,136205,2,200,200,198,201,4095,3961,584,591,3483277,3481808,1
D,136215,2,200,200,200,203,4085,3951,588,598,3483865,3482406,1
D,136225,2,200,200,196,200,4106,3966,578,590,3484443,3482996,1
D,136235,2,200,200,200,201,4086,3961,589,591,3485032,3483587,1
D,136245,2,200,200,198,204,4096,3945,584,600,3485616,3484187,1
D,136255,2,200,200,199,199,4091,3970,585,587,3486201,3484774,1
D,136265,2,200,200,199,201,4091,3960,586,592,3486787,3485366,1
D,136275,2,200,200,198,202,4096,3955,583,596,3487370,3485962,1
D,136285,2,200,200,200,201,4086,3960,589,591,3487959,3486553,1
D,136295,2,200,200,197,201,4101,3960,581,591,3488540,3487144,1
D,136305,2,200,200,200,200,4086,3965,590,590,3489130,3487734,1
D,136315,2,200,200,199,203,4091,3950,587,597,3489717,3488331,1
D,136325,2,200,200,197,200,4101,3965,581,588,3490298,3488919,1
D,136335,2,200,200,200,200,4086,3965,589,588,3490887,3489507,1
D,136345,2,200,200,198,203,4096,3950,584,598,3491471,3490105,1
D,136355,2,200,200,200,199,4086,3970,588,587,3492059,3490692,1
D,136365,2,200,200,198,200,4096,3965,584,590,3492643,3491282,1
D,136375,2,200,200,199,201,4091,3960,587,591,3493230,3491873,1
D,136385,2,200,200,201,201,4081,3960,591,593,3493821,3492466,1
D,136395,2,200,200,197,200,4101,3965,579,588,3494400,3493054,1
D,136405,2,200,200,201,200,4081,3965,591,588,3494991,3493642,1
D,136415,2,200,200,199,202,4091,3955,585,596,3495576,3494238,1
D,136425,2,200,200,199,199,4091,3970,587,585,3496163,3494823,1
D,136435,2,200,200,199,200,4091,3965,587,589,3496750,3495412,1
D,136445,2,200,200,199,202,4091,3955,585,595,3497335,3496007,1
D,136455,2,200,200,201,200,4081,3965,591,588,3497926,3496595,1
D,136465,2,200,200,197,200,4101,3965,581,589,3498507,3497184,1
D,136475,2,200,200,201,200,4081,3965,592,588,3499099,3497772,1
D,136485,2,200,200,200,202,4086,3955,588,594,3499687,3498366,1
D,136495,2,200,200,198,200,4096,3965,584,588,3500271,3498954,1
D,136505,2,200,200,201,199,4081,3970,591,587,3500862,3499541,1
D,136515,2,200,200,199,202,4091,3955,585,596,3501447,3500137,1
D,136525,2,200,200,201,199,4081,3970,591,586,3502038,3500723,1
D,136535,2,200,200,199,200,4091,3965,585,589,3502623,3501312,1
D,136545,2,200,200,200,201,4086,3960,590,591,3503213,3501903,1
D,136555,2,200,200,201,200,4081,3965,592,590,3503805,3502493,1
D,136565,2,200,200,198,200,4096,3965,582,589,3504387,3503082,1
D,136575,2,200,200,201,199,4081,3970,593,586,3504980,3503668,1
D,136585,2,200,200,199,202,4091,3955,587,595,3505567,3504263,1
D,136595,2,200,200,200,199,4086,3970,589,585,3506156,3504848,1
D,136605,2,200,200,200,199,4086,3970,589,587,3506745,3505435,1
D,136615,2,200,200,199,202,4091,3955,587,596,3507332,3506031,1
D,136625,2,200,200,201,199,4081,3970,592,587,3507924,3506618,1
D,136635,2,200,200,198,201,4096,3960,583,591,3508507,3507209,1
D,136645,2,200,200,202,200,4076,3965,594,588,3509101,3507797,1
D,136655,2,200,200,200,202,4086,3955,589,594,3509690,3508391,1
D,136665,2,200,200,199,200,4091,3965,585,589,3510275,3508980,1
D,136675,2,200,200,201,200,4081,3965,591,588,3510866,3509568,1
D,136685,2,200,200,199,204,4091,3944,586,600,3511452,3510168,1
D,136695,2,200,200,201,199,4081,3969,592,587,3512044,3510755,1
D,136705,2,200,200,199,201,4091,3959,586,591,3512630,3511346,1
D,136715,2,200,200,201,202,4081,3954,591,596,3513221,3511942,1
D,136725,2,200,200,201,201,4081,3959,592,592,3513813,3512534,1
D,136735,2,200,200,198,201,4096,3959,582,593,3514395,3513127,1
D,136745,2,200,200,202,200,4076,3964,594,589,3514989,3513716,1
D,136755,2,200,200,200,203,4086,3949,588,599,3515577,3514315,1
D,136765,2,200,200,200,200,4086,3964,589,588,3516166,3514903,1
D,136775,2,200,200,200,201,4086,3959,589,591,3516755,3515494,1
D,136785,2,200,200,200,203,4086,3949,588,599,3517343,3516093,1
D,136795,2,200,200,201,200,4081,3964,592,590,3517935,3516683,1
D,136805,2,200,200,198,201,4096,3959,584,592,3518519,3517275,1
D,136815,2,200,200,201,202,4081,3954,593,594,3519112,3517869,1
D,136825,2,200,200,200,202,4086,3954,590,595,3519702,3518464,1
D,136835,2,200,200,199,201,4091,3959,585,592,3520287,3519056,1
D,136845,2,200,200,201,200,4081,3964,591,590,3520878,3519646,1
D,136855,2,200,200,199,204,4091,3943,586,601,3521464,3520247,1
D,136865,2,200,200,201,200,4081,3963,592,589,3522056,3520836,1
D,136875,2,200,200,199,201,4091,3958,586,591,3522642,3521427,1
D,136885,2,200,200,200,204,4086,3942,590,600,3523232,3522027,1
D,136895,2,200,200,201,201,4081,3957,592,592,3523824,3522619,1
D,136905,2,200,200,198,202,4096,3952,582,594,3524406,3523213,1
D,136915,2,200,200,201,201,4081,3957,593,593,3524999,3523806,1
D,136925,2,200,200,199,203,4091,3947,587,599,3525586,3524405,1
D,136935,2,200,200,200,201,4086,3957,589,593,3526175,3524998,1
D,136945,2,200,200,200,201,4086,3957,589,591,3526764,3525589,1
D,136955,2,200,200,199,205,4091,3936,587,603,3527351,3526192,1
D,136965,2,200,200,201,200,4081,3961,593,589,3527944,3526781,1
D,136975,2,200,200,198,202,4096,3951,583,594,3528527,3527375,1
D,136985,2,200,200,202,203,4076,3946,594,599,3529121,3527974,1
D,136995,2,200,200,200,201,4086,3956,590,593,3529711,3528567,1
D,137005,2,200,200,199,202,4091,3951,585,594,3530296,3529161,1
D,137015,2,200,200,201,201,4081,3956,592,591,3530888,3529752,1
D,137025,2,200,200,199,204,4091,3940,586,600,3531474,3530352,1
D,137035,2,200,200,201,201,4081,3955,592,591,3532066,3530943,1
D,137045,2,200,200,199,200,4091,3960,585,590,3532651,3531533,1
D,137055,2,200,200,200,204,4086,3939,590,602,3533241,3532135,1
D,137065,2,200,200,201,200,4081,3959,593,589,3533834,3532724,1
D,137075,2,200,200,197,201,4101,3954,581,592,3534415,3533316,1
D,137085,2,200,200,202,202,4076,3949,594,596,3535009,3533912,1
D,137095,2,200,200,199,202,4091,3949,586,594,3535595,3534506,1
D,137105,2,200,200,199,201,4091,3954,586,593,3536181,3535099,1
D,137115,2,200,200,199,201,4091,3954,587,591,3536768,3535690,1
D,137125,2,200,200,198,203,4096,3944,583,599,3537351,3536289,1
D,137135,2,200,200,200,200,4086,3959,590,589,3537941,3536878,1
D,137145,2,200,200,196,200,4107,3959,578,590,3538519,3537468,1
D,137155,2,200,200,200,203,4087,3944,589,599,3539108,3538067,1
D,137165,2,200,200,199,200,4092,3959,585,589,3539693,3538656,1
D,137175,2,200,200,197,201,4102,3954,579,592,3540272,3539248,1
D,137185,2,200,200,199,201,4092,3954,587,592,3540859,3539840,1
D,137195,2,200,200,197,202,4102,3949,581,595,3541440,3540435,1
D,137205,2,200,200,199,201,4092,3954,587,591,3542027,3541026,1
D,137215,2,200,200,197,199,4102,3964,580,587,3542607,3541613,1
D,137225,2,200,200,199,203,4092,3944,586,599,3543193,3542212,1
D,137235,2,200,200,199,199,4092,3964,587,585,3543780,3542797,1
D,137245,2,200,200,196,200,4108,3959,577,590,3544357,3543387,1
D,137255,2,200,200,200,202,4088,3949,589,594,3544946,3543981,1
D,137265,2,200,200,198,199,4098,3964,583,586,3545529,3544567,1
D,137275,2,200,200,199,200,4093,3959,586,589,3546115,3545156,1
D,137285,2,200,200,198,198,4098,3969,584,584,3546699,3545740,1
D,137295,2,200,200,198,201,4098,3954,584,592,3547283,3546332,1
D,137305,2,200,200,200,198,4088,3969,590,583,3547873,3546915,1
D,137315,2,200,200,197,198,4103,3969,579,583,3548452,3547498,1
D,137325,2,200,200,200,202,4088,3949,590,594,3549042,3548092,1
D,137335,2,200,200,199,198,4093,3969,586,582,3549628,3548674,1
D,137345,2,200,200,198,199,4098,3964,584,586,3550212,3549260,1
D,137355,2,200,200,200,199,4088,3964,588,586,3550800,3549846,1
D,137365,2,200,200,198,200,4098,3959,582,589,3551382,3550435,1
D,137375,2,200,200,201,199,4083,3964,591,585,3551973,3551020,1
D,137385,2,200,200,197,198,4103,3969,581,582,3552554,3551602,1
D,137395,2,200,200,200,202,4088,3949,590,594,3553144,3552196,1
D,137405,2,200,200,200,197,4088,3974,589,581,3553733,3552777,1
D,137415,2,200,200,197,199,4103,3964,581,585,3554314,3553362,1
D,137425,2,200,200,201,200,4083,3959,591,590,3554905,3553952,1
D,137435,2,200,200,198,199,4098,3964,584,585,3555489,3554537,1
D,137445,2,200,200,200,199,4088,3964,589,587,3556078,3555124,1
D,137455,2,200,200,199,198,4093,3969,585,582,3556663,3555706,1
D,137465,2,200,200,199,201,4093,3954,587,592,3557250,3556298,1
D,137475,2,200,200,201,197,4083,3974,592,581,3557842,3556879,1
D,137485,2,200,200,197,198,4103,3969,580,583,3558422,3557462,1
D,137495,2,200,200,201,201,4083,3954,593,592,3559015,3558054,1
D,137505,2,200,200,199,198,4093,3969,587,582,3559602,3558636,1
D,137515,2,200,200,199,199,4093,3964,587,585,3560189,3559221,1
D,137525,2,200,200,200,198,4088,3969,590,583,3560779,3559804,1
D,137535,2,200,200,199,200,4093,3959,585,589,3561364,3560393,1
D,137545,2,200,200,201,198,4083,3969,592,583,3561956,3560976,1
D,137555,2,200,200,198,198,4098,3969,584,582,3562540,3561558,1
D,137565,2,200,200,201,201,4083,3954,593,593,3563133,3562151,1
D,137575,2,200,200,200,197,4088,3974,590,580,3563723,3562731,1
D,137585,2,200,200,198,199,4098,3964,584,586,3564307,3563317,1
D,137595,2,200,200,201,199,4083,3964,593,587,3564900,3563904,1
D,137605,2,200,200,199,199,4093,3964,587,587,3565487,3564491,1
D,137615,2,200,200,201,199,4083,3964,591,585,3566078,3565076,1
D,137625,2,200,200,199,198,4093,3969,587,583,3566665,3565659,1
D,137635,2,200,200,200,202,4088,3949,590,594,3567255,3566253,1
D,137645,2,200,200,202,198,4078,3969,594,582,3567849,3566835,1
D,137655,2,200,200,198,199,4098,3964,582,585,3568431,3567420,1
D,137665,2,200,200,202,202,4078,3949,595,594,3569026,3568014,1
D,137675,2,200,200,200,199,4088,3964,589,585,3569615,3568599,1
D,137685,2,200,200,200,200,4088,3959,588,589,3570203,3569188,1
D,137695,2,200,200,201,199,4083,3964,592,585,3570795,3569773,1
D,137705,2,200,200,199,202,4093,3949,586,594,3571381,3570367,1
D,137715,2,200,200,202,199,4078,3964,594,587,3571975,3570954,1
D,137725,2,200,200,198,199,4098,3964,584,586,3572559,3571540,1
D,137735,2,200,200,202,203,4078,3944,594,598,3573153,3572138,1
D,137745,2,200,200,201,198,4083,3969,592,584,3573745,3572722,1
D,137755,2,200,200,198,200,4098,3959,584,590,3574329,3573312,1
D,137765,2,200,200,202,201,4078,3954,595,591,3574924,3573903,1
D,137775,2,200,200,199,201,4093,3954,587,592,3575511,3574495,1
D,137785,2,200,200,201,200,4083,3959,592,589,3576103,3575084,1
D,137795,2,200,200,200,199,4088,3964,589,587,3576692,3575671,1
D,137805,2,200,200,200,203,4088,3944,590,598,3577282,3576269,1
D,137815,2,200,200,202,199,4078,3964,594,586,3577876,3576855,1
D,137825,2,200,200,198,200,4098,3959,584,588,3578460,3577443,1
D,137835,2,200,200,202,203,4078,3944,595,598,3579055,3578041,1
D,137845,2,200,200,200,200,4088,3959,590,588,3579645,3578629,1
D,137855,2,200,200,199,201,4093,3954,587,591,3580232,3579220,1
D,137865,2,200,200,201,200,4083,3959,592,590,3580824,3579810,1
D,137875,2,200,200,199,202,4093,3949,586,595,3581410,3580405,1
D,137885,2,200,200,202,201,4078,3954,594,591,3582004,3580996,1
D,137895,2,200,200,199,200,4093,3959,585,589,3582589,3581585,1
D,137905,2,200,200,201,204,4083,3938,593,600,3583182,3582185,1
D,137915,2,200,200,201,199,4083,3963,592,587,3583774,3582772,1
D,137925,2,200,200,198,201,4098,3953,584,592,3584358,3583364,1
D,137935,2,200,200,202,203,4078,3943,594,597,3584952,3583961,1
D,137945,2,200,200,199,201,4093,3953,587,592,3585539,3584553,1
D,137955,2,200,200,201,202,4083,3948,592,594,3586131,3585147,1
D,137965,2,200,200,200,200,4088,3958,589,589,3586720,3585736,1
D,137975,2,200,200,200,203,4088,3943,588,599,3587308,3586335,1
D,137985,2,200,200,201,200,4083,3958,593,590,3587901,3586925,1
D,137995,2,200,200,198,200,4098,3958,583,590,3588484,3587515,1
D,138005,2,200,200,202,204,4078,3937,594,600,3589078,3588115,1
D,138015,2,200,200,200,200,4088,3957,590,588,3589668,3588703,1
D,138025,2,200,200,199,201,4093,3952,586,592,3590254,3589295,1
D,138035,2,200,200,201,202,4083,3947,593,594,3590847,3589889,1
D,138045,2,200,200,199,202,4093,3947,585,594,3591432,3590483,1
D,138055,2,200,200,202,201,4078,3952,594,592,3592026,3591075,1
D,138065,2,200,200,199,200,4093,3957,585,589,3592611,3591664,1
D,138075,2,200,200,201,204,4083,3936,591,600,3593202,3592264,1
D,138085,2,200,200,202,200,4078,3956,594,588,3593796,3592852,1
D,138095,2,200,200,197,200,4103,3956,581,589,3594377,3593441,1
D,138105,2,200,200,202,204,4078,3935,595,600,3594972,3594041,1
D,138115,2,200,200,199,200,4093,3955,585,589,3595557,3594630,1
D,138125,2,200,200,200,201,4088,3950,589,592,3596146,3595222,1
D,138135,2,200,200,199,201,4093,3950,587,592,3596733,3595814,1
D,138145,2,200,200,198,202,4098,3945,584,595,3597317,3596409,1
D,138155,2,200,200,201,201,4083,3950,591,591,3597908,3597000,1
D,138165,2,200,200,197,199,4103,3960,579,587,3598487,3597587,1
D,138175,2,200,200,200,204,4088,3934,589,600,3599076,3598187,1
D,138185,2,200,200,198,199,4098,3959,584,585,3599660,3598772,1
D,138195,2,200,200,198,201,4098,3949,582,591,3600242,3599363,1
D,138205,2,200,200,199,202,4093,3944,587,595,3600829,3599958,1
D,138215,2,200,200,197,201,4103,3949,581,591,3601410,3600549,1
D,138225,2,200,200,200,201,4088,3949,588,592,3601998,3601141,1
D,138235,2,200,200,197,200,4103,3954,580,588,3602578,3601729,1
D,138245,2,200,200,200,203,4088,3939,588,598,3603166,3602327,1
D,138255,2,200,200,200,200,4088,3954,588,588,3603754,3602915,1
D,138265,2,200,200,197,200,4103,3954,579,588,3604333,3603503,1
D,138275,2,200,200,200,203,4088,3939,590,599,3604923,3604102,1
D,138285,2,200,200,198,199,4098,3959,583,586,3605506,3604688,1
D,138295,2,200,200,199,201,4093,3949,587,591,3606093,3605279,1
D,138305,2,200,200,198,201,4098,3949,584,591,3606677,3605870,1
D,138315,2,200,200,199,201,4093,3949,586,592,3607263,3606462,1
D,138325,2,200,200,201,200,4083,3954,591,590,3607854,3607052,1
D,138335,2,200,200,197,199,4103,3959,580,586,3608434,3607638,1
D,138345,2,200,200,201,203,4083,3939,591,597,3609025,3608235,1
D,138355,2,200,200,199,198,4093,3964,587,584,3609612,3608819,1
D,138365,2,200,200,199,200,4093,3954,585,588,3610197,3609407,1
D,138375,2,200,200,200,202,4088,3944,588,595,3610785,3610002,1
D,138385,2,200,200,198,199,4098,3959,584,586,3611369,3610588,1
D,138395,2,200,200,201,200,4083,3954,591,590,3611960,3611178,1
D,138405,2,200,200,198,199,4098,3959,582,585,3612542,3611763,1
D,138415,2,200,200,201,202,4083,3944,591,594,3613133,3612357,1
D,138425,2,200,200,200,199,4088,3959,589,585,3613722,3612942,1
D,138435,2,200,200,198,199,4098,3959,582,585,3614304,3613527,1
D,138445,2,200,200,201,202,4083,3944,591,596,3614895,3614123,1
D,138455,2,200,200,198,198,4098,3964,584,582,3615479,3614705,1
D,138465,2,200,200,201,200,4083,3954,591,588,3616070,3615293,1
D,138475,2,200,200,199,200,4093,3954,585,588,3616655,3615881,1
D,138485,2,200,200,199,200,4093,3954,587,589,3617242,3616470,1
D,138495,2,200,200,201,199,4083,3959,593,586,3617835,3617056,1
D,138505,2,200,200,197,198,4103,3964,581,583,3618416,3617639,1
D,138515,2,200,200,202,202,4078,3944,594,594,3619010,3618233,1
D,138525,2,200,200,199,198,4093,3964,587,582,3619597,3618815,1
D,138535,2,200,200,200,199,4088,3959,588,585,3620185,3619400,1
D,138545,2,200,200,201,201,4083,3949,591,593,3620776,3619993,1
D,138555,2,200,200,199,198,4093,3964,586,584,3621362,3620577,1
D,138565,2,200,200,201,200,4083,3954,593,588,3621955,3621165,1
D,138575,2,200,200,198,198,4098,3964,584,583,3622539,3621748,1
D,138585,2,200,200,201,201,4083,3949,593,592,3623132,3622340,1
D,138595,2,200,200,201,198,4083,3964,592,584,3623724,3622924,1
D,138605,2,200,200,198,198,4098,3964,584,584,3624308,3623508,1
D,138615,2,200,200,202,202,4078,3944,594,594,3624902,3624102,1
D,138625,2,200,200,199,198,4093,3964,587,583,3625489,3624685,1
D,138635,2,200,200,201,199,4083,3959,591,586,3626080,3625271,1
D,138645,2,200,200,200,200,4088,3954,588,588,3626668,3625859,1
D,138655,2,200,200,200,200,4088,3954,590,590,3627258,3626449,1
D,138665,2,200,200,202,199,4078,3959,594,587,3627852,3627036,1
D,138675,2,200,200,198,199,4098,3959,584,585,3628436,3627621,1
D,138685,2,200,200,202,202,4078,3944,595,596,3629031,3628217,1
D,138695,2,200,200,200,198,4088,3964,590,583,3629621,3628800,1
D,138705,2,200,200,200,200,4088,3954,589,589,3630210,3629389,1
D,138715,2,200,200,201,202,4083,3944,593,595,3630803,3629984,1
D,138725,2,200,200,199,200,4093,3954,585,588,3631388,3630572,1
D,138735,2,200,200,202,201,4078,3949,595,591,3631983,3631163,1
D,138745,2,200,200,199,199,4093,3959,586,587,3632569,3631750,1
D,138755,2,200,200,201,203,4083,3939,593,597,3633162,3632347,1
D,138765,2,200,200,202,200,4078,3954,594,588,3633756,3632935,1
D,138775,2,200,200,198,199,4098,3959,584,587,3634340,3633522,1
D,138785,2,200,200,202,203,4078,3939,594,599,3634934,3634121,1
D,138795,2,200,200,200,199,4088,3959,588,586,3635522,3634707,1
D,138805,2,200,200,201,201,4083,3949,592,591,3636114,3635298,1
D,138815,2,200,200,200,201,4088,3949,589,593,3636703,3635891,1
D,138825,2,200,200,200,201,4088,3949,588,592,3637291,3636483,1
D,138835,2,200,200,202,201,4078,3949,594,591,3637885,3637074,1
D,138845,2,200,200,198,200,4098,3954,582,588,3638467,3637662,1
D,138855,2,200,200,202,203,4078,3939,594,599,3639061,3638261,1
D,138865,2,200,200,200,199,4088,3959,589,587,3639650,3638848,1
D,138875,2,200,200,199,200,4093,3954,586,590,3640236,3639438,1
D,138885,2,200,200,201,203,4083,3939,592,598,3640828,3640036,1
D,138895,2,200,200,198,200,4098,3954,584,589,3641412,3640625,1
D,138905,2,200,200,201,201,4083,3949,592,593,3642004,3641218,1
D,138915,2,200,200,199,201,4093,3949,585,591,3642589,3641809,1
D,138925,2,200,200,201,202,4083,3944,591,596,3643180,3642405,1
D,138935,2,200,200,201,201,4083,3949,593,592,3643773,3642997,1
D,138945,2,200,200,197,200,4103,3954,581,589,3644354,3643586,1
D,138955,2,200,200,201,204,4083,3933,593,602,3644947,3644188,1
D,138965,2,200,200,199,199,4093,3958,587,587,3645534,3644775,1
D,138975,2,200,200,200,201,4088,3948,590,593,3646124,3645368,1
D,138985,2,200,200,200,203,4088,3938,588,597,3646712,3645965,1
D,138995,2,200,200,199,201,4093,3948,586,592,3647298,3646557,1
D,139005,2,200,200,201,201,4083,3948,593,593,3647891,3647150,1
D,139015,2,200,200,198,200,4098,3953,582,589,3648473,3647739,1
D,139025,2,200,200,201,204,4083,3932,593,600,3649066,3648339,1
D,139035,2,200,200,200,200,4088,3952,589,590,3649655,3648929,1
D,139045,2,200,200,198,200,4098,3952,584,590,3650239,3649519,1
D,139055,2,200,200,201,204,4083,3931,593,600,3650832,3650119,1
D,139065,2,200,200,198,200,4098,3951,584,588,3651416,3650707,1
D,139075,2,200,200,201,201,4083,3946,593,593,3652009,3651300,1
D,139085,2,200,200,198,201,4098,3946,584,593,3652593,3651893,1
D,139095,2,200,200,200,201,4088,3946,590,593,3653183,3652486,1
D,139105,2,200,200,201,201,4083,3946,593,593,3653776,3653079,1
D,139115,2,200,200,197,199,4103,3956,580,587,3654356,3653666,1
D,139125,2,200,200,201,204,4083,3930,593,601,3654949,3654267,1
D,139135,2,200,200,199,199,4093,3955,586,587,3655535,3654854,1
D,139145,2,200,200,199,200,4093,3950,587,590,3656122,3655444,1
D,139155,2,200,200,199,203,4093,3935,587,599,3656709,3656043,1
D,139165,2,200,200,198,200,4098,3950,583,588,3657292,3656631,1
D,139175,2,200,200,200,201,4088,3945,590,593,3657882,3657224,1
D,139185,2,200,200,196,201,4109,3945,577,591,3658459,3657815,1
D,139195,2,200,200,200,202,4089,3940,589,595,3659048,3658410,1
D,139205,2,200,200,198,201,4099,3945,584,591,3659632,3659001,1
D,139215,2,200,200,197,199,4104,3955,581,587,3660213,3659588,1
D,139225,2,200,200,199,204,4094,3929,586,600,3660799,3660188,1
D,139235,2,200,200,197,199,4104,3954,580,585,3661379,3660773,1
D,139245,2,200,200,199,201,4094,3944,587,591,3661966,3661364,1
D,139255,2,200,200,197,202,4104,3939,579,594,3662545,3661958,1
D,139265,2,200,200,199,201,4094,3944,586,591,3663131,3662549,1
D,139275,2,200,200,199,201,4094,3944,587,591,3663718,3663140,1
D,139285,2,200,200,196,199,4110,3954,578,587,3664296,3663727,1
D,139295,2,200,200,200,203,4090,3934,588,597,3664884,3664324,1
D,139305,2,200,200,198,199,4100,3954,582,587,3665466,3664911,1
D,139315,2,200,200,199,199,4095,3954,586,587,3666052,3665498,1
D,139325,2,200,200,198,203,4100,3934,582,598,3666634,3666096,1
D,139335,2,200,200,199,199,4095,3954,585,585,3667219,3666681,1
D,139345,2,200,200,201,200,4085,3949,591,590,3667810,3667271,1
D,139355,2,200,200,196,201,4111,3944,578,591,3668388,3667862,1
D,139365,2,200,200,200,201,4091,3944,590,592,3668978,3668454,1
D,139375,2,200,200,199,200,4096,3949,586,588,3669564,3669042,1
D,139385,2,200,200,199,199,4096,3954,585,587,3670149,3669629,1
D,139395,2,200,200,199,203,4096,3934,587,598,3670736,3670227,1
D,139405,2,200,200,198,198,4101,3959,584,583,3671320,3670810,1
D,139415,2,200,200,200,200,4091,3949,590,589,3671910,3671399,1
D,139425,2,200,200,197,202,4106,3939,581,594,3672491,3671993,1
D,139435,2,200,200,201,200,4086,3949,591,588,3673082,3672581,1
D,139445,2,200,200,200,200,4091,3949,588,589,3673670,3673170,1
D,139455,2,200,200,198,199,4101,3954,582,585,3674252,3673755,1
D,139465,2,200,200,201,202,4086,3939,591,596,3674843,3674351,1
D,139475,2,200,200,198,198,4101,3959,583,584,3675426,3674935,1
D,139485,2,200,200,200,199,4091,3954,590,586,3676016,3675521,1
D,139495,2,200,200,199,203,4096,3934,585,597,3676601,3676118,1
D,139505,2,200,200,200,198,4091,3959,588,583,3677189,3676701,1
D,139515,2,200,200,201,200,4086,3949,591,589,3677780,3677290,1
D,139525,2,200,200,197,200,4106,3949,581,588,3678361,3677878,1
D,139535,2,200,200,201,201,4086,3944,593,591,3678954,3678469,1
D,139545,2,200,200,200,199,4091,3954,588,587,3679542,3679056,1
D,139555,2,200,200,199,199,4096,3954,587,585,3680129,3679641,1
D,139565,2,200,200,200,202,4091,3939,588,596,3680717,3680237,1
D,139575,2,200,200,199,198,4096,3959,586,583,3681303,3680820,1
D,139585,2,200,200,202,199,4081,3954,594,587,3681897,3681407,1
D,139595,2,200,200,198,201,4101,3944,582,592,3682479,3681999,1
D,139605,2,200,200,201,199,4086,3954,591,587,3683070,3682586,1
D,139615,2,200,200,201,200,4086,3949,591,588,3683661,3683174,1
D,139625,2,200,200,198,198,4101,3959,583,584,3684244,3683758,1
D,139635,2,200,200,201,202,4086,3939,593,594,3684837,3684352,1
D,139645,2,200,200,199,198,4096,3959,585,584,3685422,3684936,1
D,139655,2,200,200,201,199,4086,3954,591,585,3686013,3685521,1
D,139665,2,200,200,199,202,4096,3939,586,596,3686599,3686117,1
D,139675,2,200,200,200,198,4091,3959,590,583,3687189,3686700,1
D,139685,2,200,200,201,200,4086,3949,593,589,3687782,3687289,1
D,139695,2,200,200,198,200,4101,3949,582,589,3688364,3687878,1
D,139705,2,200,200,202,201,4081,3944,594,592,3688958,3688470,1
D,139715,2,200,200,200,200,4091,3949,588,588,3689546,3689058,1
D,139725,2,200,200,200,199,4091,3954,589,586,3690135,3689644,1
D,139735,2,200,200,200,203,4091,3934,590,599,3690725,3690243,1
D,139745,2,200,200,199,199,4096,3954,587,585,3691312,3690828,1
D,139755,2,200,200,201,200,4086,3949,593,589,3691905,3691417,1
D,139765,2,200,200,198,202,4101,3939,584,596,3692489,3692013,1
D,139775,2,200,200,202,200,4081,3949,594,589,3693083,3692602,1
D,139785,2,200,200,201,201,4086,3944,592,591,3693675,3693193,1
D,139795,2,200,200,199,200,4096,3949,585,588,3694260,3693781,1
D,139805,2,200,200,202,203,4081,3934,594,597,3694854,3694378,1
D,139815,2,200,200,199,200,4096,3949,586,588,3695440,3694966,1
D,139825,2,200,200,201,200,4086,3949,592,588,3696032,3695554,1
D,139835,2,200,200,200,203,4091,3934,588,599,3696620,3696153,1
D,139845,2,200,200,200,199,4091,3954,590,586,3697210,3696739,1
D,139855,2,200,200,202,201,4081,3944,594,592,3697804,3697331,1
D,139865,2,200,200,198,202,4101,3939,582,594,3698386,3697925,1
D,139875,2,200,200,201,201,4086,3944,593,592,3698979,3698517,1
D,139885,2,200,200,200,201,4091,3944,589,592,3699568,3699109,1
D,139895,2,200,200,199,200,4096,3949,587,588,3700155,3699697,1
D,139905,2,200,200,201,204,4086,3928,591,600,3700746,3700297,1
D,139915,2,200,200,199,199,4096,3953,586,587,3701332,3700884,1
D,139925,2,200,200,201,201,4086,3943,592,591,3701924,3701475,1
D,139935,2,200,200,198,203,4101,3933,584,599,3702508,3702074,1
D,139945,2,200,200,201,200,4086,3948,593,589,3703101,3702663,1
D,139955,2,200,200,201,201,4086,3943,591,593,3703692,3703256,1
D,139965,2,200,200,198,201,4101,3943,584,592,3704276,3703848,1
D,139975,2,200,200,201,203,4086,3933,593,597,3704869,3704445,1
D,139985,2,200,200,199,201,4096,3943,586,591,3705455,3705036,1
D,139995,2,200,200,201,200,4086,3948,591,589,3706046,3705625,1
D,140005,2,200,200,199,204,4096,3927,586,601,3706632,3706226,1
D,140015,2,200,200,200,199,4091,3952,589,587,3707221,3706813,1
D,140025,2,200,200,201,201,4086,3942,593,593,3707814,3707406,1
D,140035,2,200,200,198,203,4101,3932,582,598,3708396,3708004,1
D,140045,2,200,200,201,201,4086,3942,592,591,3708988,3708595,1
D,140055,2,200,200,200,201,4091,3942,589,593,3709577,3709188,1
D,140065,2,200,200,199,200,4096,3947,587,590,3710164,3709778,1
D,140075,2,200,200,201,203,4086,3932,591,599,3710755,3710377,1
D,140085,2,200,200,199,200,4096,3947,585,590,3711340,3710967,1
D,140095,2,200,200,201,200,4086,3947,592,590,3711932,3711557,1
D,140105,2,200,200,198,204,4101,3926,584,600,3712516,3712157,1
D,140115,2,200,200,201,199,4086,3951,591,586,3713107,3712743,1
D,140125,2,200,200,201,201,4086,3941,591,593,3713698,3713336,1
D,140135,2,200,200,198,202,4101,3936,583,594,3714281,3713930,1
D,140145,2,200,200,201,201,4086,3941,592,593,3714873,3714523,1
D,140155,2,200,200,199,201,4096,3941,585,592,3715458,3715115,1
D,140165,2,200,200,200,200,4091,3946,588,589,3716046,3715704,1
D,140175,2,200,200,199,203,4096,3931,585,599,3716631,3716303,1
D,140185,2,200,200,199,199,4096,3951,585,587,3717216,3716890,1
D,140195,2,200,200,201,201,4086,3941,591,591,3717807,3717481,1
D,140205,2,200,200,196,203,4112,3931,577,598,3718384,3718079,1
D,140215,2,200,200,200,200,4092,3946,589,588,3718973,3718667,1
D,140225,2,200,200,198,201,4102,3941,584,592,3719557,3719259,1
D,140235,2,200,200,198,201,4102,3941,583,591,3720140,3719850,1
D,140245,2,200,200,199,202,4097,3936,585,595,3720725,3720445,1
D,140255,2,200,200,198,200,4102,3946,582,589,3721307,3721034,1
D,140265,2,200,200,199,200,4097,3946,587,588,3721894,3721622,1
D,140275,2,200,200,197,203,4107,3931,579,599,3722473,3722221,1
D,140285,2,200,200,199,198,4097,3956,587,584,3723060,3722805,1
D,140295,2,200,200,199,200,4097,3946,586,590,3723646,3723395,1
D,140305,2,200,200,197,202,4107,3936,581,594,3724227,3723989,1
D,140315,2,200,200,200,199,4092,3951,588,587,3724815,3724576,1
D,140325,2,200,200,197,200,4107,3946,581,588,3725396,3725164,1
D,140335,2,200,200,200,199,4092,3951,588,585,3725984,3725749,1
D,140345,2,200,200,198,202,4102,3936,582,594,3726566,3726343,1
D,140355,2,200,200,199,198,4097,3956,587,582,3727153,3726925,1
D,140365,2,200,200,200,198,4092,3956,589,584,3727742,3727509,1
D,140375,2,200,200,197,201,4107,3941,580,592,3728322,3728101,1
D,140385,2,200,200,200,197,4092,3961,590,580,3728912,3728681,1
D,140395,2,200,200,198,199,4102,3951,584,585,3729496,3729266,1
D,140405,2,200,200,199,198,4097,3956,587,583,3730083,3729849,1
D,140415,2,200,200,199,199,4097,3951,585,587,3730668,3730436,1
D,140425,2,200,200,199,197,4097,3961,585,581,3731253,3731017,1
D,140435,2,200,200,201,197,4087,3961,591,580,3731844,3731597,1
D,140445,2,200,200,197,200,4107,3946,580,590,3732424,3732187,1
D,140455,2,200,200,200,196,4092,3967,590,577,3733014,3732764,1
D,140465,2,200,200,199,198,4097,3957,587,583,3733601,3733347,1
D,140475,2,200,200,199,199,4097,3952,585,585,3734186,3733932,1
D,140485,2,200,200,200,199,4092,3952,590,585,3734776,3734517,1
D,140495,2,200,200,198,198,4102,3957,583,582,3735359,3735099,1
D,140505,2,200,200,200,197,4092,3962,590,580,3735949,3735679,1
D,140515,2,200,200,198,201,4102,3942,583,591,3736532,3736270,1
D,140525,2,200,200,200,197,4092,3962,590,579,3737122,3736849,1
D,140535,2,200,200,201,198,4087,3957,591,583,3737713,3737432,1
D,140545,2,200,200,198,200,4102,3947,582,589,3738295,3738021,1
D,140555,2,200,200,201,198,4087,3957,592,583,3738887,3738604,1
D,140565,2,200,200,199,199,4097,3952,586,585,3739473,3739189,1
D,140575,2,200,200,200,198,4092,3957,589,582,3740062,3739771,1
D,140585,2,200,200,200,201,4092,3942,588,591,3740650,3740362,1
D,140595,2,200,200,199,197,4097,3962,586,581,3741236,3740943,1
D,140605,2,200,200,202,198,4082,3957,594,583,3741830,3741526,1
D,140615,2,200,200,198,201,4102,3942,582,591,3742412,3742117,1
D,140625,2,200,200,201,197,4087,3962,592,580,3743004,3742697,1
D,140635,2,200,200,200,199,4092,3952,590,585,3743594,3743282,1
D,140645,2,200,200,199,198,4097,3957,586,584,3744180,3743866,1
D,140655,2,200,200,201,199,4087,3952,592,587,3744772,3744453,1
D,140665,2,200,200,199,198,4097,3957,585,582,3745357,3745035,1
D,140675,2,200,200,201,198,4087,3957,593,582,3745950,3745617,1
D,140685,2,200,200,199,201,4097,3942,585,592,3746535,3746209,1
D,140695,2,200,200,201,197,4087,3962,592,579,3747127,3746788,1
D,140705,2,200,200,201,199,4087,3952,592,585,3747719,3747373,1
D,140715,2,200,200,198,200,4102,3947,584,589,3748303,3747962,1
D,140725,2,200,200,202,199,4082,3952,594,585,3748897,3748547,1
D,140735,2,200,200,200,199,4092,3952,588,586,3749485,3749133,1
D,140745,2,200,200,200,198,4092,3957,590,583,3750075,3749716,1
D,140755,2,200,200,200,201,4092,3942,589,593,3750664,3750309,1
D,140765,2,200,200,200,198,4092,3957,589,583,3751253,3750892,1
D,140775,2,200,200,202,199,4082,3952,595,586,3751848,3751478,1
D,140785,2,200,200,198,201,4102,3942,584,593,3752432,3752071,1
D,140795,2,200,200,202,198,4082,3957,594,584,3753026,3752655,1
D,140805,2,200,200,201,200,4087,3947,592,588,3753618,3753243,1
D,140815,2,200,200,199,199,4097,3952,587,586,3754205,3753829,1
D,140825,2,200,200,201,201,4087,3942,593,593,3754798,3754422,1
D,140835,2,200,200,199,199,4097,3952,587,586,3755385,3755008,1
D,140845,2,200,200,201,199,4087,3952,593,586,3755978,3755594,1
D,140855,2,200,200,199,202,4097,3937,587,596,3756565,3756190,1
D,140865,2,200,200,201,198,4087,3957,591,584,3757156,3756774,1
D,140875,2,200,200,201,200,4087,3947,593,589,3757749,3757363,1
D,140885,2,200,200,198,201,4102,3942,584,593,3758333,3757956,1
D,140895,2,200,200,201,200,4087,3947,593,590,3758926,3758546,1
D,140905,2,200,200,200,200,4092,3947,588,589,3759514,3759135,1
D,140915,2,200,200,200,199,4092,3952,590,587,3760104,3759722,1
D,140925,2,200,200,200,203,4092,3932,589,597,3760693,3760319,1
D,140935,2,200,200,199,199,4097,3952,587,586,3761280,3760905,1
D,140945,2,200,200,202,200,4082,3947,594,590,3761874,3761495,1
D,140955,2,200,200,198,203,4102,3932,583,597,3762457,3762092,1
D,140965,2,200,200,201,199,4087,3952,593,587,3763050,3762679,1
D,140975,2,200,200,201,201,4087,3942,591,592,3763641,3763271,1
D,140985,2,200,200,199,201,4097,3942,586,591,3764227,3763862,1
D,140995,2,200,200,201,202,4087,3937,592,595,3764819,3764457,1
D,141005,2,200,200,199,201,4097,3942,586,591,3765405,3765048,1
D,141015,2,200,200,201,200,4087,3947,592,589,3765997,3765637,1
D,141025,2,200,200,199,203,4097,3932,585,599,3766582,3766236,1
D,141035,2,200,200,200,199,4092,3952,590,586,3767172,3766822,1
D,141045,2,200,200,201,201,4087,3942,593,591,3767765,3767413,1
D,141055,2,200,200,198,203,4102,3932,582,597,3768347,3768010,1
D,141065,2,200,200,202,200,4082,3947,594,590,3768941,3768600,1
D,141075,2,200,200,199,201,4097,3942,587,592,3769528,3769192,1
D,141085,2,200,200,200,200,4092,3947,589,589,3770117,3769781,1
D,141095,2,200,200,200,203,4092,3932,589,597,3770706,3770378,1
D,141105,2,200,200,199,200,4097,3947,586,589,3771292,3770967,1
D,141115,2,200,200,201,200,4087,3947,593,589,3771885,3771556,1
D,141125,2,200,200,198,203,4102,3932,583,598,3772468,3772154,1
D,141135,2,200,200,201,199,4087,3952,592,586,3773060,3772740,1
D,141145,2,200,200,201,201,4087,3942,591,592,3773651,3773332,1
D,141155,2,200,200,198,202,4102,3937,584,594,3774235,3773926,1
D,141165,2,200,200,201,201,4087,3942,591,592,3774826,3774518,1
D,141175,2,200,200,198,201,4102,3942,584,591,3775410,3775109,1
D,141185,2,200,200,200,200,4092,3947,589,588,3775999,3775697,1
D,141195,2,200,200,198,203,4102,3932,583,598,3776582,3776295,1
D,141205,2,200,200,199,199,4097,3952,586,587,3777168,3776882,1
D,141215,2,200,200,200,200,4092,3947,589,590,3777757,3777472,1
D,141225,2,200,200,196,203,4113,3932,578,597,3778335,3778069,1
D,141235,2,200,200,199,200,4098,3947,587,588,3778922,3778657,1
D,141245,2,200,200,198,201,4103,3942,583,591,3779505,3779248,1
D,141255,2,200,200,198,200,4103,3947,584,589,3780089,3779837,1
D,141265,2,200,200,198,202,4103,3937,582,594,3780671,3780431,1
D,141275,2,200,200,197,199,4108,3952,581,587,3781252,3781018,1
D,141285,2,200,200,199,199,4098,3952,587,587,3781839,3781605,1
D,141295,2,200,200,196,203,4114,3932,576,598,3782415,3782203,1
D,141305,2,200,200,199,198,4099,3957,586,584,3783001,3782787,1
D,141315,2,200,200,198,200,4104,3947,584,590,3783585,3783377,1
D,141325,2,200,200,197,201,4109,3942,581,593,3784166,3783970,1
D,141335,2,200,200,199,200,4099,3947,585,588,3784751,3784558,1
D,141345,2,200,200,197,200,4109,3947,581,589,3785332,3785147,1
D,141355,2,200,200,199,199,4099,3952,587,586,3785919,3785733,1
D,141365,2,200,200,196,202,4115,3937,578,596,3786497,3786329,1
D,141375,2,200,200,199,199,4100,3952,587,585,3787084,3786914,1
D,141385,2,200,200,199,199,4100,3952,587,587,3787671,3787501,1
D,141395,2,200,200,197,202,4110,3937,580,596,3788251,3788097,1
D,141405,2,200,200,200,198,4095,3957,588,584,3788839,3788681,1
D,141415,2,200,200,197,200,4110,3947,581,589,3789420,3789270,1
D,141425,2,200,200,199,199,4100,3952,587,587,3790007,3789857,1
D,141435,2,200,200,198,201,4105,3942,582,592,3790589,3790449,1
D,141445,2,200,200,199,199,4100,3952,586,587,3791175,3791036,1
D,141455,2,200,200,200,198,4095,3957,588,584,3791763,3791620,1
D,141465,2,200,200,196,202,4116,3937,578,596,3792341,3792216,1
D,141475,2,200,200,200,197,4096,3962,590,581,3792931,3792797,1
D,141485,2,200,200,198,199,4106,3952,584,587,3793515,3793384,1
D,141495,2,200,200,199,200,4101,3947,586,590,3794101,3793974,1
D,141505,2,200,200,199,199,4101,3952,585,587,3794686,3794561,1
D,141515,2,200,200,198,199,4106,3952,584,586,3795270,3795147,1
D,141525,2,200,200,200,198,4096,3957,589,583,3795859,3795730,1
D,141535,2,200,200,197,202,4111,3937,580,594,3796439,3796324,1
D,141545,2,200,200,200,198,4096,3957,589,582,3797028,3796906,1
D,141555,2,200,200,199,199,4101,3952,586,585,3797614,3797491,1
D,141565,2,200,200,198,201,4106,3942,584,592,3798198,3798083,1
D,141575,2,200,200,200,198,4096,3957,590,583,3798788,3798666,1
D,141585,2,200,200,198,199,4106,3952,584,586,3799372,3799252,1
D,141595,2,200,200,201,199,4091,3952,591,586,3799963,3799838,1
D,141605,2,200,200,198,200,4106,3947,583,590,3800546,3800428,1
D,141615,2,200,200,200,198,4096,3957,589,583,3801135,3801011,1
D,141625,2,200,200,201,198,4091,3957,591,584,3801726,3801595,1
D,141635,2,200,200,197,201,4111,3942,581,592,3802307,3802187,1
D,141645,2,200,200,201,197,4091,3962,592,581,3802899,3802768,1
D,141655,2,200,200,199,199,4101,3952,586,586,3803485,3803354,1
D,141665,2,200,200,200,200,4096,3947,588,589,3804073,3803943,1
D,141675,2,200,200,200,199,4096,3952,588,587,3804661,3804530,1
D,141685,2,200,200,199,199,4101,3952,587,586,3805248,3805116,1
D,141695,2,200,200,201,198,4091,3957,592,584,3805840,3805700,1
D,141705,2,200,200,198,202,4106,3937,582,594,3806422,3806294,1
D,141715,2,200,200,201,198,4091,3957,591,582,3807013,3806876,1
D,141725,2,200,200,200,199,4096,3952,590,586,3807603,3807462,1
D,141735,2,200,200,199,202,4101,3937,586,594,3808189,3808056,1
D,141745,2,200,200,201,198,4091,3957,591,584,3808780,3808640,1
D,141755,2,200,200,199,200,4101,3947,586,589,3809366,3809229,1
D,141765,2,200,200,201,200,4091,3947,592,588,3809958,3809817,1
D,141775,2,200,200,199,202,4101,3937,585,594,3810543,3810411,1
D,141785,2,200,200,200,199,4096,3952,590,586,3811133,3810997,1
D,141795,2,200,200,201,200,4091,3947,593,588,3811726,3811585,1
D,141805,2,200,200,198,203,4106,3932,583,597,3812309,3812182,1
D,141815,2,200,200,201,199,4091,3952,593,585,3812902,3812767,1
D,141825,2,200,200,200,201,4096,3942,588,591,3813490,3813358,1
D,141835,2,200,200,200,201,4096,3942,590,593,3814080,3813951,1
D,141845,2,200,200,200,200,4096,3947,589,590,3814669,3814541,1
D,141855,2,200,200,200,200,4096,3947,588,590,3815257,3815131,1
D,141865,2,200,200,201,200,4091,3947,593,588,3815850,3815719,1
D,141875,2,200,200,198,203,4106,3932,583,598,3816433,3816317,1
D,141885,2,200,200,201,199,4091,3952,593,586,3817026,3816903,1
D,141895,2,200,200,200,200,4096,3947,589,590,3817615,3817493,1
D,141905,2,200,200,199,203,4101,3932,587,598,3818202,3818091,1
D,141915,2,200,200,201,200,4091,3947,591,588,3818793,3818679,1
D,141925,2,200,200,199,201,4101,3942,585,592,3819378,3819271,1
D,141935,2,200,200,201,201,4091,3942,591,592,3819969,3819863,1
D,141945,2,200,200,198,202,4106,3937,584,595,3820553,3820458,1
D,141955,2,200,200,201,201,4091,3942,591,591,3821144,3821049,1
D,141965,2,200,200,201,200,4091,3947,591,590,3821735,3821639,1
D,141975,2,200,200,198,204,4106,3926,583,601,3822318,3822240,1
D,141985,2,200,200,201,200,4091,3946,592,588,3822910,3822828,1
D,141995,2,200,200,199,201,4101,3941,587,592,3823497,3823420,1
D,142005,2,200,200,200,203,4096,3931,590,598,3824087,3824018,1
D,142015,2,200,200,200,201,4096,3941,588,592,3824675,3824610,1
D,142025,2,200,200,199,201,4101,3941,587,593,3825262,3825203,1
D,142035,2,200,200,201,201,4091,3941,592,591,3825854,3825794,1
D,142045,2,200,200,198,203,4106,3931,582,599,3826436,3826393,1
D,142055,2,200,200,201,200,4091,3946,592,590,3827028,3826983,1
D,142065,2,200,200,200,201,4096,3941,590,591,3827618,3827574,1
D,142075,2,200,200,199,204,4101,3925,585,600,3828203,3828174,1
D,142085,2,200,200,201,200,4091,3945,592,588,3828795,3828762,1
D,142095,2,200,200,199,201,4101,3940,585,592,3829380,3829354,1
D,142105,2,200,200,201,203,4091,3930,591,597,3829971,3829951,1
D,142115,2,200,200,199,201,4101,3940,585,592,3830556,3830543,1
D,142125,2,200,200,200,201,4096,3940,590,592,3831146,3831135,1
D,142135,2,200,200,201,200,4091,3945,592,589,3831738,3831724,1
D,142145,2,200,200,198,203,4106,3930,583,599,3832321,3832323,1
D,142155,2,200,200,201,200,4091,3945,591,588,3832912,3832911,1
D,142165,2,200,200,200,201,4096,3940,588,591,3833500,3833502,1
D,142175,2,200,200,200,203,4096,3930,589,597,3834089,3834099,1
D,142185,2,200,200,200,200,4096,3945,588,589,3834677,3834688,1
D,142195,2,200,200,199,201,4101,3940,586,593,3835263,3835281,1
D,142205,2,200,200,200,201,4096,3940,590,593,3835853,3835874,1
D,142215,2,200,200,197,202,4111,3935,580,595,3836433,3836469,1
D,142225,2,200,200,200,200,4096,3945,590,590,3837023,3837059,1
D,142235,2,200,200,199,200,4101,3945,586,590,3837609,3837649,1
D,142245,2,200,200,198,203,4106,3930,582,599,3838191,3838248,1
D,142255,2,200,200,199,199,4101,3950,587,586,3838778,3838834,1
D,142265,2,200,200,198,201,4106,3940,582,592,3839360,3839426,1
D,142275,2,200,200,199,202,4101,3935,587,596,3839947,3840022,1
D,142285,2,200,200,197,200,4111,3945,579,590,3840526,3840612,1
D,142295,2,200,200,199,201,4101,3940,586,591,3841112,3841203,1
D,142305,2,200,200,199,200,4101,3945,585,589,3841697,3841792,1
D,142315,2,200,200,197,203,4111,3930,580,597,3842277,3842389,1
D,142325,2,200,200,199,200,4101,3945,586,588,3842863,3842977,1
D,142335,2,200,200,198,200,4106,3945,582,589,3843445,3843566,1
D,142345,2,200,200,199,203,4101,3930,586,598,3844031,3844164,1
D,142355,2,200,200,198,199,4106,3950,582,586,3844613,3844750,1
D,142365,2,200,200,199,201,4101,3940,585,591,3845198,3845341,1
D,142375,2,200,200,200,201,4096,3940,588,592,3845786,3845933,1
D,142385,2,200,200,196,201,4117,3940,578,592,3846364,3846525,1
D,142395,2,200,200,200,200,4097,3945,589,589,3846953,3847114,1
D,142405,2,200,200,198,200,4107,3945,584,588,3847537,3847702,1
D,142415,2,200,200,199,202,4102,3935,585,596,3848122,3848298,1
D,142425,2,200,200,199,199,4102,3950,586,585,3848708,3848883,1
D,142435,2,200,200,198,200,4107,3945,584,589,3849292,3849472,1
D,142445,2,200,200,200,202,4097,3935,588,595,3849880,3850067,1
D,142455,2,200,200,197,199,4112,3950,581,587,3850461,3850654,1
D,142465,2,200,200,200,200,4097,3945,589,589,3851050,3851243,1
D,142475,2,200,200,199,200,4102,3945,587,588,3851637,3851831,1
D,142485,2,200,200,198,202,4107,3935,583,594,3852220,3852425,1
D,142495,2,200,200,200,199,4097,3950,589,586,3852809,3853011,1
D,142505,2,200,200,198,199,4107,3950,583,587,3853392,3853598,1
D,142515,2,200,200,200,202,4097,3935,589,595,3853981,3854193,1
D,142525,2,200,200,198,198,4107,3955,584,583,3854565,3854776,1
D,142535,2,200,200,200,200,4097,3945,588,588,3855153,3855364,1
D,142545,2,200,200,200,201,4097,3940,589,591,3855742,3855955,1
D,142555,2,200,200,197,200,4112,3945,581,588,3856323,3856543,1
D,142565,2,200,200,200,199,4097,3950,590,587,3856913,3857130,1
D,142575,2,200,200,199,198,4102,3955,587,584,3857500,3857714,1
D,142585,2,200,200,199,202,4102,3935,587,594,3858087,3858308,1
D,142595,2,200,200,199,198,4102,3955,587,582,3858674,3858890,1
D,142605,2,200,200,199,199,4102,3950,587,586,3859261,3859476,1
D,142615,2,200,200,201,201,4092,3940,592,593,3859853,3860069,1
D,142625,2,200,200,198,198,4107,3955,582,584,3860435,3860653,1
D,142635,2,200,200,201,199,4092,3950,592,587,3861027,3861240,1
D,142645,2,200,200,200,199,4097,3950,589,586,3861616,3861826,1
D,142655,2,200,200,199,200,4102,3945,586,590,3862202,3862416,1
D,142665,2,200,200,201,198,4092,3955,591,584,3862793,3863000,1
D,142675,2,200,200,199,199,4102,3950,586,585,3863379,3863585,1
D,142685,2,200,200,201,201,4092,3940,592,593,3863971,3864178,1
D,142695,2,200,200,199,198,4102,3955,585,582,3864556,3864760,1
D,142705,2,200,200,201,199,4092,3950,592,586,3865148,3865346,1
D,142715,2,200,200,201,200,4092,3945,591,589,3865739,3865935,1
D,142725,2,200,200,198,200,4107,3945,583,588,3866322,3866523,1
D,142735,2,200,200,201,199,4092,3950,593,586,3866915,3867109,1
D,142745,2,200,200,199,199,4102,3950,587,585,3867502,3867694,1
D,142755,2,200,200,201,202,4092,3935,591,594,3868093,3868288,1
D,142765,2,200,200,200,198,4097,3955,589,583,3868682,3868871,1
D,142775,2,200,200,200,199,4097,3950,588,587,3869270,3869458,1
D,142785,2,200,200,201,202,4092,3935,592,594,3869862,3870052,1
D,142795,2,200,200,198,199,4107,3950,584,587,3870446,3870639,1
D,142805,2,200,200,202,200,4087,3945,594,588,3871040,3871227,1
D,142815,2,200,200,200,200,4097,3945,589,588,3871629,3871815,1
D,142825,2,200,200,200,202,4097,3935,588,595,3872217,3872410,1
D,142835,2,200,200,201,199,4092,3950,592,586,3872809,3872996,1
D,142845,2,200,200,199,199,4102,3950,587,587,3873396,3873583,1
D,142855,2,200,200,201,202,4092,3935,593,596,3873989,3874179,1
D,142865,2,200,200,199,198,4102,3955,587,584,3874576,3874763,1
D,142875,2,200,200,201,200,4092,3945,592,589,3875168,3875352,1
D,142885,2,200,200,201,201,4092,3940,592,592,3875760,3875944,1
D,142895,2,200,200,198,201,4107,3940,583,591,3876343,3876535,1
D,142905,2,200,200,202,199,4087,3950,594,587,3876937,3877122,1
D,142915,2,200,200,200,200,4097,3945,589,588,3877526,3877710,1
D,142925,2,200,200,200,202,4097,3935,590,596,3878116,3878306,1
D,142935,2,200,200,200,199,4097,3950,590,585,3878706,3878891,1
D,142945,2,200,200,200,200,4097,3945,588,589,3879294,3879480,1
D,142955,2,200,200,201,202,4092,3935,593,596,3879887,3880076,1
D,142965,2,200,200,198,199,4107,3950,584,587,3880471,3880663,1
D,142975,2,200,200,201,200,4092,3945,593,590,3881064,3881253,1
D,142985,2,200,200,201,200,4092,3945,591,589,3881655,3881842,1
D,142995,2,200,200,199,202,4102,3935,587,594,3882242,3882436,1
D,143005,2,200,200,201,200,4092,3945,593,589,3882835,3883025,1
D,143015,2,200,200,199,200,4102,3945,587,590,3883422,3883615,1
D,143025,2,200,200,201,203,4092,3930,593,599,3884015,3884214,1
D,143035,2,200,200,200,199,4097,3950,588,586,3884603,3884800,1
D,143045,2,200,200,201,201,4092,3940,591,591,3885194,3885391,1
D,143055,2,200,200,201,203,4092,3930,593,597,3885787,3885988,1
D,143065,2,200,200,198,201,4107,3940,584,591,3886371,3886579,1
D,143075,2,200,200,201,201,4092,3940,593,592,3886964,3887171,1
D,143085,2,200,200,201,200,4092,3945,591,589,3887555,3887760,1
D,143095,2,200,200,200,203,4097,3930,590,598,3888145,3888358,1
D,143105,2,200,200,201,200,4092,3945,591,589,3888736,3888947,1
D,143115,2,200,200,200,200,4097,3945,589,590,3889325,3889537,1
D,143125,2,200,200,201,203,4092,3930,593,599,3889918,3890136,1
D,143135,2,200,200,199,199,4102,3950,586,587,3890504,3890723,1
D,143145,2,200,200,201,201,4092,3940,593,592,3891097,3891315,1
D,143155,2,200,200,201,201,4092,3940,592,593,3891689,3891908,1
D,143165,2,200,200,199,202,4102,3935,586,594,3892275,3892502,1
D,143175,2,200,200,202,201,4087,3940,594,591,3892869,3893093,1
D,143185,2,200,200,200,200,4097,3945,588,588,3893457,3893681,1
D,143195,2,200,200,201,203,4092,3930,592,598,3894049,3894279,1
D,143205,2,200,200,200,199,4097,3950,588,587,3894637,3894866,1
D,143215,2,200,200,200,200,4097,3945,590,590,3895227,3895456,1
D,143225,2,200,200,201,203,4092,3930,591,597,3895818,3896053,1
D,143235,2,200,200,197,200,4112,3945,581,589,3896399,3896642,1
D,143245,2,200,200,201,201,4092,3940,592,591,3896991,3897233,1
D,143255,2,200,200,199,200,4102,3945,587,590,3897578,3897823,1
D,143265,2,200,200,199,202,4102,3935,586,595,3898164,3898418,1
D,143275,2,200,200,199,200,4102,3945,586,589,3898750,3899007,1
D,143285,2,200,200,198,200,4107,3945,584,588,3899334,3899595,1
D,143295,2,200,200,200,203,4097,3930,589,598,3899923,3900193,1
D,143305,2,200,200,197,198,4112,3955,580,584,3900503,3900777,1
D,143315,2,200,200,200,200,4097,3945,588,590,3901091,3901367,1
D,143325,2,200,200,199,202,4102,3935,586,596,3901677,3901963,1
D,143335,2,200,200,197,200,4112,3945,581,590,3902258,3902553,1
D,143345,2,200,200,200,200,4097,3945,588,590,3902846,3903143,1
D,143355,2,200,200,198,200,4107,3945,583,588,3903429,3903731,1
D,143365,2,200,200,200,202,4097,3935,588,596,3904017,3904327,1
D,143375,2,200,200,198,199,4107,3950,582,587,3904599,3904914,1
D,143385,2,200,200,199,200,4102,3945,587,588,3905186,3905502,1
D,143395,2,200,200,200,202,4097,3935,588,596,3905774,3906098,1
D,143405,2,200,200,197,199,4112,3950,580,585,3906354,3906683,1
D,143415,2,200,200,200,200,4097,3945,590,589,3906944,3907272,1
D,143425,2,200,200,199,200,4102,3945,586,590,3907530,3907862,1
D,143435,2,200,200,200,201,4097,3940,588,591,3908118,3908453,1
D,143445,2,200,200,199,199,4102,3950,587,587,3908705,3909040,1
D,143455,2,200,200,199,199,4102,3950,586,587,3909291,3909627,1
D,143465,2,200,200,200,202,4097,3935,590,595,3909881,3910222,1
D,143475,2,200,200,198,198,4107,3955,583,584,3910464,3910806,1
D,143485,2,200,200,201,200,4092,3945,591,588,3911055,3911394,1
D,143495,2,200,200,200,201,4097,3940,588,593,3911643,3911987,1
D,143505,2,200,200,199,200,4102,3945,585,588,3912228,3912575,1
D,143515,2,200,200,200,199,4097,3950,590,587,3912818,3913162,1
D,143525,2,200,200,199,199,4102,3950,586,585,3913404,3913747,1
D,143535,2,200,200,200,202,4097,3935,590,594,3913994,3914341,1
D,143545,2,200,200,199,198,4102,3955,585,584,3914579,3914925,1
D,143555,2,200,200,200,199,4097,3950,590,585,3915169,3915510,1
D,143565,2,200,200,201,202,4092,3935,591,594,3915760,3916104,1
D,143575,2,200,200,198,198,4107,3955,583,583,3916343,3916687,1
D,143585,2,200,200,201,199,4092,3950,592,586,3916935,3917273,1
D,143595,2,200,200,199,199,4102,3950,587,587,3917522,3917860,1
D,143605,2,200,200,201,200,4092,3945,591,589,3918113,3918449,1
D,143615,2,200,200,200,198,4097,3955,589,584,3918702,3919033,1
D,143625,2,200,200,200,199,4097,3950,589,585,3919291,3919618,1
D,143635,2,200,200,201,201,4092,3940,592,593,3919883,3920211,1
D,143645,2,200,200,198,198,4107,3955,584,582,3920467,3920793,1
D,143655,2,200,200,202,199,4087,3950,594,586,3921061,3921379,1
D,143665,2,200,200,201,200,4092,3945,591,590,3921652,3921969,1
D,143675,2,200,200,199,199,4102,3950,587,586,3922239,3922555,1
D,143685,2,200,200,201,199,4092,3950,593,586,3922832,3923141,1
D,143695,2,200,200,200,198,4097,3955,588,583,3923420,3923724,1
D,143705,2,200,200,202,201,4087,3940,594,593,3924014,3924317,1
D,143715,2,200,200,200,198,4097,3955,588,583,3924602,3924900,1
D,143725,2,200,200,201,199,4092,3950,592,585,3925194,3925485,1
D,143735,2,200,200,202,201,4087,3940,594,593,3925788,3926078,1
D,143745,2,200,200,199,198,4102,3955,585,583,3926373,3926661,1
D,143755,2,200,200,202,199,4087,3950,594,587,3926967,3927248,1
D,143765,2,200,200,201,200,4092,3945,591,588,3927558,3927836,1
D,143775,2,200,200,201,201,4092,3940,591,591,3928149,3928427,1
D,143785,2,200,200,201,199,4092,3950,592,586,3928741,3929013,1
D,143795,2,200,200,200,199,4097,3950,589,586,3929330,3929599,1
D,143805,2,200,200,202,202,4087,3935,594,595,3929924,3930194,1
D,143815,2,200,200,199,199,4102,3950,587,585,3930511,3930779,1
D,143825,2,200,200,202,200,4087,3945,594,589,3931105,3931368,1
D,143835,2,200,200,201,201,4092,3940,593,593,3931698,3931961,1
D,143845,2,200,200,200,200,4097,3945,588,589,3932286,3932550,1
D,143855,2,200,200,202,200,4087,3945,594,589,3932880,3933139,1
D,143865,2,200,200,200,199,4097,3950,590,587,3933470,3933726,1
D,143875,2,200,200,201,202,4092,3935,593,595,3934063,3934321,1
D,143885,2,200,200,200,199,4097,3950,590,586,3934653,3934907,1
D,143895,2,200,200,201,200,4092,3945,592,589,3935245,3935496,1
D,143905,2,200,200,202,202,4087,3935,594,596,3935839,3936092,1
D,143915,2,200,200,199,199,4102,3950,586,587,3936425,3936679,1
D,143925,2,200,200,202,200,4087,3945,595,590,3937020,3937269,1
D,143935,2,200,200,201,201,4092,3940,591,592,3937611,3937861,1
D,143945,2,200,200,200,201,4097,3940,589,593,3938200,3938454,1
D,143955,2,200,200,202,200,4087,3945,594,589,3938794,3939043,1
D,143965,2,200,200,200,200,4097,3945,588,589,3939382,3939632,1
D,143975,2,200,200,202,203,4087,3930,594,597,3939976,3940229,1
D,143985,2,200,200,199,199,4102,3950,587,587,3940563,3940816,1
D,143995,2,200,200,202,200,4087,3945,594,590,3941157,3941406,1
D,144005,2,200,200,201,203,4092,3930,593,597,3941750,3942003,1
D,144015,2,200,200,199,200,4102,3945,585,590,3942335,3942593,1
D,144025,2,200,200,202,201,4087,3940,595,591,3942930,3943184,1
D,144035,2,200,200,200,200,4097,3945,590,590,3943520,3943774,1
D,144045,2,200,200,201,203,4092,3930,591,599,3944111,3944373,1
D,144055,2,200,200,201,200,4092,3945,591,589,3944702,3944962,1
D,144065,2,200,200,200,201,4097,3940,589,591,3945291,3945553,1
D,144075,2,200,200,202,204,4087,3924,595,600,3945886,3946153,1
D,144085,2,200,200,199,200,4102,3944,585,589,3946471,3946742,1
D,144095,2,200,200,202,201,4087,3939,595,593,3947066,3947335,1
D,144105,2,200,200,201,202,4092,3934,593,596,3947659,3947931,1
D,144115,2,200,200,200,202,4097,3934,588,594,3948247,3948525,1
D,144125,2,200,200,201,201,4092,3939,593,591,3948840,3949116,1
D,144135,2,200,200,200,201,4097,3939,589,591,3949429,3949707,1
D,144145,2,200,200,201,203,4092,3929,593,599,3950022,3950306,1
D,144155,2,200,200,200,200,4097,3944,589,589,3950611,3950895,1
D,144165,2,200,200,201,201,4092,3939,592,591,3951203,3951486,1
D,144175,2,200,200,202,203,4087,3929,595,598,3951798,3952084,1
D,144185,2,200,200,199,200,4102,3944,585,588,3952383,3952672,1
D,144195,2,200,200,202,201,4087,3939,595,592,3952978,3953264,1
D,144205,2,200,200,201,201,4092,3939,591,592,3953569,3953856,1
D,144215,2,200,200,200,202,4097,3934,590,595,3954159,3954451,1
D,144225,2,200,200,201,200,4092,3944,591,590,3954750,3955041,1
D,144235,2,200,200,199,200,4102,3944,587,590,3955337,3955631,1
D,144245,2,200,200,201,203,4092,3929,593,597,3955930,3956228,1
D,144255,2,200,200,198,200,4107,3944,583,588,3956513,3956816,1
D,144265,2,200,200,201,200,4092,3944,591,590,3957104,3957406,1
D,144275,2,200,200,200,202,4097,3934,589,596,3957693,3958002,1
D,144285,2,200,200,198,200,4107,3944,583,590,3958276,3958592,1
D,144295,2,200,200,200,201,4097,3939,589,591,3958865,3959183,1
D,144305,2,200,200,199,200,4102,3944,585,589,3959450,3959772,1
D,144315,2,200,200,199,202,4102,3934,587,596,3960037,3960368,1
D,144325,2,200,200,198,200,4107,3944,583,588,3960620,3960956,1
D,144335,2,200,200,199,200,4102,3944,586,588,3961206,3961544,1
D,144345,2,200,200,200,203,4097,3929,589,597,3961795,3962141,1
D,144355,2,200,200,197,199,4112,3949,579,586,3962374,3962727,1
D,144365,2,200,200,200,200,4097,3944,589,590,3962963,3963317,1
D,144375,2,200,200,199,201,4102,3939,585,592,3963548,3963909,1
D,144385,2,200,200,199,201,4102,3939,586,592,3964134,3964501,1
D,144395,2,200,200,199,200,4102,3944,586,588,3964720,3965089,1
D,144405,2,200,200,199,199,4102,3949,585,587,3965305,3965676,1
D,144415,2,200,200,200,203,4097,3929,589,597,3965894,3966273,1
D,144425,2,200,200,198,199,4107,3949,582,585,3966476,3966858,1
D,144435,2,200,200,200,200,4097,3944,590,588,3967066,3967446,1
D,144445,2,200,200,200,202,4097,3934,588,595,3967654,3968041,1
D,144455,2,200,200,198,199,4107,3949,584,587,3968238,3968628,1
D,144465,2,200,200,200,200,4097,3944,590,588,3968828,3969216,1
D,144475,2,200,200,199,199,4102,3949,585,587,3969413,3969803,1
D,144485,2,200,200,201,201,4092,3939,591,593,3970004,3970396,1
D,144495,2,200,200,198,199,4107,3949,584,586,3970588,3970982,1
D,144505,2,200,200,200,199,4097,3949,590,586,3971178,3971568,1
D,144515,2,200,200,200,202,4097,3934,590,595,3971768,3972163,1
D,144525,2,200,200,198,198,4107,3954,582,583,3972350,3972746,1
D,144535,2,200,200,201,199,4092,3949,593,586,3972943,3973332,1
D,144545,2,200,200,199,201,4102,3939,587,591,3973530,3973923,1
D,144555,2,200,200,200,199,4097,3949,590,587,3974120,3974510,1
D,144565,2,200,200,200,199,4097,3949,588,586,3974708,3975096,1
D,144575,2,200,200,200,199,4097,3949,588,585,3975296,3975681,1
D,144585,2,200,200,201,201,4092,3939,593,593,3975889,3976274,1
D,144595,2,200,200,198,198,4107,3954,583,582,3976472,3976856,1
D,144605,2,200,200,202,199,4087,3949,594,585,3977066,3977441,1
D,144615,2,200,200,201,201,4092,3939,591,592,3977657,3978033,1
D,144625,2,200,200,199,198,4102,3954,587,583,3978244,3978616,1
D,144635,2,200,200,201,199,4092,3949,592,586,3978836,3979202,1
D,144645,2,200,200,200,199,4097,3949,589,585,3979425,3979787,1
D,144655,2,200,200,201,201,4092,3939,593,591,3980018,3980378,1
D,144665,2,200,200,199,198,4102,3954,587,583,3980605,3980961,1
D,144675,2,200,200,201,198,4092,3954,593,584,3981198,3981545,1
D,144685,2,200,200,202,201,4087,3939,594,592,3981792,3982137,1
D,144695,2,200,200,199,198,4102,3954,585,582,3982377,3982719,1
D,144705,2,200,200,202,199,4087,3949,595,585,3982972,3983304,1
D,144715,2,200,200,201,200,4092,3944,592,588,3983564,3983892,1
D,144725,2,200,200,201,200,4092,3944,591,588,3984155,3984480,1
D,144735,2,200,200,201,198,4092,3954,593,584,3984748,3985064,1
D,144745,2,200,200,200,199,4097,3949,589,585,3985337,3985649,1
D,144755,2,200,200,202,201,4087,3939,595,592,3985932,3986241,1
D,144765,2,200,200,199,198,4102,3954,587,582,3986519,3986823,1
D,144775,2,200,200,202,199,4087,3949,595,587,3987114,3987410,1
D,144785,2,200,200,202,201,4087,3939,594,593,3987708,3988003,1
D,144795,2,200,200,200,199,4097,3949,588,586,3988296,3988589,1
D,144805,2,200,200,202,199,4087,3949,595,587,3988891,3989176,1
D,144815,2,200,200,200,199,4097,3949,590,586,3989481,3989762,1
D,144825,2,200,200,202,202,4087,3934,594,594,3990075,3990356,1
D,144835,2,200,200,201,199,4092,3949,591,585,3990666,3990941,1
D,144845,2,200,200,201,199,4092,3949,592,587,3991258,3991528,1
D,144855,2,200,200,202,202,4087,3934,595,595,3991853,3992123,1
D,144865,2,200,200,200,199,4097,3949,588,586,3992441,3992709,1
D,144875,2,200,200,202,200,4087,3944,596,589,3993037,3993298,1
D,144885,2,200,200,202,200,4087,3944,594,590,3993631,3993888,1
D,144895,2,200,200,200,201,4097,3939,590,591,3994221,3994479,1
D,144905,2,200,200,202,200,4087,3944,595,588,3994816,3995067,1
D,144915,2,200,200,200,199,4097,3949,590,587,3995406,3995654,1
D,144925,2,200,200,202,203,4087,3929,595,597,3996001,3996251,1
D,144935,2,200,200,200,199,4097,3949,589,585,3996590,3996836,1
D,144945,2,200,200,202,200,4087,3944,595,589,3997185,3997425,1
D,144955,2,200,200,202,202,4087,3934,596,595,3997781,3998020,1
D,144965,2,200,200,199,200,4102,3944,586,588,3998367,3998608,1
D,144975,2,200,200,203,200,4082,3944,597,589,3998964,3999197,1
D,144985,2,200,200,201,200,4092,3944,592,588,3999556,3999785,1
D,144995,2,200,200,201,202,4092,3934,592,596,4000148,4000381,1
D,145005,2,200,200,201,199,4092,3949,593,587,4000741,4000968,1
D,145015,2,200,200,200,200,4097,3944,590,588,4001331,4001556,1
D,145025,2,200,200,202,203,4087,3929,596,598,4001927,4002154,1
D,145035,2,200,200,200,199,4097,3949,588,586,4002515,4002740,1
D,145045,2,200,200,202,201,4087,3939,596,591,4003111,4003331,1
D,145055,2,200,200,202,202,4087,3934,595,594,4003706,4003925,1
D,145065,2,200,200,199,201,4102,3939,587,593,4004293,4004518,1
D,145075,2,200,200,202,200,4087,3944,596,590,4004889,4005108,1
D,145085,2,200,200,200,200,4097,3944,590,589,4005479,4005697,1
D,145095,2,200,200,202,203,4087,3929,594,598,4006073,4006295,1
D,145105,2,200,200,201,199,4092,3949,591,587,4006664,4006882,1
D,145115,2,200,200,201,201,4092,3939,593,591,4007257,4007473,1
D,145125,2,200,200,202,203,4087,3929,595,597,4007852,4008070,1
D,145135,2,200,200,200,200,4097,3944,588,589,4008440,4008659,1
D,145145,2,200,200,203,201,4082,3939,597,591,4009037,4009250,1
D,145155,2,200,200,201,201,4092,3939,593,591,4009630,4009841,1
D,145165,2,200,200,200,202,4097,3934,590,596,4010220,4010437,1
D,145175,2,200,200,202,200,4087,3944,594,588,4010814,4011025,1
D,145185,2,200,200,200,200,4097,3944,590,588,4011404,4011613,1
D,145195,2,200,200,202,203,4087,3929,595,598,4011999,4012211,1
D,145205,2,200,200,200,199,4097,3949,590,586,4012589,4012797,1
D,145215,2,200,200,202,200,4087,3944,594,590,4013183,4013387,1
D,145225,2,200,200,202,202,4087,3934,596,595,4013779,4013982,1
D,145235,2,200,200,199,200,4102,3944,585,590,4014364,4014572,1
D,145245,2,200,200,202,200,4087,3944,596,590,4014960,4015162,1
D,145255,2,200,200,200,200,4097,3944,590,588,4015550,4015750,1
D,145265,2,200,200,201,203,4092,3929,591,597,4016141,4016347,1
D,145275,2,200,200,200,199,4097,3949,590,587,4016731,4016934,1
D,145285,2,200,200,200,200,4097,3944,588,590,4017319,4017524,1
D,145295,2,200,200,201,202,4092,3934,592,596,4017911,4018120,1
D,145305,2,200,200,198,199,4107,3949,584,587,4018495,4018707,1
D,145315,2,200,200,201,200,4092,3944,591,589,4019086,4019296,1
D,145325,2,200,200,200,201,4097,3939,589,592,4019675,4019888,1
D,145335,2,200,200,198,201,4107,3939,583,593,4020258,4020481,1
D,145345,2,200,200,200,199,4097,3949,589,587,4020847,4021068,1
D,145355,2,200,200,199,199,4102,3949,585,587,4021432,4021655,1
D,145365,2,200,200,200,203,4097,3929,589,597,4022021,4022252,1
D,145375,2,200,200,198,199,4107,3949,584,585,4022605,4022837,1
D,145385,2,200,200,200,200,4097,3944,588,588,4023193,4023425,1
D,145395,2,200,200,200,202,4097,3934,590,594,4023783,4024019,1
D,145405,2,200,200,197,199,4112,3949,581,587,4024364,4024606,1
D,145415,2,200,200,201,200,4092,3944,591,588,4024955,4025194,1
D,145425,2,200,200,199,199,4102,3949,587,587,4025542,4025781,1
D,145435,2,200,200,199,202,4102,3934,587,594,4026129,4026375,1
D,145445,2,200,200,199,199,4102,3949,587,585,4026716,4026960,1
D,145455,2,200,200,199,199,4102,3949,586,585,4027302,4027545,1
D,145465,2,200,200,201,201,4092,3939,592,593,4027894,4028138,1
D,145475,2,200,200,198,198,4107,3954,583,583,4028477,4028721,1
D,145485,2,200,200,201,199,4092,3949,592,587,4029069,4029308,1
D,145495,2,200,200,200,200,4097,3944,590,589,4029659,4029897,1
D,145505,2,200,200,199,199,4102,3949,585,587,4030244,4030484,1
D,145515,2,200,200,201,199,4092,3949,591,585,4030835,4031069,1
D,145525,2,200,200,199,198,4102,3954,586,584,4031421,4031653,1
D,145535,2,200,200,201,202,4092,3934,591,594,4032012,4032247,1
D,145545,2,200,200,199,197,4102,3959,586,581,4032598,4032828,1
D,145555,2,200,200,201,199,4092,3949,591,585,4033189,4033413,1
D,145565,2,200,200,201,200,4092,3944,593,590,4033782,4034003,1
D,145575,2,200,200,198,199,4107,3949,583,585,4034365,4034588,1
D,145585,2,200,200,201,199,4092,3949,593,585,4034958,4035173,1
D,145595,2,200,200,200,198,4097,3954,589,584,4035547,4035757,1
D,145605,2,200,200,200,201,4097,3939,589,591,4036136,4036348,1
D,145615,2,200,200,200,198,4097,3954,590,582,4036726,4036930,1
D,145625,2,200,200,200,198,4097,3954,589,583,4037315,4037513,1
D,145635,2,200,200,201,201,4092,3939,593,592,4037908,4038105,1
D,145645,2,200,200,199,197,4102,3959,585,581,4038493,4038686,1
D,145655,2,200,200,202,199,4087,3949,594,585,4039087,4039271,1
D,145665,2,200,200,201,199,4092,3949,592,586,4039679,4039857,1
D,145675,2,200,200,199,200,4102,3944,586,588,4040265,4040445,1
D,145685,2,200,200,201,198,4092,3954,593,583,4040858,4041028,1
D,145695,2,200,200,200,198,4097,3954,589,583,4041447,4041611,1
D,145705,2,200,200,201,201,4092,3939,593,592,4042040,4042203,1
D,145715,2,200,200,200,197,4097,3959,589,579,4042629,4042782,1
D,145725,2,200,200,201,199,4092,3949,591,585,4043220,4043367,1
D,145735,2,200,200,202,200,4087,3944,595,589,4043815,4043956,1
D,145745,2,200,200,198,199,4107,3949,584,585,4044399,4044541,1
D,145755,2,200,200,202,198,4087,3954,595,584,4044994,4045125,1
D,145765,2,200,200,201,198,4092,3954,592,583,4045586,4045708,1
D,145775,2,200,200,200,201,4097,3939,589,592,4046175,4046300,1
D,145785,2,200,200,201,197,4092,3959,593,581,4046768,4046881,1
D,145795,2,200,200,200,199,4097,3949,588,586,4047356,4047467,1
D,145805,2,200,200,202,201,4087,3939,595,592,4047951,4048059,1
D,145815,2,200,200,199,198,4102,3954,587,584,4048538,4048643,1
D,145825,2,200,200,202,199,4087,3949,594,587,4049132,4049230,1
D,145835,2,200,200,201,199,4092,3949,593,587,4049725,4049817,1
D,145845,2,200,200,199,201,4102,3939,586,593,4050311,4050410,1
D,145855,2,200,200,202,199,4087,3949,594,586,4050905,4050996,1
D,145865,2,200,200,200,199,4097,3949,590,586,4051495,4051582,1
D,145875,2,200,200,201,202,4092,3934,593,596,4052088,4052178,1
D,145885,2,200,200,201,198,4092,3954,591,583,4052679,4052761,1
D,145895,2,200,200,201,200,4092,3944,591,590,4053270,4053351,1
D,145905,2,200,200,202,201,4087,3939,596,591,4053866,4053942,1
D,145915,2,200,200,199,201,4102,3939,585,591,4054451,4054533,1
D,145925,2,200,200,202,200,4087,3944,595,588,4055046,4055121,1
D,145935,2,200,200,201,199,4092,3949,593,587,4055639,4055708,1
D,145945,2,200,200,200,202,4097,3934,588,596,4056227,4056304,1
D,145955,2,200,200,202,199,4087,3949,594,586,4056821,4056890,1
D,145965,2,200,200,200,200,4097,3944,588,589,4057409,4057479,1
D,145975,2,200,200,202,202,4087,3934,595,596,4058004,4058075,1
D,145985,2,200,200,200,199,4097,3949,589,587,4058593,4058662,1
D,145995,2,200,200,201,200,4092,3944,592,590,4059185,4059252,1
D,146005,2,200,200,202,200,4087,3944,595,590,4059780,4059842,1
D,146015,2,200,200,198,202,4107,3934,584,594,4060364,4060436,1
D,146025,2,200,200,202,200,4087,3944,595,588,4060959,4061024,1
D,146035,2,200,200,201,200,4092,3944,592,589,4061551,4061613,1
D,146045,2,200,200,200,203,4097,3929,590,599,4062141,4062212,1
D,146055,2,200,200,201,199,4092,3949,593,586,4062734,4062798,1
D,146065,2,200,200,200,201,4097,3939,588,591,4063322,4063389,1
D,146075,2,200,200,202,202,4087,3934,595,596,4063917,4063985,1
D,146085,2,200,200,200,200,4097,3944,588,590,4064505,4064575,1
D,146095,2,200,200,201,201,4092,3939,593,591,4065098,4065166,1
D,146105,2,200,200,202,200,4087,3944,594,589,4065692,4065755,1
D,146115,2,200,200,199,203,4102,3929,586,598,4066278,4066353,1
D,146125,2,200,200,202,200,4087,3944,594,588,4066872,4066941,1
D,146135,2,200,200,200,200,4097,3944,589,590,4067461,4067531,1
D,146145,2,200,200,201,203,4092,3929,593,598,4068054,4068129,1
D,146155,2,200,200,200,199,4097,3949,590,587,4068644,4068716,1
D,146165,2,200,200,201,201,4092,3939,591,592,4069235,4069308,1
D,146175,2,200,200,202,201,4087,3939,595,593,4069830,4069901,1
D,146185,2,200,200,199,201,4102,3939,585,593,4070415,4070494,1
D,146195,2,200,200,202,200,4087,3944,594,590,4071009,4071084,1
D,146205,2,200,200,201,200,4092,3944,591,589,4071600,4071673,1
D,146215,2,200,200,200,203,4097,3929,589,598,4072189,4072271,1
D,146225,2,200,200,201,199,4092,3949,592,587,4072781,4072858,1
D,146235,2,200,200,200,200,4097,3944,588,590,4073369,4073448,1
D,146245,2,200,200,201,202,4092,3934,593,596,4073962,4074044,1
D,146255,2,200,200,199,200,4102,3944,587,589,4074549,4074633,1
D,146265,2,200,200,201,201,4092,3939,591,591,4075140,4075224,1
D,146275,2,200,200,201,200,4092,3944,592,590,4075732,4075814,1
D,146285,2,200,200,198,202,4107,3934,583,596,4076315,4076410,1
D,146295,2,200,200,200,200,4097,3944,590,588,4076905,4076998,1
D,146305,2,200,200,199,199,4102,3949,587,587,4077492,4077585,1
D,146315,2,200,200,199,203,4102,3929,587,598,4078079,4078183,1
D,146325,2,200,200,199,199,4102,3949,585,586,4078664,4078769,1
D,146335,2,200,200,199,200,4102,3944,585,590,4079249,4079359,1
D,146345,2,200,200,200,202,4097,3934,588,594,4079837,4079953,1
D,146355,2,200,200,197,200,4112,3944,580,590,4080417,4080543,1
D,146365,2,200,200,200,200,4097,3944,588,589,4081005,4081132,1
D,146375,2,200,200,199,200,4102,3944,585,588,4081590,4081720,1
D,146385,2,200,200,198,202,4107,3934,584,596,4082174,4082316,1
D,146395,2,200,200,199,199,4102,3949,586,586,4082760,4082902,1
D,146405,2,200,200,198,200,4107,3944,583,588,4083343,4083490,1
D,146415,2,200,200,200,202,4097,3934,588,596,4083931,4084086,1
D,146425,2,200,200,197,199,4112,3949,581,586,4084512,4084672,1
D,146435,2,200,200,200,200,4097,3944,589,589,4085101,4085261,1
D,146445,2,200,200,200,200,4097,3944,588,590,4085689,4085851,1
D,146455,2,200,200,197,201,4112,3939,581,591,4086270,4086442,1
D,146465,2,200,200,200,199,4097,3949,589,587,4086859,4087029,1
D,146475,2,200,200,199,199,4102,3949,585,587,4087444,4087616,1
D,146485,2,200,200,200,202,4097,3934,588,595,4088032,4088211,1
D,146495,2,200,200,199,198,4102,3954,585,583,4088617,4088794,1
D,146505,2,200,200,200,200,4097,3944,588,588,4089205,4089382,1
D,146515,2,200,200,201,201,4092,3939,591,592,4089796,4089974,1
D,146525,2,200,200,197,200,4112,3944,580,588,4090376,4090562,1
D,146535,2,200,200,200,199,4097,3949,590,586,4090966,4091148,1
D,146545,2,200,200,199,199,4102,3949,587,586,4091553,4091734,1
D,146555,2,200,200,199,201,4102,3939,587,593,4092140,4092327,1
D,146565,2,200,200,200,198,4097,3954,588,583,4092728,4092910,1
D,146575,2,200,200,199,198,4102,3954,586,584,4093314,4093494,1
D,146585,2,200,200,200,201,4097,3939,590,592,4093904,4094086,1
D,146595,2,200,200,198,198,4107,3954,583,584,4094487,4094670,1
D,146605,2,200,200,201,199,4092,3949,591,587,4095078,4095257,1
D,146615,2,200,200,200,199,4097,3949,590,585,4095668,4095842,1
D,146625,2,200,200,198,200,4107,3944,584,590,4096252,4096432,1
D,146635,2,200,200,201,198,4092,3954,591,584,4096843,4097016,1
D,146645,2,200,200,199,198,4102,3954,587,584,4097430,4097600,1
D,146655,2,200,200,200,201,4097,3939,590,592,4098020,4098192,1
D,146665,2,200,200,199,197,4102,3959,587,581,4098607,4098773,1
D,146675,2,200,200,200,199,4097,3949,590,585,4099197,4099358,1
D,146685,2,200,200,201,200,4092,3944,593,590,4099790,4099948,1
D,146695,2,200,200,198,199,4107,3949,584,586,4100374,4100534,1
D,146705,2,200,200,201,199,4092,3949,593,585,4100967,4101119,1
D,146715,2,200,200,200,198,4097,3954,590,583,4101557,4101702,1
D,146725,2,200,200,200,201,4097,3939,590,592,4102147,4102294,1
D,146735,2,200,200,201,198,4092,3954,591,582,4102738,4102876,1
D,146745,2,200,200,200,198,4097,3954,588,584,4103326,4103460,1
D,146755,2,200,200,202,201,4087,3939,594,591,4103920,4104051,1
D,146765,2,200,200,199,198,4102,3954,586,584,4104506,4104635,1
D,146775,2,200,200,201,199,4092,3949,593,586,4105099,4105221,1
D,146785,2,200,200,201,198,4092,3954,593,584,4105692,4105805,1
D,146795,2,200,200,199,201,4102,3939,586,591,4106278,4106396,1
D,146805,2,200,200,202,198,4087,3954,594,584,4106872,4106980,1
D,146815,2,200,200,200,198,4097,3954,590,584,4107462,4107564,1
D,146825,2,200,200,201,202,4092,3934,591,594,4108053,4108158,1
D,146835,2,200,200,201,198,4092,3954,591,582,4108644,4108740,1
D,146845,2,200,200,201,200,4092,3944,591,588,4109235,4109328,1
D,146855,2,200,200,202,200,4087,3944,594,590,4109829,4109918,1
D,146865,2,200,200,199,200,4102,3944,586,590,4110415,4110508,1
D,146875,2,200,200,202,199,4087,3949,594,587,4111009,4111095,1
D,146885,2,200,200,201,199,4092,3949,592,586,4111601,4111681,1
D,146895,2,200,200,200,202,4097,3934,590,596,4112191,4112277,1
D,146905,2,200,200,202,198,4087,3954,594,584,4112785,4112861,1
D,146915,2,200,200,200,200,4097,3944,589,588,4113374,4113449,1
D,146925,2,200,200,202,202,4087,3934,595,594,4113969,4114043,1
D,146935,2,200,200,200,199,4097,3949,588,587,4114557,4114630,1
D,146945,2,200,200,202,200,4087,3944,594,589,4115151,4115219,1
D,146955,2,200,200,202,200,4087,3944,595,588,4115746,4115807,1
D,146965,2,200,200,198,202,4107,3934,584,594,4116330,4116401,1
D,146975,2,200,200,202,199,4087,3949,595,587,4116925,4116988,1
D,146985,2,200,200,201,200,4092,3944,591,588,4117516,4117576,1
D,146995,2,200,200,201,203,4092,3929,592,597,4118108,4118173,1
D,147005,2,200,200,201,198,4092,3954,592,584,4118700,4118757,1
D,147015,2,200,200,200,200,4097,3944,589,590,4119289,4119347,1
D,147025,2,200,200,202,201,4087,3939,594,593,4119883,4119940,1
D,147035,2,200,200,199,201,4102,3939,586,591,4120469,4120531,1
D,147045,2,200,200,202,200,4087,3944,595,589,4121064,4121120,1
D,147055,2,200,200,201,200,4092,3944,592,588,4121656,4121708,1
D,147065,2,200,200,199,203,4102,3929,587,599,4122243,4122307,1
D,147075,2,200,200,202,199,4087,3949,595,586,4122838,4122893,1
D,147085,2,200,200,200,200,4097,3944,589,590,4123427,4123483,1
D,147095,2,200,200,201,203,4092,3929,593,598,4124020,4124081,1
D,147105,2,200,200,200,199,4097,3949,590,587,4124610,4124668,1
D,147115,2,200,200,201,201,4092,3939,591,592,4125201,4125260,1
D,147125,2,200,200,202,201,4087,3939,595,591,4125796,4125851,1
D,147135,2,200,200,198,202,4107,3934,584,595,4126380,4126446,1
D,147145,2,200,200,202,200,4087,3944,594,589,4126974,4127035,1
D,147155,2,200,200,201,200,4092,3944,592,588,4127566,4127623,1
D,147165,2,200,200,200,203,4097,3929,589,599,4128155,4128222,1
D,147175,2,200,200,202,199,4087,3949,594,586,4128749,4128808,1
D,147185,2,200,200,200,201,4097,3939,588,591,4129337,4129399,1
D,147195,2,200,200,202,202,4087,3934,594,596,4129931,4129995,1
D,147205,2,200,200,199,200,4102,3944,587,589,4130518,4130584,1
D,147215,2,200,200,201,201,4092,3939,593,591,4131111,4131175,1
D,147225,2,200,200,201,200,4092,3944,593,588,4131704,4131763,1
D,147235,2,200,200,199,203,4102,3929,585,597,4132289,4132360,1
D,147245,2,200,200,202,199,4087,3949,594,587,4132883,4132947,1
D,147255,2,200,200,200,200,4097,3944,590,589,4133473,4133536,1
D,147265,2,200,200,201,203,4092,3929,591,597,4134064,4134133,1
D,147275,2,200,200,200,199,4097,3949,590,586,4134654,4134719,1
D,147285,2,200,200,200,200,4097,3944,588,590,4135242,4135309,1
D,147295,2,200,200,201,201,4092,3939,592,593,4135834,4135902,1
D,147305,2,200,200,198,201,4107,3939,582,592,4136416,4136494,1
D,147315,2,200,200,200,200,4097,3944,590,588,4137006,4137082,1
D,147325,2,200,200,200,200,4097,3944,588,588,4137594,4137670,1
D,147335,2,200,200,198,203,4107,3929,584,597,4138178,4138267,1
D,147345,2,200,200,199,199,4102,3949,587,585,4138765,4138852,1
D,147355,2,200,200,198,200,4107,3944,583,589,4139348,4139441,1
D,147365,2,200,200,200,202,4097,3934,588,595,4139936,4140036,1
D,147375,2,200,200,197,199,4112,3949,580,587,4140516,4140623,1
D,147385,2,200,200,199,200,4102,3944,587,589,4141103,4141212,1
D,147395,2,200,200,199,200,4102,3944,586,588,4141689,4141800,1
D,147405,2,200,200,197,201,4112,3939,580,593,4142269,4142393,1
D,147415,2,200,200,199,199,4102,3949,587,587,4142856,4142980,1
D,147425,2,200,200,198,199,4107,3949,583,587,4143439,4143567,1
D,147435,2,200,200,199,202,4102,3934,587,595,4144026,4144162,1
D,147445,2,200,200,198,198,4107,3954,583,584,4144609,4144746,1
D,147455,2,200,200,199,200,4102,3944,586,588,4145195,4145334,1
D,147465,2,200,200,200,201,4097,3939,589,591,4145784,4145925,1
D,147475,2,200,200,197,200,4112,3944,579,589,4146363,4146514,1
D,147485,2,200,200,200,199,4097,3949,589,586,4146952,4147100,1
D,147495,2,200,200,199,199,4102,3949,586,585,4147538,4147685,1
D,147505,2,200,200,199,202,4102,3934,586,594,4148124,4148279,1
D,147515,2,200,200,199,198,4102,3954,587,583,4148711,4148862,1
D,147525,2,200,200,199,199,4102,3949,585,586,4149296,4149448,1
D,147535,2,200,200,200,201,4097,3939,589,592,4149885,4150040,1
D,147545,2,200,200,198,198,4107,3954,582,584,4150467,4150624,1
D,147555,2,200,200,200,199,4097,3949,590,586,4151057,4151210,1
D,147565,2,200,200,200,199,4097,3949,588,585,4151645,4151795,1
D,147575,2,200,200,198,201,4107,3939,583,591,4152228,4152386,1
D,147585,2,200,200,200,198,4097,3954,590,583,4152818,4152969,1
D,147595,2,200,200,199,198,4102,3954,586,584,4153404,4153553,1
D,147605,2,200,200,200,201,4097,3939,590,592,4153994,4154145,1
D,147615,2,200,200,199,197,4102,3959,585,581,4154579,4154726,1
D,147625,2,200,200,200,199,4097,3949,589,585,4155168,4155311,1
D,147635,2,200,200,200,200,4097,3944,590,588,4155758,4155899,1
D,147645,2,200,200,197,199,4112,3949,581,586,4156339,4156485,1
D,147655,2,200,200,201,198,4092,3954,592,584,4156931,4157069,1
D,147665,2,200,200,200,198,4097,3954,589,582,4157520,4157651,1
D,147675,2,200,200,200,201,4097,3939,588,593,4158108,4158244,1
D,147685,2,200,200,200,197,4097,3959,590,580,4158698,4158824,1
D,147695,2,200,200,200,199,4097,3949,588,585,4159286,4159409,1
D,147705,2,200,200,201,200,4092,3944,593,590,4159879,4159999,1
D,147715,2,200,200,198,198,4107,3954,584,584,4160463,4160583,1
D,147725,2,200,200,201,199,4092,3949,592,585,4161055,4161168,1
D,147735,2,200,200,201,198,4092,3954,592,582,4161647,4161750,1
D,147745,2,200,200,199,201,4102,3939,586,592,4162233,4162342,1
D,147755,2,200,200,201,197,4092,3959,593,581,4162826,4162923,1
D,147765,2,200,200,200,198,4097,3954,588,584,4163414,4163507,1
D,147775,2,200,200,201,201,4092,3939,592,591,4164006,4164098,1
D,147785,2,200,200,200,198,4097,3954,589,582,4164595,4164680,1
D,147795,2,200,200,201,199,4092,3949,591,585,4165186,4165265,1
D,147805,2,200,200,201,199,4092,3949,593,586,4165779,4165851,1
D,147815,2,200,200,199,200,4102,3944,585,588,4166364,4166439,1
D,147825,2,200,200,202,198,4087,3954,594,583,4166958,4167022,1
D,147835,2,200,200,201,198,4092,3954,591,584,4167549,4167606,1
D,147845,2,200,200,200,202,4097,3934,590,595,4168139,4168201,1
D,147855,2,200,200,201,197,4092,3959,593,581,4168732,4168782,1
D,147865,2,200,200,199,199,4102,3949,587,587,4169319,4169369,1
D,147875,2,200,200,202,201,4087,3939,595,592,4169914,4169961,1
D,147885,2,200,200,199,199,4102,3949,587,587,4170501,4170548,1
D,147895,2,200,200,201,200,4092,3944,593,588,4171094,4171136,1
D,147905,2,200,200,202,199,4087,3949,594,586,4171688,4171722,1
D,147915,2,200,200,199,202,4102,3934,585,595,4172273,4172317,1
D,147925,2,200,200,202,198,4087,3954,595,584,4172868,4172901,1
D,147935,2,200,200,201,199,4092,3949,591,587,4173459,4173488,1
D,147945,2,200,200,201,202,4092,3934,593,595,4174052,4174083,1
D,147955,2,200,200,201,199,4092,3949,591,585,4174643,4174668,1
D,147965,2,200,200,200,200,4097,3944,590,589,4175233,4175257,1
D,147975,2,200,200,202,200,4087,3944,595,590,4175828,4175847,1
D,147985,2,200,200,199,201,4102,3939,586,593,4176414,4176440,1
D,147995,2,200,200,202,200,4087,3944,594,588,4177008,4177028,1
D,148005,2,200,200,201,199,4092,3949,592,587,4177600,4177615,1
D,148015,2,200,200,200,203,4097,3929,588,597,4178188,4178212,1
D,148025,2,200,200,202,198,4087,3954,594,584,4178782,4178796,1
D,148035,2,200,200,200,201,4097,3939,588,591,4179370,4179387,1
D,148045,2,200,200,201,202,4092,3934,593,594,4179963,4179981,1
D,148055,2,200,200,200,200,4097,3944,588,590,4180551,4180571,1
D,148065,2,200,200,201,200,4092,3944,592,590,4181143,4181161,1
D,148075,2,200,200,201,200,4092,3944,593,589,4181736,4181750,1
D,148085,2,200,200,199,203,4102,3929,585,597,4182321,4182347,1
D,148095,2,200,200,202,200,4087,3944,595,588,4182916,4182935,1
D,148105,2,200,200,200,200,4097,3944,590,589,4183506,4183524,1
D,148115,2,200,200,201,203,4092,3929,591,598,4184097,4184122,1
D,148125,2,200,200,201,199,4092,3949,591,587,4184688,4184709,1
D,148135,2,200,200,200,201,4097,3939,589,592,4185277,4185301,1
D,148145,2,200,200,202,201,4087,3939,594,593,4185871,4185894,1
D,148155,2,200,200,199,201,4102,3939,586,593,4186457,4186487,1
D,148165,2,200,200,201,200,4092,3944,593,590,4187050,4187077,1
D,148175,2,200,200,201,200,4092,3944,593,589,4187643,4187666,1
D,148185,2,200,200,199,203,4102,3929,586,598,4188229,4188264,1
D,148195,2,200,200,202,199,4087,3949,594,587,4188823,4188851,1
D,148205,2,200,200,200,200,4097,3944,588,590,4189411,4189441,1
D,148215,2,200,200,201,203,4092,3929,593,597,4190004,4190038,1
D,148225,2,200,200,200,200,4097,3944,588,589,4190592,4190627,1
D,148235,2,200,200,201,201,4092,3939,591,591,4191183,4191218,1
D,148245,2,200,200,202,200,4087,3944,594,590,4191777,4191808,1
D,148255,2,200,200,198,202,4107,3934,584,595,4192361,4192403,1
D,148265,2,200,200,202,199,4087,3949,594,587,4192955,4192990,1
D,148275,2,200,200,200,200,4097,3944,590,589,4193545,4193579,1
D,148285,2,200,200,200,203,4097,3929,589,599,4194134,4194178,1
D,148295,2,200,200,201,199,4092,3949,592,585,4194726,4194763,1
D,148305,2,200,200,199,201,4102,3939,586,591,4195312,4195354,1
D,148315,2,200,200,201,202,4092,3934,592,594,4195904,4195948,1
D,148325,2,200,200,198,200,4107,3944,583,590,4196487,4196538,1
D,148335,2,200,200,200,201,4097,3939,590,591,4197077,4197129,1
D,148345,2,200,200,200,199,4097,3949,589,587,4197666,4197716,1
D,148355,2,200,200,198,203,4107,3929,583,597,4198249,4198313,1
D,148365,2,200,200,200,199,4097,3949,588,587,4198837,4198900,1
D,148375,2,200,200,198,200,4107,3944,584,589,4199421,4199489,1
D,148385,2,200,200,199,202,4102,3934,587,596,4200008,4200085,1
D,148395,2,200,200,198,199,4107,3949,583,586,4200591,4200671,1
D,148405,2,200,200,199,200,4102,3944,586,589,4201177,4201260,1
D,148415,2,200,200,200,201,4097,3939,588,591,4201765,4201851,1
D,148425,2,200,200,197,201,4112,3939,579,593,4202344,4202444,1
D,148435,2,200,200,200,200,4097,3944,589,588,4202933,4203032,1
D,148445,2,200,200,199,199,4102,3949,585,587,4203518,4203619,1
D,148455,2,200,200,199,203,4102,3929,585,597,4204103,4204216,1
D,148465,2,200,200,199,199,4102,3949,587,585,4204690,4204801,1
D,148475,2,200,200,198,200,4107,3944,584,588,4205274,4205389,1
D,148485,2,200,200,200,202,4097,3934,589,594,4205863,4205983,1
D,148495,2,200,200,197,200,4112,3944,581,588,4206444,4206571,1
D,148505,2,200,200,200,200,4097,3944,590,588,4207034,4207159,1
D,148515,2,200,200,200,199,4097,3949,588,587,4207622,4207746,1
D,148525,2,200,200,198,202,4107,3934,584,594,4208206,4208340,1
D,148535,2,200,200,200,198,4097,3954,590,584,4208796,4208924,1
D,148545,2,200,200,198,199,4107,3949,584,587,4209380,4209511,1
D,148555,2,200,200,200,202,4097,3934,590,594,4209970,4210105,1
D,148565,2,200,200,198,198,4107,3954,584,584,4210554,4210689,1
D,148575,2,200,200,200,200,4097,3944,589,588,4211143,4211277,1
D,148585,2,200,200,200,200,4097,3944,590,588,4211733,4211865,1
D,148595,2,200,200,197,200,4112,3944,581,590,4212314,4212455,1
D,148605,2,200,200,201,199,4092,3949,592,585,4212906,4213040,1
D,148615,2,200,200,200,198,4097,3954,588,584,4213494,4213624,1
D,148625,2,200,200,200,201,4097,3939,588,593,4214082,4214217,1
D,148635,2,200,200,200,198,4097,3954,588,582,4214670,4214799,1
D,148645,2,200,200,199,199,4102,3949,586,585,4215256,4215384,1
D,148655,2,200,200,201,200,4092,3944,592,590,4215848,4215974,1
D,148665,2,200,200,198,199,4107,3949,583,585,4216431,4216559,1
D,148675,2,200,200,201,199,4092,3949,592,585,4217023,4217144,1
D,148685,2,200,200,200,198,4097,3954,590,583,4217613,4217727,1
D,148695,2,200,200,199,201,4102,3939,586,593,4218199,4218320,1
D,148705,2,200,200,201,197,4092,3959,592,581,4218791,4218901,1
D,148715,2,200,200,199,199,4102,3949,586,585,4219377,4219486,1
D,148725,2,200,200,201,201,4092,3939,592,591,4219969,4220077,1
D,148735,2,200,200,199,198,4102,3954,587,582,4220556,4220659,1
D,148745,2,200,200,201,199,4092,3949,591,585,4221147,4221244,1
D,148755,2,200,200,201,199,4092,3949,593,585,4221740,4221829,1
D,148765,2,200,200,198,200,4107,3944,584,589,4222324,4222418,1
D,148775,2,200,200,201,198,4092,3954,593,583,4222917,4223001,1
D,148785,2,200,200,201,198,4092,3954,591,583,4223508,4223584,1
D,148795,2,200,200,200,201,4097,3939,590,592,4224098,4224176,1
D,148805,2,200,200,200,197,4097,3959,590,581,4224688,4224757,1
D,148815,2,200,200,200,199,4097,3949,589,585,4225277,4225342,1
D,148825,2,200,200,202,200,4087,3944,594,589,4225871,4225931,1
D,148835,2,200,200,199,199,4102,3949,586,587,4226457,4226518,1
D,148845,2,200,200,201,199,4092,3949,593,585,4227050,4227103,1
D,148855,2,200,200,201,198,4092,3954,593,584,4227643,4227687,1
D,148865,2,200,200,199,202,4102,3934,586,594,4228229,4228281,1
D,148875,2,200,200,202,198,4087,3954,594,583,4228823,4228864,1
D,148885,2,200,200,200,199,4097,3949,588,587,4229411,4229451,1
D,148895,2,200,200,201,201,4092,3939,592,593,4230003,4230044,1
D,148905,2,200,200,200,199,4097,3949,589,586,4230592,4230630,1
D,148915,2,200,200,201,200,4092,3944,591,588,4231183,4231218,1
D,148925,2,200,200,202,200,4087,3944,595,588,4231778,4231806,1
D,148935,2,200,200,199,201,4102,3939,585,593,4232363,4232399,1
D,148945,2,200,200,202,199,4087,3949,594,586,4232957,4232985,1
D,148955,2,200,200,201,199,4092,3949,592,587,4233549,4233572,1
D,148965,2,200,200,201,202,4092,3934,591,595,4234140,4234167,1
D,148975,2,200,200,201,198,4092,3954,592,584,4234732,4234751,1
D,148985,2,200,200,200,200,4097,3944,589,590,4235321,4235341,1
D,148995,2,200,200,202,201,4087,3939,594,592,4235915,4235933,1
D,149005,2,200,200,199,200,4102,3944,587,590,4236502,4236523,1
D,149015,2,200,200,201,200,4092,3944,593,589,4237095,4237112,1
D,149025,2,200,200,202,199,4087,3949,594,586,4237689,4237698,1
D,149035,2,200,200,199,203,4102,3929,585,597,4238274,4238295,1
D,149045,2,200,200,202,199,4087,3949,595,586,4238869,4238881,1
D,149055,2,200,200,200,200,4097,3944,588,588,4239457,4239469,1
D,149065,2,200,200,201,203,4092,3929,592,597,4240049,4240066,1
D,149075,2,200,200,200,199,4097,3949,590,587,4240639,4240653,1
D,149085,2,200,200,200,200,4097,3944,589,590,4241228,4241243,1
D,149095,2,200,200,202,201,4087,3939,594,591,4241822,4241834,1
D,149105,2,200,200,198,202,4107,3934,584,595,4242406,4242429,1
D,149115,2,200,200,202,200,4087,3944,594,588,4243000,4243017,1
D,149125,2,200,200,201,200,4092,3944,592,589,4243592,4243606,1
D,149135,2,200,200,200,203,4097,3929,588,598,4244180,4244204,1
D,149145,2,200,200,201,199,4092,3949,592,587,4244772,4244791,1
D,149155,2,200,200,199,201,4102,3939,587,591,4245359,4245382,1
D,149165,2,200,200,201,202,4092,3934,593,596,4245952,4245978,1
D,149175,2,200,200,200,201,4097,3939,588,591,4246540,4246569,1
D,149185,2,200,200,201,201,4092,3939,591,591,4247131,4247160,1
D,149195,2,200,200,202,200,4087,3944,594,589,4247725,4247749,1
D,149205,2,200,200,198,203,4107,3929,584,597,4248309,4248346,1
D,149215,2,200,200,202,200,4087,3944,594,588,4248903,4248934,1
D,149225,2,200,200,200,200,4097,3944,590,590,4249493,4249524,1
D,149235,2,200,200,200,203,4097,3929,589,597,4250082,4250121,1
D,149245,2,200,200,201,199,4092,3949,591,586,4250673,4250707,1
D,149255,2,200,200,200,201,4097,3939,589,592,4251262,4251299,1
D,149265,2,200,200,201,201,4092,3939,593,592,4251855,4251891,1
D,149275,2,200,200,199,201,4102,3939,585,593,4252440,4252484,1
D,149285,2,200,200,201,200,4092,3944,593,589,4253033,4253073,1
D,149295,2,200,200,201,200,4092,3944,591,588,4253624,4253661,1
D,149305,2,200,200,199,203,4102,3929,585,597,4254209,4254258,1
D,149315,2,200,200,201,199,4092,3949,593,586,4254802,4254844,1
D,149325,2,200,200,199,201,4102,3939,585,591,4255387,4255435,1
D,149335,2,200,200,200,202,4097,3934,589,596,4255976,4256031,1
D,149345,2,200,200,199,200,4102,3944,585,588,4256561,4256619,1
D,149355,2,200,200,200,201,4097,3939,588,591,4257149,4257210,1
D,149365,2,200,200,200,200,4097,3944,589,589,4257738,4257799,1
D,149375,2,200,200,197,202,4112,3934,579,594,4258317,4258393,1
D,149385,2,200,200,200,200,4097,3944,589,589,4258906,4258982,1
D,149395,2,200,200,198,200,4107,3944,583,588,4259489,4259570,1
D,149405,2,200,200,198,203,4107,3929,584,597,4260073,4260167,1
D,149415,2,200,200,198,198,4107,3954,584,584,4260657,4260751,1
D,149425,2,200,200,198,200,4107,3944,582,590,4261239,4261341,1
D,149435,2,200,200,200,202,4097,3934,588,594,4261827,4261935,1
D,149445,2,200,200,196,200,4118,3944,578,590,4262405,4262525,1
D,149455,2,200,200,200,200,4098,3944,588,588,4262993,4263113,1
D,149465,2,200,200,199,200,4103,3944,585,588,4263578,4263701,1
D,149475,2,200,200,198,202,4108,3934,582,596,4264160,4264297,1
D,149485,2,200,200,199,199,4103,3949,586,586,4264746,4264883,1
D,149495,2,200,200,198,200,4108,3944,582,588,4265328,4265471,1
D,149505,2,200,200,199,202,4103,3934,587,595,4265915,4266066,1
D,149515,2,200,200,198,199,4108,3949,582,586,4266497,4266652,1
D,149525,2,200,200,200,200,4098,3944,588,588,4267085,4267240,1
D,149535,2,200,200,200,200,4098,3944,588,589,4267673,4267829,1
D,149545,2,200,200,198,201,4108,3939,582,592,4268255,4268421,1
D,149555,2,200,200,200,199,4098,3949,589,586,4268844,4269007,1
D,149565,2,200,200,198,199,4108,3949,584,585,4269428,4269592,1
D,149575,2,200,200,200,202,4098,3934,588,595,4270016,4270187,1
D,149585,2,200,200,198,198,4108,3954,584,582,4270600,4270769,1
D,149595,2,200,200,199,199,4103,3949,587,587,4271187,4271356,1
D,149605,2,200,200,200,201,4098,3939,589,592,4271776,4271948,1
D,149615,2,200,200,197,199,4113,3949,581,587,4272357,4272535,1
D,149625,2,200,200,200,199,4098,3949,590,586,4272947,4273121,1
D,149635,2,200,200,199,198,4103,3954,587,584,4273534,4273705,1
D,149645,2,200,200,199,202,4103,3934,586,594,4274120,4274299,1
D,149655,2,200,200,200,198,4098,3954,588,583,4274708,4274882,1
D,149665,2,200,200,199,198,4103,3954,585,584,4275293,4275466,1
D,149675,2,200,200,200,201,4098,3939,590,593,4275883,4276059,1
D,149685,2,200,200,198,198,4108,3954,582,583,4276465,4276642,1
D,149695,2,200,200,201,199,4093,3949,591,585,4277056,4277227,1
D,149705,2,200,200,200,199,4098,3949,589,586,4277645,4277813,1
D,149715,2,200,200,198,200,4108,3944,584,590,4278229,4278403,1
D,149725,2,200,200,200,198,4098,3954,590,584,4278819,4278987,1
D,149735,2,200,200,199,198,4103,3954,586,584,4279405,4279571,1
D,149745,2,200,200,200,201,4098,3939,590,593,4279995,4280164,1
D,149755,2,200,200,199,197,4103,3959,585,580,4280580,4280744,1
D,149765,2,200,200,200,199,4098,3949,589,586,4281169,4281330,1
D,149775,2,200,200,201,200,4093,3944,592,589,4281761,4281919,1
D,149785,2,200,200,198,199,4108,3949,582,587,4282343,4282506,1
D,149795,2,200,200,201,199,4093,3949,592,585,4282935,4283091,1
D,149805,2,200,200,200,198,4098,3954,589,583,4283524,4283674,1
D,149815,2,200,200,200,201,4098,3939,588,592,4284112,4284266,1
D,149825,2,200,200,200,197,4098,3959,590,581,4284702,4284847,1
D,149835,2,200,200,200,199,4098,3949,588,585,4285290,4285432,1
D,149845,2,200,200,201,201,4093,3939,592,592,4285882,4286024,1
D,149855,2,200,200,198,198,4108,3954,584,584,4286466,4286608,1
D,149865,2,200,200,201,199,4093,3949,592,586,4287058,4287194,1
D,149875,2,200,200,201,199,4093,3949,592,585,4287650,4287779,1
D,149885,2,200,200,199,201,4103,3939,586,593,4288236,4288372,1
D,149895,2,200,200,201,199,4093,3949,591,585,4288827,4288957,1
D,149905,2,200,200,200,199,4098,3949,588,585,4289415,4289542,1
D,149915,2,200,200,201,202,4093,3934,591,595,4290006,4290137,1
D,149925,2,200,200,200,198,4098,3954,588,583,4290594,4290720,1
D,149935,2,200,200,200,200,4098,3944,589,589,4291183,4291309,1
D,149945,2,200,200,202,201,4088,3939,594,591,4291777,4291900,1
D,149955,2,200,200,198,200,4108,3944,583,590,4292360,4292490,1
D,149965,2,200,200,202,199,4088,3949,594,587,4292954,4293077,1
D,149975,2,200,200,200,199,4098,3949,590,586,4293544,4293663,1
D,149985,2,200,200,200,202,4098,3934,590,596,4294134,4294259,1
D,149995,2,200,200,201,198,4093,3954,591,584,4294725,4294843,1
D,150005,2,200,200,200,200,4098,3944,588,589,4295313,4295432,1
D,150015,2,200,200,201,202,4093,3934,593,595,4295906,4296027,1
D,150025,2,200,200,199,199,4103,3949,585,586,4296491,4296613,1
D,150035,2,200,200,201,200,4093,3944,592,590,4297083,4297203,1
D,150045,2,200,200,201,200,4093,3944,593,588,4297676,4297791,1
D,150055,2,200,200,199,202,4103,3934,585,594,4298261,4298385,1
D,150065,2,200,200,201,200,4093,3944,592,588,4298853,4298973,1
D,150075,2,200,200,200,200,4098,3944,588,589,4299441,4299562,1
D,150085,2,200,200,201,203,4093,3929,591,597,4300032,4300159,1
D,150095,2,200,200,200,199,4098,3949,588,586,4300620,4300745,1
D,150105,2,200,200,200,201,4098,3939,589,591,4301209,4301336,1
D,150115,2,200,200,202,201,4088,3939,594,593,4301803,4301929,1
D,150125,2,200,200,198,201,4108,3939,583,591,4302386,4302520,1
D,150135,2,200,200,201,200,4093,3944,593,590,4302979,4303110,1
D,150145,2,200,200,200,200,4098,3944,590,590,4303569,4303700,1
D,150155,2,200,200,200,203,4098,3929,589,599,4304158,4304299,1
D,150165,2,200,200,201,199,4093,3949,591,587,4304749,4304886,1
D,150175,2,200,200,199,200,4103,3944,586,590,4305335,4305476,1
D,150185,2,200,200,201,203,4093,3929,592,598,4305927,4306074,1
D,150195,2,200,200,199,200,4103,3944,586,588,4306513,4306662,1
D,150205,2,200,200,201,201,4093,3939,591,592,4307104,4307254,1
D,150215,2,200,200,201,201,4093,3939,592,592,4307696,4307846,1
D,150225,2,200,200,198,202,4108,3934,584,594,4308280,4308440,1
D,150235,2,200,200,201,200,4093,3944,592,590,4308872,4309030,1
D,150245,2,200,200,200,200,4098,3944,588,589,4309460,4309619,1
D,150255,2,200,200,201,203,4093,3929,591,599,4310051,4310218,1
D,150265,2,200,200,200,199,4098,3949,588,586,4310639,4310804,1
D,150275,2,200,200,200,201,4098,3939,589,591,4311228,4311395,1
D,150285,2,200,200,201,203,4093,3929,592,597,4311820,4311992,1
D,150295,2,200,200,198,200,4108,3944,584,590,4312404,4312582,1
D,150305,2,200,200,201,201,4093,3939,592,591,4312996,4313173,1
D,150315,2,200,200,200,200,4098,3944,590,589,4313586,4313762,1
D,150325,2,200,200,199,203,4103,3929,586,598,4314172,4314360,1
D,150335,2,200,200,200,200,4098,3944,590,588,4314762,4314948,1
D,150345,2,200,200,198,200,4108,3944,584,589,4315346,4315537,1
D,150355,2,200,200,200,203,4098,3929,588,598,4315934,4316135,1
D,150365,2,200,200,198,199,4108,3949,583,587,4316517,4316722,1
D,150375,2,200,200,200,201,4098,3939,588,591,4317105,4317313,1
D,150385,2,200,200,199,201,4103,3939,587,593,4317692,4317906,1
D,150395,2,200,200,197,201,4113,3939,579,592,4318271,4318498,1
D,150405,2,200,200,199,200,4103,3944,586,590,4318857,4319088,1
D,150415,2,200,200,198,200,4108,3944,582,588,4319439,4319676,1
D,150425,2,200,200,199,203,4103,3929,585,597,4320024,4320273,1
D,150435,2,200,200,197,199,4113,3949,580,587,4320604,4320860,1
D,150445,2,200,200,198,200,4108,3944,583,588,4321187,4321448,1
D,150455,2,200,200,199,202,4103,3934,585,596,4321772,4322044,1
D,150465,2,200,200,196,199,4119,3949,576,587,4322348,4322631,1
D,150475,2,200,200,199,200,4104,3944,587,590,4322935,4323221,1
D,150485,2,200,200,198,200,4109,3944,582,590,4323517,4323811,1
D,150495,2,200,200,198,201,4109,3939,583,593,4324100,4324404,1
D,150505,2,200,200,198,200,4109,3944,582,588,4324682,4324992,1
D,150515,2,200,200,198,199,4109,3949,582,587,4325264,4325579,1
D,150525,2,200,200,199,202,4104,3934,586,596,4325850,4326175,1
D,150535,2,200,200,196,198,4120,3954,577,584,4326427,4326759,1
D,150545,2,200,200,199,200,4105,3944,587,589,4327014,4327348,1
D,150555,2,200,200,199,201,4105,3939,585,593,4327599,4327941,1
D,150565,2,200,200,198,200,4110,3944,582,589,4328181,4328530,1
D,150575,2,200,200,199,200,4105,3944,586,588,4328767,4329118,1
D,150585,2,200,200,198,199,4110,3949,582,585,4329349,4329703,1
D,150595,2,200,200,200,202,4100,3934,588,594,4329937,4330297,1
D,150605,2,200,200,197,199,4115,3949,580,585,4330517,4330882,1
D,150615,2,200,200,200,199,4100,3949,588,586,4331105,4331468,1
D,150625,2,200,200,199,202,4105,3934,586,595,4331691,4332063,1
D,150635,2,200,200,197,199,4115,3949,580,585,4332271,4332648,1
D,150645,2,200,200,200,199,4100,3949,588,587,4332859,4333235,1
D,150655,2,200,200,198,200,4110,3944,584,588,4333443,4333823,1
D,150665,2,200,200,199,201,4105,3939,587,591,4334030,4334414,1
D,150675,2,200,200,198,199,4110,3949,584,585,4334614,4334999,1
D,150685,2,200,200,199,199,4105,3949,586,585,4335200,4335584,1
D,150695,2,200,200,200,201,4100,3939,588,593,4335788,4336177,1
D,150705,2,200,200,197,197,4115,3959,580,581,4336368,4336758,1
D,150715,2,200,200,200,199,4100,3949,590,586,4336958,4337344,1
D,150725,2,200,200,199,201,4105,3939,587,591,4337545,4337935,1
D,150735,2,200,200,199,199,4105,3949,585,587,4338130,4338522,1
D,150745,2,200,200,200,199,4100,3949,588,586,4338718,4339108,1
D,150755,2,200,200,199,199,4105,3949,585,585,4339303,4339693,1
D,150765,2,200,200,201,201,4095,3939,591,593,4339894,4340286,1
D,150775,2,200,200,198,198,4110,3954,582,583,4340476,4340869,1
D,150785,2,200,200,201,199,4095,3949,592,585,4341068,4341454,1
D,150795,2,200,200,200,201,4100,3939,589,593,4341657,4342047,1
D,150805,2,200,200,198,198,4110,3954,584,583,4342241,4342630,1
D,150815,2,200,200,201,199,4095,3949,591,586,4342832,4343216,1
D,150825,2,200,200,199,199,4105,3949,586,586,4343418,4343802,1
D,150835,2,200,200,201,200,4095,3944,591,590,4344009,4344392,1
D,150845,2,200,200,199,198,4105,3954,587,584,4344596,4344976,1
D,150855,2,200,200,200,199,4100,3949,589,585,4345185,4345561,1
D,150865,2,200,200,201,201,4095,3939,592,593,4345777,4346154,1
D,150875,2,200,200,198,198,4110,3954,582,583,4346359,4346737,1
D,150885,2,200,200,201,199,4095,3949,593,587,4346952,4347324,1
D,150895,2,200,200,200,201,4100,3939,588,591,4347540,4347915,1
D,150905,2,200,200,200,200,4100,3944,589,588,4348129,4348503,1
D,150915,2,200,200,201,199,4095,3949,591,587,4348720,4349090,1
D,150925,2,200,200,199,199,4105,3949,587,586,4349307,4349676,1
D,150935,2,200,200,201,202,4095,3934,593,595,4349900,4350271,1
D,150945,2,200,200,199,199,4105,3949,585,585,4350485,4350856,1
D,150955,2,200,200,201,200,4095,3944,593,588,4351078,4351444,1
D,150965,2,200,200,201,202,4095,3934,591,596,4351669,4352040,1
D,150975,2,200,200,199,199,4105,3949,587,587,4352256,4352627,1
D,150985,2,200,200,201,200,4095,3944,593,589,4352849,4353216,1
D,150995,2,200,200,200,200,4100,3944,589,590,4353438,4353806,1
D,151005,2,200,200,201,202,4095,3934,593,594,4354031,4354400,1
D,151015,2,200,200,200,200,4100,3944,589,588,4354620,4354988,1
D,151025,2,200,200,201,200,4095,3944,591,588,4355211,4355576,1
D,151035,2,200,200,202,203,4090,3929,594,597,4355805,4356173,1
D,151045,2,200,200,198,199,4110,3949,584,586,4356389,4356759,1
D,151055,2,200,200,202,200,4090,3944,595,590,4356984,4357349,1
D,151065,2,200,200,201,202,4095,3934,591,595,4357575,4357944,1
D,151075,2,200,200,200,201,4100,3939,588,591,4358163,4358535,1
D,151085,2,200,200,201,201,4095,3939,592,591,4358755,4359126,1
D,151095,2,200,200,199,200,4105,3944,587,589,4359342,4359715,1
D,151105,2,200,200,201,203,4095,3929,593,598,4359935,4360313,1
D,151115,2,200,200,199,200,4105,3944,586,588,4360521,4360901,1
D,151125,2,200,200,202,200,4090,3944,594,590,4361115,4361491,1
D,151135,2,200,200,201,203,4095,3929,591,599,4361706,4362090,1
D,151145,2,200,200,199,200,4105,3944,585,588,4362291,4362678,1
D,151155,2,200,200,202,201,4090,3939,595,592,4362886,4363270,1
D,151165,2,200,200,200,202,4100,3934,588,594,4363474,4363864,1
D,151175,2,200,200,201,202,4095,3934,593,595,4364067,4364459,1
D,151185,2,200,200,200,201,4100,3939,590,591,4364657,4365050,1
D,151195,2,200,200,200,201,4100,3939,589,591,4365246,4365641,1
D,151205,2,200,200,202,204,4090,3923,594,600,4365840,4366241,1
D,151215,2,200,200,199,200,4105,3943,585,588,4366425,4366829,1
D,151225,2,200,200,202,201,4090,3938,594,592,4367019,4367421,1
D,151235,2,200,200,201,203,4095,3928,591,599,4367610,4368020,1
D,151245,2,200,200,199,201,4105,3938,587,591,4368197,4368611,1
D,151255,2,200,200,201,201,4095,3938,593,592,4368790,4369203,1
D,151265,2,200,200,199,201,4105,3938,587,593,4369377,4369796,1
D,151275,2,200,200,201,203,4095,3928,593,597,4369970,4370393,1
D,151285,2,200,200,199,201,4105,3938,587,591,4370557,4370984,1
D,151295,2,200,200,201,201,4095,3938,592,591,4371149,4371575,1
D,151305,2,200,200,201,203,4095,3928,593,599,4371742,4372174,1
D,151315,2,200,200,198,200,4110,3943,583,589,4372325,4372763,1
D,151325,2,200,200,202,201,4090,3938,594,592,4372919,4373355,1
D,151335,2,200,200,200,203,4100,3928,588,597,4373507,4373952,1
D,151345,2,200,200,200,201,4100,3938,590,593,4374097,4374545,1
D,151355,2,200,200,200,201,4100,3938,588,592,4374685,4375137,1
D,151365,2,200,200,199,201,4105,3938,587,591,4375272,4375728,1
D,151375,2,200,200,200,203,4100,3928,590,598,4375862,4376326,1
D,151385,2,200,200,197,200,4115,3943,581,590,4376443,4376916,1
D,151395,2,200,200,200,200,4100,3943,590,590,4377033,4377506,1
D,151405,2,200,200,199,204,4105,3922,585,600,4377618,4378106,1
D,151415,2,200,200,198,199,4110,3947,582,587,4378200,4378693,1
D,151425,2,200,200,199,201,4105,3937,587,591,4378787,4379284,1
D,151435,2,200,200,197,202,4115,3932,580,595,4379367,4379879,1
D,151445,2,200,200,199,201,4105,3937,587,593,4379954,4380472,1
D,151455,2,200,200,197,201,4115,3937,579,591,4380533,4381063,1
D,151465,2,200,200,199,200,4105,3942,585,589,4381118,4381652,1
D,151475,2,200,200,198,203,4110,3927,584,598,4381702,4382250,1
D,151485,2,200,200,197,199,4115,3947,579,587,4382281,4382837,1
D,151495,2,200,200,199,200,4105,3942,586,590,4382867,4383427,1
D,151505,2,200,200,197,203,4115,3927,581,597,4383448,4384024,1
D,151515,2,200,200,199,200,4105,3942,585,588,4384033,4384612,1
D,151525,2,200,200,197,200,4115,3942,581,590,4384614,4385202,1
D,151535,2,200,200,199,200,4105,3942,585,590,4385199,4385792,1
D,151545,2,200,200,199,201,4105,3937,586,593,4385785,4386385,1
D,151555,2,200,200,196,200,4121,3942,578,588,4386363,4386973,1
D,151565,2,200,200,200,200,4101,3942,588,588,4386951,4387561,1
D,151575,2,200,200,198,202,4111,3932,583,596,4387534,4388157,1
D,151585,2,200,200,199,198,4106,3952,585,584,4388119,4388741,1
D,151595,2,200,200,199,200,4106,3942,585,588,4388704,4389329,1
D,151605,2,200,200,198,201,4111,3937,583,593,4389287,4389922,1
D,151615,2,200,200,200,200,4101,3942,588,588,4389875,4390510,1
D,151625,2,200,200,197,200,4116,3942,580,588,4390455,4391098,1
D,151635,2,200,200,200,199,4101,3947,589,585,4391044,4391683,1
D,151645,2,200,200,199,202,4106,3932,586,594,4391630,4392277,1
D,151655,2,200,200,198,198,4111,3952,582,583,4392212,4392860,1
D,151665,2,200,200,200,198,4101,3952,589,584,4392801,4393444,1
D,151675,2,200,200,198,202,4111,3932,582,594,4393383,4394038,1
D,151685,2,200,200,200,198,4101,3952,589,582,4393972,4394620,1
D,151695,2,200,200,197,199,4116,3947,581,586,4394553,4395206,1
D,151705,2,200,200,200,199,4101,3947,589,587,4395142,4395793,1
D,151715,2,200,200,200,200,4101,3942,589,589,4395731,4396382,1
D,151725,2,200,200,197,199,4116,3947,580,585,4396311,4396967,1
D,151735,2,200,200,201,198,4096,3952,591,584,4396902,4397551,1
D,151745,2,200,200,199,202,4106,3932,585,594,4397487,4398145,1
D,151755,2,200,200,200,198,4101,3952,589,582,4398076,4398727,1
D,151765,2,200,200,199,199,4106,3947,586,587,4398662,4399314,1
D,151775,2,200,200,199,200,4106,3942,587,590,4399249,4399904,1
D,151785,2,200,200,201,199,4096,3947,591,587,4399840,4400491,1
D,151795,2,200,200,198,199,4111,3947,582,587,4400422,4401078,1
D,151805,2,200,200,201,198,4096,3952,591,583,4401013,4401661,1
D,151815,2,200,200,200,201,4101,3937,588,593,4401601,4402254,1
D,151825,0,200,200,199,198,0,0,586,583,4402187,4402837,1
D,151835,0,200,200,199,197,0,0,587,581,4402774,4403418,1
D,151845,0,200,200,193,196,0,0,568,576,4403342,4403994,1
D,151855,0,200,200,190,188,0,0,561,554,4403903,4404548,1
D,151865,0,200,200,182,184,0,0,536,542,4404439,4405090,1
D,151875,0,200,200,181,179,0,0,532,527,4404971,4405617,1
D,151885,0,200,200,174,177,0,0,512,523,4405483,4406140,1
D,151895,0,200,200,170,169,0,0,502,499,4405985,4406639,1
D,151905,0,200,200,163,166,0,0,480,490,4406465,4407129,1
D,151915,0,200,200,162,161,0,0,477,475,4406942,4407604,1
D,151925,0,200,200,155,159,0,0,457,470,4407399,4408074,1
D,151935,0,200,200,152,152,0,0,448,448,4407847,4408522,1
D,151945,0,200,200,144,149,0,0,426,438,4408273,4408960,1
D,151955,0,200,200,143,143,0,0,421,423,4408694,4409383,1
D,151965,0,200,200,138,141,0,0,406,416,4409100,4409799,1
D,151975,0,200,200,132,138,0,0,389,406,4409489,4410205,1
D,151985,0,200,200,129,130,0,0,380,384,4409869,4410589,1
D,151995,0,200,200,122,127,0,0,360,375,4410229,4410964,1
D,152005,0,200,200,119,122,0,0,350,360,4410579,4411324,1
D,152015,0,200,200,116,119,0,0,342,351,4410921,4411675,1
D,152025,0,200,200,109,117,0,0,323,344,4411244,4412019,1
D,152035,0,200,200,106,109,0,0,313,323,4411557,4412342,1
D,152045,0,200,200,102,105,0,0,302,310,4411859,4412652,1
D,152055,0,200,200,96,102,0,0,284,302,4412143,4412954,1
D,152065,0,200,200,92,97,0,0,271,287,4412414,4413241,1
D,152075,0,200,200,90,93,0,0,265,276,4412679,4413517,1
D,152085,0,200,200,85,90,0,0,251,265,4412930,4413782,1
D,152095,0,200,200,80,87,0,0,237,256,4413167,4414038,1
D,152105,0,200,200,76,81,0,0,224,239,4413391,4414277,1
D,152115,0,200,200,72,76,0,0,212,226,4413603,4414503,1
D,152125,0,200,200,69,71,0,0,204,211,4413807,4414714,1
D,152135,0,200,200,63,71,0,0,186,209,4413993,4414923,1
D,152145,0,200,200,58,65,0,0,171,192,4414164,4415115,1
D,152155,0,200,200,53,60,0,0,158,179,4414322,4415294,1
D,152165,0,200,200,52,58,0,0,154,172,4414476,4415466,1
D,152175,0,200,200,46,54,0,0,136,159,4414612,4415625,1
D,152185,0,200,200,46,50,0,0,136,149,4414748,4415774,1
D,152195,0,200,200,37,48,0,0,109,142,4414857,4415916,1
D,152205,0,200,200,35,38,0,0,103,113,4414960,4416029,1
D,152215,0,200,200,34,40,0,0,101,119,4415061,4416148,1
D,152225,0,200,200,25,34,0,0,74,102,4415135,4416250,1
D,152235,0,200,200,13,24,0,0,40,71,4415175,4416321,1
D,152245,0,200,200,8,25,0,0,25,74,4415200,4416395,1
D,152255,0,200,200,10,27,0,0,30,82,4415230,4416477,1
D,152265,0,200,200,15,21,0,0,47,64,4415277,4416541,1
D,152275,0,200,200,18,9,0,0,54,29,4415331,4416570,1
D,152285,0,200,200,15,0,0,0,45,-2,4415376,4416568,1
D,152295,0,200,200,7,-8,0,0,22,-24,4415398,4416544,1
D,152305,0,200,200,0,-13,0,0,-2,-41,4415396,4416503,1
D,152315,0,200,200,-4,-15,0,0,-14,-46,4415382,4416457,1
D,152325,0,200,200,-6,-12,0,0,-19,-37,4415363,4416420,1
D,152335,0,200,200,-5,-4,0,0,-16,-12,4415347,4416408,1
D,152345,0,200,200,-2,2,0,0,-8,8,4415339,4416416,1
D,152355,0,200,200,0,5,0,0,0,17,4415339,4416433,1
D,152365,0,200,200,0,6,0,0,0,18,4415339,4416451,1
D,152375,0,200,200,0,3,0,0,0,9,4415339,4416460,1
D,152385,0,200,200,0,0,0,0,0,1,4415339,4416461,1
D,152395,0,200,200,0,0,0,0,0,-1,4415339,4416460,1
D,152405,0,200,200,0,0,0,0,0,0,4415339,4416460,1
D,152415,0,200,200,0,0,0,0,0,0,4415339,4416460,1
D,152425,0,200,200,0,0,0,0,0,0,4415339,4416460,1
D,152435,0,200,200,0,0,0,0,0,0,4415339,4416460,1
D,152445,0,200,200,0,0,0,0,0,0,4415339,4416460,1
D,152455,0,200,200,0,0,0,0,0,0,4415339,4416460,1
D,152465,0,200,200,0,0,0,0,0,0,4415339,4416460,1
D,152475,0,200,200,0,0,0,0,0,0,4415339,4416460,1
D,152485,0,200,200,0,0,0,0,0,0,4415339,4416460,1
D,152495,0,200,200,0,0,0,0,0,0,4415339,4416460,1
D,152505,0,200,200,0,0,0,0,0,0,4415339,4416460,1
D,152515,0,200,200,0,0,0,0,0,0,4415339,4416460,1
D,152525,0,200,200,0,0,0,0,0,0,4415339,4416460,1
D,152535,0,200,200,0,0,0,0,0,0,4415339,4416460,1
D,152545,0,200,200,0,0,0,0,0,0,4415339,4416460,1
D,152555,0,200,200,0,0,0,0,0,0,4415339,4416460,1
D,152565,0,200,200,0,0,0,0,0,0,4415339,4416460,1
D,152575,0,200,200,0,0,0,0,0,0,4415339,4416460,1
D,152585,0,200,200,0,0,0,0,0,0,4415339,4416460,1
D,152595,0,200,200,0,0,0,0,0,0,4415339,4416460,1
D,152605,0,200,200,0,0,0,0,0,0,4415339,4416460,1
D,152615,0,200,200,0,0,0,0,0,0,4415339,4416460,1
D,152625,0,200,200,0,0,0,0,0,0,4415339,4416460,1
D,152635,0,200,200,0,0,0,0,0,0,4415339,4416460,1
D,152645,0,200,200,0,0,0,0,0,0,4415339,4416460,1
D,152655,0,200,200,0,0,0,0,0,0,4415339,4416460,1
D,152665,0,200,200,0,0,0,0,0,0,4415339,4416460,1
D,152675,0,200,200,0,0,0,0,0,0,4415339,4416460,1
D,152685,0,200,200,0,0,0,0,0,0,4415339,4416460,1
D,152695,0,200,200,0,0,0,0,0,0,4415339,4416460,1
D,152705,0,200,200,0,0,0,0,0,0,4415339,4416460,1
D,152715,0,200,200,0,0,0,0,0,0,4415339,4416460,1
D,152725,0,200,200,0,0,0,0,0,0,4415339,4416460,1
D,152735,0,200,200,0,0,0,0,0,0,4415339,4416460,1
D,152745,0,200,200,0,0,0,0,0,0,4415339,4416460,1
D,152755,0,200,200,0,0,0,0,0,0,4415339,4416460,1
D,152765,0,200,200,0,0,0,0,0,0,4415339,4416460,1
D,152775,0,200,200,0,0,0,0,0,0,4415339,4416460,1
D,152785,0,200,200,0,0,0,0,0,0,4415339,4416460,1
D,152795,0,200,200,0,0,0,0,0,0,4415339,4416460,1
D,152805,0,200,200,0,0,0,0,0,0,4415339,4416460,1
D,152815,0,200,200,0,0,0,0,0,0,4415339,4416460,1
D,152825,0,200,200,0,0,0,0,0,0,4415339,4416460,1
D,152835,0,200,200,0,0,0,0,0,0,4415339,4416460,1
D,152845,0,200,200,0,0,0,0,0,0,4415339,4416460,1
D,152855,0,200,200,0,0,0,0,0,0,4415339,4416460,1
D,152865,0,200,200,0,0,0,0,0,0,4415339,4416460,1
D,152875,0,200,200,0,0,0,0,0,0,4415339,4416460,1
D,152885,0,200,200,0,0,0,0,0,0,4415339,4416460,1
D,152895,0,200,200,0,0,0,0,0,0,4415339,4416460,1
D,152905,0,200,200,0,0,0,0,0,0,4415339,4416460,1
D,152915,0,200,200,0,0,0,0,0,0,4415339,4416460,1
D,152925,0,200,200,0,0,0,0,0,0,4415339,4416460,1
D,152935,0,200,200,0,0,0,0,0,0,4415339,4416460,1
D,152945,0,200,200,0,0,0,0,0,0,4415339,4416460,1
D,152955,0,200,200,0,0,0,0,0,0,4415339,4416460,1
D,152965,0,200,200,0,0,0,0,0,0,4415339,4416460,1
D,152975,0,200,200,0,0,0,0,0,0,4415339,4416460,1
D,152985,0,200,200,0,0,0,0,0,0,4415339,4416460,1
D,152995,0,200,200,0,0,0,0,0,0,4415339,4416460,1
D,153005,0,200,200,0,0,0,0,0,0,4415339,4416460,1
D,153015,0,200,200,0,0,0,0,0,0,4415339,4416460,1
D,153025,0,200,200,0,0,0,0,0,0,4415339,4416460,1
D,153035,0,200,200,0,0,0,0,0,0,4415339,4416460,1
D,153045,0,200,200,0,0,0,0,0,0,4415339,4416460,1
D,153055,0,200,200,0,0,0,0,0,0,4415339,4416460,1
D,153065,0,200,200,0,0,0,0,0,0,4415339,4416460,1
D,153075,0,200,200,0,0,0,0,0,0,4415339,4416460,1
D,153085,0,200,200,0,0,0,0,0,0,4415339,4416460,1
D,153095,0,200,200,0,0,0,0,0,0,4415339,4416460,1
D,153105,0,200,200,0,0,0,0,0,0,4415339,4416460,1
D,153115,0,200,200,0,0,0,0,0,0,4415339,4416460,1
D,153125,0,200,200,0,0,0,0,0,0,4415339,4416460,1
D,153135,0,200,200,0,0,0,0,0,0,4415339,4416460,1
D,153145,0,200,200,0,0,0,0,0,0,4415339,4416460,1
D,153155,0,200,200,0,0,0,0,0,0,4415339,4416460,1
D,153165,0,200,200,0,0,0,0,0,0,4415339,4416460,1
D,153175,0,200,200,0,0,0,0,0,0,4415339,4416460,1
D,153185,0,200,200,0,0,0,0,0,0,4415339,4416460,1
D,153195,0,200,200,0,0,0,0,0,0,4415339,4416460,1
D,153205,0,200,200,0,0,0,0,0,0,4415339,4416460,1
D,153215,0,200,200,0,0,0,0,0,0,4415339,4416460,1
D,153225,0,200,200,0,0,0,0,0,0,4415339,4416460,1
D,153235,0,200,200,0,0,0,0,0,0,4415339,4416460,1
D,153245,0,200,200,0,0,0,0,0,0,4415339,4416460,1
D,153255,0,200,200,0,0,0,0,0,0,4415339,4416460,1
D,153265,0,200,200,0,0,0,0,0,0,4415339,4416460,1
D,153275,0,200,200,0,0,0,0,0,0,4415339,4416460,1
D,153285,0,200,200,0,0,0,0,0,0,4415339,4416460,1
D,153295,0,200,200,0,0,0,0,0,0,4415339,4416460,1
D,153305,0,200,200,0,0,0,0,0,0,4415339,4416460,1
D,153315,0,200,200,0,0,0,0,0,0,4415339,4416460,1
D,153325,0,200,200,0,0,0,0,0,0,4415339,4416460,1
D,153335,0,200,200,0,0,0,0,0,0,4415339,4416460,1
D,153345,0,200,200,0,0,0,0,0,0,4415339,4416460,1
D,153355,0,200,200,0,0,0,0,0,0,4415339,4416460,1
D,153365,0,200,200,0,0,0,0,0,0,4415339,4416460,1
D,153375,0,200,200,0,0,0,0,0,0,4415339,4416460,1
D,153385,0,200,200,0,0,0,0,0,0,4415339,4416460,1
D,153395,0,200,200,0,0,0,0,0,0,4415339,4416460,1
D,153405,0,200,200,0,0,0,0,0,0,4415339,4416460,1
D,153415,0,200,200,0,0,0,0,0,0,4415339,4416460,1
D,153425,0,200,200,0,0,0,0,0,0,4415339,4416460,1
D,153435,0,200,200,0,0,0,0,0,0,4415339,4416460,1
D,153445,0,200,200,0,0,0,0,0,0,4415339,4416460,1
D,153455,0,200,200,0,0,0,0,0,0,4415339,4416460,1
D,153465,0,200,200,0,0,0,0,0,0,4415339,4416460,1
D,153475,0,200,200,0,0,0,0,0,0,4415339,4416460,1
D,153485,0,200,200,0,0,0,0,0,0,4415339,4416460,1
D,153495,0,200,200,0,0,0,0,0,0,4415339,4416460,1
D,153505,0,200,200,0,0,0,0,0,0,4415339,4416460,1
D,153515,0,200,200,0,0,0,0,0,0,4415339,4416460,1
D,153525,0,200,200,0,0,0,0,0,0,4415339,4416460,1
D,153535,0,200,200,0,0,0,0,0,0,4415339,4416460,1
D,153545,0,200,200,0,0,0,0,0,0,4415339,4416460,1
D,153555,0,200,200,0,0,0,0,0,0,4415339,4416460,1
D,153565,0,200,200,0,0,0,0,0,0,4415339,4416460,1
D,153575,0,200,200,0,0,0,0,0,0,4415339,4416460,1
D,153585,0,200,200,0,0,0,0,0,0,4415339,4416460,1
D,153595,0,200,200,0,0,0,0,0,0,4415339,4416460,1
D,153605,0,200,200,0,0,0,0,0,0,4415339,4416460,1
D,153615,0,200,200,0,0,0,0,0,0,4415339,4416460,1
D,153625,0,200,200,0,0,0,0,0,0,4415339,4416460,1
D,153635,0,200,200,0,0,0,0,0,0,4415339,4416460,1
D,153645,0,200,200,0,0,0,0,0,0,4415339,4416460,1
D,153655,0,200,200,0,0,0,0,0,0,4415339,4416460,1
D,153665,0,200,200,0,0,0,0,0,0,4415339,4416460,1
D,153675,0,200,200,0,0,0,0,0,0,4415339,4416460,1
D,153685,0,200,200,0,0,0,0,0,0,4415339,4416460,1
D,153695,0,200,200,0,0,0,0,0,0,4415339,4416460,1
D,153705,0,200,200,0,0,0,0,0,0,4415339,4416460,1
D,153715,0,200,200,0,0,0,0,0,0,4415339,4416460,1
D,153725,0,200,200,0,0,0,0,0,0,4415339,4416460,1
D,153735,0,200,200,0,0,0,0,0,0,4415339,4416460,1
D,153745,0,200,200,0,0,0,0,0,0,4415339,4416460,1
D,153755,0,200,200,0,0,0,0,0,0,4415339,4416460,1
D,153765,0,200,200,0,0,0,0,0,0,4415339,4416460,1
D,153775,0,200,200,0,0,0,0,0,0,4415339,4416460,1
D,153785,0,200,200,0,0,0,0,0,0,4415339,4416460,1
D,153795,0,200,200,0,0,0,0,0,0,4415339,4416460,1
D,153805,0,200,200,0,0,0,0,0,0,4415339,4416460,1
D,153815,0,200,200,0,0,0,0,0,0,4415339,4416460,1
D,153825,0,200,200,0,0,0,0,0,0,4415339,4416460,1
D,153835,0,200,200,0,0,0,0,0,0,4415339,4416460,1
D,153845,0,200,200,0,0,0,0,0,0,4415339,4416460,1
D,153855,0,200,200,0,0,0,0,0,0,4415339,4416460,1
D,153865,0,200,200,0,0,0,0,0,0,4415339,4416460,1
D,153875,0,200,200,0,0,0,0,0,0,4415339,4416460,1
D,153885,0,200,200,0,0,0,0,0,0,4415339,4416460,1
D,153895,0,200,200,0,0,0,0,0,0,4415339,4416460,1
D,153905,0,200,200,0,0,0,0,0,0,4415339,4416460,1
D,153915,0,200,200,0,0,0,0,0,0,4415339,4416460,1
D,153925,0,200,200,0,0,0,0,0,0,4415339,4416460,1
D,153935,0,200,200,0,0,0,0,0,0,4415339,4416460,1
D,153945,0,200,200,0,0,0,0,0,0,4415339,4416460,1
D,153955,0,200,200,0,0,0,0,0,0,4415339,4416460,1
D,153965,0,200,200,0,0,0,0,0,0,4415339,4416460,1
D,153975,0,200,200,0,0,0,0,0,0,4415339,4416460,1
D,153985,0,200,200,0,0,0,0,0,0,4415339,4416460,1
D,153995,0,200,200,0,0,0,0,0,0,4415339,4416460,1
D,154005,0,200,200,0,0,0,0,0,0,4415339,4416460,1
D,154015,0,200,200,0,0,0,0,0,0,4415339,4416460,1
D,154025,0,200,200,0,0,0,0,0,0,4415339,4416460,1
D,154035,0,200,200,0,0,0,0,0,0,4415339,4416460,1
D,154045,0,200,200,0,0,0,0,0,0,4415339,4416460,1
D,154055,0,200,200,0,0,0,0,0,0,4415339,4416460,1
D,154065,0,200,200,0,0,0,0,0,0,4415339,4416460,1
D,154075,0,200,200,0,0,0,0,0,0,4415339,4416460,1
D,154085,0,200,200,0,0,0,0,0,0,4415339,4416460,1
D,154095,0,200,200,0,0,0,0,0,0,4415339,4416460,1
D,154105,0,200,200,0,0,0,0,0,0,4415339,4416460,1
D,154115,0,200,200,0,0,0,0,0,0,4415339,4416460,1
D,154125,0,200,200,0,0,0,0,0,0,4415339,4416460,1
D,154135,0,200,200,0,0,0,0,0,0,4415339,4416460,1
D,154145,0,200,200,0,0,0,0,0,0,4415339,4416460,1
D,154155,0,200,200,0,0,0,0,0,0,4415339,4416460,1
D,154165,0,200,200,0,0,0,0,0,0,4415339,4416460,1
D,154175,0,200,200,0,0,0,0,0,0,4415339,4416460,1
D,154185,0,200,200,0,0,0,0,0,0,4415339,4416460,1
D,154195,0,200,200,0,0,0,0,0,0,4415339,4416460,1
D,154205,0,200,200,0,0,0,0,0,0,4415339,4416460,1
D,154215,0,200,200,0,0,0,0,0,0,4415339,4416460,1
D,154225,0,200,200,0,0,0,0,0,0,4415339,4416460,1
D,154235,0,200,200,0,0,0,0,0,0,4415339,4416460,1
D,154245,0,200,200,0,0,0,0,0,0,4415339,4416460,1
D,154255,0,200,200,0,0,0,0,0,0,4415339,4416460,1
D,154265,0,200,200,0,0,0,0,0,0,4415339,4416460,1
D,154275,0,200,200,0,0,0,0,0,0,4415339,4416460,1
D,154285,0,200,200,0,0,0,0,0,0,4415339,4416460,1
D,154295,0,200,200,0,0,0,0,0,0,4415339,4416460,1
D,154305,0,200,200,0,0,0,0,0,0,4415339,4416460,1
D,154315,0,200,200,0,0,0,0,0,0,4415339,4416460,1
D,154325,0,200,200,0,0,0,0,0,0,4415339,4416460,1
D,154335,0,200,200,0,0,0,0,0,0,4415339,4416460,1
D,154345,0,200,200,0,0,0,0,0,0,4415339,4416460,1
D,154355,0,200,200,0,0,0,0,0,0,4415339,4416460,1
D,154365,0,200,200,0,0,0,0,0,0,4415339,4416460,1
D,154375,0,200,200,0,0,0,0,0,0,4415339,4416460,1
D,154385,0,200,200,0,0,0,0,0,0,4415339,4416460,1
D,154395,0,200,200,0,0,0,0,0,0,4415339,4416460,1
D,154405,0,200,200,0,0,0,0,0,0,4415339,4416460,1
D,154415,0,200,200,0,0,0,0,0,0,4415339,4416460,1
D,154425,0,200,200,0,0,0,0,0,0,4415339,4416460,1
D,154435,0,200,200,0,0,0,0,0,0,4415339,4416460,1
D,154445,0,200,200,0,0,0,0,0,0,4415339,4416460,1
D,154455,0,200,200,0,0,0,0,0,0,4415339,4416460,1
D,154465,0,200,200,0,0,0,0,0,0,4415339,4416460,1
D,154475,0,200,200,0,0,0,0,0,0,4415339,4416460,1
D,154485,0,200,200,0,0,0,0,0,0,4415339,4416460,1
D,154495,0,200,200,0,0,0,0,0,0,4415339,4416460,1
D,154505,0,200,200,0,0,0,0,0,0,4415339,4416460,1
D,154515,0,200,200,0,0,0,0,0,0,4415339,4416460,1
D,154525,0,200,200,0,0,0,0,0,0,4415339,4416460,1
D,154535,0,200,200,0,0,0,0,0,0,4415339,4416460,1
D,154545,0,200,200,0,0,0,0,0,0,4415339,4416460,1
D,154555,0,200,200,0,0,0,0,0,0,4415339,4416460,1
D,154565,0,200,200,0,0,0,0,0,0,4415339,4416460,1
D,154575,0,200,200,0,0,0,0,0,0,4415339,4416460,1
D,154585,0,200,200,0,0,0,0,0,0,4415339,4416460,1
D,154595,0,200,200,0,0,0,0,0,0,4415339,4416460,1
D,154605,0,200,200,0,0,0,0,0,0,4415339,4416460,1
D,154615,0,200,200,0,0,0,0,0,0,4415339,4416460,1
D,154625,0,200,200,0,0,0,0,0,0,4415339,4416460,1
D,154635,0,200,200,0,0,0,0,0,0,4415339,4416460,1
D,154645,0,200,200,0,0,0,0,0,0,4415339,4416460,1
D,154655,0,200,200,0,0,0,0,0,0,4415339,4416460,1
D,154665,0,200,200,0,0,0,0,0,0,4415339,4416460,1
D,154675,0,200,200,0,0,0,0,0,0,4415339,4416460,1
D,154685,0,200,200,0,0,0,0,0,0,4415339,4416460,1
D,154695,0,200,200,0,0,0,0,0,0,4415339,4416460,1
D,154705,0,200,200,0,0,0,0,0,0,4415339,4416460,1
D,154715,0,200,200,0,0,0,0,0,0,4415339,4416460,1
D,154725,0,200,200,0,0,0,0,0,0,4415339,4416460,1
D,154735,0,200,200,0,0,0,0,0,0,4415339,4416460,1
D,154745,0,200,200,0,0,0,0,0,0,4415339,4416460,1
D,154755,0,200,200,0,0,0,0,0,0,4415339,4416460,1
D,154765,0,200,200,0,0,0,0,0,0,4415339,4416460,1
D,154775,0,200,200,0,0,0,0,0,0,4415339,4416460,1
D,154785,0,200,200,0,0,0,0,0,0,4415339,4416460,1
D,154795,0,200,200,0,0,0,0,0,0,4415339,4416460,1
D,154805,0,200,200,0,0,0,0,0,0,4415339,4416460,1
D,154815,0,200,200,0,0,0,0,0,0,4415339,4416460,1
D,154825,0,200,200,0,0,0,0,0,0,4415339,4416460,1
D,154835,0,200,200,0,0,0,0,0,0,4415339,4416460,1
D,154845,0,200,200,0,0,0,0,0,0,4415339,4416460,1
D,154855,0,200,200,0,0,0,0,0,0,4415339,4416460,1
D,154865,0,200,200,0,0,0,0,0,0,4415339,4416460,1
D,154875,0,200,200,0,0,0,0,0,0,4415339,4416460,1
D,154885,0,200,200,0,0,0,0,0,0,4415339,4416460,1
D,154895,0,200,200,0,0,0,0,0,0,4415339,4416460,1
D,154905,0,200,200,0,0,0,0,0,0,4415339,4416460,1
D,154915,0,200,200,0,0,0,0,0,0,4415339,4416460,1
D,154925,0,200,200,0,0,0,0,0,0,4415339,4416460,1
D,154935,0,200,200,0,0,0,0,0,0,4415339,4416460,1
D,154945,0,200,200,0,0,0,0,0,0,4415339,4416460,1
D,154955,0,200,200,0,0,0,0,0,0,4415339,4416460,1
D,154965,0,200,200,0,0,0,0,0,0,4415339,4416460,1
D,154975,0,200,200,0,0,0,0,0,0,4415339,4416460,1
D,154985,0,200,200,0,0,0,0,0,0,4415339,4416460,1
D,154995,0,200,200,0,0,0,0,0,0,4415339,4416460,1
D,155005,0,200,200,0,0,0,0,0,0,4415339,4416460,1
D,155015,0,200,200,0,0,0,0,0,0,4415339,4416460,1
D,155025,0,200,200,0,0,0,0,0,0,4415339,4416460,1
D,155035,0,200,200,0,0,0,0,0,0,4415339,4416460,1
D,155045,0,200,200,0,0,0,0,0,0,4415339,4416460,1
D,155055,0,200,200,0,0,0,0,0,0,4415339,4416460,1
D,155065,0,200,200,0,0,0,0,0,0,4415339,4416460,1
D,155075,0,200,200,0,0,0,0,0,0,4415339,4416460,1
D,155085,0,200,200,0,0,0,0,0,0,4415339,4416460,1
D,155095,0,200,200,0,0,0,0,0,0,4415339,4416460,1
D,155105,0,200,200,0,0,0,0,0,0,4415339,4416460,1
D,155115,0,200,200,0,0,0,0,0,0,4415339,4416460,1
D,155125,0,200,200,0,0,0,0,0,0,4415339,4416460,1
D,155135,0,200,200,0,0,0,0,0,0,4415339,4416460,1
D,155145,0,200,200,0,0,0,0,0,0,4415339,4416460,1
D,155155,0,200,200,0,0,0,0,0,0,4415339,4416460,1
D,155165,0,200,200,0,0,0,0,0,0,4415339,4416460,1
D,155175,0,200,200,0,0,0,0,0,0,4415339,4416460,1
D,155185,0,200,200,0,0,0,0,0,0,4415339,4416460,1
D,155195,0,200,200,0,0,0,0,0,0,4415339,4416460,1
D,155205,0,200,200,0,0,0,0,0,0,4415339,4416460,1
D,155215,0,200,200,0,0,0,0,0,0,4415339,4416460,1
D,155225,0,200,200,0,0,0,0,0,0,4415339,4416460,1
D,155235,0,200,200,0,0,0,0,0,0,4415339,4416460,1
D,155245,0,200,200,0,0,0,0,0,0,4415339,4416460,1
D,155255,0,200,200,0,0,0,0,0,0,4415339,4416460,1
D,155265,0,200,200,0,0,0,0,0,0,4415339,4416460,1
D,155275,0,200,200,0,0,0,0,0,0,4415339,4416460,1
D,155285,0,200,200,0,0,0,0,0,0,4415339,4416460,1
D,155295,0,200,200,0,0,0,0,0,0,4415339,4416460,1
D,155305,0,200,200,0,0,0,0,0,0,4415339,4416460,1
D,155315,0,200,200,0,0,0,0,0,0,4415339,4416460,1
D,155325,0,200,200,0,0,0,0,0,0,4415339,4416460,1
D,155335,0,200,200,0,0,0,0,0,0,4415339,4416460,1
D,155345,0,200,200,0,0,0,0,0,0,4415339,4416460,1
D,155355,0,200,200,0,0,0,0,0,0,4415339,4416460,1
D,155365,0,200,200,0,0,0,0,0,0,4415339,4416460,1
D,155375,0,200,200,0,0,0,0,0,0,4415339,4416460,1
D,155385,0,200,200,0,0,0,0,0,0,4415339,4416460,1
D,155395,0,200,200,0,0,0,0,0,0,4415339,4416460,1
D,155405,0,200,200,0,0,0,0,0,0,4415339,4416460,1
D,155415,0,200,200,0,0,0,0,0,0,4415339,4416460,1
D,155425,0,200,200,0,0,0,0,0,0,4415339,4416460,1
D,155435,0,200,200,0,0,0,0,0,0,4415339,4416460,1
D,155445,0,200,200,0,0,0,0,0,0,4415339,4416460,1
D,155455,0,200,200,0,0,0,0,0,0,4415339,4416460,1
D,155465,0,200,200,0,0,0,0,0,0,4415339,4416460,1
D,155475,0,200,200,0,0,0,0,0,0,4415339,4416460,1
D,155485,0,200,200,0,0,0,0,0,0,4415339,4416460,1
D,155495,0,200,200,0,0,0,0,0,0,4415339,4416460,1
D,155505,0,200,200,0,0,0,0,0,0,4415339,4416460,1
D,155515,0,200,200,0,0,0,0,0,0,4415339,4416460,1
D,155525,0,200,200,0,0,0,0,0,0,4415339,4416460,1
D,155535,0,200,200,0,0,0,0,0,0,4415339,4416460,1
D,155545,0,200,200,0,0,0,0,0,0,4415339,4416460,1
D,155555,0,200,200,0,0,0,0,0,0,4415339,4416460,1
D,155565,0,200,200,0,0,0,0,0,0,4415339,4416460,1
D,155575,0,200,200,0,0,0,0,0,0,4415339,4416460,1
D,155585,0,200,200,0,0,0,0,0,0,4415339,4416460,1
D,155595,0,200,200,0,0,0,0,0,0,4415339,4416460,1
D,155605,0,200,200,0,0,0,0,0,0,4415339,4416460,1
D,155615,0,200,200,0,0,0,0,0,0,4415339,4416460,1
D,155627,0,0,0,0,0,0,0,0,0,4415339,4416460,1
D,155635,0,0,0,0,0,0,0,0,0,4415339,4416460,1
D,155645,0,0,0,0,0,0,0,0,0,4415339,4416460,1
D,155655,0,0,0,0,0,0,0,0,0,4415339,4416460,1
D,155665,0,0,0,0,0,0,0,0,0,4415339,4416460,1
D,155675,0,0,0,0,0,0,0,0,0,4415339,4416460,1
D,155685,0,0,0,0,0,0,0,0,0,4415339,4416460,1
D,155695,0,0,0,0,0,0,0,0,0,4415339,4416460,1
D,155705,0,0,0,0,0,0,0,0,0,4415339,4416460,1
D,155715,0,0,0,0,0,0,0,0,0,4415339,4416460,1
D,155725,0,0,0,0,0,0,0,0,0,4415339,4416460,1
D,155735,0,0,0,0,0,0,0,0,0,4415339,4416460,1
D,155745,0,0,0,0,0,0,0,0,0,4415339,4416460,1
D,155755,0,0,0,0,0,0,0,0,0,4415339,4416460,1
D,155765,0,0,0,0,0,0,0,0,0,4415339,4416460,1
D,155775,0,0,0,0,0,0,0,0,0,4415339,4416460,1
D,155785,0,0,0,0,0,0,0,0,0,4415339,4416460,1
D,155795,0,0,0,0,0,0,0,0,0,4415339,4416460,1
D,155805,0,0,0,0,0,0,0,0,0,4415339,4416460,1
D,155815,0,0,0,0,0,0,0,0,0,4415339,4416460,1
D,155825,0,0,0,0,0,0,0,0,0,4415339,4416460,1
D,155835,0,0,0,0,0,0,0,0,0,4415339,4416460,1
D,155845,0,0,0,0,0,0,0,0,0,4415339,4416460,1
D,155855,0,0,0,0,0,0,0,0,0,4415339,4416460,1
D,155865,0,0,0,0,0,0,0,0,0,4415339,4416460,1
D,155875,0,0,0,0,0,0,0,0,0,4415339,4416460,1
D,155885,0,0,0,0,0,0,0,0,0,4415339,4416460,1
D,155895,0,0,0,0,0,0,0,0,0,4415339,4416460,1
D,155905,0,0,0,0,0,0,0,0,0,4415339,4416460,1
D,155915,0,0,0,0,0,0,0,0,0,4415339,4416460,1
D,155925,0,0,0,0,0,0,0,0,0,4415339,4416460,1
D,155935,0,0,0,0,0,0,0,0,0,4415339,4416460,1
D,155945,0,0,0,0,0,0,0,0,0,4415339,4416460,1
D,155955,0,0,0,0,0,0,0,0,0,4415339,4416460,1
D,155965,0,0,0,0,0,0,0,0,0,4415339,4416460,1
D,155975,0,0,0,0,0,0,0,0,0,4415339,4416460,1
D,155985,0,0,0,0,0,0,0,0,0,4415339,4416460,1
D,155995,0,0,0,0,0,0,0,0,0,4415339,4416460,1
D,156005,0,0,0,0,0,0,0,0,0,4415339,4416460,1
D,156015,0,0,0,0,0,0,0,0,0,4415339,4416460,1
D,156025,0,0,0,0,0,0,0,0,0,4415339,4416460,1
D,156035,0,0,0,0,0,0,0,0,0,4415339,4416460,1
D,156045,0,0,0,0,0,0,0,0,0,4415339,4416460,1
D,156055,0,0,0,0,0,0,0,0,0,4415339,4416460,1
D,156065,0,0,0,0,0,0,0,0,0,4415339,4416460,1
D,156075,0,0,0,0,0,0,0,0,0,4415339,4416460,1
D,156085,0,0,0,0,0,0,0,0,0,4415339,4416460,1
D,156095,0,0,0,0,0,0,0,0,0,4415339,4416460,1
D,156105,0,0,0,0,0,0,0,0,0,4415339,4416460,1
D,156115,0,0,0,0,0,0,0,0,0,4415339,4416460,1
D,156125,0,0,0,0,0,0,0,0,0,4415339,4416460,1
D,156135,0,0,0,0,0,0,0,0,0,4415339,4416460,1
D,156145,0,0,0,0,0,0,0,0,0,4415339,4416460,1
D,156155,0,0,0,0,0,0,0,0,0,4415339,4416460,1
D,156165,0,0,0,0,0,0,0,0,0,4415339,4416460,1
D,156175,0,0,0,0,0,0,0,0,0,4415339,4416460,1
D,156185,0,0,0,0,0,0,0,0,0,4415339,4416460,1
D,156195,0,0,0,0,0,0,0,0,0,4415339,4416460,1
D,156205,0,0,0,0,0,0,0,0,0,4415339,4416460,1
D,156215,0,0,0,0,0,0,0,0,0,4415339,4416460,1
D,156225,0,0,0,0,0,0,0,0,0,4415339,4416460,1
D,156235,0,0,0,0,0,0,0,0,0,4415339,4416460,1
D,156245,0,0,0,0,0,0,0,0,0,4415339,4416460,1
D,156255,0,0,0,0,0,0,0,0,0,4415339,4416460,1
D,156265,0,0,0,0,0,0,0,0,0,4415339,4416460,1
D,156275,0,0,0,0,0,0,0,0,0,4415339,4416460,1
D,156285,0,0,0,0,0,0,0,0,0,4415339,4416460,1
D,156295,0,0,0,0,0,0,0,0,0,4415339,4416460,1
D,156305,0,0,0,0,0,0,0,0,0,4415339,4416460,1
D,156315,0,0,0,0,0,0,0,0,0,4415339,4416460,1
D,156325,0,0,0,0,0,0,0,0,0,4415339,4416460,1
D,156335,0,0,0,0,0,0,0,0,0,4415339,4416460,1
D,156345,0,0,0,0,0,0,0,0,0,4415339,4416460,1
D,156355,0,0,0,0,0,0,0,0,0,4415339,4416460,1
D,156365,0,0,0,0,0,0,0,0,0,4415339,4416460,1
D,156375,0,0,0,0,0,0,0,0,0,4415339,4416460,1
D,156385,0,0,0,0,0,0,0,0,0,4415339,4416460,1
D,156395,0,0,0,0,0,0,0,0,0,4415339,4416460,1
D,156405,0,0,0,0,0,0,0,0,0,4415339,4416460,1
D,156415,0,0,0,0,0,0,0,0,0,4415339,4416460,1
D,156425,0,0,0,0,0,0,0,0,0,4415339,4416460,1
D,156435,0,0,0,0,0,0,0,0,0,4415339,4416460,1
D,156445,0,0,0,0,0,0,0,0,0,4415339,4416460,1
D,156455,0,0,0,0,0,0,0,0,0,4415339,4416460,1
D,156465,0,0,0,0,0,0,0,0,0,4415339,4416460,1
D,156475,0,0,0,0,0,0,0,0,0,4415339,4416460,1
D,156485,0,0,0,0,0,0,0,0,0,4415339,4416460,1
D,156495,0,0,0,0,0,0,0,0,0,4415339,4416460,1
D,156505,0,0,0,0,0,0,0,0,0,4415339,4416460,1
D,156515,0,0,0,0,0,0,0,0,0,4415339,4416460,1
D,156525,0,0,0,0,0,0,0,0,0,4415339,4416460,1
D,156535,0,0,0,0,0,0,0,0,0,4415339,4416460,1
D,156545,0,0,0,0,0,0,0,0,0,4415339,4416460,1
D,156555,0,0,0,0,0,0,0,0,0,4415339,4416460,1
D,156565,0,0,0,0,0,0,0,0,0,4415339,4416460,1
D,156575,0,0,0,0,0,0,0,0,0,4415339,4416460,1
D,156585,0,0,0,0,0,0,0,0,0,4415339,4416460,1
D,156595,0,0,0,0,0,0,0,0,0,4415339,4416460,1
D,156605,0,0,0,0,0,0,0,0,0,4415339,4416460,1
D,156615,0,0,0,0,0,0,0,0,0,4415339,4416460,1
D,156625,0,0,0,0,0,0,0,0,0,4415339,4416460,1
D,156635,0,0,0,0,0,0,0,0,0,4415339,4416460,1
D,156645,0,0,0,0,0,0,0,0,0,4415339,4416460,1
D,156655,0,0,0,0,0,0,0,0,0,4415339,4416460,1
D,156665,0,0,0,0,0,0,0,0,0,4415339,4416460,1
D,156675,0,0,0,0,0,0,0,0,0,4415339,4416460,1
D,156685,0,0,0,0,0,0,0,0,0,4415339,4416460,1
D,156695,0,0,0,0,0,0,0,0,0,4415339,4416460,1
D,156705,0,0,0,0,0,0,0,0,0,4415339,4416460,1
D,156715,0,0,0,0,0,0,0,0,0,4415339,4416460,1
D,156725,0,0,0,0,0,0,0,0,0,4415339,4416460,1
D,156735,0,0,0,0,0,0,0,0,0,4415339,4416460,1
D,156745,0,0,0,0,0,0,0,0,0,4415339,4416460,1
D,156755,0,0,0,0,0,0,0,0,0,4415339,4416460,1
D,156765,0,0,0,0,0,0,0,0,0,4415339,4416460,1
D,156775,0,0,0,0,0,0,0,0,0,4415339,4416460,1
D,156785,0,0,0,0,0,0,0,0,0,4415339,4416460,1
D,156795,0,0,0,0,0,0,0,0,0,4415339,4416460,1
D,156805,0,0,0,0,0,0,0,0,0,4415339,4416460,1
D,156815,0,0,0,0,0,0,0,0,0,4415339,4416460,1
D,156825,0,0,0,0,0,0,0,0,0,4415339,4416460,1
D,156835,0,0,0,0,0,0,0,0,0,4415339,4416460,1
D,156845,0,0,0,0,0,0,0,0,0,4415339,4416460,1
D,156855,0,0,0,0,0,0,0,0,0,4415339,4416460,1
D,156865,0,0,0,0,0,0,0,0,0,4415339,4416460,1
D,156875,0,0,0,0,0,0,0,0,0,4415339,4416460,1
D,156885,0,0,0,0,0,0,0,0,0,4415339,4416460,1
D,156895,0,0,0,0,0,0,0,0,0,4415339,4416460,1
D,156905,0,0,0,0,0,0,0,0,0,4415339,4416460,1
D,156915,0,0,0,0,0,0,0,0,0,4415339,4416460,1
D,156925,0,0,0,0,0,0,0,0,0,4415339,4416460,1
D,156935,0,0,0,0,0,0,0,0,0,4415339,4416460,1
D,156945,0,0,0,0,0,0,0,0,0,4415339,4416460,1
D,156955,0,0,0,0,0,0,0,0,0,4415339,4416460,1
D,156965,0,0,0,0,0,0,0,0,0,4415339,4416460,1
D,156975,0,0,0,0,0,0,0,0,0,4415339,4416460,1
D,156985,0,0,0,0,0,0,0,0,0,4415339,4416460,1
D,156995,0,0,0,0,0,0,0,0,0,4415339,4416460,1
D,157005,0,0,0,0,0,0,0,0,0,4415339,4416460,1
D,157015,0,0,0,0,0,0,0,0,0,4415339,4416460,1
D,157025,0,0,0,0,0,0,0,0,0,4415339,4416460,1
D,157035,0,0,0,0,0,0,0,0,0,4415339,4416460,1
D,157045,0,0,0,0,0,0,0,0,0,4415339,4416460,1
D,157055,0,0,0,0,0,0,0,0,0,4415339,4416460,1
D,157065,0,0,0,0,0,0,0,0,0,4415339,4416460,1
D,157075,0,0,0,0,0,0,0,0,0,4415339,4416460,1
D,157085,0,0,0,0,0,0,0,0,0,4415339,4416460,1
D,157095,0,0,0,0,0,0,0,0,0,4415339,4416460,1
D,157105,0,0,0,0,0,0,0,0,0,4415339,4416460,1
D,157115,0,0,0,0,0,0,0,0,0,4415339,4416460,1
D,157125,0,0,0,0,0,0,0,0,0,4415339,4416460,1
D,157135,0,0,0,0,0,0,0,0,0,4415339,4416460,1
D,157145,0,0,0,0,0,0,0,0,0,4415339,4416460,1
D,157155,0,0,0,0,0,0,0,0,0,4415339,4416460,1
D,157165,0,0,0,0,0,0,0,0,0,4415339,4416460,1
D,157175,0,0,0,0,0,0,0,0,0,4415339,4416460,1
D,157185,0,0,0,0,0,0,0,0,0,4415339,4416460,1
D,157195,0,0,0,0,0,0,0,0,0,4415339,4416460,1
D,157205,0,0,0,0,0,0,0,0,0,4415339,4416460,1
D,157215,0,0,0,0,0,0,0,0,0,4415339,4416460,1
D,157225,0,0,0,0,0,0,0,0,0,4415339,4416460,1
D,157235,0,0,0,0,0,0,0,0,0,4415339,4416460,1
D,157245,0,0,0,0,0,0,0,0,0,4415339,4416460,1
D,157255,0,0,0,0,0,0,0,0,0,4415339,4416460,1
D,157265,0,0,0,0,0,0,0,0,0,4415339,4416460,1
D,157275,0,0,0,0,0,0,0,0,0,4415339,4416460,1
D,157285,0,0,0,0,0,0,0,0,0,4415339,4416460,1
D,157295,0,0,0,0,0,0,0,0,0,4415339,4416460,1
D,157305,0,0,0,0,0,0,0,0,0,4415339,4416460,1
D,157315,0,0,0,0,0,0,0,0,0,4415339,4416460,1
D,157325,0,0,0,0,0,0,0,0,0,4415339,4416460,1
D,157335,0,0,0,0,0,0,0,0,0,4415339,4416460,1
D,157345,0,0,0,0,0,0,0,0,0,4415339,4416460,1
D,157355,0,0,0,0,0,0,0,0,0,4415339,4416460,1
D,157365,0,0,0,0,0,0,0,0,0,4415339,4416460,1
D,157375,0,0,0,0,0,0,0,0,0,4415339,4416460,1
D,157385,0,0,0,0,0,0,0,0,0,4415339,4416460,1
D,157395,0,0,0,0,0,0,0,0,0,4415339,4416460,1
D,157405,0,0,0,0,0,0,0,0,0,4415339,4416460,1
D,157415,0,0,0,0,0,0,0,0,0,4415339,4416460,1
D,157425,0,0,0,0,0,0,0,0,0,4415339,4416460,1
D,157435,0,0,0,0,0,0,0,0,0,4415339,4416460,1
D,157445,0,0,0,0,0,0,0,0,0,4415339,4416460,1
D,157455,0,0,0,0,0,0,0,0,0,4415339,4416460,1
D,157465,0,0,0,0,0,0,0,0,0,4415339,4416460,1
D,157475,0,0,0,0,0,0,0,0,0,4415339,4416460,1
D,157485,0,0,0,0,0,0,0,0,0,4415339,4416460,1
D,157495,0,0,0,0,0,0,0,0,0,4415339,4416460,1
D,157505,0,0,0,0,0,0,0,0,0,4415339,4416460,1
D,157515,0,0,0,0,0,0,0,0,0,4415339,4416460,1
D,157525,0,0,0,0,0,0,0,0,0,4415339,4416460,1
D,157535,0,0,0,0,0,0,0,0,0,4415339,4416460,1
D,157545,0,0,0,0,0,0,0,0,0,4415339,4416460,1
D,157555,0,0,0,0,0,0,0,0,0,4415339,4416460,1
D,157565,0,0,0,0,0,0,0,0,0,4415339,4416460,1
D,157575,0,0,0,0,0,0,0,0,0,4415339,4416460,1
D,157585,0,0,0,0,0,0,0,0,0,4415339,4416460,1
D,157595,0,0,0,0,0,0,0,0,0,4415339,4416460,1
D,157605,0,0,0,0,0,0,0,0,0,4415339,4416460,1
D,157615,0,0,0,0,0,0,0,0,0,4415339,4416460,1
D,157625,0,0,0,0,0,0,0,0,0,4415339,4416460,1
D,157635,0,0,0,0,0,0,0,0,0,4415339,4416460,1
D,157645,0,0,0,0,0,0,0,0,0,4415339,4416460,1
D,157655,0,0,0,0,0,0,0,0,0,4415339,4416460,1
D,157665,0,0,0,0,0,0,0,0,0,4415339,4416460,1
D,157675,0,0,0,0,0,0,0,0,0,4415339,4416460,1
D,157685,0,0,0,0,0,0,0,0,0,4415339,4416460,1
D,157695,0,0,0,0,0,0,0,0,0,4415339,4416460,1
D,157705,0,0,0,0,0,0,0,0,0,4415339,4416460,1
D,157715,0,0,0,0,0,0,0,0,0,4415339,4416460,1
D,157725,0,0,0,0,0,0,0,0,0,4415339,4416460,1
D,157735,0,0,0,0,0,0,0,0,0,4415339,4416460,1
D,157745,0,0,0,0,0,0,0,0,0,4415339,4416460,1
D,157755,0,0,0,0,0,0,0,0,0,4415339,4416460,1
D,157765,0,0,0,0,0,0,0,0,0,4415339,4416460,1
D,157775,0,0,0,0,0,0,0,0,0,4415339,4416460,1
D,157785,0,0,0,0,0,0,0,0,0,4415339,4416460,1
D,157795,0,0,0,0,0,0,0,0,0,4415339,4416460,1
D,157805,0,0,0,0,0,0,0,0,0,4415339,4416460,1
D,157815,0,0,0,0,0,0,0,0,0,4415339,4416460,1
D,157825,0,0,0,0,0,0,0,0,0,4415339,4416460,1
D,157835,0,0,0,0,0,0,0,0,0,4415339,4416460,1
D,157845,0,0,0,0,0,0,0,0,0,4415339,4416460,1
D,157855,0,0,0,0,0,0,0,0,0,4415339,4416460,1
D,157865,0,0,0,0,0,0,0,0,0,4415339,4416460,1
D,157875,0,0,0,0,0,0,0,0,0,4415339,4416460,1
D,157885,0,0,0,0,0,0,0,0,0,4415339,4416460,1
D,157895,0,0,0,0,0,0,0,0,0,4415339,4416460,1
D,157905,0,0,0,0,0,0,0,0,0,4415339,4416460,1
D,157915,0,0,0,0,0,0,0,0,0,4415339,4416460,1
D,157925,0,0,0,0,0,0,0,0,0,4415339,4416460,1
D,157935,0,0,0,0,0,0,0,0,0,4415339,4416460,1
D,157945,0,0,0,0,0,0,0,0,0,4415339,4416460,1
D,157955,0,0,0,0,0,0,0,0,0,4415339,4416460,1
D,157965,0,0,0,0,0,0,0,0,0,4415339,4416460,1
D,157975,0,0,0,0,0,0,0,0,0,4415339,4416460,1
D,157985,0,0,0,0,0,0,0,0,0,4415339,4416460,1
D,157995,0,0,0,0,0,0,0,0,0,4415339,4416460,1
D,158005,0,0,0,0,0,0,0,0,0,4415339,4416460,1
D,158015,0,0,0,0,0,0,0,0,0,4415339,4416460,1
D,158025,0,0,0,0,0,0,0,0,0,4415339,4416460,1
D,158035,0,0,0,0,0,0,0,0,0,4415339,4416460,1
D,158045,0,0,0,0,0,0,0,0,0,4415339,4416460,1
D,158055,0,0,0,0,0,0,0,0,0,4415339,4416460,1
D,158065,0,0,0,0,0,0,0,0,0,4415339,4416460,1
D,158075,0,0,0,0,0,0,0,0,0,4415339,4416460,1
D,158085,0,0,0,0,0,0,0,0,0,4415339,4416460,1
D,158095,0,0,0,0,0,0,0,0,0,4415339,4416460,1
D,158105,0,0,0,0,0,0,0,0,0,4415339,4416460,1
D,158115,0,0,0,0,0,0,0,0,0,4415339,4416460,1
D,158125,0,0,0,0,0,0,0,0,0,4415339,4416460,1
D,158135,0,0,0,0,0,0,0,0,0,4415339,4416460,1
D,158145,0,0,0,0,0,0,0,0,0,4415339,4416460,1
D,158155,0,0,0,0,0,0,0,0,0,4415339,4416460,1
D,158165,0,0,0,0,0,0,0,0,0,4415339,4416460,1
D,158175,0,0,0,0,0,0,0,0,0,4415339,4416460,1
D,158185,0,0,0,0,0,0,0,0,0,4415339,4416460,1
D,158195,0,0,0,0,0,0,0,0,0,4415339,4416460,1
D,158205,0,0,0,0,0,0,0,0,0,4415339,4416460,1
D,158215,0,0,0,0,0,0,0,0,0,4415339,4416460,1
D,158225,0,0,0,0,0,0,0,0,0,4415339,4416460,1
D,158235,0,0,0,0,0,0,0,0,0,4415339,4416460,1
D,158245,0,0,0,0,0,0,0,0,0,4415339,4416460,1
D,158255,0,0,0,0,0,0,0,0,0,4415339,4416460,1
D,158265,0,0,0,0,0,0,0,0,0,4415339,4416460,1
D,158275,0,0,0,0,0,0,0,0,0,4415339,4416460,1
D,158285,0,0,0,0,0,0,0,0,0,4415339,4416460,1
D,158295,0,0,0,0,0,0,0,0,0,4415339,4416460,1
D,158305,0,0,0,0,0,0,0,0,0,4415339,4416460,1
D,158315,0,0,0,0,0,0,0,0,0,4415339,4416460,1
D,158325,0,0,0,0,0,0,0,0,0,4415339,4416460,1
D,158335,0,0,0,0,0,0,0,0,0,4415339,4416460,1
D,158345,0,0,0,0,0,0,0,0,0,4415339,4416460,1
D,158355,0,0,0,0,0,0,0,0,0,4415339,4416460,1
D,158365,0,0,0,0,0,0,0,0,0,4415339,4416460,1
D,158375,0,0,0,0,0,0,0,0,0,4415339,4416460,1
D,158385,0,0,0,0,0,0,0,0,0,4415339,4416460,1
D,158395,0,0,0,0,0,0,0,0,0,4415339,4416460,1
D,158405,0,0,0,0,0,0,0,0,0,4415339,4416460,1
D,158415,0,0,0,0,0,0,0,0,0,4415339,4416460,1
D,158425,0,0,0,0,0,0,0,0,0,4415339,4416460,1
D,158435,0,0,0,0,0,0,0,0,0,4415339,4416460,1
D,158445,0,0,0,0,0,0,0,0,0,4415339,4416460,1
D,158455,0,0,0,0,0,0,0,0,0,4415339,4416460,1
D,158465,0,0,0,0,0,0,0,0,0,4415339,4416460,1
D,158475,0,0,0,0,0,0,0,0,0,4415339,4416460,1
D,158485,0,0,0,0,0,0,0,0,0,4415339,4416460,1
D,158495,0,0,0,0,0,0,0,0,0,4415339,4416460,1
D,158505,0,0,0,0,0,0,0,0,0,4415339,4416460,1
D,158515,0,0,0,0,0,0,0,0,0,4415339,4416460,1
D,158525,0,0,0,0,0,0,0,0,0,4415339,4416460,1
D,158535,0,0,0,0,0,0,0,0,0,4415339,4416460,1
D,158545,0,0,0,0,0,0,0,0,0,4415339,4416460,1
D,158555,0,0,0,0,0,0,0,0,0,4415339,4416460,1
D,158565,0,0,0,0,0,0,0,0,0,4415339,4416460,1
D,158575,0,0,0,0,0,0,0,0,0,4415339,4416460,1
D,158585,0,0,0,0,0,0,0,0,0,4415339,4416460,1
D,158595,0,0,0,0,0,0,0,0,0,4415339,4416460,1
D,158605,0,0,0,0,0,0,0,0,0,4415339,4416460,1
D,158615,0,0,0,0,0,0,0,0,0,4415339,4416460,1
D,158625,0,0,0,0,0,0,0,0,0,4415339,4416460,1
D,158635,0,0,0,0,0,0,0,0,0,4415339,4416460,1
D,158645,0,0,0,0,0,0,0,0,0,4415339,4416460,1
D,158655,0,0,0,0,0,0,0,0,0,4415339,4416460,1
D,158665,0,0,0,0,0,0,0,0,0,4415339,4416460,1
D,158675,0,0,0,0,0,0,0,0,0,4415339,4416460,1
D,158685,0,0,0,0,0,0,0,0,0,4415339,4416460,1
D,158695,0,0,0,0,0,0,0,0,0,4415339,4416460,1
D,158705,0,0,0,0,0,0,0,0,0,4415339,4416460,1
D,158715,0,0,0,0,0,0,0,0,0,4415339,4416460,1
D,158725,0,0,0,0,0,0,0,0,0,4415339,4416460,1
D,158735,0,0,0,0,0,0,0,0,0,4415339,4416460,1
D,158745,0,0,0,0,0,0,0,0,0,4415339,4416460,1
D,158755,0,0,0,0,0,0,0,0,0,4415339,4416460,1
D,158765,0,0,0,0,0,0,0,0,0,4415339,4416460,1
D,158775,0,0,0,0,0,0,0,0,0,4415339,4416460,1
D,158785,0,0,0,0,0,0,0,0,0,4415339,4416460,1
D,158795,0,0,0,0,0,0,0,0,0,4415339,4416460,1
D,158805,0,0,0,0,0,0,0,0,0,4415339,4416460,1
D,158815,0,0,0,0,0,0,0,0,0,4415339,4416460,1
D,158825,0,0,0,0,0,0,0,0,0,4415339,4416460,1
D,158835,0,0,0,0,0,0,0,0,0,4415339,4416460,1
D,158845,0,0,0,0,0,0,0,0,0,4415339,4416460,1
D,158855,0,0,0,0,0,0,0,0,0,4415339,4416460,1
D,158865,0,0,0,0,0,0,0,0,0,4415339,4416460,1
D,158875,0,0,0,0,0,0,0,0,0,4415339,4416460,1
D,158885,0,0,0,0,0,0,0,0,0,4415339,4416460,1
D,158895,0,0,0,0,0,0,0,0,0,4415339,4416460,1
D,158905,0,0,0,0,0,0,0,0,0,4415339,4416460,1
D,158915,0,0,0,0,0,0,0,0,0,4415339,4416460,1
D,158925,0,0,0,0,0,0,0,0,0,4415339,4416460,1
D,158935,0,0,0,0,0,0,0,0,0,4415339,4416460,1
D,158945,0,0,0,0,0,0,0,0,0,4415339,4416460,1
D,158955,0,0,0,0,0,0,0,0,0,4415339,4416460,1
D,158965,0,0,0,0,0,0,0,0,0,4415339,4416460,1
D,158975,0,0,0,0,0,0,0,0,0,4415339,4416460,1
D,158985,0,0,0,0,0,0,0,0,0,4415339,4416460,1
D,158995,0,0,0,0,0,0,0,0,0,4415339,4416460,1
D,159005,0,0,0,0,0,0,0,0,0,4415339,4416460,1
D,159015,0,0,0,0,0,0,0,0,0,4415339,4416460,1
D,159025,0,0,0,0,0,0,0,0,0,4415339,4416460,1
D,159035,0,0,0,0,0,0,0,0,0,4415339,4416460,1
D,159045,0,0,0,0,0,0,0,0,0,4415339,4416460,1
D,159055,0,0,0,0,0,0,0,0,0,4415339,4416460,1
D,159065,0,0,0,0,0,0,0,0,0,4415339,4416460,1
D,159075,0,0,0,0,0,0,0,0,0,4415339,4416460,1
D,159085,0,0,0,0,0,0,0,0,0,4415339,4416460,1
D,159095,0,0,0,0,0,0,0,0,0,4415339,4416460,1
D,159105,0,0,0,0,0,0,0,0,0,4415339,4416460,1
D,159115,0,0,0,0,0,0,0,0,0,4415339,4416460,1
D,159125,0,0,0,0,0,0,0,0,0,4415339,4416460,1
D,159135,0,0,0,0,0,0,0,0,0,4415339,4416460,1
D,159145,0,0,0,0,0,0,0,0,0,4415339,4416460,1
D,159155,0,0,0,0,0,0,0,0,0,4415339,4416460,1
D,159165,0,0,0,0,0,0,0,0,0,4415339,4416460,1
D,159175,0,0,0,0,0,0,0,0,0,4415339,4416460,1
D,159185,0,0,0,0,0,0,0,0,0,4415339,4416460,1
D,159195,0,0,0,0,0,0,0,0,0,4415339,4416460,1
D,159205,0,0,0,0,0,0,0,0,0,4415339,4416460,1
D,159215,0,0,0,0,0,0,0,0,0,4415339,4416460,1
D,159225,0,0,0,0,0,0,0,0,0,4415339,4416460,1
D,159235,0,0,0,0,0,0,0,0,0,4415339,4416460,1
D,159245,0,0,0,0,0,0,0,0,0,4415339,4416460,1
D,159255,0,0,0,0,0,0,0,0,0,4415339,4416460,1
D,159265,0,0,0,0,0,0,0,0,0,4415339,4416460,1
D,159275,0,0,0,0,0,0,0,0,0,4415339,4416460,1
D,159285,0,0,0,0,0,0,0,0,0,4415339,4416460,1
D,159295,0,0,0,0,0,0,0,0,0,4415339,4416460,1
D,159305,0,0,0,0,0,0,0,0,0,4415339,4416460,1
D,159315,0,0,0,0,0,0,0,0,0,4415339,4416460,1
D,159325,0,0,0,0,0,0,0,0,0,4415339,4416460,1
D,159335,0,0,0,0,0,0,0,0,0,4415339,4416460,1
D,159345,0,0,0,0,0,0,0,0,0,4415339,4416460,1
D,159355,0,0,0,0,0,0,0,0,0,4415339,4416460,1
D,159365,0,0,0,0,0,0,0,0,0,4415339,4416460,1
D,159375,0,0,0,0,0,0,0,0,0,4415339,4416460,1
D,159385,0,0,0,0,0,0,0,0,0,4415339,4416460,1
D,159395,0,0,0,0,0,0,0,0,0,4415339,4416460,1
D,159405,0,0,0,0,0,0,0,0,0,4415339,4416460,1
D,159415,0,0,0,0,0,0,0,0,0,4415339,4416460,1
D,159425,0,0,0,0,0,0,0,0,0,4415339,4416460,1
D,159435,0,0,0,0,0,0,0,0,0,4415339,4416460,1
D,159445,0,0,0,0,0,0,0,0,0,4415339,4416460,1
D,159455,0,0,0,0,0,0,0,0,0,4415339,4416460,1
D,159465,0,0,0,0,0,0,0,0,0,4415339,4416460,1
D,159475,0,0,0,0,0,0,0,0,0,4415339,4416460,1
D,159485,0,0,0,0,0,0,0,0,0,4415339,4416460,1
D,159495,0,0,0,0,0,0,0,0,0,4415339,4416460,1
D,159505,0,0,0,0,0,0,0,0,0,4415339,4416460,1
D,159515,0,0,0,0,0,0,0,0,0,4415339,4416460,1
D,159525,0,0,0,0,0,0,0,0,0,4415339,4416460,1
D,159535,0,0,0,0,0,0,0,0,0,4415339,4416460,1
D,159545,0,0,0,0,0,0,0,0,0,4415339,4416460,1
D,159555,0,0,0,0,0,0,0,0,0,4415339,4416460,1
D,159565,0,0,0,0,0,0,0,0,0,4415339,4416460,1
D,159575,0,0,0,0,0,0,0,0,0,4415339,4416460,1
D,159585,0,0,0,0,0,0,0,0,0,4415339,4416460,1
D,159595,0,0,0,0,0,0,0,0,0,4415339,4416460,1
D,159605,0,0,0,0,0,0,0,0,0,4415339,4416460,1
D,159615,0,0,0,0,0,0,0,0,0,4415339,4416460,1
D,159625,0,0,0,0,0,0,0,0,0,4415339,4416460,1
D,159635,0,0,0,0,0,0,0,0,0,4415339,4416460,1
D,159645,0,0,0,0,0,0,0,0,0,4415339,4416460,1
D,159655,0,0,0,0,0,0,0,0,0,4415339,4416460,1
D,159665,0,0,0,0,0,0,0,0,0,4415339,4416460,1
D,159675,0,0,0,0,0,0,0,0,0,4415339,4416460,1
D,159685,0,0,0,0,0,0,0,0,0,4415339,4416460,1
D,159695,0,0,0,0,0,0,0,0,0,4415339,4416460,1
D,159705,0,0,0,0,0,0,0,0,0,4415339,4416460,1
D,159715,0,0,0,0,0,0,0,0,0,4415339,4416460,1
D,159725,0,0,0,0,0,0,0,0,0,4415339,4416460,1
D,159735,0,0,0,0,0,0,0,0,0,4415339,4416460,1
D,159745,0,0,0,0,0,0,0,0,0,4415339,4416460,1
D,159755,0,0,0,0,0,0,0,0,0,4415339,4416460,1
D,159765,0,0,0,0,0,0,0,0,0,4415339,4416460,1
D,159775,0,0,0,0,0,0,0,0,0,4415339,4416460,1
D,159785,0,0,0,0,0,0,0,0,0,4415339,4416460,1
D,159795,0,0,0,0,0,0,0,0,0,4415339,4416460,1
D,159805,0,0,0,0,0,0,0,0,0,4415339,4416460,1
D,159815,0,0,0,0,0,0,0,0,0,4415339,4416460,1
D,159825,0,0,0,0,0,0,0,0,0,4415339,4416460,1
D,159835,0,0,0,0,0,0,0,0,0,4415339,4416460,1
D,159845,0,0,0,0,0,0,0,0,0,4415339,4416460,1
D,159855,0,0,0,0,0,0,0,0,0,4415339,4416460,1
D,159865,0,0,0,0,0,0,0,0,0,4415339,4416460,1
D,159875,0,0,0,0,0,0,0,0,0,4415339,4416460,1
D,159885,0,0,0,0,0,0,0,0,0,4415339,4416460,1
D,159895,0,0,0,0,0,0,0,0,0,4415339,4416460,1
D,159905,0,0,0,0,0,0,0,0,0,4415339,4416460,1
D,159915,0,0,0,0,0,0,0,0,0,4415339,4416460,1
D,159925,0,0,0,0,0,0,0,0,0,4415339,4416460,1
D,159935,0,0,0,0,0,0,0,0,0,4415339,4416460,1
D,159945,0,0,0,0,0,0,0,0,0,4415339,4416460,1
D,159955,0,0,0,0,0,0,0,0,0,4415339,4416460,1
D,159965,0,0,0,0,0,0,0,0,0,4415339,4416460,1
D,159975,0,0,0,0,0,0,0,0,0,4415339,4416460,1
D,159985,0,0,0,0,0,0,0,0,0,4415339,4416460,1
D,159995,0,0,0,0,0,0,0,0,0,4415339,4416460,1
D,160005,0,0,0,0,0,0,0,0,0,4415339,4416460,1
D,160015,0,0,0,0,0,0,0,0,0,4415339,4416460,1
D,160025,0,0,0,0,0,0,0,0,0,4415339,4416460,1
D,160035,0,0,0,0,0,0,0,0,0,4415339,4416460,1
D,160045,0,0,0,0,0,0,0,0,0,4415339,4416460,1
D,160055,0,0,0,0,0,0,0,0,0,4415339,4416460,1
D,160065,0,0,0,0,0,0,0,0,0,4415339,4416460,1
D,160075,0,0,0,0,0,0,0,0,0,4415339,4416460,1
D,160085,0,0,0,0,0,0,0,0,0,4415339,4416460,1
D,160095,0,0,0,0,0,0,0,0,0,4415339,4416460,1
D,160105,0,0,0,0,0,0,0,0,0,4415339,4416460,1
D,160115,0,0,0,0,0,0,0,0,0,4415339,4416460,1
D,160125,0,0,0,0,0,0,0,0,0,4415339,4416460,1
D,160135,0,0,0,0,0,0,0,0,0,4415339,4416460,1
D,160145,0,0,0,0,0,0,0,0,0,4415339,4416460,1
D,160155,0,0,0,0,0,0,0,0,0,4415339,4416460,1
D,160165,0,0,0,0,0,0,0,0,0,4415339,4416460,1
D,160175,0,0,0,0,0,0,0,0,0,4415339,4416460,1
D,160185,0,0,0,0,0,0,0,0,0,4415339,4416460,1
D,160195,0,0,0,0,0,0,0,0,0,4415339,4416460,1
D,160205,0,0,0,0,0,0,0,0,0,4415339,4416460,1
D,160215,0,0,0,0,0,0,0,0,0,4415339,4416460,1
D,160225,0,0,0,0,0,0,0,0,0,4415339,4416460,1
D,160235,0,0,0,0,0,0,0,0,0,4415339,4416460,1
D,160245,0,0,0,0,0,0,0,0,0,4415339,4416460,1
D,160255,0,0,0,0,0,0,0,0,0,4415339,4416460,1
D,160265,0,0,0,0,0,0,0,0,0,4415339,4416460,1
D,160275,0,0,0,0,0,0,0,0,0,4415339,4416460,1
D,160285,0,0,0,0,0,0,0,0,0,4415339,4416460,1
D,160295,0,0,0,0,0,0,0,0,0,4415339,4416460,1
D,160305,0,0,0,0,0,0,0,0,0,4415339,4416460,1
D,160315,0,0,0,0,0,0,0,0,0,4415339,4416460,1
D,160325,0,0,0,0,0,0,0,0,0,4415339,4416460,1
D,160335,0,0,0,0,0,0,0,0,0,4415339,4416460,1
D,160345,0,0,0,0,0,0,0,0,0,4415339,4416460,1
D,160355,0,0,0,0,0,0,0,0,0,4415339,4416460,1
D,160365,0,0,0,0,0,0,0,0,0,4415339,4416460,1
D,160375,0,0,0,0,0,0,0,0,0,4415339,4416460,1
D,160385,0,0,0,0,0,0,0,0,0,4415339,4416460,1
D,160395,0,0,0,0,0,0,0,0,0,4415339,4416460,1
D,160405,0,0,0,0,0,0,0,0,0,4415339,4416460,1
D,160415,0,0,0,0,0,0,0,0,0,4415339,4416460,1
D,160425,0,0,0,0,0,0,0,0,0,4415339,4416460,1
D,160435,0,0,0,0,0,0,0,0,0,4415339,4416460,1
D,160445,0,0,0,0,0,0,0,0,0,4415339,4416460,1
D,160455,0,0,0,0,0,0,0,0,0,4415339,4416460,1
D,160465,0,0,0,0,0,0,0,0,0,4415339,4416460,1
D,160475,0,0,0,0,0,0,0,0,0,4415339,4416460,1
D,160485,0,0,0,0,0,0,0,0,0,4415339,4416460,1
D,160495,0,0,0,0,0,0,0,0,0,4415339,4416460,1
D,160505,0,0,0,0,0,0,0,0,0,4415339,4416460,1
D,160515,0,0,0,0,0,0,0,0,0,4415339,4416460,1
D,160525,0,0,0,0,0,0,0,0,0,4415339,4416460,1
D,160535,0,0,0,0,0,0,0,0,0,4415339,4416460,1
D,160545,0,0,0,0,0,0,0,0,0,4415339,4416460,1
D,160555,0,0,0,0,0,0,0,0,0,4415339,4416460,1
D,160565,0,0,0,0,0,0,0,0,0,4415339,4416460,1
D,160575,0,0,0,0,0,0,0,0,0,4415339,4416460,1
D,160585,0,0,0,0,0,0,0,0,0,4415339,4416460,1
D,160595,0,0,0,0,0,0,0,0,0,4415339,4416460,1
D,160605,0,0,0,0,0,0,0,0,0,4415339,4416460,1
D,160615,0,0,0,0,0,0,0,0,0,4415339,4416460,1
D,160625,0,0,0,0,0,0,0,0,0,4415339,4416460,1
D,160635,0,0,0,0,0,0,0,0,0,4415339,4416460,1
D,160645,0,0,0,0,0,0,0,0,0,4415339,4416460,1
D,160655,0,0,0,0,0,0,0,0,0,4415339,4416460,1
D,160665,0,0,0,0,0,0,0,0,0,4415339,4416460,1
D,160675,0,0,0,0,0,0,0,0,0,4415339,4416460,1
D,160685,0,0,0,0,0,0,0,0,0,4415339,4416460,1
D,160695,0,0,0,0,0,0,0,0,0,4415339,4416460,1
D,160705,0,0,0,0,0,0,0,0,0,4415339,4416460,1
D,160715,0,0,0,0,0,0,0,0,0,4415339,4416460,1
D,160725,0,0,0,0,0,0,0,0,0,4415339,4416460,1
D,160735,0,0,0,0,0,0,0,0,0,4415339,4416460,1
D,160745,0,0,0,0,0,0,0,0,0,4415339,4416460,1
D,160755,0,0,0,0,0,0,0,0,0,4415339,4416460,1
D,160765,0,0,0,0,0,0,0,0,0,4415339,4416460,1
D,160775,0,0,0,0,0,0,0,0,0,4415339,4416460,1
D,160785,0,0,0,0,0,0,0,0,0,4415339,4416460,1
D,160795,0,0,0,0,0,0,0,0,0,4415339,4416460,1
D,160805,0,0,0,0,0,0,0,0,0,4415339,4416460,1
D,160815,0,0,0,0,0,0,0,0,0,4415339,4416460,1
D,160825,0,0,0,0,0,0,0,0,0,4415339,4416460,1
D,160835,0,0,0,0,0,0,0,0,0,4415339,4416460,1
D,160845,0,0,0,0,0,0,0,0,0,4415339,4416460,1
D,160855,0,0,0,0,0,0,0,0,0,4415339,4416460,1
D,160865,0,0,0,0,0,0,0,0,0,4415339,4416460,1
D,160875,0,0,0,0,0,0,0,0,0,4415339,4416460,1
D,160885,0,0,0,0,0,0,0,0,0,4415339,4416460,1
D,160895,0,0,0,0,0,0,0,0,0,4415339,4416460,1
D,160905,0,0,0,0,0,0,0,0,0,4415339,4416460,1
D,160915,0,0,0,0,0,0,0,0,0,4415339,4416460,1
D,160925,0,0,0,0,0,0,0,0,0,4415339,4416460,1
D,160935,0,0,0,0,0,0,0,0,0,4415339,4416460,1
D,160945,0,0,0,0,0,0,0,0,0,4415339,4416460,1
D,160955,0,0,0,0,0,0,0,0,0,4415339,4416460,1
D,160965,0,0,0,0,0,0,0,0,0,4415339,4416460,1
D,160975,0,0,0,0,0,0,0,0,0,4415339,4416460,1
D,160985,0,0,0,0,0,0,0,0,0,4415339,4416460,1
D,160995,0,0,0,0,0,0,0,0,0,4415339,4416460,1
D,161005,0,0,0,0,0,0,0,0,0,4415339,4416460,1
D,161015,0,0,0,0,0,0,0,0,0,4415339,4416460,1
D,161025,0,0,0,0,0,0,0,0,0,4415339,4416460,1
D,161035,0,0,0,0,0,0,0,0,0,4415339,4416460,1
D,161045,0,0,0,0,0,0,0,0,0,4415339,4416460,1
D,161055,0,0,0,0,0,0,0,0,0,4415339,4416460,1
D,161065,0,0,0,0,0,0,0,0,0,4415339,4416460,1
D,161075,0,0,0,0,0,0,0,0,0,4415339,4416460,1
D,161085,0,0,0,0,0,0,0,0,0,4415339,4416460,1
D,161095,0,0,0,0,0,0,0,0,0,4415339,4416460,1
D,161105,0,0,0,0,0,0,0,0,0,4415339,4416460,1
D,161115,0,0,0,0,0,0,0,0,0,4415339,4416460,1
D,161125,0,0,0,0,0,0,0,0,0,4415339,4416460,1
D,161135,0,0,0,0,0,0,0,0,0,4415339,4416460,1
D,161145,0,0,0,0,0,0,0,0,0,4415339,4416460,1
D,161155,0,0,0,0,0,0,0,0,0,4415339,4416460,1
D,161165,0,0,0,0,0,0,0,0,0,4415339,4416460,1
D,161175,0,0,0,0,0,0,0,0,0,4415339,4416460,1
D,161185,0,0,0,0,0,0,0,0,0,4415339,4416460,1
D,161195,0,0,0,0,0,0,0,0,0,4415339,4416460,1
D,161205,0,0,0,0,0,0,0,0,0,4415339,4416460,1
D,161215,0,0,0,0,0,0,0,0,0,4415339,4416460,1
D,161225,0,0,0,0,0,0,0,0,0,4415339,4416460,1
D,161235,0,0,0,0,0,0,0,0,0,4415339,4416460,1
D,161245,0,0,0,0,0,0,0,0,0,4415339,4416460,1
D,161255,0,0,0,0,0,0,0,0,0,4415339,4416460,1
D,161265,0,0,0,0,0,0,0,0,0,4415339,4416460,1
D,161275,0,0,0,0,0,0,0,0,0,4415339,4416460,1
D,161285,0,0,0,0,0,0,0,0,0,4415339,4416460,1
D,161295,0,0,0,0,0,0,0,0,0,4415339,4416460,1
D,161305,0,0,0,0,0,0,0,0,0,4415339,4416460,1
D,161315,0,0,0,0,0,0,0,0,0,4415339,4416460,1
D,161325,0,0,0,0,0,0,0,0,0,4415339,4416460,1
D,161335,0,0,0,0,0,0,0,0,0,4415339,4416460,1
D,161345,0,0,0,0,0,0,0,0,0,4415339,4416460,1
D,161355,0,0,0,0,0,0,0,0,0,4415339,4416460,1
D,161365,0,0,0,0,0,0,0,0,0,4415339,4416460,1
D,161375,0,0,0,0,0,0,0,0,0,4415339,4416460,1
D,161385,0,0,0,0,0,0,0,0,0,4415339,4416460,1
D,161395,0,0,0,0,0,0,0,0,0,4415339,4416460,1
D,161405,0,0,0,0,0,0,0,0,0,4415339,4416460,1
D,161415,0,0,0,0,0,0,0,0,0,4415339,4416460,1
D,161425,0,0,0,0,0,0,0,0,0,4415339,4416460,1
D,161435,0,0,0,0,0,0,0,0,0,4415339,4416460,1
D,161445,0,0,0,0,0,0,0,0,0,4415339,4416460,1
D,161455,0,0,0,0,0,0,0,0,0,4415339,4416460,1
D,161465,0,0,0,0,0,0,0,0,0,4415339,4416460,1
D,161475,0,0,0,0,0,0,0,0,0,4415339,4416460,1
D,161485,0,0,0,0,0,0,0,0,0,4415339,4416460,1
D,161495,0,0,0,0,0,0,0,0,0,4415339,4416460,1
D,161505,0,0,0,0,0,0,0,0,0,4415339,4416460,1
D,161515,0,0,0,0,0,0,0,0,0,4415339,4416460,1
D,161525,0,0,0,0,0,0,0,0,0,4415339,4416460,1
D,161535,0,0,0,0,0,0,0,0,0,4415339,4416460,1
D,161545,0,0,0,0,0,0,0,0,0,4415339,4416460,1
D,161555,0,0,0,0,0,0,0,0,0,4415339,4416460,1
D,161565,0,0,0,0,0,0,0,0,0,4415339,4416460,1
D,161575,0,0,0,0,0,0,0,0,0,4415339,4416460,1
D,161585,0,0,0,0,0,0,0,0,0,4415339,4416460,1
D,161595,0,0,0,0,0,0,0,0,0,4415339,4416460,1
D,161605,0,0,0,0,0,0,0,0,0,4415339,4416460,1
D,161615,0,0,0,0,0,0,0,0,0,4415339,4416460,1
D,161625,0,0,0,0,0,0,0,0,0,4415339,4416460,1
D,161635,0,0,0,0,0,0,0,0,0,4415339,4416460,1
D,161645,0,0,0,0,0,0,0,0,0,4415339,4416460,1
D,161655,0,0,0,0,0,0,0,0,0,4415339,4416460,1
D,161665,0,0,0,0,0,0,0,0,0,4415339,4416460,1
D,161675,0,0,0,0,0,0,0,0,0,4415339,4416460,1
D,161685,0,0,0,0,0,0,0,0,0,4415339,4416460,1
D,161695,0,0,0,0,0,0,0,0,0,4415339,4416460,1
D,161705,0,0,0,0,0,0,0,0,0,4415339,4416460,1
D,161715,0,0,0,0,0,0,0,0,0,4415339,4416460,1
D,161725,0,0,0,0,0,0,0,0,0,4415339,4416460,1
D,161735,0,0,0,0,0,0,0,0,0,4415339,4416460,1
D,161745,0,0,0,0,0,0,0,0,0,4415339,4416460,1
D,161755,0,0,0,0,0,0,0,0,0,4415339,4416460,1
D,161765,0,0,0,0,0,0,0,0,0,4415339,4416460,1
D,161775,0,0,0,0,0,0,0,0,0,4415339,4416460,1
D,161785,0,0,0,0,0,0,0,0,0,4415339,4416460,1
D,161795,0,0,0,0,0,0,0,0,0,4415339,4416460,1
D,161805,0,0,0,0,0,0,0,0,0,4415339,4416460,1
D,161815,0,0,0,0,0,0,0,0,0,4415339,4416460,1
D,161825,0,0,0,0,0,0,0,0,0,4415339,4416460,1
D,161835,0,0,0,0,0,0,0,0,0,4415339,4416460,1
D,161845,0,0,0,0,0,0,0,0,0,4415339,4416460,1
D,161855,0,0,0,0,0,0,0,0,0,4415339,4416460,1
D,161865,0,0,0,0,0,0,0,0,0,4415339,4416460,1
D,161875,0,0,0,0,0,0,0,0,0,4415339,4416460,1
D,161885,0,0,0,0,0,0,0,0,0,4415339,4416460,1
D,161895,0,0,0,0,0,0,0,0,0,4415339,4416460,1
D,161905,0,0,0,0,0,0,0,0,0,4415339,4416460,1
D,161915,0,0,0,0,0,0,0,0,0,4415339,4416460,1
D,161925,0,0,0,0,0,0,0,0,0,4415339,4416460,1
D,161935,0,0,0,0,0,0,0,0,0,4415339,4416460,1
D,161945,0,0,0,0,0,0,0,0,0,4415339,4416460,1
D,161955,0,0,0,0,0,0,0,0,0,4415339,4416460,1
D,161965,0,0,0,0,0,0,0,0,0,4415339,4416460,1
D,161975,0,0,0,0,0,0,0,0,0,4415339,4416460,1
D,161985,0,0,0,0,0,0,0,0,0,4415339,4416460,1
D,161995,0,0,0,0,0,0,0,0,0,4415339,4416460,1
D,162005,0,0,0,0,0,0,0,0,0,4415339,4416460,1
D,162015,0,0,0,0,0,0,0,0,0,4415339,4416460,1
D,162025,0,0,0,0,0,0,0,0,0,4415339,4416460,1
D,162035,0,0,0,0,0,0,0,0,0,4415339,4416460,1
D,162045,0,0,0,0,0,0,0,0,0,4415339,4416460,1
D,162055,0,0,0,0,0,0,0,0,0,4415339,4416460,1
D,162065,0,0,0,0,0,0,0,0,0,4415339,4416460,1
D,162075,0,0,0,0,0,0,0,0,0,4415339,4416460,1
D,162085,0,0,0,0,0,0,0,0,0,4415339,4416460,1
D,162095,0,0,0,0,0,0,0,0,0,4415339,4416460,1
D,162105,0,0,0,0,0,0,0,0,0,4415339,4416460,1
D,162115,0,0,0,0,0,0,0,0,0,4415339,4416460,1
D,162125,0,0,0,0,0,0,0,0,0,4415339,4416460,1
D,162135,0,0,0,0,0,0,0,0,0,4415339,4416460,1
D,162145,0,0,0,0,0,0,0,0,0,4415339,4416460,1
D,162155,0,0,0,0,0,0,0,0,0,4415339,4416460,1
D,162165,0,0,0,0,0,0,0,0,0,4415339,4416460,1
D,162175,0,0,0,0,0,0,0,0,0,4415339,4416460,1
D,162185,0,0,0,0,0,0,0,0,0,4415339,4416460,1
D,162195,0,0,0,0,0,0,0,0,0,4415339,4416460,1
D,162205,0,0,0,0,0,0,0,0,0,4415339,4416460,1
D,162215,0,0,0,0,0,0,0,0,0,4415339,4416460,1
D,162225,0,0,0,0,0,0,0,0,0,4415339,4416460,1
D,162235,0,0,0,0,0,0,0,0,0,4415339,4416460,1
D,162245,0,0,0,0,0,0,0,0,0,4415339,4416460,1
D,162255,0,0,0,0,0,0,0,0,0,4415339,4416460,1
D,162265,0,0,0,0,0,0,0,0,0,4415339,4416460,1
D,162275,0,0,0,0,0,0,0,0,0,4415339,4416460,1
D,162285,0,0,0,0,0,0,0,0,0,4415339,4416460,1
D,162295,0,0,0,0,0,0,0,0,0,4415339,4416460,1
D,162305,0,0,0,0,0,0,0,0,0,4415339,4416460,1
D,162315,0,0,0,0,0,0,0,0,0,4415339,4416460,1
D,162325,0,0,0,0,0,0,0,0,0,4415339,4416460,1
D,162335,0,0,0,0,0,0,0,0,0,4415339,4416460,1
D,162345,0,0,0,0,0,0,0,0,0,4415339,4416460,1
D,162355,0,0,0,0,0,0,0,0,0,4415339,4416460,1
D,162365,0,0,0,0,0,0,0,0,0,4415339,4416460,1
D,162375,0,0,0,0,0,0,0,0,0,4415339,4416460,1
D,162385,0,0,0,0,0,0,0,0,0,4415339,4416460,1
D,162395,0,0,0,0,0,0,0,0,0,4415339,4416460,1
D,162405,0,0,0,0,0,0,0,0,0,4415339,4416460,1
D,162415,0,0,0,0,0,0,0,0,0,4415339,4416460,1
D,162425,0,0,0,0,0,0,0,0,0,4415339,4416460,1
D,162435,0,0,0,0,0,0,0,0,0,4415339,4416460,1
D,162445,0,0,0,0,0,0,0,0,0,4415339,4416460,1
D,162455,0,0,0,0,0,0,0,0,0,4415339,4416460,1
D,162465,0,0,0,0,0,0,0,0,0,4415339,4416460,1
D,162475,0,0,0,0,0,0,0,0,0,4415339,4416460,1
D,162485,0,0,0,0,0,0,0,0,0,4415339,4416460,1
D,162495,0,0,0,0,0,0,0,0,0,4415339,4416460,1
D,162505,0,0,0,0,0,0,0,0,0,4415339,4416460,1
D,162515,0,0,0,0,0,0,0,0,0,4415339,4416460,1
D,162525,0,0,0,0,0,0,0,0,0,4415339,4416460,1
D,162535,0,0,0,0,0,0,0,0,0,4415339,4416460,1
D,162545,0,0,0,0,0,0,0,0,0,4415339,4416460,1
D,162555,0,0,0,0,0,0,0,0,0,4415339,4416460,1
D,162565,0,0,0,0,0,0,0,0,0,4415339,4416460,1
D,162575,0,0,0,0,0,0,0,0,0,4415339,4416460,1
D,162585,0,0,0,0,0,0,0,0,0,4415339,4416460,1
D,162595,0,0,0,0,0,0,0,0,0,4415339,4416460,1
D,162605,0,0,0,0,0,0,0,0,0,4415339,4416460,1
D,162615,0,0,0,0,0,0,0,0,0,4415339,4416460,1
D,162625,0,0,0,0,0,0,0,0,0,4415339,4416460,1
D,162635,0,0,0,0,0,0,0,0,0,4415339,4416460,1
D,162645,0,0,0,0,0,0,0,0,0,4415339,4416460,1
D,162655,0,0,0,0,0,0,0,0,0,4415339,4416460,1
D,162665,0,0,0,0,0,0,0,0,0,4415339,4416460,1
D,162675,0,0,0,0,0,0,0,0,0,4415339,4416460,1
D,162685,0,0,0,0,0,0,0,0,0,4415339,4416460,1
D,162695,0,0,0,0,0,0,0,0,0,4415339,4416460,1
D,162705,0,0,0,0,0,0,0,0,0,4415339,4416460,1
D,162715,0,0,0,0,0,0,0,0,0,4415339,4416460,1
D,162725,0,0,0,0,0,0,0,0,0,4415339,4416460,1
D,162735,0,0,0,0,0,0,0,0,0,4415339,4416460,1
D,162745,0,0,0,0,0,0,0,0,0,4415339,4416460,1
D,162755,0,0,0,0,0,0,0,0,0,4415339,4416460,1
D,162765,0,0,0,0,0,0,0,0,0,4415339,4416460,1
D,162775,0,0,0,0,0,0,0,0,0,4415339,4416460,1
D,162785,0,0,0,0,0,0,0,0,0,4415339,4416460,1
D,162795,0,0,0,0,0,0,0,0,0,4415339,4416460,1
D,162805,0,0,0,0,0,0,0,0,0,4415339,4416460,1
D,162815,0,0,0,0,0,0,0,0,0,4415339,4416460,1
D,162825,0,0,0,0,0,0,0,0,0,4415339,4416460,1
D,162835,0,0,0,0,0,0,0,0,0,4415339,4416460,1
D,162845,0,0,0,0,0,0,0,0,0,4415339,4416460,1
D,162855,0,0,0,0,0,0,0,0,0,4415339,4416460,1
D,162865,0,0,0,0,0,0,0,0,0,4415339,4416460,1
D,162875,0,0,0,0,0,0,0,0,0,4415339,4416460,1
D,162885,0,0,0,0,0,0,0,0,0,4415339,4416460,1
D,162895,0,0,0,0,0,0,0,0,0,4415339,4416460,1
D,162905,0,0,0,0,0,0,0,0,0,4415339,4416460,1
D,162915,0,0,0,0,0,0,0,0,0,4415339,4416460,1
D,162925,0,0,0,0,0,0,0,0,0,4415339,4416460,1
D,162935,0,0,0,0,0,0,0,0,0,4415339,4416460,1
D,162945,0,0,0,0,0,0,0,0,0,4415339,4416460,1
D,162955,0,0,0,0,0,0,0,0,0,4415339,4416460,1
D,162965,0,0,0,0,0,0,0,0,0,4415339,4416460,1
D,162975,0,0,0,0,0,0,0,0,0,4415339,4416460,1
D,162985,0,0,0,0,0,0,0,0,0,4415339,4416460,1
D,162995,0,0,0,0,0,0,0,0,0,4415339,4416460,1
D,163005,0,0,0,0,0,0,0,0,0,4415339,4416460,1
D,163015,0,0,0,0,0,0,0,0,0,4415339,4416460,1
D,163025,0,0,0,0,0,0,0,0,0,4415339,4416460,1
D,163035,0,0,0,0,0,0,0,0,0,4415339,4416460,1
D,163045,0,0,0,0,0,0,0,0,0,4415339,4416460,1
D,163055,0,0,0,0,0,0,0,0,0,4415339,4416460,1
D,163065,0,0,0,0,0,0,0,0,0,4415339,4416460,1
D,163075,0,0,0,0,0,0,0,0,0,4415339,4416460,1
D,163085,0,0,0,0,0,0,0,0,0,4415339,4416460,1
D,163095,0,0,0,0,0,0,0,0,0,4415339,4416460,1
D,163105,0,0,0,0,0,0,0,0,0,4415339,4416460,1
D,163115,0,0,0,0,0,0,0,0,0,4415339,4416460,1
D,163125,0,0,0,0,0,0,0,0,0,4415339,4416460,1
D,163135,0,0,0,0,0,0,0,0,0,4415339,4416460,1
D,163145,0,0,0,0,0,0,0,0,0,4415339,4416460,1
D,163155,0,0,0,0,0,0,0,0,0,4415339,4416460,1
D,163165,0,0,0,0,0,0,0,0,0,4415339,4416460,1
D,163175,0,0,0,0,0,0,0,0,0,4415339,4416460,1
D,163185,0,0,0,0,0,0,0,0,0,4415339,4416460,1
D,163195,0,0,0,0,0,0,0,0,0,4415339,4416460,1
D,163205,0,0,0,0,0,0,0,0,0,4415339,4416460,1
D,163215,0,0,0,0,0,0,0,0,0,4415339,4416460,1
D,163225,0,0,0,0,0,0,0,0,0,4415339,4416460,1
D,163235,0,0,0,0,0,0,0,0,0,4415339,4416460,1
D,163245,0,0,0,0,0,0,0,0,0,4415339,4416460,1
D,163255,0,0,0,0,0,0,0,0,0,4415339,4416460,1
D,163265,0,0,0,0,0,0,0,0,0,4415339,4416460,1
D,163275,0,0,0,0,0,0,0,0,0,4415339,4416460,1
D,163285,0,0,0,0,0,0,0,0,0,4415339,4416460,1
D,163295,0,0,0,0,0,0,0,0,0,4415339,4416460,1
D,163305,0,0,0,0,0,0,0,0,0,4415339,4416460,1
D,163315,0,0,0,0,0,0,0,0,0,4415339,4416460,1
D,163325,0,0,0,0,0,0,0,0,0,4415339,4416460,1
D,163335,0,0,0,0,0,0,0,0,0,4415339,4416460,1
D,163345,0,0,0,0,0,0,0,0,0,4415339,4416460,1
D,163355,0,0,0,0,0,0,0,0,0,4415339,4416460,1
D,163365,0,0,0,0,0,0,0,0,0,4415339,4416460,1
D,163375,0,0,0,0,0,0,0,0,0,4415339,4416460,1
D,163385,0,0,0,0,0,0,0,0,0,4415339,4416460,1
D,163395,0,0,0,0,0,0,0,0,0,4415339,4416460,1
D,163405,0,0,0,0,0,0,0,0,0,4415339,4416460,1
D,163415,0,0,0,0,0,0,0,0,0,4415339,4416460,1
D,163425,0,0,0,0,0,0,0,0,0,4415339,4416460,1
D,163435,0,0,0,0,0,0,0,0,0,4415339,4416460,1
D,163445,0,0,0,0,0,0,0,0,0,4415339,4416460,1
D,163455,0,0,0,0,0,0,0,0,0,4415339,4416460,1
D,163465,0,0,0,0,0,0,0,0,0,4415339,4416460,1
D,163475,0,0,0,0,0,0,0,0,0,4415339,4416460,1
D,163485,0,0,0,0,0,0,0,0,0,4415339,4416460,1
D,163495,0,0,0,0,0,0,0,0,0,4415339,4416460,1
D,163505,0,0,0,0,0,0,0,0,0,4415339,4416460,1
D,163515,0,0,0,0,0,0,0,0,0,4415339,4416460,1
D,163525,0,0,0,0,0,0,0,0,0,4415339,4416460,1
D,163535,0,0,0,0,0,0,0,0,0,4415339,4416460,1
D,163545,0,0,0,0,0,0,0,0,0,4415339,4416460,1
D,163555,0,0,0,0,0,0,0,0,0,4415339,4416460,1
D,163565,0,0,0,0,0,0,0,0,0,4415339,4416460,1
D,163575,0,0,0,0,0,0,0,0,0,4415339,4416460,1
D,163585,0,0,0,0,0,0,0,0,0,4415339,4416460,1
D,163595,0,0,0,0,0,0,0,0,0,4415339,4416460,1
D,163605,0,0,0,0,0,0,0,0,0,4415339,4416460,1
D,163615,0,0,0,0,0,0,0,0,0,4415339,4416460,1
D,163625,0,0,0,0,0,0,0,0,0,4415339,4416460,1
D,163635,0,0,0,0,0,0,0,0,0,4415339,4416460,1
D,163645,0,0,0,0,0,0,0,0,0,4415339,4416460,1
D,163655,0,0,0,0,0,0,0,0,0,4415339,4416460,1
D,163665,0,0,0,0,0,0,0,0,0,4415339,4416460,1
D,163675,0,0,0,0,0,0,0,0,0,4415339,4416460,1
D,163685,0,0,0,0,0,0,0,0,0,4415339,4416460,1
D,163695,0,0,0,0,0,0,0,0,0,4415339,4416460,1
D,163705,0,0,0,0,0,0,0,0,0,4415339,4416460,1
D,163715,0,0,0,0,0,0,0,0,0,4415339,4416460,1
D,163725,0,0,0,0,0,0,0,0,0,4415339,4416460,1
D,163735,0,0,0,0,0,0,0,0,0,4415339,4416460,1
D,163745,0,0,0,0,0,0,0,0,0,4415339,4416460,1
D,163755,0,0,0,0,0,0,0,0,0,4415339,4416460,1
D,163765,0,0,0,0,0,0,0,0,0,4415339,4416460,1
D,163775,0,0,0,0,0,0,0,0,0,4415339,4416460,1
D,163785,0,0,0,0,0,0,0,0,0,4415339,4416460,1
D,163795,0,0,0,0,0,0,0,0,0,4415339,4416460,1
D,163805,0,0,0,0,0,0,0,0,0,4415339,4416460,1
D,163815,0,0,0,0,0,0,0,0,0,4415339,4416460,1
D,163825,0,0,0,0,0,0,0,0,0,4415339,4416460,1
D,163835,0,0,0,0,0,0,0,0,0,4415339,4416460,1
D,163845,0,0,0,0,0,0,0,0,0,4415339,4416460,1
D,163855,0,0,0,0,0,0,0,0,0,4415339,4416460,1
D,163865,0,0,0,0,0,0,0,0,0,4415339,4416460,1
D,163875,0,0,0,0,0,0,0,0,0,4415339,4416460,1
D,163885,0,0,0,0,0,0,0,0,0,4415339,4416460,1
D,163895,0,0,0,0,0,0,0,0,0,4415339,4416460,1
D,163905,0,0,0,0,0,0,0,0,0,4415339,4416460,1
D,163915,0,0,0,0,0,0,0,0,0,4415339,4416460,1
D,163925,0,0,0,0,0,0,0,0,0,4415339,4416460,1
D,163935,0,0,0,0,0,0,0,0,0,4415339,4416460,1
D,163945,0,0,0,0,0,0,0,0,0,4415339,4416460,1
D,163955,0,0,0,0,0,0,0,0,0,4415339,4416460,1
D,163965,0,0,0,0,0,0,0,0,0,4415339,4416460,1
D,163975,0,0,0,0,0,0,0,0,0,4415339,4416460,1
D,163985,0,0,0,0,0,0,0,0,0,4415339,4416460,1
D,163995,0,0,0,0,0,0,0,0,0,4415339,4416460,1
D,164005,0,0,0,0,0,0,0,0,0,4415339,4416460,1
D,164015,0,0,0,0,0,0,0,0,0,4415339,4416460,1
D,164025,0,0,0,0,0,0,0,0,0,4415339,4416460,1
D,164035,0,0,0,0,0,0,0,0,0,4415339,4416460,1
D,164045,0,0,0,0,0,0,0,0,0,4415339,4416460,1
D,164055,0,0,0,0,0,0,0,0,0,4415339,4416460,1
D,164065,0,0,0,0,0,0,0,0,0,4415339,4416460,1
D,164075,0,0,0,0,0,0,0,0,0,4415339,4416460,1
D,164085,0,0,0,0,0,0,0,0,0,4415339,4416460,1
D,164095,0,0,0,0,0,0,0,0,0,4415339,4416460,1
D,164105,0,0,0,0,0,0,0,0,0,4415339,4416460,1
D,164115,0,0,0,0,0,0,0,0,0,4415339,4416460,1
D,164125,0,0,0,0,0,0,0,0,0,4415339,4416460,1
D,164135,0,0,0,0,0,0,0,0,0,4415339,4416460,1
D,164145,0,0,0,0,0,0,0,0,0,4415339,4416460,1
D,164155,0,0,0,0,0,0,0,0,0,4415339,4416460,1
D,164165,0,0,0,0,0,0,0,0,0,4415339,4416460,1
D,164175,0,0,0,0,0,0,0,0,0,4415339,4416460,1
D,164185,0,0,0,0,0,0,0,0,0,4415339,4416460,1
D,164195,0,0,0,0,0,0,0,0,0,4415339,4416460,1
D,164205,0,0,0,0,0,0,0,0,0,4415339,4416460,1
D,164215,0,0,0,0,0,0,0,0,0,4415339,4416460,1
D,164225,0,0,0,0,0,0,0,0,0,4415339,4416460,1
D,164235,0,0,0,0,0,0,0,0,0,4415339,4416460,1
D,164245,0,0,0,0,0,0,0,0,0,4415339,4416460,1
D,164255,0,0,0,0,0,0,0,0,0,4415339,4416460,1
D,164265,0,0,0,0,0,0,0,0,0,4415339,4416460,1
D,164275,0,0,0,0,0,0,0,0,0,4415339,4416460,1
D,164285,0,0,0,0,0,0,0,0,0,4415339,4416460,1
D,164295,0,0,0,0,0,0,0,0,0,4415339,4416460,1
D,164305,0,0,0,0,0,0,0,0,0,4415339,4416460,1
D,164315,0,0,0,0,0,0,0,0,0,4415339,4416460,1
D,164325,0,0,0,0,0,0,0,0,0,4415339,4416460,1
D,164335,0,0,0,0,0,0,0,0,0,4415339,4416460,1
D,164345,0,0,0,0,0,0,0,0,0,4415339,4416460,1
D,164355,0,0,0,0,0,0,0,0,0,4415339,4416460,1
D,164365,0,0,0,0,0,0,0,0,0,4415339,4416460,1
D,164375,0,0,0,0,0,0,0,0,0,4415339,4416460,1
D,164385,0,0,0,0,0,0,0,0,0,4415339,4416460,1
D,164395,0,0,0,0,0,0,0,0,0,4415339,4416460,1
D,164405,0,0,0,0,0,0,0,0,0,4415339,4416460,1
D,164415,0,0,0,0,0,0,0,0,0,4415339,4416460,1
D,164425,0,0,0,0,0,0,0,0,0,4415339,4416460,1
D,164435,0,0,0,0,0,0,0,0,0,4415339,4416460,1
D,164445,0,0,0,0,0,0,0,0,0,4415339,4416460,1
D,164455,0,0,0,0,0,0,0,0,0,4415339,4416460,1
D,164465,0,0,0,0,0,0,0,0,0,4415339,4416460,1
D,164475,0,0,0,0,0,0,0,0,0,4415339,4416460,1
D,164485,0,0,0,0,0,0,0,0,0,4415339,4416460,1
D,164495,0,0,0,0,0,0,0,0,0,4415339,4416460,1
D,164505,0,0,0,0,0,0,0,0,0,4415339,4416460,1
D,164515,0,0,0,0,0,0,0,0,0,4415339,4416460,1
D,164525,0,0,0,0,0,0,0,0,0,4415339,4416460,1
D,164535,0,0,0,0,0,0,0,0,0,4415339,4416460,1
D,164545,0,0,0,0,0,0,0,0,0,4415339,4416460,1
D,164555,0,0,0,0,0,0,0,0,0,4415339,4416460,1
D,164565,0,0,0,0,0,0,0,0,0,4415339,4416460,1
D,164575,0,0,0,0,0,0,0,0,0,4415339,4416460,1
D,164585,0,0,0,0,0,0,0,0,0,4415339,4416460,1
D,164595,0,0,0,0,0,0,0,0,0,4415339,4416460,1
D,164605,0,0,0,0,0,0,0,0,0,4415339,4416460,1
D,164615,0,0,0,0,0,0,0,0,0,4415339,4416460,1
D,164625,0,0,0,0,0,0,0,0,0,4415339,4416460,1
D,164635,0,0,0,0,0,0,0,0,0,4415339,4416460,1
D,164645,0,0,0,0,0,0,0,0,0,4415339,4416460,1
D,164655,0,0,0,0,0,0,0,0,0,4415339,4416460,1
D,164665,0,0,0,0,0,0,0,0,0,4415339,4416460,1
D,164675,0,0,0,0,0,0,0,0,0,4415339,4416460,1
D,164685,0,0,0,0,0,0,0,0,0,4415339,4416460,1
D,164695,0,0,0,0,0,0,0,0,0,4415339,4416460,1
D,164705,0,0,0,0,0,0,0,0,0,4415339,4416460,1
D,164715,0,0,0,0,0,0,0,0,0,4415339,4416460,1
D,164725,0,0,0,0,0,0,0,0,0,4415339,4416460,1
D,164735,0,0,0,0,0,0,0,0,0,4415339,4416460,1
D,164745,0,0,0,0,0,0,0,0,0,4415339,4416460,1
D,164755,0,0,0,0,0,0,0,0,0,4415339,4416460,1
D,164765,0,0,0,0,0,0,0,0,0,4415339,4416460,1
D,164775,0,0,0,0,0,0,0,0,0,4415339,4416460,1
D,164785,0,0,0,0,0,0,0,0,0,4415339,4416460,1
D,164795,0,0,0,0,0,0,0,0,0,4415339,4416460,1
D,164805,0,0,0,0,0,0,0,0,0,4415339,4416460,1
D,164815,0,0,0,0,0,0,0,0,0,4415339,4416460,1
D,164825,0,0,0,0,0,0,0,0,0,4415339,4416460,1
D,164835,0,0,0,0,0,0,0,0,0,4415339,4416460,1
D,164845,0,0,0,0,0,0,0,0,0,4415339,4416460,1
D,164855,0,0,0,0,0,0,0,0,0,4415339,4416460,1
D,164865,0,0,0,0,0,0,0,0,0,4415339,4416460,1
D,164875,0,0,0,0,0,0,0,0,0,4415339,4416460,1
D,164885,0,0,0,0,0,0,0,0,0,4415339,4416460,1
D,164895,0,0,0,0,0,0,0,0,0,4415339,4416460,1
D,164905,0,0,0,0,0,0,0,0,0,4415339,4416460,1
D,164915,0,0,0,0,0,0,0,0,0,4415339,4416460,1
D,164925,0,0,0,0,0,0,0,0,0,4415339,4416460,1
D,164935,0,0,0,0,0,0,0,0,0,4415339,4416460,1
D,164945,0,0,0,0,0,0,0,0,0,4415339,4416460,1
D,164955,0,0,0,0,0,0,0,0,0,4415339,4416460,1
D,164965,0,0,0,0,0,0,0,0,0,4415339,4416460,1
D,164975,0,0,0,0,0,0,0,0,0,4415339,4416460,1
D,164985,0,0,0,0,0,0,0,0,0,4415339,4416460,1
D,164995,0,0,0,0,0,0,0,0,0,4415339,4416460,1
D,165005,0,0,0,0,0,0,0,0,0,4415339,4416460,1
D,165015,0,0,0,0,0,0,0,0,0,4415339,4416460,1
D,165025,0,0,0,0,0,0,0,0,0,4415339,4416460,1
D,165035,0,0,0,0,0,0,0,0,0,4415339,4416460,1
D,165045,0,0,0,0,0,0,0,0,0,4415339,4416460,1
D,165055,0,0,0,0,0,0,0,0,0,4415339,4416460,1
D,165065,0,0,0,0,0,0,0,0,0,4415339,4416460,1
D,165075,0,0,0,0,0,0,0,0,0,4415339,4416460,1
D,165085,0,0,0,0,0,0,0,0,0,4415339,4416460,1
D,165095,0,0,0,0,0,0,0,0,0,4415339,4416460,1
D,165105,0,0,0,0,0,0,0,0,0,4415339,4416460,1
D,165115,0,0,0,0,0,0,0,0,0,4415339,4416460,1
D,165125,0,0,0,0,0,0,0,0,0,4415339,4416460,1
D,165135,0,0,0,0,0,0,0,0,0,4415339,4416460,1
D,165145,0,0,0,0,0,0,0,0,0,4415339,4416460,1
D,165155,0,0,0,0,0,0,0,0,0,4415339,4416460,1
D,165165,0,0,0,0,0,0,0,0,0,4415339,4416460,1
D,165175,0,0,0,0,0,0,0,0,0,4415339,4416460,1
D,165185,0,0,0,0,0,0,0,0,0,4415339,4416460,1
D,165195,0,0,0,0,0,0,0,0,0,4415339,4416460,1
D,165205,0,0,0,0,0,0,0,0,0,4415339,4416460,1
D,165215,0,0,0,0,0,0,0,0,0,4415339,4416460,1
D,165225,0,0,0,0,0,0,0,0,0,4415339,4416460,1
D,165235,0,0,0,0,0,0,0,0,0,4415339,4416460,1
D,165245,0,0,0,0,0,0,0,0,0,4415339,4416460,1
D,165255,0,0,0,0,0,0,0,0,0,4415339,4416460,1
D,165265,0,0,0,0,0,0,0,0,0,4415339,4416460,1
D,165275,0,0,0,0,0,0,0,0,0,4415339,4416460,1
D,165285,0,0,0,0,0,0,0,0,0,4415339,4416460,1
D,165295,0,0,0,0,0,0,0,0,0,4415339,4416460,1
D,165305,0,0,0,0,0,0,0,0,0,4415339,4416460,1
D,165315,0,0,0,0,0,0,0,0,0,4415339,4416460,1
D,165325,0,0,0,0,0,0,0,0,0,4415339,4416460,1
D,165335,0,0,0,0,0,0,0,0,0,4415339,4416460,1
D,165345,0,0,0,0,0,0,0,0,0,4415339,4416460,1
D,165355,0,0,0,0,0,0,0,0,0,4415339,4416460,1
D,165365,0,0,0,0,0,0,0,0,0,4415339,4416460,1
D,165375,0,0,0,0,0,0,0,0,0,4415339,4416460,1
D,165385,0,0,0,0,0,0,0,0,0,4415339,4416460,1
D,165395,0,0,0,0,0,0,0,0,0,4415339,4416460,1
D,165405,0,0,0,0,0,0,0,0,0,4415339,4416460,1
D,165415,0,0,0,0,0,0,0,0,0,4415339,4416460,1
D,165425,0,0,0,0,0,0,0,0,0,4415339,4416460,1
D,165435,0,0,0,0,0,0,0,0,0,4415339,4416460,1
D,165445,0,0,0,0,0,0,0,0,0,4415339,4416460,1
D,165455,0,0,0,0,0,0,0,0,0,4415339,4416460,1
D,165465,0,0,0,0,0,0,0,0,0,4415339,4416460,1
D,165475,0,0,0,0,0,0,0,0,0,4415339,4416460,1
D,165485,0,0,0,0,0,0,0,0,0,4415339,4416460,1
D,165495,0,0,0,0,0,0,0,0,0,4415339,4416460,1
D,165505,0,0,0,0,0,0,0,0,0,4415339,4416460,1
D,165515,0,0,0,0,0,0,0,0,0,4415339,4416460,1
D,165525,0,0,0,0,0,0,0,0,0,4415339,4416460,1
D,165535,0,0,0,0,0,0,0,0,0,4415339,4416460,1
D,165545,0,0,0,0,0,0,0,0,0,4415339,4416460,1
D,165555,0,0,0,0,0,0,0,0,0,4415339,4416460,1
D,165565,0,0,0,0,0,0,0,0,0,4415339,4416460,1
D,165575,0,0,0,0,0,0,0,0,0,4415339,4416460,1
D,165585,0,0,0,0,0,0,0,0,0,4415339,4416460,1
D,165595,0,0,0,0,0,0,0,0,0,4415339,4416460,1
D,165605,0,0,0,0,0,0,0,0,0,4415339,4416460,1
D,165615,0,0,0,0,0,0,0,0,0,4415339,4416460,1
D,165625,0,0,0,0,0,0,0,0,0,4415339,4416460,1
D,165635,0,0,0,0,0,0,0,0,0,4415339,4416460,1
D,165645,0,0,0,0,0,0,0,0,0,4415339,4416460,1
D,165655,0,0,0,0,0,0,0,0,0,4415339,4416460,1
D,165665,0,0,0,0,0,0,0,0,0,4415339,4416460,1
D,165675,0,0,0,0,0,0,0,0,0,4415339,4416460,1
D,165685,0,0,0,0,0,0,0,0,0,4415339,4416460,1
D,165695,0,0,0,0,0,0,0,0,0,4415339,4416460,1
D,165705,0,0,0,0,0,0,0,0,0,4415339,4416460,1
D,165715,0,0,0,0,0,0,0,0,0,4415339,4416460,1
D,165725,0,0,0,0,0,0,0,0,0,4415339,4416460,1
D,165735,0,0,0,0,0,0,0,0,0,4415339,4416460,1
D,165745,0,0,0,0,0,0,0,0,0,4415339,4416460,1
D,165755,0,0,0,0,0,0,0,0,0,4415339,4416460,1
D,165765,0,0,0,0,0,0,0,0,0,4415339,4416460,1
D,165775,0,0,0,0,0,0,0,0,0,4415339,4416460,1
D,165785,0,0,0,0,0,0,0,0,0,4415339,4416460,1
D,165795,0,0,0,0,0,0,0,0,0,4415339,4416460,1
D,165805,0,0,0,0,0,0,0,0,0,4415339,4416460,1
D,165815,0,0,0,0,0,0,0,0,0,4415339,4416460,1
D,165825,0,0,0,0,0,0,0,0,0,4415339,4416460,1
D,165835,0,0,0,0,0,0,0,0,0,4415339,4416460,1
D,165845,0,0,0,0,0,0,0,0,0,4415339,4416460,1
D,165855,0,0,0,0,0,0,0,0,0,4415339,4416460,1
D,165865,0,0,0,0,0,0,0,0,0,4415339,4416460,1
D,165875,0,0,0,0,0,0,0,0,0,4415339,4416460,1
D,165885,0,0,0,0,0,0,0,0,0,4415339,4416460,1
D,165895,0,0,0,0,0,0,0,0,0,4415339,4416460,1
D,165905,0,0,0,0,0,0,0,0,0,4415339,4416460,1
D,165915,0,0,0,0,0,0,0,0,0,4415339,4416460,1
D,165925,0,0,0,0,0,0,0,0,0,4415339,4416460,1
D,165935,0,0,0,0,0,0,0,0,0,4415339,4416460,1
D,165945,0,0,0,0,0,0,0,0,0,4415339,4416460,1
D,165955,0,0,0,0,0,0,0,0,0,4415339,4416460,1
D,165965,0,0,0,0,0,0,0,0,0,4415339,4416460,1
D,165975,0,0,0,0,0,0,0,0,0,4415339,4416460,1
D,165985,0,0,0,0,0,0,0,0,0,4415339,4416460,1
D,165995,0,0,0,0,0,0,0,0,0,4415339,4416460,1
D,166005,0,0,0,0,0,0,0,0,0,4415339,4416460,1
D,166015,0,0,0,0,0,0,0,0,0,4415339,4416460,1
D,166025,0,0,0,0,0,0,0,0,0,4415339,4416460,1
D,166035,0,0,0,0,0,0,0,0,0,4415339,4416460,1
D,166045,0,0,0,0,0,0,0,0,0,4415339,4416460,1
D,166055,0,0,0,0,0,0,0,0,0,4415339,4416460,1
D,166065,0,0,0,0,0,0,0,0,0,4415339,4416460,1
D,166075,0,0,0,0,0,0,0,0,0,4415339,4416460,1
D,166085,0,0,0,0,0,0,0,0,0,4415339,4416460,1
D,166095,0,0,0,0,0,0,0,0,0,4415339,4416460,1
D,166105,0,0,0,0,0,0,0,0,0,4415339,4416460,1
D,166115,0,0,0,0,0,0,0,0,0,4415339,4416460,1
D,166125,0,0,0,0,0,0,0,0,0,4415339,4416460,1
D,166135,0,0,0,0,0,0,0,0,0,4415339,4416460,1
D,166145,0,0,0,0,0,0,0,0,0,4415339,4416460,1
D,166155,0,0,0,0,0,0,0,0,0,4415339,4416460,1
D,166165,0,0,0,0,0,0,0,0,0,4415339,4416460,1
D,166175,0,0,0,0,0,0,0,0,0,4415339,4416460,1
D,166185,0,0,0,0,0,0,0,0,0,4415339,4416460,1
D,166195,0,0,0,0,0,0,0,0,0,4415339,4416460,1
D,166205,0,0,0,0,0,0,0,0,0,4415339,4416460,1
D,166215,0,0,0,0,0,0,0,0,0,4415339,4416460,1
D,166225,0,0,0,0,0,0,0,0,0,4415339,4416460,1
D,166235,0,0,0,0,0,0,0,0,0,4415339,4416460,1
D,166245,0,0,0,0,0,0,0,0,0,4415339,4416460,1
D,166255,0,0,0,0,0,0,0,0,0,4415339,4416460,1
D,166265,0,0,0,0,0,0,0,0,0,4415339,4416460,1
D,166275,0,0,0,0,0,0,0,0,0,4415339,4416460,1
D,166285,0,0,0,0,0,0,0,0,0,4415339,4416460,1
D,166295,0,0,0,0,0,0,0,0,0,4415339,4416460,1
D,166305,0,0,0,0,0,0,0,0,0,4415339,4416460,1
D,166315,0,0,0,0,0,0,0,0,0,4415339,4416460,1
D,166325,0,0,0,0,0,0,0,0,0,4415339,4416460,1
D,166335,0,0,0,0,0,0,0,0,0,4415339,4416460,1
D,166345,0,0,0,0,0,0,0,0,0,4415339,4416460,1
D,166355,0,0,0,0,0,0,0,0,0,4415339,4416460,1
D,166365,0,0,0,0,0,0,0,0,0,4415339,4416460,1
D,166375,0,0,0,0,0,0,0,0,0,4415339,4416460,1
D,166385,0,0,0,0,0,0,0,0,0,4415339,4416460,1
D,166395,0,0,0,0,0,0,0,0,0,4415339,4416460,1
D,166405,0,0,0,0,0,0,0,0,0,4415339,4416460,1
D,166415,0,0,0,0,0,0,0,0,0,4415339,4416460,1
D,166425,0,0,0,0,0,0,0,0,0,4415339,4416460,1
D,166435,0,0,0,0,0,0,0,0,0,4415339,4416460,1
D,166445,0,0,0,0,0,0,0,0,0,4415339,4416460,1
D,166455,0,0,0,0,0,0,0,0,0,4415339,4416460,1
D,166465,0,0,0,0,0,0,0,0,0,4415339,4416460,1
D,166475,0,0,0,0,0,0,0,0,0,4415339,4416460,1
D,166485,0,0,0,0,0,0,0,0,0,4415339,4416460,1
D,166495,0,0,0,0,0,0,0,0,0,4415339,4416460,1
D,166505,0,0,0,0,0,0,0,0,0,4415339,4416460,1
D,166515,0,0,0,0,0,0,0,0,0,4415339,4416460,1
D,166525,0,0,0,0,0,0,0,0,0,4415339,4416460,1
D,166535,0,0,0,0,0,0,0,0,0,4415339,4416460,1
D,166545,0,0,0,0,0,0,0,0,0,4415339,4416460,1
D,166555,0,0,0,0,0,0,0,0,0,4415339,4416460,1
D,166565,0,0,0,0,0,0,0,0,0,4415339,4416460,1
D,166575,0,0,0,0,0,0,0,0,0,4415339,4416460,1
D,166585,0,0,0,0,0,0,0,0,0,4415339,4416460,1
D,166595,0,0,0,0,0,0,0,0,0,4415339,4416460,1
D,166605,0,0,0,0,0,0,0,0,0,4415339,4416460,1
D,166615,0,0,0,0,0,0,0,0,0,4415339,4416460,1
D,166625,0,0,0,0,0,0,0,0,0,4415339,4416460,1
D,166635,0,0,0,0,0,0,0,0,0,4415339,4416460,1
D,166645,0,0,0,0,0,0,0,0,0,4415339,4416460,1
D,166655,0,0,0,0,0,0,0,0,0,4415339,4416460,1
D,166665,0,0,0,0,0,0,0,0,0,4415339,4416460,1
D,166675,0,0,0,0,0,0,0,0,0,4415339,4416460,1
D,166685,0,0,0,0,0,0,0,0,0,4415339,4416460,1
D,166695,0,0,0,0,0,0,0,0,0,4415339,4416460,1
D,166705,0,0,0,0,0,0,0,0,0,4415339,4416460,1
D,166715,0,0,0,0,0,0,0,0,0,4415339,4416460,1
D,166725,0,0,0,0,0,0,0,0,0,4415339,4416460,1
D,166735,0,0,0,0,0,0,0,0,0,4415339,4416460,1
D,166745,0,0,0,0,0,0,0,0,0,4415339,4416460,1
D,166755,0,0,0,0,0,0,0,0,0,4415339,4416460,1
D,166765,0,0,0,0,0,0,0,0,0,4415339,4416460,1
D,166775,0,0,0,0,0,0,0,0,0,4415339,4416460,1
D,166785,0,0,0,0,0,0,0,0,0,4415339,4416460,1
D,166795,0,0,0,0,0,0,0,0,0,4415339,4416460,1
D,166805,0,0,0,0,0,0,0,0,0,4415339,4416460,1
D,166815,0,0,0,0,0,0,0,0,0,4415339,4416460,1
D,166825,0,0,0,0,0,0,0,0,0,4415339,4416460,1
D,166835,0,0,0,0,0,0,0,0,0,4415339,4416460,1
D,166845,0,0,0,0,0,0,0,0,0,4415339,4416460,1
D,166855,0,0,0,0,0,0,0,0,0,4415339,4416460,1
D,166865,0,0,0,0,0,0,0,0,0,4415339,4416460,1
D,166875,0,0,0,0,0,0,0,0,0,4415339,4416460,1
D,166885,0,0,0,0,0,0,0,0,0,4415339,4416460,1
D,166895,0,0,0,0,0,0,0,0,0,4415339,4416460,1
D,166905,0,0,0,0,0,0,0,0,0,4415339,4416460,1
D,166915,0,0,0,0,0,0,0,0,0,4415339,4416460,1
D,166925,0,0,0,0,0,0,0,0,0,4415339,4416460,1
D,166935,0,0,0,0,0,0,0,0,0,4415339,4416460,1
D,166945,0,0,0,0,0,0,0,0,0,4415339,4416460,1
D,166955,0,0,0,0,0,0,0,0,0,4415339,4416460,1
D,166965,0,0,0,0,0,0,0,0,0,4415339,4416460,1
D,166975,0,0,0,0,0,0,0,0,0,4415339,4416460,1
D,166985,0,0,0,0,0,0,0,0,0,4415339,4416460,1
D,166995,0,0,0,0,0,0,0,0,0,4415339,4416460,1
D,167005,0,0,0,0,0,0,0,0,0,4415339,4416460,1
D,167015,0,0,0,0,0,0,0,0,0,4415339,4416460,1
D,167025,0,0,0,0,0,0,0,0,0,4415339,4416460,1
D,167035,0,0,0,0,0,0,0,0,0,4415339,4416460,1
D,167045,0,0,0,0,0,0,0,0,0,4415339,4416460,1
D,167055,0,0,0,0,0,0,0,0,0,4415339,4416460,1
D,167065,0,0,0,0,0,0,0,0,0,4415339,4416460,1
D,167075,0,0,0,0,0,0,0,0,0,4415339,4416460,1
D,167085,0,0,0,0,0,0,0,0,0,4415339,4416460,1
D,167095,0,0,0,0,0,0,0,0,0,4415339,4416460,1
D,167105,0,0,0,0,0,0,0,0,0,4415339,4416460,1
D,167115,0,0,0,0,0,0,0,0,0,4415339,4416460,1
D,167125,0,0,0,0,0,0,0,0,0,4415339,4416460,1
D,167135,0,0,0,0,0,0,0,0,0,4415339,4416460,1
D,167145,0,0,0,0,0,0,0,0,0,4415339,4416460,1
D,167155,0,0,0,0,0,0,0,0,0,4415339,4416460,1
D,167165,0,0,0,0,0,0,0,0,0,4415339,4416460,1
D,167175,0,0,0,0,0,0,0,0,0,4415339,4416460,1
D,167185,0,0,0,0,0,0,0,0,0,4415339,4416460,1
D,167195,0,0,0,0,0,0,0,0,0,4415339,4416460,1
D,167205,0,0,0,0,0,0,0,0,0,4415339,4416460,1
D,167215,0,0,0,0,0,0,0,0,0,4415339,4416460,1
D,167225,0,0,0,0,0,0,0,0,0,4415339,4416460,1
D,167235,0,0,0,0,0,0,0,0,0,4415339,4416460,1
D,167245,0,0,0,0,0,0,0,0,0,4415339,4416460,1
D,167255,0,0,0,0,0,0,0,0,0,4415339,4416460,1
D,167265,0,0,0,0,0,0,0,0,0,4415339,4416460,1
D,167275,0,0,0,0,0,0,0,0,0,4415339,4416460,1
D,167285,0,0,0,0,0,0,0,0,0,4415339,4416460,1
D,167295,0,0,0,0,0,0,0,0,0,4415339,4416460,1
D,167305,0,0,0,0,0,0,0,0,0,4415339,4416460,1
D,167315,0,0,0,0,0,0,0,0,0,4415339,4416460,1
D,167325,0,0,0,0,0,0,0,0,0,4415339,4416460,1
D,167335,0,0,0,0,0,0,0,0,0,4415339,4416460,1
D,167345,0,0,0,0,0,0,0,0,0,4415339,4416460,1
D,167355,0,0,0,0,0,0,0,0,0,4415339,4416460,1
D,167365,0,0,0,0,0,0,0,0,0,4415339,4416460,1
D,167375,0,0,0,0,0,0,0,0,0,4415339,4416460,1
D,167385,0,0,0,0,0,0,0,0,0,4415339,4416460,1
D,167395,0,0,0,0,0,0,0,0,0,4415339,4416460,1
D,167405,0,0,0,0,0,0,0,0,0,4415339,4416460,1
D,167415,0,0,0,0,0,0,0,0,0,4415339,4416460,1
D,167425,0,0,0,0,0,0,0,0,0,4415339,4416460,1
D,167435,0,0,0,0,0,0,0,0,0,4415339,4416460,1
D,167445,0,0,0,0,0,0,0,0,0,4415339,4416460,1
D,167455,0,0,0,0,0,0,0,0,0,4415339,4416460,1
D,167465,0,0,0,0,0,0,0,0,0,4415339,4416460,1
D,167475,0,0,0,0,0,0,0,0,0,4415339,4416460,1
D,167485,0,0,0,0,0,0,0,0,0,4415339,4416460,1
D,167495,0,0,0,0,0,0,0,0,0,4415339,4416460,1
D,167505,0,0,0,0,0,0,0,0,0,4415339,4416460,1
D,167515,0,0,0,0,0,0,0,0,0,4415339,4416460,1
D,167525,0,0,0,0,0,0,0,0,0,4415339,4416460,1
D,167535,0,0,0,0,0,0,0,0,0,4415339,4416460,1
D,167545,0,0,0,0,0,0,0,0,0,4415339,4416460,1
D,167555,0,0,0,0,0,0,0,0,0,4415339,4416460,1
D,167565,0,0,0,0,0,0,0,0,0,4415339,4416460,1
D,167575,0,0,0,0,0,0,0,0,0,4415339,4416460,1
D,167585,0,0,0,0,0,0,0,0,0,4415339,4416460,1
D,167595,0,0,0,0,0,0,0,0,0,4415339,4416460,1
D,167605,0,0,0,0,0,0,0,0,0,4415339,4416460,1
D,167615,0,0,0,0,0,0,0,0,0,4415339,4416460,1
D,167625,0,0,0,0,0,0,0,0,0,4415339,4416460,1
D,167635,0,0,0,0,0,0,0,0,0,4415339,4416460,1
D,167645,0,0,0,0,0,0,0,0,0,4415339,4416460,1
D,167655,0,0,0,0,0,0,0,0,0,4415339,4416460,1
D,167665,0,0,0,0,0,0,0,0,0,4415339,4416460,1
D,167675,0,0,0,0,0,0,0,0,0,4415339,4416460,1
D,167685,0,0,0,0,0,0,0,0,0,4415339,4416460,1
D,167695,0,0,0,0,0,0,0,0,0,4415339,4416460,1
D,167705,0,0,0,0,0,0,0,0,0,4415339,4416460,1
D,167715,0,0,0,0,0,0,0,0,0,4415339,4416460,1
D,167725,0,0,0,0,0,0,0,0,0,4415339,4416460,1
D,167735,0,0,0,0,0,0,0,0,0,4415339,4416460,1
D,167745,0,0,0,0,0,0,0,0,0,4415339,4416460,1
D,167755,0,0,0,0,0,0,0,0,0,4415339,4416460,1
D,167765,0,0,0,0,0,0,0,0,0,4415339,4416460,1
D,167775,0,0,0,0,0,0,0,0,0,4415339,4416460,1
D,167785,0,0,0,0,0,0,0,0,0,4415339,4416460,1
D,167795,0,0,0,0,0,0,0,0,0,4415339,4416460,1
D,167805,0,0,0,0,0,0,0,0,0,4415339,4416460,1
D,167815,0,0,0,0,0,0,0,0,0,4415339,4416460,1
D,167825,0,0,0,0,0,0,0,0,0,4415339,4416460,1
D,167835,0,0,0,0,0,0,0,0,0,4415339,4416460,1
D,167845,0,0,0,0,0,0,0,0,0,4415339,4416460,1
D,167855,0,0,0,0,0,0,0,0,0,4415339,4416460,1
D,167865,0,0,0,0,0,0,0,0,0,4415339,4416460,1
D,167875,0,0,0,0,0,0,0,0,0,4415339,4416460,1
D,167885,0,0,0,0,0,0,0,0,0,4415339,4416460,1
D,167895,0,0,0,0,0,0,0,0,0,4415339,4416460,1
D,167905,0,0,0,0,0,0,0,0,0,4415339,4416460,1
D,167915,0,0,0,0,0,0,0,0,0,4415339,4416460,1
D,167925,0,0,0,0,0,0,0,0,0,4415339,4416460,1
D,167935,0,0,0,0,0,0,0,0,0,4415339,4416460,1
D,167945,0,0,0,0,0,0,0,0,0,4415339,4416460,1
D,167955,0,0,0,0,0,0,0,0,0,4415339,4416460,1
D,167965,0,0,0,0,0,0,0,0,0,4415339,4416460,1
D,167975,0,0,0,0,0,0,0,0,0,4415339,4416460,1
D,167985,0,0,0,0,0,0,0,0,0,4415339,4416460,1
D,167995,0,0,0,0,0,0,0,0,0,4415339,4416460,1
D,168005,0,0,0,0,0,0,0,0,0,4415339,4416460,1
D,168015,0,0,0,0,0,0,0,0,0,4415339,4416460,1
D,168025,0,0,0,0,0,0,0,0,0,4415339,4416460,1
D,168035,0,0,0,0,0,0,0,0,0,4415339,4416460,1
D,168045,0,0,0,0,0,0,0,0,0,4415339,4416460,1
D,168055,0,0,0,0,0,0,0,0,0,4415339,4416460,1
D,168065,0,0,0,0,0,0,0,0,0,4415339,4416460,1
D,168075,0,0,0,0,0,0,0,0,0,4415339,4416460,1
D,168085,0,0,0,0,0,0,0,0,0,4415339,4416460,1
D,168095,0,0,0,0,0,0,0,0,0,4415339,4416460,1
D,168105,0,0,0,0,0,0,0,0,0,4415339,4416460,1
D,168115,0,0,0,0,0,0,0,0,0,4415339,4416460,1
D,168125,0,0,0,0,0,0,0,0,0,4415339,4416460,1
D,168135,0,0,0,0,0,0,0,0,0,4415339,4416460,1
D,168145,0,0,0,0,0,0,0,0,0,4415339,4416460,1
D,168155,0,0,0,0,0,0,0,0,0,4415339,4416460,1
D,168165,0,0,0,0,0,0,0,0,0,4415339,4416460,1
D,168175,0,0,0,0,0,0,0,0,0,4415339,4416460,1
D,168185,0,0,0,0,0,0,0,0,0,4415339,4416460,1
D,168195,0,0,0,0,0,0,0,0,0,4415339,4416460,1
D,168205,0,0,0,0,0,0,0,0,0,4415339,4416460,1
D,168215,0,0,0,0,0,0,0,0,0,4415339,4416460,1
D,168225,0,0,0,0,0,0,0,0,0,4415339,4416460,1
D,168235,0,0,0,0,0,0,0,0,0,4415339,4416460,1
D,168245,0,0,0,0,0,0,0,0,0,4415339,4416460,1
D,168255,0,0,0,0,0,0,0,0,0,4415339,4416460,1
D,168265,0,0,0,0,0,0,0,0,0,4415339,4416460,1
D,168275,0,0,0,0,0,0,0,0,0,4415339,4416460,1
D,168285,0,0,0,0,0,0,0,0,0,4415339,4416460,1
D,168295,0,0,0,0,0,0,0,0,0,4415339,4416460,1
D,168305,0,0,0,0,0,0,0,0,0,4415339,4416460,1
D,168315,0,0,0,0,0,0,0,0,0,4415339,4416460,1
D,168325,0,0,0,0,0,0,0,0,0,4415339,4416460,1
D,168335,0,0,0,0,0,0,0,0,0,4415339,4416460,1
D,168345,0,0,0,0,0,0,0,0,0,4415339,4416460,1
D,168355,0,0,0,0,0,0,0,0,0,4415339,4416460,1
D,168365,0,0,0,0,0,0,0,0,0,4415339,4416460,1
D,168375,0,0,0,0,0,0,0,0,0,4415339,4416460,1
D,168385,0,0,0,0,0,0,0,0,0,4415339,4416460,1
D,168395,0,0,0,0,0,0,0,0,0,4415339,4416460,1
D,168405,0,0,0,0,0,0,0,0,0,4415339,4416460,1
D,168415,0,0,0,0,0,0,0,0,0,4415339,4416460,1
D,168425,0,0,0,0,0,0,0,0,0,4415339,4416460,1
D,168435,0,0,0,0,0,0,0,0,0,4415339,4416460,1
D,168445,0,0,0,0,0,0,0,0,0,4415339,4416460,1
D,168455,0,0,0,0,0,0,0,0,0,4415339,4416460,1
D,168465,0,0,0,0,0,0,0,0,0,4415339,4416460,1
D,168475,0,0,0,0,0,0,0,0,0,4415339,4416460,1
D,168485,0,0,0,0,0,0,0,0,0,4415339,4416460,1
D,168495,0,0,0,0,0,0,0,0,0,4415339,4416460,1
D,168505,0,0,0,0,0,0,0,0,0,4415339,4416460,1
D,168515,0,0,0,0,0,0,0,0,0,4415339,4416460,1
D,168525,0,0,0,0,0,0,0,0,0,4415339,4416460,1
D,168535,0,0,0,0,0,0,0,0,0,4415339,4416460,1
D,168545,0,0,0,0,0,0,0,0,0,4415339,4416460,1
D,168555,0,0,0,0,0,0,0,0,0,4415339,4416460,1
D,168565,0,0,0,0,0,0,0,0,0,4415339,4416460,1
D,168575,0,0,0,0,0,0,0,0,0,4415339,4416460,1
D,168585,0,0,0,0,0,0,0,0,0,4415339,4416460,1
D,168595,0,0,0,0,0,0,0,0,0,4415339,4416460,1
D,168605,0,0,0,0,0,0,0,0,0,4415339,4416460,1
D,168615,0,0,0,0,0,0,0,0,0,4415339,4416460,1
D,168625,0,0,0,0,0,0,0,0,0,4415339,4416460,1
D,168635,0,0,0,0,0,0,0,0,0,4415339,4416460,1
D,168645,0,0,0,0,0,0,0,0,0,4415339,4416460,1
D,168655,0,0,0,0,0,0,0,0,0,4415339,4416460,1
D,168665,0,0,0,0,0,0,0,0,0,4415339,4416460,1
D,168675,0,0,0,0,0,0,0,0,0,4415339,4416460,1
D,168685,0,0,0,0,0,0,0,0,0,4415339,4416460,1
D,168695,0,0,0,0,0,0,0,0,0,4415339,4416460,1
D,168705,0,0,0,0,0,0,0,0,0,4415339,4416460,1
D,168715,0,0,0,0,0,0,0,0,0,4415339,4416460,1
D,168725,0,0,0,0,0,0,0,0,0,4415339,4416460,1
D,168735,0,0,0,0,0,0,0,0,0,4415339,4416460,1
D,168745,0,0,0,0,0,0,0,0,0,4415339,4416460,1
D,168755,0,0,0,0,0,0,0,0,0,4415339,4416460,1
D,168765,0,0,0,0,0,0,0,0,0,4415339,4416460,1
D,168775,0,0,0,0,0,0,0,0,0,4415339,4416460,1
D,168785,0,0,0,0,0,0,0,0,0,4415339,4416460,1
D,168795,0,0,0,0,0,0,0,0,0,4415339,4416460,1
D,168805,0,0,0,0,0,0,0,0,0,4415339,4416460,1
D,168815,0,0,0,0,0,0,0,0,0,4415339,4416460,1
D,168825,0,0,0,0,0,0,0,0,0,4415339,4416460,1
D,168835,0,0,0,0,0,0,0,0,0,4415339,4416460,1
D,168845,0,0,0,0,0,0,0,0,0,4415339,4416460,1
D,168855,0,0,0,0,0,0,0,0,0,4415339,4416460,1
D,168865,0,0,0,0,0,0,0,0,0,4415339,4416460,1
D,168875,0,0,0,0,0,0,0,0,0,4415339,4416460,1
D,168885,0,0,0,0,0,0,0,0,0,4415339,4416460,1
D,168895,0,0,0,0,0,0,0,0,0,4415339,4416460,1
D,168905,0,0,0,0,0,0,0,0,0,4415339,4416460,1
D,168915,0,0,0,0,0,0,0,0,0,4415339,4416460,1
D,168925,0,0,0,0,0,0,0,0,0,4415339,4416460,1
D,168935,0,0,0,0,0,0,0,0,0,4415339,4416460,1
D,168945,0,0,0,0,0,0,0,0,0,4415339,4416460,1
D,168955,0,0,0,0,0,0,0,0,0,4415339,4416460,1
D,168965,0,0,0,0,0,0,0,0,0,4415339,4416460,1
D,168975,0,0,0,0,0,0,0,0,0,4415339,4416460,1
D,168985,0,0,0,0,0,0,0,0,0,4415339,4416460,1
D,168995,0,0,0,0,0,0,0,0,0,4415339,4416460,1
D,169005,0,0,0,0,0,0,0,0,0,4415339,4416460,1
D,169015,0,0,0,0,0,0,0,0,0,4415339,4416460,1
D,169025,0,0,0,0,0,0,0,0,0,4415339,4416460,1
D,169035,0,0,0,0,0,0,0,0,0,4415339,4416460,1
D,169045,0,0,0,0,0,0,0,0,0,4415339,4416460,1
D,169055,0,0,0,0,0,0,0,0,0,4415339,4416460,1
D,169065,0,0,0,0,0,0,0,0,0,4415339,4416460,1
D,169075,0,0,0,0,0,0,0,0,0,4415339,4416460,1
D,169085,0,0,0,0,0,0,0,0,0,4415339,4416460,1
D,169095,0,0,0,0,0,0,0,0,0,4415339,4416460,1
D,169105,0,0,0,0,0,0,0,0,0,4415339,4416460,1
D,169115,0,0,0,0,0,0,0,0,0,4415339,4416460,1
D,169125,0,0,0,0,0,0,0,0,0,4415339,4416460,1
D,169135,0,0,0,0,0,0,0,0,0,4415339,4416460,1
D,169145,0,0,0,0,0,0,0,0,0,4415339,4416460,1
D,169155,0,0,0,0,0,0,0,0,0,4415339,4416460,1
D,169165,0,0,0,0,0,0,0,0,0,4415339,4416460,1
D,169175,0,0,0,0,0,0,0,0,0,4415339,4416460,1
D,169185,0,0,0,0,0,0,0,0,0,4415339,4416460,1
D,169195,0,0,0,0,0,0,0,0,0,4415339,4416460,1
D,169205,0,0,0,0,0,0,0,0,0,4415339,4416460,1
D,169215,0,0,0,0,0,0,0,0,0,4415339,4416460,1
D,169225,0,0,0,0,0,0,0,0,0,4415339,4416460,1
D,169235,0,0,0,0,0,0,0,0,0,4415339,4416460,1
D,169245,0,0,0,0,0,0,0,0,0,4415339,4416460,1
D,169255,0,0,0,0,0,0,0,0,0,4415339,4416460,1
D,169265,0,0,0,0,0,0,0,0,0,4415339,4416460,1
D,169275,0,0,0,0,0,0,0,0,0,4415339,4416460,1
D,169285,0,0,0,0,0,0,0,0,0,4415339,4416460,1
D,169295,0,0,0,0,0,0,0,0,0,4415339,4416460,1
D,169305,0,0,0,0,0,0,0,0,0,4415339,4416460,1
D,169315,0,0,0,0,0,0,0,0,0,4415339,4416460,1
D,169325,0,0,0,0,0,0,0,0,0,4415339,4416460,1
D,169335,0,0,0,0,0,0,0,0,0,4415339,4416460,1
D,169345,0,0,0,0,0,0,0,0,0,4415339,4416460,1
D,169355,0,0,0,0,0,0,0,0,0,4415339,4416460,1
D,169365,0,0,0,0,0,0,0,0,0,4415339,4416460,1
D,169375,0,0,0,0,0,0,0,0,0,4415339,4416460,1
D,169385,0,0,0,0,0,0,0,0,0,4415339,4416460,1
D,169395,0,0,0,0,0,0,0,0,0,4415339,4416460,1
D,169405,0,0,0,0,0,0,0,0,0,4415339,4416460,1
D,169415,0,0,0,0,0,0,0,0,0,4415339,4416460,1
D,169425,0,0,0,0,0,0,0,0,0,4415339,4416460,1
D,169435,0,0,0,0,0,0,0,0,0,4415339,4416460,1
D,169445,0,0,0,0,0,0,0,0,0,4415339,4416460,1
D,169455,0,0,0,0,0,0,0,0,0,4415339,4416460,1
D,169465,0,0,0,0,0,0,0,0,0,4415339,4416460,1
D,169475,0,0,0,0,0,0,0,0,0,4415339,4416460,1
D,169485,0,0,0,0,0,0,0,0,0,4415339,4416460,1
D,169495,0,0,0,0,0,0,0,0,0,4415339,4416460,1
D,169505,0,0,0,0,0,0,0,0,0,4415339,4416460,1
D,169515,0,0,0,0,0,0,0,0,0,4415339,4416460,1
D,169525,0,0,0,0,0,0,0,0,0,4415339,4416460,1
D,169535,0,0,0,0,0,0,0,0,0,4415339,4416460,1
D,169545,0,0,0,0,0,0,0,0,0,4415339,4416460,1
D,169555,0,0,0,0,0,0,0,0,0,4415339,4416460,1
D,169565,0,0,0,0,0,0,0,0,0,4415339,4416460,1
D,169575,0,0,0,0,0,0,0,0,0,4415339,4416460,1
D,169585,0,0,0,0,0,0,0,0,0,4415339,4416460,1
D,169595,0,0,0,0,0,0,0,0,0,4415339,4416460,1
D,169605,0,0,0,0,0,0,0,0,0,4415339,4416460,1
D,169615,0,0,0,0,0,0,0,0,0,4415339,4416460,1
D,169625,0,0,0,0,0,0,0,0,0,4415339,4416460,1
D,169635,0,0,0,0,0,0,0,0,0,4415339,4416460,1
D,169645,0,0,0,0,0,0,0,0,0,4415339,4416460,1
D,169655,0,0,0,0,0,0,0,0,0,4415339,4416460,1
D,169665,0,0,0,0,0,0,0,0,0,4415339,4416460,1
D,169675,0,0,0,0,0,0,0,0,0,4415339,4416460,1
D,169685,0,0,0,0,0,0,0,0,0,4415339,4416460,1
D,169695,0,0,0,0,0,0,0,0,0,4415339,4416460,1
D,169705,0,0,0,0,0,0,0,0,0,4415339,4416460,1
D,169715,0,0,0,0,0,0,0,0,0,4415339,4416460,1
D,169725,0,0,0,0,0,0,0,0,0,4415339,4416460,1
D,169735,0,0,0,0,0,0,0,0,0,4415339,4416460,1
D,169745,0,0,0,0,0,0,0,0,0,4415339,4416460,1
D,169755,0,0,0,0,0,0,0,0,0,4415339,4416460,1
D,169765,0,0,0,0,0,0,0,0,0,4415339,4416460,1
D,169775,0,0,0,0,0,0,0,0,0,4415339,4416460,1
D,169785,0,0,0,0,0,0,0,0,0,4415339,4416460,1
D,169795,0,0,0,0,0,0,0,0,0,4415339,4416460,1
D,169805,0,0,0,0,0,0,0,0,0,4415339,4416460,1
D,169815,0,0,0,0,0,0,0,0,0,4415339,4416460,1
D,169825,0,0,0,0,0,0,0,0,0,4415339,4416460,1
D,169835,0,0,0,0,0,0,0,0,0,4415339,4416460,1
D,169845,0,0,0,0,0,0,0,0,0,4415339,4416460,1
D,169855,0,0,0,0,0,0,0,0,0,4415339,4416460,1
D,169865,0,0,0,0,0,0,0,0,0,4415339,4416460,1
D,169875,0,0,0,0,0,0,0,0,0,4415339,4416460,1
D,169885,0,0,0,0,0,0,0,0,0,4415339,4416460,1
D,169895,0,0,0,0,0,0,0,0,0,4415339,4416460,1
D,169905,0,0,0,0,0,0,0,0,0,4415339,4416460,1
D,169915,0,0,0,0,0,0,0,0,0,4415339,4416460,1
D,169925,0,0,0,0,0,0,0,0,0,4415339,4416460,1
D,169935,0,0,0,0,0,0,0,0,0,4415339,4416460,1
D,169945,0,0,0,0,0,0,0,0,0,4415339,4416460,1
D,169955,0,0,0,0,0,0,0,0,0,4415339,4416460,1
D,169965,0,0,0,0,0,0,0,0,0,4415339,4416460,1
D,169975,0,0,0,0,0,0,0,0,0,4415339,4416460,1
D,169985,0,0,0,0,0,0,0,0,0,4415339,4416460,1
D,169995,0,0,0,0,0,0,0,0,0,4415339,4416460,1
D,170005,0,0,0,0,0,0,0,0,0,4415339,4416460,1
D,170015,0,0,0,0,0,0,0,0,0,4415339,4416460,1
D,170025,0,0,0,0,0,0,0,0,0,4415339,4416460,1
D,170035,0,0,0,0,0,0,0,0,0,4415339,4416460,1
D,170045,0,0,0,0,0,0,0,0,0,4415339,4416460,1
D,170055,0,0,0,0,0,0,0,0,0,4415339,4416460,1
D,170065,0,0,0,0,0,0,0,0,0,4415339,4416460,1
D,170075,0,0,0,0,0,0,0,0,0,4415339,4416460,1
D,170085,0,0,0,0,0,0,0,0,0,4415339,4416460,1
D,170095,0,0,0,0,0,0,0,0,0,4415339,4416460,1
D,170105,0,0,0,0,0,0,0,0,0,4415339,4416460,1
D,170115,0,0,0,0,0,0,0,0,0,4415339,4416460,1
D,170125,0,0,0,0,0,0,0,0,0,4415339,4416460,1
D,170135,0,0,0,0,0,0,0,0,0,4415339,4416460,1
D,170145,0,0,0,0,0,0,0,0,0,4415339,4416460,1
D,170155,0,0,0,0,0,0,0,0,0,4415339,4416460,1
D,170165,0,0,0,0,0,0,0,0,0,4415339,4416460,1
D,170175,0,0,0,0,0,0,0,0,0,4415339,4416460,1
D,170185,0,0,0,0,0,0,0,0,0,4415339,4416460,1
D,170195,0,0,0,0,0,0,0,0,0,4415339,4416460,1
D,170205,0,0,0,0,0,0,0,0,0,4415339,4416460,1
D,170215,0,0,0,0,0,0,0,0,0,4415339,4416460,1
D,170225,0,0,0,0,0,0,0,0,0,4415339,4416460,1
D,170235,0,0,0,0,0,0,0,0,0,4415339,4416460,1
D,170245,0,0,0,0,0,0,0,0,0,4415339,4416460,1
D,170255,0,0,0,0,0,0,0,0,0,4415339,4416460,1
D,170265,0,0,0,0,0,0,0,0,0,4415339,4416460,1
D,170275,0,0,0,0,0,0,0,0,0,4415339,4416460,1
D,170285,0,0,0,0,0,0,0,0,0,4415339,4416460,1
D,170295,0,0,0,0,0,0,0,0,0,4415339,4416460,1
D,170305,0,0,0,0,0,0,0,0,0,4415339,4416460,1
D,170315,0,0,0,0,0,0,0,0,0,4415339,4416460,1
D,170325,0,0,0,0,0,0,0,0,0,4415339,4416460,1
D,170335,0,0,0,0,0,0,0,0,0,4415339,4416460,1
D,170345,0,0,0,0,0,0,0,0,0,4415339,4416460,1
D,170355,0,0,0,0,0,0,0,0,0,4415339,4416460,1
D,170365,0,0,0,0,0,0,0,0,0,4415339,4416460,1
D,170375,0,0,0,0,0,0,0,0,0,4415339,4416460,1
D,170385,0,0,0,0,0,0,0,0,0,4415339,4416460,1
D,170395,0,0,0,0,0,0,0,0,0,4415339,4416460,1
D,170405,0,0,0,0,0,0,0,0,0,4415339,4416460,1
D,170415,0,0,0,0,0,0,0,0,0,4415339,4416460,1
D,170425,0,0,0,0,0,0,0,0,0,4415339,4416460,1
D,170435,0,0,0,0,0,0,0,0,0,4415339,4416460,1
D,170445,0,0,0,0,0,0,0,0,0,4415339,4416460,1
D,170455,0,0,0,0,0,0,0,0,0,4415339,4416460,1
D,170465,0,0,0,0,0,0,0,0,0,4415339,4416460,1
D,170475,0,0,0,0,0,0,0,0,0,4415339,4416460,1
D,170485,0,0,0,0,0,0,0,0,0,4415339,4416460,1
D,170495,0,0,0,0,0,0,0,0,0,4415339,4416460,1
D,170505,0,0,0,0,0,0,0,0,0,4415339,4416460,1
D,170515,0,0,0,0,0,0,0,0,0,4415339,4416460,1
D,170525,0,0,0,0,0,0,0,0,0,4415339,4416460,1
D,170535,0,0,0,0,0,0,0,0,0,4415339,4416460,1
D,170545,0,0,0,0,0,0,0,0,0,4415339,4416460,1
D,170555,0,0,0,0,0,0,0,0,0,4415339,4416460,1
D,170565,0,0,0,0,0,0,0,0,0,4415339,4416460,1
D,170575,0,0,0,0,0,0,0,0,0,4415339,4416460,1
D,170585,0,0,0,0,0,0,0,0,0,4415339,4416460,1
D,170595,0,0,0,0,0,0,0,0,0,4415339,4416460,1
D,170605,0,0,0,0,0,0,0,0,0,4415339,4416460,1
D,170615,0,0,0,0,0,0,0,0,0,4415339,4416460,1
D,170625,0,0,0,0,0,0,0,0,0,4415339,4416460,1
D,170635,0,0,0,0,0,0,0,0,0,4415339,4416460,1
D,170645,0,0,0,0,0,0,0,0,0,4415339,4416460,1
D,170655,0,0,0,0,0,0,0,0,0,4415339,4416460,1
D,170665,0,0,0,0,0,0,0,0,0,4415339,4416460,1
D,170675,0,0,0,0,0,0,0,0,0,4415339,4416460,1
D,170685,0,0,0,0,0,0,0,0,0,4415339,4416460,1
D,170695,0,0,0,0,0,0,0,0,0,4415339,4416460,1
D,170705,0,0,0,0,0,0,0,0,0,4415339,4416460,1
D,170715,0,0,0,0,0,0,0,0,0,4415339,4416460,1
D,170725,0,0,0,0,0,0,0,0,0,4415339,4416460,1
D,170735,0,0,0,0,0,0,0,0,0,4415339,4416460,1
D,170745,0,0,0,0,0,0,0,0,0,4415339,4416460,1
D,170755,0,0,0,0,0,0,0,0,0,4415339,4416460,1
D,170765,0,0,0,0,0,0,0,0,0,4415339,4416460,1
D,170775,0,0,0,0,0,0,0,0,0,4415339,4416460,1
D,170785,0,0,0,0,0,0,0,0,0,4415339,4416460,1
D,170795,0,0,0,0,0,0,0,0,0,4415339,4416460,1
D,170805,0,0,0,0,0,0,0,0,0,4415339,4416460,1
D,170815,0,0,0,0,0,0,0,0,0,4415339,4416460,1
D,170825,0,0,0,0,0,0,0,0,0,4415339,4416460,1
D,170835,0,0,0,0,0,0,0,0,0,4415339,4416460,1
D,170845,0,0,0,0,0,0,0,0,0,4415339,4416460,1
D,170855,0,0,0,0,0,0,0,0,0,4415339,4416460,1
D,170865,0,0,0,0,0,0,0,0,0,4415339,4416460,1
D,170875,0,0,0,0,0,0,0,0,0,4415339,4416460,1
D,170885,0,0,0,0,0,0,0,0,0,4415339,4416460,1
D,170895,0,0,0,0,0,0,0,0,0,4415339,4416460,1
D,170905,0,0,0,0,0,0,0,0,0,4415339,4416460,1
D,170915,0,0,0,0,0,0,0,0,0,4415339,4416460,1
D,170925,0,0,0,0,0,0,0,0,0,4415339,4416460,1
D,170935,0,0,0,0,0,0,0,0,0,4415339,4416460,1
D,170945,0,0,0,0,0,0,0,0,0,4415339,4416460,1
D,170955,0,0,0,0,0,0,0,0,0,4415339,4416460,1
D,170965,0,0,0,0,0,0,0,0,0,4415339,4416460,1
D,170975,0,0,0,0,0,0,0,0,0,4415339,4416460,1
D,170985,0,0,0,0,0,0,0,0,0,4415339,4416460,1
D,170995,0,0,0,0,0,0,0,0,0,4415339,4416460,1
D,171005,0,0,0,0,0,0,0,0,0,4415339,4416460,1
D,171015,0,0,0,0,0,0,0,0,0,4415339,4416460,1
D,171025,0,0,0,0,0,0,0,0,0,4415339,4416460,1
D,171035,0,0,0,0,0,0,0,0,0,4415339,4416460,1
D,171045,0,0,0,0,0,0,0,0,0,4415339,4416460,1
D,171055,0,0,0,0,0,0,0,0,0,4415339,4416460,1
D,171065,0,0,0,0,0,0,0,0,0,4415339,4416460,1
D,171075,0,0,0,0,0,0,0,0,0,4415339,4416460,1
D,171085,0,0,0,0,0,0,0,0,0,4415339,4416460,1
D,171095,0,0,0,0,0,0,0,0,0,4415339,4416460,1
D,171105,0,0,0,0,0,0,0,0,0,4415339,4416460,1
D,171115,0,0,0,0,0,0,0,0,0,4415339,4416460,1
D,171125,0,0,0,0,0,0,0,0,0,4415339,4416460,1
D,171135,0,0,0,0,0,0,0,0,0,4415339,4416460,1
D,171145,0,0,0,0,0,0,0,0,0,4415339,4416460,1
D,171155,0,0,0,0,0,0,0,0,0,4415339,4416460,1
D,171165,0,0,0,0,0,0,0,0,0,4415339,4416460,1
D,171175,0,0,0,0,0,0,0,0,0,4415339,4416460,1
D,171185,0,0,0,0,0,0,0,0,0,4415339,4416460,1
D,171195,0,0,0,0,0,0,0,0,0,4415339,4416460,1
D,171205,0,0,0,0,0,0,0,0,0,4415339,4416460,1
D,171215,0,0,0,0,0,0,0,0,0,4415339,4416460,1
D,171225,0,0,0,0,0,0,0,0,0,4415339,4416460,1
D,171235,0,0,0,0,0,0,0,0,0,4415339,4416460,1
D,171245,0,0,0,0,0,0,0,0,0,4415339,4416460,1
D,171255,0,0,0,0,0,0,0,0,0,4415339,4416460,1
D,171265,0,0,0,0,0,0,0,0,0,4415339,4416460,1
D,171275,0,0,0,0,0,0,0,0,0,4415339,4416460,1
D,171285,0,0,0,0,0,0,0,0,0,4415339,4416460,1
D,171295,0,0,0,0,0,0,0,0,0,4415339,4416460,1
D,171305,0,0,0,0,0,0,0,0,0,4415339,4416460,1
D,171315,0,0,0,0,0,0,0,0,0,4415339,4416460,1
D,171325,0,0,0,0,0,0,0,0,0,4415339,4416460,1
D,171335,0,0,0,0,0,0,0,0,0,4415339,4416460,1
D,171345,0,0,0,0,0,0,0,0,0,4415339,4416460,1
D,171355,0,0,0,0,0,0,0,0,0,4415339,4416460,1
D,171365,0,0,0,0,0,0,0,0,0,4415339,4416460,1
D,171375,0,0,0,0,0,0,0,0,0,4415339,4416460,1
D,171385,0,0,0,0,0,0,0,0,0,4415339,4416460,1
D,171395,0,0,0,0,0,0,0,0,0,4415339,4416460,1
D,171405,0,0,0,0,0,0,0,0,0,4415339,4416460,1
D,171415,0,0,0,0,0,0,0,0,0,4415339,4416460,1
D,171425,0,0,0,0,0,0,0,0,0,4415339,4416460,1
D,171435,0,0,0,0,0,0,0,0,0,4415339,4416460,1
D,171445,0,0,0,0,0,0,0,0,0,4415339,4416460,1
D,171455,0,0,0,0,0,0,0,0,0,4415339,4416460,1
D,171465,0,0,0,0,0,0,0,0,0,4415339,4416460,1
D,171475,0,0,0,0,0,0,0,0,0,4415339,4416460,1
D,171485,0,0,0,0,0,0,0,0,0,4415339,4416460,1
D,171495,0,0,0,0,0,0,0,0,0,4415339,4416460,1
D,171505,0,0,0,0,0,0,0,0,0,4415339,4416460,1
D,171515,0,0,0,0,0,0,0,0,0,4415339,4416460,1
D,171525,0,0,0,0,0,0,0,0,0,4415339,4416460,1
D,171535,0,0,0,0,0,0,0,0,0,4415339,4416460,1
D,171545,0,0,0,0,0,0,0,0,0,4415339,4416460,1
D,171555,0,0,0,0,0,0,0,0,0,4415339,4416460,1
D,171565,0,0,0,0,0,0,0,0,0,4415339,4416460,1
D,171575,0,0,0,0,0,0,0,0,0,4415339,4416460,1
D,171585,0,0,0,0,0,0,0,0,0,4415339,4416460,1
D,171595,0,0,0,0,0,0,0,0,0,4415339,4416460,1
D,171605,0,0,0,0,0,0,0,0,0,4415339,4416460,1
D,171615,0,0,0,0,0,0,0,0,0,4415339,4416460,1
D,171625,0,0,0,0,0,0,0,0,0,4415339,4416460,1
D,171635,0,0,0,0,0,0,0,0,0,4415339,4416460,1
D,171645,0,0,0,0,0,0,0,0,0,4415339,4416460,1
D,171655,0,0,0,0,0,0,0,0,0,4415339,4416460,1
D,171665,0,0,0,0,0,0,0,0,0,4415339,4416460,1
D,171675,0,0,0,0,0,0,0,0,0,4415339,4416460,1
D,171685,0,0,0,0,0,0,0,0,0,4415339,4416460,1
D,171695,0,0,0,0,0,0,0,0,0,4415339,4416460,1
D,171705,0,0,0,0,0,0,0,0,0,4415339,4416460,1
D,171715,0,0,0,0,0,0,0,0,0,4415339,4416460,1
D,171725,0,0,0,0,0,0,0,0,0,4415339,4416460,1
D,171735,0,0,0,0,0,0,0,0,0,4415339,4416460,1
D,171745,0,0,0,0,0,0,0,0,0,4415339,4416460,1
D,171755,0,0,0,0,0,0,0,0,0,4415339,4416460,1
D,171765,0,0,0,0,0,0,0,0,0,4415339,4416460,1
D,171775,0,0,0,0,0,0,0,0,0,4415339,4416460,1
D,171785,0,0,0,0,0,0,0,0,0,4415339,4416460,1
D,171795,0,0,0,0,0,0,0,0,0,4415339,4416460,1
D,171805,0,0,0,0,0,0,0,0,0,4415339,4416460,1
D,171815,0,0,0,0,0,0,0,0,0,4415339,4416460,1
D,171825,0,0,0,0,0,0,0,0,0,4415339,4416460,1
D,171835,0,0,0,0,0,0,0,0,0,4415339,4416460,1
D,171845,0,0,0,0,0,0,0,0,0,4415339,4416460,1
D,171855,0,0,0,0,0,0,0,0,0,4415339,4416460,1
D,171865,0,0,0,0,0,0,0,0,0,4415339,4416460,1
D,171875,0,0,0,0,0,0,0,0,0,4415339,4416460,1
D,171885,0,0,0,0,0,0,0,0,0,4415339,4416460,1
D,171895,0,0,0,0,0,0,0,0,0,4415339,4416460,1
D,171905,0,0,0,0,0,0,0,0,0,4415339,4416460,1
D,171915,0,0,0,0,0,0,0,0,0,4415339,4416460,1
D,171925,0,0,0,0,0,0,0,0,0,4415339,4416460,1
D,171935,0,0,0,0,0,0,0,0,0,4415339,4416460,1
D,171945,0,0,0,0,0,0,0,0,0,4415339,4416460,1
D,171955,0,0,0,0,0,0,0,0,0,4415339,4416460,1
D,171965,0,0,0,0,0,0,0,0,0,4415339,4416460,1
D,171975,0,0,0,0,0,0,0,0,0,4415339,4416460,1
D,171985,0,0,0,0,0,0,0,0,0,4415339,4416460,1
D,171995,0,0,0,0,0,0,0,0,0,4415339,4416460,1
D,172005,0,0,0,0,0,0,0,0,0,4415339,4416460,1
D,172015,0,0,0,0,0,0,0,0,0,4415339,4416460,1
D,172025,0,0,0,0,0,0,0,0,0,4415339,4416460,1
D,172035,0,0,0,0,0,0,0,0,0,4415339,4416460,1
D,172045,0,0,0,0,0,0,0,0,0,4415339,4416460,1
D,172055,0,0,0,0,0,0,0,0,0,4415339,4416460,1
D,172065,0,0,0,0,0,0,0,0,0,4415339,4416460,1
D,172075,0,0,0,0,0,0,0,0,0,4415339,4416460,1
D,172085,0,0,0,0,0,0,0,0,0,4415339,4416460,1
D,172095,0,0,0,0,0,0,0,0,0,4415339,4416460,1
D,172105,0,0,0,0,0,0,0,0,0,4415339,4416460,1
D,172115,0,0,0,0,0,0,0,0,0,4415339,4416460,1
D,172125,0,0,0,0,0,0,0,0,0,4415339,4416460,1
D,172135,0,0,0,0,0,0,0,0,0,4415339,4416460,1
D,172145,0,0,0,0,0,0,0,0,0,4415339,4416460,1
D,172155,0,0,0,0,0,0,0,0,0,4415339,4416460,1
D,172165,0,0,0,0,0,0,0,0,0,4415339,4416460,1
D,172175,0,0,0,0,0,0,0,0,0,4415339,4416460,1
D,172185,0,0,0,0,0,0,0,0,0,4415339,4416460,1
D,172195,0,0,0,0,0,0,0,0,0,4415339,4416460,1
D,172205,0,0,0,0,0,0,0,0,0,4415339,4416460,1
D,172215,0,0,0,0,0,0,0,0,0,4415339,4416460,1
D,172225,0,0,0,0,0,0,0,0,0,4415339,4416460,1
D,172235,0,0,0,0,0,0,0,0,0,4415339,4416460,1
D,172245,0,0,0,0,0,0,0,0,0,4415339,4416460,1
D,172255,0,0,0,0,0,0,0,0,0,4415339,4416460,1
D,172265,0,0,0,0,0,0,0,0,0,4415339,4416460,1
D,172275,0,0,0,0,0,0,0,0,0,4415339,4416460,1
D,172285,0,0,0,0,0,0,0,0,0,4415339,4416460,1
D,172295,0,0,0,0,0,0,0,0,0,4415339,4416460,1
D,172305,0,0,0,0,0,0,0,0,0,4415339,4416460,1
D,172315,0,0,0,0,0,0,0,0,0,4415339,4416460,1
D,172325,0,0,0,0,0,0,0,0,0,4415339,4416460,1
D,172335,0,0,0,0,0,0,0,0,0,4415339,4416460,1
D,172345,0,0,0,0,0,0,0,0,0,4415339,4416460,1
D,172355,0,0,0,0,0,0,0,0,0,4415339,4416460,1
D,172365,0,0,0,0,0,0,0,0,0,4415339,4416460,1
D,172375,0,0,0,0,0,0,0,0,0,4415339,4416460,1
D,172385,0,0,0,0,0,0,0,0,0,4415339,4416460,1
D,172395,0,0,0,0,0,0,0,0,0,4415339,4416460,1
D,172405,0,0,0,0,0,0,0,0,0,4415339,4416460,1
D,172415,0,0,0,0,0,0,0,0,0,4415339,4416460,1
D,172425,0,0,0,0,0,0,0,0,0,4415339,4416460,1
D,172435,0,0,0,0,0,0,0,0,0,4415339,4416460,1
D,172445,0,0,0,0,0,0,0,0,0,4415339,4416460,1
D,172455,0,0,0,0,0,0,0,0,0,4415339,4416460,1
D,172465,0,0,0,0,0,0,0,0,0,4415339,4416460,1
D,172475,0,0,0,0,0,0,0,0,0,4415339,4416460,1
D,172485,0,0,0,0,0,0,0,0,0,4415339,4416460,1
D,172495,0,0,0,0,0,0,0,0,0,4415339,4416460,1
D,172505,0,0,0,0,0,0,0,0,0,4415339,4416460,1
D,172515,0,0,0,0,0,0,0,0,0,4415339,4416460,1
D,172525,0,0,0,0,0,0,0,0,0,4415339,4416460,1
D,172535,0,0,0,0,0,0,0,0,0,4415339,4416460,1
D,172545,0,0,0,0,0,0,0,0,0,4415339,4416460,1
D,172555,0,0,0,0,0,0,0,0,0,4415339,4416460,1
D,172565,0,0,0,0,0,0,0,0,0,4415339,4416460,1
D,172575,0,0,0,0,0,0,0,0,0,4415339,4416460,1
D,172585,0,0,0,0,0,0,0,0,0,4415339,4416460,1
D,172595,0,0,0,0,0,0,0,0,0,4415339,4416460,1
D,172605,0,0,0,0,0,0,0,0,0,4415339,4416460,1
D,172615,0,0,0,0,0,0,0,0,0,4415339,4416460,1
D,172625,0,0,0,0,0,0,0,0,0,4415339,4416460,1
D,172635,0,0,0,0,0,0,0,0,0,4415339,4416460,1
D,172645,0,0,0,0,0,0,0,0,0,4415339,4416460,1
D,172655,0,0,0,0,0,0,0,0,0,4415339,4416460,1
D,172665,0,0,0,0,0,0,0,0,0,4415339,4416460,1
D,172675,0,0,0,0,0,0,0,0,0,4415339,4416460,1
D,172685,0,0,0,0,0,0,0,0,0,4415339,4416460,1
D,172695,0,0,0,0,0,0,0,0,0,4415339,4416460,1
D,172705,0,0,0,0,0,0,0,0,0,4415339,4416460,1
D,172715,0,0,0,0,0,0,0,0,0,4415339,4416460,1
D,172725,0,0,0,0,0,0,0,0,0,4415339,4416460,1
D,172735,0,0,0,0,0,0,0,0,0,4415339,4416460,1
D,172745,0,0,0,0,0,0,0,0,0,4415339,4416460,1
D,172755,0,0,0,0,0,0,0,0,0,4415339,4416460,1
D,172765,0,0,0,0,0,0,0,0,0,4415339,4416460,1
D,172775,0,0,0,0,0,0,0,0,0,4415339,4416460,1
D,172785,0,0,0,0,0,0,0,0,0,4415339,4416460,1
D,172795,0,0,0,0,0,0,0,0,0,4415339,4416460,1
D,172805,0,0,0,0,0,0,0,0,0,4415339,4416460,1
D,172815,0,0,0,0,0,0,0,0,0,4415339,4416460,1
D,172825,0,0,0,0,0,0,0,0,0,4415339,4416460,1
D,172835,0,0,0,0,0,0,0,0,0,4415339,4416460,1
D,172845,0,0,0,0,0,0,0,0,0,4415339,4416460,1
D,172855,0,0,0,0,0,0,0,0,0,4415339,4416460,1
D,172865,0,0,0,0,0,0,0,0,0,4415339,4416460,1
D,172875,0,0,0,0,0,0,0,0,0,4415339,4416460,1
D,172885,0,0,0,0,0,0,0,0,0,4415339,4416460,1
D,172895,0,0,0,0,0,0,0,0,0,4415339,4416460,1
D,172905,0,0,0,0,0,0,0,0,0,4415339,4416460,1
D,172915,0,0,0,0,0,0,0,0,0,4415339,4416460,1
D,172925,0,0,0,0,0,0,0,0,0,4415339,4416460,1
D,172935,0,0,0,0,0,0,0,0,0,4415339,4416460,1
D,172945,0,0,0,0,0,0,0,0,0,4415339,4416460,1
D,172955,0,0,0,0,0,0,0,0,0,4415339,4416460,1
D,172965,0,0,0,0,0,0,0,0,0,4415339,4416460,1
D,172975,0,0,0,0,0,0,0,0,0,4415339,4416460,1
D,172985,0,0,0,0,0,0,0,0,0,4415339,4416460,1
D,172995,0,0,0,0,0,0,0,0,0,4415339,4416460,1
D,173005,0,0,0,0,0,0,0,0,0,4415339,4416460,1
D,173015,0,0,0,0,0,0,0,0,0,4415339,4416460,1
D,173025,0,0,0,0,0,0,0,0,0,4415339,4416460,1
D,173035,0,0,0,0,0,0,0,0,0,4415339,4416460,1
D,173045,0,0,0,0,0,0,0,0,0,4415339,4416460,1
D,173055,0,0,0,0,0,0,0,0,0,4415339,4416460,1
D,173065,0,0,0,0,0,0,0,0,0,4415339,4416460,1
D,173075,0,0,0,0,0,0,0,0,0,4415339,4416460,1
D,173085,0,0,0,0,0,0,0,0,0,4415339,4416460,1
D,173095,0,0,0,0,0,0,0,0,0,4415339,4416460,1
D,173105,0,0,0,0,0,0,0,0,0,4415339,4416460,1
D,173115,0,0,0,0,0,0,0,0,0,4415339,4416460,1
D,173125,0,0,0,0,0,0,0,0,0,4415339,4416460,1
D,173135,0,0,0,0,0,0,0,0,0,4415339,4416460,1
D,173145,0,0,0,0,0,0,0,0,0,4415339,4416460,1
D,173155,0,0,0,0,0,0,0,0,0,4415339,4416460,1
D,173165,0,0,0,0,0,0,0,0,0,4415339,4416460,1
D,173175,0,0,0,0,0,0,0,0,0,4415339,4416460,1
D,173185,0,0,0,0,0,0,0,0,0,4415339,4416460,1
D,173195,0,0,0,0,0,0,0,0,0,4415339,4416460,1
D,173205,0,0,0,0,0,0,0,0,0,4415339,4416460,1
D,173215,0,0,0,0,0,0,0,0,0,4415339,4416460,1
D,173225,0,0,0,0,0,0,0,0,0,4415339,4416460,1
D,173235,0,0,0,0,0,0,0,0,0,4415339,4416460,1
D,173245,0,0,0,0,0,0,0,0,0,4415339,4416460,1
D,173255,0,0,0,0,0,0,0,0,0,4415339,4416460,1
D,173265,0,0,0,0,0,0,0,0,0,4415339,4416460,1
D,173275,0,0,0,0,0,0,0,0,0,4415339,4416460,1
D,173285,0,0,0,0,0,0,0,0,0,4415339,4416460,1
D,173295,0,0,0,0,0,0,0,0,0,4415339,4416460,1
D,173305,0,0,0,0,0,0,0,0,0,4415339,4416460,1
D,173315,0,0,0,0,0,0,0,0,0,4415339,4416460,1
D,173325,0,0,0,0,0,0,0,0,0,4415339,4416460,1
D,173335,0,0,0,0,0,0,0,0,0,4415339,4416460,1
D,173345,0,0,0,0,0,0,0,0,0,4415339,4416460,1
D,173355,0,0,0,0,0,0,0,0,0,4415339,4416460,1
D,173365,0,0,0,0,0,0,0,0,0,4415339,4416460,1
D,173375,0,0,0,0,0,0,0,0,0,4415339,4416460,1
D,173385,0,0,0,0,0,0,0,0,0,4415339,4416460,1
D,173395,0,0,0,0,0,0,0,0,0,4415339,4416460,1
D,173405,0,0,0,0,0,0,0,0,0,4415339,4416460,1
D,173415,0,0,0,0,0,0,0,0,0,4415339,4416460,1
D,173425,0,0,0,0,0,0,0,0,0,4415339,4416460,1
D,173435,0,0,0,0,0,0,0,0,0,4415339,4416460,1
D,173445,0,0,0,0,0,0,0,0,0,4415339,4416460,1
D,173455,0,0,0,0,0,0,0,0,0,4415339,4416460,1
D,173465,0,0,0,0,0,0,0,0,0,4415339,4416460,1
D,173475,0,0,0,0,0,0,0,0,0,4415339,4416460,1
D,173485,0,0,0,0,0,0,0,0,0,4415339,4416460,1
D,173495,0,0,0,0,0,0,0,0,0,4415339,4416460,1
D,173505,0,0,0,0,0,0,0,0,0,4415339,4416460,1
D,173515,0,0,0,0,0,0,0,0,0,4415339,4416460,1
D,173525,0,0,0,0,0,0,0,0,0,4415339,4416460,1
D,173535,0,0,0,0,0,0,0,0,0,4415339,4416460,1
D,173545,0,0,0,0,0,0,0,0,0,4415339,4416460,1
D,173555,0,0,0,0,0,0,0,0,0,4415339,4416460,1
D,173565,0,0,0,0,0,0,0,0,0,4415339,4416460,1
D,173575,0,0,0,0,0,0,0,0,0,4415339,4416460,1
D,173585,0,0,0,0,0,0,0,0,0,4415339,4416460,1
D,173595,0,0,0,0,0,0,0,0,0,4415339,4416460,1
D,173605,0,0,0,0,0,0,0,0,0,4415339,4416460,1
D,173615,0,0,0,0,0,0,0,0,0,4415339,4416460,1
D,173625,0,0,0,0,0,0,0,0,0,4415339,4416460,1
D,173635,0,0,0,0,0,0,0,0,0,4415339,4416460,1
D,173645,0,0,0,0,0,0,0,0,0,4415339,4416460,1
D,173655,0,0,0,0,0,0,0,0,0,4415339,4416460,1
D,173665,0,0,0,0,0,0,0,0,0,4415339,4416460,1
D,173675,0,0,0,0,0,0,0,0,0,4415339,4416460,1
D,173685,0,0,0,0,0,0,0,0,0,4415339,4416460,1
D,173695,0,0,0,0,0,0,0,0,0,4415339,4416460,1
D,173705,0,0,0,0,0,0,0,0,0,4415339,4416460,1
D,173715,0,0,0,0,0,0,0,0,0,4415339,4416460,1
D,173725,0,0,0,0,0,0,0,0,0,4415339,4416460,1
D,173735,0,0,0,0,0,0,0,0,0,4415339,4416460,1
D,173745,0,0,0,0,0,0,0,0,0,4415339,4416460,1
D,173755,0,0,0,0,0,0,0,0,0,4415339,4416460,1
D,173765,0,0,0,0,0,0,0,0,0,4415339,4416460,1
D,173775,0,0,0,0,0,0,0,0,0,4415339,4416460,1
D,173785,0,0,0,0,0,0,0,0,0,4415339,4416460,1
D,173795,0,0,0,0,0,0,0,0,0,4415339,4416460,1
D,173805,0,0,0,0,0,0,0,0,0,4415339,4416460,1
D,173815,0,0,0,0,0,0,0,0,0,4415339,4416460,1
D,173825,0,0,0,0,0,0,0,0,0,4415339,4416460,1
D,173835,0,0,0,0,0,0,0,0,0,4415339,4416460,1
D,173845,0,0,0,0,0,0,0,0,0,4415339,4416460,1
D,173855,0,0,0,0,0,0,0,0,0,4415339,4416460,1
D,173865,0,0,0,0,0,0,0,0,0,4415339,4416460,1
D,173875,0,0,0,0,0,0,0,0,0,4415339,4416460,1
D,173885,0,0,0,0,0,0,0,0,0,4415339,4416460,1
D,173895,0,0,0,0,0,0,0,0,0,4415339,4416460,1
D,173905,0,0,0,0,0,0,0,0,0,4415339,4416460,1
D,173915,0,0,0,0,0,0,0,0,0,4415339,4416460,1
D,173925,0,0,0,0,0,0,0,0,0,4415339,4416460,1
D,173935,0,0,0,0,0,0,0,0,0,4415339,4416460,1
D,173945,0,0,0,0,0,0,0,0,0,4415339,4416460,1
D,173955,0,0,0,0,0,0,0,0,0,4415339,4416460,1
D,173965,0,0,0,0,0,0,0,0,0,4415339,4416460,1
D,173975,0,0,0,0,0,0,0,0,0,4415339,4416460,1
D,173985,0,0,0,0,0,0,0,0,0,4415339,4416460,1
D,173995,0,0,0,0,0,0,0,0,0,4415339,4416460,1
D,174005,0,0,0,0,0,0,0,0,0,4415339,4416460,1
D,174015,0,0,0,0,0,0,0,0,0,4415339,4416460,1
D,174025,0,0,0,0,0,0,0,0,0,4415339,4416460,1
D,174035,0,0,0,0,0,0,0,0,0,4415339,4416460,1
D,174045,0,0,0,0,0,0,0,0,0,4415339,4416460,1
D,174055,0,0,0,0,0,0,0,0,0,4415339,4416460,1
D,174065,0,0,0,0,0,0,0,0,0,4415339,4416460,1
D,174075,0,0,0,0,0,0,0,0,0,4415339,4416460,1
D,174085,0,0,0,0,0,0,0,0,0,4415339,4416460,1
D,174095,0,0,0,0,0,0,0,0,0,4415339,4416460,1
D,174105,0,0,0,0,0,0,0,0,0,4415339,4416460,1
D,174115,0,0,0,0,0,0,0,0,0,4415339,4416460,1
D,174125,0,0,0,0,0,0,0,0,0,4415339,4416460,1
D,174135,0,0,0,0,0,0,0,0,0,4415339,4416460,1
D,174145,0,0,0,0,0,0,0,0,0,4415339,4416460,1
D,174155,0,0,0,0,0,0,0,0,0,4415339,4416460,1
D,174165,0,0,0,0,0,0,0,0,0,4415339,4416460,1
D,174175,0,0,0,0,0,0,0,0,0,4415339,4416460,1
D,174185,0,0,0,0,0,0,0,0,0,4415339,4416460,1
D,174195,0,0,0,0,0,0,0,0,0,4415339,4416460,1
D,174205,0,0,0,0,0,0,0,0,0,4415339,4416460,1
D,174215,0,0,0,0,0,0,0,0,0,4415339,4416460,1
D,174225,0,0,0,0,0,0,0,0,0,4415339,4416460,1
D,174235,0,0,0,0,0,0,0,0,0,4415339,4416460,1
D,174245,0,0,0,0,0,0,0,0,0,4415339,4416460,1
D,174255,0,0,0,0,0,0,0,0,0,4415339,4416460,1
D,174265,0,0,0,0,0,0,0,0,0,4415339,4416460,1
D,174275,0,0,0,0,0,0,0,0,0,4415339,4416460,1
D,174285,0,0,0,0,0,0,0,0,0,4415339,4416460,1
D,174295,0,0,0,0,0,0,0,0,0,4415339,4416460,1
D,174305,0,0,0,0,0,0,0,0,0,4415339,4416460,1
D,174315,0,0,0,0,0,0,0,0,0,4415339,4416460,1
D,174325,0,0,0,0,0,0,0,0,0,4415339,4416460,1
D,174335,0,0,0,0,0,0,0,0,0,4415339,4416460,1
D,174345,0,0,0,0,0,0,0,0,0,4415339,4416460,1
D,174355,0,0,0,0,0,0,0,0,0,4415339,4416460,1
D,174365,0,0,0,0,0,0,0,0,0,4415339,4416460,1
D,174375,0,0,0,0,0,0,0,0,0,4415339,4416460,1
D,174385,0,0,0,0,0,0,0,0,0,4415339,4416460,1
D,174395,0,0,0,0,0,0,0,0,0,4415339,4416460,1
D,174405,0,0,0,0,0,0,0,0,0,4415339,4416460,1
D,174415,0,0,0,0,0,0,0,0,0,4415339,4416460,1
D,174425,0,0,0,0,0,0,0,0,0,4415339,4416460,1
D,174435,0,0,0,0,0,0,0,0,0,4415339,4416460,1
D,174445,0,0,0,0,0,0,0,0,0,4415339,4416460,1
D,174455,0,0,0,0,0,0,0,0,0,4415339,4416460,1
D,174465,0,0,0,0,0,0,0,0,0,4415339,4416460,1
D,174475,0,0,0,0,0,0,0,0,0,4415339,4416460,1
D,174485,0,0,0,0,0,0,0,0,0,4415339,4416460,1
D,174495,0,0,0,0,0,0,0,0,0,4415339,4416460,1
D,174505,0,0,0,0,0,0,0,0,0,4415339,4416460,1
D,174515,0,0,0,0,0,0,0,0,0,4415339,4416460,1
D,174525,0,0,0,0,0,0,0,0,0,4415339,4416460,1
D,174535,0,0,0,0,0,0,0,0,0,4415339,4416460,1
D,174545,0,0,0,0,0,0,0,0,0,4415339,4416460,1
D,174555,0,0,0,0,0,0,0,0,0,4415339,4416460,1
D,174565,0,0,0,0,0,0,0,0,0,4415339,4416460,1
D,174575,0,0,0,0,0,0,0,0,0,4415339,4416460,1
D,174585,0,0,0,0,0,0,0,0,0,4415339,4416460,1
D,174595,0,0,0,0,0,0,0,0,0,4415339,4416460,1
D,174605,0,0,0,0,0,0,0,0,0,4415339,4416460,1
D,174615,0,0,0,0,0,0,0,0,0,4415339,4416460,1
D,174625,0,0,0,0,0,0,0,0,0,4415339,4416460,1
D,174635,0,0,0,0,0,0,0,0,0,4415339,4416460,1
D,174645,0,0,0,0,0,0,0,0,0,4415339,4416460,1
D,174655,0,0,0,0,0,0,0,0,0,4415339,4416460,1
D,174665,0,0,0,0,0,0,0,0,0,4415339,4416460,1
D,174675,0,0,0,0,0,0,0,0,0,4415339,4416460,1
D,174685,0,0,0,0,0,0,0,0,0,4415339,4416460,1
D,174695,0,0,0,0,0,0,0,0,0,4415339,4416460,1
D,174705,0,0,0,0,0,0,0,0,0,4415339,4416460,1
D,174715,0,0,0,0,0,0,0,0,0,4415339,4416460,1
D,174725,0,0,0,0,0,0,0,0,0,4415339,4416460,1
D,174735,0,0,0,0,0,0,0,0,0,4415339,4416460,1
D,174745,0,0,0,0,0,0,0,0,0,4415339,4416460,1
D,174755,0,0,0,0,0,0,0,0,0,4415339,4416460,1
D,174765,0,0,0,0,0,0,0,0,0,4415339,4416460,1
D,174775,0,0,0,0,0,0,0,0,0,4415339,4416460,1
D,174785,0,0,0,0,0,0,0,0,0,4415339,4416460,1
D,174795,0,0,0,0,0,0,0,0,0,4415339,4416460,1
D,174805,0,0,0,0,0,0,0,0,0,4415339,4416460,1
D,174815,0,0,0,0,0,0,0,0,0,4415339,4416460,1
D,174825,0,0,0,0,0,0,0,0,0,4415339,4416460,1
D,174835,0,0,0,0,0,0,0,0,0,4415339,4416460,1
D,174845,0,0,0,0,0,0,0,0,0,4415339,4416460,1
D,174855,0,0,0,0,0,0,0,0,0,4415339,4416460,1
D,174865,0,0,0,0,0,0,0,0,0,4415339,4416460,1
D,174875,0,0,0,0,0,0,0,0,0,4415339,4416460,1
D,174885,0,0,0,0,0,0,0,0,0,4415339,4416460,1
D,174895,0,0,0,0,0,0,0,0,0,4415339,4416460,1
D,174905,0,0,0,0,0,0,0,0,0,4415339,4416460,1
D,174915,0,0,0,0,0,0,0,0,0,4415339,4416460,1
D,174925,0,0,0,0,0,0,0,0,0,4415339,4416460,1
D,174935,0,0,0,0,0,0,0,0,0,4415339,4416460,1
D,174945,0,0,0,0,0,0,0,0,0,4415339,4416460,1
D,174955,0,0,0,0,0,0,0,0,0,4415339,4416460,1
D,174965,0,0,0,0,0,0,0,0,0,4415339,4416460,1
D,174975,0,0,0,0,0,0,0,0,0,4415339,4416460,1
D,174985,0,0,0,0,0,0,0,0,0,4415339,4416460,1
D,174995,0,0,0,0,0,0,0,0,0,4415339,4416460,1
D,175005,0,0,0,0,0,0,0,0,0,4415339,4416460,1
D,175015,0,0,0,0,0,0,0,0,0,4415339,4416460,1
D,175025,0,0,0,0,0,0,0,0,0,4415339,4416460,1
D,175035,0,0,0,0,0,0,0,0,0,4415339,4416460,1
D,175045,0,0,0,0,0,0,0,0,0,4415339,4416460,1
D,175055,0,0,0,0,0,0,0,0,0,4415339,4416460,1
D,175065,0,0,0,0,0,0,0,0,0,4415339,4416460,1
D,175075,0,0,0,0,0,0,0,0,0,4415339,4416460,1
D,175085,0,0,0,0,0,0,0,0,0,4415339,4416460,1
D,175095,0,0,0,0,0,0,0,0,0,4415339,4416460,1
D,175105,0,0,0,0,0,0,0,0,0,4415339,4416460,1
D,175115,0,0,0,0,0,0,0,0,0,4415339,4416460,1
D,175125,0,0,0,0,0,0,0,0,0,4415339,4416460,1
D,175135,0,0,0,0,0,0,0,0,0,4415339,4416460,1
D,175145,0,0,0,0,0,0,0,0,0,4415339,4416460,1
D,175155,0,0,0,0,0,0,0,0,0,4415339,4416460,1
D,175165,0,0,0,0,0,0,0,0,0,4415339,4416460,1
D,175175,0,0,0,0,0,0,0,0,0,4415339,4416460,1
D,175185,0,0,0,0,0,0,0,0,0,4415339,4416460,1
D,175195,0,0,0,0,0,0,0,0,0,4415339,4416460,1
D,175205,0,0,0,0,0,0,0,0,0,4415339,4416460,1
D,175215,0,0,0,0,0,0,0,0,0,4415339,4416460,1
D,175225,0,0,0,0,0,0,0,0,0,4415339,4416460,1
D,175235,0,0,0,0,0,0,0,0,0,4415339,4416460,1
D,175245,0,0,0,0,0,0,0,0,0,4415339,4416460,1
D,175255,0,0,0,0,0,0,0,0,0,4415339,4416460,1
D,175265,0,0,0,0,0,0,0,0,0,4415339,4416460,1
D,175275,0,0,0,0,0,0,0,0,0,4415339,4416460,1
D,175285,0,0,0,0,0,0,0,0,0,4415339,4416460,1
D,175295,0,0,0,0,0,0,0,0,0,4415339,4416460,1
D,175305,0,0,0,0,0,0,0,0,0,4415339,4416460,1
D,175315,0,0,0,0,0,0,0,0,0,4415339,4416460,1
D,175325,0,0,0,0,0,0,0,0,0,4415339,4416460,1
D,175335,0,0,0,0,0,0,0,0,0,4415339,4416460,1
D,175345,0,0,0,0,0,0,0,0,0,4415339,4416460,1
D,175355,0,0,0,0,0,0,0,0,0,4415339,4416460,1
D,175365,0,0,0,0,0,0,0,0,0,4415339,4416460,1
D,175375,0,0,0,0,0,0,0,0,0,4415339,4416460,1
D,175385,0,0,0,0,0,0,0,0,0,4415339,4416460,1
D,175395,0,0,0,0,0,0,0,0,0,4415339,4416460,1
D,175405,0,0,0,0,0,0,0,0,0,4415339,4416460,1
D,175415,0,0,0,0,0,0,0,0,0,4415339,4416460,1
D,175425,0,0,0,0,0,0,0,0,0,4415339,4416460,1
D,175435,0,0,0,0,0,0,0,0,0,4415339,4416460,1
D,175445,0,0,0,0,0,0,0,0,0,4415339,4416460,1
D,175455,0,0,0,0,0,0,0,0,0,4415339,4416460,1
D,175465,0,0,0,0,0,0,0,0,0,4415339,4416460,1
D,175475,0,0,0,0,0,0,0,0,0,4415339,4416460,1
D,175485,0,0,0,0,0,0,0,0,0,4415339,4416460,1
D,175495,0,0,0,0,0,0,0,0,0,4415339,4416460,1
D,175505,0,0,0,0,0,0,0,0,0,4415339,4416460,1
D,175515,0,0,0,0,0,0,0,0,0,4415339,4416460,1
D,175525,0,0,0,0,0,0,0,0,0,4415339,4416460,1
D,175535,0,0,0,0,0,0,0,0,0,4415339,4416460,1
D,175545,0,0,0,0,0,0,0,0,0,4415339,4416460,1
D,175555,0,0,0,0,0,0,0,0,0,4415339,4416460,1
D,175565,0,0,0,0,0,0,0,0,0,4415339,4416460,1
D,175575,0,0,0,0,0,0,0,0,0,4415339,4416460,1
D,175585,0,0,0,0,0,0,0,0,0,4415339,4416460,1
D,175595,0,0,0,0,0,0,0,0,0,4415339,4416460,1
D,175605,0,0,0,0,0,0,0,0,0,4415339,4416460,1
D,175615,0,0,0,0,0,0,0,0,0,4415339,4416460,1
D,175625,0,0,0,0,0,0,0,0,0,4415339,4416460,1
D,175635,0,0,0,0,0,0,0,0,0,4415339,4416460,1
D,175645,0,0,0,0,0,0,0,0,0,4415339,4416460,1
D,175655,0,0,0,0,0,0,0,0,0,4415339,4416460,1
D,175665,0,0,0,0,0,0,0,0,0,4415339,4416460,1
D,175675,0,0,0,0,0,0,0,0,0,4415339,4416460,1
D,175685,0,0,0,0,0,0,0,0,0,4415339,4416460,1
D,175695,0,0,0,0,0,0,0,0,0,4415339,4416460,1
D,175705,0,0,0,0,0,0,0,0,0,4415339,4416460,1
D,175715,0,0,0,0,0,0,0,0,0,4415339,4416460,1
D,175725,0,0,0,0,0,0,0,0,0,4415339,4416460,1
D,175735,0,0,0,0,0,0,0,0,0,4415339,4416460,1
D,175745,0,0,0,0,0,0,0,0,0,4415339,4416460,1
D,175755,0,0,0,0,0,0,0,0,0,4415339,4416460,1
D,175765,0,0,0,0,0,0,0,0,0,4415339,4416460,1
D,175775,0,0,0,0,0,0,0,0,0,4415339,4416460,1
D,175785,0,0,0,0,0,0,0,0,0,4415339,4416460,1
D,175795,0,0,0,0,0,0,0,0,0,4415339,4416460,1
D,175805,0,0,0,0,0,0,0,0,0,4415339,4416460,1
D,175815,0,0,0,0,0,0,0,0,0,4415339,4416460,1
D,175825,0,0,0,0,0,0,0,0,0,4415339,4416460,1
D,175835,0,0,0,0,0,0,0,0,0,4415339,4416460,1
D,175845,0,0,0,0,0,0,0,0,0,4415339,4416460,1
D,175855,0,0,0,0,0,0,0,0,0,4415339,4416460,1
D,175865,0,0,0,0,0,0,0,0,0,4415339,4416460,1
D,175875,0,0,0,0,0,0,0,0,0,4415339,4416460,1
D,175885,0,0,0,0,0,0,0,0,0,4415339,4416460,1
D,175895,0,0,0,0,0,0,0,0,0,4415339,4416460,1
D,175905,0,0,0,0,0,0,0,0,0,4415339,4416460,1
D,175915,0,0,0,0,0,0,0,0,0,4415339,4416460,1
D,175925,0,0,0,0,0,0,0,0,0,4415339,4416460,1
D,175935,0,0,0,0,0,0,0,0,0,4415339,4416460,1
D,175945,0,0,0,0,0,0,0,0,0,4415339,4416460,1
D,175955,0,0,0,0,0,0,0,0,0,4415339,4416460,1
D,175965,0,0,0,0,0,0,0,0,0,4415339,4416460,1
D,175975,0,0,0,0,0,0,0,0,0,4415339,4416460,1
D,175985,0,0,0,0,0,0,0,0,0,4415339,4416460,1
D,175995,0,0,0,0,0,0,0,0,0,4415339,4416460,1
D,176005,0,0,0,0,0,0,0,0,0,4415339,4416460,1
D,176015,0,0,0,0,0,0,0,0,0,4415339,4416460,1
D,176025,0,0,0,0,0,0,0,0,0,4415339,4416460,1
D,176035,0,0,0,0,0,0,0,0,0,4415339,4416460,1
D,176045,0,0,0,0,0,0,0,0,0,4415339,4416460,1
D,176055,0,0,0,0,0,0,0,0,0,4415339,4416460,1
D,176065,0,0,0,0,0,0,0,0,0,4415339,4416460,1
D,176075,0,0,0,0,0,0,0,0,0,4415339,4416460,1
D,176085,0,0,0,0,0,0,0,0,0,4415339,4416460,1
D,176095,0,0,0,0,0,0,0,0,0,4415339,4416460,1
D,176105,0,0,0,0,0,0,0,0,0,4415339,4416460,1
D,176115,0,0,0,0,0,0,0,0,0,4415339,4416460,1
D,176125,0,0,0,0,0,0,0,0,0,4415339,4416460,1
D,176135,0,0,0,0,0,0,0,0,0,4415339,4416460,1
D,176145,0,0,0,0,0,0,0,0,0,4415339,4416460,1
D,176155,0,0,0,0,0,0,0,0,0,4415339,4416460,1
D,176165,0,0,0,0,0,0,0,0,0,4415339,4416460,1
D,176175,0,0,0,0,0,0,0,0,0,4415339,4416460,1
D,176185,0,0,0,0,0,0,0,0,0,4415339,4416460,1
D,176195,0,0,0,0,0,0,0,0,0,4415339,4416460,1
D,176205,0,0,0,0,0,0,0,0,0,4415339,4416460,1
D,176215,0,0,0,0,0,0,0,0,0,4415339,4416460,1
D,176225,0,0,0,0,0,0,0,0,0,4415339,4416460,1
D,176235,0,0,0,0,0,0,0,0,0,4415339,4416460,1
D,176245,0,0,0,0,0,0,0,0,0,4415339,4416460,1
D,176255,0,0,0,0,0,0,0,0,0,4415339,4416460,1
D,176265,0,0,0,0,0,0,0,0,0,4415339,4416460,1
D,176275,0,0,0,0,0,0,0,0,0,4415339,4416460,1
D,176285,0,0,0,0,0,0,0,0,0,4415339,4416460,1
D,176295,0,0,0,0,0,0,0,0,0,4415339,4416460,1
D,176305,0,0,0,0,0,0,0,0,0,4415339,4416460,1
D,176315,0,0,0,0,0,0,0,0,0,4415339,4416460,1
D,176325,0,0,0,0,0,0,0,0,0,4415339,4416460,1
D,176335,0,0,0,0,0,0,0,0,0,4415339,4416460,1
D,176345,0,0,0,0,0,0,0,0,0,4415339,4416460,1
D,176355,0,0,0,0,0,0,0,0,0,4415339,4416460,1
D,176365,0,0,0,0,0,0,0,0,0,4415339,4416460,1
D,176375,0,0,0,0,0,0,0,0,0,4415339,4416460,1
D,176385,0,0,0,0,0,0,0,0,0,4415339,4416460,1
D,176395,0,0,0,0,0,0,0,0,0,4415339,4416460,1
D,176405,0,0,0,0,0,0,0,0,0,4415339,4416460,1
D,176415,0,0,0,0,0,0,0,0,0,4415339,4416460,1
D,176425,0,0,0,0,0,0,0,0,0,4415339,4416460,1
D,176435,0,0,0,0,0,0,0,0,0,4415339,4416460,1
D,176445,0,0,0,0,0,0,0,0,0,4415339,4416460,1
D,176455,0,0,0,0,0,0,0,0,0,4415339,4416460,1
D,176465,0,0,0,0,0,0,0,0,0,4415339,4416460,1
D,176475,0,0,0,0,0,0,0,0,0,4415339,4416460,1
D,176485,0,0,0,0,0,0,0,0,0,4415339,4416460,1
D,176495,0,0,0,0,0,0,0,0,0,4415339,4416460,1
D,176505,0,0,0,0,0,0,0,0,0,4415339,4416460,1
D,176515,0,0,0,0,0,0,0,0,0,4415339,4416460,1
D,176525,0,0,0,0,0,0,0,0,0,4415339,4416460,1
D,176535,0,0,0,0,0,0,0,0,0,4415339,4416460,1
D,176545,0,0,0,0,0,0,0,0,0,4415339,4416460,1
D,176555,0,0,0,0,0,0,0,0,0,4415339,4416460,1
D,176565,0,0,0,0,0,0,0,0,0,4415339,4416460,1
D,176575,0,0,0,0,0,0,0,0,0,4415339,4416460,1
D,176585,0,0,0,0,0,0,0,0,0,4415339,4416460,1
D,176595,0,0,0,0,0,0,0,0,0,4415339,4416460,1
D,176605,0,0,0,0,0,0,0,0,0,4415339,4416460,1
D,176615,0,0,0,0,0,0,0,0,0,4415339,4416460,1
D,176625,0,0,0,0,0,0,0,0,0,4415339,4416460,1
D,176635,0,0,0,0,0,0,0,0,0,4415339,4416460,1
D,176645,0,0,0,0,0,0,0,0,0,4415339,4416460,1
D,176655,0,0,0,0,0,0,0,0,0,4415339,4416460,1
D,176665,0,0,0,0,0,0,0,0,0,4415339,4416460,1
D,176675,0,0,0,0,0,0,0,0,0,4415339,4416460,1
D,176685,0,0,0,0,0,0,0,0,0,4415339,4416460,1
D,176695,0,0,0,0,0,0,0,0,0,4415339,4416460,1
D,176705,0,0,0,0,0,0,0,0,0,4415339,4416460,1
D,176715,0,0,0,0,0,0,0,0,0,4415339,4416460,1
D,176725,0,0,0,0,0,0,0,0,0,4415339,4416460,1
D,176735,0,0,0,0,0,0,0,0,0,4415339,4416460,1
D,176745,0,0,0,0,0,0,0,0,0,4415339,4416460,1
D,176755,0,0,0,0,0,0,0,0,0,4415339,4416460,1
D,176765,0,0,0,0,0,0,0,0,0,4415339,4416460,1
D,176775,0,0,0,0,0,0,0,0,0,4415339,4416460,1
D,176785,0,0,0,0,0,0,0,0,0,4415339,4416460,1
D,176795,0,0,0,0,0,0,0,0,0,4415339,4416460,1
D,176805,0,0,0,0,0,0,0,0,0,4415339,4416460,1
D,176815,0,0,0,0,0,0,0,0,0,4415339,4416460,1
D,176825,0,0,0,0,0,0,0,0,0,4415339,4416460,1
D,176835,0,0,0,0,0,0,0,0,0,4415339,4416460,1
D,176845,0,0,0,0,0,0,0,0,0,4415339,4416460,1
D,176855,0,0,0,0,0,0,0,0,0,4415339,4416460,1
D,176865,0,0,0,0,0,0,0,0,0,4415339,4416460,1
D,176875,0,0,0,0,0,0,0,0,0,4415339,4416460,1
D,176885,0,0,0,0,0,0,0,0,0,4415339,4416460,1
D,176895,0,0,0,0,0,0,0,0,0,4415339,4416460,1
D,176905,0,0,0,0,0,0,0,0,0,4415339,4416460,1
D,176915,0,0,0,0,0,0,0,0,0,4415339,4416460,1
D,176925,0,0,0,0,0,0,0,0,0,4415339,4416460,1
D,176935,0,0,0,0,0,0,0,0,0,4415339,4416460,1
D,176945,0,0,0,0,0,0,0,0,0,4415339,4416460,1
D,176955,0,0,0,0,0,0,0,0,0,4415339,4416460,1
D,176965,0,0,0,0,0,0,0,0,0,4415339,4416460,1
D,176975,0,0,0,0,0,0,0,0,0,4415339,4416460,1
D,176985,0,0,0,0,0,0,0,0,0,4415339,4416460,1
D,176995,0,0,0,0,0,0,0,0,0,4415339,4416460,1
D,177005,0,0,0,0,0,0,0,0,0,4415339,4416460,1
D,177015,0,0,0,0,0,0,0,0,0,4415339,4416460,1
D,177025,0,0,0,0,0,0,0,0,0,4415339,4416460,1
D,177035,0,0,0,0,0,0,0,0,0,4415339,4416460,1
D,177045,0,0,0,0,0,0,0,0,0,4415339,4416460,1
D,177055,0,0,0,0,0,0,0,0,0,4415339,4416460,1
D,177065,0,0,0,0,0,0,0,0,0,4415339,4416460,1
D,177075,0,0,0,0,0,0,0,0,0,4415339,4416460,1
D,177085,0,0,0,0,0,0,0,0,0,4415339,4416460,1
D,177095,0,0,0,0,0,0,0,0,0,4415339,4416460,1
D,177105,0,0,0,0,0,0,0,0,0,4415339,4416460,1
D,177115,0,0,0,0,0,0,0,0,0,4415339,4416460,1
D,177125,0,0,0,0,0,0,0,0,0,4415339,4416460,1
D,177135,0,0,0,0,0,0,0,0,0,4415339,4416460,1
D,177145,0,0,0,0,0,0,0,0,0,4415339,4416460,1
D,177155,0,0,0,0,0,0,0,0,0,4415339,4416460,1
D,177165,0,0,0,0,0,0,0,0,0,4415339,4416460,1
D,177175,0,0,0,0,0,0,0,0,0,4415339,4416460,1
D,177185,0,0,0,0,0,0,0,0,0,4415339,4416460,1
D,177195,0,0,0,0,0,0,0,0,0,4415339,4416460,1
D,177205,0,0,0,0,0,0,0,0,0,4415339,4416460,1
D,177215,0,0,0,0,0,0,0,0,0,4415339,4416460,1
D,177225,0,0,0,0,0,0,0,0,0,4415339,4416460,1
D,177235,0,0,0,0,0,0,0,0,0,4415339,4416460,1
D,177245,0,0,0,0,0,0,0,0,0,4415339,4416460,1
D,177255,0,0,0,0,0,0,0,0,0,4415339,4416460,1
D,177265,0,0,0,0,0,0,0,0,0,4415339,4416460,1
D,177275,0,0,0,0,0,0,0,0,0,4415339,4416460,1
D,177285,0,0,0,0,0,0,0,0,0,4415339,4416460,1
D,177295,0,0,0,0,0,0,0,0,0,4415339,4416460,1
D,177305,0,0,0,0,0,0,0,0,0,4415339,4416460,1
D,177315,0,0,0,0,0,0,0,0,0,4415339,4416460,1
D,177325,0,0,0,0,0,0,0,0,0,4415339,4416460,1
D,177335,0,0,0,0,0,0,0,0,0,4415339,4416460,1
D,177345,0,0,0,0,0,0,0,0,0,4415339,4416460,1
D,177355,0,0,0,0,0,0,0,0,0,4415339,4416460,1
D,177365,0,0,0,0,0,0,0,0,0,4415339,4416460,1
D,177375,0,0,0,0,0,0,0,0,0,4415339,4416460,1
D,177385,0,0,0,0,0,0,0,0,0,4415339,4416460,1
D,177395,0,0,0,0,0,0,0,0,0,4415339,4416460,1
D,177405,0,0,0,0,0,0,0,0,0,4415339,4416460,1
D,177415,0,0,0,0,0,0,0,0,0,4415339,4416460,1
D,177425,0,0,0,0,0,0,0,0,0,4415339,4416460,1
D,177435,0,0,0,0,0,0,0,0,0,4415339,4416460,1
D,177445,0,0,0,0,0,0,0,0,0,4415339,4416460,1
D,177455,0,0,0,0,0,0,0,0,0,4415339,4416460,1
D,177465,0,0,0,0,0,0,0,0,0,4415339,4416460,1
D,177475,0,0,0,0,0,0,0,0,0,4415339,4416460,1
D,177485,0,0,0,0,0,0,0,0,0,4415339,4416460,1
D,177495,0,0,0,0,0,0,0,0,0,4415339,4416460,1
D,177505,0,0,0,0,0,0,0,0,0,4415339,4416460,1
D,177515,0,0,0,0,0,0,0,0,0,4415339,4416460,1
D,177525,0,0,0,0,0,0,0,0,0,4415339,4416460,1
D,177535,0,0,0,0,0,0,0,0,0,4415339,4416460,1
D,177545,0,0,0,0,0,0,0,0,0,4415339,4416460,1
D,177555,0,0,0,0,0,0,0,0,0,4415339,4416460,1
D,177565,0,0,0,0,0,0,0,0,0,4415339,4416460,1
D,177575,0,0,0,0,0,0,0,0,0,4415339,4416460,1
D,177585,0,0,0,0,0,0,0,0,0,4415339,4416460,1
D,177595,0,0,0,0,0,0,0,0,0,4415339,4416460,1
D,177605,0,0,0,0,0,0,0,0,0,4415339,4416460,1
D,177615,0,0,0,0,0,0,0,0,0,4415339,4416460,1
D,177625,0,0,0,0,0,0,0,0,0,4415339,4416460,1
D,177635,0,0,0,0,0,0,0,0,0,4415339,4416460,1
D,177645,0,0,0,0,0,0,0,0,0,4415339,4416460,1
D,177655,0,0,0,0,0,0,0,0,0,4415339,4416460,1
D,177665,0,0,0,0,0,0,0,0,0,4415339,4416460,1
D,177675,0,0,0,0,0,0,0,0,0,4415339,4416460,1
D,177685,0,0,0,0,0,0,0,0,0,4415339,4416460,1
D,177695,0,0,0,0,0,0,0,0,0,4415339,4416460,1
D,177705,0,0,0,0,0,0,0,0,0,4415339,4416460,1
D,177715,0,0,0,0,0,0,0,0,0,4415339,4416460,1
D,177725,0,0,0,0,0,0,0,0,0,4415339,4416460,1
D,177735,0,0,0,0,0,0,0,0,0,4415339,4416460,1
D,177745,0,0,0,0,0,0,0,0,0,4415339,4416460,1
D,177755,0,0,0,0,0,0,0,0,0,4415339,4416460,1
D,177765,0,0,0,0,0,0,0,0,0,4415339,4416460,1
D,177775,0,0,0,0,0,0,0,0,0,4415339,4416460,1
D,177785,0,0,0,0,0,0,0,0,0,4415339,4416460,1
D,177795,0,0,0,0,0,0,0,0,0,4415339,4416460,1
D,177805,0,0,0,0,0,0,0,0,0,4415339,4416460,1
D,177815,0,0,0,0,0,0,0,0,0,4415339,4416460,1
D,177825,0,0,0,0,0,0,0,0,0,4415339,4416460,1
D,177835,0,0,0,0,0,0,0,0,0,4415339,4416460,1
D,177845,0,0,0,0,0,0,0,0,0,4415339,4416460,1
D,177855,0,0,0,0,0,0,0,0,0,4415339,4416460,1
D,177865,0,0,0,0,0,0,0,0,0,4415339,4416460,1
D,177875,0,0,0,0,0,0,0,0,0,4415339,4416460,1
D,177885,0,0,0,0,0,0,0,0,0,4415339,4416460,1
D,177895,0,0,0,0,0,0,0,0,0,4415339,4416460,1
D,177905,0,0,0,0,0,0,0,0,0,4415339,4416460,1
D,177915,0,0,0,0,0,0,0,0,0,4415339,4416460,1
D,177925,0,0,0,0,0,0,0,0,0,4415339,4416460,1
D,177935,0,0,0,0,0,0,0,0,0,4415339,4416460,1
D,177945,0,0,0,0,0,0,0,0,0,4415339,4416460,1
D,177955,0,0,0,0,0,0,0,0,0,4415339,4416460,1
D,177965,0,0,0,0,0,0,0,0,0,4415339,4416460,1
D,177975,0,0,0,0,0,0,0,0,0,4415339,4416460,1
D,177985,0,0,0,0,0,0,0,0,0,4415339,4416460,1
D,177995,0,0,0,0,0,0,0,0,0,4415339,4416460,1
D,178005,0,0,0,0,0,0,0,0,0,4415339,4416460,1
D,178015,0,0,0,0,0,0,0,0,0,4415339,4416460,1
D,178025,0,0,0,0,0,0,0,0,0,4415339,4416460,1
D,178035,0,0,0,0,0,0,0,0,0,4415339,4416460,1
D,178045,0,0,0,0,0,0,0,0,0,4415339,4416460,1
D,178055,0,0,0,0,0,0,0,0,0,4415339,4416460,1
D,178065,0,0,0,0,0,0,0,0,0,4415339,4416460,1
D,178075,0,0,0,0,0,0,0,0,0,4415339,4416460,1
D,178085,0,0,0,0,0,0,0,0,0,4415339,4416460,1
D,178095,0,0,0,0,0,0,0,0,0,4415339,4416460,1
D,178105,0,0,0,0,0,0,0,0,0,4415339,4416460,1
D,178115,0,0,0,0,0,0,0,0,0,4415339,4416460,1
D,178125,0,0,0,0,0,0,0,0,0,4415339,4416460,1
D,178135,0,0,0,0,0,0,0,0,0,4415339,4416460,1
D,178145,0,0,0,0,0,0,0,0,0,4415339,4416460,1
D,178155,0,0,0,0,0,0,0,0,0,4415339,4416460,1
D,178165,0,0,0,0,0,0,0,0,0,4415339,4416460,1
D,178175,0,0,0,0,0,0,0,0,0,4415339,4416460,1
D,178185,0,0,0,0,0,0,0,0,0,4415339,4416460,1
D,178195,0,0,0,0,0,0,0,0,0,4415339,4416460,1
D,178205,0,0,0,0,0,0,0,0,0,4415339,4416460,1
D,178215,0,0,0,0,0,0,0,0,0,4415339,4416460,1
D,178225,0,0,0,0,0,0,0,0,0,4415339,4416460,1
D,178235,0,0,0,0,0,0,0,0,0,4415339,4416460,1
D,178245,0,0,0,0,0,0,0,0,0,4415339,4416460,1
D,178255,0,0,0,0,0,0,0,0,0,4415339,4416460,1
D,178265,0,0,0,0,0,0,0,0,0,4415339,4416460,1
D,178275,0,0,0,0,0,0,0,0,0,4415339,4416460,1
D,178285,0,0,0,0,0,0,0,0,0,4415339,4416460,1
D,178295,0,0,0,0,0,0,0,0,0,4415339,4416460,1
D,178305,0,0,0,0,0,0,0,0,0,4415339,4416460,1
D,178315,0,0,0,0,0,0,0,0,0,4415339,4416460,1
D,178325,0,0,0,0,0,0,0,0,0,4415339,4416460,1
D,178335,0,0,0,0,0,0,0,0,0,4415339,4416460,1
D,178345,0,0,0,0,0,0,0,0,0,4415339,4416460,1
D,178355,0,0,0,0,0,0,0,0,0,4415339,4416460,1
D,178365,0,0,0,0,0,0,0,0,0,4415339,4416460,1
D,178375,0,0,0,0,0,0,0,0,0,4415339,4416460,1
D,178385,0,0,0,0,0,0,0,0,0,4415339,4416460,1
D,178395,0,0,0,0,0,0,0,0,0,4415339,4416460,1
D,178405,0,0,0,0,0,0,0,0,0,4415339,4416460,1
D,178415,0,0,0,0,0,0,0,0,0,4415339,4416460,1
D,178425,0,0,0,0,0,0,0,0,0,4415339,4416460,1
D,178435,0,0,0,0,0,0,0,0,0,4415339,4416460,1
D,178445,0,0,0,0,0,0,0,0,0,4415339,4416460,1
D,178455,0,0,0,0,0,0,0,0,0,4415339,4416460,1
D,178465,0,0,0,0,0,0,0,0,0,4415339,4416460,1
D,178475,0,0,0,0,0,0,0,0,0,4415339,4416460,1
D,178485,0,0,0,0,0,0,0,0,0,4415339,4416460,1
D,178495,0,0,0,0,0,0,0,0,0,4415339,4416460,1
D,178505,0,0,0,0,0,0,0,0,0,4415339,4416460,1
D,178515,0,0,0,0,0,0,0,0,0,4415339,4416460,1
D,178525,0,0,0,0,0,0,0,0,0,4415339,4416460,1
D,178535,0,0,0,0,0,0,0,0,0,4415339,4416460,1
D,178545,0,0,0,0,0,0,0,0,0,4415339,4416460,1
D,178555,0,0,0,0,0,0,0,0,0,4415339,4416460,1
D,178565,0,0,0,0,0,0,0,0,0,4415339,4416460,1
D,178575,0,0,0,0,0,0,0,0,0,4415339,4416460,1
D,178585,0,0,0,0,0,0,0,0,0,4415339,4416460,1
D,178595,0,0,0,0,0,0,0,0,0,4415339,4416460,1
D,178605,0,0,0,0,0,0,0,0,0,4415339,4416460,1
D,178615,0,0,0,0,0,0,0,0,0,4415339,4416460,1
D,178625,0,0,0,0,0,0,0,0,0,4415339,4416460,1
D,178635,0,0,0,0,0,0,0,0,0,4415339,4416460,1
D,178645,0,0,0,0,0,0,0,0,0,4415339,4416460,1
D,178655,0,0,0,0,0,0,0,0,0,4415339,4416460,1
D,178665,0,0,0,0,0,0,0,0,0,4415339,4416460,1
D,178675,0,0,0,0,0,0,0,0,0,4415339,4416460,1
D,178685,0,0,0,0,0,0,0,0,0,4415339,4416460,1
D,178695,0,0,0,0,0,0,0,0,0,4415339,4416460,1
D,178705,0,0,0,0,0,0,0,0,0,4415339,4416460,1
D,178715,0,0,0,0,0,0,0,0,0,4415339,4416460,1
D,178725,0,0,0,0,0,0,0,0,0,4415339,4416460,1
D,178735,0,0,0,0,0,0,0,0,0,4415339,4416460,1
D,178745,0,0,0,0,0,0,0,0,0,4415339,4416460,1
D,178755,0,0,0,0,0,0,0,0,0,4415339,4416460,1
D,178765,0,0,0,0,0,0,0,0,0,4415339,4416460,1
D,178775,0,0,0,0,0,0,0,0,0,4415339,4416460,1
D,178785,0,0,0,0,0,0,0,0,0,4415339,4416460,1
D,178795,0,0,0,0,0,0,0,0,0,4415339,4416460,1
D,178805,0,0,0,0,0,0,0,0,0,4415339,4416460,1
D,178815,0,0,0,0,0,0,0,0,0,4415339,4416460,1
D,178825,0,0,0,0,0,0,0,0,0,4415339,4416460,1
D,178835,0,0,0,0,0,0,0,0,0,4415339,4416460,1
D,178845,0,0,0,0,0,0,0,0,0,4415339,4416460,1
D,178855,0,0,0,0,0,0,0,0,0,4415339,4416460,1
D,178865,0,0,0,0,0,0,0,0,0,4415339,4416460,1
D,178875,0,0,0,0,0,0,0,0,0,4415339,4416460,1
D,178885,0,0,0,0,0,0,0,0,0,4415339,4416460,1
D,178895,0,0,0,0,0,0,0,0,0,4415339,4416460,1
D,178905,0,0,0,0,0,0,0,0,0,4415339,4416460,1
D,178915,0,0,0,0,0,0,0,0,0,4415339,4416460,1
D,178925,0,0,0,0,0,0,0,0,0,4415339,4416460,1
D,178935,0,0,0,0,0,0,0,0,0,4415339,4416460,1
D,178945,0,0,0,0,0,0,0,0,0,4415339,4416460,1
D,178955,0,0,0,0,0,0,0,0,0,4415339,4416460,1
D,178965,0,0,0,0,0,0,0,0,0,4415339,4416460,1
D,178975,0,0,0,0,0,0,0,0,0,4415339,4416460,1
D,178985,0,0,0,0,0,0,0,0,0,4415339,4416460,1
D,178995,0,0,0,0,0,0,0,0,0,4415339,4416460,1
D,179005,0,0,0,0,0,0,0,0,0,4415339,4416460,1
D,179015,0,0,0,0,0,0,0,0,0,4415339,4416460,1
D,179025,0,0,0,0,0,0,0,0,0,4415339,4416460,1
D,179035,0,0,0,0,0,0,0,0,0,4415339,4416460,1
D,179045,0,0,0,0,0,0,0,0,0,4415339,4416460,1
D,179055,0,0,0,0,0,0,0,0,0,4415339,4416460,1
D,179065,0,0,0,0,0,0,0,0,0,4415339,4416460,1
D,179075,0,0,0,0,0,0,0,0,0,4415339,4416460,1
D,179085,0,0,0,0,0,0,0,0,0,4415339,4416460,1
D,179095,0,0,0,0,0,0,0,0,0,4415339,4416460,1
D,179105,0,0,0,0,0,0,0,0,0,4415339,4416460,1
D,179115,0,0,0,0,0,0,0,0,0,4415339,4416460,1
D,179125,0,0,0,0,0,0,0,0,0,4415339,4416460,1
D,179135,0,0,0,0,0,0,0,0,0,4415339,4416460,1
D,179145,0,0,0,0,0,0,0,0,0,4415339,4416460,1
D,179155,0,0,0,0,0,0,0,0,0,4415339,4416460,1
D,179165,0,0,0,0,0,0,0,0,0,4415339,4416460,1
D,179175,0,0,0,0,0,0,0,0,0,4415339,4416460,1
D,179185,0,0,0,0,0,0,0,0,0,4415339,4416460,1
D,179195,0,0,0,0,0,0,0,0,0,4415339,4416460,1
D,179205,0,0,0,0,0,0,0,0,0,4415339,4416460,1
D,179215,0,0,0,0,0,0,0,0,0,4415339,4416460,1
D,179225,0,0,0,0,0,0,0,0,0,4415339,4416460,1
D,179235,0,0,0,0,0,0,0,0,0,4415339,4416460,1
D,179245,0,0,0,0,0,0,0,0,0,4415339,4416460,1
D,179255,0,0,0,0,0,0,0,0,0,4415339,4416460,1
D,179265,0,0,0,0,0,0,0,0,0,4415339,4416460,1
D,179275,0,0,0,0,0,0,0,0,0,4415339,4416460,1
D,179285,0,0,0,0,0,0,0,0,0,4415339,4416460,1
D,179295,0,0,0,0,0,0,0,0,0,4415339,4416460,1
D,179305,0,0,0,0,0,0,0,0,0,4415339,4416460,1
D,179315,0,0,0,0,0,0,0,0,0,4415339,4416460,1
D,179325,0,0,0,0,0,0,0,0,0,4415339,4416460,1
D,179335,0,0,0,0,0,0,0,0,0,4415339,4416460,1
D,179345,0,0,0,0,0,0,0,0,0,4415339,4416460,1
D,179355,0,0,0,0,0,0,0,0,0,4415339,4416460,1
D,179365,0,0,0,0,0,0,0,0,0,4415339,4416460,1
D,179375,0,0,0,0,0,0,0,0,0,4415339,4416460,1
D,179385,0,0,0,0,0,0,0,0,0,4415339,4416460,1
D,179395,0,0,0,0,0,0,0,0,0,4415339,4416460,1
D,179405,0,0,0,0,0,0,0,0,0,4415339,4416460,1
D,179415,0,0,0,0,0,0,0,0,0,4415339,4416460,1
D,179425,0,0,0,0,0,0,0,0,0,4415339,4416460,1
D,179435,0,0,0,0,0,0,0,0,0,4415339,4416460,1
D,179445,0,0,0,0,0,0,0,0,0,4415339,4416460,1
D,179455,0,0,0,0,0,0,0,0,0,4415339,4416460,1
D,179465,0,0,0,0,0,0,0,0,0,4415339,4416460,1
D,179475,0,0,0,0,0,0,0,0,0,4415339,4416460,1
D,179485,0,0,0,0,0,0,0,0,0,4415339,4416460,1
D,179495,0,0,0,0,0,0,0,0,0,4415339,4416460,1
D,179505,0,0,0,0,0,0,0,0,0,4415339,4416460,1
D,179515,0,0,0,0,0,0,0,0,0,4415339,4416460,1
D,179525,0,0,0,0,0,0,0,0,0,4415339,4416460,1
D,179535,0,0,0,0,0,0,0,0,0,4415339,4416460,1
D,179545,0,0,0,0,0,0,0,0,0,4415339,4416460,1
D,179555,0,0,0,0,0,0,0,0,0,4415339,4416460,1
D,179565,0,0,0,0,0,0,0,0,0,4415339,4416460,1
D,179575,0,0,0,0,0,0,0,0,0,4415339,4416460,1
D,179585,0,0,0,0,0,0,0,0,0,4415339,4416460,1
D,179595,0,0,0,0,0,0,0,0,0,4415339,4416460,1
D,179605,0,0,0,0,0,0,0,0,0,4415339,4416460,1
D,179615,0,0,0,0,0,0,0,0,0,4415339,4416460,1
D,179625,0,0,0,0,0,0,0,0,0,4415339,4416460,1
D,179635,0,0,0,0,0,0,0,0,0,4415339,4416460,1
D,179645,0,0,0,0,0,0,0,0,0,4415339,4416460,1
D,179655,0,0,0,0,0,0,0,0,0,4415339,4416460,1
D,179665,0,0,0,0,0,0,0,0,0,4415339,4416460,1
D,179675,0,0,0,0,0,0,0,0,0,4415339,4416460,1
D,179685,0,0,0,0,0,0,0,0,0,4415339,4416460,1
D,179695,0,0,0,0,0,0,0,0,0,4415339,4416460,1
D,179705,0,0,0,0,0,0,0,0,0,4415339,4416460,1
D,179715,0,0,0,0,0,0,0,0,0,4415339,4416460,1
D,179725,0,0,0,0,0,0,0,0,0,4415339,4416460,1
D,179735,0,0,0,0,0,0,0,0,0,4415339,4416460,1
D,179745,0,0,0,0,0,0,0,0,0,4415339,4416460,1
D,179755,0,0,0,0,0,0,0,0,0,4415339,4416460,1
D,179765,0,0,0,0,0,0,0,0,0,4415339,4416460,1
D,179775,0,0,0,0,0,0,0,0,0,4415339,4416460,1
D,179785,0,0,0,0,0,0,0,0,0,4415339,4416460,1
D,179795,0,0,0,0,0,0,0,0,0,4415339,4416460,1
D,179805,0,0,0,0,0,0,0,0,0,4415339,4416460,1
D,179815,0,0,0,0,0,0,0,0,0,4415339,4416460,1
D,179825,0,0,0,0,0,0,0,0,0,4415339,4416460,1
D,179835,0,0,0,0,0,0,0,0,0,4415339,4416460,1
