record,ms,mode,target_left,target_right,speed_left_mm_s,speed_right_mm_s,pwm_left,pwm_right,raw_left,raw_right,total_left,total_right,enable
D,13975,0,0,0,0,0,0,0,0,0,4,0,1
D,13985,0,0,0,0,0,0,0,0,0,4,0,1
D,13995,0,0,0,0,0,0,0,0,0,4,0,1
D,14005,0,0,0,0,0,0,0,0,0,4,0,1
D,14015,0,0,0,0,0,0,0,0,0,4,0,1
D,14025,0,0,0,0,0,0,0,0,0,4,0,1
D,14035,0,0,0,0,0,0,0,0,0,4,0,1
D,14045,0,0,0,0,0,0,0,0,0,4,0,1
D,14055,0,0,0,0,0,0,0,0,0,4,0,1
D,14065,0,0,0,0,0,0,0,0,0,4,0,1
D,14075,0,0,0,0,0,0,0,0,0,4,0,1
D,14085,0,0,0,0,0,0,0,0,0,4,0,1
D,14095,0,0,0,0,0,0,0,0,0,4,0,1
D,14105,0,0,0,0,0,0,0,0,0,4,0,1
D,14115,0,0,0,0,0,0,0,0,0,4,0,1
D,14125,0,0,0,0,0,0,0,0,0,4,0,1
D,14135,0,0,0,0,0,0,0,0,0,4,0,1
D,14145,0,0,0,0,0,0,0,0,0,4,0,1
D,14155,0,0,0,0,0,0,0,0,0,4,0,1
D,14165,0,0,0,0,0,0,0,0,0,4,0,1
D,14175,0,0,0,0,0,0,0,0,0,4,0,1
D,14185,0,0,0,0,0,0,0,0,0,4,0,1
D,14195,0,0,0,0,0,0,0,0,0,4,0,1
D,14205,0,0,0,0,0,0,0,0,0,4,0,1
D,14215,0,0,0,0,0,0,0,0,0,4,0,1
D,14225,0,0,0,0,0,0,0,0,0,4,0,1
D,14235,0,0,0,0,0,0,0,0,0,4,0,1
D,14245,0,0,0,0,0,0,0,0,0,4,0,1
D,14255,0,0,0,0,0,0,0,0,0,4,0,1
D,14265,0,0,0,0,0,0,0,0,0,4,0,1
D,14275,0,0,0,0,0,0,0,0,0,4,0,1
D,14285,0,0,0,0,0,0,0,0,0,4,0,1
D,14295,0,0,0,0,0,0,0,0,0,4,0,1
D,14305,0,0,0,0,0,0,0,0,0,4,0,1
D,14315,0,0,0,0,0,0,0,0,0,4,0,1
D,14325,0,0,0,0,0,0,0,0,0,4,0,1
D,14335,0,0,0,0,0,0,0,0,0,4,0,1
D,14345,0,0,0,0,0,0,0,0,0,4,0,1
D,14355,0,0,0,0,0,0,0,0,0,4,0,1
D,14365,0,0,0,0,0,0,0,0,0,4,0,1
D,14375,0,0,0,0,0,0,0,0,0,4,0,1
D,14385,0,0,0,0,0,0,0,0,0,4,0,1
D,14395,0,0,0,0,0,0,0,0,0,4,0,1
D,14405,0,0,0,0,0,0,0,0,0,4,0,1
D,14415,0,0,0,0,0,0,0,0,0,4,0,1
D,14425,0,0,0,0,0,0,0,0,0,4,0,1
D,14435,0,0,0,0,0,0,0,0,0,4,0,1
D,14445,0,0,0,0,0,0,0,0,0,4,0,1
D,14455,0,0,0,0,0,0,0,0,0,4,0,1
D,14465,0,0,0,0,0,0,0,0,0,4,0,1
D,14475,0,0,0,0,0,0,0,0,0,4,0,1
D,14485,0,0,0,0,0,0,0,0,0,4,0,1
D,14495,0,0,0,0,0,0,0,0,0,4,0,1
D,14505,0,0,0,0,0,0,0,0,0,4,0,1
D,14515,0,0,0,0,0,0,0,0,0,4,0,1
D,14525,0,0,0,0,0,0,0,0,0,4,0,1
D,14535,0,0,0,0,0,0,0,0,0,4,0,1
D,14545,0,0,0,0,0,0,0,0,0,4,0,1
D,14555,0,0,0,0,0,0,0,0,0,4,0,1
D,14565,0,0,0,0,0,0,0,0,0,4,0,1
D,14575,0,0,0,0,0,0,0,0,0,4,0,1
D,14585,0,0,0,0,0,0,0,0,0,4,0,1
D,14595,0,0,0,0,0,0,0,0,0,4,0,1
D,14605,0,0,0,0,0,0,0,0,0,4,0,1
D,14615,0,0,0,0,0,0,0,0,0,4,0,1
D,14625,0,0,0,0,0,0,0,0,0,4,0,1
D,14635,0,0,0,0,0,0,0,0,0,4,0,1
D,14645,0,0,0,0,0,0,0,0,0,4,0,1
D,14655,0,0,0,0,0,0,0,0,0,4,0,1
D,14665,0,0,0,0,0,0,0,0,0,4,0,1
D,14675,0,0,0,0,0,0,0,0,0,4,0,1
D,14685,0,0,0,0,0,0,0,0,0,4,0,1
D,14695,0,0,0,0,0,0,0,0,0,4,0,1
D,14705,0,0,0,0,0,0,0,0,0,4,0,1
D,14715,0,0,0,0,0,0,0,0,0,4,0,1
D,14725,0,0,0,0,0,0,0,0,0,4,0,1
D,14735,0,0,0,0,0,0,0,0,0,4,0,1
D,14745,0,0,0,0,0,0,0,0,0,4,0,1
D,14755,0,0,0,0,0,0,0,0,0,4,0,1
D,14765,0,0,0,0,0,0,0,0,0,4,0,1
D,14775,0,0,0,0,0,0,0,0,0,4,0,1
D,14785,0,0,0,0,0,0,0,0,0,4,0,1
D,14795,0,0,0,0,0,0,0,0,0,4,0,1
D,14805,0,0,0,0,0,0,0,0,0,4,0,1
D,14815,0,0,0,0,0,0,0,0,0,4,0,1
D,14825,0,0,0,0,0,0,0,0,0,4,0,1
D,14835,0,0,0,0,0,0,0,0,0,4,0,1
D,14845,0,0,0,0,0,0,0,0,0,4,0,1
D,14855,0,0,0,0,0,0,0,0,0,4,0,1
D,14865,0,0,0,0,0,0,0,0,0,4,0,1
D,14875,0,0,0,0,0,0,0,0,0,4,0,1
D,14885,0,0,0,0,0,0,0,0,0,4,0,1
D,14895,0,0,0,0,0,0,0,0,0,4,0,1
D,14905,0,0,0,0,0,0,0,0,0,4,0,1
D,14915,0,0,0,0,0,0,0,0,0,4,0,1
D,14925,0,0,0,0,0,0,0,0,0,4,0,1
D,14935,0,0,0,0,0,0,0,0,0,4,0,1
D,14945,0,0,0,0,0,0,0,0,0,4,0,1
D,14955,0,0,0,0,0,0,0,0,0,4,0,1
D,14965,0,0,0,0,0,0,0,0,0,4,0,1
D,14975,0,0,0,0,0,0,0,0,0,4,0,1
D,14985,0,0,0,0,0,0,0,0,0,4,0,1
D,14995,0,0,0,0,0,0,0,0,0,4,0,1
D,15005,0,0,0,0,0,0,0,0,0,4,0,1
D,15015,0,0,0,0,0,0,0,0,0,4,0,1
D,15025,0,0,0,0,0,0,0,0,0,4,0,1
D,15035,0,0,0,0,0,0,0,0,0,4,0,1
D,15045,0,0,0,0,0,0,0,0,0,4,0,1
D,15055,0,0,0,0,0,0,0,0,0,4,0,1
D,15065,0,0,0,0,0,0,0,0,0,4,0,1
D,15075,0,0,0,0,0,0,0,0,0,4,0,1
D,15085,0,0,0,0,0,0,0,0,0,4,0,1
D,15095,0,0,0,0,0,0,0,0,0,4,0,1
D,15105,0,0,0,0,0,0,0,0,0,4,0,1
D,15115,0,0,0,0,0,0,0,0,0,4,0,1
D,15125,0,0,0,0,0,0,0,0,0,4,0,1
D,15135,0,0,0,0,0,0,0,0,0,4,0,1
D,15145,0,0,0,0,0,0,0,0,0,4,0,1
D,15155,0,0,0,0,0,0,0,0,0,4,0,1
D,15165,0,0,0,0,0,0,0,0,0,4,0,1
D,15175,0,0,0,0,0,0,0,0,0,4,0,1
D,15185,0,0,0,0,0,0,0,0,0,4,0,1
D,15195,0,0,0,0,0,0,0,0,0,4,0,1
D,15205,0,0,0,0,0,0,0,0,0,4,0,1
D,15215,0,0,0,0,0,0,0,0,0,4,0,1
D,15225,0,0,0,0,0,0,0,0,0,4,0,1
D,15235,0,0,0,0,0,0,0,0,0,4,0,1
D,15245,0,0,0,0,0,0,0,0,0,4,0,1
D,15255,0,0,0,0,0,0,0,0,0,4,0,1
D,15265,0,0,0,0,0,0,0,0,0,4,0,1
D,15275,0,0,0,0,0,0,0,0,0,4,0,1
D,15285,0,0,0,0,0,0,0,0,0,4,0,1
D,15295,0,0,0,0,0,0,0,0,0,4,0,1
D,15305,0,0,0,0,0,0,0,0,0,4,0,1
D,15315,0,0,0,0,0,0,0,0,0,4,0,1
D,15325,0,0,0,0,0,0,0,0,0,4,0,1
D,15335,0,0,0,0,0,0,0,0,0,4,0,1
D,15345,0,0,0,0,0,0,0,0,0,4,0,1
D,15355,0,0,0,0,0,0,0,0,0,4,0,1
D,15365,0,0,0,0,0,0,0,0,0,4,0,1
D,15375,0,0,0,0,0,0,0,0,0,4,0,1
D,15385,0,0,0,0,0,0,0,0,0,4,0,1
D,15395,0,0,0,0,0,0,0,0,0,4,0,1
D,15405,0,0,0,0,0,0,0,0,0,4,0,1
D,15415,0,0,0,0,0,0,0,0,0,4,0,1
D,15425,0,0,0,0,0,0,0,0,0,4,0,1
D,15435,0,0,0,0,0,0,0,0,0,4,0,1
D,15445,0,0,0,0,0,0,0,0,0,4,0,1
D,15455,0,0,0,0,0,0,0,0,0,4,0,1
D,15465,0,0,0,0,0,0,0,0,0,4,0,1
D,15475,0,0,0,0,0,0,0,0,0,4,0,1
D,15485,0,0,0,0,0,0,0,0,0,4,0,1
D,15495,0,0,0,0,0,0,0,0,0,4,0,1
D,15505,0,0,0,0,0,0,0,0,0,4,0,1
D,15515,0,0,0,0,0,0,0,0,0,4,0,1
D,15525,0,0,0,0,0,0,0,0,0,4,0,1
D,15535,0,0,0,0,0,0,0,0,0,4,0,1
D,15545,0,0,0,0,0,0,0,0,0,4,0,1
D,15555,0,0,0,0,0,0,0,0,0,4,0,1
D,15565,0,0,0,0,0,0,0,0,0,4,0,1
D,15575,0,0,0,0,0,0,0,0,0,4,0,1
D,15585,0,0,0,0,0,0,0,0,0,4,0,1
D,15595,0,0,0,0,0,0,0,0,0,4,0,1
D,15605,0,0,0,0,0,0,0,0,0,4,0,1
D,15615,0,0,0,0,0,0,0,0,0,4,0,1
D,15625,0,0,0,0,0,0,0,0,0,4,0,1
D,15635,0,0,0,0,0,0,0,0,0,4,0,1
D,15645,0,0,0,0,0,0,0,0,0,4,0,1
D,15655,0,0,0,0,0,0,0,0,0,4,0,1
D,15665,0,0,0,0,0,0,0,0,0,4,0,1
D,15675,0,0,0,0,0,0,0,0,0,4,0,1
D,15685,0,0,0,0,0,0,0,0,0,4,0,1
D,15695,0,0,0,0,0,0,0,0,0,4,0,1
D,15705,0,0,0,0,0,0,0,0,0,4,0,1
D,15715,0,0,0,0,0,0,0,0,0,4,0,1
D,15725,0,0,0,0,0,0,0,0,0,4,0,1
D,15735,0,0,0,0,0,0,0,0,0,4,0,1
D,15745,0,0,0,0,0,0,0,0,0,4,0,1
D,15755,0,0,0,0,0,0,0,0,0,4,0,1
D,15765,0,0,0,0,0,0,0,0,0,4,0,1
D,15775,0,0,0,0,0,0,0,0,0,4,0,1
D,15785,0,0,0,0,0,0,0,0,0,4,0,1
D,15795,0,0,0,0,0,0,0,0,0,4,0,1
D,15805,0,0,0,0,0,0,0,0,0,4,0,1
D,15815,0,0,0,0,0,0,0,0,0,4,0,1
D,15825,0,0,0,0,0,0,0,0,0,4,0,1
D,15835,0,0,0,0,0,0,0,0,0,4,0,1
D,15845,0,0,0,0,0,0,0,0,0,4,0,1
D,15855,0,0,0,0,0,0,0,0,0,4,0,1
D,15865,0,0,0,0,0,0,0,0,0,4,0,1
D,15875,0,0,0,0,0,0,0,0,0,4,0,1
D,15885,0,0,0,0,0,0,0,0,0,4,0,1
D,15895,0,0,0,0,0,0,0,0,0,4,0,1
D,15905,0,0,0,0,0,0,0,0,0,4,0,1
D,15915,0,0,0,0,0,0,0,0,0,4,0,1
D,15925,0,0,0,0,0,0,0,0,0,4,0,1
D,15935,0,0,0,0,0,0,0,0,0,4,0,1
D,15945,0,0,0,0,0,0,0,0,0,4,0,1
D,15955,0,0,0,0,0,0,0,0,0,4,0,1
D,15965,0,0,0,0,0,0,0,0,0,4,0,1
D,15975,0,0,0,0,0,0,0,0,0,4,0,1
D,15985,0,0,0,0,0,0,0,0,0,4,0,1
D,15995,0,0,0,0,0,0,0,0,0,4,0,1
D,16005,0,0,0,0,0,0,0,0,0,4,0,1
D,16015,0,0,0,0,0,0,0,0,0,4,0,1
D,16025,0,0,0,0,0,0,0,0,0,4,0,1
D,16035,0,0,0,0,0,0,0,0,0,4,0,1
D,16045,0,0,0,0,0,0,0,0,0,4,0,1
D,16055,0,0,0,0,0,0,0,0,0,4,0,1
D,16065,0,0,0,0,0,0,0,0,0,4,0,1
D,16075,0,0,0,0,0,0,0,0,0,4,0,1
D,16085,0,0,0,0,0,0,0,0,0,4,0,1
D,16095,0,0,0,0,0,0,0,0,0,4,0,1
D,16105,0,0,0,0,0,0,0,0,0,4,0,1
D,16115,0,0,0,0,0,0,0,0,0,4,0,1
D,16125,0,0,0,0,0,0,0,0,0,4,0,1
D,16135,0,0,0,0,0,0,0,0,0,4,0,1
D,16145,0,0,0,0,0,0,0,0,0,4,0,1
D,16155,0,0,0,0,0,0,0,0,0,4,0,1
D,16165,0,0,0,0,0,0,0,0,0,4,0,1
D,16175,0,0,0,0,0,0,0,0,0,4,0,1
D,16185,0,0,0,0,0,0,0,0,0,4,0,1
D,16195,0,0,0,0,0,0,0,0,0,4,0,1
D,16205,0,0,0,0,0,0,0,0,0,4,0,1
D,16215,0,0,0,0,0,0,0,0,0,4,0,1
D,16225,0,0,0,0,0,0,0,0,0,4,0,1
D,16235,0,0,0,0,0,0,0,0,0,4,0,1
D,16245,0,0,0,0,0,0,0,0,0,4,0,1
D,16255,0,0,0,0,0,0,0,0,0,4,0,1
D,16265,0,0,0,0,0,0,0,0,0,4,0,1
D,16275,0,0,0,0,0,0,0,0,0,4,0,1
D,16285,0,0,0,0,0,0,0,0,0,4,0,1
D,16295,0,0,0,0,0,0,0,0,0,4,0,1
D,16305,0,0,0,0,0,0,0,0,0,4,0,1
D,16315,0,0,0,0,0,0,0,0,0,4,0,1
D,16325,0,0,0,0,0,0,0,0,0,4,0,1
D,16335,0,0,0,0,0,0,0,0,0,4,0,1
D,16345,0,0,0,0,0,0,0,0,0,4,0,1
D,16355,0,0,0,0,0,0,0,0,0,4,0,1
D,16365,0,0,0,0,0,0,0,0,0,4,0,1
D,16375,0,0,0,0,0,0,0,0,0,4,0,1
D,16385,0,0,0,0,0,0,0,0,0,4,0,1
D,16395,0,0,0,0,0,0,0,0,0,4,0,1
D,16405,0,0,0,0,0,0,0,0,0,4,0,1
D,16415,0,0,0,0,0,0,0,0,0,4,0,1
D,16425,0,0,0,0,0,0,0,0,0,4,0,1
D,16435,0,0,0,0,0,0,0,0,0,4,0,1
D,16445,0,0,0,0,0,0,0,0,0,4,0,1
D,16455,0,0,0,0,0,0,0,0,0,4,0,1
D,16465,0,0,0,0,0,0,0,0,0,4,0,1
D,16475,0,0,0,0,0,0,0,0,0,4,0,1
D,16485,0,0,0,0,0,0,0,0,0,4,0,1
D,16495,0,0,0,0,0,0,0,0,0,4,0,1
D,16505,0,0,0,0,0,0,0,0,0,4,0,1
D,16515,0,0,0,0,0,0,0,0,0,4,0,1
D,16525,0,0,0,0,0,0,0,0,0,4,0,1
D,16535,0,0,0,0,0,0,0,0,0,4,0,1
D,16545,0,0,0,0,0,0,0,0,0,4,0,1
D,16555,0,0,0,0,0,0,0,0,0,4,0,1
D,16565,0,0,0,0,0,0,0,0,0,4,0,1
D,16575,0,0,0,0,0,0,0,0,0,4,0,1
D,16585,0,0,0,0,0,0,0,0,0,4,0,1
D,16595,0,0,0,0,0,0,0,0,0,4,0,1
D,16605,0,0,0,0,0,0,0,0,0,4,0,1
D,16615,0,0,0,0,0,0,0,0,0,4,0,1
D,16625,0,0,0,0,0,0,0,0,0,4,0,1
D,16635,0,0,0,0,0,0,0,0,0,4,0,1
D,16645,0,0,0,0,0,0,0,0,0,4,0,1
D,16655,0,0,0,0,0,0,0,0,0,4,0,1
D,16665,0,0,0,0,0,0,0,0,0,4,0,1
D,16675,0,0,0,0,0,0,0,0,0,4,0,1
D,16685,0,0,0,0,0,0,0,0,0,4,0,1
D,16695,0,0,0,0,0,0,0,0,0,4,0,1
D,16705,0,0,0,0,0,0,0,0,0,4,0,1
D,16715,0,0,0,0,0,0,0,0,0,4,0,1
D,16725,0,0,0,0,0,0,0,0,0,4,0,1
D,16735,0,0,0,0,0,0,0,0,0,4,0,1
D,16745,0,0,0,0,0,0,0,0,0,4,0,1
D,16755,0,0,0,0,0,0,0,0,0,4,0,1
D,16765,0,0,0,0,0,0,0,0,0,4,0,1
D,16775,0,0,0,0,0,0,0,0,0,4,0,1
D,16785,0,0,0,0,0,0,0,0,0,4,0,1
D,16795,0,0,0,0,0,0,0,0,0,4,0,1
D,16805,0,0,0,0,0,0,0,0,0,4,0,1
D,16815,0,0,0,0,0,0,0,0,0,4,0,1
D,16825,0,0,0,0,0,0,0,0,0,4,0,1
D,16835,0,0,0,0,0,0,0,0,0,4,0,1
D,16845,0,0,0,0,0,0,0,0,0,4,0,1
D,16855,0,0,0,0,0,0,0,0,0,4,0,1
D,16865,0,0,0,0,0,0,0,0,0,4,0,1
D,16875,0,0,0,0,0,0,0,0,0,4,0,1
D,16885,0,0,0,0,0,0,0,0,0,4,0,1
D,16895,0,0,0,0,0,0,0,0,0,4,0,1
D,16905,0,0,0,0,0,0,0,0,0,4,0,1
D,16915,0,0,0,0,0,0,0,0,0,4,0,1
D,16925,0,0,0,0,0,0,0,0,0,4,0,1
D,16935,0,0,0,0,0,0,0,0,0,4,0,1
D,16945,0,0,0,-40,0,0,0,4,0,0,0,1
D,16955,0,0,0,-61,0,0,0,6,0,-6,0,1
D,16965,0,0,0,-81,0,0,0,8,0,-14,0,1
D,16975,0,0,0,-112,0,0,0,11,0,-25,0,1
D,16985,0,0,0,-122,0,0,0,12,0,-37,0,1
D,16995,0,0,0,-81,0,0,0,8,0,-45,0,1
D,17005,0,0,0,-61,0,0,0,6,0,-51,0,1
D,17015,0,0,0,-81,0,0,0,8,0,-59,0,1
D,17025,0,0,0,-112,0,0,0,11,0,-70,0,1
D,17035,0,0,0,-214,0,0,0,21,0,-91,0,1
D,17045,0,0,0,-336,0,0,0,33,0,-124,0,1
D,17055,0,0,0,-612,0,0,0,60,0,-184,0,1
D,17065,0,0,0,-1245,0,0,0,122,0,-306,0,1
D,17075,0,0,0,-1766,0,0,0,173,0,-479,0,1
D,17085,0,0,0,-2287,0,0,0,224,0,-703,0,1
D,17095,0,0,0,-2960,0,0,0,290,0,-993,0,1
D,17105,0,0,0,-3502,0,0,0,343,0,-1336,0,1
D,17115,0,0,0,-4002,0,0,0,392,0,-1728,0,1
D,17125,0,0,0,-4553,0,0,0,446,0,-2174,0,1
D,17135,0,0,0,-4921,0,0,0,482,0,-2656,0,1
D,17145,0,0,0,-5442,0,0,0,533,0,-3189,0,1
D,17155,0,0,0,-5748,0,0,0,563,0,-3752,0,1
D,17165,0,0,0,-6207,0,0,0,608,0,-4360,0,1
D,17175,0,0,0,-6503,0,0,0,637,0,-4997,0,1
D,17185,0,0,0,-6728,0,0,0,659,0,-5656,0,1
D,17195,0,0,0,-7075,0,0,0,693,0,-6349,0,1
D,17205,0,0,0,-7259,0,0,0,711,0,-7060,0,1
D,17215,0,0,0,-7361,0,0,0,721,0,-7781,0,1
D,17225,0,0,0,-7606,0,0,0,745,0,-8526,0,1
D,17235,0,0,0,-7749,0,0,0,759,0,-9285,0,1
D,17245,0,0,0,-7841,0,0,0,768,0,-10053,0,1
D,17255,0,0,0,-7851,0,0,0,769,0,-10822,0,1
D,17265,0,0,0,-7851,0,0,0,769,0,-11591,0,1
D,17275,0,0,0,-7810,0,0,0,765,0,-12356,0,1
D,17285,0,0,0,-7678,0,0,0,752,0,-13108,0,1
D,17295,0,0,0,-7422,0,0,0,727,0,-13835,0,1
D,17305,0,0,0,-7279,0,0,0,713,0,-14548,0,1
D,17315,0,0,0,-7024,0,0,0,688,0,-15236,0,1
D,17325,0,0,0,-6616,0,0,0,648,0,-15884,0,1
D,17335,0,0,0,-6269,0,0,0,614,0,-16498,0,1
D,17345,0,0,0,-5921,0,0,0,580,0,-17078,0,1
D,17355,0,0,0,-5421,0,0,0,531,0,-17609,0,1
D,17365,0,0,0,-5135,0,0,0,503,0,-18112,0,1
D,17375,0,0,0,-4645,0,0,0,455,0,-18567,0,1
D,17385,0,0,0,-4257,0,0,0,417,0,-18984,0,1
D,17395,0,0,0,-3736,0,0,0,366,0,-19350,0,1
D,17405,0,0,0,-3226,0,0,0,316,0,-19666,0,1
D,17415,0,0,0,-2787,0,0,0,273,0,-19939,0,1
D,17425,0,0,0,-2246,0,0,0,220,0,-20159,0,1
D,17435,0,0,0,-1715,0,0,0,168,0,-20327,0,1
D,17445,0,0,0,-1143,0,0,0,112,0,-20439,0,1
D,17455,0,0,0,-439,0,0,0,43,0,-20482,0,1
D,17465,0,0,0,0,0,0,0,0,0,-20482,0,1
D,17475,0,0,0,204,0,0,0,-20,0,-20462,0,1
D,17485,0,0,0,418,0,0,0,-41,0,-20421,0,1
D,17495,0,0,0,684,0,0,0,-67,0,-20354,0,1
D,17505,0,0,0,775,0,0,0,-76,0,-20278,0,1
D,17515,0,0,0,643,0,0,0,-63,0,-20215,0,1
D,17525,0,0,0,387,0,0,0,-38,0,-20177,0,1
D,17535,0,0,0,245,0,0,0,-24,0,-20153,0,1
D,17545,0,0,0,214,0,0,0,-21,0,-20132,0,1
D,17555,0,0,0,316,0,0,0,-31,0,-20101,0,1
D,17565,0,0,0,479,0,0,0,-47,0,-20054,0,1
D,17575,0,0,0,602,0,0,0,-59,0,-19995,0,1
D,17585,0,0,0,571,0,0,0,-56,0,-19939,0,1
D,17595,0,0,0,377,0,0,0,-37,0,-19902,0,1
D,17605,0,0,0,81,0,0,0,-8,0,-19894,0,1
D,17615,0,0,0,-30,0,0,0,3,0,-19897,0,1
D,17625,0,0,0,-30,0,0,0,3,0,-19900,0,1
D,17635,0,0,0,0,0,0,0,0,0,-19900,0,1
D,17645,0,0,0,-10,0,0,0,1,0,-19901,0,1
D,17655,0,0,0,-10,0,0,0,1,0,-19902,0,1
D,17665,0,0,0,-10,0,0,0,1,0,-19903,0,1
D,17675,0,0,0,0,0,0,0,0,0,-19903,0,1
D,17685,0,0,0,0,0,0,0,0,0,-19903,0,1
D,17695,0,0,0,0,0,0,0,0,0,-19903,0,1
D,17705,0,0,0,0,0,0,0,0,0,-19903,0,1
D,17715,0,0,0,0,0,0,0,0,0,-19903,0,1
D,17725,0,0,0,0,0,0,0,0,0,-19903,0,1
D,17735,0,0,0,0,0,0,0,0,0,-19903,0,1
D,17745,0,0,0,0,0,0,0,0,0,-19903,0,1
D,17755,0,0,0,0,0,0,0,0,0,-19903,0,1
D,17765,0,0,0,0,0,0,0,0,0,-19903,0,1
D,17775,0,0,0,0,0,0,0,0,0,-19903,0,1
D,17785,0,0,0,0,0,0,0,0,0,-19903,0,1
D,17795,0,0,0,0,0,0,0,0,0,-19903,0,1
D,17805,0,0,0,0,0,0,0,0,0,-19903,0,1
D,17815,0,0,0,0,0,0,0,0,0,-19903,0,1
D,17825,0,0,0,0,0,0,0,0,0,-19903,0,1
D,17835,0,0,0,0,0,0,0,0,0,-19903,0,1
D,17845,0,0,0,0,0,0,0,0,0,-19903,0,1
D,17855,0,0,0,0,0,0,0,0,0,-19903,0,1
D,17865,0,0,0,0,0,0,0,0,0,-19903,0,1
D,17875,0,0,0,0,0,0,0,0,0,-19903,0,1
D,17885,0,0,0,0,0,0,0,0,0,-19903,0,1
D,17895,0,0,0,0,0,0,0,0,0,-19903,0,1
D,17905,0,0,0,0,0,0,0,0,0,-19903,0,1
D,17915,0,0,0,0,0,0,0,0,0,-19903,0,1
D,17925,0,0,0,0,0,0,0,0,0,-19903,0,1
D,17935,0,0,0,0,0,0,0,0,0,-19903,0,1
D,17945,0,0,0,0,0,0,0,0,0,-19903,0,1
D,17955,0,0,0,0,0,0,0,0,0,-19903,0,1
D,17965,0,0,0,0,0,0,0,0,0,-19903,0,1
D,17975,0,0,0,0,0,0,0,0,0,-19903,0,1
D,17985,0,0,0,0,0,0,0,0,0,-19903,0,1
D,17995,0,0,0,0,0,0,0,0,0,-19903,0,1
D,18005,0,0,0,0,0,0,0,0,0,-19903,0,1
D,18015,0,0,0,0,0,0,0,0,0,-19903,0,1
D,18025,0,0,0,0,0,0,0,0,0,-19903,0,1
D,18035,0,0,0,0,0,0,0,0,0,-19903,0,1
D,18045,0,0,0,0,0,0,0,0,0,-19903,0,1
D,18055,0,0,0,0,0,0,0,0,0,-19903,0,1
D,18065,0,0,0,0,0,0,0,0,0,-19903,0,1
D,18075,0,0,0,0,0,0,0,0,0,-19903,0,1
D,18085,0,0,0,0,0,0,0,0,0,-19903,0,1
D,18095,0,0,0,0,0,0,0,0,0,-19903,0,1
D,18105,0,0,0,0,0,0,0,0,0,-19903,0,1
D,18115,0,0,0,0,0,0,0,0,0,-19903,0,1
D,18125,0,0,0,0,0,0,0,0,0,-19903,0,1
D,18135,0,0,0,0,0,0,0,0,0,-19903,0,1
D,18145,0,0,0,0,0,0,0,0,0,-19903,0,1
D,18155,0,0,0,0,0,0,0,0,0,-19903,0,1
D,18165,0,0,0,0,0,0,0,0,0,-19903,0,1
D,18175,0,0,0,0,0,0,0,0,0,-19903,0,1
D,18185,0,0,0,0,0,0,0,0,0,-19903,0,1
D,18195,0,0,0,0,0,0,0,0,0,-19903,0,1
D,18205,0,0,0,0,0,0,0,0,0,-19903,0,1
D,18215,0,0,0,0,0,0,0,0,0,-19903,0,1
D,18225,0,0,0,0,0,0,0,0,0,-19903,0,1
D,18235,0,0,0,0,0,0,0,0,0,-19903,0,1
D,18245,0,0,0,0,0,0,0,0,0,-19903,0,1
D,18255,0,0,0,0,0,0,0,0,0,-19903,0,1
D,18265,0,0,0,0,0,0,0,0,0,-19903,0,1
D,18275,0,0,0,0,0,0,0,0,0,-19903,0,1
D,18285,0,0,0,0,0,0,0,0,0,-19903,0,1
D,18295,0,0,0,0,0,0,0,0,0,-19903,0,1
D,18305,0,0,0,0,0,0,0,0,0,-19903,0,1
D,18315,0,0,0,0,0,0,0,0,0,-19903,0,1
D,18325,0,0,0,0,0,0,0,0,0,-19903,0,1
D,18335,0,0,0,0,0,0,0,0,0,-19903,0,1
D,18345,0,0,0,0,0,0,0,0,0,-19903,0,1
D,18355,0,0,0,0,0,0,0,0,0,-19903,0,1
D,18365,0,0,0,0,0,0,0,0,0,-19903,0,1
D,18375,0,0,0,0,0,0,0,0,0,-19903,0,1
D,18385,0,0,0,0,0,0,0,0,0,-19903,0,1
D,18395,0,0,0,0,0,0,0,0,0,-19903,0,1
D,18405,0,0,0,0,0,0,0,0,0,-19903,0,1
D,18415,0,0,0,0,0,0,0,0,0,-19903,0,1
D,18425,0,0,0,0,0,0,0,0,0,-19903,0,1
D,18435,0,0,0,0,0,0,0,0,0,-19903,0,1
D,18445,0,0,0,0,0,0,0,0,0,-19903,0,1
D,18455,0,0,0,0,0,0,0,0,0,-19903,0,1
D,18465,0,0,0,0,0,0,0,0,0,-19903,0,1
D,18475,0,0,0,0,0,0,0,0,0,-19903,0,1
D,18485,0,0,0,0,0,0,0,0,0,-19903,0,1
D,18495,0,0,0,0,0,0,0,0,0,-19903,0,1
D,18505,0,0,0,0,0,0,0,0,0,-19903,0,1
D,18515,0,0,0,0,0,0,0,0,0,-19903,0,1
D,18525,0,0,0,0,0,0,0,0,0,-19903,0,1
D,18535,0,0,0,0,0,0,0,0,0,-19903,0,1
D,18545,0,0,0,0,0,0,0,0,0,-19903,0,1
D,18555,0,0,0,0,0,0,0,0,0,-19903,0,1
D,18565,0,0,0,0,0,0,0,0,0,-19903,0,1
D,18575,0,0,0,0,0,0,0,0,0,-19903,0,1
D,18585,0,0,0,0,0,0,0,0,0,-19903,0,1
D,18595,0,0,0,0,0,0,0,0,0,-19903,0,1
D,18605,0,0,0,0,0,0,0,0,0,-19903,0,1
D,18615,0,0,0,0,0,0,0,0,0,-19903,0,1
D,18625,0,0,0,0,0,0,0,0,0,-19903,0,1
D,18635,0,0,0,0,0,0,0,0,0,-19903,0,1
D,18645,0,0,0,0,0,0,0,0,0,-19903,0,1
D,18655,0,0,0,0,0,0,0,0,0,-19903,0,1
D,18665,0,0,0,0,0,0,0,0,0,-19903,0,1
D,18675,0,0,0,0,0,0,0,0,0,-19903,0,1
D,18685,0,0,0,0,0,0,0,0,0,-19903,0,1
D,18695,0,0,0,0,0,0,0,0,0,-19903,0,1
D,18705,0,0,0,0,0,0,0,0,0,-19903,0,1
D,18715,0,0,0,0,0,0,0,0,0,-19903,0,1
D,18725,0,0,0,0,0,0,0,0,0,-19903,0,1
D,18735,0,0,0,0,0,0,0,0,0,-19903,0,1
D,18745,0,0,0,0,0,0,0,0,0,-19903,0,1
D,18755,0,0,0,0,0,0,0,0,0,-19903,0,1
D,18765,0,0,0,0,0,0,0,0,0,-19903,0,1
D,18775,0,0,0,0,0,0,0,0,0,-19903,0,1
D,18785,0,0,0,0,0,0,0,0,0,-19903,0,1
D,18795,0,0,0,0,0,0,0,0,0,-19903,0,1
D,18805,0,0,0,0,0,0,0,0,0,-19903,0,1
D,18815,0,0,0,0,0,0,0,0,0,-19903,0,1
D,18825,0,0,0,0,0,0,0,0,0,-19903,0,1
D,18835,0,0,0,0,0,0,0,0,0,-19903,0,1
D,18845,0,0,0,0,0,0,0,0,0,-19903,0,1
D,18855,0,0,0,0,0,0,0,0,0,-19903,0,1
D,18865,0,0,0,10,0,0,0,-1,0,-19902,0,1
D,18875,0,0,0,20,0,0,0,-2,0,-19900,0,1
D,18885,0,0,0,30,0,0,0,-3,0,-19897,0,1
D,18895,0,0,0,81,0,0,0,-8,0,-19889,0,1
D,18905,0,0,0,132,0,0,0,-13,0,-19876,0,1
D,18915,0,0,0,245,0,0,0,-24,0,-19852,0,1
D,18925,0,0,0,449,0,0,0,-44,0,-19808,0,1
D,18935,0,0,0,878,0,0,0,-86,0,-19722,0,1
D,18945,0,0,0,1306,0,0,0,-128,0,-19594,0,1
D,18955,0,0,0,1439,0,0,0,-141,0,-19453,0,1
D,18965,0,0,0,1786,0,0,0,-175,0,-19278,0,1
D,18975,0,0,0,1970,0,0,0,-193,0,-19085,0,1
D,18985,0,0,0,2266,0,0,0,-222,0,-18863,0,1
D,18995,0,0,0,2430,0,0,0,-238,0,-18625,0,1
D,19005,0,0,0,2603,0,0,0,-255,0,-18370,0,1
D,19015,0,0,0,2848,0,0,0,-279,0,-18091,0,1
D,19025,0,0,0,3124,0,0,0,-306,0,-17785,0,1
D,19035,0,0,0,3257,0,0,0,-319,0,-17466,0,1
D,19045,0,0,0,3430,0,0,0,-336,0,-17130,0,1
D,19055,0,0,0,3736,0,0,0,-366,0,-16764,0,1
D,19065,0,0,0,3890,0,0,0,-381,0,-16383,0,1
D,19075,0,0,0,4094,0,0,0,-401,0,-15982,0,1
D,19085,0,0,0,4308,0,0,0,-422,0,-15560,0,1
D,19095,0,0,0,4380,0,0,0,-429,0,-15131,0,1
D,19105,0,0,0,4676,0,0,0,-458,0,-14673,0,1
D,19115,0,0,0,4737,0,0,0,-464,0,-14209,0,1
D,19125,0,0,0,4962,0,0,0,-486,0,-13723,0,1
D,19135,0,0,0,5002,0,0,0,-490,0,-13233,0,1
D,19145,0,0,0,5237,0,0,0,-513,0,-12720,0,1
D,19155,0,0,0,5268,0,0,0,-516,0,-12204,0,1
D,19165,0,0,0,5462,0,0,0,-535,0,-11669,0,1
D,19175,0,0,0,5452,0,0,0,-534,0,-11135,0,1
D,19185,0,0,0,5636,0,0,0,-552,0,-10583,0,1
D,19195,0,0,0,5605,0,0,0,-549,0,-10034,0,1
D,19205,0,0,0,5676,0,0,0,-556,0,-9478,0,1
D,19215,0,0,0,5625,0,0,0,-551,0,-8927,0,1
D,19225,0,0,0,5595,0,0,0,-548,0,-8379,0,1
D,19235,0,0,0,5554,0,0,0,-544,0,-7835,0,1
D,19245,0,0,0,5390,0,0,0,-528,0,-7307,0,1
D,19255,0,0,0,5339,0,0,0,-523,0,-6784,0,1
D,19265,0,0,0,5135,0,0,0,-503,0,-6281,0,1
D,19275,0,0,0,5054,0,0,0,-495,0,-5786,0,1
D,19285,0,0,0,4849,0,0,0,-475,0,-5311,0,1
D,19295,0,0,0,4757,0,0,0,-466,0,-4845,0,1
D,19305,0,0,0,4584,0,0,0,-449,0,-4396,0,1
D,19315,0,0,0,4441,0,0,0,-435,0,-3961,0,1
D,19325,0,0,0,4288,0,0,0,-420,0,-3541,0,1
D,19335,0,0,0,3961,0,0,0,-388,0,-3153,0,1
D,19345,0,0,0,3798,0,0,0,-372,0,-2781,0,1
D,19355,0,0,0,3440,0,0,0,-337,0,-2444,0,1
D,19365,0,0,0,3165,0,0,0,-310,0,-2134,0,1
D,19375,0,0,0,2930,0,0,0,-287,0,-1847,0,1
D,19385,0,0,0,2593,0,0,0,-254,0,-1593,0,1
D,19395,0,0,0,2205,0,0,0,-216,0,-1377,0,1
D,19405,0,0,0,1939,0,0,0,-190,0,-1187,0,1
D,19415,0,0,0,1603,0,0,0,-157,0,-1030,0,1
D,19425,0,0,0,1357,0,0,0,-133,0,-897,0,1
D,19435,0,0,0,857,0,0,0,-84,0,-813,0,1
D,19445,0,0,0,581,0,0,0,-57,0,-756,0,1
D,19455,0,0,0,510,0,0,0,-50,0,-706,0,1
D,19465,0,0,0,387,0,0,0,-38,0,-668,0,1
D,19475,0,0,0,163,0,0,0,-16,0,-652,0,1
D,19485,0,0,0,-10,0,0,0,1,0,-653,0,1
D,19495,0,0,0,-30,0,0,0,3,0,-656,0,1
D,19505,0,0,0,-20,0,0,0,2,0,-658,0,1
D,19515,0,0,0,0,0,0,0,0,0,-658,0,1
D,19525,0,0,0,0,0,0,0,0,0,-658,0,1
D,19535,0,0,0,0,0,0,0,0,0,-658,0,1
D,19545,0,0,0,0,0,0,0,0,0,-658,0,1
D,19555,0,0,0,0,0,0,0,0,0,-658,0,1
D,19565,0,0,0,0,0,0,0,0,0,-658,0,1
D,19575,0,0,0,0,0,0,0,0,0,-658,0,1
D,19585,0,0,0,0,0,0,0,0,0,-658,0,1
D,19595,0,0,0,0,0,0,0,0,0,-658,0,1
D,19605,0,0,0,0,0,0,0,0,0,-658,0,1
D,19615,0,0,0,0,0,0,0,0,0,-658,0,1
D,19625,0,0,0,0,0,0,0,0,0,-658,0,1
D,19635,0,0,0,0,0,0,0,0,0,-658,0,1
D,19645,0,0,0,0,0,0,0,0,0,-658,0,1
D,19655,0,0,0,0,0,0,0,0,0,-658,0,1
D,19665,0,0,0,0,0,0,0,0,0,-658,0,1
D,19675,0,0,0,-10,0,0,0,1,0,-659,0,1
D,19685,0,0,0,0,0,0,0,0,0,-659,0,1
D,19695,0,0,0,0,0,0,0,0,0,-659,0,1
D,19705,0,0,0,0,0,0,0,0,0,-659,0,1
D,19715,0,0,0,0,0,0,0,0,0,-659,0,1
D,19725,0,0,0,0,0,0,0,0,0,-659,0,1
D,19735,0,0,0,0,0,0,0,0,0,-659,0,1
D,19745,0,0,0,0,0,0,0,0,0,-659,0,1
D,19755,0,0,0,0,0,0,0,0,0,-659,0,1
D,19765,0,0,0,0,0,0,0,0,0,-659,0,1
D,19775,0,0,0,0,0,0,0,0,0,-659,0,1
D,19785,0,0,0,0,0,0,0,0,0,-659,0,1
D,19795,0,0,0,0,0,0,0,0,0,-659,0,1
D,19805,0,0,0,0,0,0,0,0,0,-659,0,1
D,19815,0,0,0,0,0,0,0,0,0,-659,0,1
D,19825,0,0,0,0,0,0,0,0,0,-659,0,1
D,19835,0,0,0,0,0,0,0,0,0,-659,0,1
D,19845,0,0,0,0,0,0,0,0,0,-659,0,1
D,19855,0,0,0,0,0,0,0,0,0,-659,0,1
D,19865,0,0,0,0,0,0,0,0,0,-659,0,1
D,19875,0,0,0,0,0,0,0,0,0,-659,0,1
D,19885,0,0,0,0,0,0,0,0,0,-659,0,1
D,19895,0,0,0,0,0,0,0,0,0,-659,0,1
D,19905,0,0,0,0,0,0,0,0,0,-659,0,1
D,19915,0,0,0,0,0,0,0,0,0,-659,0,1
D,19925,0,0,0,0,0,0,0,0,0,-659,0,1
D,19935,0,0,0,0,0,0,0,0,0,-659,0,1
D,19945,0,0,0,0,0,0,0,0,0,-659,0,1
D,19955,0,0,0,0,0,0,0,0,0,-659,0,1
D,19965,0,0,0,0,0,0,0,0,0,-659,0,1
D,19975,0,0,0,0,0,0,0,0,0,-659,0,1
D,19985,0,0,0,0,0,0,0,0,0,-659,0,1
D,19995,0,0,0,0,0,0,0,0,0,-659,0,1
D,20005,0,0,0,0,0,0,0,0,0,-659,0,1
D,20015,0,0,0,0,0,0,0,0,0,-659,0,1
D,20025,0,0,0,0,0,0,0,0,0,-659,0,1
D,20035,0,0,0,0,0,0,0,0,0,-659,0,1
D,20045,0,0,0,0,0,0,0,0,0,-659,0,1
D,20055,0,0,0,0,0,0,0,0,0,-659,0,1
D,20065,0,0,0,0,0,0,0,0,0,-659,0,1
D,20075,0,0,0,0,0,0,0,0,0,-659,0,1
D,20085,0,0,0,0,0,0,0,0,0,-659,0,1
D,20095,0,0,0,0,0,0,0,0,0,-659,0,1
D,20105,0,0,0,0,0,0,0,0,0,-659,0,1
D,20115,0,0,0,0,0,0,0,0,0,-659,0,1
D,20125,0,0,0,0,0,0,0,0,0,-659,0,1
D,20135,0,0,0,0,0,0,0,0,0,-659,0,1
D,20145,0,0,0,0,0,0,0,0,0,-659,0,1
D,20155,0,0,0,0,0,0,0,0,0,-659,0,1
D,20165,0,0,0,0,0,0,0,0,0,-659,0,1
D,20175,0,0,0,0,0,0,0,0,0,-659,0,1
D,20185,0,0,0,0,0,0,0,0,0,-659,0,1
D,20195,0,0,0,0,0,0,0,0,0,-659,0,1
D,20205,0,0,0,0,0,0,0,0,0,-659,0,1
D,20215,0,0,0,0,0,0,0,0,0,-659,0,1
D,20225,0,0,0,0,0,0,0,0,0,-659,0,1
D,20235,0,0,0,0,0,0,0,0,0,-659,0,1
D,20245,0,0,0,0,0,0,0,0,0,-659,0,1
D,20255,0,0,0,0,0,0,0,0,0,-659,0,1
D,20265,0,0,0,0,0,0,0,0,0,-659,0,1
D,20275,0,0,0,0,0,0,0,0,0,-659,0,1
D,20285,0,0,0,0,0,0,0,0,0,-659,0,1
D,20295,0,0,0,0,0,0,0,0,0,-659,0,1
D,20305,0,0,0,0,0,0,0,0,0,-659,0,1
D,20315,0,0,0,0,0,0,0,0,0,-659,0,1
D,20325,0,0,0,0,0,0,0,0,0,-659,0,1
D,20335,0,0,0,0,0,0,0,0,0,-659,0,1
D,20345,0,0,0,0,0,0,0,0,0,-659,0,1
D,20355,0,0,0,0,0,0,0,0,0,-659,0,1
D,20365,0,0,0,0,0,0,0,0,0,-659,0,1
D,20375,0,0,0,0,0,0,0,0,0,-659,0,1
D,20385,0,0,0,0,0,0,0,0,0,-659,0,1
D,20395,0,0,0,0,0,0,0,0,0,-659,0,1
D,20405,0,0,0,0,0,0,0,0,0,-659,0,1
D,20415,0,0,0,0,0,0,0,0,0,-659,0,1
D,20425,0,0,0,0,0,0,0,0,0,-659,0,1
D,20435,0,0,0,0,0,0,0,0,0,-659,0,1
D,20445,0,0,0,0,0,0,0,0,0,-659,0,1
D,20455,0,0,0,0,0,0,0,0,0,-659,0,1
D,20465,0,0,0,0,0,0,0,0,0,-659,0,1
D,20475,0,0,0,0,0,0,0,0,0,-659,0,1
D,20485,0,0,0,0,0,0,0,0,0,-659,0,1
D,20495,0,0,0,0,0,0,0,0,0,-659,0,1
D,20505,0,0,0,0,0,0,0,0,0,-659,0,1
D,20515,0,0,0,0,0,0,0,0,0,-659,0,1
D,20525,0,0,0,0,0,0,0,0,0,-659,0,1
D,20535,0,0,0,0,0,0,0,0,0,-659,0,1
D,20545,0,0,0,0,0,0,0,0,0,-659,0,1
D,20555,0,0,0,0,0,0,0,0,0,-659,0,1
D,20565,0,0,0,0,0,0,0,0,0,-659,0,1
D,20575,0,0,0,0,0,0,0,0,0,-659,0,1
D,20585,0,0,0,0,0,0,0,0,0,-659,0,1
D,20595,0,0,0,0,0,0,0,0,0,-659,0,1
D,20605,0,0,0,0,0,0,0,0,0,-659,0,1
D,20615,0,0,0,0,0,0,0,0,0,-659,0,1
D,20625,0,0,0,0,0,0,0,0,0,-659,0,1
D,20635,0,0,0,0,0,0,0,0,0,-659,0,1
D,20645,0,0,0,0,0,0,0,0,0,-659,0,1
D,20655,0,0,0,0,0,0,0,0,0,-659,0,1
D,20665,0,0,0,0,0,0,0,0,0,-659,0,1
D,20675,0,0,0,0,0,0,0,0,0,-659,0,1
D,20685,0,0,0,0,0,0,0,0,0,-659,0,1
D,20695,0,0,0,0,0,0,0,0,0,-659,0,1
D,20705,0,0,0,0,0,0,0,0,0,-659,0,1
D,20715,0,0,0,0,0,0,0,0,0,-659,0,1
D,20725,0,0,0,0,0,0,0,0,0,-659,0,1
D,20735,0,0,0,0,0,0,0,0,0,-659,0,1
D,20745,0,0,0,0,0,0,0,0,0,-659,0,1
D,20755,0,0,0,0,0,0,0,0,0,-659,0,1
D,20765,0,0,0,0,0,0,0,0,0,-659,0,1
D,20775,0,0,0,0,0,0,0,0,0,-659,0,1
D,20785,0,0,0,0,0,0,0,0,0,-659,0,1
D,20795,0,0,0,0,0,0,0,0,0,-659,0,1
D,20805,0,0,0,0,0,0,0,0,0,-659,0,1
D,20815,0,0,0,0,0,0,0,0,0,-659,0,1
D,20825,0,0,0,0,0,0,0,0,0,-659,0,1
D,20835,0,0,0,0,0,0,0,0,0,-659,0,1
D,20845,0,0,0,0,0,0,0,0,0,-659,0,1
D,20855,0,0,0,0,0,0,0,0,0,-659,0,1
D,20865,0,0,0,0,0,0,0,0,0,-659,0,1
D,20875,0,0,0,0,0,0,0,0,0,-659,0,1
D,20885,0,0,0,0,0,0,0,0,0,-659,0,1
D,20895,0,0,0,0,0,0,0,0,0,-659,0,1
D,20905,0,0,0,0,0,0,0,0,0,-659,0,1
D,20915,0,0,0,0,0,0,0,0,0,-659,0,1
D,20925,0,0,0,0,0,0,0,0,0,-659,0,1
D,20935,0,0,0,0,0,0,0,0,0,-659,0,1
D,20945,0,0,0,0,0,0,0,0,0,-659,0,1
D,20955,0,0,0,0,0,0,0,0,0,-659,0,1
D,20965,0,0,0,0,0,0,0,0,0,-659,0,1
D,20975,0,0,0,0,0,0,0,0,0,-659,0,1
D,20985,0,0,0,0,0,0,0,0,0,-659,0,1
D,20995,0,0,0,0,0,0,0,0,0,-659,0,1
D,21005,0,0,0,0,0,0,0,0,0,-659,0,1
D,21015,0,0,0,0,0,0,0,0,0,-659,0,1
D,21025,0,0,0,0,0,0,0,0,0,-659,0,1
D,21035,0,0,0,0,0,0,0,0,0,-659,0,1
D,21045,0,0,0,0,0,0,0,0,0,-659,0,1
D,21055,0,0,0,0,0,0,0,0,0,-659,0,1
D,21065,0,0,0,0,0,0,0,0,0,-659,0,1
D,21075,0,0,0,0,0,0,0,0,0,-659,0,1
D,21085,0,0,0,0,0,0,0,0,0,-659,0,1
D,21095,0,0,0,0,0,0,0,0,0,-659,0,1
D,21105,0,0,0,0,0,0,0,0,0,-659,0,1
D,21115,0,0,0,0,0,0,0,0,0,-659,0,1
D,21125,0,0,0,0,0,0,0,0,0,-659,0,1
D,21135,0,0,0,0,0,0,0,0,0,-659,0,1
D,21145,0,0,0,0,0,0,0,0,0,-659,0,1
D,21155,0,0,0,0,0,0,0,0,0,-659,0,1
D,21165,0,0,0,0,0,0,0,0,0,-659,0,1
D,21175,0,0,0,0,0,0,0,0,0,-659,0,1
D,21185,0,0,0,0,0,0,0,0,0,-659,0,1
D,21195,0,0,0,0,0,0,0,0,0,-659,0,1
D,21205,0,0,0,0,0,0,0,0,0,-659,0,1
D,21215,0,0,0,0,0,0,0,0,0,-659,0,1
D,21225,0,0,0,0,0,0,0,0,0,-659,0,1
D,21235,0,0,0,0,0,0,0,0,0,-659,0,1
D,21245,0,0,0,0,0,0,0,0,0,-659,0,1
D,21255,0,0,0,0,0,0,0,0,0,-659,0,1
D,21265,0,0,0,0,0,0,0,0,0,-659,0,1
D,21275,0,0,0,0,0,0,0,0,0,-659,0,1
D,21285,0,0,0,0,0,0,0,0,0,-659,0,1
D,21295,0,0,0,0,0,0,0,0,0,-659,0,1
D,21305,0,0,0,0,0,0,0,0,0,-659,0,1
D,21315,0,0,0,0,0,0,0,0,0,-659,0,1
D,21325,0,0,0,0,0,0,0,0,0,-659,0,1
D,21335,0,0,0,0,0,0,0,0,0,-659,0,1
D,21345,0,0,0,0,0,0,0,0,0,-659,0,1
D,21355,0,0,0,0,0,0,0,0,0,-659,0,1
D,21365,0,0,0,0,0,0,0,0,0,-659,0,1
D,21375,0,0,0,0,0,0,0,0,0,-659,0,1
D,21385,0,0,0,0,0,0,0,0,0,-659,0,1
D,21395,0,0,0,0,0,0,0,0,0,-659,0,1
D,21405,0,0,0,0,0,0,0,0,0,-659,0,1
D,21415,0,0,0,0,0,0,0,0,0,-659,0,1
D,21425,0,0,0,0,0,0,0,0,0,-659,0,1
D,21435,0,0,0,0,0,0,0,0,0,-659,0,1
D,21445,0,0,0,0,0,0,0,0,0,-659,0,1
D,21455,0,0,0,0,0,0,0,0,0,-659,0,1
D,21465,0,0,0,0,0,0,0,0,0,-659,0,1
D,21475,0,0,0,0,0,0,0,0,0,-659,0,1
D,21485,0,0,0,0,0,0,0,0,0,-659,0,1
D,21495,0,0,0,0,0,0,0,0,0,-659,0,1
D,21505,0,0,0,0,0,0,0,0,0,-659,0,1
D,21515,0,0,0,0,0,0,0,0,0,-659,0,1
D,21525,0,0,0,0,0,0,0,0,0,-659,0,1
D,21535,0,0,0,0,0,0,0,0,0,-659,0,1
D,21545,0,0,0,0,0,0,0,0,0,-659,0,1
D,21555,0,0,0,0,0,0,0,0,0,-659,0,1
D,21565,0,0,0,0,0,0,0,0,0,-659,0,1
D,21575,0,0,0,0,0,0,0,0,0,-659,0,1
D,21585,0,0,0,0,0,0,0,0,0,-659,0,1
D,21595,0,0,0,0,0,0,0,0,0,-659,0,1
D,21605,0,0,0,0,0,0,0,0,0,-659,0,1
D,21615,0,0,0,0,0,0,0,0,0,-659,0,1
D,21625,0,0,0,0,0,0,0,0,0,-659,0,1
D,21635,0,0,0,0,0,0,0,0,0,-659,0,1
D,21645,0,0,0,0,0,0,0,0,0,-659,0,1
D,21655,0,0,0,0,0,0,0,0,0,-659,0,1
D,21665,0,0,0,0,0,0,0,0,0,-659,0,1
D,21675,0,0,0,0,0,0,0,0,0,-659,0,1
D,21685,0,0,0,0,0,0,0,0,0,-659,0,1
D,21695,0,0,0,0,0,0,0,0,0,-659,0,1
D,21705,0,0,0,0,0,0,0,0,0,-659,0,1
D,21715,0,0,0,0,0,0,0,0,0,-659,0,1
D,21725,0,0,0,0,0,0,0,0,0,-659,0,1
D,21735,0,0,0,0,0,0,0,0,0,-659,0,1
D,21745,0,0,0,0,0,0,0,0,0,-659,0,1
D,21755,0,0,0,0,0,0,0,0,0,-659,0,1
D,21765,0,0,0,0,0,0,0,0,0,-659,0,1
D,21775,0,0,0,0,0,0,0,0,0,-659,0,1
D,21785,0,0,0,0,0,0,0,0,0,-659,0,1
D,21795,0,0,0,0,0,0,0,0,0,-659,0,1
D,21805,0,0,0,0,0,0,0,0,0,-659,0,1
D,21815,0,0,0,0,0,0,0,0,0,-659,0,1
D,21825,0,0,0,0,0,0,0,0,0,-659,0,1
D,21835,0,0,0,0,0,0,0,0,0,-659,0,1
D,21845,0,0,0,0,0,0,0,0,0,-659,0,1
D,21855,0,0,0,0,0,0,0,0,0,-659,0,1
D,21865,0,0,0,0,0,0,0,0,0,-659,0,1
D,21875,0,0,0,0,0,0,0,0,0,-659,0,1
D,21885,0,0,0,0,0,0,0,0,0,-659,0,1
D,21895,0,0,0,0,0,0,0,0,0,-659,0,1
D,21905,0,0,0,0,0,0,0,0,0,-659,0,1
D,21915,0,0,0,0,0,0,0,0,0,-659,0,1
D,21925,0,0,0,0,0,0,0,0,0,-659,0,1
D,21935,0,0,0,0,0,0,0,0,0,-659,0,1
D,21945,0,0,0,0,0,0,0,0,0,-659,0,1
D,21955,0,0,0,0,0,0,0,0,0,-659,0,1
D,21965,0,0,0,0,0,0,0,0,0,-659,0,1
D,21975,0,0,0,0,0,0,0,0,0,-659,0,1
D,21985,0,0,0,0,0,0,0,0,0,-659,0,1
D,21995,0,0,0,0,0,0,0,0,0,-659,0,1
D,22005,0,0,0,0,0,0,0,0,0,-659,0,1
D,22015,0,0,0,0,0,0,0,0,0,-659,0,1
D,22025,0,0,0,0,0,0,0,0,0,-659,0,1
D,22035,0,0,0,0,0,0,0,0,0,-659,0,1
D,22045,0,0,0,0,0,0,0,0,0,-659,0,1
D,22055,0,0,0,0,0,0,0,0,0,-659,0,1
D,22065,0,0,0,0,0,0,0,0,0,-659,0,1
D,22075,0,0,0,0,0,0,0,0,0,-659,0,1
D,22085,0,0,0,0,0,0,0,0,0,-659,0,1
D,22095,0,0,0,0,0,0,0,0,0,-659,0,1
D,22105,0,0,0,0,0,0,0,0,0,-659,0,1
D,22115,0,0,0,0,0,0,0,0,0,-659,0,1
D,22125,0,0,0,0,0,0,0,0,0,-659,0,1
D,22135,0,0,0,0,0,0,0,0,0,-659,0,1
D,22145,0,0,0,0,0,0,0,0,0,-659,0,1
D,22155,0,0,0,0,0,0,0,0,0,-659,0,1
D,22165,0,0,0,0,0,0,0,0,0,-659,0,1
D,22175,0,0,0,0,0,0,0,0,0,-659,0,1
D,22185,0,0,0,0,0,0,0,0,0,-659,0,1
D,22195,0,0,0,0,0,0,0,0,0,-659,0,1
D,22205,0,0,0,0,0,0,0,0,0,-659,0,1
D,22215,0,0,0,0,0,0,0,0,0,-659,0,1
D,22225,0,0,0,0,0,0,0,0,0,-659,0,1
D,22235,0,0,0,0,0,0,0,0,0,-659,0,1
D,22245,0,0,0,0,0,0,0,0,0,-659,0,1
D,22255,0,0,0,0,0,0,0,0,0,-659,0,1
D,22265,0,0,0,0,0,0,0,0,0,-659,0,1
D,22275,0,0,0,0,0,0,0,0,0,-659,0,1
D,22285,0,0,0,0,0,0,0,0,0,-659,0,1
D,22295,0,0,0,0,0,0,0,0,0,-659,0,1
D,22305,0,0,0,0,0,0,0,0,0,-659,0,1
D,22315,0,0,0,0,0,0,0,0,0,-659,0,1
D,22325,0,0,0,0,0,0,0,0,0,-659,0,1
D,22335,0,0,0,0,0,0,0,0,0,-659,0,1
D,22345,0,0,0,0,0,0,0,0,0,-659,0,1
D,22355,0,0,0,0,0,0,0,0,0,-659,0,1
D,22365,0,0,0,0,0,0,0,0,0,-659,0,1
D,22375,0,0,0,0,0,0,0,0,0,-659,0,1
D,22385,0,0,0,0,0,0,0,0,0,-659,0,1
D,22395,0,0,0,0,0,0,0,0,0,-659,0,1
D,22405,0,0,0,0,0,0,0,0,0,-659,0,1
D,22415,0,0,0,0,0,0,0,0,0,-659,0,1
D,22425,0,0,0,0,0,0,0,0,0,-659,0,1
D,22435,0,0,0,0,0,0,0,0,0,-659,0,1
D,22445,0,0,0,0,0,0,0,0,0,-659,0,1
D,22455,0,0,0,0,0,0,0,0,0,-659,0,1
D,22465,0,0,0,0,0,0,0,0,0,-659,0,1
D,22475,0,0,0,0,0,0,0,0,0,-659,0,1
D,22485,0,0,0,0,0,0,0,0,0,-659,0,1
D,22495,0,0,0,0,0,0,0,0,0,-659,0,1
D,22505,0,0,0,0,0,0,0,0,0,-659,0,1
D,22515,0,0,0,0,0,0,0,0,0,-659,0,1
D,22525,0,0,0,0,0,0,0,0,0,-659,0,1
D,22535,0,0,0,0,0,0,0,0,0,-659,0,1
D,22545,0,0,0,0,0,0,0,0,0,-659,0,1
D,22555,0,0,0,0,0,0,0,0,0,-659,0,1
D,22565,0,0,0,0,0,0,0,0,0,-659,0,1
D,22575,0,0,0,0,0,0,0,0,0,-659,0,1
D,22585,0,0,0,0,0,0,0,0,0,-659,0,1
D,22595,0,0,0,0,0,0,0,0,0,-659,0,1
D,22605,0,0,0,0,0,0,0,0,0,-659,0,1
D,22615,0,0,0,0,0,0,0,0,0,-659,0,1
D,22625,0,0,0,0,0,0,0,0,0,-659,0,1
D,22635,0,0,0,0,0,0,0,0,0,-659,0,1
D,22645,0,0,0,0,0,0,0,0,0,-659,0,1
D,22655,0,0,0,0,0,0,0,0,0,-659,0,1
D,22665,0,0,0,0,0,0,0,0,0,-659,0,1
D,22675,0,0,0,0,0,0,0,0,0,-659,0,1
D,22685,0,0,0,0,0,0,0,0,0,-659,0,1
D,22695,0,0,0,0,0,0,0,0,0,-659,0,1
D,22705,0,0,0,0,0,0,0,0,0,-659,0,1
D,22715,0,0,0,0,0,0,0,0,0,-659,0,1
D,22725,0,0,0,0,0,0,0,0,0,-659,0,1
D,22735,0,0,0,0,0,0,0,0,0,-659,0,1
D,22745,0,0,0,0,0,0,0,0,0,-659,0,1
D,22755,0,0,0,0,0,0,0,0,0,-659,0,1
D,22765,0,0,0,0,0,0,0,0,0,-659,0,1
D,22775,0,0,0,0,0,0,0,0,0,-659,0,1
D,22785,0,0,0,0,0,0,0,0,0,-659,0,1
D,22795,0,0,0,0,0,0,0,0,0,-659,0,1
D,22805,0,0,0,0,0,0,0,0,0,-659,0,1
D,22815,0,0,0,0,0,0,0,0,0,-659,0,1
D,22825,0,0,0,0,0,0,0,0,0,-659,0,1
D,22835,0,0,0,0,0,0,0,0,0,-659,0,1
D,22845,0,0,0,0,0,0,0,0,0,-659,0,1
D,22855,0,0,0,0,0,0,0,0,0,-659,0,1
D,22865,0,0,0,0,0,0,0,0,0,-659,0,1
D,22875,0,0,0,0,0,0,0,0,0,-659,0,1
D,22885,0,0,0,0,0,0,0,0,0,-659,0,1
D,22895,0,0,0,0,0,0,0,0,0,-659,0,1
D,22905,0,0,0,0,0,0,0,0,0,-659,0,1
D,22915,0,0,0,0,0,0,0,0,0,-659,0,1
D,22925,0,0,0,0,0,0,0,0,0,-659,0,1
D,22935,0,0,0,0,0,0,0,0,0,-659,0,1
D,22945,0,0,0,0,0,0,0,0,0,-659,0,1
D,22955,0,0,0,0,0,0,0,0,0,-659,0,1
D,22965,0,0,0,0,0,0,0,0,0,-659,0,1
D,22975,0,0,0,0,0,0,0,0,0,-659,0,1
D,22985,0,0,0,0,0,0,0,0,0,-659,0,1
D,22995,0,0,0,0,0,0,0,0,0,-659,0,1
D,23005,0,0,0,0,0,0,0,0,0,-659,0,1
D,23015,0,0,0,0,0,0,0,0,0,-659,0,1
D,23025,0,0,0,0,0,0,0,0,0,-659,0,1
D,23035,0,0,0,0,0,0,0,0,0,-659,0,1
D,23045,0,0,0,0,0,0,0,0,0,-659,0,1
D,23055,0,0,0,0,0,0,0,0,0,-659,0,1
D,23065,0,0,0,0,0,0,0,0,0,-659,0,1
D,23075,0,0,0,0,0,0,0,0,0,-659,0,1
D,23085,0,0,0,0,0,0,0,0,0,-659,0,1
D,23095,0,0,0,0,0,0,0,0,0,-659,0,1
D,23105,0,0,0,0,0,0,0,0,0,-659,0,1
D,23115,0,0,0,0,0,0,0,0,0,-659,0,1
D,23125,0,0,0,0,0,0,0,0,0,-659,0,1
D,23135,0,0,0,0,0,0,0,0,0,-659,0,1
D,23145,0,0,0,0,0,0,0,0,0,-659,0,1
D,23155,0,0,0,0,0,0,0,0,0,-659,0,1
D,23165,0,0,0,0,0,0,0,0,0,-659,0,1
D,23175,0,0,0,0,0,0,0,0,0,-659,0,1
D,23185,0,0,0,0,0,0,0,0,0,-659,0,1
D,23195,0,0,0,0,0,0,0,0,0,-659,0,1
D,23205,0,0,0,0,0,0,0,0,0,-659,0,1
D,23215,0,0,0,0,0,0,0,0,0,-659,0,1
D,23225,0,0,0,0,0,0,0,0,0,-659,0,1
D,23235,0,0,0,0,0,0,0,0,0,-659,0,1
D,23245,0,0,0,0,0,0,0,0,0,-659,0,1
D,23255,0,0,0,0,0,0,0,0,0,-659,0,1
D,23265,0,0,0,0,0,0,0,0,0,-659,0,1
D,23275,0,0,0,0,0,0,0,0,0,-659,0,1
D,23285,0,0,0,0,0,0,0,0,0,-659,0,1
D,23295,0,0,0,0,0,0,0,0,0,-659,0,1
D,23305,0,0,0,0,0,0,0,0,0,-659,0,1
D,23315,0,0,0,0,0,0,0,0,0,-659,0,1
D,23325,0,0,0,0,0,0,0,0,0,-659,0,1
D,23335,0,0,0,0,0,0,0,0,0,-659,0,1
D,23345,0,0,0,0,0,0,0,0,0,-659,0,1
D,23355,0,0,0,0,0,0,0,0,0,-659,0,1
D,23365,0,0,0,0,0,0,0,0,0,-659,0,1
D,23375,0,0,0,0,0,0,0,0,0,-659,0,1
D,23385,0,0,0,0,0,0,0,0,0,-659,0,1
D,23395,0,0,0,0,0,0,0,0,0,-659,0,1
D,23405,0,0,0,0,0,0,0,0,0,-659,0,1
D,23415,0,0,0,0,0,0,0,0,0,-659,0,1
D,23425,0,0,0,0,0,0,0,0,0,-659,0,1
D,23435,0,0,0,0,0,0,0,0,0,-659,0,1
D,23445,0,0,0,0,0,0,0,0,0,-659,0,1
D,23455,0,0,0,0,0,0,0,0,0,-659,0,1
D,23465,0,0,0,0,0,0,0,0,0,-659,0,1
D,23475,0,0,0,0,0,0,0,0,0,-659,0,1
D,23485,0,0,0,0,0,0,0,0,0,-659,0,1
D,23495,0,0,0,0,0,0,0,0,0,-659,0,1
D,23505,0,0,0,0,0,0,0,0,0,-659,0,1
D,23515,0,0,0,0,0,0,0,0,0,-659,0,1
D,23525,0,0,0,0,0,0,0,0,0,-659,0,1
D,23535,0,0,0,0,0,0,0,0,0,-659,0,1
D,23545,0,0,0,0,0,0,0,0,0,-659,0,1
D,23555,0,0,0,0,0,0,0,0,0,-659,0,1
D,23565,0,0,0,0,0,0,0,0,0,-659,0,1
D,23575,0,0,0,0,0,0,0,0,0,-659,0,1
D,23585,0,0,0,0,0,0,0,0,0,-659,0,1
D,23595,0,0,0,0,0,0,0,0,0,-659,0,1
D,23605,0,0,0,0,0,0,0,0,0,-659,0,1
D,23615,0,0,0,0,0,0,0,0,0,-659,0,1
D,23625,0,0,0,0,0,0,0,0,0,-659,0,1
D,23635,0,0,0,0,0,0,0,0,0,-659,0,1
D,23645,0,0,0,0,0,0,0,0,0,-659,0,1
D,23655,0,0,0,0,0,0,0,0,0,-659,0,1
D,23665,0,0,0,0,0,0,0,0,0,-659,0,1
D,23675,0,0,0,0,0,0,0,0,0,-659,0,1
D,23685,0,0,0,0,0,0,0,0,0,-659,0,1
D,23695,0,0,0,0,0,0,0,0,0,-659,0,1
D,23705,0,0,0,0,0,0,0,0,0,-659,0,1
D,23715,0,0,0,0,0,0,0,0,0,-659,0,1
D,23725,0,0,0,0,0,0,0,0,0,-659,0,1
D,23735,0,0,0,0,0,0,0,0,0,-659,0,1
D,23745,0,0,0,0,0,0,0,0,0,-659,0,1
D,23755,0,0,0,0,0,0,0,0,0,-659,0,1
D,23765,0,0,0,0,0,0,0,0,0,-659,0,1
D,23775,0,0,0,0,0,0,0,0,0,-659,0,1
D,23785,0,0,0,0,0,0,0,0,0,-659,0,1
D,23795,0,0,0,0,0,0,0,0,0,-659,0,1
D,23805,0,0,0,0,0,0,0,0,0,-659,0,1
D,23815,0,0,0,0,0,0,0,0,0,-659,0,1
D,23825,0,0,0,0,0,0,0,0,0,-659,0,1
D,23835,0,0,0,0,0,0,0,0,0,-659,0,1
D,23845,0,0,0,0,0,0,0,0,0,-659,0,1
D,23855,0,0,0,0,0,0,0,0,0,-659,0,1
D,23865,0,0,0,0,0,0,0,0,0,-659,0,1
D,23875,0,0,0,0,0,0,0,0,0,-659,0,1
D,23885,0,0,0,0,0,0,0,0,0,-659,0,1
D,23895,0,0,0,0,0,0,0,0,0,-659,0,1
D,23905,0,0,0,0,0,0,0,0,0,-659,0,1
D,23915,0,0,0,0,0,0,0,0,0,-659,0,1
D,23925,0,0,0,0,0,0,0,0,0,-659,0,1
D,23935,0,0,0,0,0,0,0,0,0,-659,0,1
D,23945,0,0,0,0,0,0,0,0,0,-659,0,1
D,23955,0,0,0,0,0,0,0,0,0,-659,0,1
D,23965,0,0,0,0,0,0,0,0,0,-659,0,1
D,23975,0,0,0,0,0,0,0,0,0,-659,0,1
D,23985,0,0,0,0,0,0,0,0,0,-659,0,1
D,23995,0,0,0,0,0,0,0,0,0,-659,0,1
D,24005,0,0,0,0,0,0,0,0,0,-659,0,1
D,24015,0,0,0,0,0,0,0,0,0,-659,0,1
D,24025,0,0,0,0,0,0,0,0,0,-659,0,1
D,24035,0,0,0,0,0,0,0,0,0,-659,0,1
D,24045,0,0,0,0,0,0,0,0,0,-659,0,1
D,24055,0,0,0,0,0,0,0,0,0,-659,0,1
D,24065,0,0,0,0,0,0,0,0,0,-659,0,1
D,24075,0,0,0,0,0,0,0,0,0,-659,0,1
D,24085,0,0,0,0,0,0,0,0,0,-659,0,1
D,24095,0,0,0,0,0,0,0,0,0,-659,0,1
D,24105,0,0,0,0,0,0,0,0,0,-659,0,1
D,24115,0,0,0,0,0,0,0,0,0,-659,0,1
D,24125,0,0,0,0,0,0,0,0,0,-659,0,1
D,24135,0,0,0,0,0,0,0,0,0,-659,0,1
D,24145,0,0,0,0,0,0,0,0,0,-659,0,1
D,24155,0,0,0,0,0,0,0,0,0,-659,0,1
D,24165,0,0,0,0,0,0,0,0,0,-659,0,1
D,24175,0,0,0,0,0,0,0,0,0,-659,0,1
D,24185,0,0,0,0,0,0,0,0,0,-659,0,1
D,24195,0,0,0,0,0,0,0,0,0,-659,0,1
D,24205,0,0,0,0,0,0,0,0,0,-659,0,1
D,24215,0,0,0,0,0,0,0,0,0,-659,0,1
D,24225,0,0,0,0,0,0,0,0,0,-659,0,1
D,24235,0,0,0,0,0,0,0,0,0,-659,0,1
D,24245,0,0,0,0,0,0,0,0,0,-659,0,1
D,24255,0,0,0,0,0,0,0,0,0,-659,0,1
D,24265,0,0,0,0,0,0,0,0,0,-659,0,1
D,24275,0,0,0,0,0,0,0,0,0,-659,0,1
D,24285,0,0,0,0,0,0,0,0,0,-659,0,1
D,24295,0,0,0,0,0,0,0,0,0,-659,0,1
D,24305,0,0,0,0,0,0,0,0,0,-659,0,1
D,24315,0,0,0,0,0,0,0,0,0,-659,0,1
D,24325,0,0,0,0,0,0,0,0,0,-659,0,1
D,24335,0,0,0,0,0,0,0,0,0,-659,0,1
D,24345,0,0,0,0,0,0,0,0,0,-659,0,1
D,24355,0,0,0,0,0,0,0,0,0,-659,0,1
D,24365,0,0,0,0,0,0,0,0,0,-659,0,1
D,24375,0,0,0,0,0,0,0,0,0,-659,0,1
D,24385,0,0,0,0,0,0,0,0,0,-659,0,1
D,24395,0,0,0,0,0,0,0,0,0,-659,0,1
D,24405,0,0,0,0,0,0,0,0,0,-659,0,1
D,24415,0,0,0,0,0,0,0,0,0,-659,0,1
D,24425,0,0,0,0,0,0,0,0,0,-659,0,1
D,24435,0,0,0,0,0,0,0,0,0,-659,0,1
D,24445,0,0,0,0,0,0,0,0,0,-659,0,1
D,24455,0,0,0,0,0,0,0,0,0,-659,0,1
D,24465,0,0,0,0,0,0,0,0,0,-659,0,1
D,24475,0,0,0,0,0,0,0,0,0,-659,0,1
D,24485,0,0,0,0,0,0,0,0,0,-659,0,1
D,24495,0,0,0,0,0,0,0,0,0,-659,0,1
D,24505,0,0,0,0,0,0,0,0,0,-659,0,1
D,24515,0,0,0,0,0,0,0,0,0,-659,0,1
D,24525,0,0,0,0,0,0,0,0,0,-659,0,1
D,24535,0,0,0,0,0,0,0,0,0,-659,0,1
D,24545,0,0,0,0,0,0,0,0,0,-659,0,1
D,24555,0,0,0,0,0,0,0,0,0,-659,0,1
D,24565,0,0,0,0,0,0,0,0,0,-659,0,1
D,24575,0,0,0,0,0,0,0,0,0,-659,0,1
D,24585,0,0,0,0,0,0,0,0,0,-659,0,1
D,24595,0,0,0,0,0,0,0,0,0,-659,0,1
D,24605,0,0,0,0,0,0,0,0,0,-659,0,1
D,24615,0,0,0,0,0,0,0,0,0,-659,0,1
D,24625,0,0,0,0,0,0,0,0,0,-659,0,1
D,24635,0,0,0,0,0,0,0,0,0,-659,0,1
D,24645,0,0,0,0,0,0,0,0,0,-659,0,1
D,24655,0,0,0,0,0,0,0,0,0,-659,0,1
D,24665,0,0,0,0,0,0,0,0,0,-659,0,1
D,24675,0,0,0,0,0,0,0,0,0,-659,0,1
D,24685,0,0,0,0,0,0,0,0,0,-659,0,1
D,24695,0,0,0,0,0,0,0,0,0,-659,0,1
D,24705,0,0,0,0,0,0,0,0,0,-659,0,1
D,24715,0,0,0,0,0,0,0,0,0,-659,0,1
D,24725,0,0,0,0,0,0,0,0,0,-659,0,1
D,24735,0,0,0,0,0,0,0,0,0,-659,0,1
D,24745,0,0,0,0,0,0,0,0,0,-659,0,1
D,24755,0,0,0,0,0,0,0,0,0,-659,0,1
D,24765,0,0,0,0,0,0,0,0,0,-659,0,1
D,24775,0,0,0,0,0,0,0,0,0,-659,0,1
D,24785,0,0,0,0,0,0,0,0,0,-659,0,1
D,24795,0,0,0,0,0,0,0,0,0,-659,0,1
D,24805,0,0,0,0,0,0,0,0,0,-659,0,1
D,24815,0,0,0,0,0,0,0,0,0,-659,0,1
D,24825,0,0,0,0,0,0,0,0,0,-659,0,1
D,24835,0,0,0,0,0,0,0,0,0,-659,0,1
D,24845,0,0,0,0,0,0,0,0,0,-659,0,1
D,24855,0,0,0,0,0,0,0,0,0,-659,0,1
D,24865,0,0,0,0,0,0,0,0,0,-659,0,1
D,24875,0,0,0,0,0,0,0,0,0,-659,0,1
D,24885,0,0,0,0,0,0,0,0,0,-659,0,1
D,24895,0,0,0,0,0,0,0,0,0,-659,0,1
D,24905,0,0,0,0,0,0,0,0,0,-659,0,1
D,24915,0,0,0,0,0,0,0,0,0,-659,0,1
D,24925,0,0,0,0,0,0,0,0,0,-659,0,1
D,24935,0,0,0,0,0,0,0,0,0,-659,0,1
D,24945,0,0,0,0,0,0,0,0,0,-659,0,1
D,24955,0,0,0,0,0,0,0,0,0,-659,0,1
D,24965,0,0,0,0,0,0,0,0,0,-659,0,1
D,24975,0,0,0,0,0,0,0,0,0,-659,0,1
D,24985,0,0,0,0,0,0,0,0,0,-659,0,1
D,24995,0,0,0,0,0,0,0,0,0,-659,0,1
D,25005,0,0,0,0,0,0,0,0,0,-659,0,1
D,25015,0,0,0,0,0,0,0,0,0,-659,0,1
D,25025,0,0,0,0,0,0,0,0,0,-659,0,1
D,25035,0,0,0,0,0,0,0,0,0,-659,0,1
D,25045,0,0,0,0,0,0,0,0,0,-659,0,1
D,25055,0,0,0,0,0,0,0,0,0,-659,0,1
D,25065,0,0,0,0,0,0,0,0,0,-659,0,1
D,25075,0,0,0,0,0,0,0,0,0,-659,0,1
D,25085,0,0,0,0,0,0,0,0,0,-659,0,1
D,25095,0,0,0,0,0,0,0,0,0,-659,0,1
D,25105,0,0,0,0,0,0,0,0,0,-659,0,1
D,25115,0,0,0,0,0,0,0,0,0,-659,0,1
D,25125,0,0,0,0,0,0,0,0,0,-659,0,1
D,25135,0,0,0,0,0,0,0,0,0,-659,0,1
D,25145,0,0,0,0,0,0,0,0,0,-659,0,1
D,25155,0,0,0,0,0,0,0,0,0,-659,0,1
D,25165,0,0,0,0,0,0,0,0,0,-659,0,1
D,25175,0,0,0,0,0,0,0,0,0,-659,0,1
D,25185,0,0,0,0,0,0,0,0,0,-659,0,1
D,25195,0,0,0,0,0,0,0,0,0,-659,0,1
D,25205,0,0,0,0,0,0,0,0,0,-659,0,1
D,25215,0,0,0,0,0,0,0,0,0,-659,0,1
D,25225,0,0,0,0,0,0,0,0,0,-659,0,1
D,25235,0,0,0,0,0,0,0,0,0,-659,0,1
D,25245,0,0,0,0,0,0,0,0,0,-659,0,1
D,25255,0,0,0,0,0,0,0,0,0,-659,0,1
D,25265,0,0,0,0,0,0,0,0,0,-659,0,1
D,25275,0,0,0,0,0,0,0,0,0,-659,0,1
D,25285,0,0,0,0,0,0,0,0,0,-659,0,1
D,25295,0,0,0,0,0,0,0,0,0,-659,0,1
D,25305,0,0,0,0,0,0,0,0,0,-659,0,1
D,25315,0,0,0,0,0,0,0,0,0,-659,0,1
D,25325,0,0,0,0,0,0,0,0,0,-659,0,1
D,25335,0,0,0,0,0,0,0,0,0,-659,0,1
D,25345,0,0,0,0,0,0,0,0,0,-659,0,1
D,25355,0,0,0,0,0,0,0,0,0,-659,0,1
D,25365,0,0,0,0,0,0,0,0,0,-659,0,1
D,25375,0,0,0,0,0,0,0,0,0,-659,0,1
D,25385,0,0,0,0,0,0,0,0,0,-659,0,1
D,25395,0,0,0,0,0,0,0,0,0,-659,0,1
D,25405,0,0,0,0,0,0,0,0,0,-659,0,1
D,25415,0,0,0,0,0,0,0,0,0,-659,0,1
D,25425,0,0,0,0,0,0,0,0,0,-659,0,1
D,25435,0,0,0,0,0,0,0,0,0,-659,0,1
D,25445,0,0,0,0,0,0,0,0,0,-659,0,1
D,25455,0,0,0,0,0,0,0,0,0,-659,0,1
D,25465,0,0,0,0,0,0,0,0,0,-659,0,1
D,25475,0,0,0,0,0,0,0,0,0,-659,0,1
D,25485,0,0,0,0,0,0,0,0,0,-659,0,1
D,25495,0,0,0,0,0,0,0,0,0,-659,0,1
D,25505,0,0,0,0,0,0,0,0,0,-659,0,1
D,25515,0,0,0,0,0,0,0,0,0,-659,0,1
D,25525,0,0,0,0,0,0,0,0,0,-659,0,1
D,25535,0,0,0,0,0,0,0,0,0,-659,0,1
D,25545,0,0,0,0,0,0,0,0,0,-659,0,1
D,25555,0,0,0,0,0,0,0,0,0,-659,0,1
D,25565,0,0,0,0,0,0,0,0,0,-659,0,1
D,25575,0,0,0,0,0,0,0,0,0,-659,0,1
D,25585,0,0,0,0,0,0,0,0,0,-659,0,1
D,25595,0,0,0,0,0,0,0,0,0,-659,0,1
D,25605,0,0,0,0,0,0,0,0,0,-659,0,1
D,25615,0,0,0,0,0,0,0,0,0,-659,0,1
D,25625,0,0,0,0,0,0,0,0,0,-659,0,1
D,25635,0,0,0,0,0,0,0,0,0,-659,0,1
D,25645,0,0,0,0,0,0,0,0,0,-659,0,1
D,25655,0,0,0,0,0,0,0,0,0,-659,0,1
D,25665,0,0,0,0,0,0,0,0,0,-659,0,1
D,25675,0,0,0,0,0,0,0,0,0,-659,0,1
D,25685,0,0,0,0,0,0,0,0,0,-659,0,1
D,25695,0,0,0,0,0,0,0,0,0,-659,0,1
D,25705,0,0,0,0,0,0,0,0,0,-659,0,1
D,25715,0,0,0,0,0,0,0,0,0,-659,0,1
D,25725,0,0,0,30,0,0,0,-3,0,-656,0,1
D,25735,0,0,0,10,0,0,0,-1,0,-655,0,1
D,25745,0,0,0,10,0,0,0,-1,0,-654,0,1
D,25755,0,0,0,0,0,0,0,0,0,-654,0,1
D,25765,0,0,0,0,0,0,0,0,0,-654,0,1
D,25775,0,0,0,0,0,0,0,0,0,-654,0,1
D,25785,0,0,0,0,0,0,0,0,0,-654,0,1
D,25795,0,0,0,0,0,0,0,0,0,-654,0,1
D,25805,0,0,0,0,0,0,0,0,0,-654,0,1
D,25815,0,0,0,0,0,0,0,0,0,-654,0,1
D,25825,0,0,0,0,0,0,0,0,0,-654,0,1
D,25835,0,0,0,0,0,0,0,0,0,-654,0,1
D,25845,0,0,0,0,0,0,0,0,0,-654,0,1
D,25855,0,0,0,0,0,0,0,0,0,-654,0,1
D,25865,0,0,0,0,0,0,0,0,0,-654,0,1
D,25875,0,0,0,0,0,0,0,0,0,-654,0,1
D,25885,0,0,0,0,0,0,0,0,0,-654,0,1
D,25895,0,0,0,0,0,0,0,0,0,-654,0,1
D,25905,0,0,0,0,0,0,0,0,0,-654,0,1
D,25915,0,0,0,0,0,0,0,0,0,-654,0,1
D,25925,0,0,0,0,0,0,0,0,0,-654,0,1
D,25935,0,0,0,0,0,0,0,0,0,-654,0,1
D,25945,0,0,0,0,0,0,0,0,0,-654,0,1
D,25955,0,0,0,0,0,0,0,0,0,-654,0,1
D,25965,0,0,0,0,0,0,0,0,0,-654,0,1
D,25975,0,0,0,0,0,0,0,0,0,-654,0,1
D,25985,0,0,0,0,0,0,0,0,0,-654,0,1
D,25995,0,0,0,-10,0,0,0,1,0,-655,0,1
D,26005,0,0,0,-51,0,0,0,5,0,-660,0,1
D,26015,0,0,0,-40,0,0,0,4,0,-664,0,1
D,26025,0,0,0,-40,0,0,0,4,0,-668,0,1
D,26035,0,0,0,-91,0,0,0,9,0,-677,0,1
D,26045,0,0,0,-153,0,0,0,15,0,-692,0,1
D,26055,0,0,0,-173,0,0,0,17,0,-709,0,1
D,26065,0,0,0,-224,0,0,0,22,0,-731,0,1
D,26075,0,0,0,-316,0,0,0,31,0,-762,0,1
D,26085,0,0,0,-520,0,0,0,51,0,-813,0,1
D,26095,0,0,0,-1000,0,0,0,98,0,-911,0,1
D,26105,0,0,0,-1684,0,0,0,165,0,-1076,0,1
D,26115,0,0,0,-2195,0,0,0,215,0,-1291,0,1
D,26125,0,0,0,-2766,0,0,0,271,0,-1562,0,1
D,26135,0,0,0,-3430,0,0,0,336,0,-1898,0,1
D,26145,0,0,0,-4063,0,0,0,398,0,-2296,0,1
D,26155,0,0,0,-4737,0,0,0,464,0,-2760,0,1
D,26165,0,0,0,-5564,0,0,0,545,0,-3305,0,1
D,26175,0,0,0,-6238,0,0,0,611,0,-3916,0,1
D,26185,0,0,0,-6922,0,0,0,678,0,-4594,0,1
D,26195,0,0,0,-7606,0,0,0,745,0,-5339,0,1
D,26205,0,0,0,-8260,0,0,0,809,0,-6148,0,1
D,26215,0,0,0,-8954,0,0,0,877,0,-7025,0,1
D,26225,0,0,0,-9607,0,0,0,941,0,-7966,0,1
D,26235,0,0,0,-10312,0,0,0,1010,0,-8976,0,1
D,26245,0,0,0,-10904,0,0,0,1068,0,-10044,0,1
D,26255,0,0,0,-11435,0,0,0,1120,0,-11164,0,1
D,26265,0,0,0,-11864,0,0,0,1162,0,-12326,0,1
D,26275,0,0,0,-12231,0,0,0,1198,0,-13524,0,1
D,26285,0,0,0,-12538,0,0,0,1228,0,-14752,0,1
D,26295,0,0,0,-12711,0,0,0,1245,0,-15997,0,1
D,26305,0,0,0,-12711,0,0,0,1245,0,-17242,0,1
D,26315,0,0,0,-12609,0,0,0,1235,0,-18477,0,1
D,26325,0,0,0,-12436,0,0,0,1218,0,-19695,0,1
D,26335,0,0,0,-12272,0,0,0,1202,0,-20897,0,1
D,26345,0,0,0,-11986,0,0,0,1174,0,-22071,0,1
D,26355,0,0,0,-11700,0,0,0,1146,0,-23217,0,1
D,26365,0,0,0,-11445,0,0,0,1121,0,-24338,0,1
D,26375,0,0,0,-11200,0,0,0,1097,0,-25435,0,1
D,26385,0,0,0,-10986,0,0,0,1076,0,-26511,0,1
D,26395,0,0,0,-10771,0,0,0,1055,0,-27566,0,1
D,26405,0,0,0,-10577,0,0,0,1036,0,-28602,0,1
D,26415,0,0,0,-10342,0,0,0,1013,0,-29615,0,1
D,26425,0,0,0,-10159,0,0,0,995,0,-30610,0,1
D,26435,0,0,0,-9924,0,0,0,972,0,-31582,0,1
D,26445,0,0,0,-9709,0,0,0,951,0,-32533,0,1
D,26455,0,0,0,-9505,0,0,0,931,0,-33464,0,1
D,26465,0,0,0,-9301,0,0,0,911,0,-34375,0,1
D,26475,0,0,0,-9076,0,0,0,889,0,-35264,0,1
D,26485,0,0,0,-8872,0,0,0,869,0,-36133,0,1
D,26495,0,0,0,-8678,0,0,0,850,0,-36983,0,1
D,26505,0,0,0,-8413,0,0,0,824,0,-37807,0,1
D,26515,0,0,0,-8260,0,0,0,809,0,-38616,0,1
D,26525,0,0,0,-8076,0,0,0,791,0,-39407,0,1
D,26535,0,0,0,-7872,0,0,0,771,0,-40178,0,1
D,26545,0,0,0,-7657,0,0,0,750,0,-40928,0,1
D,26555,0,0,0,-7412,0,0,0,726,0,-41654,0,1
D,26565,0,0,0,-7310,0,0,0,716,0,-42370,0,1
D,26575,0,0,0,-7085,0,0,0,694,0,-43064,0,1
D,26585,0,0,0,-6810,0,0,0,667,0,-43731,0,1
D,26595,0,0,0,-6708,0,0,0,657,0,-44388,0,1
D,26605,0,0,0,-6514,0,0,0,638,0,-45026,0,1
D,26615,0,0,0,-6228,0,0,0,610,0,-45636,0,1
D,26625,0,0,0,-6146,0,0,0,602,0,-46238,0,1
D,26635,0,0,0,-5911,0,0,0,579,0,-46817,0,1
D,26645,0,0,0,-5748,0,0,0,563,0,-47380,0,1
D,26655,0,0,0,-5533,0,0,0,542,0,-47922,0,1
D,26665,0,0,0,-5370,0,0,0,526,0,-48448,0,1
D,26675,0,0,0,-5207,0,0,0,510,0,-48958,0,1
D,26685,0,0,0,-4992,0,0,0,489,0,-49447,0,1
D,26695,0,0,0,-4839,0,0,0,474,0,-49921,0,1
D,26705,0,0,0,-4666,0,0,0,457,0,-50378,0,1
D,26715,0,0,0,-4461,0,0,0,437,0,-50815,0,1
D,26725,0,0,0,-4329,0,0,0,424,0,-51239,0,1
D,26735,0,0,0,-4084,0,0,0,400,0,-51639,0,1
D,26745,0,0,0,-4002,0,0,0,392,0,-52031,0,1
D,26755,0,0,0,-3777,0,0,0,370,0,-52401,0,1
D,26765,0,0,0,-3604,0,0,0,353,0,-52754,0,1
D,26775,0,0,0,-3491,0,0,0,342,0,-53096,0,1
D,26785,0,0,0,-3257,0,0,0,319,0,-53415,0,1
D,26795,0,0,0,-3083,0,0,0,302,0,-53717,0,1
D,26805,0,0,0,-3001,0,0,0,294,0,-54011,0,1
D,26815,0,0,0,-2797,0,0,0,274,0,-54285,0,1
D,26825,0,0,0,-2603,0,0,0,255,0,-54540,0,1
D,26835,0,0,0,-2501,0,0,0,245,0,-54785,0,1
D,26845,0,0,0,-2358,0,0,0,231,0,-55016,0,1
D,26855,0,0,0,-2144,0,0,0,210,0,-55226,0,1
D,26865,0,0,0,-2021,0,0,0,198,0,-55424,0,1
D,26875,0,0,0,-1796,0,0,0,176,0,-55600,0,1
D,26885,0,0,0,-1756,0,0,0,172,0,-55772,0,1
D,26895,0,0,0,-1541,0,0,0,151,0,-55923,0,1
D,26905,0,0,0,-1490,0,0,0,146,0,-56069,0,1
D,26915,0,0,0,-1215,0,0,0,119,0,-56188,0,1
D,26925,0,0,0,-1174,0,0,0,115,0,-56303,0,1
D,26935,0,0,0,-1051,0,0,0,103,0,-56406,0,1
D,26945,0,0,0,-704,0,0,0,69,0,-56475,0,1
D,26955,0,0,0,-490,0,0,0,48,0,-56523,0,1
D,26965,0,0,0,-571,0,0,0,56,0,-56579,0,1
D,26975,0,0,0,-643,0,0,0,63,0,-56642,0,1
D,26985,0,0,0,-510,0,0,0,50,0,-56692,0,1
D,26995,0,0,0,-245,0,0,0,24,0,-56716,0,1
D,27005,0,0,0,40,0,0,0,-4,0,-56712,0,1
D,27015,0,0,0,204,0,0,0,-20,0,-56692,0,1
D,27025,0,0,0,245,0,0,0,-24,0,-56668,0,1
D,27035,0,0,0,214,0,0,0,-21,0,-56647,0,1
D,27045,0,0,0,102,0,0,0,-10,0,-56637,0,1
D,27055,0,0,0,0,0,0,0,0,0,-56637,0,1
D,27065,0,0,0,0,0,0,0,0,0,-56637,0,1
D,27075,0,0,0,0,0,0,0,0,0,-56637,0,1
D,27085,0,0,0,0,0,0,0,0,0,-56637,0,1
D,27095,0,0,0,0,0,0,0,0,0,-56637,0,1
D,27105,0,0,0,0,0,0,0,0,0,-56637,0,1
D,27115,0,0,0,0,0,0,0,0,0,-56637,0,1
D,27125,0,0,0,0,0,0,0,0,0,-56637,0,1
D,27135,0,0,0,0,0,0,0,0,0,-56637,0,1
D,27145,0,0,0,0,0,0,0,0,0,-56637,0,1
D,27155,0,0,0,0,0,0,0,0,0,-56637,0,1
D,27165,0,0,0,0,0,0,0,0,0,-56637,0,1
D,27175,0,0,0,0,0,0,0,0,0,-56637,0,1
D,27185,0,0,0,0,0,0,0,0,0,-56637,0,1
D,27195,0,0,0,0,0,0,0,0,0,-56637,0,1
D,27205,0,0,0,0,0,0,0,0,0,-56637,0,1
D,27215,0,0,0,0,0,0,0,0,0,-56637,0,1
D,27225,0,0,0,0,0,0,0,0,0,-56637,0,1
D,27235,0,0,0,0,0,0,0,0,0,-56637,0,1
D,27245,0,0,0,0,0,0,0,0,0,-56637,0,1
D,27255,0,0,0,0,0,0,0,0,0,-56637,0,1
D,27265,0,0,0,0,0,0,0,0,0,-56637,0,1
D,27275,0,0,0,0,0,0,0,0,0,-56637,0,1
D,27285,0,0,0,0,0,0,0,0,0,-56637,0,1
D,27295,0,0,0,0,0,0,0,0,0,-56637,0,1
D,27305,0,0,0,0,0,0,0,0,0,-56637,0,1
D,27315,0,0,0,0,0,0,0,0,0,-56637,0,1
D,27325,0,0,0,0,0,0,0,0,0,-56637,0,1
D,27335,0,0,0,0,0,0,0,0,0,-56637,0,1
D,27345,0,0,0,0,0,0,0,0,0,-56637,0,1
D,27355,0,0,0,0,0,0,0,0,0,-56637,0,1
D,27365,0,0,0,0,0,0,0,0,0,-56637,0,1
D,27375,0,0,0,0,0,0,0,0,0,-56637,0,1
D,27385,0,0,0,0,0,0,0,0,0,-56637,0,1
D,27395,0,0,0,0,0,0,0,0,0,-56637,0,1
D,27405,0,0,0,0,0,0,0,0,0,-56637,0,1
D,27415,0,0,0,0,0,0,0,0,0,-56637,0,1
D,27425,0,0,0,0,0,0,0,0,0,-56637,0,1
D,27435,0,0,0,0,0,0,0,0,0,-56637,0,1
D,27445,0,0,0,0,0,0,0,0,0,-56637,0,1
D,27455,0,0,0,0,0,0,0,0,0,-56637,0,1
D,27465,0,0,0,0,0,0,0,0,0,-56637,0,1
D,27475,0,0,0,0,0,0,0,0,0,-56637,0,1
D,27485,0,0,0,0,0,0,0,0,0,-56637,0,1
D,27495,0,0,0,0,0,0,0,0,0,-56637,0,1
D,27505,0,0,0,0,0,0,0,0,0,-56637,0,1
D,27515,0,0,0,0,0,0,0,0,0,-56637,0,1
D,27525,0,0,0,0,0,0,0,0,0,-56637,0,1
D,27535,0,0,0,0,0,0,0,0,0,-56637,0,1
D,27545,0,0,0,0,0,0,0,0,0,-56637,0,1
D,27555,0,0,0,0,0,0,0,0,0,-56637,0,1
D,27565,0,0,0,0,0,0,0,0,0,-56637,0,1
D,27575,0,0,0,0,0,0,0,0,0,-56637,0,1
D,27585,0,0,0,0,0,0,0,0,0,-56637,0,1
D,27595,0,0,0,0,0,0,0,0,0,-56637,0,1
D,27605,0,0,0,0,0,0,0,0,0,-56637,0,1
D,27615,0,0,0,0,0,0,0,0,0,-56637,0,1
D,27625,0,0,0,0,0,0,0,0,0,-56637,0,1
D,27635,0,0,0,0,0,0,0,0,0,-56637,0,1
D,27645,0,0,0,0,0,0,0,0,0,-56637,0,1
D,27655,0,0,0,0,0,0,0,0,0,-56637,0,1
D,27665,0,0,0,0,0,0,0,0,0,-56637,0,1
D,27675,0,0,0,0,0,0,0,0,0,-56637,0,1
D,27685,0,0,0,0,0,0,0,0,0,-56637,0,1
D,27695,0,0,0,0,0,0,0,0,0,-56637,0,1
D,27705,0,0,0,0,0,0,0,0,0,-56637,0,1
D,27715,0,0,0,0,0,0,0,0,0,-56637,0,1
D,27725,0,0,0,0,0,0,0,0,0,-56637,0,1
D,27735,0,0,0,0,0,0,0,0,0,-56637,0,1
D,27745,0,0,0,0,0,0,0,0,0,-56637,0,1
D,27755,0,0,0,0,0,0,0,0,0,-56637,0,1
D,27765,0,0,0,0,0,0,0,0,0,-56637,0,1
D,27775,0,0,0,0,0,0,0,0,0,-56637,0,1
D,27785,0,0,0,0,0,0,0,0,0,-56637,0,1
D,27795,0,0,0,0,0,0,0,0,0,-56637,0,1
D,27805,0,0,0,0,0,0,0,0,0,-56637,0,1
D,27815,0,0,0,0,0,0,0,0,0,-56637,0,1
D,27825,0,0,0,0,0,0,0,0,0,-56637,0,1
D,27835,0,0,0,0,0,0,0,0,0,-56637,0,1
D,27845,0,0,0,0,0,0,0,0,0,-56637,0,1
D,27855,0,0,0,0,0,0,0,0,0,-56637,0,1
D,27865,0,0,0,0,0,0,0,0,0,-56637,0,1
D,27875,0,0,0,0,0,0,0,0,0,-56637,0,1
D,27885,0,0,0,0,0,0,0,0,0,-56637,0,1
D,27895,0,0,0,0,0,0,0,0,0,-56637,0,1
D,27905,0,0,0,0,0,0,0,0,0,-56637,0,1
D,27915,0,0,0,0,0,0,0,0,0,-56637,0,1
D,27925,0,0,0,0,0,0,0,0,0,-56637,0,1
D,27935,0,0,0,0,0,0,0,0,0,-56637,0,1
D,27945,0,0,0,0,0,0,0,0,0,-56637,0,1
D,27955,0,0,0,0,0,0,0,0,0,-56637,0,1
D,27965,0,0,0,0,0,0,0,0,0,-56637,0,1
D,27975,0,0,0,0,0,0,0,0,0,-56637,0,1
D,27985,0,0,0,0,0,0,0,0,0,-56637,0,1
D,27995,0,0,0,0,0,0,0,0,0,-56637,0,1
D,28005,0,0,0,0,0,0,0,0,0,-56637,0,1
D,28015,0,0,0,0,0,0,0,0,0,-56637,0,1
D,28025,0,0,0,0,0,0,0,0,0,-56637,0,1
D,28035,0,0,0,0,0,0,0,0,0,-56637,0,1
D,28045,0,0,0,0,0,0,0,0,0,-56637,0,1
D,28055,0,0,0,0,0,0,0,0,0,-56637,0,1
D,28065,0,0,0,0,0,0,0,0,0,-56637,0,1
D,28075,0,0,0,0,0,0,0,0,0,-56637,0,1
D,28085,0,0,0,0,0,0,0,0,0,-56637,0,1
D,28095,0,0,0,0,0,0,0,0,0,-56637,0,1
D,28105,0,0,0,0,0,0,0,0,0,-56637,0,1
D,28115,0,0,0,0,0,0,0,0,0,-56637,0,1
D,28125,0,0,0,0,0,0,0,0,0,-56637,0,1
D,28135,0,0,0,0,0,0,0,0,0,-56637,0,1
D,28145,0,0,0,0,0,0,0,0,0,-56637,0,1
D,28155,0,0,0,0,0,0,0,0,0,-56637,0,1
D,28165,0,0,0,0,0,0,0,0,0,-56637,0,1
D,28175,0,0,0,0,0,0,0,0,0,-56637,0,1
D,28185,0,0,0,0,0,0,0,0,0,-56637,0,1
D,28195,0,0,0,0,0,0,0,0,0,-56637,0,1
D,28205,0,0,0,0,0,0,0,0,0,-56637,0,1
D,28215,0,0,0,0,0,0,0,0,0,-56637,0,1
D,28225,0,0,0,0,0,0,0,0,0,-56637,0,1
D,28235,0,0,0,0,0,0,0,0,0,-56637,0,1
D,28245,0,0,0,0,0,0,0,0,0,-56637,0,1
D,28255,0,0,0,0,0,0,0,0,0,-56637,0,1
D,28265,0,0,0,0,0,0,0,0,0,-56637,0,1
D,28275,0,0,0,0,0,0,0,0,0,-56637,0,1
D,28285,0,0,0,0,0,0,0,0,0,-56637,0,1
D,28295,0,0,0,0,0,0,0,0,0,-56637,0,1
D,28305,0,0,0,0,0,0,0,0,0,-56637,0,1
D,28315,0,0,0,0,0,0,0,0,0,-56637,0,1
D,28325,0,0,0,0,0,0,0,0,0,-56637,0,1
D,28335,0,0,0,0,0,0,0,0,0,-56637,0,1
D,28345,0,0,0,0,0,0,0,0,0,-56637,0,1
D,28355,0,0,0,0,0,0,0,0,0,-56637,0,1
D,28365,0,0,0,0,0,0,0,0,0,-56637,0,1
D,28375,0,0,0,0,0,0,0,0,0,-56637,0,1
D,28385,0,0,0,0,0,0,0,0,0,-56637,0,1
D,28395,0,0,0,0,0,0,0,0,0,-56637,0,1
D,28405,0,0,0,0,0,0,0,0,0,-56637,0,1
D,28415,0,0,0,0,0,0,0,0,0,-56637,0,1
D,28425,0,0,0,0,0,0,0,0,0,-56637,0,1
D,28435,0,0,0,-10,0,0,0,1,0,-56638,0,1
D,28445,0,0,0,0,0,0,0,0,0,-56638,0,1
D,28455,0,0,0,0,0,0,0,0,0,-56638,0,1
D,28465,0,0,0,0,0,0,0,0,0,-56638,0,1
D,28475,0,0,0,-10,0,0,0,1,0,-56639,0,1
D,28485,0,0,0,-10,0,0,0,1,0,-56640,0,1
D,28495,0,0,0,-30,0,0,0,3,0,-56643,0,1
D,28505,0,0,0,-102,0,0,0,10,0,-56653,0,1
D,28515,0,0,0,-163,0,0,0,16,0,-56669,0,1
D,28525,0,0,0,-204,0,0,0,20,0,-56689,0,1
D,28535,0,0,0,-214,0,0,0,21,0,-56710,0,1
D,28545,0,0,0,-193,0,0,0,19,0,-56729,0,1
D,28555,0,0,0,-153,0,0,0,15,0,-56744,0,1
D,28565,0,0,0,-173,0,0,0,17,0,-56761,0,1
D,28575,0,0,0,-285,0,0,0,28,0,-56789,0,1
D,28585,0,0,0,-500,0,0,0,49,0,-56838,0,1
D,28595,0,0,0,-1021,0,0,0,100,0,-56938,0,1
D,28605,0,0,0,-1562,0,0,0,153,0,-57091,0,1
D,28615,0,0,0,-1919,0,0,0,188,0,-57279,0,1
D,28625,0,0,0,-2430,0,0,0,238,0,-57517,0,1
D,28635,0,0,0,-3001,0,0,0,294,0,-57811,0,1
D,28645,0,0,0,-3604,0,0,0,353,0,-58164,0,1
D,28655,0,0,0,-4073,0,0,0,399,0,-58563,0,1
D,28665,0,0,0,-4645,0,0,0,455,0,-59018,0,1
D,28675,0,0,0,-5084,0,0,0,498,0,-59516,0,1
D,28685,0,0,0,-5727,0,0,0,561,0,-60077,0,1
D,28695,0,0,0,-6248,0,0,0,612,0,-60689,0,1
D,28705,0,0,0,-7004,0,0,0,686,0,-61375,0,1
D,28715,0,0,0,-7678,0,0,0,752,0,-62127,0,1
D,28725,0,0,0,-8290,0,0,0,812,0,-62939,0,1
D,28735,0,0,0,-8852,0,0,0,867,0,-63806,0,1
D,28745,0,0,0,-9464,0,0,0,927,0,-64733,0,1
D,28755,0,0,0,-9985,0,0,0,978,0,-65711,0,1
D,28765,0,0,0,-10516,0,0,0,1030,0,-66741,0,1
D,28775,0,0,0,-10965,0,0,0,1074,0,-67815,0,1
D,28785,0,0,0,-11425,0,0,0,1119,0,-68934,0,1
D,28795,0,0,0,-11782,0,0,0,1154,0,-70088,0,1
D,28805,0,0,0,-12150,0,0,0,1190,0,-71278,0,1
D,28815,0,0,0,-12487,0,0,0,1223,0,-72501,0,1
D,28825,0,0,0,-12834,0,0,0,1257,0,-73758,0,1
D,28835,0,0,0,-13222,0,0,0,1295,0,-75053,0,1
D,28845,0,0,0,-13405,0,0,0,1313,0,-76366,0,1
D,28855,0,0,0,-13569,0,0,0,1329,0,-77695,0,1
D,28865,0,0,0,-13742,0,0,0,1346,0,-79041,0,1
D,28875,0,0,0,-13599,0,0,0,1332,0,-80373,0,1
D,28885,0,0,0,-13416,0,0,0,1314,0,-81687,0,1
D,28895,0,0,0,-13222,0,0,0,1295,0,-82982,0,1
D,28905,0,0,0,-12640,0,0,0,1238,0,-84220,0,1
D,28915,0,0,0,-12017,0,0,0,1177,0,-85397,0,1
D,28925,0,0,0,-11363,0,0,0,1113,0,-86510,0,1
D,28935,0,0,0,-10710,0,0,0,1049,0,-87559,0,1
D,28945,0,0,0,-10138,0,0,0,993,0,-88552,0,1
D,28955,0,0,0,-9618,0,0,0,942,0,-89494,0,1
D,28965,0,0,0,-9240,0,0,0,905,0,-90399,0,1
D,28975,0,0,0,-8923,0,0,0,874,0,-91273,0,1
D,28985,0,0,0,-8678,0,0,0,850,0,-92123,0,1
D,28995,0,0,0,-8464,0,0,0,829,0,-92952,0,1
D,29005,0,0,0,-8229,0,0,0,806,0,-93758,0,1
D,29015,0,0,0,-8086,0,0,0,792,0,-94550,0,1
D,29025,0,0,0,-7861,0,0,0,770,0,-95320,0,1
D,29035,0,0,0,-7575,0,0,0,742,0,-96062,0,1
D,29045,0,0,0,-7218,0,0,0,707,0,-96769,0,1
D,29055,0,0,0,-6942,0,0,0,680,0,-97449,0,1
D,29065,0,0,0,-6687,0,0,0,655,0,-98104,0,1
D,29075,0,0,0,-6330,0,0,0,620,0,-98724,0,1
D,29085,0,0,0,-6126,0,0,0,600,0,-99324,0,1
D,29095,0,0,0,-5850,0,0,0,573,0,-99897,0,1
D,29105,0,0,0,-5646,0,0,0,553,0,-100450,0,1
D,29115,0,0,0,-5462,0,0,0,535,0,-100985,0,1
D,29125,0,0,0,-5196,0,0,0,509,0,-101494,0,1
D,29135,0,0,0,-5054,0,0,0,495,0,-101989,0,1
D,29145,0,0,0,-4819,0,0,0,472,0,-102461,0,1
D,29155,0,0,0,-4604,0,0,0,451,0,-102912,0,1
D,29165,0,0,0,-4380,0,0,0,429,0,-103341,0,1
D,29175,0,0,0,-4124,0,0,0,404,0,-103745,0,1
D,29185,0,0,0,-3981,0,0,0,390,0,-104135,0,1
D,29195,0,0,0,-3696,0,0,0,362,0,-104497,0,1
D,29205,0,0,0,-3481,0,0,0,341,0,-104838,0,1
D,29215,0,0,0,-3297,0,0,0,323,0,-105161,0,1
D,29225,0,0,0,-3022,0,0,0,296,0,-105457,0,1
D,29235,0,0,0,-2818,0,0,0,276,0,-105733,0,1
D,29245,0,0,0,-2685,0,0,0,263,0,-105996,0,1
D,29255,0,0,0,-2440,0,0,0,239,0,-106235,0,1
D,29265,0,0,0,-2266,0,0,0,222,0,-106457,0,1
D,29275,0,0,0,-2042,0,0,0,200,0,-106657,0,1
D,29285,0,0,0,-1868,0,0,0,183,0,-106840,0,1
D,29295,0,0,0,-1715,0,0,0,168,0,-107008,0,1
D,29305,0,0,0,-1439,0,0,0,141,0,-107149,0,1
D,29315,0,0,0,-1245,0,0,0,122,0,-107271,0,1
D,29325,0,0,0,-1102,0,0,0,108,0,-107379,0,1
D,29335,0,0,0,-714,0,0,0,70,0,-107449,0,1
D,29345,0,0,0,-347,0,0,0,34,0,-107483,0,1
D,29355,0,0,0,-153,0,0,0,15,0,-107498,0,1
D,29365,0,0,0,-51,0,0,0,5,0,-107503,0,1
D,29375,0,0,0,-10,0,0,0,1,0,-107504,0,1
D,29385,0,0,0,0,0,0,0,0,0,-107504,0,1
D,29395,0,0,0,0,0,0,0,0,0,-107504,0,1
D,29405,0,0,0,0,0,0,0,0,0,-107504,0,1
D,29415,0,0,0,0,0,0,0,0,0,-107504,0,1
D,29425,0,0,0,0,0,0,0,0,0,-107504,0,1
D,29435,0,0,0,0,0,0,0,0,0,-107504,0,1
D,29445,0,0,0,0,0,0,0,0,0,-107504,0,1
D,29455,0,0,0,0,0,0,0,0,0,-107504,0,1
D,29465,0,0,0,0,0,0,0,0,0,-107504,0,1
D,29475,0,0,0,0,0,0,0,0,0,-107504,0,1
D,29485,0,0,0,0,0,0,0,0,0,-107504,0,1
D,29495,0,0,0,0,0,0,0,0,0,-107504,0,1
D,29505,0,0,0,0,0,0,0,0,0,-107504,0,1
D,29515,0,0,0,0,0,0,0,0,0,-107504,0,1
D,29525,0,0,0,0,0,0,0,0,0,-107504,0,1
D,29535,0,0,0,0,0,0,0,0,0,-107504,0,1
D,29545,0,0,0,0,0,0,0,0,0,-107504,0,1
D,29555,0,0,0,0,0,0,0,0,0,-107504,0,1
D,29565,0,0,0,0,0,0,0,0,0,-107504,0,1
D,29575,0,0,0,0,0,0,0,0,0,-107504,0,1
D,29585,0,0,0,0,0,0,0,0,0,-107504,0,1
D,29595,0,0,0,0,0,0,0,0,0,-107504,0,1
D,29605,0,0,0,0,0,0,0,0,0,-107504,0,1
D,29615,0,0,0,0,0,0,0,0,0,-107504,0,1
D,29625,0,0,0,0,0,0,0,0,0,-107504,0,1
D,29635,0,0,0,0,0,0,0,0,0,-107504,0,1
D,29645,0,0,0,0,0,0,0,0,0,-107504,0,1
D,29655,0,0,0,0,0,0,0,0,0,-107504,0,1
D,29665,0,0,0,0,0,0,0,0,0,-107504,0,1
D,29675,0,0,0,0,0,0,0,0,0,-107504,0,1
D,29685,0,0,0,0,0,0,0,0,0,-107504,0,1
D,29695,0,0,0,0,0,0,0,0,0,-107504,0,1
D,29705,0,0,0,0,0,0,0,0,0,-107504,0,1
D,29715,0,0,0,0,0,0,0,0,0,-107504,0,1
D,29725,0,0,0,0,0,0,0,0,0,-107504,0,1
D,29735,0,0,0,0,0,0,0,0,0,-107504,0,1
D,29745,0,0,0,0,0,0,0,0,0,-107504,0,1
D,29755,0,0,0,0,0,0,0,0,0,-107504,0,1
D,29765,0,0,0,-10,0,0,0,1,0,-107505,0,1
D,29775,0,0,0,-30,0,0,0,3,0,-107508,0,1
D,29785,0,0,0,-71,0,0,0,7,0,-107515,0,1
D,29795,0,0,0,-122,0,0,0,12,0,-107527,0,1
D,29805,0,0,0,-245,0,0,0,24,0,-107551,0,1
D,29815,0,0,0,-367,0,0,0,36,0,-107587,0,1
D,29825,0,0,0,-428,0,0,0,42,0,-107629,0,1
D,29835,0,0,0,-347,0,0,0,34,0,-107663,0,1
D,29845,0,0,0,-173,0,0,0,17,0,-107680,0,1
D,29855,0,0,0,-10,0,0,0,1,0,-107681,0,1
D,29865,0,0,0,40,0,0,0,-4,0,-107677,0,1
D,29875,0,0,0,20,0,0,0,-2,0,-107675,0,1
D,29885,0,0,0,0,0,0,0,0,0,-107675,0,1
D,29895,0,0,0,61,0,0,0,-6,0,-107669,0,1
D,29905,0,0,0,20,0,0,0,-2,0,-107667,0,1
D,29915,0,0,0,0,0,0,0,0,0,-107667,0,1
D,29925,0,0,0,0,0,0,0,0,0,-107667,0,1
D,29935,0,0,0,0,0,0,0,0,0,-107667,0,1
D,29945,0,0,0,0,0,0,0,0,0,-107667,0,1
D,29955,0,0,0,0,0,0,0,0,0,-107667,0,1
D,29965,0,0,0,0,0,0,0,0,0,-107667,0,1
D,29975,0,0,0,0,0,0,0,0,0,-107667,0,1
D,29985,0,0,0,0,0,0,0,0,0,-107667,0,1
D,29995,0,0,0,10,0,0,0,-1,0,-107666,0,1
D,30005,0,0,0,0,0,0,0,0,0,-107666,0,1
D,30015,0,0,0,0,0,0,0,0,0,-107666,0,1
D,30025,0,0,0,0,0,0,0,0,0,-107666,0,1
D,30035,0,0,0,0,0,0,0,0,0,-107666,0,1
D,30045,0,0,0,0,0,0,0,0,0,-107666,0,1
D,30055,0,0,0,0,0,0,0,0,0,-107666,0,1
D,30065,0,0,0,0,0,0,0,0,0,-107666,0,1
D,30075,0,0,0,0,0,0,0,0,0,-107666,0,1
D,30085,0,0,0,-10,0,0,0,1,0,-107667,0,1
D,30095,0,0,0,-20,0,0,0,2,0,-107669,0,1
D,30105,0,0,0,0,0,0,0,0,0,-107669,0,1
D,30115,0,0,0,0,0,0,0,0,0,-107669,0,1
D,30125,0,0,0,-20,0,0,0,2,0,-107671,0,1
D,30135,0,0,0,-40,0,0,0,4,0,-107675,0,1
D,30145,0,0,0,-61,0,0,0,6,0,-107681,0,1
D,30155,0,0,0,-61,0,0,0,6,0,-107687,0,1
D,30165,0,0,0,-10,0,0,0,1,0,-107688,0,1
D,30175,0,0,0,0,0,0,0,0,0,-107688,0,1
D,30185,0,0,0,0,0,0,0,0,0,-107688,0,1
D,30195,0,0,0,0,0,0,0,0,0,-107688,0,1
D,30205,0,0,0,0,0,0,0,0,0,-107688,0,1
D,30215,0,0,0,0,0,0,0,0,0,-107688,0,1
D,30225,0,0,0,0,0,0,0,0,0,-107688,0,1
D,30235,0,0,0,0,0,0,0,0,0,-107688,0,1
D,30245,0,0,0,0,0,0,0,0,0,-107688,0,1
D,30255,0,0,0,0,0,0,0,0,0,-107688,0,1
D,30265,0,0,0,0,0,0,0,0,0,-107688,0,1
D,30275,0,0,0,0,0,0,0,0,0,-107688,0,1
D,30285,0,0,0,0,0,0,0,0,0,-107688,0,1
D,30295,0,0,0,0,0,0,0,0,0,-107688,0,1
D,30305,0,0,0,0,0,0,0,0,0,-107688,0,1
D,30315,0,0,0,0,0,0,0,0,0,-107688,0,1
D,30325,0,0,0,0,0,0,0,0,0,-107688,0,1
D,30335,0,0,0,0,0,0,0,0,0,-107688,0,1
D,30345,0,0,0,0,0,0,0,0,0,-107688,0,1
D,30355,0,0,0,0,0,0,0,0,0,-107688,0,1
D,30365,0,0,0,0,0,0,0,0,0,-107688,0,1
D,30375,0,0,0,10,0,0,0,-1,0,-107687,0,1
D,30385,0,0,0,30,0,0,0,-3,0,-107684,0,1
D,30395,0,0,0,40,0,0,0,-4,0,-107680,0,1
D,30405,0,0,0,20,0,0,0,-2,0,-107678,0,1
D,30415,0,0,0,10,0,0,0,-1,0,-107677,0,1
D,30425,0,0,0,0,0,0,0,0,0,-107677,0,1
D,30435,0,0,0,0,0,0,0,0,0,-107677,0,1
D,30445,0,0,0,0,0,0,0,0,0,-107677,0,1
D,30455,0,0,0,0,0,0,0,0,0,-107677,0,1
D,30465,0,0,0,0,0,0,0,0,0,-107677,0,1
D,30475,0,0,0,-20,0,0,0,2,0,-107679,0,1
D,30485,0,0,0,-40,0,0,0,4,0,-107683,0,1
D,30495,0,0,0,-81,0,0,0,8,0,-107691,0,1
D,30505,0,0,0,-102,0,0,0,10,0,-107701,0,1
D,30515,0,0,0,-102,0,0,0,10,0,-107711,0,1
D,30525,0,0,0,-102,0,0,0,10,0,-107721,0,1
D,30535,0,0,0,-81,0,0,0,8,0,-107729,0,1
D,30545,0,0,0,-40,0,0,0,4,0,-107733,0,1
D,30555,0,0,0,-10,0,0,0,1,0,-107734,0,1
D,30565,0,0,0,0,0,0,0,0,0,-107734,0,1
D,30575,0,0,0,0,0,0,0,0,0,-107734,0,1
D,30585,0,0,0,0,0,0,0,0,0,-107734,0,1
D,30595,0,0,0,30,0,0,0,-3,0,-107731,0,1
D,30605,0,0,0,81,0,0,0,-8,0,-107723,0,1
D,30615,0,0,0,81,0,0,0,-8,0,-107715,0,1
D,30625,0,0,0,20,0,0,0,-2,0,-107713,0,1
D,30635,0,0,0,0,0,0,0,0,0,-107713,0,1
D,30645,0,0,0,0,0,0,0,0,0,-107713,0,1
D,30655,0,0,0,0,0,0,0,0,0,-107713,0,1
D,30665,0,0,0,-10,0,0,0,1,0,-107714,0,1
D,30675,0,0,0,0,0,0,0,0,0,-107714,0,1
D,30685,0,0,0,0,0,0,0,0,0,-107714,0,1
D,30695,0,0,0,0,0,0,0,0,0,-107714,0,1
D,30705,0,0,0,0,0,0,0,0,0,-107714,0,1
D,30715,0,0,0,0,0,0,0,0,0,-107714,0,1
D,30725,0,0,0,0,0,0,0,0,0,-107714,0,1
D,30735,0,0,0,0,0,0,0,0,0,-107714,0,1
D,30745,0,0,0,0,0,0,0,0,0,-107714,0,1
D,30755,0,0,0,0,0,0,0,0,0,-107714,0,1
D,30765,0,0,0,0,0,0,0,0,0,-107714,0,1
D,30775,0,0,0,30,0,0,0,-3,0,-107711,0,1
D,30785,0,0,0,91,0,0,0,-9,0,-107702,0,1
D,30795,0,0,0,112,0,0,0,-11,0,-107691,0,1
D,30805,0,0,0,132,0,0,0,-13,0,-107678,0,1
D,30815,0,0,0,71,0,0,0,-7,0,-107671,0,1
D,30825,0,0,0,-20,0,0,0,2,0,-107673,0,1
D,30835,0,0,0,-51,0,0,0,5,0,-107678,0,1
D,30845,0,0,0,-81,0,0,0,8,0,-107686,0,1
D,30855,0,0,0,-61,0,0,0,6,0,-107692,0,1
D,30865,0,0,0,0,0,0,0,0,0,-107692,0,1
D,30875,0,0,0,0,0,0,0,0,0,-107692,0,1
D,30885,0,0,0,10,0,0,0,-1,0,-107691,0,1
D,30895,0,0,0,10,0,0,0,-1,0,-107690,0,1
D,30905,0,0,0,10,0,0,0,-1,0,-107689,0,1
D,30915,0,0,0,0,0,0,0,0,0,-107689,0,1
D,30925,0,0,0,0,0,0,0,0,0,-107689,0,1
D,30935,0,0,0,0,0,0,0,0,0,-107689,0,1
D,30945,0,0,0,0,0,0,0,0,0,-107689,0,1
D,30955,0,0,0,10,0,0,0,-1,0,-107688,0,1
D,30965,0,0,0,10,0,0,0,-1,0,-107687,0,1
D,30975,0,0,0,0,0,0,0,0,0,-107687,0,1
D,30985,0,0,0,10,0,0,0,-1,0,-107686,0,1
D,30995,0,0,0,40,0,0,0,-4,0,-107682,0,1
D,31005,0,0,0,61,0,0,0,-6,0,-107676,0,1
D,31015,0,0,0,20,0,0,0,-2,0,-107674,0,1
D,31025,0,0,0,-10,0,0,0,1,0,-107675,0,1
D,31035,0,0,0,-10,0,0,0,1,0,-107676,0,1
D,31045,0,0,0,0,0,0,0,0,0,-107676,0,1
D,31055,0,0,0,-30,0,0,0,3,0,-107679,0,1
D,31065,0,0,0,-51,0,0,0,5,0,-107684,0,1
D,31075,0,0,0,-51,0,0,0,5,0,-107689,0,1
D,31085,0,0,0,-10,0,0,0,1,0,-107690,0,1
D,31095,0,0,0,0,0,0,0,0,0,-107690,0,1
D,31105,0,0,0,0,0,0,0,0,0,-107690,0,1
D,31115,0,0,0,0,0,0,0,0,0,-107690,0,1
D,31125,0,0,0,0,0,0,0,0,0,-107690,0,1
D,31135,0,0,0,-30,0,0,0,3,0,-107693,0,1
D,31145,0,0,0,-91,0,0,0,9,0,-107702,0,1
D,31155,0,0,0,-132,0,0,0,13,0,-107715,0,1
D,31165,0,0,0,-153,0,0,0,15,0,-107730,0,1
D,31175,0,0,0,-91,0,0,0,9,0,-107739,0,1
D,31185,0,0,0,-20,0,0,0,2,0,-107741,0,1
D,31195,0,0,0,0,0,0,0,0,0,-107741,0,1
D,31205,0,0,0,0,0,0,0,0,0,-107741,0,1
D,31215,0,0,0,30,0,0,0,-3,0,-107738,0,1
D,31225,0,0,0,122,0,0,0,-12,0,-107726,0,1
D,31235,0,0,0,214,0,0,0,-21,0,-107705,0,1
D,31245,0,0,0,265,0,0,0,-26,0,-107679,0,1
D,31255,0,0,0,193,0,0,0,-19,0,-107660,0,1
D,31265,0,0,0,81,0,0,0,-8,0,-107652,0,1
D,31275,0,0,0,0,0,0,0,0,0,-107652,0,1
D,31285,0,0,0,0,0,0,0,0,0,-107652,0,1
D,31295,0,0,0,0,0,0,0,0,0,-107652,0,1
D,31305,0,0,0,-20,0,0,0,2,0,-107654,0,1
D,31315,0,0,0,-51,0,0,0,5,0,-107659,0,1
D,31325,0,0,0,-51,0,0,0,5,0,-107664,0,1
D,31335,0,0,0,-10,0,0,0,1,0,-107665,0,1
D,31345,0,0,0,0,0,0,0,0,0,-107665,0,1
D,31355,0,0,0,0,0,0,0,0,0,-107665,0,1
D,31365,0,0,0,10,0,0,0,-1,0,-107664,0,1
D,31375,0,0,0,40,0,0,0,-4,0,-107660,0,1
D,31385,0,0,0,51,0,0,0,-5,0,-107655,0,1
D,31395,0,0,0,30,0,0,0,-3,0,-107652,0,1
D,31405,0,0,0,10,0,0,0,-1,0,-107651,0,1
D,31415,0,0,0,0,0,0,0,0,0,-107651,0,1
D,31425,0,0,0,0,0,0,0,0,0,-107651,0,1
D,31435,0,0,0,0,0,0,0,0,0,-107651,0,1
D,31445,0,0,0,10,0,0,0,-1,0,-107650,0,1
D,31455,0,0,0,0,0,0,0,0,0,-107650,0,1
D,31465,0,0,0,0,0,0,0,0,0,-107650,0,1
D,31475,0,0,0,0,0,0,0,0,0,-107650,0,1
D,31485,0,0,0,0,0,0,0,0,0,-107650,0,1
D,31495,0,0,0,0,0,0,0,0,0,-107650,0,1
D,31505,0,0,0,0,0,0,0,0,0,-107650,0,1
D,31515,0,0,0,0,0,0,0,0,0,-107650,0,1
D,31525,0,0,0,0,0,0,0,0,0,-107650,0,1
D,31535,0,0,0,0,0,0,0,0,0,-107650,0,1
D,31545,0,0,0,0,0,0,0,0,0,-107650,0,1
D,31555,0,0,0,0,0,0,0,0,0,-107650,0,1
D,31565,0,0,0,0,0,0,0,0,0,-107650,0,1
D,31575,0,0,0,0,0,0,0,0,0,-107650,0,1
D,31585,0,0,0,0,0,0,0,0,0,-107650,0,1
D,31595,0,0,0,0,0,0,0,0,0,-107650,0,1
D,31605,0,0,0,0,0,0,0,0,0,-107650,0,1
D,31615,0,0,0,0,0,0,0,0,0,-107650,0,1
D,31625,0,0,0,0,0,0,0,0,0,-107650,0,1
D,31635,0,0,0,0,0,0,0,0,0,-107650,0,1
D,31645,0,0,0,0,0,0,0,0,0,-107650,0,1
D,31655,0,0,0,0,0,0,0,0,0,-107650,0,1
D,31665,0,0,0,0,0,0,0,0,0,-107650,0,1
D,31675,0,0,0,0,0,0,0,0,0,-107650,0,1
D,31685,0,0,0,0,0,0,0,0,0,-107650,0,1
D,31695,0,0,0,0,0,0,0,0,0,-107650,0,1
D,31705,0,0,0,0,0,0,0,0,0,-107650,0,1
D,31715,0,0,0,0,0,0,0,0,0,-107650,0,1
D,31725,0,0,0,0,0,0,0,0,0,-107650,0,1
D,31735,0,0,0,0,0,0,0,0,0,-107650,0,1
D,31745,0,0,0,0,0,0,0,0,0,-107650,0,1
D,31755,0,0,0,0,0,0,0,0,0,-107650,0,1
D,31765,0,0,0,0,0,0,0,0,0,-107650,0,1
D,31775,0,0,0,0,0,0,0,0,0,-107650,0,1
D,31785,0,0,0,0,0,0,0,0,0,-107650,0,1
D,31795,0,0,0,0,0,0,0,0,0,-107650,0,1
D,31805,0,0,0,0,0,0,0,0,0,-107650,0,1
D,31815,0,0,0,0,30,0,0,0,3,-107650,3,1
D,31825,0,0,0,0,51,0,0,0,5,-107650,8,1
D,31835,0,0,0,0,183,0,0,0,18,-107650,26,1
D,31845,0,0,0,0,285,0,0,0,28,-107650,54,1
D,31855,0,0,0,0,347,0,0,0,34,-107650,88,1
D,31865,0,0,0,0,347,0,0,0,34,-107650,122,1
D,31875,0,0,0,0,408,0,0,0,40,-107650,162,1
D,31885,0,0,0,0,694,0,0,0,68,-107650,230,1
D,31895,0,0,0,10,1255,0,0,-1,123,-107649,353,1
D,31905,0,0,0,0,1562,0,0,0,153,-107649,506,1
D,31915,0,0,0,0,2001,0,0,0,196,-107649,702,1
D,31925,0,0,0,0,2450,0,0,0,240,-107649,942,1
D,31935,0,0,0,0,2889,0,0,0,283,-107649,1225,1
D,31945,0,0,0,0,3430,0,0,0,336,-107649,1561,1
D,31955,0,0,0,0,3951,0,0,0,387,-107649,1948,1
D,31965,0,0,0,0,4288,0,0,0,420,-107649,2368,1
D,31975,0,0,0,0,4819,0,0,0,472,-107649,2840,1
D,31985,0,0,0,0,5329,0,0,0,522,-107649,3362,1
D,31995,0,0,0,-10,5952,0,0,1,583,-107650,3945,1
D,32005,0,0,0,0,6350,0,0,0,622,-107650,4567,1
D,32015,0,0,0,0,6891,0,0,0,675,-107650,5242,1
D,32025,0,0,0,0,7524,0,0,0,737,-107650,5979,1
D,32035,0,0,0,0,8025,0,0,0,786,-107650,6765,1
D,32045,0,0,0,-10,8739,0,0,1,856,-107651,7621,1
D,32055,0,0,0,0,9424,0,0,0,923,-107651,8544,1
D,32065,0,0,0,0,10016,0,0,0,981,-107651,9525,1
D,32075,0,0,0,0,10690,0,0,0,1047,-107651,10572,1
D,32085,0,0,0,0,11272,0,0,0,1104,-107651,11676,1
D,32095,0,0,0,0,11854,0,0,0,1161,-107651,12837,1
D,32105,0,0,0,0,12323,0,0,0,1207,-107651,14044,1
D,32115,0,0,0,0,12589,0,0,0,1233,-107651,15277,1
D,32125,0,0,0,0,12966,0,0,0,1270,-107651,16547,1
D,32135,0,0,0,0,13150,0,0,0,1288,-107651,17835,1
D,32145,0,0,0,0,13120,0,0,0,1285,-107651,19120,1
D,32155,0,0,0,0,13048,0,0,0,1278,-107651,20398,1
D,32165,0,0,0,0,12824,0,0,0,1256,-107651,21654,1
D,32175,0,0,0,10,12384,0,0,-1,1213,-107650,22867,1
D,32185,0,0,0,10,11608,0,0,-1,1137,-107649,24004,1
D,32195,0,0,0,30,10475,0,0,-3,1026,-107646,25030,1
D,32205,0,0,0,61,9291,0,0,-6,910,-107640,25940,1
D,32215,0,0,0,102,7872,0,0,-10,771,-107630,26711,1
D,32225,0,0,0,112,6626,0,0,-11,649,-107619,27360,1
D,32235,0,0,0,122,5564,0,0,-12,545,-107607,27905,1
D,32245,0,0,0,102,4512,0,0,-10,442,-107597,28347,1
D,32255,0,0,0,81,3696,0,0,-8,362,-107589,28709,1
D,32265,0,0,0,30,3144,0,0,-3,308,-107586,29017,1
D,32275,0,0,0,0,2634,0,0,0,258,-107586,29275,1
D,32285,0,0,0,0,2317,0,0,0,227,-107586,29502,1
D,32295,0,0,0,0,2052,0,0,0,201,-107586,29703,1
D,32305,0,0,0,0,1654,0,0,0,162,-107586,29865,1
D,32315,0,0,0,10,1419,0,0,-1,139,-107585,30004,1
D,32325,0,0,0,0,1041,0,0,0,102,-107585,30106,1
D,32335,0,0,0,0,469,0,0,0,46,-107585,30152,1
D,32345,0,0,0,0,51,0,0,0,5,-107585,30157,1
D,32355,0,0,0,0,-132,0,0,0,-13,-107585,30144,1
D,32365,0,0,0,0,-285,0,0,0,-28,-107585,30116,1
D,32375,0,0,0,0,-541,0,0,0,-53,-107585,30063,1
D,32385,0,0,0,0,-765,0,0,0,-75,-107585,29988,1
D,32395,0,0,0,0,-724,0,0,0,-71,-107585,29917,1
D,32405,0,0,0,0,-500,0,0,0,-49,-107585,29868,1
D,32415,0,0,0,0,-316,0,0,0,-31,-107585,29837,1
D,32425,0,0,0,0,-296,0,0,0,-29,-107585,29808,1
D,32435,0,0,0,0,-469,0,0,0,-46,-107585,29762,1
D,32445,0,0,0,0,-755,0,0,0,-74,-107585,29688,1
D,32455,0,0,0,0,-878,0,0,0,-86,-107585,29602,1
D,32465,0,0,0,0,-735,0,0,0,-72,-107585,29530,1
D,32475,0,0,0,0,-510,0,0,0,-50,-107585,29480,1
D,32485,0,0,0,0,-581,0,0,0,-57,-107585,29423,1
D,32495,0,0,0,0,-827,0,0,0,-81,-107585,29342,1
D,32505,0,0,0,0,-857,0,0,0,-84,-107585,29258,1
D,32515,0,0,0,0,-612,0,0,0,-60,-107585,29198,1
D,32525,0,0,0,0,-387,0,0,0,-38,-107585,29160,1
D,32535,0,0,0,0,-357,0,0,0,-35,-107585,29125,1
D,32545,0,0,0,0,-500,0,0,0,-49,-107585,29076,1
D,32555,0,0,0,0,-714,0,0,0,-70,-107585,29006,1
D,32565,0,0,0,0,-735,0,0,0,-72,-107585,28934,1
D,32575,0,0,0,0,-479,0,0,0,-47,-107585,28887,1
D,32585,0,0,0,0,-132,0,0,0,-13,-107585,28874,1
D,32595,0,0,0,0,40,0,0,0,4,-107585,28878,1
D,32605,0,0,0,0,40,0,0,0,4,-107585,28882,1
D,32615,0,0,0,0,0,0,0,0,0,-107585,28882,1
D,32625,0,0,0,0,0,0,0,0,0,-107585,28882,1
D,32635,0,0,0,0,0,0,0,0,0,-107585,28882,1
D,32645,0,0,0,0,0,0,0,0,0,-107585,28882,1
D,32655,0,0,0,0,0,0,0,0,0,-107585,28882,1
D,32665,0,0,0,0,0,0,0,0,0,-107585,28882,1
D,32675,0,0,0,0,0,0,0,0,0,-107585,28882,1
D,32685,0,0,0,0,0,0,0,0,0,-107585,28882,1
D,32695,0,0,0,0,0,0,0,0,0,-107585,28882,1
D,32705,0,0,0,0,0,0,0,0,0,-107585,28882,1
D,32715,0,0,0,0,0,0,0,0,0,-107585,28882,1
D,32725,0,0,0,0,10,0,0,0,1,-107585,28883,1
D,32735,0,0,0,0,0,0,0,0,0,-107585,28883,1
D,32745,0,0,0,0,10,0,0,0,1,-107585,28884,1
D,32755,0,0,0,0,20,0,0,0,2,-107585,28886,1
D,32765,0,0,0,0,51,0,0,0,5,-107585,28891,1
D,32775,0,0,0,0,112,0,0,0,11,-107585,28902,1
D,32785,0,0,0,-10,193,0,0,1,19,-107586,28921,1
D,32795,0,0,0,0,265,0,0,0,26,-107586,28947,1
D,32805,0,0,0,0,265,0,0,0,26,-107586,28973,1
D,32815,0,0,0,0,183,0,0,0,18,-107586,28991,1
D,32825,0,0,0,0,40,0,0,0,4,-107586,28995,1
D,32835,0,0,0,0,-20,0,0,0,-2,-107586,28993,1
D,32845,0,0,0,0,0,0,0,0,0,-107586,28993,1
D,32855,0,0,0,0,0,0,0,0,0,-107586,28993,1
D,32865,0,0,0,0,0,0,0,0,0,-107586,28993,1
D,32875,0,0,0,0,0,0,0,0,0,-107586,28993,1
D,32885,0,0,0,0,0,0,0,0,0,-107586,28993,1
D,32895,0,0,0,0,0,0,0,0,0,-107586,28993,1
D,32905,0,0,0,0,-10,0,0,0,-1,-107586,28992,1
D,32915,0,0,0,0,-20,0,0,0,-2,-107586,28990,1
D,32925,0,0,0,0,-20,0,0,0,-2,-107586,28988,1
D,32935,0,0,0,0,-20,0,0,0,-2,-107586,28986,1
D,32945,0,0,0,0,-20,0,0,0,-2,-107586,28984,1
D,32955,0,0,0,0,0,0,0,0,0,-107586,28984,1
D,32965,0,0,0,0,0,0,0,0,0,-107586,28984,1
D,32975,0,0,0,0,0,0,0,0,0,-107586,28984,1
D,32985,0,0,0,0,0,0,0,0,0,-107586,28984,1
D,32995,0,0,0,0,0,0,0,0,0,-107586,28984,1
D,33005,0,0,0,0,0,0,0,0,0,-107586,28984,1
D,33015,0,0,0,0,0,0,0,0,0,-107586,28984,1
D,33025,0,0,0,0,0,0,0,0,0,-107586,28984,1
D,33035,0,0,0,0,0,0,0,0,0,-107586,28984,1
D,33045,0,0,0,0,0,0,0,0,0,-107586,28984,1
D,33055,0,0,0,0,0,0,0,0,0,-107586,28984,1
D,33065,0,0,0,0,0,0,0,0,0,-107586,28984,1
D,33075,0,0,0,0,0,0,0,0,0,-107586,28984,1
D,33085,0,0,0,0,0,0,0,0,0,-107586,28984,1
D,33095,0,0,0,0,0,0,0,0,0,-107586,28984,1
D,33105,0,0,0,0,0,0,0,0,0,-107586,28984,1
D,33115,0,0,0,-10,0,0,0,1,0,-107587,28984,1
D,33125,0,0,0,0,0,0,0,0,0,-107587,28984,1
D,33135,0,0,0,0,0,0,0,0,0,-107587,28984,1
D,33145,0,0,0,-10,0,0,0,1,0,-107588,28984,1
D,33155,0,0,0,0,0,0,0,0,0,-107588,28984,1
D,33165,0,0,0,0,0,0,0,0,0,-107588,28984,1
D,33175,0,0,0,-10,0,0,0,1,0,-107589,28984,1
D,33185,0,0,0,0,0,0,0,0,0,-107589,28984,1
D,33195,0,0,0,0,0,0,0,0,0,-107589,28984,1
D,33205,0,0,0,0,0,0,0,0,0,-107589,28984,1
D,33215,0,0,0,0,0,0,0,0,0,-107589,28984,1
D,33225,0,0,0,0,0,0,0,0,0,-107589,28984,1
D,33235,0,0,0,-10,0,0,0,1,0,-107590,28984,1
D,33245,0,0,0,0,0,0,0,0,0,-107590,28984,1
D,33255,0,0,0,0,0,0,0,0,0,-107590,28984,1
D,33265,0,0,0,0,0,0,0,0,0,-107590,28984,1
D,33275,0,0,0,0,0,0,0,0,0,-107590,28984,1
D,33285,0,0,0,0,0,0,0,0,0,-107590,28984,1
D,33295,0,0,0,0,0,0,0,0,0,-107590,28984,1
D,33305,0,0,0,0,0,0,0,0,0,-107590,28984,1
D,33315,0,0,0,0,0,0,0,0,0,-107590,28984,1
D,33325,0,0,0,0,0,0,0,0,0,-107590,28984,1
D,33335,0,0,0,0,0,0,0,0,0,-107590,28984,1
D,33345,0,0,0,0,0,0,0,0,0,-107590,28984,1
D,33355,0,0,0,0,0,0,0,0,0,-107590,28984,1
D,33365,0,0,0,0,0,0,0,0,0,-107590,28984,1
D,33375,0,0,0,0,0,0,0,0,0,-107590,28984,1
D,33385,0,0,0,0,0,0,0,0,0,-107590,28984,1
D,33395,0,0,0,0,0,0,0,0,0,-107590,28984,1
D,33405,0,0,0,0,0,0,0,0,0,-107590,28984,1
D,33415,0,0,0,0,0,0,0,0,0,-107590,28984,1
D,33425,0,0,0,0,0,0,0,0,0,-107590,28984,1
D,33435,0,0,0,0,0,0,0,0,0,-107590,28984,1
D,33445,0,0,0,0,0,0,0,0,0,-107590,28984,1
D,33455,0,0,0,0,0,0,0,0,0,-107590,28984,1
D,33465,0,0,0,0,-20,0,0,0,-2,-107590,28982,1
D,33475,0,0,0,-10,-51,0,0,1,-5,-107591,28977,1
D,33485,0,0,0,0,-30,0,0,0,-3,-107591,28974,1
D,33495,0,0,0,0,0,0,0,0,0,-107591,28974,1
D,33505,0,0,0,0,0,0,0,0,0,-107591,28974,1
D,33515,0,0,0,0,0,0,0,0,0,-107591,28974,1
D,33525,0,0,0,0,-10,0,0,0,-1,-107591,28973,1
D,33535,0,0,0,0,0,0,0,0,0,-107591,28973,1
D,33545,0,0,0,0,0,0,0,0,0,-107591,28973,1
D,33555,0,0,0,0,0,0,0,0,0,-107591,28973,1
D,33565,0,0,0,-20,0,0,0,2,0,-107593,28973,1
D,33575,0,0,0,-30,0,0,0,3,0,-107596,28973,1
D,33585,0,0,0,-30,0,0,0,3,0,-107599,28973,1
D,33595,0,0,0,-20,0,0,0,2,0,-107601,28973,1
D,33605,0,0,0,-30,0,0,0,3,0,-107604,28973,1
D,33615,0,0,0,0,0,0,0,0,0,-107604,28973,1
D,33625,0,0,0,0,0,0,0,0,0,-107604,28973,1
D,33635,0,0,0,0,0,0,0,0,0,-107604,28973,1
D,33645,0,0,0,0,0,0,0,0,0,-107604,28973,1
D,33655,0,0,0,0,0,0,0,0,0,-107604,28973,1
D,33665,0,0,0,0,0,0,0,0,0,-107604,28973,1
D,33675,0,0,0,0,0,0,0,0,0,-107604,28973,1
D,33685,0,0,0,0,0,0,0,0,0,-107604,28973,1
D,33695,0,0,0,0,0,0,0,0,0,-107604,28973,1
D,33705,0,0,0,0,20,0,0,0,2,-107604,28975,1
D,33715,0,0,0,0,40,0,0,0,4,-107604,28979,1
D,33725,0,0,0,0,71,0,0,0,7,-107604,28986,1
D,33735,0,0,0,-10,112,0,0,1,11,-107605,28997,1
D,33745,0,0,0,0,173,0,0,0,17,-107605,29014,1
D,33755,0,0,0,0,214,0,0,0,21,-107605,29035,1
D,33765,0,0,0,0,224,0,0,0,22,-107605,29057,1
D,33775,0,0,0,0,193,0,0,0,19,-107605,29076,1
D,33785,0,0,0,0,132,0,0,0,13,-107605,29089,1
D,33795,0,0,0,0,30,0,0,0,3,-107605,29092,1
D,33805,0,0,0,0,0,0,0,0,0,-107605,29092,1
D,33815,0,0,0,0,-20,0,0,0,-2,-107605,29090,1
D,33825,0,0,0,0,-30,0,0,0,-3,-107605,29087,1
D,33835,0,0,0,0,-71,0,0,0,-7,-107605,29080,1
D,33845,0,0,0,0,-102,0,0,0,-10,-107605,29070,1
D,33855,0,0,0,0,-102,0,0,0,-10,-107605,29060,1
D,33865,0,0,0,0,-61,0,0,0,-6,-107605,29054,1
D,33875,0,0,0,-10,0,0,0,1,0,-107606,29054,1
D,33885,0,0,0,-30,0,0,0,3,0,-107609,29054,1
D,33895,0,0,0,-51,-10,0,0,5,-1,-107614,29053,1
D,33905,0,0,0,-51,0,0,0,5,0,-107619,29053,1
D,33915,0,0,0,-122,0,0,0,12,0,-107631,29053,1
D,33925,0,0,0,-112,0,0,0,11,0,-107642,29053,1
D,33935,0,0,0,-20,0,0,0,2,0,-107644,29053,1
D,33945,0,0,0,-81,0,0,0,8,0,-107652,29053,1
D,33955,0,0,0,-112,0,0,0,11,0,-107663,29053,1
D,33965,0,0,0,-142,0,0,0,14,0,-107677,29053,1
D,33975,0,0,0,-224,0,0,0,22,0,-107699,29053,1
D,33985,0,0,0,-316,0,0,0,31,0,-107730,29053,1
D,33995,0,0,0,-296,0,0,0,29,0,-107759,29053,1
D,34005,0,0,0,-204,0,0,0,20,0,-107779,29053,1
D,34015,0,0,0,-61,0,0,0,6,0,-107785,29053,1
D,34025,0,0,0,0,0,0,0,0,0,-107785,29053,1
D,34035,0,0,0,0,-10,0,0,0,-1,-107785,29052,1
D,34045,0,0,0,0,-30,0,0,0,-3,-107785,29049,1
D,34055,0,0,0,0,-51,0,0,0,-5,-107785,29044,1
D,34065,0,0,0,0,-132,0,0,0,-13,-107785,29031,1
D,34075,0,0,0,0,-173,0,0,0,-17,-107785,29014,1
D,34085,0,0,0,0,-153,0,0,0,-15,-107785,28999,1
D,34095,0,0,0,0,-91,0,0,0,-9,-107785,28990,1
D,34105,0,0,0,0,-10,0,0,0,-1,-107785,28989,1
D,34115,0,0,0,0,-10,0,0,0,-1,-107785,28988,1
D,34125,0,0,0,0,-51,0,0,0,-5,-107785,28983,1
D,34135,0,0,0,0,-112,0,0,0,-11,-107785,28972,1
D,34145,0,0,0,10,-122,0,0,-1,-12,-107784,28960,1
D,34155,0,0,0,10,-112,0,0,-1,-11,-107783,28949,1
D,34165,0,0,0,10,-71,0,0,-1,-7,-107782,28942,1
D,34175,0,0,0,10,-30,0,0,-1,-3,-107781,28939,1
D,34185,0,0,0,20,0,0,0,-2,0,-107779,28939,1
D,34195,0,0,0,20,0,0,0,-2,0,-107777,28939,1
D,34205,0,0,0,10,0,0,0,-1,0,-107776,28939,1
D,34215,0,0,0,30,0,0,0,-3,0,-107773,28939,1
D,34225,0,0,0,51,0,0,0,-5,0,-107768,28939,1
D,34235,0,0,0,40,0,0,0,-4,0,-107764,28939,1
D,34245,0,0,0,0,0,0,0,0,0,-107764,28939,1
D,34255,0,0,0,0,0,0,0,0,0,-107764,28939,1
D,34265,0,0,0,0,0,0,0,0,0,-107764,28939,1
D,34275,0,0,0,0,0,0,0,0,0,-107764,28939,1
D,34285,0,0,0,0,0,0,0,0,0,-107764,28939,1
D,34295,0,0,0,0,0,0,0,0,0,-107764,28939,1
D,34305,0,0,0,0,0,0,0,0,0,-107764,28939,1
D,34315,0,0,0,-10,0,0,0,1,0,-107765,28939,1
D,34325,0,0,0,-10,10,0,0,1,1,-107766,28940,1
D,34335,0,0,0,-40,0,0,0,4,0,-107770,28940,1
D,34345,0,0,0,-102,10,0,0,10,1,-107780,28941,1
D,34355,0,0,0,-275,40,0,0,27,4,-107807,28945,1
D,34365,0,0,0,-551,91,0,0,54,9,-107861,28954,1
D,34375,0,0,0,-1112,112,0,0,109,11,-107970,28965,1
D,34385,0,0,0,-1439,91,0,0,141,9,-108111,28974,1
D,34395,0,0,0,-1674,40,0,0,164,4,-108275,28978,1
D,34405,0,0,0,-1960,40,0,0,192,4,-108467,28982,1
D,34415,0,0,0,-2144,71,0,0,210,7,-108677,28989,1
D,34425,0,0,0,-2327,132,0,0,228,13,-108905,29002,1
D,34435,0,0,0,-2450,153,0,0,240,15,-109145,29017,1
D,34445,0,0,0,-2501,153,0,0,245,15,-109390,29032,1
D,34455,0,0,0,-2491,112,0,0,244,11,-109634,29043,1
D,34465,0,0,0,-2634,20,0,0,258,2,-109892,29045,1
D,34475,0,0,0,-2746,0,0,0,269,0,-110161,29045,1
D,34485,0,0,0,-2838,0,0,0,278,0,-110439,29045,1
D,34495,0,0,0,-2950,0,0,0,289,0,-110728,29045,1
D,34505,0,0,0,-3114,30,0,0,305,3,-111033,29048,1
D,34515,0,0,0,-3134,51,0,0,307,5,-111340,29053,1
D,34525,0,0,0,-3195,91,0,0,313,9,-111653,29062,1
D,34535,0,0,0,-3369,122,0,0,330,12,-111983,29074,1
D,34545,0,0,0,-3399,142,0,0,333,14,-112316,29088,1
D,34555,0,0,0,-3420,183,0,0,335,18,-112651,29106,1
D,34565,0,0,0,-3542,255,0,0,347,25,-112998,29131,1
D,34575,0,0,0,-3583,387,0,0,351,38,-113349,29169,1
D,34585,0,0,0,-3696,714,0,0,362,70,-113711,29239,1
D,34595,0,0,0,-3981,1133,0,0,390,111,-114101,29350,1
D,34605,0,0,0,-4114,1163,0,0,403,114,-114504,29464,1
D,34615,0,0,0,-4349,1123,0,0,426,110,-114930,29574,1
D,34625,0,0,0,-4523,1306,0,0,443,128,-115373,29702,1
D,34635,0,0,0,-4717,1112,0,0,462,109,-115835,29811,1
D,34645,0,0,0,-5013,918,0,0,491,90,-116326,29901,1
D,34655,0,0,0,-5227,980,0,0,512,96,-116838,29997,1
D,34665,0,0,0,-5523,827,0,0,541,81,-117379,30078,1
D,34675,0,0,0,-5809,459,0,0,569,45,-117948,30123,1
D,34685,0,0,0,-6044,91,0,0,592,9,-118540,30132,1
D,34695,0,0,0,-6279,-112,0,0,615,-11,-119155,30121,1
D,34705,0,0,0,-6350,-255,0,0,622,-25,-119777,30096,1
D,34715,0,0,0,-6514,-255,0,0,638,-25,-120415,30071,1
D,34725,0,0,0,-6544,-112,0,0,641,-11,-121056,30060,1
D,34735,0,0,0,-6432,0,0,0,630,0,-121686,30060,1
D,34745,0,0,0,-6442,0,0,0,631,0,-122317,30060,1
D,34755,0,0,0,-6258,0,0,0,613,0,-122930,30060,1
D,34765,0,0,0,-6003,0,0,0,588,0,-123518,30060,1
D,34775,0,0,0,-5697,0,0,0,558,0,-124076,30060,1
D,34785,0,0,0,-5084,0,0,0,498,0,-124574,30060,1
D,34795,0,0,0,-4574,0,0,0,448,0,-125022,30060,1
D,34805,0,0,0,-3828,0,0,0,375,0,-125397,30060,1
D,34815,0,0,0,-3093,-10,0,0,303,-1,-125700,30059,1
D,34825,0,0,0,-2460,-20,0,0,241,-2,-125941,30057,1
D,34835,0,0,0,-1858,-81,0,0,182,-8,-126123,30049,1
D,34845,0,0,0,-1286,-112,0,0,126,-11,-126249,30038,1
D,34855,0,0,0,-990,-122,0,0,97,-12,-126346,30026,1
D,34865,0,0,0,-581,-102,0,0,57,-10,-126403,30016,1
D,34875,0,0,0,-153,-112,0,0,15,-11,-126418,30005,1
D,34885,0,0,0,142,-142,0,0,-14,-14,-126404,29991,1
D,34895,0,0,0,316,-132,0,0,-31,-13,-126373,29978,1
D,34905,0,0,0,377,-71,0,0,-37,-7,-126336,29971,1
D,34915,0,0,0,265,0,0,0,-26,0,-126310,29971,1
D,34925,0,0,0,81,0,0,0,-8,0,-126302,29971,1
D,34935,0,0,0,0,0,0,0,0,0,-126302,29971,1
D,34945,0,0,0,0,0,0,0,0,0,-126302,29971,1
D,34955,0,0,0,0,0,0,0,0,0,-126302,29971,1
D,34965,0,0,0,0,10,0,0,0,1,-126302,29972,1
D,34975,0,0,0,40,0,0,0,-4,0,-126298,29972,1
D,34985,0,0,0,61,0,0,0,-6,0,-126292,29972,1
D,34995,0,0,0,81,0,0,0,-8,0,-126284,29972,1
D,35005,0,0,0,112,0,0,0,-11,0,-126273,29972,1
D,35015,0,0,0,112,0,0,0,-11,0,-126262,29972,1
D,35025,0,0,0,71,0,0,0,-7,0,-126255,29972,1
D,35035,0,0,0,10,0,0,0,-1,0,-126254,29972,1
D,35045,0,0,0,0,0,0,0,0,0,-126254,29972,1
D,35055,0,0,0,0,0,0,0,0,0,-126254,29972,1
D,35065,0,0,0,0,0,0,0,0,0,-126254,29972,1
D,35075,0,0,0,0,0,0,0,0,0,-126254,29972,1
D,35085,0,0,0,0,0,0,0,0,0,-126254,29972,1
D,35095,0,0,0,0,0,0,0,0,0,-126254,29972,1
D,35105,0,0,0,0,0,0,0,0,0,-126254,29972,1
D,35115,0,0,0,0,0,0,0,0,0,-126254,29972,1
D,35125,0,0,0,0,0,0,0,0,0,-126254,29972,1
D,35135,0,0,0,0,0,0,0,0,0,-126254,29972,1
D,35145,0,0,0,0,0,0,0,0,0,-126254,29972,1
D,35155,0,0,0,0,0,0,0,0,0,-126254,29972,1
D,35165,0,0,0,0,-10,0,0,0,-1,-126254,29971,1
D,35175,0,0,0,0,0,0,0,0,0,-126254,29971,1
D,35185,0,0,0,0,0,0,0,0,0,-126254,29971,1
D,35195,0,0,0,0,0,0,0,0,0,-126254,29971,1
D,35205,0,0,0,0,0,0,0,0,0,-126254,29971,1
D,35215,0,0,0,0,0,0,0,0,0,-126254,29971,1
D,35225,0,0,0,0,0,0,0,0,0,-126254,29971,1
D,35235,0,0,0,0,0,0,0,0,0,-126254,29971,1
D,35245,0,0,0,0,0,0,0,0,0,-126254,29971,1
D,35255,0,0,0,0,0,0,0,0,0,-126254,29971,1
D,35265,0,0,0,0,0,0,0,0,0,-126254,29971,1
D,35275,0,0,0,0,0,0,0,0,0,-126254,29971,1
D,35285,0,0,0,0,0,0,0,0,0,-126254,29971,1
D,35295,0,0,0,0,0,0,0,0,0,-126254,29971,1
D,35305,0,0,0,0,0,0,0,0,0,-126254,29971,1
D,35315,0,0,0,0,0,0,0,0,0,-126254,29971,1
D,35325,0,0,0,0,0,0,0,0,0,-126254,29971,1
D,35335,0,0,0,0,0,0,0,0,0,-126254,29971,1
D,35345,0,0,0,0,0,0,0,0,0,-126254,29971,1
D,35355,0,0,0,0,0,0,0,0,0,-126254,29971,1
D,35365,0,0,0,0,0,0,0,0,0,-126254,29971,1
D,35375,0,0,0,0,0,0,0,0,0,-126254,29971,1
D,35385,0,0,0,0,0,0,0,0,0,-126254,29971,1
D,35395,0,0,0,0,0,0,0,0,0,-126254,29971,1
D,35405,0,0,0,0,0,0,0,0,0,-126254,29971,1
D,35415,0,0,0,0,0,0,0,0,0,-126254,29971,1
D,35425,0,0,0,10,0,0,0,-1,0,-126253,29971,1
D,35435,0,0,0,10,0,0,0,-1,0,-126252,29971,1
D,35445,0,0,0,40,0,0,0,-4,0,-126248,29971,1
D,35455,0,0,0,91,0,0,0,-9,0,-126239,29971,1
D,35465,0,0,0,142,0,0,0,-14,0,-126225,29971,1
D,35475,0,0,0,214,-10,0,0,-21,-1,-126204,29970,1
D,35485,0,0,0,347,0,0,0,-34,0,-126170,29970,1
D,35495,0,0,0,643,0,0,0,-63,0,-126107,29970,1
D,35505,0,0,0,1194,-10,0,0,-117,-1,-125990,29969,1
D,35515,0,0,0,1654,0,0,0,-162,0,-125828,29969,1
D,35525,0,0,0,2001,0,0,0,-196,0,-125632,29969,1
D,35535,0,0,0,2256,-10,0,0,-221,-1,-125411,29968,1
D,35545,0,0,0,2634,0,0,0,-258,0,-125153,29968,1
D,35555,0,0,0,2991,0,0,0,-293,0,-124860,29968,1
D,35565,0,0,0,3297,0,0,0,-323,0,-124537,29968,1
D,35575,0,0,0,3583,0,0,0,-351,0,-124186,29968,1
D,35585,0,0,0,3900,0,0,0,-382,0,-123804,29968,1
D,35595,0,0,0,4094,0,0,0,-401,0,-123403,29968,1
D,35605,0,0,0,4349,0,0,0,-426,0,-122977,29968,1
D,35615,0,0,0,4655,0,0,0,-456,0,-122521,29968,1
D,35625,0,0,0,4829,0,0,0,-473,0,-122048,29968,1
D,35635,0,0,0,5145,0,0,0,-504,0,-121544,29968,1
D,35645,0,0,0,5299,0,0,0,-519,0,-121025,29968,1
D,35655,0,0,0,5584,0,0,0,-547,0,-120478,29968,1
D,35665,0,0,0,5758,0,0,0,-564,0,-119914,29968,1
D,35675,0,0,0,5921,0,0,0,-580,0,-119334,29968,1
D,35685,0,0,0,6115,0,0,0,-599,0,-118735,29968,1
D,35695,0,0,0,6207,0,0,0,-608,0,-118127,29968,1
D,35705,0,0,0,6412,0,0,0,-628,0,-117499,29968,1
D,35715,0,0,0,6514,0,0,0,-638,0,-116861,29968,1
D,35725,0,0,0,6657,0,0,0,-652,0,-116209,29968,1
D,35735,0,0,0,6861,0,0,0,-672,0,-115537,29968,1
D,35745,0,0,0,6993,0,0,0,-685,0,-114852,29968,1
D,35755,0,0,0,7157,0,0,0,-701,0,-114151,29968,1
D,35765,0,0,0,7341,0,0,0,-719,0,-113432,29968,1
D,35775,0,0,0,7463,0,0,0,-731,0,-112701,29968,1
D,35785,0,0,0,7524,0,0,0,-737,0,-111964,29968,1
D,35795,0,0,0,7667,10,0,0,-751,1,-111213,29969,1
D,35805,0,0,0,7851,0,0,0,-769,0,-110444,29969,1
D,35815,0,0,0,8015,0,0,0,-785,0,-109659,29969,1
D,35825,0,0,0,8076,10,0,0,-791,1,-108868,29970,1
D,35835,0,0,0,8188,0,0,0,-802,0,-108066,29970,1
D,35845,0,0,0,8290,10,0,0,-812,1,-107254,29971,1
D,35855,0,0,0,8413,10,0,0,-824,1,-106430,29972,1
D,35865,0,0,0,8525,10,0,0,-835,1,-105595,29973,1
D,35875,0,0,0,8607,0,0,0,-843,0,-104752,29973,1
D,35885,0,0,0,8688,0,0,0,-851,0,-103901,29973,1
D,35895,0,0,0,8739,10,0,0,-856,1,-103045,29974,1
D,35905,0,0,0,8893,0,0,0,-871,0,-102174,29974,1
D,35915,0,0,0,8995,0,0,0,-881,0,-101293,29974,1
D,35925,0,0,0,9138,0,0,0,-895,0,-100398,29974,1
D,35935,0,0,0,9270,0,0,0,-908,0,-99490,29974,1
D,35945,0,0,0,9424,0,0,0,-923,0,-98567,29974,1
D,35955,0,0,0,9587,0,0,0,-939,0,-97628,29974,1
D,35965,0,0,0,9658,10,0,0,-946,1,-96682,29975,1
D,35975,0,0,0,9709,0,0,0,-951,0,-95731,29975,1
D,35985,0,0,0,9658,0,0,0,-946,0,-94785,29975,1
D,35995,0,0,0,9597,0,0,0,-940,0,-93845,29975,1
D,36005,0,0,0,9444,0,0,0,-925,0,-92920,29975,1
D,36015,0,0,0,9291,0,0,0,-910,0,-92010,29975,1
D,36025,0,0,0,9005,0,0,0,-882,0,-91128,29975,1
D,36035,0,0,0,8627,0,0,0,-845,0,-90283,29975,1
D,36045,0,0,0,8147,0,0,0,-798,0,-89485,29975,1
D,36055,0,0,0,7627,10,0,0,-747,1,-88738,29976,1
D,36065,0,0,0,7024,30,0,0,-688,3,-88050,29979,1
D,36075,0,0,0,6503,51,0,0,-637,5,-87413,29984,1
D,36085,0,0,0,5932,61,0,0,-581,6,-86832,29990,1
D,36095,0,0,0,5421,61,0,0,-531,6,-86301,29996,1
D,36105,0,0,0,5094,30,0,0,-499,3,-85802,29999,1
D,36115,0,0,0,4757,10,0,0,-466,1,-85336,30000,1
D,36125,0,0,0,4563,0,0,0,-447,0,-84889,30000,1
D,36135,0,0,0,4359,0,0,0,-427,0,-84462,30000,1
D,36145,0,0,0,4175,0,0,0,-409,0,-84053,30000,1
D,36155,0,0,0,4053,0,0,0,-397,0,-83656,30000,1
D,36165,0,0,0,3777,0,0,0,-370,0,-83286,30000,1
D,36175,0,0,0,3645,0,0,0,-357,0,-82929,30000,1
D,36185,0,0,0,3502,0,0,0,-343,0,-82586,30000,1
D,36195,0,0,0,3257,0,0,0,-319,0,-82267,30000,1
D,36205,0,0,0,3124,0,0,0,-306,0,-81961,30000,1
D,36215,0,0,0,2971,0,0,0,-291,0,-81670,30000,1
D,36225,0,0,0,2746,0,0,0,-269,0,-81401,30000,1
D,36235,0,0,0,2593,0,0,0,-254,0,-81147,30000,1
D,36245,0,0,0,2491,0,0,0,-244,0,-80903,30000,1
D,36255,0,0,0,2297,0,0,0,-225,0,-80678,30000,1
D,36265,0,0,0,2082,0,0,0,-204,0,-80474,30000,1
D,36275,0,0,0,1909,0,0,0,-187,0,-80287,30000,1
D,36285,0,0,0,1633,0,0,0,-160,0,-80127,30000,1
D,36295,0,0,0,1460,0,0,0,-143,0,-79984,30000,1
D,36305,0,0,0,1204,0,0,0,-118,0,-79866,30000,1
D,36315,0,0,0,775,0,0,0,-76,0,-79790,30000,1
D,36325,0,0,0,694,0,0,0,-68,0,-79722,30000,1
D,36335,0,0,0,684,0,0,0,-67,0,-79655,30000,1
D,36345,0,0,0,510,0,0,0,-50,0,-79605,30000,1
D,36355,0,0,0,224,0,0,0,-22,0,-79583,30000,1
D,36365,0,0,0,-61,0,0,0,6,0,-79589,30000,1
D,36375,0,0,0,-163,0,0,0,16,0,-79605,30000,1
D,36385,0,0,0,-91,0,0,0,9,0,-79614,30000,1
D,36395,0,0,0,0,0,0,0,0,0,-79614,30000,1
D,36405,0,0,0,30,0,0,0,-3,0,-79611,30000,1
D,36415,0,0,0,61,0,0,0,-6,0,-79605,30000,1
D,36425,0,0,0,71,0,0,0,-7,0,-79598,30000,1
D,36435,0,0,0,51,-20,0,0,-5,-2,-79593,29998,1
D,36445,0,0,0,51,0,0,0,-5,0,-79588,29998,1
D,36455,0,0,0,51,0,0,0,-5,0,-79583,29998,1
D,36465,0,0,0,81,-10,0,0,-8,-1,-79575,29997,1
D,36475,0,0,0,102,-10,0,0,-10,-1,-79565,29996,1
D,36485,0,0,0,112,-20,0,0,-11,-2,-79554,29994,1
D,36495,0,0,0,122,-10,0,0,-12,-1,-79542,29993,1
D,36505,0,0,0,173,-20,0,0,-17,-2,-79525,29991,1
D,36515,0,0,0,245,-30,0,0,-24,-3,-79501,29988,1
D,36525,0,0,0,439,-30,0,0,-43,-3,-79458,29985,1
D,36535,0,0,0,888,-20,0,0,-87,-2,-79371,29983,1
D,36545,0,0,0,1357,-10,0,0,-133,-1,-79238,29982,1
D,36555,0,0,0,1470,0,0,0,-144,0,-79094,29982,1
D,36565,0,0,0,1858,0,0,0,-182,0,-78912,29982,1
D,36575,0,0,0,2082,0,0,0,-204,0,-78708,29982,1
D,36585,0,0,0,2338,0,0,0,-229,0,-78479,29982,1
D,36595,0,0,0,2603,0,0,0,-255,0,-78224,29982,1
D,36605,0,0,0,2879,0,0,0,-282,0,-77942,29982,1
D,36615,0,0,0,3144,0,0,0,-308,0,-77634,29982,1
D,36625,0,0,0,3277,0,0,0,-321,0,-77313,29982,1
D,36635,0,0,0,3532,0,0,0,-346,0,-76967,29982,1
D,36645,0,0,0,3798,0,0,0,-372,0,-76595,29982,1
D,36655,0,0,0,3961,0,0,0,-388,0,-76207,29982,1
D,36665,0,0,0,4227,0,0,0,-414,0,-75793,29982,1
D,36675,0,0,0,4349,0,0,0,-426,0,-75367,29982,1
D,36685,0,0,0,4553,0,0,0,-446,0,-74921,29982,1
D,36695,0,0,0,4727,0,0,0,-463,0,-74458,29982,1
D,36705,0,0,0,4849,0,0,0,-475,0,-73983,29982,1
D,36715,0,0,0,5023,0,0,0,-492,0,-73491,29982,1
D,36725,0,0,0,5094,0,0,0,-499,0,-72992,29982,1
D,36735,0,0,0,5227,0,0,0,-512,0,-72480,29982,1
D,36745,0,0,0,5258,0,0,0,-515,0,-71965,29982,1
D,36755,0,0,0,5309,0,0,0,-520,0,-71445,29982,1
D,36765,0,0,0,5299,0,0,0,-519,0,-70926,29982,1
D,36775,0,0,0,5350,0,0,0,-524,0,-70402,29982,1
D,36785,0,0,0,5319,0,0,0,-521,0,-69881,29982,1
D,36795,0,0,0,5227,0,0,0,-512,0,-69369,29982,1
D,36805,0,0,0,5176,0,0,0,-507,0,-68862,29982,1
D,36815,0,0,0,5023,0,0,0,-492,0,-68370,29982,1
D,36825,0,0,0,4880,0,0,0,-478,0,-67892,29982,1
D,36835,0,0,0,4686,0,0,0,-459,0,-67433,29982,1
D,36845,0,0,0,4431,0,0,0,-434,0,-66999,29982,1
D,36855,0,0,0,4298,10,0,0,-421,1,-66578,29983,1
D,36865,0,0,0,4033,0,0,0,-395,0,-66183,29983,1
D,36875,0,0,0,3941,0,0,0,-386,0,-65797,29983,1
D,36885,0,0,0,3726,0,0,0,-365,0,-65432,29983,1
D,36895,0,0,0,3583,10,0,0,-351,1,-65081,29984,1
D,36905,0,0,0,3512,0,0,0,-344,0,-64737,29984,1
D,36915,0,0,0,3297,10,0,0,-323,1,-64414,29985,1
D,36925,0,0,0,3165,0,0,0,-310,0,-64104,29985,1
D,36935,0,0,0,3073,0,0,0,-301,0,-63803,29985,1
D,36945,0,0,0,2869,0,0,0,-281,0,-63522,29985,1
D,36955,0,0,0,2695,0,0,0,-264,0,-63258,29985,1
D,36965,0,0,0,2562,10,0,0,-251,1,-63007,29986,1
D,36975,0,0,0,2481,10,0,0,-243,1,-62764,29987,1
D,36985,0,0,0,2327,10,0,0,-228,1,-62536,29988,1
D,36995,0,0,0,2144,0,0,0,-210,0,-62326,29988,1
D,37005,0,0,0,2031,0,0,0,-199,0,-62127,29988,1
D,37015,0,0,0,1919,0,0,0,-188,0,-61939,29988,1
D,37025,0,0,0,1725,0,0,0,-169,0,-61770,29988,1
D,37035,0,0,0,1654,0,0,0,-162,0,-61608,29988,1
D,37045,0,0,0,1368,0,0,0,-134,0,-61474,29988,1
D,37055,0,0,0,1245,10,0,0,-122,1,-61352,29989,1
D,37065,0,0,0,1204,0,0,0,-118,0,-61234,29989,1
D,37075,0,0,0,888,0,0,0,-87,0,-61147,29989,1
D,37085,0,0,0,816,0,0,0,-80,0,-61067,29989,1
D,37095,0,0,0,980,0,0,0,-96,0,-60971,29989,1
D,37105,0,0,0,969,0,0,0,-95,0,-60876,29989,1
D,37115,0,0,0,857,0,0,0,-84,0,-60792,29989,1
D,37125,0,0,0,1061,0,0,0,-104,0,-60688,29989,1
D,37135,0,0,0,1255,0,0,0,-123,0,-60565,29989,1
D,37145,0,0,0,1245,0,0,0,-122,0,-60443,29989,1
D,37155,0,0,0,1551,0,0,0,-152,0,-60291,29989,1
D,37165,0,0,0,1715,0,0,0,-168,0,-60123,29989,1
D,37175,0,0,0,2011,0,0,0,-197,0,-59926,29989,1
D,37185,0,0,0,2225,0,0,0,-218,0,-59708,29989,1
D,37195,0,0,0,2430,0,0,0,-238,0,-59470,29989,1
D,37205,0,0,0,2685,0,0,0,-263,0,-59207,29989,1
D,37215,0,0,0,2991,0,0,0,-293,0,-58914,29989,1
D,37225,0,0,0,3287,0,0,0,-322,0,-58592,29989,1
D,37235,0,0,0,3522,0,0,0,-345,0,-58247,29989,1
D,37245,0,0,0,3828,0,0,0,-375,0,-57872,29989,1
D,37255,0,0,0,4043,0,0,0,-396,0,-57476,29989,1
D,37265,0,0,0,4237,0,0,0,-415,0,-57061,29989,1
D,37275,0,0,0,4563,0,0,0,-447,0,-56614,29989,1
D,37285,0,0,0,4635,0,0,0,-454,0,-56160,29989,1
D,37295,0,0,0,4860,0,0,0,-476,0,-55684,29989,1
D,37305,0,0,0,4880,0,0,0,-478,0,-55206,29989,1
D,37315,0,0,0,5054,0,0,0,-495,0,-54711,29989,1
D,37325,0,0,0,5043,0,0,0,-494,0,-54217,29989,1
D,37335,0,0,0,5135,0,0,0,-503,0,-53714,29989,1
D,37345,0,0,0,5013,0,0,0,-491,0,-53223,29989,1
D,37355,0,0,0,5013,0,0,0,-491,0,-52732,29989,1
D,37365,0,0,0,4829,0,0,0,-473,0,-52259,29989,1
D,37375,0,0,0,4717,0,0,0,-462,0,-51797,29989,1
D,37385,0,0,0,4451,0,0,0,-436,0,-51361,29989,1
D,37395,0,0,0,4247,0,0,0,-416,0,-50945,29989,1
D,37405,0,0,0,4094,0,0,0,-401,0,-50544,29989,1
D,37415,0,0,0,3879,0,0,0,-380,0,-50164,29989,1
D,37425,0,0,0,3808,0,0,0,-373,0,-49791,29989,1
D,37435,0,0,0,3593,0,0,0,-352,0,-49439,29989,1
D,37445,0,0,0,3430,0,0,0,-336,0,-49103,29989,1
D,37455,0,0,0,3369,0,0,0,-330,0,-48773,29989,1
D,37465,0,0,0,3165,0,0,0,-310,0,-48463,29989,1
D,37475,0,0,0,3012,0,0,0,-295,0,-48168,29989,1
D,37485,0,0,0,2930,0,0,0,-287,0,-47881,29989,1
D,37495,0,0,0,2766,0,0,0,-271,0,-47610,29989,1
D,37505,0,0,0,2542,0,0,0,-249,0,-47361,29989,1
D,37515,0,0,0,2440,0,0,0,-239,0,-47122,29989,1
D,37525,0,0,0,2368,0,0,0,-232,0,-46890,29989,1
D,37535,0,0,0,2184,0,0,0,-214,0,-46676,29989,1
D,37545,0,0,0,2031,0,0,0,-199,0,-46477,29989,1
D,37555,0,0,0,1919,0,0,0,-188,0,-46289,29989,1
D,37565,0,0,0,1745,0,0,0,-171,0,-46118,29989,1
D,37575,0,0,0,1684,0,0,0,-165,0,-45953,29989,1
D,37585,0,0,0,1490,0,0,0,-146,0,-45807,29989,1
D,37595,0,0,0,1378,0,0,0,-135,0,-45672,29989,1
D,37605,0,0,0,1276,0,0,0,-125,0,-45547,29989,1
D,37615,0,0,0,949,0,0,0,-93,0,-45454,29989,1
D,37625,0,0,0,959,0,0,0,-94,0,-45360,29989,1
D,37635,0,0,0,969,0,0,0,-95,0,-45265,29989,1
D,37645,0,0,0,694,0,0,0,-68,0,-45197,29989,1
D,37655,0,0,0,347,0,0,0,-34,0,-45163,29989,1
D,37665,0,0,0,173,0,0,0,-17,0,-45146,29989,1
D,37675,0,0,0,153,0,0,0,-15,0,-45131,29989,1
D,37685,0,0,0,204,0,0,0,-20,0,-45111,29989,1
D,37695,0,0,0,306,10,0,0,-30,1,-45081,29990,1
D,37705,0,0,0,408,0,0,0,-40,0,-45041,29990,1
D,37715,0,0,0,408,0,0,0,-40,0,-45001,29990,1
D,37725,0,0,0,306,0,0,0,-30,0,-44971,29990,1
D,37735,0,0,0,122,10,0,0,-12,1,-44959,29991,1
D,37745,0,0,0,-10,0,0,0,1,0,-44960,29991,1
D,37755,0,0,0,-40,0,0,0,4,0,-44964,29991,1
D,37765,0,0,0,-20,0,0,0,2,0,-44966,29991,1
D,37775,0,0,0,0,0,0,0,0,0,-44966,29991,1
D,37785,0,0,0,0,0,0,0,0,0,-44966,29991,1
D,37795,0,0,0,0,0,0,0,0,0,-44966,29991,1
D,37805,0,0,0,0,0,0,0,0,0,-44966,29991,1
D,37815,0,0,0,0,0,0,0,0,0,-44966,29991,1
D,37825,0,0,0,0,0,0,0,0,0,-44966,29991,1
D,37835,0,0,0,0,0,0,0,0,0,-44966,29991,1
D,37845,0,0,0,0,0,0,0,0,0,-44966,29991,1
D,37855,0,0,0,0,0,0,0,0,0,-44966,29991,1
D,37865,0,0,0,0,0,0,0,0,0,-44966,29991,1
D,37875,0,0,0,0,0,0,0,0,0,-44966,29991,1
D,37885,0,0,0,0,0,0,0,0,0,-44966,29991,1
D,37895,0,0,0,0,0,0,0,0,0,-44966,29991,1
D,37905,0,0,0,0,0,0,0,0,0,-44966,29991,1
D,37915,0,0,0,0,0,0,0,0,0,-44966,29991,1
D,37925,0,0,0,0,0,0,0,0,0,-44966,29991,1
D,37935,0,0,0,0,0,0,0,0,0,-44966,29991,1
D,37945,0,0,0,0,0,0,0,0,0,-44966,29991,1
D,37955,0,0,0,0,0,0,0,0,0,-44966,29991,1
D,37965,0,0,0,0,0,0,0,0,0,-44966,29991,1
D,37975,0,0,0,0,0,0,0,0,0,-44966,29991,1
D,37985,0,0,0,0,0,0,0,0,0,-44966,29991,1
D,37995,0,0,0,0,0,0,0,0,0,-44966,29991,1
D,38005,0,0,0,0,0,0,0,0,0,-44966,29991,1
D,38015,0,0,0,0,0,0,0,0,0,-44966,29991,1
D,38025,0,0,0,0,0,0,0,0,0,-44966,29991,1
D,38035,0,0,0,0,0,0,0,0,0,-44966,29991,1
D,38045,0,0,0,0,0,0,0,0,0,-44966,29991,1
D,38055,0,0,0,0,0,0,0,0,0,-44966,29991,1
D,38065,0,0,0,0,0,0,0,0,0,-44966,29991,1
D,38075,0,0,0,0,0,0,0,0,0,-44966,29991,1
D,38085,0,0,0,0,0,0,0,0,0,-44966,29991,1
D,38095,0,0,0,0,0,0,0,0,0,-44966,29991,1
D,38105,0,0,0,0,0,0,0,0,0,-44966,29991,1
D,38115,0,0,0,0,0,0,0,0,0,-44966,29991,1
D,38125,0,0,0,0,0,0,0,0,0,-44966,29991,1
D,38135,0,0,0,0,0,0,0,0,0,-44966,29991,1
D,38145,0,0,0,0,0,0,0,0,0,-44966,29991,1
D,38155,0,0,0,0,0,0,0,0,0,-44966,29991,1
D,38165,0,0,0,0,0,0,0,0,0,-44966,29991,1
D,38175,0,0,0,0,0,0,0,0,0,-44966,29991,1
D,38185,0,0,0,0,0,0,0,0,0,-44966,29991,1
D,38195,0,0,0,0,0,0,0,0,0,-44966,29991,1
D,38205,0,0,0,0,0,0,0,0,0,-44966,29991,1
D,38215,0,0,0,0,0,0,0,0,0,-44966,29991,1
D,38225,0,0,0,0,0,0,0,0,0,-44966,29991,1
D,38235,0,0,0,0,0,0,0,0,0,-44966,29991,1
D,38245,0,0,0,0,0,0,0,0,0,-44966,29991,1
D,38255,0,0,0,0,0,0,0,0,0,-44966,29991,1
D,38265,0,0,0,0,0,0,0,0,0,-44966,29991,1
D,38275,0,0,0,0,0,0,0,0,0,-44966,29991,1
D,38285,0,0,0,0,0,0,0,0,0,-44966,29991,1
D,38295,0,0,0,0,0,0,0,0,0,-44966,29991,1
D,38305,0,0,0,0,0,0,0,0,0,-44966,29991,1
D,38315,0,0,0,0,0,0,0,0,0,-44966,29991,1
D,38325,0,0,0,0,0,0,0,0,0,-44966,29991,1
D,38335,0,0,0,0,0,0,0,0,0,-44966,29991,1
D,38345,0,0,0,0,0,0,0,0,0,-44966,29991,1
D,38355,0,0,0,0,0,0,0,0,0,-44966,29991,1
D,38365,0,0,0,0,0,0,0,0,0,-44966,29991,1
D,38375,0,0,0,0,0,0,0,0,0,-44966,29991,1
D,38385,0,0,0,0,0,0,0,0,0,-44966,29991,1
D,38395,0,0,0,0,0,0,0,0,0,-44966,29991,1
D,38405,0,0,0,0,0,0,0,0,0,-44966,29991,1
D,38415,0,0,0,0,0,0,0,0,0,-44966,29991,1
D,38425,0,0,0,0,0,0,0,0,0,-44966,29991,1
D,38435,0,0,0,0,0,0,0,0,0,-44966,29991,1
D,38445,0,0,0,0,0,0,0,0,0,-44966,29991,1
D,38455,0,0,0,0,0,0,0,0,0,-44966,29991,1
D,38465,0,0,0,0,0,0,0,0,0,-44966,29991,1
D,38475,0,0,0,0,0,0,0,0,0,-44966,29991,1
D,38485,0,0,0,0,0,0,0,0,0,-44966,29991,1
D,38495,0,0,0,0,0,0,0,0,0,-44966,29991,1
D,38505,0,0,0,0,0,0,0,0,0,-44966,29991,1
D,38515,0,0,0,0,0,0,0,0,0,-44966,29991,1
D,38525,0,0,0,0,0,0,0,0,0,-44966,29991,1
D,38535,0,0,0,0,0,0,0,0,0,-44966,29991,1
D,38545,0,0,0,0,0,0,0,0,0,-44966,29991,1
D,38555,0,0,0,0,0,0,0,0,0,-44966,29991,1
D,38565,0,0,0,0,0,0,0,0,0,-44966,29991,1
D,38575,0,0,0,0,0,0,0,0,0,-44966,29991,1
D,38585,0,0,0,0,0,0,0,0,0,-44966,29991,1
D,38595,0,0,0,0,0,0,0,0,0,-44966,29991,1
D,38605,0,0,0,0,0,0,0,0,0,-44966,29991,1
D,38615,0,0,0,0,0,0,0,0,0,-44966,29991,1
D,38625,0,0,0,0,0,0,0,0,0,-44966,29991,1
D,38635,0,0,0,0,0,0,0,0,0,-44966,29991,1
D,38645,0,0,0,0,0,0,0,0,0,-44966,29991,1
D,38655,0,0,0,0,0,0,0,0,0,-44966,29991,1
D,38665,0,0,0,0,0,0,0,0,0,-44966,29991,1
D,38675,0,0,0,0,0,0,0,0,0,-44966,29991,1
D,38685,0,0,0,0,0,0,0,0,0,-44966,29991,1
D,38695,0,0,0,0,0,0,0,0,0,-44966,29991,1
D,38705,0,0,0,0,0,0,0,0,0,-44966,29991,1
D,38715,0,0,0,0,0,0,0,0,0,-44966,29991,1
D,38725,0,0,0,0,0,0,0,0,0,-44966,29991,1
D,38735,0,0,0,0,0,0,0,0,0,-44966,29991,1
D,38745,0,0,0,0,0,0,0,0,0,-44966,29991,1
D,38755,0,0,0,0,0,0,0,0,0,-44966,29991,1
D,38765,0,0,0,0,0,0,0,0,0,-44966,29991,1
D,38775,0,0,0,0,0,0,0,0,0,-44966,29991,1
D,38785,0,0,0,0,0,0,0,0,0,-44966,29991,1
D,38795,0,0,0,0,0,0,0,0,0,-44966,29991,1
D,38805,0,0,0,0,0,0,0,0,0,-44966,29991,1
D,38815,0,0,0,0,0,0,0,0,0,-44966,29991,1
D,38825,0,0,0,0,0,0,0,0,0,-44966,29991,1
D,38835,0,0,0,0,0,0,0,0,0,-44966,29991,1
D,38845,0,0,0,0,0,0,0,0,0,-44966,29991,1
D,38855,0,0,0,0,0,0,0,0,0,-44966,29991,1
D,38865,0,0,0,0,0,0,0,0,0,-44966,29991,1
D,38875,0,0,0,0,0,0,0,0,0,-44966,29991,1
D,38885,0,0,0,0,0,0,0,0,0,-44966,29991,1
D,38895,0,0,0,0,0,0,0,0,0,-44966,29991,1
D,38905,0,0,0,0,0,0,0,0,0,-44966,29991,1
D,38915,0,0,0,0,0,0,0,0,0,-44966,29991,1
D,38925,0,0,0,0,0,0,0,0,0,-44966,29991,1
D,38935,0,0,0,0,0,0,0,0,0,-44966,29991,1
D,38945,0,0,0,0,0,0,0,0,0,-44966,29991,1
D,38955,0,0,0,0,0,0,0,0,0,-44966,29991,1
D,38965,0,0,0,0,0,0,0,0,0,-44966,29991,1
D,38975,0,0,0,0,0,0,0,0,0,-44966,29991,1
D,38985,0,0,0,0,0,0,0,0,0,-44966,29991,1
D,38995,0,0,0,0,0,0,0,0,0,-44966,29991,1
D,39005,0,0,0,0,0,0,0,0,0,-44966,29991,1
D,39015,0,0,0,0,0,0,0,0,0,-44966,29991,1
D,39025,0,0,0,0,0,0,0,0,0,-44966,29991,1
D,39035,0,0,0,0,0,0,0,0,0,-44966,29991,1
D,39045,0,0,0,0,0,0,0,0,0,-44966,29991,1
D,39055,0,0,0,0,0,0,0,0,0,-44966,29991,1
D,39065,0,0,0,0,0,0,0,0,0,-44966,29991,1
D,39075,0,0,0,0,0,0,0,0,0,-44966,29991,1
D,39085,0,0,0,0,0,0,0,0,0,-44966,29991,1
D,39095,0,0,0,0,0,0,0,0,0,-44966,29991,1
D,39105,0,0,0,0,0,0,0,0,0,-44966,29991,1
D,39115,0,0,0,0,0,0,0,0,0,-44966,29991,1
D,39125,0,0,0,0,0,0,0,0,0,-44966,29991,1
D,39135,0,0,0,0,0,0,0,0,0,-44966,29991,1
D,39145,0,0,0,0,0,0,0,0,0,-44966,29991,1
D,39155,0,0,0,0,0,0,0,0,0,-44966,29991,1
D,39165,0,0,0,0,0,0,0,0,0,-44966,29991,1
D,39175,0,0,0,0,0,0,0,0,0,-44966,29991,1
D,39185,0,0,0,0,0,0,0,0,0,-44966,29991,1
D,39195,0,0,0,0,0,0,0,0,0,-44966,29991,1
D,39205,0,0,0,0,0,0,0,0,0,-44966,29991,1
D,39215,0,0,0,0,0,0,0,0,0,-44966,29991,1
D,39225,0,0,0,0,0,0,0,0,0,-44966,29991,1
D,39235,0,0,0,0,0,0,0,0,0,-44966,29991,1
D,39245,0,0,0,0,0,0,0,0,0,-44966,29991,1
D,39255,0,0,0,0,0,0,0,0,0,-44966,29991,1
D,39265,0,0,0,0,0,0,0,0,0,-44966,29991,1
D,39275,0,0,0,0,0,0,0,0,0,-44966,29991,1
D,39285,0,0,0,0,0,0,0,0,0,-44966,29991,1
D,39295,0,0,0,0,0,0,0,0,0,-44966,29991,1
D,39305,0,0,0,0,0,0,0,0,0,-44966,29991,1
D,39315,0,0,0,0,0,0,0,0,0,-44966,29991,1
D,39325,0,0,0,0,0,0,0,0,0,-44966,29991,1
D,39335,0,0,0,0,0,0,0,0,0,-44966,29991,1
D,39345,0,0,0,0,0,0,0,0,0,-44966,29991,1
D,39355,0,0,0,0,0,0,0,0,0,-44966,29991,1
D,39365,0,0,0,0,0,0,0,0,0,-44966,29991,1
D,39375,0,0,0,0,0,0,0,0,0,-44966,29991,1
D,39385,0,0,0,0,0,0,0,0,0,-44966,29991,1
D,39395,0,0,0,0,0,0,0,0,0,0,0,1
D,39405,0,0,0,0,0,0,0,0,0,0,0,1
D,39415,0,0,0,0,0,0,0,0,0,0,0,1
D,39425,0,0,0,0,0,0,0,0,0,0,0,1
D,39435,0,0,0,0,0,0,0,0,0,0,0,1
D,39445,0,0,0,0,0,0,0,0,0,0,0,1
D,39455,0,0,0,0,0,0,0,0,0,0,0,1
D,39465,0,0,0,0,0,0,0,0,0,0,0,1
D,39475,0,0,0,0,0,0,0,0,0,0,0,1
D,39485,0,0,0,0,0,0,0,0,0,0,0,1
D,39495,0,0,0,0,0,0,0,0,0,0,0,1
D,39505,0,0,0,0,0,0,0,0,0,0,0,1
D,39515,0,0,0,0,0,0,0,0,0,0,0,1
D,39525,0,0,0,0,0,0,0,0,0,0,0,1
D,39535,0,0,0,0,0,0,0,0,0,0,0,1
D,39545,0,0,0,0,0,0,0,0,0,0,0,1
D,39555,0,0,0,0,0,0,0,0,0,0,0,1
D,39565,0,0,0,0,0,0,0,0,0,0,0,1
D,39575,0,0,0,0,0,0,0,0,0,0,0,1
D,39585,0,0,0,0,0,0,0,0,0,0,0,1
D,39595,0,0,0,0,0,0,0,0,0,0,0,1
D,39605,0,0,0,0,0,0,0,0,0,0,0,1
D,39615,0,0,0,0,0,0,0,0,0,0,0,1
D,39625,0,0,0,0,0,0,0,0,0,0,0,1
D,39635,0,0,0,0,0,0,0,0,0,0,0,1
D,39645,0,0,0,0,0,0,0,0,0,0,0,1
D,39655,0,0,0,0,0,0,0,0,0,0,0,1
D,39665,0,0,0,0,0,0,0,0,0,0,0,1
D,39675,0,0,0,0,0,0,0,0,0,0,0,1
D,39685,0,0,0,0,0,0,0,0,0,0,0,1
D,39695,0,0,0,0,0,0,0,0,0,0,0,1
D,39705,0,0,0,0,0,0,0,0,0,0,0,1
D,39715,0,0,0,0,0,0,0,0,0,0,0,1
D,39725,0,0,0,0,0,0,0,0,0,0,0,1
D,39735,0,0,0,0,0,0,0,0,0,0,0,1
D,39745,0,0,0,0,0,0,0,0,0,0,0,1
D,39755,0,0,0,0,0,0,0,0,0,0,0,1
D,39765,0,0,0,0,0,0,0,0,0,0,0,1
D,39775,0,0,0,0,0,0,0,0,0,0,0,1
D,39785,0,0,0,0,0,0,0,0,0,0,0,1
D,39795,0,0,0,0,0,0,0,0,0,0,0,1
D,39805,0,0,0,0,0,0,0,0,0,0,0,1
D,39815,0,0,0,0,0,0,0,0,0,0,0,1
D,39825,0,0,0,0,0,0,0,0,0,0,0,1
D,39835,0,0,0,0,0,0,0,0,0,0,0,1
D,39845,0,0,0,0,0,0,0,0,0,0,0,1
D,39855,0,0,0,0,0,0,0,0,0,0,0,1
D,39865,0,0,0,0,0,0,0,0,0,0,0,1
D,39875,0,0,0,0,0,0,0,0,0,0,0,1
D,39885,0,0,0,0,0,0,0,0,0,0,0,1
D,39895,0,0,0,0,0,0,0,0,0,0,0,1
D,39905,0,0,0,0,0,0,0,0,0,0,0,1
D,39915,0,0,0,0,0,0,0,0,0,0,0,1
D,39925,0,0,0,0,0,0,0,0,0,0,0,1
D,39935,0,0,0,0,0,0,0,0,0,0,0,1
D,39945,0,0,0,0,0,0,0,0,0,0,0,1
D,39955,0,0,0,0,0,0,0,0,0,0,0,1
D,39965,0,0,0,0,0,0,0,0,0,0,0,1
D,39975,0,0,0,0,0,0,0,0,0,0,0,1
D,39985,0,0,0,0,0,0,0,0,0,0,0,1
D,39995,0,0,0,0,0,0,0,0,0,0,0,1
D,40005,0,0,0,0,0,0,0,0,0,0,0,1
D,40015,0,0,0,0,0,0,0,0,0,0,0,1
D,40025,0,0,0,0,0,0,0,0,0,0,0,1
D,40035,0,0,0,0,0,0,0,0,0,0,0,1
D,40045,0,0,0,0,0,0,0,0,0,0,0,1
D,40055,0,0,0,0,0,0,0,0,0,0,0,1
D,40065,0,0,0,0,0,0,0,0,0,0,0,1
D,40075,0,0,0,0,0,0,0,0,0,0,0,1
D,40085,0,0,0,0,0,0,0,0,0,0,0,1
D,40095,0,0,0,0,0,0,0,0,0,0,0,1
D,40105,0,0,0,0,0,0,0,0,0,0,0,1
D,40115,0,0,0,0,0,0,0,0,0,0,0,1
D,40125,0,0,0,0,0,0,0,0,0,0,0,1
D,40135,0,0,0,0,0,0,0,0,0,0,0,1
D,40145,0,0,0,0,0,0,0,0,0,0,0,1
D,40155,0,0,0,0,0,0,0,0,0,0,0,1
D,40165,0,0,0,0,0,0,0,0,0,0,0,1
D,40175,0,0,0,0,0,0,0,0,0,0,0,1
D,40185,0,0,0,0,0,0,0,0,0,0,0,1
D,40195,0,0,0,0,0,0,0,0,0,0,0,1
D,40205,0,0,0,0,0,0,0,0,0,0,0,1
D,40215,0,0,0,0,0,0,0,0,0,0,0,1
D,40225,0,0,0,0,0,0,0,0,0,0,0,1
D,40235,0,0,0,0,0,0,0,0,0,0,0,1
D,40245,0,0,0,0,0,0,0,0,0,0,0,1
D,40255,0,0,0,0,0,0,0,0,0,0,0,1
D,40265,0,0,0,0,0,0,0,0,0,0,0,1
D,40275,0,0,0,0,0,0,0,0,0,0,0,1
D,40285,0,0,0,0,0,0,0,0,0,0,0,1
D,40295,0,0,0,0,0,0,0,0,0,0,0,1
D,40305,0,0,0,0,0,0,0,0,0,0,0,1
D,40315,0,0,0,0,0,0,0,0,0,0,0,1
D,40325,0,0,0,0,0,0,0,0,0,0,0,1
D,40335,0,0,0,0,0,0,0,0,0,0,0,1
D,40345,0,0,0,0,0,0,0,0,0,0,0,1
D,40355,0,0,0,0,0,0,0,0,0,0,0,1
D,40365,0,0,0,0,0,0,0,0,0,0,0,1
D,40375,0,0,0,0,0,0,0,0,0,0,0,1
D,40385,0,0,0,0,0,0,0,0,0,0,0,1
D,40395,0,0,0,0,0,0,0,0,0,0,0,1
D,40405,0,0,0,0,0,0,0,0,0,0,0,1
D,40415,0,0,0,0,0,0,0,0,0,0,0,1
D,40425,0,0,0,0,0,0,0,0,0,0,0,1
D,40435,0,0,0,0,0,0,0,0,0,0,0,1
D,40445,0,0,0,0,0,0,0,0,0,0,0,1
D,40455,0,0,0,0,0,0,0,0,0,0,0,1
D,40465,0,0,0,0,0,0,0,0,0,0,0,1
D,40475,0,0,0,0,0,0,0,0,0,0,0,1
D,40485,0,0,0,0,0,0,0,0,0,0,0,1
D,40495,0,0,0,0,0,0,0,0,0,0,0,1
D,40505,0,0,0,0,0,0,0,0,0,0,0,1
D,40515,0,0,0,0,0,0,0,0,0,0,0,1
D,40525,0,0,0,0,0,0,0,0,0,0,0,1
D,40535,0,0,0,0,0,0,0,0,0,0,0,1
D,40545,0,0,0,0,0,0,0,0,0,0,0,1
D,40555,0,0,0,0,0,0,0,0,0,0,0,1
D,40565,0,0,0,0,0,0,0,0,0,0,0,1
D,40575,0,0,0,0,0,0,0,0,0,0,0,1
D,40585,0,0,0,0,0,0,0,0,0,0,0,1
D,40595,0,0,0,0,0,0,0,0,0,0,0,1
D,40605,0,0,0,0,0,0,0,0,0,0,0,1
D,40615,0,0,0,0,0,0,0,0,0,0,0,1
D,40625,0,0,0,0,0,0,0,0,0,0,0,1
D,40635,0,0,0,0,0,0,0,0,0,0,0,1
D,40645,0,0,0,0,0,0,0,0,0,0,0,1
D,40655,0,0,0,0,0,0,0,0,0,0,0,1
D,40665,0,0,0,0,0,0,0,0,0,0,0,1
D,40675,0,0,0,0,0,0,0,0,0,0,0,1
D,40685,0,0,0,0,0,0,0,0,0,0,0,1
D,40695,0,0,0,0,0,0,0,0,0,0,0,1
D,40705,0,0,0,0,0,0,0,0,0,0,0,1
D,40715,0,0,0,0,0,0,0,0,0,0,0,1
D,40725,0,0,0,0,0,0,0,0,0,0,0,1
D,40735,0,0,0,0,0,0,0,0,0,0,0,1
D,40745,0,0,0,0,0,0,0,0,0,0,0,1
D,40755,0,0,0,0,0,0,0,0,0,0,0,1
D,40765,0,0,0,0,0,0,0,0,0,0,0,1
D,40775,0,0,0,0,0,0,0,0,0,0,0,1
D,40785,0,0,0,0,0,0,0,0,0,0,0,1
D,40795,0,0,0,0,0,0,0,0,0,0,0,1
D,40805,0,0,0,0,0,0,0,0,0,0,0,1
D,40815,0,0,0,0,0,0,0,0,0,0,0,1
D,40825,0,0,0,0,0,0,0,0,0,0,0,1
D,40835,0,0,0,0,0,0,0,0,0,0,0,1
D,40845,0,0,0,0,0,0,0,0,0,0,0,1
D,40855,0,0,0,0,0,0,0,0,0,0,0,1
D,40865,0,0,0,0,0,0,0,0,0,0,0,1
D,40875,0,0,0,0,0,0,0,0,0,0,0,1
D,40885,0,0,0,0,0,0,0,0,0,0,0,1
D,40895,0,0,0,0,0,0,0,0,0,0,0,1
D,40905,0,0,0,0,0,0,0,0,0,0,0,1
D,40915,0,0,0,0,0,0,0,0,0,0,0,1
D,40925,0,0,0,0,0,0,0,0,0,0,0,1
D,40935,0,0,0,0,0,0,0,0,0,0,0,1
D,40945,0,0,0,0,0,0,0,0,0,0,0,1
D,40955,0,0,0,0,0,0,0,0,0,0,0,1
D,40965,0,0,0,0,0,0,0,0,0,0,0,1
D,40975,0,0,0,0,0,0,0,0,0,0,0,1
D,40985,0,0,0,0,0,0,0,0,0,0,0,1
D,40995,0,0,0,0,0,0,0,0,0,0,0,1
D,41005,0,0,0,0,0,0,0,0,0,0,0,1
D,41015,0,0,0,0,0,0,0,0,0,0,0,1
D,41025,0,0,0,0,0,0,0,0,0,0,0,1
D,41035,0,0,0,0,0,0,0,0,0,0,0,1
D,41045,0,0,0,0,0,0,0,0,0,0,0,1
D,41055,0,0,0,0,0,0,0,0,0,0,0,1
D,41065,0,0,0,0,0,0,0,0,0,0,0,1
D,41075,0,0,0,0,0,0,0,0,0,0,0,1
D,41085,0,0,0,0,0,0,0,0,0,0,0,1
D,41095,0,0,0,0,0,0,0,0,0,0,0,1
D,41105,0,0,0,0,0,0,0,0,0,0,0,1
D,41115,0,0,0,0,0,0,0,0,0,0,0,1
D,41125,0,0,0,0,0,0,0,0,0,0,0,1
D,41135,0,0,0,0,0,0,0,0,0,0,0,1
D,41145,0,0,0,0,0,0,0,0,0,0,0,1
D,41155,0,0,0,0,0,0,0,0,0,0,0,1
D,41165,0,0,0,0,0,0,0,0,0,0,0,1
D,41175,0,0,0,0,0,0,0,0,0,0,0,1
D,41185,0,0,0,0,0,0,0,0,0,0,0,1
D,41195,0,0,0,0,0,0,0,0,0,0,0,1
D,41205,0,0,0,0,0,0,0,0,0,0,0,1
D,41215,0,0,0,0,0,0,0,0,0,0,0,1
D,41225,0,0,0,0,0,0,0,0,0,0,0,1
D,41235,0,0,0,0,0,0,0,0,0,0,0,1
D,41245,0,0,0,0,0,0,0,0,0,0,0,1
D,41255,0,0,0,0,0,0,0,0,0,0,0,1
D,41265,0,0,0,0,0,0,0,0,0,0,0,1
D,41275,0,0,0,0,0,0,0,0,0,0,0,1
D,41285,0,0,0,0,0,0,0,0,0,0,0,1
D,41295,0,0,0,0,0,0,0,0,0,0,0,1
D,41305,0,0,0,0,0,0,0,0,0,0,0,1
D,41315,0,0,0,0,0,0,0,0,0,0,0,1
D,41325,0,0,0,0,0,0,0,0,0,0,0,1
D,41335,0,0,0,0,0,0,0,0,0,0,0,1
D,41345,0,0,0,0,0,0,0,0,0,0,0,1
D,41355,0,0,0,0,0,0,0,0,0,0,0,1
D,41365,0,0,0,0,0,0,0,0,0,0,0,1
D,41375,0,0,0,0,0,0,0,0,0,0,0,1
D,41385,0,0,0,0,0,0,0,0,0,0,0,1
D,41395,0,0,0,0,0,0,0,0,0,0,0,1
D,41405,0,0,0,0,0,0,0,0,0,0,0,1
D,41415,0,0,0,0,0,0,0,0,0,0,0,1
D,41425,0,0,0,0,0,0,0,0,0,0,0,1
D,41435,0,0,0,0,0,0,0,0,0,0,0,1
D,41445,0,0,0,0,0,0,0,0,0,0,0,1
D,41455,0,0,0,0,0,0,0,0,0,0,0,1
D,41465,0,0,0,0,0,0,0,0,0,0,0,1
D,41475,0,0,0,0,0,0,0,0,0,0,0,1
D,41485,0,0,0,0,0,0,0,0,0,0,0,1
D,41495,0,0,0,0,0,0,0,0,0,0,0,1
D,41505,0,0,0,0,0,0,0,0,0,0,0,1
D,41515,0,0,0,0,0,0,0,0,0,0,0,1
D,41525,0,0,0,0,0,0,0,0,0,0,0,1
D,41535,0,0,0,0,0,0,0,0,0,0,0,1
D,41545,0,0,0,0,0,0,0,0,0,0,0,1
D,41555,0,0,0,0,0,0,0,0,0,0,0,1
D,41565,0,0,0,0,0,0,0,0,0,0,0,1
D,41575,0,0,0,0,0,0,0,0,0,0,0,1
D,41585,0,0,0,0,0,0,0,0,0,0,0,1
D,41595,0,0,0,0,0,0,0,0,0,0,0,1
D,41605,0,0,0,0,0,0,0,0,0,0,0,1
D,41615,0,0,0,0,0,0,0,0,0,0,0,1
D,41625,0,0,0,0,0,0,0,0,0,0,0,1
D,41635,0,0,0,0,0,0,0,0,0,0,0,1
D,41645,0,0,0,0,0,0,0,0,0,0,0,1
D,41655,0,0,0,0,0,0,0,0,0,0,0,1
D,41665,0,0,0,0,0,0,0,0,0,0,0,1
D,41675,0,0,0,0,0,0,0,0,0,0,0,1
D,41685,0,0,0,0,0,0,0,0,0,0,0,1
D,41695,0,0,0,0,0,0,0,0,0,0,0,1
D,41705,0,0,0,0,0,0,0,0,0,0,0,1
D,41715,0,0,0,0,0,0,0,0,0,0,0,1
D,41725,0,0,0,0,0,0,0,0,0,0,0,1
D,41735,0,0,0,0,0,0,0,0,0,0,0,1
D,41745,0,0,0,0,0,0,0,0,0,0,0,1
D,41755,0,0,0,0,0,0,0,0,0,0,0,1
D,41765,0,0,0,0,0,0,0,0,0,0,0,1
D,41775,0,0,0,0,0,0,0,0,0,0,0,1
D,41785,0,0,0,0,0,0,0,0,0,0,0,1
D,41795,0,0,0,0,0,0,0,0,0,0,0,1
D,41805,0,0,0,0,0,0,0,0,0,0,0,1
D,41815,0,0,0,0,0,0,0,0,0,0,0,1
D,41825,0,0,0,0,0,0,0,0,0,0,0,1
D,41835,0,0,0,0,0,0,0,0,0,0,0,1
D,41845,0,0,0,0,0,0,0,0,0,0,0,1
D,41855,0,0,0,0,0,0,0,0,0,0,0,1
D,41865,0,0,0,0,0,0,0,0,0,0,0,1
D,41875,0,0,0,0,0,0,0,0,0,0,0,1
D,41885,0,0,0,0,0,0,0,0,0,0,0,1
D,41895,0,0,0,0,0,0,0,0,0,0,0,1
D,41905,0,0,0,0,0,0,0,0,0,0,0,1
D,41915,0,0,0,0,0,0,0,0,0,0,0,1
D,41925,0,0,0,0,0,0,0,0,0,0,0,1
D,41935,0,0,0,0,0,0,0,0,0,0,0,1
D,41945,0,0,0,0,0,0,0,0,0,0,0,1
D,41955,0,0,0,0,0,0,0,0,0,0,0,1
D,41965,0,0,0,0,0,0,0,0,0,0,0,1
D,41975,0,0,0,0,0,0,0,0,0,0,0,1
D,41985,0,0,0,0,0,0,0,0,0,0,0,1
D,41995,0,0,0,0,0,0,0,0,0,0,0,1
D,42005,0,0,0,0,0,0,0,0,0,0,0,1
D,42015,0,0,0,0,0,0,0,0,0,0,0,1
D,42025,0,0,0,0,0,0,0,0,0,0,0,1
D,42035,0,0,0,0,0,0,0,0,0,0,0,1
D,42045,0,0,0,0,0,0,0,0,0,0,0,1
D,42055,0,0,0,0,0,0,0,0,0,0,0,1
D,42065,0,0,0,0,0,0,0,0,0,0,0,1
D,42075,0,0,0,0,0,0,0,0,0,0,0,1
D,42085,0,0,0,0,0,0,0,0,0,0,0,1
D,42095,0,0,0,0,0,0,0,0,0,0,0,1
D,42105,0,0,0,0,0,0,0,0,0,0,0,1
D,42115,0,0,0,0,0,0,0,0,0,0,0,1
D,42125,0,0,0,0,0,0,0,0,0,0,0,1
D,42135,0,0,0,0,0,0,0,0,0,0,0,1
D,42145,0,0,0,0,0,0,0,0,0,0,0,1
D,42155,0,0,0,0,0,0,0,0,0,0,0,1
D,42165,0,0,0,0,0,0,0,0,0,0,0,1
D,42175,0,0,0,0,0,0,0,0,0,0,0,1
D,42185,0,0,0,0,0,0,0,0,0,0,0,1
D,42195,0,0,0,0,0,0,0,0,0,0,0,1
D,42205,0,0,0,0,0,0,0,0,0,0,0,1
D,42215,0,0,0,0,0,0,0,0,0,0,0,1
D,42225,0,0,0,0,0,0,0,0,0,0,0,1
D,42235,0,0,0,0,0,0,0,0,0,0,0,1
D,42245,0,0,0,0,0,0,0,0,0,0,0,1
D,42255,0,0,0,0,0,0,0,0,0,0,0,1
D,42265,0,0,0,0,0,0,0,0,0,0,0,1
D,42275,0,0,0,0,0,0,0,0,0,0,0,1
D,42285,0,0,0,0,0,0,0,0,0,0,0,1
D,42295,0,0,0,0,0,0,0,0,0,0,0,1
D,42305,0,0,0,0,0,0,0,0,0,0,0,1
D,42315,0,0,0,0,0,0,0,0,0,0,0,1
D,42325,0,0,0,0,0,0,0,0,0,0,0,1
D,42335,0,0,0,0,0,0,0,0,0,0,0,1
D,42345,0,0,0,0,0,0,0,0,0,0,0,1
D,42355,0,0,0,0,0,0,0,0,0,0,0,1
D,42365,0,0,0,0,0,0,0,0,0,0,0,1
D,42375,0,0,0,0,0,0,0,0,0,0,0,1
D,42385,0,0,0,0,0,0,0,0,0,0,0,1
D,42395,0,0,0,0,0,0,0,0,0,0,0,1
D,42405,0,0,0,0,0,0,0,0,0,0,0,1
D,42415,0,0,0,0,0,0,0,0,0,0,0,1
D,42425,0,0,0,0,0,0,0,0,0,0,0,1
D,42435,0,0,0,0,0,0,0,0,0,0,0,1
D,42445,0,0,0,0,0,0,0,0,0,0,0,1
D,42455,0,0,0,0,0,0,0,0,0,0,0,1
D,42465,0,0,0,0,0,0,0,0,0,0,0,1
D,42475,0,0,0,0,0,0,0,0,0,0,0,1
D,42485,0,0,0,0,0,0,0,0,0,0,0,1
D,42495,0,0,0,0,0,0,0,0,0,0,0,1
D,42505,0,0,0,0,0,0,0,0,0,0,0,1
D,42515,0,0,0,0,0,0,0,0,0,0,0,1
D,42525,0,0,0,0,0,0,0,0,0,0,0,1
D,42535,0,0,0,0,0,0,0,0,0,0,0,1
D,42545,0,0,0,0,0,0,0,0,0,0,0,1
D,42555,0,0,0,0,0,0,0,0,0,0,0,1
D,42565,0,0,0,0,0,0,0,0,0,0,0,1
D,42575,0,0,0,0,0,0,0,0,0,0,0,1
D,42585,0,0,0,0,0,0,0,0,0,0,0,1
D,42595,0,0,0,0,0,0,0,0,0,0,0,1
D,42605,0,0,0,0,0,0,0,0,0,0,0,1
D,42615,0,0,0,0,0,0,0,0,0,0,0,1
D,42625,0,0,0,0,0,0,0,0,0,0,0,1
D,42635,0,0,0,0,0,0,0,0,0,0,0,1
D,42645,0,0,0,0,0,0,0,0,0,0,0,1
D,42655,0,0,0,0,0,0,0,0,0,0,0,1
D,42665,0,0,0,0,0,0,0,0,0,0,0,1
D,42675,0,0,0,0,0,0,0,0,0,0,0,1
D,42685,0,0,0,0,0,0,0,0,0,0,0,1
D,42695,0,0,0,0,0,0,0,0,0,0,0,1
D,42705,0,0,0,0,0,0,0,0,0,0,0,1
D,42715,0,0,0,0,0,0,0,0,0,0,0,1
D,42725,0,0,0,0,0,0,0,0,0,0,0,1
D,42735,0,0,0,0,0,0,0,0,0,0,0,1
D,42745,0,0,0,0,0,0,0,0,0,0,0,1
D,42755,0,0,0,0,0,0,0,0,0,0,0,1
D,42765,0,0,0,0,0,0,0,0,0,0,0,1
D,42775,0,0,0,0,0,0,0,0,0,0,0,1
D,42785,0,0,0,0,0,0,0,0,0,0,0,1
D,42795,0,0,0,0,0,0,0,0,0,0,0,1
D,42805,0,0,0,0,0,0,0,0,0,0,0,1
D,42815,0,0,0,0,0,0,0,0,0,0,0,1
D,42825,0,0,0,0,0,0,0,0,0,0,0,1
D,42835,0,0,0,0,0,0,0,0,0,0,0,1
D,42845,0,0,0,0,0,0,0,0,0,0,0,1
D,42855,0,0,0,0,0,0,0,0,0,0,0,1
D,42865,0,0,0,0,0,0,0,0,0,0,0,1
D,42875,0,0,0,0,0,0,0,0,0,0,0,1
D,42885,0,0,0,0,0,0,0,0,0,0,0,1
D,42895,0,0,0,0,0,0,0,0,0,0,0,1
D,42905,0,0,0,0,0,0,0,0,0,0,0,1
D,42915,0,0,0,0,0,0,0,0,0,0,0,1
D,42925,0,0,0,0,0,0,0,0,0,0,0,1
D,42935,0,0,0,0,0,0,0,0,0,0,0,1
D,42945,0,0,0,0,0,0,0,0,0,0,0,1
D,42955,0,0,0,0,0,0,0,0,0,0,0,1
D,42965,0,0,0,0,0,0,0,0,0,0,0,1
D,42975,0,0,0,0,0,0,0,0,0,0,0,1
D,42985,0,0,0,0,0,0,0,0,0,0,0,1
D,42995,0,0,0,0,0,0,0,0,0,0,0,1
D,43005,0,0,0,0,0,0,0,0,0,0,0,1
D,43015,0,0,0,0,0,0,0,0,0,0,0,1
D,43025,0,0,0,0,0,0,0,0,0,0,0,1
D,43035,0,0,0,0,0,0,0,0,0,0,0,1
D,43045,0,0,0,0,0,0,0,0,0,0,0,1
D,43055,0,0,0,0,0,0,0,0,0,0,0,1
D,43065,0,0,0,0,0,0,0,0,0,0,0,1
D,43075,0,0,0,0,0,0,0,0,0,0,0,1
D,43085,0,0,0,0,0,0,0,0,0,0,0,1
D,43095,0,0,0,0,0,0,0,0,0,0,0,1
D,43105,0,0,0,0,0,0,0,0,0,0,0,1
D,43115,0,0,0,0,0,0,0,0,0,0,0,1
D,43125,0,0,0,0,0,0,0,0,0,0,0,1
D,43135,0,0,0,0,0,0,0,0,0,0,0,1
D,43145,0,0,0,0,0,0,0,0,0,0,0,1
D,43155,0,0,0,0,0,0,0,0,0,0,0,1
D,43165,0,0,0,0,0,0,0,0,0,0,0,1
D,43175,0,0,0,0,0,0,0,0,0,0,0,1
D,43185,0,0,0,0,0,0,0,0,0,0,0,1
D,43195,0,0,0,0,0,0,0,0,0,0,0,1
D,43205,0,0,0,0,0,0,0,0,0,0,0,1
D,43215,0,0,0,0,0,0,0,0,0,0,0,1
D,43225,0,0,0,0,0,0,0,0,0,0,0,1
D,43235,0,0,0,0,0,0,0,0,0,0,0,1
D,43245,0,0,0,0,0,0,0,0,0,0,0,1
D,43255,0,0,0,0,0,0,0,0,0,0,0,1
D,43265,0,0,0,0,0,0,0,0,0,0,0,1
D,43275,0,0,0,0,0,0,0,0,0,0,0,1
D,43285,0,0,0,0,0,0,0,0,0,0,0,1
D,43295,0,0,0,0,0,0,0,0,0,0,0,1
D,43305,0,0,0,0,0,0,0,0,0,0,0,1
D,43315,0,0,0,0,0,0,0,0,0,0,0,1
D,43325,0,0,0,0,0,0,0,0,0,0,0,1
D,43335,0,0,0,0,0,0,0,0,0,0,0,1
D,43345,0,0,0,0,0,0,0,0,0,0,0,1
D,43355,0,0,0,0,0,0,0,0,0,0,0,1
D,43365,0,0,0,0,0,0,0,0,0,0,0,1
D,43375,0,0,0,0,0,0,0,0,0,0,0,1
D,43385,0,0,0,0,0,0,0,0,0,0,0,1
D,43395,0,0,0,0,0,0,0,0,0,0,0,1
D,43405,0,0,0,0,0,0,0,0,0,0,0,1
D,43415,0,0,0,0,0,0,0,0,0,0,0,1
D,43425,0,0,0,0,0,0,0,0,0,0,0,1
D,43435,0,0,0,0,0,0,0,0,0,0,0,1
D,43445,0,0,0,0,0,0,0,0,0,0,0,1
D,43455,0,0,0,0,0,0,0,0,0,0,0,1
D,43465,0,0,0,0,0,0,0,0,0,0,0,1
D,43475,0,0,0,0,0,0,0,0,0,0,0,1
D,43485,0,0,0,0,0,0,0,0,0,0,0,1
D,43495,0,0,0,0,0,0,0,0,0,0,0,1
D,43505,0,0,0,0,0,0,0,0,0,0,0,1
D,43515,0,0,0,0,0,0,0,0,0,0,0,1
D,43525,0,0,0,0,0,0,0,0,0,0,0,1
D,43535,0,0,0,0,0,0,0,0,0,0,0,1
D,43545,0,0,0,0,0,0,0,0,0,0,0,1
D,43555,0,0,0,0,0,0,0,0,0,0,0,1
D,43565,0,0,0,0,0,0,0,0,0,0,0,1
D,43575,0,0,0,0,0,0,0,0,0,0,0,1
D,43585,0,0,0,0,0,0,0,0,0,0,0,1
D,43595,0,0,0,0,0,0,0,0,0,0,0,1
D,43605,0,0,0,0,0,0,0,0,0,0,0,1
D,43615,0,0,0,0,0,0,0,0,0,0,0,1
D,43625,0,0,0,0,0,0,0,0,0,0,0,1
D,43635,0,0,0,0,0,0,0,0,0,0,0,1
D,43645,0,0,0,0,0,0,0,0,0,0,0,1
D,43655,0,0,0,0,0,0,0,0,0,0,0,1
D,43665,0,0,0,0,0,0,0,0,0,0,0,1
D,43675,0,0,0,0,0,0,0,0,0,0,0,1
D,43685,0,0,0,0,0,0,0,0,0,0,0,1
D,43695,0,0,0,0,0,0,0,0,0,0,0,1
D,43705,0,0,0,0,0,0,0,0,0,0,0,1
D,43715,0,0,0,0,0,0,0,0,0,0,0,1
D,43725,0,0,0,0,0,0,0,0,0,0,0,1
D,43735,0,0,0,0,0,0,0,0,0,0,0,1
D,43745,0,0,0,0,0,0,0,0,0,0,0,1
D,43755,0,0,0,0,0,0,0,0,0,0,0,1
D,43765,0,0,0,0,0,0,0,0,0,0,0,1
D,43775,0,0,0,0,0,0,0,0,0,0,0,1
D,43785,0,0,0,0,0,0,0,0,0,0,0,1
D,43795,0,0,0,0,0,0,0,0,0,0,0,1
D,43805,0,0,0,0,0,0,0,0,0,0,0,1
D,43815,0,0,0,0,0,0,0,0,0,0,0,1
D,43825,0,0,0,0,0,0,0,0,0,0,0,1
D,43835,0,0,0,0,0,0,0,0,0,0,0,1
D,43845,0,0,0,0,0,0,0,0,0,0,0,1
D,43855,0,0,0,0,0,0,0,0,0,0,0,1
D,43865,0,0,0,0,0,0,0,0,0,0,0,1
D,43875,0,0,0,0,0,0,0,0,0,0,0,1
D,43885,0,0,0,0,0,0,0,0,0,0,0,1
D,43895,0,0,0,0,0,0,0,0,0,0,0,1
D,43905,0,0,0,0,0,0,0,0,0,0,0,1
D,43915,0,0,0,0,0,0,0,0,0,0,0,1
D,43925,0,0,0,0,0,0,0,0,0,0,0,1
D,43935,0,0,0,0,0,0,0,0,0,0,0,1
D,43945,0,0,0,0,0,0,0,0,0,0,0,1
D,43955,0,0,0,0,0,0,0,0,0,0,0,1
D,43965,0,0,0,0,0,0,0,0,0,0,0,1
D,43975,0,0,0,0,0,0,0,0,0,0,0,1
D,43985,0,0,0,0,0,0,0,0,0,0,0,1
D,43995,0,0,0,0,0,0,0,0,0,0,0,1
D,44005,0,0,0,0,0,0,0,0,0,0,0,1
D,44015,0,0,0,0,0,0,0,0,0,0,0,1
D,44025,0,0,0,0,0,0,0,0,0,0,0,1
D,44035,0,0,0,0,0,0,0,0,0,0,0,1
D,44045,0,0,0,0,0,0,0,0,0,0,0,1
D,44055,0,0,0,0,0,0,0,0,0,0,0,1
D,44065,0,0,0,0,0,0,0,0,0,0,0,1
D,44075,0,0,0,0,0,0,0,0,0,0,0,1
D,44085,0,0,0,0,0,0,0,0,0,0,0,1
D,44095,0,0,0,0,0,0,0,0,0,0,0,1
D,44105,0,0,0,0,0,0,0,0,0,0,0,1
D,44115,0,0,0,0,0,0,0,0,0,0,0,1
D,44125,0,0,0,0,0,0,0,0,0,0,0,1
D,44135,0,0,0,0,0,0,0,0,0,0,0,1
D,44145,0,0,0,0,0,0,0,0,0,0,0,1
D,44155,0,0,0,0,0,0,0,0,0,0,0,1
D,44165,0,0,0,0,0,0,0,0,0,0,0,1
D,44175,0,0,0,0,0,0,0,0,0,0,0,1
D,44185,0,0,0,0,0,0,0,0,0,0,0,1
D,44195,0,0,0,0,0,0,0,0,0,0,0,1
D,44205,0,0,0,0,0,0,0,0,0,0,0,1
D,44215,0,0,0,0,0,0,0,0,0,0,0,1
D,44225,0,0,0,0,0,0,0,0,0,0,0,1
D,44235,0,0,0,0,0,0,0,0,0,0,0,1
D,44245,0,0,0,0,0,0,0,0,0,0,0,1
D,44255,0,0,0,0,0,0,0,0,0,0,0,1
D,44265,0,0,0,0,0,0,0,0,0,0,0,1
D,44275,0,0,0,0,0,0,0,0,0,0,0,1
D,44285,0,0,0,0,0,0,0,0,0,0,0,1
D,44295,0,0,0,0,0,0,0,0,0,0,0,1
D,44305,0,0,0,0,0,0,0,0,0,0,0,1
D,44315,0,0,0,0,0,0,0,0,0,0,0,1
D,44325,0,0,0,0,0,0,0,0,0,0,0,1
D,44335,0,0,0,0,0,0,0,0,0,0,0,1
D,44345,0,0,0,0,0,0,0,0,0,0,0,1
D,44355,0,0,0,0,0,0,0,0,0,0,0,1
D,44365,0,0,0,0,0,0,0,0,0,0,0,1
D,44375,0,0,0,0,0,0,0,0,0,0,0,1
D,44385,0,0,0,0,0,0,0,0,0,0,0,1
D,44395,0,0,0,0,0,0,0,0,0,0,0,1
D,44405,0,0,0,0,0,0,0,0,0,0,0,1
D,44415,0,0,0,0,0,0,0,0,0,0,0,1
D,44425,0,0,0,0,0,0,0,0,0,0,0,1
D,44435,0,0,0,0,0,0,0,0,0,0,0,1
D,44445,0,0,0,0,0,0,0,0,0,0,0,1
D,44455,0,0,0,0,0,0,0,0,0,0,0,1
D,44465,0,0,0,0,0,0,0,0,0,0,0,1
D,44475,0,0,0,0,0,0,0,0,0,0,0,1
D,44485,0,0,0,0,0,0,0,0,0,0,0,1
D,44495,0,0,0,0,0,0,0,0,0,0,0,1
D,44505,0,0,0,0,0,0,0,0,0,0,0,1
D,44515,0,0,0,0,0,0,0,0,0,0,0,1
D,44525,0,0,0,0,0,0,0,0,0,0,0,1
D,44535,0,0,0,0,0,0,0,0,0,0,0,1
D,44545,0,0,0,0,0,0,0,0,0,0,0,1
D,44555,0,0,0,0,0,0,0,0,0,0,0,1
D,44565,0,0,0,0,0,0,0,0,0,0,0,1
D,44575,0,0,0,0,0,0,0,0,0,0,0,1
D,44585,0,0,0,0,0,0,0,0,0,0,0,1
D,44595,0,0,0,0,0,0,0,0,0,0,0,1
D,44605,0,0,0,0,0,0,0,0,0,0,0,1
D,44615,0,0,0,0,0,0,0,0,0,0,0,1
D,44625,0,0,0,0,0,0,0,0,0,0,0,1
D,44635,0,0,0,0,0,0,0,0,0,0,0,1
D,44645,0,0,0,0,0,0,0,0,0,0,0,1
D,44655,0,0,0,0,0,0,0,0,0,0,0,1
D,44665,0,0,0,0,0,0,0,0,0,0,0,1
D,44675,0,0,0,0,0,0,0,0,0,0,0,1
D,44685,0,0,0,0,0,0,0,0,0,0,0,1
D,44695,0,0,0,0,0,0,0,0,0,0,0,1
D,44705,0,0,0,0,0,0,0,0,0,0,0,1
D,44715,0,0,0,0,0,0,0,0,0,0,0,1
D,44725,0,0,0,0,0,0,0,0,0,0,0,1
D,44735,0,0,0,0,0,0,0,0,0,0,0,1
D,44745,0,0,0,0,0,0,0,0,0,0,0,1
D,44755,0,0,0,0,0,0,0,0,0,0,0,1
D,44765,0,0,0,0,0,0,0,0,0,0,0,1
D,44775,0,0,0,0,0,0,0,0,0,0,0,1
D,44785,0,0,0,0,0,0,0,0,0,0,0,1
D,44795,0,0,0,0,0,0,0,0,0,0,0,1
D,44805,0,0,0,0,0,0,0,0,0,0,0,1
D,44815,0,0,0,0,0,0,0,0,0,0,0,1
D,44825,0,0,0,0,0,0,0,0,0,0,0,1
D,44835,0,0,0,0,0,0,0,0,0,0,0,1
D,44845,0,0,0,0,0,0,0,0,0,0,0,1
D,44855,0,0,0,0,0,0,0,0,0,0,0,1
D,44865,0,0,0,0,0,0,0,0,0,0,0,1
D,44875,0,0,0,0,0,0,0,0,0,0,0,1
D,44885,0,0,0,0,0,0,0,0,0,0,0,1
D,44895,0,0,0,0,0,0,0,0,0,0,0,1
D,44905,0,0,0,0,0,0,0,0,0,0,0,1
D,44915,0,0,0,0,0,0,0,0,0,0,0,1
D,44925,0,0,0,0,0,0,0,0,0,0,0,1
D,44935,0,0,0,0,0,0,0,0,0,0,0,1
D,44945,0,0,0,0,0,0,0,0,0,0,0,1
D,44955,0,0,0,0,0,0,0,0,0,0,0,1
D,44965,0,0,0,0,0,0,0,0,0,0,0,1
D,44975,0,0,0,0,0,0,0,0,0,0,0,1
D,44985,0,0,0,0,0,0,0,0,0,0,0,1
D,44995,0,0,0,0,0,0,0,0,0,0,0,1
D,45005,0,0,0,0,0,0,0,0,0,0,0,1
D,45015,0,0,0,0,0,0,0,0,0,0,0,1
D,45025,0,0,0,0,0,0,0,0,0,0,0,1
D,45035,0,0,0,0,0,0,0,0,0,0,0,1
D,45045,0,0,0,0,0,0,0,0,0,0,0,1
D,45055,0,0,0,0,0,0,0,0,0,0,0,1
D,45065,0,0,0,0,0,0,0,0,0,0,0,1
D,45075,0,0,0,0,0,0,0,0,0,0,0,1
D,45085,0,0,0,0,0,0,0,0,0,0,0,1
D,45095,0,0,0,0,0,0,0,0,0,0,0,1
D,45105,0,0,0,0,0,0,0,0,0,0,0,1
D,45115,0,0,0,0,0,0,0,0,0,0,0,1
D,45125,0,0,0,0,0,0,0,0,0,0,0,1
D,45135,0,0,0,0,0,0,0,0,0,0,0,1
D,45145,0,0,0,0,0,0,0,0,0,0,0,1
D,45155,0,0,0,0,0,0,0,0,0,0,0,1
D,45165,0,0,0,0,0,0,0,0,0,0,0,1
D,45175,0,0,0,0,0,0,0,0,0,0,0,1
D,45185,0,0,0,0,0,0,0,0,0,0,0,1
D,45195,0,0,0,0,0,0,0,0,0,0,0,1
D,45205,0,0,0,0,0,0,0,0,0,0,0,1
D,45215,0,0,0,0,0,0,0,0,0,0,0,1
D,45225,0,0,0,0,0,0,0,0,0,0,0,1
D,45235,0,0,0,0,0,0,0,0,0,0,0,1
D,45245,0,0,0,0,0,0,0,0,0,0,0,1
D,45255,0,0,0,0,0,0,0,0,0,0,0,1
D,45265,0,0,0,0,0,0,0,0,0,0,0,1
D,45275,0,0,0,0,0,0,0,0,0,0,0,1
D,45285,0,0,0,0,0,0,0,0,0,0,0,1
D,45295,0,0,0,0,0,0,0,0,0,0,0,1
D,45305,0,0,0,0,0,0,0,0,0,0,0,1
D,45315,0,0,0,0,0,0,0,0,0,0,0,1
D,45325,0,0,0,0,0,0,0,0,0,0,0,1
D,45335,0,0,0,0,0,0,0,0,0,0,0,1
D,45345,0,0,0,0,0,0,0,0,0,0,0,1
D,45355,0,0,0,0,0,0,0,0,0,0,0,1
D,45365,0,0,0,0,0,0,0,0,0,0,0,1
D,45375,0,0,0,0,0,0,0,0,0,0,0,1
D,45385,0,0,0,0,0,0,0,0,0,0,0,1
D,45395,0,0,0,0,0,0,0,0,0,0,0,1
D,45405,0,0,0,0,0,0,0,0,0,0,0,1
D,45415,0,0,0,0,0,0,0,0,0,0,0,1
D,45425,0,0,0,0,0,0,0,0,0,0,0,1
D,45435,0,0,0,0,0,0,0,0,0,0,0,1
D,45445,0,0,0,0,0,0,0,0,0,0,0,1
D,45455,0,0,0,0,0,0,0,0,0,0,0,1
D,45465,0,0,0,0,0,0,0,0,0,0,0,1
D,45475,0,0,0,0,0,0,0,0,0,0,0,1
D,45485,0,0,0,0,0,0,0,0,0,0,0,1
D,45495,0,0,0,0,0,0,0,0,0,0,0,1
D,45505,0,0,0,0,0,0,0,0,0,0,0,1
D,45515,0,0,0,0,0,0,0,0,0,0,0,1
D,45525,0,0,0,0,0,0,0,0,0,0,0,1
D,45535,0,0,0,0,0,0,0,0,0,0,0,1
D,45545,0,0,0,0,0,0,0,0,0,0,0,1
D,45555,0,0,0,0,0,0,0,0,0,0,0,1
D,45565,0,0,0,0,0,0,0,0,0,0,0,1
D,45575,0,0,0,0,0,0,0,0,0,0,0,1
D,45585,0,0,0,0,0,0,0,0,0,0,0,1
D,45595,0,0,0,0,0,0,0,0,0,0,0,1
D,45605,0,0,0,0,0,0,0,0,0,0,0,1
D,45615,0,0,0,0,0,0,0,0,0,0,0,1
D,45625,0,0,0,0,0,0,0,0,0,0,0,1
D,45635,0,0,0,0,0,0,0,0,0,0,0,1
D,45645,0,0,0,0,0,0,0,0,0,0,0,1
D,45655,0,0,0,0,0,0,0,0,0,0,0,1
D,45665,0,0,0,0,0,0,0,0,0,0,0,1
D,45675,0,0,0,0,0,0,0,0,0,0,0,1
D,45685,0,0,0,0,0,0,0,0,0,0,0,1
D,45695,0,0,0,0,0,0,0,0,0,0,0,1
D,45705,0,0,0,0,0,0,0,0,0,0,0,1
D,45715,0,0,0,0,0,0,0,0,0,0,0,1
D,45725,0,0,0,0,0,0,0,0,0,0,0,1
D,45735,0,0,0,0,0,0,0,0,0,0,0,1
D,45745,0,0,0,0,0,0,0,0,0,0,0,1
D,45755,0,0,0,0,0,0,0,0,0,0,0,1
D,45765,0,0,0,0,0,0,0,0,0,0,0,1
D,45775,0,0,0,0,0,0,0,0,0,0,0,1
D,45785,0,0,0,0,0,0,0,0,0,0,0,1
D,45795,0,0,0,0,0,0,0,0,0,0,0,1
D,45805,0,0,0,0,0,0,0,0,0,0,0,1
D,45815,0,0,0,0,0,0,0,0,0,0,0,1
D,45825,0,0,0,0,0,0,0,0,0,0,0,1
D,45835,0,0,0,0,0,0,0,0,0,0,0,1
D,45845,0,0,0,0,0,0,0,0,0,0,0,1
D,45855,0,0,0,0,0,0,0,0,0,0,0,1
D,45865,0,0,0,0,0,0,0,0,0,0,0,1
D,45875,0,0,0,0,0,0,0,0,0,0,0,1
D,45885,0,0,0,0,0,0,0,0,0,0,0,1
D,45895,0,0,0,0,0,0,0,0,0,0,0,1
D,45905,0,0,0,0,0,0,0,0,0,0,0,1
D,45915,0,0,0,0,0,0,0,0,0,0,0,1
D,45925,0,0,0,0,0,0,0,0,0,0,0,1
D,45935,0,0,0,0,0,0,0,0,0,0,0,1
D,45945,0,0,0,0,0,0,0,0,0,0,0,1
D,45955,0,0,0,0,0,0,0,0,0,0,0,1
D,45965,0,0,0,0,0,0,0,0,0,0,0,1
D,45975,0,0,0,0,0,0,0,0,0,0,0,1
D,45985,0,0,0,0,0,0,0,0,0,0,0,1
D,45995,0,0,0,0,0,0,0,0,0,0,0,1
D,46005,0,0,0,0,0,0,0,0,0,0,0,1
D,46015,0,0,0,0,0,0,0,0,0,0,0,1
D,46025,0,0,0,0,0,0,0,0,0,0,0,1
D,46035,0,0,0,0,0,0,0,0,0,0,0,1
D,46045,0,0,0,0,0,0,0,0,0,0,0,1
D,46055,0,0,0,0,0,0,0,0,0,0,0,1
D,46065,0,0,0,0,0,0,0,0,0,0,0,1
D,46075,0,0,0,0,0,0,0,0,0,0,0,1
D,46085,0,0,0,0,0,0,0,0,0,0,0,1
D,46095,0,0,0,0,0,0,0,0,0,0,0,1
D,46105,0,0,0,0,0,0,0,0,0,0,0,1
D,46115,0,0,0,0,0,0,0,0,0,0,0,1
D,46125,0,0,0,0,0,0,0,0,0,0,0,1
D,46135,0,0,0,0,0,0,0,0,0,0,0,1
D,46145,0,0,0,0,0,0,0,0,0,0,0,1
D,46155,0,0,0,0,0,0,0,0,0,0,0,1
D,46165,0,0,0,0,0,0,0,0,0,0,0,1
D,46175,0,0,0,0,0,0,0,0,0,0,0,1
D,46185,0,0,0,0,0,0,0,0,0,0,0,1
D,46195,0,0,0,0,0,0,0,0,0,0,0,1
D,46205,0,0,0,0,0,0,0,0,0,0,0,1
D,46215,0,0,0,0,0,0,0,0,0,0,0,1
D,46225,0,0,0,0,0,0,0,0,0,0,0,1
D,46235,0,0,0,0,0,0,0,0,0,0,0,1
D,46245,0,0,0,0,0,0,0,0,0,0,0,1
D,46255,0,0,0,0,0,0,0,0,0,0,0,1
D,46265,0,0,0,0,0,0,0,0,0,0,0,1
D,46275,0,0,0,0,0,0,0,0,0,0,0,1
D,46285,0,0,0,0,0,0,0,0,0,0,0,1
D,46295,0,0,0,0,0,0,0,0,0,0,0,1
D,46305,0,0,0,0,0,0,0,0,0,0,0,1
D,46315,0,0,0,0,0,0,0,0,0,0,0,1
D,46325,0,0,0,0,0,0,0,0,0,0,0,1
D,46335,0,0,0,0,0,0,0,0,0,0,0,1
D,46345,0,0,0,0,0,0,0,0,0,0,0,1
D,46355,0,0,0,0,0,0,0,0,0,0,0,1
D,46365,0,0,0,0,0,0,0,0,0,0,0,1
D,46375,0,0,0,0,0,0,0,0,0,0,0,1
D,46385,0,0,0,0,0,0,0,0,0,0,0,1
D,46395,0,0,0,0,0,0,0,0,0,0,0,1
D,46405,0,0,0,0,0,0,0,0,0,0,0,1
D,46415,0,0,0,0,0,0,0,0,0,0,0,1
D,46425,0,0,0,0,0,0,0,0,0,0,0,1
D,46435,0,0,0,0,0,0,0,0,0,0,0,1
D,46445,0,0,0,0,0,0,0,0,0,0,0,1
D,46455,0,0,0,0,0,0,0,0,0,0,0,1
D,46465,0,0,0,0,0,0,0,0,0,0,0,1
D,46475,0,0,0,0,0,0,0,0,0,0,0,1
D,46485,0,0,0,0,0,0,0,0,0,0,0,1
D,46495,0,0,0,0,0,0,0,0,0,0,0,1
D,46505,0,0,0,0,0,0,0,0,0,0,0,1
D,46515,0,0,0,0,0,0,0,0,0,0,0,1
D,46525,0,0,0,0,0,0,0,0,0,0,0,1
D,46535,0,0,0,0,0,0,0,0,0,0,0,1
D,46545,0,0,0,0,0,0,0,0,0,0,0,1
D,46555,0,0,0,0,0,0,0,0,0,0,0,1
D,46565,0,0,0,0,0,0,0,0,0,0,0,1
D,46575,0,0,0,0,0,0,0,0,0,0,0,1
D,46585,0,0,0,0,0,0,0,0,0,0,0,1
D,46595,0,0,0,0,0,0,0,0,0,0,0,1
D,46605,0,0,0,0,0,0,0,0,0,0,0,1
D,46615,0,0,0,0,0,0,0,0,0,0,0,1
D,46625,0,0,0,0,0,0,0,0,0,0,0,1
D,46635,0,0,0,0,0,0,0,0,0,0,0,1
D,46645,0,0,0,0,0,0,0,0,0,0,0,1
D,46655,0,0,0,0,0,0,0,0,0,0,0,1
D,46665,0,0,0,0,0,0,0,0,0,0,0,1
D,46675,0,0,0,0,0,0,0,0,0,0,0,1
D,46685,0,0,0,0,0,0,0,0,0,0,0,1
D,46695,0,0,0,0,0,0,0,0,0,0,0,1
D,46705,0,0,0,0,0,0,0,0,0,0,0,1
D,46715,0,0,0,0,0,0,0,0,0,0,0,1
D,46725,0,0,0,0,0,0,0,0,0,0,0,1
D,46735,0,0,0,0,0,0,0,0,0,0,0,1
D,46745,0,0,0,0,0,0,0,0,0,0,0,1
D,46755,0,0,0,0,0,0,0,0,0,0,0,1
D,46765,0,0,0,0,0,0,0,0,0,0,0,1
D,46775,0,0,0,0,0,0,0,0,0,0,0,1
D,46785,0,0,0,0,0,0,0,0,0,0,0,1
D,46795,0,0,0,0,0,0,0,0,0,0,0,1
D,46805,0,0,0,0,0,0,0,0,0,0,0,1
D,46815,0,0,0,0,0,0,0,0,0,0,0,1
D,46825,0,0,0,0,0,0,0,0,0,0,0,1
D,46835,0,0,0,0,0,0,0,0,0,0,0,1
D,46845,0,0,0,0,0,0,0,0,0,0,0,1
D,46855,0,0,0,0,0,0,0,0,0,0,0,1
D,46865,0,0,0,0,0,0,0,0,0,0,0,1
D,46875,0,0,0,0,0,0,0,0,0,0,0,1
D,46885,0,0,0,0,0,0,0,0,0,0,0,1
D,46895,0,0,0,0,0,0,0,0,0,0,0,1
D,46905,0,0,0,0,0,0,0,0,0,0,0,1
D,46915,0,0,0,0,0,0,0,0,0,0,0,1
D,46925,0,0,0,0,0,0,0,0,0,0,0,1
D,46935,0,0,0,0,0,0,0,0,0,0,0,1
D,46945,0,0,0,0,0,0,0,0,0,0,0,1
D,46955,0,0,0,0,0,0,0,0,0,0,0,1
D,46965,0,0,0,0,0,0,0,0,0,0,0,1
D,46975,0,0,0,0,0,0,0,0,0,0,0,1
D,46985,0,0,0,0,0,0,0,0,0,0,0,1
D,46995,0,0,0,0,0,0,0,0,0,0,0,1
D,47005,0,0,0,0,0,0,0,0,0,0,0,1
D,47015,0,0,0,0,0,0,0,0,0,0,0,1
D,47025,0,0,0,0,0,0,0,0,0,0,0,1
D,47035,0,0,0,0,0,0,0,0,0,0,0,1
D,47045,0,0,0,0,0,0,0,0,0,0,0,1
D,47055,0,0,0,0,0,0,0,0,0,0,0,1
D,47065,0,0,0,0,0,0,0,0,0,0,0,1
D,47075,0,0,0,0,0,0,0,0,0,0,0,1
D,47085,0,0,0,0,0,0,0,0,0,0,0,1
D,47095,0,0,0,0,0,0,0,0,0,0,0,1
D,47105,0,0,0,0,0,0,0,0,0,0,0,1
D,47115,0,0,0,0,0,0,0,0,0,0,0,1
D,47125,0,0,0,0,0,0,0,0,0,0,0,1
D,47135,0,0,0,0,0,0,0,0,0,0,0,1
D,47145,0,0,0,0,0,0,0,0,0,0,0,1
D,47155,0,0,0,0,0,0,0,0,0,0,0,1
D,47165,0,0,0,0,0,0,0,0,0,0,0,1
D,47175,0,0,0,0,0,0,0,0,0,0,0,1
D,47185,0,0,0,0,0,0,0,0,0,0,0,1
D,47195,0,0,0,0,0,0,0,0,0,0,0,1
D,47205,0,0,0,0,0,0,0,0,0,0,0,1
D,47215,0,0,0,0,0,0,0,0,0,0,0,1
D,47225,0,0,0,0,0,0,0,0,0,0,0,1
D,47235,0,0,0,0,0,0,0,0,0,0,0,1
D,47245,0,0,0,0,0,0,0,0,0,0,0,1
D,47255,0,0,0,0,0,0,0,0,0,0,0,1
D,47265,0,0,0,0,0,0,0,0,0,0,0,1
D,47275,0,0,0,0,0,0,0,0,0,0,0,1
D,47285,0,0,0,0,0,0,0,0,0,0,0,1
D,47295,0,0,0,0,0,0,0,0,0,0,0,1
D,47305,0,0,0,0,0,0,0,0,0,0,0,1
D,47315,0,0,0,0,0,0,0,0,0,0,0,1
D,47325,0,0,0,0,0,0,0,0,0,0,0,1
D,47335,0,0,0,0,0,0,0,0,0,0,0,1
D,47345,0,0,0,0,0,0,0,0,0,0,0,1
D,47355,0,0,0,0,0,0,0,0,0,0,0,1
D,47365,0,0,0,0,0,0,0,0,0,0,0,1
D,47375,0,0,0,0,0,0,0,0,0,0,0,1
D,47385,0,0,0,0,0,0,0,0,0,0,0,1
D,47395,0,0,0,0,0,0,0,0,0,0,0,1
D,47405,0,0,0,0,0,0,0,0,0,0,0,1
D,47415,0,0,0,0,0,0,0,0,0,0,0,1
D,47425,0,0,0,0,0,0,0,0,0,0,0,1
D,47435,0,0,0,0,0,0,0,0,0,0,0,1
D,47445,0,0,0,0,0,0,0,0,0,0,0,1
D,47455,0,0,0,0,0,0,0,0,0,0,0,1
D,47465,0,0,0,0,0,0,0,0,0,0,0,1
D,47475,0,0,0,0,0,0,0,0,0,0,0,1
D,47485,0,0,0,0,0,0,0,0,0,0,0,1
D,47495,0,0,0,0,0,0,0,0,0,0,0,1
D,47505,0,0,0,0,0,0,0,0,0,0,0,1
D,47515,0,0,0,0,0,0,0,0,0,0,0,1
D,47525,0,0,0,0,0,0,0,0,0,0,0,1
D,47535,0,0,0,0,0,0,0,0,0,0,0,1
D,47545,0,0,0,0,0,0,0,0,0,0,0,1
D,47555,0,0,0,0,0,0,0,0,0,0,0,1
D,47565,0,0,0,0,0,0,0,0,0,0,0,1
D,47575,0,0,0,0,0,0,0,0,0,0,0,1
D,47585,0,0,0,0,0,0,0,0,0,0,0,1
D,47595,0,0,0,0,0,0,0,0,0,0,0,1
D,47605,0,0,0,0,0,0,0,0,0,0,0,1
D,47615,0,0,0,0,0,0,0,0,0,0,0,1
D,47625,0,0,0,0,0,0,0,0,0,0,0,1
D,47635,0,0,0,0,0,0,0,0,0,0,0,1
D,47645,0,0,0,0,0,0,0,0,0,0,0,1
D,47655,0,0,0,0,0,0,0,0,0,0,0,1
D,47665,0,0,0,0,0,0,0,0,0,0,0,1
D,47675,0,0,0,0,0,0,0,0,0,0,0,1
D,47685,0,0,0,0,0,0,0,0,0,0,0,1
D,47695,0,0,0,0,0,0,0,0,0,0,0,1
D,47705,0,0,0,0,0,0,0,0,0,0,0,1
D,47715,0,0,0,0,0,0,0,0,0,0,0,1
D,47725,0,0,0,0,0,0,0,0,0,0,0,1
D,47735,0,0,0,0,0,0,0,0,0,0,0,1
D,47745,0,0,0,0,0,0,0,0,0,0,0,1
D,47755,0,0,0,0,0,0,0,0,0,0,0,1
D,47765,0,0,0,0,0,0,0,0,0,0,0,1
D,47775,0,0,0,0,0,0,0,0,0,0,0,1
D,47785,0,0,0,0,0,0,0,0,0,0,0,1
D,47795,0,0,0,0,0,0,0,0,0,0,0,1
D,47805,0,0,0,0,0,0,0,0,0,0,0,1
D,47815,0,0,0,0,0,0,0,0,0,0,0,1
D,47825,0,0,0,0,0,0,0,0,0,0,0,1
D,47835,0,0,0,0,0,0,0,0,0,0,0,1
D,47845,0,0,0,0,0,0,0,0,0,0,0,1
D,47855,0,0,0,0,0,0,0,0,0,0,0,1
D,47865,0,0,0,0,0,0,0,0,0,0,0,1
D,47875,0,0,0,0,0,0,0,0,0,0,0,1
D,47885,0,0,0,0,0,0,0,0,0,0,0,1
D,47895,0,0,0,0,0,0,0,0,0,0,0,1
D,47905,0,0,0,0,0,0,0,0,0,0,0,1
D,47915,0,0,0,0,0,0,0,0,0,0,0,1
D,47925,0,0,0,0,0,0,0,0,0,0,0,1
D,47935,0,0,0,0,0,0,0,0,0,0,0,1
D,47945,0,0,0,0,0,0,0,0,0,0,0,1
D,47955,0,0,0,0,0,0,0,0,0,0,0,1
D,47965,0,0,0,0,0,0,0,0,0,0,0,1
D,47975,0,0,0,0,0,0,0,0,0,0,0,1
D,47985,0,0,0,0,0,0,0,0,0,0,0,1
D,47995,0,0,0,0,0,0,0,0,0,0,0,1
D,48005,0,0,0,0,0,0,0,0,0,0,0,1
D,48015,0,0,0,0,0,0,0,0,0,0,0,1
D,48025,0,0,0,0,0,0,0,0,0,0,0,1
D,48035,0,0,0,0,0,0,0,0,0,0,0,1
D,48045,0,0,0,0,0,0,0,0,0,0,0,1
D,48055,0,0,0,0,0,0,0,0,0,0,0,1
D,48065,0,0,0,0,0,0,0,0,0,0,0,1
D,48075,0,0,0,0,0,0,0,0,0,0,0,1
D,48085,0,0,0,0,0,0,0,0,0,0,0,1
D,48095,0,0,0,0,0,0,0,0,0,0,0,1
D,48105,0,0,0,0,0,0,0,0,0,0,0,1
D,48115,0,0,0,0,0,0,0,0,0,0,0,1
D,48125,0,0,0,0,0,0,0,0,0,0,0,1
D,48135,0,0,0,0,0,0,0,0,0,0,0,1
D,48145,0,0,0,0,0,0,0,0,0,0,0,1
D,48155,0,0,0,0,0,0,0,0,0,0,0,1
D,48165,0,0,0,0,0,0,0,0,0,0,0,1
D,48175,0,0,0,0,0,0,0,0,0,0,0,1
D,48185,0,0,0,0,0,0,0,0,0,0,0,1
D,48195,0,0,0,0,0,0,0,0,0,0,0,1
D,48205,0,0,0,0,0,0,0,0,0,0,0,1
D,48215,0,0,0,0,0,0,0,0,0,0,0,1
D,48225,0,0,0,0,0,0,0,0,0,0,0,1
D,48235,0,0,0,0,0,0,0,0,0,0,0,1
D,48245,0,0,0,0,0,0,0,0,0,0,0,1
D,48255,0,0,0,0,0,0,0,0,0,0,0,1
D,48265,0,0,0,0,0,0,0,0,0,0,0,1
D,48275,0,0,0,0,0,0,0,0,0,0,0,1
D,48285,0,0,0,0,0,0,0,0,0,0,0,1
D,48295,0,0,0,0,0,0,0,0,0,0,0,1
D,48305,0,0,0,0,0,0,0,0,0,0,0,1
D,48315,0,0,0,0,0,0,0,0,0,0,0,1
D,48325,0,0,0,0,0,0,0,0,0,0,0,1
D,48335,0,0,0,0,0,0,0,0,0,0,0,1
D,48345,0,0,0,0,0,0,0,0,0,0,0,1
D,48355,0,0,0,0,0,0,0,0,0,0,0,1
D,48365,0,0,0,0,0,0,0,0,0,0,0,1
D,48375,0,0,0,0,0,0,0,0,0,0,0,1
D,48385,0,0,0,0,0,0,0,0,0,0,0,1
D,48395,0,0,0,0,0,0,0,0,0,0,0,1
D,48405,0,0,0,0,0,0,0,0,0,0,0,1
D,48415,0,0,0,0,0,0,0,0,0,0,0,1
D,48425,0,0,0,0,0,0,0,0,0,0,0,1
D,48435,0,0,0,0,0,0,0,0,0,0,0,1
D,48445,0,0,0,0,0,0,0,0,0,0,0,1
D,48455,0,0,0,0,0,0,0,0,0,0,0,1
D,48465,0,0,0,0,0,0,0,0,0,0,0,1
D,48475,0,0,0,0,0,0,0,0,0,0,0,1
D,48485,0,0,0,0,0,0,0,0,0,0,0,1
D,48495,0,0,0,0,0,0,0,0,0,0,0,1
D,48505,0,0,0,0,0,0,0,0,0,0,0,1
D,48515,0,0,0,0,0,0,0,0,0,0,0,1
D,48525,0,0,0,0,0,0,0,0,0,0,0,1
D,48535,0,0,0,0,0,0,0,0,0,0,0,1
D,48545,0,0,0,0,0,0,0,0,0,0,0,1
D,48555,0,0,0,0,0,0,0,0,0,0,0,1
D,48565,0,0,0,0,0,0,0,0,0,0,0,1
D,48575,0,0,0,0,0,0,0,0,0,0,0,1
D,48585,0,0,0,0,0,0,0,0,0,0,0,1
D,48595,0,0,0,0,0,0,0,0,0,0,0,1
D,48605,0,0,0,0,0,0,0,0,0,0,0,1
D,48615,0,0,0,0,0,0,0,0,0,0,0,1
D,48625,0,0,0,0,0,0,0,0,0,0,0,1
D,48635,0,0,0,0,0,0,0,0,0,0,0,1
D,48645,0,0,0,0,0,0,0,0,0,0,0,1
D,48655,0,0,0,0,0,0,0,0,0,0,0,1
D,48665,0,0,0,0,0,0,0,0,0,0,0,1
D,48675,0,0,0,0,0,0,0,0,0,0,0,1
D,48685,0,0,0,0,0,0,0,0,0,0,0,1
D,48695,0,0,0,0,0,0,0,0,0,0,0,1
D,48705,0,0,0,0,0,0,0,0,0,0,0,1
D,48715,0,0,0,0,0,0,0,0,0,0,0,1
D,48725,0,0,0,0,0,0,0,0,0,0,0,1
D,48735,0,0,0,0,0,0,0,0,0,0,0,1
D,48745,0,0,0,0,0,0,0,0,0,0,0,1
D,48755,0,0,0,0,0,0,0,0,0,0,0,1
D,48765,0,0,0,0,0,0,0,0,0,0,0,1
D,48775,0,0,0,0,0,0,0,0,0,0,0,1
D,48785,0,0,0,0,0,0,0,0,0,0,0,1
D,48795,0,0,0,0,0,0,0,0,0,0,0,1
D,48805,0,0,0,0,0,0,0,0,0,0,0,1
D,48815,0,0,0,0,0,0,0,0,0,0,0,1
D,48825,0,0,0,0,0,0,0,0,0,0,0,1
D,48835,0,0,0,0,0,0,0,0,0,0,0,1
D,48845,0,0,0,0,0,0,0,0,0,0,0,1
