record,ms,state,mode,ax_raw,ay_raw,az_raw,gx_raw,gy_raw,gz_raw,ax_g,ay_g,az_g,gx_dps,gy_dps,gz_dps,pitch_acc,pitch_dmp,pitch_comp,pitch_kalman,dmp_hz,dt_ms,status
A,215066,TILT,ALL,514,-44,14954,5,31,-69,0.031,-0.003,0.913,0.305,1.890,-4.207,-1.969,-0.007,-1.991,-2.022,12,20,DMP_WAIT
A,215086,TILT,ALL,518,242,15022,16,32,-69,0.032,0.015,0.917,0.976,1.951,-4.207,-1.975,-0.006,-1.990,-2.021,12,20,OK
A,215109,TILT,ALL,506,172,14974,7,32,-70,0.031,0.010,0.914,0.427,1.951,-4.268,-1.935,-0.006,-1.988,-2.020,12,23,DMP_WAIT
A,215127,TILT,ALL,478,48,15012,1,32,-69,0.029,0.003,0.916,0.061,1.951,-4.207,-1.824,-0.006,-1.985,-2.016,12,18,DMP_WAIT
A,215146,TILT,ALL,494,152,15004,-4,31,-70,0.030,0.009,0.916,-0.244,1.890,-4.268,-1.886,-0.006,-1.983,-2.014,12,19,DMP_WAIT
A,215172,TILT,ALL,494,-4,14994,-9,32,-69,0.030,0.000,0.915,-0.549,1.951,-4.207,-1.887,-0.006,-1.981,-2.012,12,26,OK
A,215195,TILT,ALL,556,-28,14946,-5,30,-68,0.034,-0.002,0.912,-0.305,1.829,-4.146,-2.130,-0.006,-1.986,-2.017,12,23,DMP_WAIT
A,215214,TILT,ALL,584,124,15084,0,31,-68,0.036,0.008,0.921,0.000,1.890,-4.146,-2.217,-0.006,-1.992,-2.023,12,19,DMP_WAIT
A,215232,TILT,ALL,474,274,14964,-10,32,-69,0.029,0.017,0.913,-0.610,1.951,-4.207,-1.814,-0.006,-1.988,-2.019,12,18,DMP_WAIT
A,215251,TILT,ALL,548,200,15068,-33,32,-70,0.033,0.012,0.920,-2.012,1.951,-4.268,-2.083,-0.005,-1.989,-2.020,12,19,OK
A,215275,TILT,ALL,486,-136,15038,-49,31,-70,0.030,-0.008,0.918,-2.988,1.890,-4.268,-1.851,-0.005,-1.987,-2.018,12,24,DMP_WAIT
A,215294,TILT,ALL,504,-246,15008,-47,31,-70,0.031,-0.015,0.916,-2.866,1.890,-4.268,-1.923,-0.005,-1.987,-2.018,12,19,DMP_WAIT
A,215312,TILT,ALL,518,-128,15004,-36,30,-69,0.032,-0.008,0.916,-2.195,1.829,-4.207,-1.977,-0.005,-1.988,-2.019,12,18,DMP_WAIT
A,215331,TILT,ALL,582,82,15054,-32,31,-68,0.036,0.005,0.919,-1.951,1.890,-4.146,-2.214,-0.004,-1.994,-2.024,12,19,OK
A,215355,TILT,ALL,566,112,15054,-47,31,-69,0.035,0.007,0.919,-2.866,1.890,-4.207,-2.153,-0.004,-1.998,-2.029,12,24,DMP_WAIT
A,215373,TILT,ALL,532,-76,15024,-67,31,-69,0.032,-0.005,0.917,-4.085,1.890,-4.207,-2.028,-0.004,-1.999,-2.030,12,18,DMP_WAIT
A,215392,TILT,ALL,500,-358,15016,-77,31,-69,0.031,-0.022,0.917,-4.695,1.890,-4.207,-1.907,-0.004,-1.998,-2.029,12,19,DMP_WAIT
A,215411,TILT,ALL,540,-544,14940,-70,31,-69,0.033,-0.033,0.912,-4.268,1.890,-4.207,-2.069,-0.001,-2.000,-2.031,12,19,OK
A,215435,TILT,ALL,548,-516,14982,-48,31,-70,0.033,-0.031,0.914,-2.927,1.890,-4.268,-2.094,-0.001,-2.003,-2.034,12,24,DMP_WAIT
A,215454,TILT,ALL,476,-150,15074,-32,31,-70,0.029,-0.009,0.920,-1.951,1.890,-4.268,-1.809,-0.001,-2.000,-2.030,12,19,DMP_WAIT
A,215473,TILT,ALL,544,-80,15076,-40,31,-69,0.033,-0.005,0.920,-2.439,1.890,-4.207,-2.067,-0.001,-2.002,-2.032,12,19,DMP_WAIT
A,215491,TILT,ALL,552,-326,15116,-60,31,-69,0.034,-0.020,0.923,-3.659,1.890,-4.207,-2.091,0.001,-2.004,-2.035,12,18,OK
A,215515,TILT,ALL,538,-644,14908,-65,31,-69,0.033,-0.039,0.910,-3.963,1.890,-4.207,-2.065,0.001,-2.007,-2.037,12,24,DMP_WAIT
A,215534,TILT,ALL,536,-678,15012,-49,31,-69,0.033,-0.041,0.916,-2.988,1.890,-4.207,-2.043,0.001,-2.008,-2.039,12,19,DMP_WAIT
A,215553,TILT,ALL,558,-316,15036,-33,31,-69,0.034,-0.019,0.918,-2.012,1.890,-4.207,-2.125,0.001,-2.011,-2.042,12,19,DMP_WAIT
A,215571,TILT,ALL,524,-138,15108,-41,32,-69,0.032,-0.008,0.922,-2.500,1.951,-4.207,-1.986,0.003,-2.010,-2.041,12,18,OK
A,215595,TILT,ALL,528,-372,14992,-67,31,-69,0.032,-0.023,0.915,-4.085,1.890,-4.207,-2.016,0.003,-2.011,-2.042,12,24,DMP_WAIT
A,215614,TILT,ALL,504,-568,15048,-82,31,-69,0.031,-0.035,0.918,-5.000,1.890,-4.207,-1.917,0.003,-2.010,-2.041,12,19,DMP_WAIT
A,215633,TILT,ALL,552,-704,14972,-81,31,-69,0.034,-0.043,0.914,-4.939,1.890,-4.207,-2.109,0.003,-2.013,-2.043,12,19,DMP_WAIT
A,215651,TILT,ALL,490,-716,15044,-75,32,-70,0.030,-0.044,0.918,-4.573,1.951,-4.268,-1.863,0.004,-2.010,-2.040,12,18,OK
A,215675,TILT,ALL,480,-752,15006,-66,31,-69,0.029,-0.046,0.916,-4.024,1.890,-4.207,-1.830,0.004,-2.007,-2.037,12,24,DMP_WAIT
A,215694,TILT,ALL,538,-754,14994,-57,30,-68,0.033,-0.046,0.915,-3.476,1.829,-4.146,-2.052,0.004,-2.010,-2.039,12,19,DMP_WAIT
A,215713,TILT,ALL,528,-724,14976,-52,30,-67,0.032,-0.044,0.914,-3.171,1.829,-4.085,-2.017,0.004,-2.012,-2.041,12,19,DMP_WAIT
A,215731,TILT,ALL,504,-746,15082,-54,31,-68,0.031,-0.046,0.921,-3.293,1.890,-4.146,-1.912,0.004,-2.010,-2.039,12,18,OK
A,215755,TILT,ALL,586,-776,15022,-56,30,-69,0.036,-0.047,0.917,-3.415,1.829,-4.207,-2.231,0.004,-2.017,-2.047,12,24,DMP_WAIT
A,215774,TILT,ALL,614,-912,14978,-56,30,-69,0.037,-0.056,0.914,-3.415,1.829,-4.207,-2.343,0.004,-2.026,-2.055,12,19,DMP_WAIT
A,215793,TILT,ALL,540,-892,15038,-53,31,-70,0.033,-0.054,0.918,-3.232,1.890,-4.268,-2.053,0.004,-2.027,-2.057,12,19,DMP_WAIT
A,215811,TILT,ALL,504,-800,15056,-50,32,-70,0.031,-0.049,0.919,-3.049,1.951,-4.268,-1.915,0.008,-2.024,-2.054,12,18,OK
A,215835,TILT,ALL,528,-810,15022,-54,32,-70,0.032,-0.049,0.917,-3.293,1.951,-4.268,-2.010,0.008,-2.024,-2.053,12,24,DMP_WAIT
A,215854,TILT,ALL,566,-868,14968,-62,31,-69,0.035,-0.053,0.914,-3.780,1.890,-4.207,-2.162,0.008,-2.027,-2.056,12,19,DMP_WAIT
A,215873,TILT,ALL,518,-1038,14992,-68,31,-69,0.032,-0.063,0.915,-4.146,1.890,-4.207,-1.974,0.008,-2.027,-2.056,12,19,DMP_WAIT
A,215891,TILT,ALL,598,-1036,15016,-65,31,-68,0.036,-0.063,0.917,-3.963,1.890,-4.146,-2.275,0.009,-2.032,-2.062,12,18,OK
A,215915,TILT,ALL,468,-1060,15044,-62,31,-69,0.029,-0.065,0.918,-3.780,1.890,-4.207,-1.777,0.009,-2.028,-2.057,12,24,DMP_WAIT
A,215934,TILT,ALL,474,-1070,14990,-62,30,-69,0.029,-0.065,0.915,-3.780,1.829,-4.207,-1.807,0.009,-2.026,-2.054,12,19,DMP_WAIT
A,215953,TILT,ALL,514,-1110,14990,-66,31,-68,0.031,-0.068,0.915,-4.024,1.890,-4.146,-1.959,0.009,-2.025,-2.053,12,19,DMP_WAIT
A,215972,TILT,ALL,512,-1266,14992,-71,30,-69,0.031,-0.077,0.915,-4.329,1.829,-4.207,-1.949,0.010,-2.026,-2.053,12,19,OK
A,215996,TILT,ALL,518,-1180,14984,-69,29,-68,0.032,-0.072,0.915,-4.207,1.768,-4.146,-1.974,0.010,-2.028,-2.056,12,24,DMP_WAIT
A,216014,TILT,ALL,552,-1118,15008,-70,31,-69,0.034,-0.068,0.916,-4.268,1.890,-4.207,-2.101,0.010,-2.030,-2.058,12,18,DMP_WAIT
A,216033,TILT,ALL,524,-1072,15016,-82,30,-68,0.032,-0.065,0.917,-5.000,1.829,-4.146,-1.994,0.010,-2.032,-2.059,12,19,DMP_WAIT
A,216052,TILT,ALL,570,-1198,15014,-97,30,-69,0.035,-0.073,0.916,-5.915,1.829,-4.207,-2.167,0.012,-2.036,-2.064,12,19,OK
A,216076,TILT,ALL,562,-1316,14990,-107,30,-70,0.034,-0.080,0.915,-6.524,1.829,-4.268,-2.139,0.012,-2.041,-2.068,12,24,DMP_WAIT
A,216095,TILT,ALL,494,-1438,14988,-112,31,-69,0.030,-0.088,0.915,-6.829,1.890,-4.207,-1.879,0.012,-2.038,-2.065,12,19,DMP_WAIT
A,216114,TILT,ALL,538,-1532,14954,-111,31,-69,0.033,-0.094,0.913,-6.768,1.890,-4.207,-2.050,0.012,-2.039,-2.066,12,19,DMP_WAIT
A,216133,TILT,ALL,544,-1468,14962,-109,30,-68,0.033,-0.090,0.913,-6.646,1.829,-4.146,-2.072,0.014,-2.042,-2.068,12,19,OK
A,216157,TILT,ALL,584,-1490,15010,-112,29,-69,0.036,-0.091,0.916,-6.829,1.768,-4.207,-2.217,0.014,-2.049,-2.076,12,24,DMP_WAIT
A,216176,TILT,ALL,516,-1494,14910,-124,31,-70,0.031,-0.091,0.910,-7.561,1.890,-4.268,-1.972,0.014,-2.048,-2.075,12,19,DMP_WAIT
A,216195,TILT,ALL,500,-1498,15054,-144,31,-77,0.031,-0.091,0.919,-8.780,1.890,-4.695,-1.893,0.014,-2.046,-2.072,12,19,DMP_WAIT
A,216214,TILT,ALL,582,-1794,15016,-159,31,-78,0.036,-0.109,0.917,-9.695,1.890,-4.756,-2.204,0.019,-2.050,-2.076,12,19,OK
A,216238,TILT,ALL,520,-1672,14918,-157,31,-75,0.032,-0.102,0.911,-9.573,1.890,-4.573,-1.984,0.019,-2.049,-2.075,12,24,DMP_WAIT
A,216256,TILT,ALL,544,-1582,15020,-173,30,-78,0.033,-0.097,0.917,-10.549,1.829,-4.756,-2.063,0.019,-2.051,-2.077,12,18,DMP_WAIT
A,216276,TILT,ALL,524,-1820,14902,-198,32,-81,0.032,-0.111,0.910,-12.073,1.951,-4.939,-1.999,0.019,-2.050,-2.075,12,20,DMP_WAIT
A,216295,TILT,ALL,568,-1930,14942,-204,29,-74,0.035,-0.118,0.912,-12.439,1.768,-4.512,-2.159,0.026,-2.055,-2.080,12,19,OK
A,216319,TILT,ALL,520,-2140,14960,-207,28,-68,0.032,-0.131,0.913,-12.622,1.707,-4.146,-1.971,0.026,-2.059,-2.084,12,24,DMP_WAIT
A,216338,TILT,ALL,516,-2220,14956,-213,28,-69,0.031,-0.135,0.913,-12.988,1.707,-4.207,-1.955,0.026,-2.061,-2.085,12,19,DMP_WAIT
A,216357,TILT,ALL,562,-2386,14924,-215,28,-68,0.034,-0.146,0.911,-13.110,1.707,-4.146,-2.130,0.026,-2.066,-2.091,12,19,DMP_WAIT
A,216376,TILT,ALL,560,-2504,14822,-209,29,-68,0.034,-0.153,0.905,-12.744,1.768,-4.146,-2.133,0.030,-2.071,-2.095,12,19,OK
A,216400,TILT,ALL,574,-2664,14788,-200,30,-69,0.035,-0.163,0.903,-12.195,1.829,-4.207,-2.188,0.030,-2.075,-2.100,12,24,DMP_WAIT
A,216419,TILT,ALL,606,-2800,14742,-192,31,-69,0.037,-0.171,0.900,-11.707,1.890,-4.207,-2.313,0.030,-2.081,-2.106,12,19,DMP_WAIT
A,216438,TILT,ALL,606,-2800,14742,-192,31,-69,0.037,-0.171,0.900,-11.707,1.890,-4.207,-2.313,0.033,-2.086,-2.111,12,19,OK
A,216462,TILT,ALL,530,-3012,14808,-164,31,-68,0.032,-0.184,0.904,-10.000,1.890,-4.146,-2.009,0.033,-2.086,-2.110,12,24,DMP_WAIT
A,216481,TILT,ALL,566,-3026,14828,-146,30,-68,0.035,-0.185,0.905,-8.902,1.829,-4.146,-2.142,0.033,-2.089,-2.113,12,19,DMP_WAIT
A,216500,TILT,ALL,524,-2944,14832,-129,30,-69,0.032,-0.180,0.905,-7.866,1.829,-4.207,-1.985,0.033,-2.089,-2.113,12,19,DMP_WAIT
A,216519,TILT,ALL,588,-2884,14840,-126,30,-69,0.036,-0.176,0.906,-7.683,1.829,-4.207,-2.227,0.036,-2.093,-2.118,12,19,OK
A,216543,TILT,ALL,572,-2976,14830,-130,30,-69,0.035,-0.182,0.905,-7.927,1.829,-4.207,-2.166,0.036,-2.097,-2.122,12,24,DMP_WAIT
A,216562,TILT,ALL,592,-3066,14784,-133,30,-69,0.036,-0.187,0.902,-8.110,1.829,-4.207,-2.245,0.036,-2.102,-2.127,12,19,DMP_WAIT
A,216581,TILT,ALL,594,-3076,14898,-133,30,-68,0.036,-0.188,0.909,-8.110,1.829,-4.146,-2.236,0.036,-2.106,-2.131,12,19,DMP_WAIT
A,216600,TILT,ALL,612,-3030,14732,-141,30,-68,0.037,-0.185,0.899,-8.598,1.829,-4.146,-2.330,0.040,-2.113,-2.138,12,19,OK
A,216624,TILT,ALL,556,-3246,14780,-150,30,-69,0.034,-0.198,0.902,-9.146,1.829,-4.207,-2.104,0.040,-2.115,-2.140,12,24,DMP_WAIT
A,216642,TILT,ALL,556,-3426,14666,-153,31,-70,0.034,-0.209,0.895,-9.329,1.890,-4.268,-2.114,0.040,-2.116,-2.141,12,18,DMP_WAIT
A,216661,TILT,ALL,626,-3464,14678,-147,29,-69,0.038,-0.211,0.896,-8.963,1.768,-4.207,-2.377,0.040,-2.124,-2.149,12,19,DMP_WAIT
A,216680,TILT,ALL,586,-3532,14698,-141,30,-69,0.036,-0.216,0.897,-8.598,1.829,-4.207,-2.220,0.044,-2.128,-2.153,12,19,OK
A,216704,TILT,ALL,550,-3624,14640,-133,31,-69,0.034,-0.221,0.894,-8.110,1.890,-4.207,-2.089,0.044,-2.128,-2.154,12,24,DMP_WAIT
A,216723,TILT,ALL,576,-3656,14668,-123,30,-69,0.035,-0.223,0.895,-7.500,1.829,-4.207,-2.182,0.044,-2.131,-2.157,12,19,DMP_WAIT
A,216742,TILT,ALL,606,-3654,14698,-114,31,-69,0.037,-0.223,0.897,-6.951,1.890,-4.207,-2.291,0.044,-2.135,-2.161,12,19,DMP_WAIT
A,216761,TILT,ALL,566,-3604,14742,-112,30,-69,0.035,-0.220,0.900,-6.829,1.829,-4.207,-2.136,0.048,-2.137,-2.163,12,19,OK
A,216785,TILT,ALL,622,-3716,14648,-114,30,-69,0.038,-0.227,0.894,-6.951,1.829,-4.207,-2.357,0.048,-2.144,-2.170,12,24,DMP_WAIT
A,216804,TILT,ALL,536,-3672,14682,-116,32,-69,0.033,-0.224,0.896,-7.073,1.951,-4.207,-2.028,0.048,-2.141,-2.167,12,19,DMP_WAIT
A,216823,TILT,ALL,524,-3856,14640,-120,30,-68,0.032,-0.235,0.894,-7.317,1.829,-4.146,-1.982,0.048,-2.140,-2.165,12,19,DMP_WAIT
A,216842,TILT,ALL,602,-4008,14642,-118,30,-68,0.037,-0.245,0.894,-7.195,1.829,-4.146,-2.271,0.050,-2.144,-2.170,12,19,OK
A,216866,TILT,ALL,610,-4010,14652,-108,30,-69,0.037,-0.245,0.894,-6.585,1.829,-4.207,-2.300,0.050,-2.150,-2.176,12,24,DMP_WAIT
A,216885,TILT,ALL,588,-3986,14634,-101,30,-68,0.036,-0.243,0.893,-6.159,1.829,-4.146,-2.220,0.050,-2.153,-2.179,12,19,DMP_WAIT
A,216904,TILT,ALL,628,-4016,14532,-99,31,-69,0.038,-0.245,0.887,-6.037,1.890,-4.207,-2.385,0.050,-2.158,-2.185,12,19,DMP_WAIT
A,216923,TILT,ALL,546,-4128,14610,-96,30,-69,0.033,-0.252,0.892,-5.854,1.829,-4.207,-2.060,0.054,-2.158,-2.185,12,19,OK
A,216946,TILT,ALL,586,-4090,14604,-90,31,-70,0.036,-0.250,0.891,-5.488,1.890,-4.268,-2.213,0.054,-2.160,-2.187,12,23,DMP_WAIT
A,216965,TILT,ALL,606,-4072,14596,-88,30,-69,0.037,-0.249,0.891,-5.366,1.829,-4.207,-2.290,0.054,-2.165,-2.192,12,19,DMP_WAIT
A,216984,TILT,ALL,618,-4206,14550,-92,30,-68,0.038,-0.257,0.888,-5.610,1.829,-4.146,-2.337,0.054,-2.170,-2.198,12,19,DMP_WAIT
A,217003,TILT,ALL,568,-4396,14524,-88,32,-68,0.035,-0.268,0.886,-5.366,1.951,-4.146,-2.144,0.057,-2.169,-2.197,12,19,OK
A,217027,TILT,ALL,600,-4286,14560,-77,32,-68,0.037,-0.262,0.889,-4.695,1.951,-4.146,-2.264,0.057,-2.170,-2.199,12,24,DMP_WAIT
A,217046,TILT,ALL,592,-4120,14548,-74,30,-69,0.036,-0.251,0.888,-4.512,1.829,-4.207,-2.242,0.057,-2.174,-2.202,12,19,DMP_WAIT
A,217065,TILT,ALL,610,-4188,14550,-83,30,-69,0.037,-0.256,0.888,-5.061,1.829,-4.207,-2.307,0.057,-2.178,-2.207,12,19,DMP_WAIT
A,217083,TILT,ALL,564,-4330,14492,-96,31,-69,0.034,-0.264,0.885,-5.854,1.890,-4.207,-2.136,0.060,-2.178,-2.207,12,18,OK
A,217107,TILT,ALL,582,-4522,14496,-101,30,-69,0.036,-0.276,0.885,-6.159,1.829,-4.207,-2.195,0.060,-2.181,-2.210,12,24,DMP_WAIT
A,217126,TILT,ALL,618,-4576,14440,-94,31,-69,0.038,-0.279,0.881,-5.732,1.890,-4.207,-2.336,0.060,-2.185,-2.214,12,19,DMP_WAIT
A,217145,TILT,ALL,574,-4486,14436,-87,31,-68,0.035,-0.274,0.881,-5.305,1.890,-4.146,-2.175,0.060,-2.185,-2.214,12,19,DMP_WAIT
A,217164,TILT,ALL,612,-4502,14470,-83,32,-68,0.037,-0.275,0.883,-5.061,1.951,-4.146,-2.313,0.063,-2.187,-2.217,12,19,OK
A,217188,TILT,ALL,598,-4642,14380,-83,32,-69,0.036,-0.283,0.878,-5.061,1.951,-4.207,-2.266,0.063,-2.189,-2.218,12,24,DMP_WAIT
A,217207,TILT,ALL,546,-4584,14430,-82,32,-69,0.033,-0.280,0.881,-5.000,1.951,-4.207,-2.065,0.063,-2.186,-2.215,12,19,DMP_WAIT
A,217225,TILT,ALL,538,-4596,14424,-82,32,-69,0.033,-0.281,0.880,-5.000,1.951,-4.207,-2.035,0.063,-2.182,-2.212,12,18,DMP_WAIT
A,217244,TILT,ALL,574,-4690,14432,-86,31,-69,0.035,-0.286,0.881,-5.244,1.890,-4.207,-2.166,0.064,-2.183,-2.212,12,19,OK
A,217268,TILT,ALL,608,-4720,14462,-84,30,-69,0.037,-0.288,0.883,-5.122,1.829,-4.207,-2.289,0.064,-2.187,-2.217,12,24,DMP_WAIT
A,217287,TILT,ALL,604,-4782,14446,-84,30,-68,0.037,-0.292,0.882,-5.122,1.829,-4.146,-2.273,0.064,-2.191,-2.221,12,19,DMP_WAIT
A,217306,TILT,ALL,586,-4902,14404,-85,31,-69,0.036,-0.299,0.879,-5.183,1.890,-4.207,-2.206,0.064,-2.192,-2.222,12,19,DMP_WAIT
A,217325,TILT,ALL,622,-4868,14406,-81,31,-69,0.038,-0.297,0.879,-4.939,1.890,-4.207,-2.342,0.067,-2.196,-2.226,12,19,OK
A,217348,TILT,ALL,598,-4784,14408,-79,31,-70,0.036,-0.292,0.879,-4.817,1.890,-4.268,-2.256,0.067,-2.198,-2.228,12,23,DMP_WAIT
A,217367,TILT,ALL,580,-4828,14412,-86,31,-69,0.035,-0.295,0.880,-5.244,1.890,-4.207,-2.185,0.067,-2.198,-2.229,12,19,DMP_WAIT
A,217386,TILT,ALL,590,-4956,14338,-97,32,-70,0.036,-0.302,0.875,-5.915,1.951,-4.268,-2.227,0.067,-2.198,-2.229,12,19,DMP_WAIT
A,217405,TILT,ALL,604,-5052,14374,-100,31,-70,0.037,-0.308,0.877,-6.098,1.890,-4.268,-2.270,0.070,-2.201,-2.231,12,19,OK
A,217429,TILT,ALL,564,-5008,14322,-97,32,-69,0.034,-0.306,0.874,-5.915,1.951,-4.207,-2.129,0.070,-2.199,-2.229,12,24,DMP_WAIT
A,217448,TILT,ALL,640,-4974,14350,-102,30,-69,0.039,-0.304,0.876,-6.220,1.829,-4.207,-2.413,0.070,-2.205,-2.236,12,19,DMP_WAIT
A,217467,TILT,ALL,612,-5096,14256,-114,31,-70,0.037,-0.311,0.870,-6.951,1.890,-4.268,-2.315,0.070,-2.208,-2.239,12,19,DMP_WAIT
A,217486,TILT,ALL,576,-5230,14316,-120,31,-70,0.035,-0.319,0.874,-7.317,1.890,-4.268,-2.164,0.074,-2.208,-2.239,12,19,OK
A,217510,TILT,ALL,584,-5242,14304,-120,31,-70,0.036,-0.320,0.873,-7.317,1.890,-4.268,-2.195,0.074,-2.208,-2.240,12,24,DMP_WAIT
A,217529,TILT,ALL,612,-5130,14344,-124,30,-70,0.037,-0.313,0.875,-7.561,1.829,-4.268,-2.301,0.074,-2.212,-2.244,11,19,DMP_WAIT
A,217548,TILT,ALL,608,-5246,14264,-135,29,-69,0.037,-0.320,0.871,-8.232,1.768,-4.207,-2.291,0.074,-2.217,-2.248,11,19,DMP_WAIT
A,217566,TILT,ALL,592,-5438,14192,-145,29,-68,0.036,-0.332,0.866,-8.841,1.768,-4.146,-2.231,0.078,-2.220,-2.252,11,18,OK
A,217590,TILT,ALL,590,-5608,14148,-144,30,-68,0.036,-0.342,0.864,-8.780,1.829,-4.146,-2.220,0.078,-2.222,-2.254,11,24,DMP_WAIT
A,217609,TILT,ALL,568,-5660,14012,-137,30,-69,0.035,-0.345,0.855,-8.354,1.829,-4.207,-2.153,0.078,-2.223,-2.254,11,19,DMP_WAIT
A,217628,TILT,ALL,596,-5800,14110,-130,30,-70,0.036,-0.354,0.861,-7.927,1.829,-4.268,-2.237,0.078,-2.225,-2.257,11,19,DMP_WAIT
A,217647,TILT,ALL,616,-5908,14070,-119,30,-70,0.038,-0.361,0.859,-7.256,1.829,-4.268,-2.312,0.081,-2.229,-2.260,11,19,OK
A,217671,TILT,ALL,604,-5860,14028,-100,31,-70,0.037,-0.358,0.856,-6.098,1.890,-4.268,-2.275,0.081,-2.230,-2.263,11,24,DMP_WAIT
A,217690,TILT,ALL,624,-5570,14262,-85,29,-69,0.038,-0.340,0.870,-5.183,1.768,-4.207,-2.334,0.081,-2.236,-2.268,11,19,DMP_WAIT
A,217709,TILT,ALL,568,-5588,14192,-94,31,-69,0.035,-0.341,0.866,-5.732,1.890,-4.207,-2.133,0.081,-2.234,-2.266,11,19,DMP_WAIT
A,217728,TILT,ALL,650,-5858,14084,-105,30,-70,0.040,-0.358,0.860,-6.402,1.829,-4.268,-2.440,0.085,-2.240,-2.273,11,19,OK
A,217752,TILT,ALL,586,-5954,14068,-107,30,-70,0.036,-0.363,0.859,-6.524,1.829,-4.268,-2.197,0.085,-2.242,-2.274,11,24,DMP_WAIT
A,217771,TILT,ALL,648,-5874,13968,-103,30,-68,0.040,-0.359,0.853,-6.280,1.829,-4.146,-2.449,0.085,-2.248,-2.281,11,19,DMP_WAIT
A,217790,TILT,ALL,568,-5914,14060,-107,30,-69,0.035,-0.361,0.858,-6.524,1.829,-4.207,-2.133,0.085,-2.247,-2.280,11,19,DMP_WAIT
A,217809,TILT,ALL,660,-6082,13926,-111,30,-70,0.040,-0.371,0.850,-6.768,1.829,-4.268,-2.487,0.089,-2.254,-2.287,11,19,OK
A,217833,TILT,ALL,584,-6094,14058,-107,31,-69,0.036,-0.372,0.858,-6.524,1.890,-4.207,-2.183,0.089,-2.254,-2.287,11,24,DMP_WAIT
A,217851,TILT,ALL,586,-6062,14046,-104,32,-69,0.036,-0.370,0.857,-6.341,1.951,-4.207,-2.194,0.089,-2.252,-2.285,11,18,DMP_WAIT
A,217870,TILT,ALL,660,-6010,13998,-108,30,-69,0.040,-0.367,0.854,-6.585,1.829,-4.207,-2.481,0.089,-2.258,-2.292,11,19,DMP_WAIT
A,217889,TILT,ALL,582,-6190,13864,-114,30,-70,0.036,-0.378,0.846,-6.951,1.829,-4.268,-2.195,0.093,-2.259,-2.292,11,19,OK
A,217913,TILT,ALL,630,-6318,13878,-112,30,-70,0.038,-0.386,0.847,-6.829,1.829,-4.268,-2.366,0.093,-2.264,-2.297,11,24,DMP_WAIT
A,217932,TILT,ALL,610,-6276,13820,-107,30,-70,0.037,-0.383,0.844,-6.524,1.829,-4.268,-2.301,0.093,-2.266,-2.300,11,19,DMP_WAIT
A,217951,TILT,ALL,640,-6164,13938,-111,30,-69,0.039,-0.376,0.851,-6.768,1.829,-4.207,-2.405,0.093,-2.271,-2.305,11,19,DMP_WAIT
A,217970,TILT,ALL,628,-6204,13864,-128,31,-69,0.038,-0.379,0.846,-7.805,1.890,-4.207,-2.368,0.097,-2.274,-2.308,11,19,OK
A,217994,TILT,ALL,646,-6450,13826,-144,31,-68,0.039,-0.394,0.844,-8.780,1.890,-4.146,-2.425,0.097,-2.278,-2.312,11,24,DMP_WAIT
A,218013,TILT,ALL,546,-6526,13796,-144,30,-68,0.033,-0.398,0.842,-8.780,1.829,-4.146,-2.049,0.097,-2.275,-2.309,11,19,DMP_WAIT
A,218032,TILT,ALL,586,-6542,13722,-137,30,-69,0.036,-0.399,0.838,-8.354,1.829,-4.207,-2.208,0.097,-2.275,-2.309,11,19,DMP_WAIT
A,218051,TILT,ALL,640,-6668,13708,-134,30,-69,0.039,-0.407,0.837,-8.171,1.829,-4.207,-2.404,0.100,-2.280,-2.314,11,19,OK
A,218075,TILT,ALL,580,-6778,13692,-130,30,-69,0.035,-0.414,0.836,-7.927,1.829,-4.207,-2.174,0.100,-2.280,-2.314,11,24,DMP_WAIT
A,218094,TILT,ALL,626,-6754,13758,-125,29,-70,0.038,-0.412,0.840,-7.622,1.768,-4.268,-2.339,0.100,-2.284,-2.319,11,19,DMP_WAIT
A,218113,TILT,ALL,666,-6754,13724,-126,29,-68,0.041,-0.412,0.838,-7.683,1.768,-4.146,-2.493,0.100,-2.291,-2.326,11,19,DMP_WAIT
A,218132,TILT,ALL,600,-6904,13590,-128,31,-68,0.037,-0.421,0.829,-7.805,1.890,-4.146,-2.254,0.104,-2.291,-2.326,11,19,OK
A,218156,TILT,ALL,610,-7102,13562,-118,31,-68,0.037,-0.433,0.828,-7.195,1.890,-4.146,-2.282,0.104,-2.292,-2.327,11,24,DMP_WAIT
A,218175,TILT,ALL,622,-7110,13640,-97,31,-69,0.038,-0.434,0.833,-5.915,1.890,-4.207,-2.316,0.104,-2.293,-2.328,11,19,DMP_WAIT
A,218193,TILT,ALL,648,-7046,13562,-77,30,-69,0.040,-0.430,0.828,-4.695,1.829,-4.207,-2.428,0.104,-2.298,-2.333,11,18,DMP_WAIT
A,218212,TILT,ALL,634,-6990,13588,-68,32,-69,0.039,-0.427,0.829,-4.146,1.951,-4.207,-2.376,0.107,-2.299,-2.334,11,19,OK
A,218236,TILT,ALL,626,-7136,13572,-57,32,-69,0.038,-0.436,0.828,-3.476,1.951,-4.207,-2.338,0.107,-2.299,-2.335,11,24,DMP_WAIT
A,218255,TILT,ALL,626,-7136,13572,-57,32,-69,0.038,-0.436,0.828,-3.476,1.951,-4.207,-2.338,0.107,-2.300,-2.335,11,19,DMP_WAIT
A,218274,TILT,ALL,660,-7152,13486,-49,31,-70,0.040,-0.437,0.823,-2.988,1.890,-4.268,-2.476,0.107,-2.304,-2.340,11,19,DMP_WAIT
A,218293,TILT,ALL,648,-7064,13534,-45,31,-70,0.040,-0.431,0.826,-2.744,1.890,-4.268,-2.430,0.111,-2.307,-2.343,11,19,OK
A,218316,TILT,ALL,600,-7010,13672,-52,31,-68,0.037,-0.428,0.834,-3.171,1.890,-4.146,-2.236,0.111,-2.307,-2.343,11,23,DMP_WAIT
A,218335,TILT,ALL,600,-7010,13672,-52,31,-68,0.037,-0.428,0.834,-3.171,1.890,-4.146,-2.236,0.111,-2.306,-2.342,11,19,DMP_WAIT
A,218354,TILT,ALL,660,-6918,13444,-61,30,-69,0.040,-0.422,0.821,-3.720,1.829,-4.207,-2.499,0.114,-2.312,-2.348,11,19,OK
A,218378,TILT,ALL,644,-7108,13436,-85,30,-70,0.039,-0.434,0.820,-5.183,1.829,-4.268,-2.426,0.114,-2.317,-2.353,11,24,DMP_WAIT
A,218397,TILT,ALL,686,-7144,13496,-102,31,-70,0.042,-0.436,0.824,-6.220,1.890,-4.268,-2.572,0.114,-2.322,-2.359,11,19,DMP_WAIT
A,218416,TILT,ALL,626,-7214,13440,-116,31,-69,0.038,-0.440,0.820,-7.073,1.890,-4.207,-2.350,0.114,-2.324,-2.361,11,19,DMP_WAIT
A,218435,TILT,ALL,626,-7214,13440,-116,31,-69,0.038,-0.440,0.820,-7.073,1.890,-4.207,-2.350,0.119,-2.325,-2.362,11,19,OK
A,218459,TILT,ALL,594,-7628,13322,-118,30,-68,0.036,-0.466,0.813,-7.195,1.829,-4.146,-2.216,0.119,-2.325,-2.362,11,24,DMP_WAIT
A,218478,TILT,ALL,632,-7340,13434,-102,31,-69,0.039,-0.448,0.820,-6.220,1.890,-4.207,-2.364,0.119,-2.327,-2.364,11,19,DMP_WAIT
A,218497,TILT,ALL,624,-7324,13450,-107,31,-69,0.038,-0.447,0.821,-6.524,1.890,-4.207,-2.333,0.119,-2.328,-2.365,11,19,DMP_WAIT
A,218516,TILT,ALL,624,-7324,13450,-107,31,-69,0.038,-0.447,0.821,-6.524,1.890,-4.207,-2.333,0.121,-2.328,-2.366,11,19,OK
A,218539,TILT,ALL,610,-7660,13276,-116,31,-69,0.037,-0.468,0.810,-7.073,1.890,-4.207,-2.279,0.121,-2.328,-2.366,12,23,DMP_WAIT
A,218558,TILT,ALL,630,-7598,13314,-114,30,-69,0.038,-0.464,0.813,-6.951,1.829,-4.207,-2.353,0.121,-2.331,-2.368,12,19,DMP_WAIT
A,218577,TILT,ALL,652,-7646,13222,-119,30,-69,0.040,-0.467,0.807,-7.256,1.829,-4.207,-2.444,0.121,-2.335,-2.372,12,19,DMP_WAIT
A,218596,TILT,ALL,820,-7654,13198,-122,32,-69,0.050,-0.467,0.806,-7.439,1.951,-4.207,-3.076,0.124,-2.349,-2.388,12,19,OK
A,218620,TILT,ALL,582,-7864,13176,-120,32,-69,0.036,-0.480,0.804,-7.317,1.951,-4.207,-2.172,0.124,-2.345,-2.384,12,24,DMP_WAIT
A,218639,TILT,ALL,678,-7822,13276,-116,31,-69,0.041,-0.477,0.810,-7.073,1.890,-4.207,-2.519,0.124,-2.350,-2.388,12,19,DMP_WAIT
A,218658,TILT,ALL,572,-7848,13192,-117,31,-68,0.035,-0.479,0.805,-7.134,1.890,-4.146,-2.134,0.124,-2.346,-2.385,12,19,DMP_WAIT
A,218677,TILT,ALL,646,-7902,13144,-117,30,-69,0.039,-0.482,0.802,-7.134,1.829,-4.207,-2.412,0.128,-2.349,-2.388,12,19,OK
A,218701,TILT,ALL,638,-7958,13148,-116,31,-68,0.039,-0.486,0.802,-7.073,1.890,-4.146,-2.377,0.128,-2.351,-2.390,12,24,DMP_WAIT
A,218720,TILT,ALL,646,-8056,13098,-120,32,-69,0.039,-0.492,0.799,-7.317,1.951,-4.207,-2.406,0.128,-2.351,-2.391,12,19,DMP_WAIT
A,218739,TILT,ALL,654,-8180,13000,-119,31,-69,0.040,-0.499,0.793,-7.256,1.890,-4.207,-2.438,0.128,-2.354,-2.393,12,19,DMP_WAIT
A,218758,TILT,ALL,640,-8102,13018,-117,31,-69,0.039,-0.495,0.795,-7.134,1.890,-4.207,-2.390,0.131,-2.355,-2.395,12,19,OK
A,218782,TILT,ALL,680,-8248,13006,-116,32,-68,0.042,-0.503,0.794,-7.073,1.951,-4.146,-2.528,0.131,-2.358,-2.398,12,24,DMP_WAIT
A,218801,TILT,ALL,662,-8108,12814,-111,32,-68,0.040,-0.495,0.782,-6.768,1.951,-4.146,-2.500,0.131,-2.361,-2.401,12,19,DMP_WAIT
A,218820,TILT,ALL,542,-8238,13036,-109,31,-70,0.033,-0.503,0.796,-6.646,1.890,-4.268,-2.013,0.131,-2.355,-2.394,12,19,DMP_WAIT
A,218839,TILT,ALL,704,-8186,12908,-114,30,-70,0.043,-0.500,0.788,-6.951,1.829,-4.268,-2.637,0.133,-2.362,-2.402,12,19,OK
A,218863,TILT,ALL,642,-8314,12960,-123,30,-69,0.039,-0.507,0.791,-7.500,1.829,-4.207,-2.388,0.133,-2.365,-2.405,12,24,DMP_WAIT
A,218882,TILT,ALL,670,-8430,12878,-127,31,-69,0.041,-0.515,0.786,-7.744,1.890,-4.207,-2.492,0.133,-2.368,-2.409,12,19,DMP_WAIT
A,218900,TILT,ALL,624,-8492,12920,-124,32,-69,0.038,-0.518,0.789,-7.561,1.951,-4.207,-2.311,0.133,-2.367,-2.407,12,18,DMP_WAIT
A,218919,TILT,ALL,666,-8480,12814,-123,33,-68,0.041,-0.518,0.782,-7.500,2.012,-4.146,-2.482,0.137,-2.368,-2.408,12,19,OK
A,218943,TILT,ALL,628,-8612,12766,-123,31,-69,0.038,-0.526,0.779,-7.500,1.890,-4.207,-2.335,0.137,-2.368,-2.409,12,24,DMP_WAIT
A,218962,TILT,ALL,722,-8594,12764,-121,29,-70,0.044,-0.525,0.779,-7.378,1.768,-4.268,-2.686,0.137,-2.377,-2.419,12,19,DMP_WAIT
A,218981,TILT,ALL,658,-8672,12686,-116,30,-69,0.040,-0.529,0.774,-7.073,1.829,-4.207,-2.452,0.137,-2.381,-2.422,12,19,DMP_WAIT
A,219000,TILT,ALL,586,-8718,12730,-110,32,-69,0.036,-0.532,0.777,-6.707,1.951,-4.207,-2.175,0.142,-2.376,-2.417,12,19,OK
A,219024,TILT,ALL,574,-8784,12654,-102,31,-69,0.035,-0.536,0.772,-6.220,1.890,-4.207,-2.134,0.142,-2.372,-2.413,12,24,DMP_WAIT
A,219043,TILT,ALL,676,-8698,12714,-97,30,-69,0.041,-0.531,0.776,-5.915,1.829,-4.207,-2.513,0.142,-2.377,-2.418,12,19,DMP_WAIT
A,219062,TILT,ALL,646,-8752,12694,-103,30,-69,0.039,-0.534,0.775,-6.280,1.829,-4.207,-2.399,0.142,-2.379,-2.420,12,19,DMP_WAIT
A,219081,TILT,ALL,656,-8666,12674,-110,31,-69,0.040,-0.529,0.774,-6.707,1.890,-4.207,-2.447,0.144,-2.381,-2.423,12,19,OK
A,219105,TILT,ALL,614,-8802,12662,-121,31,-68,0.037,-0.537,0.773,-7.378,1.890,-4.146,-2.280,0.144,-2.380,-2.422,12,24,DMP_WAIT
A,219124,TILT,ALL,652,-8968,12536,-131,31,-70,0.040,-0.547,0.765,-7.988,1.890,-4.268,-2.422,0.144,-2.382,-2.423,12,19,DMP_WAIT
A,219143,TILT,ALL,614,-9022,12534,-134,32,-70,0.037,-0.551,0.765,-8.171,1.951,-4.268,-2.277,0.144,-2.379,-2.420,12,19,DMP_WAIT
A,219162,TILT,ALL,656,-9080,12502,-132,31,-69,0.040,-0.554,0.763,-8.049,1.890,-4.207,-2.431,0.146,-2.381,-2.422,12,19,OK
A,219186,TILT,ALL,626,-8992,12474,-128,31,-68,0.038,-0.549,0.761,-7.805,1.890,-4.146,-2.331,0.146,-2.381,-2.422,12,24,DMP_WAIT
A,219206,TILT,ALL,554,-9052,12398,-134,31,-70,0.034,-0.552,0.757,-8.171,1.890,-4.268,-2.067,0.146,-2.376,-2.416,12,20,DMP_WAIT
A,219226,TILT,ALL,618,-9144,12394,-139,29,-70,0.038,-0.558,0.756,-8.476,1.768,-4.268,-2.298,0.146,-2.377,-2.417,12,20,DMP_WAIT
A,219246,TILT,ALL,644,-9158,12354,-141,29,-70,0.039,-0.559,0.754,-8.598,1.768,-4.268,-2.398,0.148,-2.381,-2.421,12,20,OK
A,219269,TILT,ALL,646,-9372,12348,-143,30,-68,0.039,-0.572,0.754,-8.720,1.829,-4.146,-2.386,0.148,-2.383,-2.423,12,23,DMP_WAIT
A,219288,TILT,ALL,660,-9526,12176,-137,30,-69,0.040,-0.581,0.743,-8.354,1.829,-4.207,-2.445,0.148,-2.386,-2.426,12,19,DMP_WAIT
A,219307,TILT,ALL,648,-9460,12224,-122,32,-70,0.040,-0.577,0.746,-7.439,1.951,-4.268,-2.401,0.148,-2.386,-2.426,12,19,DMP_WAIT
A,219326,TILT,ALL,630,-9332,12238,-115,32,-68,0.038,-0.570,0.747,-7.012,1.951,-4.146,-2.344,0.151,-2.385,-2.424,12,19,OK
A,219350,TILT,ALL,628,-9328,12206,-123,31,-69,0.038,-0.569,0.745,-7.500,1.890,-4.207,-2.341,0.151,-2.385,-2.424,12,24,DMP_WAIT
A,219369,TILT,ALL,594,-9534,12152,-134,33,-70,0.036,-0.582,0.742,-8.171,2.012,-4.268,-2.202,0.151,-2.380,-2.419,12,19,DMP_WAIT
A,219388,TILT,ALL,704,-9808,12052,-129,31,-71,0.043,-0.599,0.736,-7.866,1.890,-4.329,-2.594,0.151,-2.385,-2.424,12,19,DMP_WAIT
A,219407,TILT,ALL,638,-9702,12114,-112,30,-69,0.039,-0.592,0.739,-6.829,1.829,-4.207,-2.354,0.154,-2.386,-2.425,12,19,OK
A,219431,TILT,ALL,748,-9478,12100,-100,27,-68,0.046,-0.578,0.739,-6.098,1.646,-4.146,-2.786,0.154,-2.401,-2.440,12,24,DMP_WAIT
A,219450,TILT,ALL,626,-9564,12078,-111,31,-70,0.038,-0.584,0.737,-6.768,1.890,-4.268,-2.327,0.154,-2.400,-2.439,12,19,DMP_WAIT
A,219469,TILT,ALL,638,-9760,12030,-123,32,-71,0.039,-0.596,0.734,-7.500,1.951,-4.329,-2.358,0.154,-2.399,-2.438,12,19,DMP_WAIT
A,219488,TILT,ALL,696,-9692,12008,-122,31,-70,0.042,-0.592,0.733,-7.439,1.890,-4.268,-2.582,0.158,-2.403,-2.442,12,19,OK
A,219512,TILT,ALL,644,-9642,12054,-128,32,-70,0.039,-0.589,0.736,-7.805,1.951,-4.268,-2.389,0.158,-2.403,-2.441,12,24,DMP_WAIT
A,219531,TILT,ALL,596,-9716,11966,-144,31,-70,0.036,-0.593,0.730,-8.780,1.890,-4.268,-2.214,0.158,-2.400,-2.438,12,19,DMP_WAIT
A,219550,TILT,ALL,730,-9852,11888,-156,30,-69,0.045,-0.601,0.726,-9.512,1.829,-4.207,-2.707,0.158,-2.408,-2.446,11,19,DMP_WAIT
A,219569,TILT,ALL,654,-9914,11816,-161,32,-69,0.040,-0.605,0.721,-9.817,1.951,-4.207,-2.428,0.162,-2.408,-2.446,11,19,OK
A,219593,TILT,ALL,666,-10152,11750,-163,32,-69,0.041,-0.620,0.717,-9.939,1.951,-4.207,-2.456,0.162,-2.408,-2.447,11,24,DMP_WAIT
A,219612,TILT,ALL,604,-10544,11610,-151,31,-70,0.037,-0.644,0.709,-9.207,1.890,-4.268,-2.205,0.162,-2.405,-2.443,11,19,DMP_WAIT
A,219631,TILT,ALL,618,-10422,11668,-120,30,-71,0.038,-0.636,0.712,-7.317,1.829,-4.329,-2.262,0.162,-2.404,-2.441,11,19,DMP_WAIT
A,219650,TILT,ALL,720,-10142,11694,-97,30,-69,0.044,-0.619,0.714,-5.915,1.829,-4.207,-2.663,0.164,-2.411,-2.449,11,19,OK
A,219674,TILT,ALL,626,-10178,11686,-94,31,-68,0.038,-0.621,0.713,-5.732,1.890,-4.146,-2.313,0.164,-2.410,-2.447,11,24,DMP_WAIT
A,219693,TILT,ALL,592,-10310,11576,-99,32,-69,0.036,-0.629,0.707,-6.037,1.951,-4.207,-2.187,0.164,-2.405,-2.442,11,19,DMP_WAIT
A,219711,TILT,ALL,668,-10356,11542,-98,30,-71,0.041,-0.632,0.704,-5.976,1.829,-4.329,-2.467,0.164,-2.408,-2.445,11,18,DMP_WAIT
A,219730,TILT,ALL,628,-10390,11666,-93,30,-69,0.038,-0.634,0.712,-5.671,1.829,-4.207,-2.302,0.167,-2.408,-2.444,11,19,OK
A,219754,TILT,ALL,634,-9904,11660,-102,29,-63,0.039,-0.604,0.712,-6.220,1.768,-3.841,-2.373,0.167,-2.411,-2.447,11,24,DMP_WAIT
A,219773,TILT,ALL,634,-9904,11660,-102,29,-63,0.039,-0.604,0.712,-6.220,1.768,-3.841,-2.373,0.167,-2.413,-2.449,11,19,DMP_WAIT
A,219792,TILT,ALL,756,-10376,11492,-139,29,-67,0.046,-0.633,0.701,-8.476,1.768,-4.085,-2.795,0.169,-2.424,-2.460,11,19,OK
A,219816,TILT,ALL,630,-10816,11348,-117,32,-69,0.038,-0.660,0.693,-7.134,1.951,-4.207,-2.301,0.169,-2.421,-2.457,11,24,DMP_WAIT
A,219835,TILT,ALL,670,-10690,11294,-92,33,-70,0.041,-0.652,0.689,-5.610,2.012,-4.268,-2.467,0.169,-2.420,-2.456,11,19,DMP_WAIT
A,219854,TILT,ALL,692,-10944,11286,-78,32,-70,0.042,-0.668,0.689,-4.756,1.951,-4.268,-2.520,0.169,-2.422,-2.457,11,19,DMP_WAIT
A,219873,TILT,ALL,692,-10944,11286,-78,32,-70,0.042,-0.668,0.689,-4.756,1.951,-4.268,-2.520,0.171,-2.424,-2.459,11,19,OK
A,219897,TILT,ALL,622,-10562,11352,-16,31,-70,0.038,-0.645,0.693,-0.976,1.890,-4.268,-2.297,0.171,-2.422,-2.457,11,24,DMP_WAIT
A,219916,TILT,ALL,712,-10412,11386,-18,29,-70,0.043,-0.635,0.695,-1.098,1.768,-4.268,-2.642,0.171,-2.429,-2.465,11,19,DMP_WAIT
A,219935,TILT,ALL,662,-10560,11290,-37,31,-70,0.040,-0.645,0.689,-2.256,1.890,-4.268,-2.452,0.171,-2.431,-2.466,11,19,DMP_WAIT
A,219954,TILT,ALL,618,-10636,11332,-47,32,-71,0.038,-0.649,0.692,-2.866,1.951,-4.329,-2.277,0.173,-2.427,-2.462,11,19,OK
A,219978,TILT,ALL,684,-10576,11334,-54,31,-70,0.042,-0.646,0.692,-3.293,1.890,-4.268,-2.526,0.173,-2.430,-2.465,11,24,DMP_WAIT
A,219997,TILT,ALL,700,-10776,11178,-63,31,-69,0.043,-0.658,0.682,-3.841,1.890,-4.207,-2.581,0.173,-2.434,-2.469,11,19,DMP_WAIT
A,220016,TILT,ALL,648,-11086,11192,-59,33,-69,0.040,-0.677,0.683,-3.598,2.012,-4.207,-2.356,0.173,-2.431,-2.465,11,19,DMP_WAIT
A,220035,TILT,ALL,616,-10962,11192,-36,32,-69,0.038,-0.669,0.683,-2.195,1.951,-4.207,-2.252,0.176,-2.427,-2.461,11,19,OK
A,220059,TILT,ALL,648,-10722,11192,-18,32,-69,0.040,-0.654,0.683,-1.098,1.951,-4.207,-2.394,0.176,-2.426,-2.459,11,24,DMP_WAIT
A,220078,TILT,ALL,626,-10728,11238,-20,32,-69,0.038,-0.655,0.686,-1.220,1.951,-4.207,-2.307,0.176,-2.423,-2.456,11,19,DMP_WAIT
A,220097,TILT,ALL,680,-10934,11110,-25,32,-71,0.042,-0.667,0.678,-1.524,1.951,-4.329,-2.498,0.176,-2.424,-2.457,11,19,DMP_WAIT
A,220116,TILT,ALL,666,-10942,11188,-19,31,-70,0.041,-0.668,0.683,-1.159,1.890,-4.268,-2.437,0.177,-2.425,-2.458,11,19,OK
A,220139,TILT,ALL,694,-10876,11102,-9,30,-68,0.042,-0.664,0.678,-0.549,1.829,-4.146,-2.557,0.177,-2.430,-2.463,11,23,DMP_WAIT
A,220158,TILT,ALL,672,-10788,11124,-3,31,-69,0.041,-0.658,0.679,-0.183,1.890,-4.207,-2.483,0.177,-2.432,-2.464,11,19,DMP_WAIT
A,220177,TILT,ALL,648,-10786,11144,-2,34,-70,0.040,-0.658,0.680,-0.122,2.073,-4.268,-2.393,0.177,-2.428,-2.461,11,19,DMP_WAIT
A,220196,TILT,ALL,642,-11004,11092,-3,34,-70,0.039,-0.672,0.677,-0.183,2.073,-4.268,-2.353,0.179,-2.424,-2.456,11,19,OK
A,220220,TILT,ALL,666,-11034,10998,5,33,-70,0.041,-0.673,0.671,0.305,2.012,-4.268,-2.448,0.179,-2.423,-2.455,11,24,DMP_WAIT
A,220239,TILT,ALL,660,-10962,11052,17,31,-70,0.040,-0.669,0.675,1.037,1.890,-4.268,-2.428,0.179,-2.424,-2.455,11,19,DMP_WAIT
A,220257,TILT,ALL,616,-10924,11094,22,32,-69,0.038,-0.667,0.677,1.341,1.951,-4.207,-2.266,0.179,-2.420,-2.451,11,18,DMP_WAIT
A,220276,TILT,ALL,656,-10912,11114,27,31,-69,0.040,-0.666,0.678,1.646,1.890,-4.207,-2.412,0.181,-2.421,-2.451,11,19,OK
A,220300,TILT,ALL,658,-10864,11148,32,31,-70,0.040,-0.663,0.680,1.951,1.890,-4.268,-2.421,0.181,-2.422,-2.452,11,24,DMP_WAIT
A,220319,TILT,ALL,724,-10754,11092,28,31,-70,0.044,-0.656,0.677,1.707,1.890,-4.268,-2.683,0.181,-2.428,-2.458,11,19,DMP_WAIT
A,220337,TILT,ALL,644,-10930,11140,18,32,-69,0.039,-0.667,0.680,1.098,1.951,-4.207,-2.363,0.181,-2.426,-2.456,11,18,DMP_WAIT
A,220356,TILT,ALL,682,-10930,11102,20,32,-69,0.042,-0.667,0.678,1.220,1.951,-4.207,-2.507,0.183,-2.427,-2.457,11,19,OK
A,220380,TILT,ALL,636,-10668,11160,23,31,-69,0.039,-0.651,0.681,1.402,1.890,-4.207,-2.359,0.183,-2.427,-2.457,11,24,DMP_WAIT
A,220399,TILT,ALL,700,-10718,11142,9,32,-70,0.043,-0.654,0.680,0.549,1.951,-4.268,-2.592,0.183,-2.430,-2.460,11,19,DMP_WAIT
A,220417,TILT,ALL,620,-11048,11014,-6,33,-69,0.038,-0.674,0.672,-0.366,2.012,-4.207,-2.276,0.183,-2.425,-2.455,11,18,DMP_WAIT
A,220436,TILT,ALL,646,-11132,11072,2,32,-69,0.039,-0.679,0.676,0.122,1.951,-4.207,-2.356,0.185,-2.423,-2.452,11,19,OK
A,220460,TILT,ALL,636,-10812,11160,12,31,-68,0.039,-0.660,0.681,0.732,1.890,-4.146,-2.344,0.185,-2.423,-2.451,11,24,DMP_WAIT
A,220478,TILT,ALL,726,-10740,11122,5,31,-70,0.044,-0.656,0.679,0.305,1.890,-4.268,-2.688,0.185,-2.429,-2.458,11,18,DMP_WAIT
A,220497,TILT,ALL,670,-11056,10954,-11,31,-71,0.041,-0.675,0.669,-0.671,1.890,-4.329,-2.465,0.185,-2.430,-2.459,11,19,DMP_WAIT
A,220516,TILT,ALL,590,-11170,11042,-5,31,-70,0.036,-0.682,0.674,-0.305,1.890,-4.268,-2.151,0.188,-2.425,-2.453,11,19,OK
A,220540,TILT,ALL,712,-10950,11114,12,31,-69,0.043,-0.668,0.678,0.732,1.890,-4.207,-2.613,0.188,-2.430,-2.458,11,24,DMP_WAIT
A,220559,TILT,ALL,644,-10788,11176,12,31,-69,0.039,-0.658,0.682,0.732,1.890,-4.207,-2.374,0.188,-2.430,-2.457,12,19,DMP_WAIT
A,220577,TILT,ALL,678,-10990,11074,-3,33,-71,0.041,-0.671,0.676,-0.183,2.012,-4.329,-2.488,0.188,-2.429,-2.457,12,18,DMP_WAIT
A,220596,TILT,ALL,610,-11216,10934,-5,33,-70,0.037,-0.685,0.667,-0.305,2.012,-4.268,-2.230,0.190,-2.424,-2.451,12,19,OK
A,220620,TILT,ALL,678,-10974,11002,10,29,-70,0.041,-0.670,0.672,0.610,1.768,-4.268,-2.498,0.190,-2.429,-2.456,12,24,DMP_WAIT
A,220639,TILT,ALL,764,-10694,11076,8,30,-70,0.047,-0.653,0.676,0.488,1.829,-4.268,-2.841,0.190,-2.439,-2.467,12,19,DMP_WAIT
A,220657,TILT,ALL,616,-10838,11024,-15,33,-70,0.038,-0.661,0.673,-0.915,2.012,-4.268,-2.282,0.190,-2.435,-2.462,12,18,DMP_WAIT
A,220676,TILT,ALL,630,-11134,10984,-30,33,-69,0.038,-0.680,0.670,-1.829,2.012,-4.207,-2.307,0.193,-2.431,-2.457,12,19,OK
A,220700,TILT,ALL,676,-11082,10970,-25,31,-70,0.041,-0.676,0.670,-1.524,1.890,-4.268,-2.482,0.193,-2.433,-2.459,12,24,DMP_WAIT
A,220719,TILT,ALL,690,-11074,10954,-22,28,-69,0.042,-0.676,0.669,-1.341,1.707,-4.207,-2.536,0.193,-2.439,-2.465,12,19,DMP_WAIT
A,220738,TILT,ALL,704,-11094,10876,-21,32,-70,0.043,-0.677,0.664,-1.280,1.951,-4.268,-2.595,0.193,-2.442,-2.468,12,19,DMP_WAIT
A,220757,TILT,ALL,644,-11062,10968,-18,32,-69,0.039,-0.675,0.669,-1.098,1.951,-4.207,-2.367,0.196,-2.440,-2.466,12,19,OK
A,220781,TILT,ALL,586,-10994,10970,-19,32,-69,0.036,-0.671,0.670,-1.159,1.951,-4.207,-2.161,0.196,-2.434,-2.459,12,24,DMP_WAIT
A,220800,TILT,ALL,708,-11144,10952,-26,31,-68,0.043,-0.680,0.668,-1.585,1.890,-4.146,-2.594,0.196,-2.438,-2.463,12,19,DMP_WAIT
A,220819,TILT,ALL,688,-11354,10806,-23,30,-68,0.042,-0.693,0.660,-1.402,1.829,-4.146,-2.513,0.196,-2.441,-2.466,12,19,DMP_WAIT
A,220838,TILT,ALL,658,-11254,10782,-8,30,-69,0.040,-0.687,0.658,-0.488,1.829,-4.207,-2.418,0.197,-2.442,-2.467,12,19,OK
A,220862,TILT,ALL,742,-11144,10836,4,29,-69,0.045,-0.680,0.661,0.244,1.768,-4.207,-2.733,0.197,-2.452,-2.477,12,24,DMP_WAIT
A,220880,TILT,ALL,666,-11186,10854,8,32,-69,0.041,-0.683,0.662,0.488,1.951,-4.207,-2.447,0.197,-2.452,-2.477,12,18,DMP_WAIT
A,220899,TILT,ALL,670,-11198,10792,10,32,-68,0.041,-0.683,0.659,0.610,1.951,-4.146,-2.467,0.197,-2.452,-2.476,12,19,DMP_WAIT
A,220918,TILT,ALL,672,-11208,10794,13,32,-70,0.041,-0.684,0.659,0.793,1.951,-4.268,-2.473,0.200,-2.452,-2.476,12,19,OK
A,220942,TILT,ALL,666,-11214,10892,15,32,-69,0.041,-0.684,0.665,0.915,1.951,-4.207,-2.439,0.200,-2.451,-2.476,12,24,DMP_WAIT
A,220960,TILT,ALL,670,-11128,10894,17,33,-69,0.041,-0.679,0.665,1.037,2.012,-4.207,-2.464,0.200,-2.450,-2.474,12,18,DMP_WAIT
A,220979,TILT,ALL,642,-11076,10812,13,33,-69,0.039,-0.676,0.660,0.793,2.012,-4.207,-2.375,0.200,-2.447,-2.471,12,19,DMP_WAIT
A,220998,TILT,ALL,664,-11262,10810,8,34,-70,0.041,-0.687,0.660,0.488,2.073,-4.268,-2.436,0.200,-2.444,-2.468,12,19,OK
A,221022,TILT,ALL,590,-11476,10796,14,33,-70,0.036,-0.700,0.659,0.854,2.012,-4.268,-2.144,0.200,-2.436,-2.459,12,24,DMP_WAIT
A,221040,TILT,ALL,626,-11346,10874,35,31,-71,0.038,-0.693,0.664,2.134,1.890,-4.329,-2.281,0.200,-2.433,-2.456,12,18,DMP_WAIT
A,221059,TILT,ALL,638,-11002,10834,50,32,-70,0.039,-0.672,0.661,3.049,1.951,-4.268,-2.366,0.200,-2.432,-2.454,12,19,DMP_WAIT
A,221078,TILT,ALL,670,-11024,10936,39,31,-69,0.041,-0.673,0.667,2.378,1.890,-4.207,-2.471,0.201,-2.433,-2.455,12,19,OK
A,221102,TILT,ALL,694,-11276,10812,23,33,-70,0.042,-0.688,0.660,1.402,2.012,-4.268,-2.544,0.201,-2.434,-2.456,12,24,DMP_WAIT
A,221120,TILT,ALL,624,-11332,10796,28,33,-70,0.038,-0.692,0.659,1.707,2.012,-4.268,-2.283,0.201,-2.429,-2.451,12,18,DMP_WAIT
A,221139,TILT,ALL,648,-11102,10876,37,31,-69,0.040,-0.678,0.664,2.256,1.890,-4.207,-2.388,0.201,-2.429,-2.450,12,19,DMP_WAIT
A,221158,TILT,ALL,718,-11090,10870,31,29,-70,0.044,-0.677,0.663,1.890,1.768,-4.268,-2.647,0.202,-2.436,-2.458,12,19,OK
A,221182,TILT,ALL,706,-11356,10772,23,31,-70,0.043,-0.693,0.657,1.402,1.890,-4.268,-2.583,0.202,-2.440,-2.462,12,24,DMP_WAIT
A,221200,TILT,ALL,606,-11532,10766,36,32,-69,0.037,-0.704,0.657,2.195,1.951,-4.207,-2.200,0.202,-2.435,-2.456,12,18,DMP_WAIT
A,221219,TILT,ALL,610,-11400,10774,63,31,-69,0.037,-0.696,0.658,3.841,1.890,-4.207,-2.227,0.202,-2.432,-2.452,12,19,DMP_WAIT
A,221238,TILT,ALL,652,-11202,10826,83,30,-70,0.040,-0.684,0.661,5.061,1.829,-4.268,-2.397,0.204,-2.433,-2.453,12,19,OK
A,221262,TILT,ALL,748,-11174,10866,90,31,-70,0.046,-0.682,0.663,5.488,1.890,-4.268,-2.748,0.204,-2.440,-2.460,12,24,DMP_WAIT
A,221280,TILT,ALL,640,-11256,10856,92,33,-71,0.039,-0.687,0.663,5.610,2.012,-4.329,-2.344,0.204,-2.437,-2.456,12,18,DMP_WAIT
A,221299,TILT,ALL,656,-11182,10932,98,33,-70,0.040,-0.682,0.667,5.976,2.012,-4.268,-2.402,0.204,-2.435,-2.454,12,19,DMP_WAIT
A,221318,TILT,ALL,690,-11124,10922,101,32,-70,0.042,-0.679,0.667,6.159,1.951,-4.268,-2.534,0.207,-2.436,-2.455,12,19,OK
A,221342,TILT,ALL,702,-11172,10918,102,33,-70,0.043,-0.682,0.666,6.220,2.012,-4.268,-2.573,0.207,-2.437,-2.456,12,24,DMP_WAIT
A,221361,TILT,ALL,646,-11246,10872,106,34,-70,0.039,-0.686,0.664,6.463,2.073,-4.268,-2.365,0.207,-2.433,-2.452,12,19,DMP_WAIT
A,221379,TILT,ALL,570,-11350,10960,120,34,-70,0.035,-0.693,0.669,7.317,2.073,-4.268,-2.069,0.207,-2.423,-2.441,12,18,DMP_WAIT
A,221398,TILT,ALL,652,-11206,10888,138,33,-69,0.040,-0.684,0.665,8.415,2.012,-4.207,-2.390,0.206,-2.421,-2.439,12,19,OK
A,221422,TILT,ALL,632,-11110,10986,155,32,-69,0.039,-0.678,0.671,9.451,1.951,-4.207,-2.316,0.206,-2.418,-2.436,12,24,DMP_WAIT
A,221441,TILT,ALL,688,-11098,10988,166,31,-70,0.042,-0.677,0.671,10.122,1.890,-4.268,-2.522,0.206,-2.421,-2.438,12,19,DMP_WAIT
A,221460,TILT,ALL,678,-11122,11052,177,32,-69,0.041,-0.679,0.675,10.793,1.951,-4.207,-2.476,0.206,-2.422,-2.439,12,19,DMP_WAIT
A,221479,TILT,ALL,680,-11078,11044,192,33,-69,0.042,-0.676,0.674,11.707,2.012,-4.207,-2.489,0.207,-2.422,-2.438,12,19,OK
A,221503,TILT,ALL,630,-10908,11118,206,32,-70,0.038,-0.666,0.679,12.561,1.951,-4.268,-2.316,0.207,-2.419,-2.435,12,24,DMP_WAIT
A,221522,TILT,ALL,660,-10848,11122,214,33,-69,0.040,-0.662,0.679,13.049,2.012,-4.207,-2.433,0.207,-2.418,-2.434,12,19,DMP_WAIT
A,221541,TILT,ALL,704,-10824,11218,221,32,-70,0.043,-0.661,0.685,13.476,1.951,-4.268,-2.586,0.207,-2.421,-2.437,12,19,DMP_WAIT
A,221560,TILT,ALL,692,-10722,11278,228,34,-70,0.042,-0.654,0.688,13.902,2.073,-4.268,-2.546,0.208,-2.421,-2.437,12,19,OK
A,221584,TILT,ALL,648,-10644,11362,232,35,-69,0.040,-0.650,0.693,14.146,2.134,-4.207,-2.383,0.208,-2.415,-2.431,12,24,DMP_WAIT
A,221602,TILT,ALL,702,-10610,11356,230,34,-69,0.043,-0.648,0.693,14.024,2.073,-4.207,-2.586,0.208,-2.416,-2.432,12,18,DMP_WAIT
A,221621,TILT,ALL,666,-10646,11380,234,34,-70,0.041,-0.650,0.695,14.268,2.073,-4.268,-2.447,0.208,-2.414,-2.430,12,19,DMP_WAIT
A,221640,TILT,ALL,636,-10610,11396,243,34,-70,0.039,-0.648,0.696,14.817,2.073,-4.268,-2.339,0.208,-2.410,-2.425,12,19,OK
A,221664,TILT,ALL,592,-10454,11488,254,35,-70,0.036,-0.638,0.701,15.488,2.134,-4.268,-2.183,0.208,-2.400,-2.415,12,24,DMP_WAIT
A,221683,TILT,ALL,608,-10380,11574,260,33,-70,0.037,-0.634,0.706,15.854,2.012,-4.268,-2.240,0.208,-2.396,-2.410,12,19,DMP_WAIT
A,221702,TILT,ALL,608,-10370,11592,261,33,-70,0.037,-0.633,0.708,15.915,2.012,-4.268,-2.239,0.208,-2.391,-2.405,12,19,DMP_WAIT
A,221721,TILT,ALL,616,-10366,11670,267,33,-71,0.038,-0.633,0.712,16.280,2.012,-4.329,-2.260,0.206,-2.387,-2.400,12,19,OK
A,221745,TILT,ALL,642,-10122,11726,279,34,-70,0.039,-0.618,0.716,17.012,2.073,-4.268,-2.373,0.206,-2.383,-2.396,12,24,DMP_WAIT
A,221764,TILT,ALL,614,-9970,11788,280,34,-71,0.037,-0.609,0.719,17.073,2.073,-4.329,-2.277,0.206,-2.379,-2.391,12,19,DMP_WAIT
A,221783,TILT,ALL,672,-9900,11766,270,34,-71,0.041,-0.604,0.718,16.463,2.073,-4.329,-2.502,0.206,-2.378,-2.391,12,19,DMP_WAIT
A,221802,TILT,ALL,680,-9990,11856,260,33,-70,0.042,-0.610,0.724,15.854,2.012,-4.268,-2.511,0.205,-2.379,-2.392,12,19,OK
A,221826,TILT,ALL,682,-10038,11828,260,34,-69,0.042,-0.613,0.722,15.854,2.073,-4.207,-2.517,0.205,-2.379,-2.391,12,24,DMP_WAIT
A,221845,TILT,ALL,614,-9860,11904,267,33,-70,0.037,-0.602,0.727,16.280,2.012,-4.268,-2.275,0.205,-2.375,-2.387,12,19,DMP_WAIT
A,221863,TILT,ALL,668,-9734,11994,268,34,-70,0.041,-0.594,0.732,16.341,2.073,-4.268,-2.476,0.205,-2.375,-2.387,12,18,DMP_WAIT
A,221882,TILT,ALL,636,-9808,12058,268,34,-70,0.039,-0.599,0.736,16.341,2.073,-4.268,-2.343,0.205,-2.371,-2.383,12,19,OK
A,221906,TILT,ALL,724,-9682,12034,275,33,-70,0.044,-0.591,0.734,16.768,2.012,-4.268,-2.684,0.205,-2.376,-2.388,12,24,DMP_WAIT
A,221925,TILT,ALL,718,-9532,12118,281,36,-71,0.044,-0.582,0.740,17.134,2.195,-4.329,-2.666,0.205,-2.377,-2.389,12,19,DMP_WAIT
A,221944,TILT,ALL,650,-9414,12130,280,36,-72,0.040,-0.575,0.740,17.073,2.195,-4.390,-2.424,0.205,-2.373,-2.385,12,19,DMP_WAIT
A,221963,TILT,ALL,666,-9328,12234,275,34,-72,0.041,-0.569,0.747,16.768,2.073,-4.390,-2.479,0.206,-2.372,-2.384,12,19,OK
A,221986,TILT,ALL,646,-9288,12210,270,34,-71,0.039,-0.567,0.745,16.463,2.073,-4.329,-2.411,0.206,-2.370,-2.382,12,23,DMP_WAIT
A,222005,TILT,ALL,630,-9332,12342,268,34,-71,0.038,-0.570,0.753,16.341,2.073,-4.329,-2.332,0.206,-2.366,-2.378,12,19,DMP_WAIT
A,222024,TILT,ALL,680,-9348,12254,272,34,-70,0.042,-0.571,0.748,16.585,2.073,-4.268,-2.526,0.206,-2.367,-2.379,12,19,DMP_WAIT
A,222043,TILT,ALL,626,-9182,12398,284,35,-71,0.038,-0.560,0.757,17.317,2.134,-4.329,-2.324,0.206,-2.362,-2.374,12,19,OK
A,222067,TILT,ALL,640,-9160,12474,293,36,-71,0.039,-0.559,0.761,17.866,2.195,-4.329,-2.368,0.206,-2.356,-2.368,12,24,DMP_WAIT
A,222086,TILT,ALL,612,-9072,12464,300,35,-71,0.037,-0.554,0.761,18.293,2.134,-4.329,-2.273,0.206,-2.351,-2.363,12,19,DMP_WAIT
A,222105,TILT,ALL,650,-8998,12552,309,34,-70,0.040,-0.549,0.766,18.841,2.073,-4.268,-2.410,0.206,-2.349,-2.361,12,19,DMP_WAIT
A,222123,TILT,ALL,622,-8792,12594,316,35,-70,0.038,-0.537,0.769,19.268,2.134,-4.268,-2.319,0.204,-2.345,-2.357,12,18,OK
A,222147,TILT,ALL,634,-8712,12648,317,35,-70,0.039,-0.532,0.772,19.329,2.134,-4.268,-2.364,0.204,-2.341,-2.352,12,24,DMP_WAIT
A,222166,TILT,ALL,674,-8592,12684,315,35,-70,0.041,-0.524,0.774,19.207,2.134,-4.268,-2.519,0.204,-2.340,-2.352,12,19,DMP_WAIT
A,222185,TILT,ALL,598,-8516,12744,313,34,-70,0.036,-0.520,0.778,19.085,2.073,-4.268,-2.234,0.204,-2.336,-2.347,12,19,DMP_WAIT
A,222204,TILT,ALL,652,-8408,12762,311,34,-70,0.040,-0.513,0.779,18.963,2.073,-4.268,-2.443,0.202,-2.335,-2.347,12,19,OK
A,222228,TILT,ALL,604,-8366,12818,303,34,-70,0.037,-0.511,0.782,18.476,2.073,-4.268,-2.260,0.202,-2.330,-2.342,12,24,DMP_WAIT
A,222246,TILT,ALL,644,-8412,12896,302,35,-70,0.039,-0.513,0.787,18.415,2.134,-4.268,-2.395,0.202,-2.328,-2.340,12,18,DMP_WAIT
A,222265,TILT,ALL,652,-8342,12814,310,35,-70,0.040,-0.509,0.782,18.902,2.134,-4.268,-2.442,0.202,-2.326,-2.338,12,19,DMP_WAIT
A,222284,TILT,ALL,638,-8176,13018,318,33,-71,0.039,-0.499,0.795,19.390,2.012,-4.329,-2.377,0.200,-2.326,-2.338,12,19,OK
A,222308,TILT,ALL,636,-8028,13024,317,34,-70,0.039,-0.490,0.795,19.329,2.073,-4.268,-2.380,0.200,-2.324,-2.336,12,24,DMP_WAIT
A,222327,TILT,ALL,642,-7936,13144,314,35,-70,0.039,-0.484,0.802,19.146,2.134,-4.268,-2.394,0.200,-2.321,-2.333,12,19,DMP_WAIT
A,222346,TILT,ALL,660,-7868,13166,310,35,-69,0.040,-0.480,0.804,18.902,2.134,-4.207,-2.464,0.200,-2.320,-2.333,12,19,DMP_WAIT
A,222365,TILT,ALL,636,-7824,13238,309,34,-70,0.039,-0.478,0.808,18.841,2.073,-4.268,-2.368,0.199,-2.319,-2.331,12,19,OK
A,222388,TILT,ALL,686,-7796,13156,309,35,-70,0.042,-0.476,0.803,18.841,2.134,-4.268,-2.569,0.199,-2.319,-2.332,12,23,DMP_WAIT
A,222407,TILT,ALL,594,-7710,13348,314,35,-70,0.036,-0.471,0.815,19.146,2.134,-4.268,-2.207,0.199,-2.313,-2.326,12,19,DMP_WAIT
A,222426,TILT,ALL,588,-7558,13360,321,36,-71,0.036,-0.461,0.815,19.573,2.195,-4.329,-2.194,0.199,-2.306,-2.318,12,19,DMP_WAIT
A,222445,TILT,ALL,584,-7404,13416,325,36,-70,0.036,-0.452,0.819,19.817,2.195,-4.268,-2.183,0.196,-2.298,-2.311,12,19,OK
A,222469,TILT,ALL,630,-7356,13408,321,35,-70,0.038,-0.449,0.818,19.573,2.134,-4.268,-2.359,0.196,-2.295,-2.307,12,24,DMP_WAIT
A,222488,TILT,ALL,638,-7208,13474,319,35,-70,0.039,-0.440,0.822,19.451,2.134,-4.268,-2.391,0.196,-2.293,-2.306,12,19,DMP_WAIT
A,222506,TILT,ALL,694,-7206,13544,314,36,-70,0.042,-0.440,0.827,19.146,2.195,-4.268,-2.590,0.196,-2.294,-2.307,12,18,DMP_WAIT
A,222525,TILT,ALL,614,-7216,13590,315,37,-70,0.037,-0.440,0.829,19.207,2.256,-4.268,-2.285,0.193,-2.288,-2.301,12,19,OK
A,222549,TILT,ALL,582,-7130,13508,325,36,-70,0.036,-0.435,0.824,19.817,2.195,-4.268,-2.182,0.193,-2.280,-2.293,12,24,DMP_WAIT
A,222568,TILT,ALL,606,-7056,13578,339,35,-70,0.037,-0.431,0.829,20.671,2.134,-4.268,-2.268,0.193,-2.275,-2.289,11,19,DMP_WAIT
A,222587,TILT,ALL,638,-6990,13582,353,36,-71,0.039,-0.427,0.829,21.524,2.195,-4.329,-2.392,0.193,-2.273,-2.286,11,19,DMP_WAIT
A,222606,TILT,ALL,602,-6878,13662,368,36,-71,0.037,-0.420,0.834,22.439,2.195,-4.329,-2.254,0.189,-2.268,-2.281,11,19,OK
A,222630,TILT,ALL,624,-6728,13682,383,37,-72,0.038,-0.411,0.835,23.354,2.256,-4.390,-2.344,0.189,-2.261,-2.275,11,24,DMP_WAIT
A,222648,TILT,ALL,546,-6512,13802,398,36,-72,0.033,-0.397,0.842,24.268,2.195,-4.390,-2.049,0.189,-2.253,-2.266,11,18,DMP_WAIT
A,222667,TILT,ALL,672,-6256,13846,405,36,-71,0.041,-0.382,0.845,24.695,2.195,-4.329,-2.532,0.189,-2.253,-2.267,11,19,DMP_WAIT
A,222686,TILT,ALL,582,-6230,13868,404,36,-70,0.036,-0.380,0.846,24.634,2.195,-4.268,-2.192,0.186,-2.247,-2.261,11,19,OK
A,222710,TILT,ALL,588,-5852,14080,388,38,-70,0.036,-0.357,0.859,23.659,2.317,-4.268,-2.208,0.186,-2.237,-2.251,11,24,DMP_WAIT
A,222729,TILT,ALL,588,-5852,14080,388,38,-70,0.036,-0.357,0.859,23.659,2.317,-4.268,-2.208,0.186,-2.229,-2.243,11,19,DMP_WAIT
A,222748,TILT,ALL,572,-5678,14014,372,36,-70,0.035,-0.347,0.855,22.683,2.195,-4.268,-2.166,0.181,-2.223,-2.237,11,19,OK
A,222771,TILT,ALL,586,-5588,14108,342,37,-71,0.036,-0.341,0.861,20.854,2.256,-4.329,-2.212,0.181,-2.216,-2.230,11,23,DMP_WAIT
A,222790,TILT,ALL,568,-5750,14166,338,37,-70,0.035,-0.351,0.865,20.610,2.256,-4.268,-2.128,0.181,-2.208,-2.222,11,19,DMP_WAIT
A,222809,TILT,ALL,568,-5750,14166,338,37,-70,0.035,-0.351,0.865,20.610,2.256,-4.268,-2.128,0.181,-2.200,-2.214,11,19,DMP_WAIT
A,222828,TILT,ALL,578,-5560,14106,348,37,-71,0.035,-0.339,0.861,21.220,2.256,-4.329,-2.183,0.176,-2.194,-2.207,11,19,OK
A,222852,TILT,ALL,578,-5504,14150,356,36,-70,0.035,-0.336,0.864,21.707,2.195,-4.268,-2.180,0.176,-2.187,-2.201,11,24,DMP_WAIT
A,222871,TILT,ALL,556,-5328,14210,372,37,-71,0.034,-0.325,0.867,22.683,2.256,-4.329,-2.098,0.176,-2.179,-2.193,11,19,DMP_WAIT
A,222890,TILT,ALL,590,-5096,14360,390,36,-72,0.036,-0.311,0.876,23.780,2.195,-4.390,-2.217,0.176,-2.175,-2.189,11,19,DMP_WAIT
A,222908,TILT,ALL,590,-5096,14360,390,36,-72,0.036,-0.311,0.876,23.780,2.195,-4.390,-2.217,0.171,-2.171,-2.185,11,18,OK
A,222932,TILT,ALL,606,-4784,14420,395,36,-70,0.037,-0.292,0.880,24.085,2.195,-4.268,-2.284,0.171,-2.167,-2.181,11,24,DMP_WAIT
A,222951,TILT,ALL,590,-4770,14428,397,37,-71,0.036,-0.291,0.881,24.207,2.256,-4.329,-2.223,0.171,-2.163,-2.176,11,19,DMP_WAIT
A,222970,TILT,ALL,496,-4828,14404,407,37,-71,0.030,-0.295,0.879,24.817,2.256,-4.329,-1.870,0.171,-2.151,-2.164,11,19,DMP_WAIT
A,222989,TILT,ALL,496,-4828,14404,407,37,-71,0.030,-0.295,0.879,24.817,2.256,-4.329,-1.870,0.166,-2.139,-2.152,11,19,OK
A,223013,TILT,ALL,502,-4142,14516,437,36,-70,0.031,-0.253,0.886,26.646,2.195,-4.268,-1.905,0.166,-2.128,-2.140,11,24,DMP_WAIT
A,223032,TILT,ALL,670,-4028,14544,428,35,-71,0.041,-0.246,0.888,26.098,2.134,-4.329,-2.542,0.166,-2.133,-2.145,11,19,DMP_WAIT
A,223050,TILT,ALL,588,-3936,14720,419,35,-69,0.036,-0.240,0.898,25.549,2.134,-4.207,-2.210,0.166,-2.130,-2.143,11,18,DMP_WAIT
A,223069,TILT,ALL,592,-3642,14668,409,34,-69,0.036,-0.222,0.895,24.939,2.073,-4.207,-2.243,0.161,-2.130,-2.143,11,19,OK
A,223093,TILT,ALL,586,-3604,14666,395,33,-68,0.036,-0.220,0.895,24.085,2.012,-4.146,-2.222,0.161,-2.130,-2.143,11,24,DMP_WAIT
A,223112,TILT,ALL,644,-3558,14674,384,33,-69,0.039,-0.217,0.896,23.415,2.012,-4.207,-2.442,0.161,-2.135,-2.148,11,19,DMP_WAIT
A,223131,TILT,ALL,542,-3442,14730,377,36,-69,0.033,-0.210,0.899,22.988,2.195,-4.207,-2.052,0.161,-2.128,-2.142,11,19,DMP_WAIT
A,223150,TILT,ALL,540,-3228,14726,369,36,-69,0.033,-0.197,0.899,22.500,2.195,-4.207,-2.051,0.157,-2.122,-2.135,11,19,OK
A,223173,TILT,ALL,572,-3378,14798,357,36,-70,0.035,-0.206,0.903,21.768,2.195,-4.268,-2.158,0.157,-2.116,-2.130,11,23,DMP_WAIT
A,223192,TILT,ALL,582,-3386,14706,364,36,-70,0.036,-0.207,0.898,22.195,2.195,-4.268,-2.209,0.157,-2.113,-2.127,11,19,DMP_WAIT
A,223211,TILT,ALL,546,-3170,14690,382,35,-70,0.033,-0.193,0.897,23.293,2.134,-4.268,-2.081,0.157,-2.109,-2.122,11,19,DMP_WAIT
A,223230,TILT,ALL,592,-2820,14732,391,34,-70,0.036,-0.172,0.899,23.841,2.073,-4.268,-2.260,0.152,-2.109,-2.123,11,19,OK
A,223254,TILT,ALL,602,-2572,14852,381,35,-70,0.037,-0.157,0.906,23.232,2.134,-4.268,-2.287,0.152,-2.108,-2.122,11,24,DMP_WAIT
A,223273,TILT,ALL,586,-2452,14856,364,36,-72,0.036,-0.150,0.907,22.195,2.195,-4.390,-2.229,0.152,-2.106,-2.120,11,19,DMP_WAIT
A,223292,TILT,ALL,562,-2344,14914,345,36,-72,0.034,-0.143,0.910,21.037,2.195,-4.390,-2.132,0.152,-2.101,-2.116,11,19,DMP_WAIT
A,223310,TILT,ALL,566,-2398,14932,327,36,-72,0.035,-0.146,0.911,19.939,2.195,-4.390,-2.143,0.149,-2.097,-2.112,11,18,OK
A,223334,TILT,ALL,530,-2622,14896,320,36,-72,0.032,-0.160,0.909,19.512,2.195,-4.390,-2.007,0.149,-2.089,-2.104,11,24,DMP_WAIT
A,223353,TILT,ALL,546,-2558,14926,333,36,-70,0.033,-0.156,0.911,20.305,2.195,-4.268,-2.065,0.149,-2.084,-2.099,11,19,DMP_WAIT
A,223372,TILT,ALL,524,-2288,14898,350,36,-71,0.032,-0.140,0.909,21.341,2.195,-4.329,-1.991,0.149,-2.077,-2.092,11,19,DMP_WAIT
A,223391,TILT,ALL,550,-2146,14894,356,35,-70,0.034,-0.131,0.909,21.707,2.134,-4.268,-2.093,0.143,-2.074,-2.088,11,19,OK
A,223415,TILT,ALL,496,-1944,14960,362,35,-71,0.030,-0.119,0.913,22.073,2.134,-4.329,-1.883,0.143,-2.065,-2.079,11,24,DMP_WAIT
A,223433,TILT,ALL,548,-1696,14928,364,36,-71,0.033,-0.104,0.911,22.195,2.195,-4.329,-2.089,0.143,-2.061,-2.075,11,18,DMP_WAIT
A,223452,TILT,ALL,524,-1740,14936,357,35,-70,0.032,-0.106,0.912,21.768,2.134,-4.268,-1.996,0.143,-2.056,-2.070,11,19,DMP_WAIT
A,223471,TILT,ALL,572,-1766,14922,356,35,-71,0.035,-0.108,0.911,21.707,2.134,-4.329,-2.180,0.138,-2.054,-2.069,11,19,OK
A,223495,TILT,ALL,498,-1552,14952,367,35,-71,0.030,-0.095,0.913,22.378,2.134,-4.329,-1.897,0.138,-2.046,-2.061,11,24,DMP_WAIT
A,223514,TILT,ALL,554,-1294,15032,373,34,-71,0.034,-0.079,0.917,22.744,2.073,-4.329,-2.103,0.138,-2.045,-2.059,11,19,DMP_WAIT
A,223533,TILT,ALL,552,-1038,14984,364,34,-70,0.034,-0.063,0.915,22.195,2.073,-4.268,-2.105,0.138,-2.043,-2.058,11,19,DMP_WAIT
A,223552,TILT,ALL,526,-844,15058,343,34,-70,0.032,-0.052,0.919,20.915,2.073,-4.268,-1.997,0.134,-2.040,-2.054,11,19,OK
A,223575,TILT,ALL,472,-846,14996,317,35,-71,0.029,-0.052,0.915,19.329,2.134,-4.329,-1.800,0.134,-2.031,-2.044,12,23,DMP_WAIT
A,223594,TILT,ALL,538,-764,15042,293,35,-71,0.033,-0.047,0.918,17.866,2.134,-4.329,-2.046,0.134,-2.027,-2.041,12,19,DMP_WAIT
A,223613,TILT,ALL,498,-690,14976,276,34,-71,0.030,-0.042,0.914,16.829,2.073,-4.329,-1.903,0.134,-2.022,-2.035,12,19,DMP_WAIT
A,223632,TILT,ALL,484,-812,14986,261,34,-71,0.030,-0.050,0.915,15.915,2.073,-4.329,-1.847,0.128,-2.016,-2.029,12,19,OK
A,223655,TILT,ALL,654,-868,14896,260,34,-70,0.040,-0.053,0.909,15.854,2.073,-4.268,-2.510,0.128,-2.022,-2.036,12,23,DMP_WAIT
A,223674,TILT,ALL,568,-730,15018,271,36,-71,0.035,-0.045,0.917,16.524,2.195,-4.329,-2.163,0.128,-2.020,-2.034,12,19,DMP_WAIT
A,223693,TILT,ALL,476,-452,15032,279,35,-72,0.029,-0.028,0.917,17.012,2.134,-4.390,-1.813,0.128,-2.012,-2.026,12,19,DMP_WAIT
A,223712,TILT,ALL,498,-348,15018,272,34,-72,0.030,-0.021,0.917,16.585,2.073,-4.390,-1.899,0.124,-2.007,-2.021,12,19,OK
A,223735,TILT,ALL,580,-350,15022,258,34,-71,0.035,-0.021,0.917,15.732,2.073,-4.329,-2.210,0.124,-2.008,-2.022,12,23,DMP_WAIT
A,223754,TILT,ALL,528,-294,14996,254,34,-71,0.032,-0.018,0.915,15.488,2.073,-4.329,-2.016,0.124,-2.006,-2.020,12,19,DMP_WAIT
A,223773,TILT,ALL,464,-238,14996,251,35,-70,0.028,-0.015,0.915,15.305,2.134,-4.268,-1.772,0.124,-1.997,-2.011,12,19,DMP_WAIT
A,223792,TILT,ALL,492,-98,14956,248,33,-70,0.030,-0.006,0.913,15.122,2.012,-4.268,-1.884,0.119,-1.994,-2.007,12,19,OK
A,223815,TILT,ALL,494,90,15004,241,33,-69,0.030,0.005,0.916,14.695,2.012,-4.207,-1.886,0.119,-1.990,-2.002,12,23,DMP_WAIT
A,223834,TILT,ALL,546,54,15048,230,33,-68,0.033,0.003,0.918,14.024,2.012,-4.146,-2.078,0.119,-1.990,-2.003,12,19,DMP_WAIT
A,223852,TILT,ALL,534,60,15082,220,34,-70,0.033,0.004,0.921,13.415,2.073,-4.268,-2.028,0.119,-1.988,-2.001,12,18,DMP_WAIT
A,223871,TILT,ALL,524,12,15000,219,34,-69,0.032,0.001,0.916,13.354,2.073,-4.207,-2.001,0.114,-1.986,-1.998,12,19,OK
A,223894,TILT,ALL,506,146,15042,225,34,-68,0.031,0.009,0.918,13.720,2.073,-4.146,-1.927,0.114,-1.981,-1.994,12,23,DMP_WAIT
A,223913,TILT,ALL,506,268,15024,226,33,-69,0.031,0.016,0.917,13.780,2.012,-4.207,-1.929,0.114,-1.979,-1.991,12,19,DMP_WAIT
A,223931,TILT,ALL,512,338,14968,224,34,-68,0.031,0.021,0.914,13.659,2.073,-4.146,-1.959,0.114,-1.976,-1.988,12,18,DMP_WAIT
A,223950,TILT,ALL,508,670,15008,216,35,-69,0.031,0.041,0.916,13.171,2.134,-4.207,-1.937,0.108,-1.971,-1.983,12,19,OK
A,223973,TILT,ALL,502,472,14988,195,34,-69,0.031,0.029,0.915,11.890,2.073,-4.207,-1.917,0.108,-1.967,-1.979,12,23,DMP_WAIT
A,223992,TILT,ALL,472,318,15000,185,35,-70,0.029,0.019,0.916,11.280,2.134,-4.268,-1.802,0.108,-1.960,-1.971,12,19,DMP_WAIT
A,224010,TILT,ALL,610,502,14980,194,34,-70,0.037,0.031,0.914,11.829,2.073,-4.268,-2.331,0.108,-1.965,-1.977,12,18,DMP_WAIT
A,224029,TILT,ALL,556,748,14978,196,34,-69,0.034,0.046,0.914,11.951,2.073,-4.207,-2.123,0.103,-1.965,-1.977,12,19,OK
A,224053,TILT,ALL,526,774,14996,180,33,-69,0.032,0.047,0.915,10.976,2.012,-4.207,-2.006,0.103,-1.964,-1.976,12,24,DMP_WAIT
A,224071,TILT,ALL,528,550,14890,170,33,-69,0.032,0.034,0.909,10.366,2.012,-4.207,-2.029,0.103,-1.964,-1.976,12,18,DMP_WAIT
A,224090,TILT,ALL,464,396,14980,175,33,-69,0.028,0.024,0.914,10.671,2.012,-4.207,-1.774,0.103,-1.959,-1.970,12,19,DMP_WAIT
A,224108,TILT,ALL,536,438,14914,197,33,-69,0.033,0.027,0.910,12.012,2.012,-4.207,-2.057,0.099,-1.959,-1.971,12,18,OK
A,224132,TILT,ALL,534,662,14980,222,34,-70,0.033,0.040,0.914,13.537,2.073,-4.268,-2.040,0.099,-1.957,-1.969,12,24,DMP_WAIT
A,224150,TILT,ALL,510,768,14946,239,35,-70,0.031,0.047,0.912,14.573,2.134,-4.268,-1.952,0.099,-1.954,-1.966,12,18,DMP_WAIT
A,224169,TILT,ALL,482,988,14938,249,35,-70,0.029,0.060,0.912,15.183,2.134,-4.268,-1.844,0.099,-1.948,-1.959,12,19,DMP_WAIT
A,224188,TILT,ALL,464,1324,14978,250,34,-71,0.028,0.081,0.914,15.244,2.073,-4.329,-1.767,0.094,-1.941,-1.953,12,19,OK
A,224211,TILT,ALL,510,1322,15062,234,33,-69,0.031,0.081,0.919,14.268,2.012,-4.207,-1.932,0.094,-1.939,-1.951,12,23,DMP_WAIT
A,224230,TILT,ALL,536,1118,14920,217,34,-70,0.033,0.068,0.911,13.232,2.073,-4.268,-2.052,0.094,-1.939,-1.950,12,19,DMP_WAIT
A,224249,TILT,ALL,494,1082,15020,221,35,-70,0.030,0.066,0.917,13.476,2.134,-4.268,-1.879,0.094,-1.934,-1.945,12,19,DMP_WAIT
A,224267,TILT,ALL,494,1082,15020,221,35,-70,0.030,0.066,0.917,13.476,2.134,-4.268,-1.879,0.088,-1.929,-1.940,12,18,OK
A,224291,TILT,ALL,504,1334,14868,245,35,-68,0.031,0.081,0.907,14.939,2.134,-4.146,-1.934,0.088,-1.925,-1.935,12,24,DMP_WAIT
A,224309,TILT,ALL,510,1456,14926,250,35,-70,0.031,0.089,0.911,15.244,2.134,-4.268,-1.948,0.088,-1.921,-1.932,12,18,DMP_WAIT
A,224328,TILT,ALL,478,1508,14976,251,34,-69,0.029,0.092,0.914,15.305,2.073,-4.207,-1.819,0.088,-1.917,-1.927,12,19,DMP_WAIT
A,224347,TILT,ALL,478,1508,14976,251,34,-69,0.029,0.092,0.914,15.305,2.073,-4.207,-1.819,0.082,-1.912,-1.922,12,19,OK
A,224370,TILT,ALL,492,1658,14864,273,34,-69,0.030,0.101,0.907,16.646,2.073,-4.207,-1.884,0.082,-1.908,-1.918,12,23,DMP_WAIT
A,224389,TILT,ALL,492,1896,14888,278,35,-70,0.030,0.116,0.909,16.951,2.134,-4.268,-1.878,0.082,-1.904,-1.914,12,19,DMP_WAIT
A,224408,TILT,ALL,520,1982,14868,271,34,-72,0.032,0.121,0.907,16.524,2.073,-4.390,-1.986,0.082,-1.903,-1.913,12,19,DMP_WAIT
A,224426,TILT,ALL,520,1982,14868,271,34,-72,0.032,0.121,0.907,16.524,2.073,-4.390,-1.986,0.077,-1.902,-1.912,12,18,OK
A,224450,TILT,ALL,544,1916,14864,259,35,-73,0.033,0.117,0.907,15.793,2.134,-4.451,-2.079,0.077,-1.901,-1.911,12,24,DMP_WAIT
A,224469,TILT,ALL,526,1796,14784,271,36,-71,0.032,0.110,0.902,16.524,2.195,-4.329,-2.023,0.077,-1.898,-1.908,12,19,DMP_WAIT
A,224487,TILT,ALL,486,1876,14776,294,36,-71,0.030,0.115,0.902,17.927,2.195,-4.329,-1.869,0.077,-1.893,-1.903,12,18,DMP_WAIT
A,224506,TILT,ALL,486,1876,14776,294,36,-71,0.030,0.115,0.902,17.927,2.195,-4.329,-1.869,0.071,-1.888,-1.898,12,19,OK
A,224530,TILT,ALL,534,2566,14894,325,36,-72,0.033,0.157,0.909,19.817,2.195,-4.390,-2.024,0.071,-1.884,-1.894,12,24,DMP_WAIT
A,224548,TILT,ALL,488,2646,14768,313,36,-70,0.030,0.161,0.901,19.085,2.195,-4.268,-1.863,0.071,-1.879,-1.889,12,18,DMP_WAIT
A,224567,TILT,ALL,518,2572,14762,300,36,-69,0.032,0.157,0.901,18.293,2.195,-4.207,-1.980,0.071,-1.876,-1.886,12,19,DMP_WAIT
A,224586,TILT,ALL,518,2572,14762,300,36,-69,0.032,0.157,0.901,18.293,2.195,-4.207,-1.980,0.064,-1.873,-1.884,12,19,OK
A,224609,TILT,ALL,480,2594,14702,313,34,-70,0.029,0.158,0.897,19.085,2.073,-4.268,-1.842,0.064,-1.869,-1.880,12,23,DMP_WAIT
A,224628,TILT,ALL,520,2914,14730,328,34,-70,0.032,0.178,0.899,20.000,2.073,-4.268,-1.983,0.064,-1.869,-1.880,12,19,DMP_WAIT
A,224647,TILT,ALL,520,2914,14730,328,34,-70,0.032,0.178,0.899,20.000,2.073,-4.268,-1.983,0.064,-1.869,-1.879,12,19,DMP_WAIT
A,224665,TILT,ALL,498,3054,14728,326,34,-69,0.030,0.186,0.899,19.878,2.073,-4.207,-1.896,0.059,-1.867,-1.877,12,18,OK
A,224689,TILT,ALL,470,3046,14648,315,35,-71,0.029,0.186,0.894,19.207,2.134,-4.329,-1.799,0.059,-1.861,-1.871,12,24,DMP_WAIT
A,224708,TILT,ALL,466,3078,14590,325,35,-70,0.028,0.188,0.891,19.817,2.134,-4.268,-1.790,0.059,-1.855,-1.866,12,19,DMP_WAIT
A,224726,TILT,ALL,466,3078,14590,325,35,-70,0.028,0.188,0.891,19.817,2.134,-4.268,-1.790,0.059,-1.851,-1.861,12,18,DMP_WAIT
A,224745,TILT,ALL,508,3318,14602,341,34,-71,0.031,0.203,0.891,20.793,2.073,-4.329,-1.943,0.053,-1.850,-1.860,12,19,OK
A,224769,TILT,ALL,506,3742,14538,344,34,-72,0.031,0.228,0.887,20.976,2.073,-4.390,-1.931,0.053,-1.848,-1.859,12,24,DMP_WAIT
A,224787,TILT,ALL,476,3832,14498,335,34,-72,0.029,0.234,0.885,20.427,2.073,-4.390,-1.818,0.053,-1.845,-1.855,12,18,DMP_WAIT
A,224806,TILT,ALL,476,3832,14498,335,34,-72,0.029,0.234,0.885,20.427,2.073,-4.390,-1.818,0.053,-1.842,-1.852,12,19,DMP_WAIT
A,224825,TILT,ALL,518,3902,14494,328,35,-71,0.032,0.238,0.885,20.000,2.134,-4.329,-1.977,0.049,-1.841,-1.851,12,19,OK
A,224848,TILT,ALL,442,4154,14462,303,35,-71,0.027,0.254,0.883,18.476,2.134,-4.329,-1.683,0.049,-1.833,-1.843,12,23,DMP_WAIT
A,224867,TILT,ALL,454,4006,14394,293,34,-72,0.028,0.245,0.879,17.866,2.073,-4.390,-1.740,0.049,-1.828,-1.839,12,19,DMP_WAIT
A,224886,TILT,ALL,454,4006,14394,293,34,-72,0.028,0.245,0.879,17.866,2.073,-4.390,-1.740,0.049,-1.824,-1.834,12,19,DMP_WAIT
A,224904,TILT,ALL,460,3972,14384,299,32,-76,0.028,0.242,0.878,18.232,1.951,-4.634,-1.766,0.049,-1.822,-1.832,12,18,DMP_WAIT
A,224923,TILT,ALL,502,4112,14306,315,30,-81,0.031,0.251,0.873,19.207,1.829,-4.939,-1.932,0.047,-1.826,-1.837,12,19,OK
A,224946,TILT,ALL,570,4772,14240,305,32,-76,0.035,0.291,0.869,18.598,1.951,-4.634,-2.174,0.047,-1.833,-1.844,12,23,DMP_WAIT
A,224965,TILT,ALL,570,4772,14240,305,32,-76,0.035,0.291,0.869,18.598,1.951,-4.634,-2.174,0.047,-1.839,-1.851,12,19,DMP_WAIT
A,224984,TILT,ALL,468,4828,14364,277,34,-71,0.029,0.295,0.877,16.890,2.073,-4.329,-1.769,0.047,-1.835,-1.846,12,19,DMP_WAIT
A,225002,TILT,ALL,488,4914,14284,252,34,-68,0.030,0.300,0.872,15.366,2.073,-4.146,-1.850,0.047,-1.833,-1.844,12,18,OK
A,225026,TILT,ALL,390,4722,14212,230,34,-69,0.024,0.288,0.867,14.024,2.073,-4.207,-1.492,0.047,-1.823,-1.834,12,24,DMP_WAIT
A,225045,TILT,ALL,508,4638,14144,221,33,-70,0.031,0.283,0.863,13.476,2.012,-4.268,-1.955,0.047,-1.824,-1.835,12,19,DMP_WAIT
A,225063,TILT,ALL,464,4590,14172,225,34,-70,0.028,0.280,0.865,13.720,2.073,-4.268,-1.784,0.047,-1.821,-1.832,12,18,DMP_WAIT
A,225082,TILT,ALL,406,4814,14186,236,34,-72,0.025,0.294,0.866,14.390,2.073,-4.390,-1.552,0.042,-1.813,-1.823,12,19,OK
A,225106,TILT,ALL,516,5214,14072,238,31,-75,0.031,0.318,0.859,14.512,1.890,-4.573,-1.969,0.042,-1.817,-1.828,12,24,DMP_WAIT
A,225124,TILT,ALL,440,5400,14172,214,33,-71,0.027,0.330,0.865,13.049,2.012,-4.329,-1.662,0.042,-1.812,-1.823,12,18,DMP_WAIT
A,225143,TILT,ALL,434,5312,14094,177,33,-71,0.026,0.324,0.860,10.793,2.012,-4.329,-1.650,0.042,-1.807,-1.818,12,19,DMP_WAIT
A,225162,TILT,ALL,300,4958,14234,150,30,-75,0.018,0.303,0.869,9.146,1.829,-4.573,-1.140,0.040,-1.796,-1.805,12,19,OK
A,225185,TILT,ALL,458,4826,13966,162,26,-93,0.028,0.295,0.852,9.878,1.585,-5.671,-1.775,0.040,-1.803,-1.812,12,23,DMP_WAIT
A,225204,TILT,ALL,452,5282,14072,182,22,-108,0.028,0.322,0.859,11.098,1.341,-6.585,-1.722,0.040,-1.813,-1.821,12,19,DMP_WAIT
A,225223,TILT,ALL,528,5308,14118,161,23,-99,0.032,0.324,0.862,9.817,1.402,-6.037,-2.005,0.040,-1.826,-1.835,12,19,DMP_WAIT
A,225241,TILT,ALL,312,5184,13940,120,35,-70,0.019,0.316,0.851,7.317,2.134,-4.268,-1.202,0.052,-1.810,-1.818,12,18,OK
A,225265,TILT,ALL,498,5262,14100,111,32,-69,0.030,0.321,0.861,6.768,1.951,-4.207,-1.895,0.052,-1.811,-1.819,12,24,DMP_WAIT
A,225283,TILT,ALL,400,5124,13910,107,33,-69,0.024,0.313,0.849,6.524,2.012,-4.207,-1.546,0.052,-1.805,-1.812,12,18,DMP_WAIT
A,225302,TILT,ALL,520,4936,14034,116,31,-70,0.032,0.301,0.857,7.073,1.890,-4.268,-2.002,0.052,-1.809,-1.816,12,19,DMP_WAIT
A,225320,TILT,ALL,436,5074,13988,139,32,-71,0.027,0.310,0.854,8.476,1.951,-4.329,-1.678,0.047,-1.806,-1.813,12,18,OK
A,225344,TILT,ALL,514,5314,13976,160,33,-71,0.031,0.324,0.853,9.756,2.012,-4.329,-1.969,0.047,-1.808,-1.814,12,24,DMP_WAIT
A,225363,TILT,ALL,424,5486,13962,166,35,-70,0.026,0.335,0.852,10.122,2.134,-4.268,-1.619,0.047,-1.800,-1.806,12,19,DMP_WAIT
A,225381,TILT,ALL,418,5504,13894,161,33,-70,0.026,0.336,0.848,9.817,2.012,-4.268,-1.602,0.047,-1.795,-1.800,12,18,DMP_WAIT
A,225400,TILT,ALL,438,5504,13962,156,34,-70,0.027,0.336,0.852,9.512,2.073,-4.268,-1.672,0.041,-1.790,-1.794,12,19,OK
A,225423,TILT,ALL,466,5456,13922,154,34,-70,0.028,0.333,0.850,9.390,2.073,-4.268,-1.785,0.041,-1.786,-1.791,12,23,DMP_WAIT
A,225442,TILT,ALL,444,5460,13944,162,34,-71,0.027,0.333,0.851,9.878,2.073,-4.329,-1.698,0.041,-1.782,-1.786,12,19,DMP_WAIT
A,225460,TILT,ALL,382,5484,13898,169,34,-70,0.023,0.335,0.848,10.305,2.073,-4.268,-1.465,0.041,-1.773,-1.776,12,18,DMP_WAIT
A,225479,TILT,ALL,506,5618,13820,176,33,-69,0.031,0.343,0.844,10.732,2.012,-4.207,-1.943,0.034,-1.775,-1.778,12,19,OK
A,225503,TILT,ALL,406,5632,13908,181,34,-69,0.025,0.344,0.849,11.037,2.073,-4.207,-1.550,0.034,-1.767,-1.769,12,24,DMP_WAIT
A,225521,TILT,ALL,460,5722,13776,183,34,-69,0.028,0.349,0.841,11.159,2.073,-4.207,-1.766,0.034,-1.765,-1.766,12,18,DMP_WAIT
A,225540,TILT,ALL,424,5824,13808,184,34,-70,0.026,0.355,0.843,11.220,2.073,-4.268,-1.621,0.034,-1.759,-1.760,12,19,DMP_WAIT
A,225559,TILT,ALL,438,5926,13782,183,33,-70,0.027,0.362,0.841,11.159,2.012,-4.268,-1.672,0.027,-1.756,-1.757,12,19,OK
A,225582,TILT,ALL,436,5808,13784,179,33,-70,0.027,0.354,0.841,10.915,2.012,-4.268,-1.670,0.027,-1.752,-1.753,12,23,DMP_WAIT
A,225601,TILT,ALL,384,5774,13668,184,33,-71,0.023,0.352,0.834,11.220,2.012,-4.329,-1.482,0.027,-1.745,-1.745,11,19,DMP_WAIT
A,225620,TILT,ALL,490,5818,13700,198,34,-71,0.030,0.355,0.836,12.073,2.073,-4.329,-1.886,0.027,-1.745,-1.745,11,19,DMP_WAIT
A,225638,TILT,ALL,492,6038,13744,213,34,-70,0.030,0.369,0.839,12.988,2.073,-4.268,-1.877,0.021,-1.746,-1.745,11,18,OK
A,225662,TILT,ALL,484,6154,13698,216,34,-71,0.030,0.376,0.836,13.171,2.073,-4.329,-1.846,0.021,-1.744,-1.743,11,24,DMP_WAIT
A,225681,TILT,ALL,442,6262,13646,212,35,-71,0.027,0.382,0.833,12.927,2.134,-4.329,-1.686,0.021,-1.739,-1.738,11,19,DMP_WAIT
A,225699,TILT,ALL,408,6256,13608,207,34,-70,0.025,0.382,0.831,12.622,2.073,-4.268,-1.560,0.021,-1.733,-1.731,11,18,DMP_WAIT
A,225718,TILT,ALL,400,6126,13632,209,34,-70,0.024,0.374,0.832,12.744,2.073,-4.268,-1.533,0.016,-1.727,-1.724,11,19,OK
A,225742,TILT,ALL,400,6132,13522,220,34,-71,0.024,0.374,0.825,13.415,2.073,-4.329,-1.543,0.016,-1.719,-1.716,11,24,DMP_WAIT
A,225760,TILT,ALL,396,6362,13524,233,34,-70,0.024,0.388,0.825,14.207,2.073,-4.268,-1.518,0.016,-1.713,-1.709,11,18,DMP_WAIT
A,225779,TILT,ALL,386,6566,13478,240,34,-71,0.024,0.401,0.823,14.634,2.073,-4.329,-1.475,0.016,-1.706,-1.701,11,19,DMP_WAIT
A,225798,TILT,ALL,438,6736,13480,233,34,-71,0.027,0.411,0.823,14.207,2.073,-4.329,-1.665,0.008,-1.702,-1.697,11,19,OK
A,225821,TILT,ALL,446,6780,13430,218,34,-71,0.027,0.414,0.820,13.293,2.073,-4.329,-1.698,0.008,-1.699,-1.693,11,23,DMP_WAIT
A,225840,TILT,ALL,436,6700,13430,203,33,-70,0.027,0.409,0.820,12.378,2.012,-4.268,-1.664,0.008,-1.697,-1.690,11,19,DMP_WAIT
A,225859,TILT,ALL,408,6612,13378,196,33,-70,0.025,0.404,0.817,11.951,2.012,-4.268,-1.566,0.008,-1.692,-1.685,11,19,DMP_WAIT
A,225877,TILT,ALL,442,6604,13324,202,33,-70,0.027,0.403,0.813,12.317,2.012,-4.268,-1.702,0.002,-1.691,-1.684,11,18,OK
A,225901,TILT,ALL,402,6806,13318,215,34,-70,0.025,0.415,0.813,13.110,2.073,-4.268,-1.540,0.002,-1.685,-1.676,11,24,DMP_WAIT
A,225919,TILT,ALL,402,6902,13314,216,34,-70,0.025,0.421,0.813,13.171,2.073,-4.268,-1.535,0.002,-1.679,-1.670,11,18,DMP_WAIT
A,225938,TILT,ALL,488,6934,13302,214,33,-70,0.030,0.423,0.812,13.049,2.012,-4.268,-1.863,0.002,-1.681,-1.672,11,19,DMP_WAIT
A,225957,TILT,ALL,412,7118,13274,208,33,-71,0.025,0.434,0.810,12.683,2.012,-4.329,-1.567,-0.004,-1.678,-1.668,11,19,OK
A,225981,TILT,ALL,396,7274,13258,197,33,-71,0.024,0.444,0.809,12.012,2.012,-4.329,-1.500,-0.004,-1.672,-1.662,11,24,DMP_WAIT
A,225999,TILT,ALL,448,7298,13234,176,32,-69,0.027,0.445,0.808,10.732,1.951,-4.207,-1.698,-0.004,-1.672,-1.661,11,18,DMP_WAIT
A,226018,TILT,ALL,384,7316,13228,159,34,-70,0.023,0.447,0.807,9.695,2.073,-4.268,-1.455,-0.004,-1.665,-1.654,11,19,DMP_WAIT
A,226037,TILT,ALL,390,7236,13154,144,34,-70,0.024,0.442,0.803,8.780,2.073,-4.268,-1.488,-0.010,-1.659,-1.647,11,19,OK
A,226060,TILT,ALL,388,7136,13206,137,33,-70,0.024,0.436,0.806,8.354,2.012,-4.268,-1.481,-0.010,-1.654,-1.640,11,23,DMP_WAIT
A,226079,TILT,ALL,494,7016,13126,141,34,-70,0.030,0.428,0.801,8.598,2.073,-4.268,-1.901,-0.010,-1.656,-1.643,11,19,DMP_WAIT
A,226098,TILT,ALL,398,7078,13128,154,32,-70,0.024,0.432,0.801,9.390,1.951,-4.268,-1.529,-0.010,-1.653,-1.639,11,19,DMP_WAIT
A,226116,TILT,ALL,468,7160,13116,169,32,-70,0.029,0.437,0.801,10.305,1.951,-4.268,-1.794,-0.016,-1.655,-1.641,11,18,OK
A,226140,TILT,ALL,376,7354,13172,177,33,-71,0.023,0.449,0.804,10.793,2.012,-4.329,-1.428,-0.016,-1.649,-1.634,11,24,DMP_WAIT
A,226159,TILT,ALL,480,7522,13076,173,33,-71,0.029,0.459,0.798,10.549,2.012,-4.329,-1.822,-0.016,-1.651,-1.636,11,19,DMP_WAIT
A,226178,TILT,ALL,412,7500,13062,161,33,-70,0.025,0.458,0.797,9.817,2.012,-4.268,-1.567,-0.016,-1.648,-1.632,11,19,DMP_WAIT
A,226196,TILT,ALL,404,7442,12978,155,33,-70,0.025,0.454,0.792,9.451,2.012,-4.268,-1.547,-0.020,-1.644,-1.628,11,18,OK
A,226220,TILT,ALL,456,7450,12992,155,33,-71,0.028,0.455,0.793,9.451,2.012,-4.329,-1.744,-0.020,-1.644,-1.628,11,24,DMP_WAIT
A,226239,TILT,ALL,436,7592,12950,156,34,-70,0.027,0.463,0.790,9.512,2.073,-4.268,-1.664,-0.020,-1.642,-1.625,11,19,DMP_WAIT
A,226257,TILT,ALL,426,7526,12904,157,34,-70,0.026,0.459,0.788,9.573,2.073,-4.268,-1.633,-0.020,-1.639,-1.622,11,18,DMP_WAIT
A,226276,TILT,ALL,486,7620,12894,162,33,-71,0.030,0.465,0.787,9.878,2.012,-4.329,-1.859,-0.025,-1.642,-1.625,11,19,OK
A,226299,TILT,ALL,448,7642,12914,160,34,-70,0.027,0.466,0.788,9.756,2.073,-4.268,-1.710,-0.025,-1.640,-1.623,11,23,DMP_WAIT
A,226318,TILT,ALL,400,7748,12926,158,32,-70,0.024,0.473,0.789,9.634,1.951,-4.268,-1.520,-0.025,-1.638,-1.620,11,19,DMP_WAIT
A,226337,TILT,ALL,356,7798,12958,152,33,-70,0.022,0.476,0.791,9.268,2.012,-4.268,-1.348,-0.025,-1.630,-1.612,11,19,DMP_WAIT
A,226355,TILT,ALL,432,7880,12854,144,33,-70,0.026,0.481,0.785,8.780,2.012,-4.268,-1.641,-0.031,-1.629,-1.610,11,18,OK
A,226379,TILT,ALL,440,7852,12850,134,32,-70,0.027,0.479,0.784,8.171,1.951,-4.268,-1.674,-0.031,-1.630,-1.610,11,24,DMP_WAIT
A,226398,TILT,ALL,364,7780,12812,131,31,-71,0.022,0.475,0.782,7.988,1.890,-4.329,-1.391,-0.031,-1.625,-1.606,11,19,DMP_WAIT
A,226416,TILT,ALL,426,7680,12774,135,31,-70,0.026,0.469,0.780,8.232,1.890,-4.268,-1.637,-0.031,-1.626,-1.606,11,18,DMP_WAIT
A,226435,TILT,ALL,340,7718,12828,146,33,-71,0.021,0.471,0.783,8.902,2.012,-4.329,-1.301,-0.034,-1.618,-1.597,11,19,OK
A,226459,TILT,ALL,488,7910,12690,156,31,-71,0.030,0.483,0.775,9.512,1.890,-4.329,-1.869,-0.034,-1.624,-1.603,11,24,DMP_WAIT
A,226477,TILT,ALL,408,8148,12828,154,32,-71,0.025,0.497,0.783,9.390,1.951,-4.329,-1.538,-0.034,-1.622,-1.601,11,18,DMP_WAIT
A,226496,TILT,ALL,484,8346,12752,137,32,-71,0.030,0.509,0.778,8.354,1.951,-4.329,-1.819,-0.034,-1.626,-1.604,11,19,DMP_WAIT
A,226515,TILT,ALL,402,8196,12710,109,33,-71,0.025,0.500,0.776,6.646,2.012,-4.329,-1.523,-0.037,-1.622,-1.600,11,19,OK
A,226538,TILT,ALL,418,8078,12700,88,33,-70,0.026,0.493,0.775,5.366,2.012,-4.268,-1.591,-0.037,-1.620,-1.598,11,23,DMP_WAIT
A,226557,TILT,ALL,432,7878,12666,82,32,-69,0.026,0.481,0.773,5.000,1.951,-4.207,-1.659,-0.037,-1.620,-1.598,11,19,DMP_WAIT
A,226575,TILT,ALL,450,7910,12624,92,33,-70,0.027,0.483,0.771,5.610,2.012,-4.268,-1.730,-0.037,-1.621,-1.599,11,18,DMP_WAIT
A,226594,TILT,ALL,454,8078,12662,100,33,-69,0.028,0.493,0.773,6.098,2.012,-4.207,-1.731,-0.042,-1.622,-1.599,11,19,OK
A,226618,TILT,ALL,414,8100,12650,98,33,-70,0.025,0.494,0.772,5.976,2.012,-4.268,-1.579,-0.042,-1.619,-1.596,12,24,DMP_WAIT
A,226636,TILT,ALL,458,8096,12640,96,32,-69,0.028,0.494,0.771,5.854,1.951,-4.207,-1.748,-0.042,-1.621,-1.598,12,18,DMP_WAIT
A,226655,TILT,ALL,444,7978,12608,101,33,-69,0.027,0.487,0.770,6.159,2.012,-4.207,-1.705,-0.042,-1.621,-1.598,12,19,DMP_WAIT
A,226673,TILT,ALL,408,8002,12648,113,33,-69,0.025,0.488,0.772,6.890,2.012,-4.207,-1.562,-0.046,-1.619,-1.596,12,18,OK
A,226697,TILT,ALL,424,8020,12562,128,34,-68,0.026,0.490,0.767,7.805,2.073,-4.146,-1.630,-0.046,-1.615,-1.592,12,24,DMP_WAIT
A,226716,TILT,ALL,396,8162,12616,138,34,-67,0.024,0.498,0.770,8.415,2.073,-4.085,-1.510,-0.046,-1.611,-1.587,12,19,DMP_WAIT
A,226734,TILT,ALL,490,8220,12574,138,34,-69,0.030,0.502,0.767,8.415,2.073,-4.207,-1.868,-0.046,-1.613,-1.590,12,18,DMP_WAIT
A,226753,TILT,ALL,506,8184,12440,142,37,-65,0.031,0.500,0.759,8.659,2.256,-3.963,-1.946,-0.053,-1.614,-1.591,12,19,OK
A,226777,TILT,ALL,426,8358,12408,156,42,-54,0.026,0.510,0.757,9.512,2.561,-3.293,-1.631,-0.053,-1.599,-1.577,12,24,DMP_WAIT
A,226795,TILT,ALL,436,8420,12536,158,47,-46,0.027,0.514,0.765,9.634,2.866,-2.805,-1.654,-0.053,-1.584,-1.561,12,18,DMP_WAIT
A,226814,TILT,ALL,424,8322,12566,151,48,-46,0.026,0.508,0.767,9.207,2.927,-2.805,-1.611,-0.053,-1.566,-1.544,12,19,DMP_WAIT
A,226833,TILT,ALL,292,8412,12502,147,44,-53,0.018,0.513,0.763,8.963,2.683,-3.232,-1.110,-0.079,-1.543,-1.520,12,19,OK
A,226856,TILT,ALL,402,8640,12412,137,38,-63,0.025,0.527,0.758,8.354,2.317,-3.841,-1.523,-0.079,-1.534,-1.511,12,23,DMP_WAIT
A,226875,TILT,ALL,456,8656,12436,118,34,-68,0.028,0.528,0.759,7.195,2.073,-4.146,-1.724,-0.079,-1.535,-1.512,12,19,DMP_WAIT
A,226894,TILT,ALL,462,8322,12334,107,36,-64,0.028,0.508,0.753,6.524,2.195,-3.902,-1.778,-0.079,-1.535,-1.512,12,19,DMP_WAIT
A,226912,TILT,ALL,386,8388,12516,129,43,-55,0.024,0.512,0.764,7.866,2.622,-3.354,-1.468,-0.092,-1.521,-1.499,12,18,OK
A,226936,TILT,ALL,338,8652,12420,130,35,-66,0.021,0.528,0.758,7.927,2.134,-4.024,-1.279,-0.092,-1.512,-1.489,12,24,DMP_WAIT
A,226955,TILT,ALL,364,8604,12396,131,33,-70,0.022,0.525,0.757,7.988,2.012,-4.268,-1.382,-0.092,-1.508,-1.484,12,19,DMP_WAIT
A,226973,TILT,ALL,452,8604,12266,131,33,-69,0.028,0.525,0.749,7.988,2.012,-4.207,-1.728,-0.092,-1.510,-1.488,12,18,DMP_WAIT
A,226992,TILT,ALL,428,8822,12346,128,34,-70,0.026,0.538,0.754,7.805,2.073,-4.268,-1.616,-0.099,-1.510,-1.487,12,19,OK
A,227016,TILT,ALL,420,9054,12276,111,33,-70,0.026,0.553,0.749,6.768,2.012,-4.268,-1.577,-0.099,-1.509,-1.487,12,24,DMP_WAIT
A,227034,TILT,ALL,396,8768,12300,82,33,-70,0.024,0.535,0.751,5.000,2.012,-4.268,-1.502,-0.099,-1.508,-1.485,12,18,DMP_WAIT
A,227053,TILT,ALL,384,8390,12276,71,33,-70,0.023,0.512,0.749,4.329,2.012,-4.268,-1.479,-0.099,-1.506,-1.483,12,19,DMP_WAIT
A,227071,TILT,ALL,402,8384,12188,92,33,-69,0.025,0.512,0.744,5.610,2.012,-4.207,-1.557,-0.103,-1.505,-1.483,12,18,OK
A,227095,TILT,ALL,420,8836,12186,115,34,-71,0.026,0.539,0.744,7.012,2.073,-4.329,-1.598,-0.103,-1.504,-1.482,12,24,DMP_WAIT
A,227114,TILT,ALL,416,8942,12290,110,34,-70,0.025,0.546,0.750,6.707,2.073,-4.268,-1.568,-0.103,-1.502,-1.481,12,19,DMP_WAIT
A,227132,TILT,ALL,384,8766,12204,95,34,-69,0.023,0.535,0.745,5.793,2.073,-4.207,-1.464,-0.103,-1.499,-1.477,12,18,DMP_WAIT
A,227151,TILT,ALL,374,8662,12254,94,33,-68,0.023,0.529,0.748,5.732,2.012,-4.146,-1.428,-0.109,-1.496,-1.475,12,19,OK
A,227174,TILT,ALL,392,8808,12202,100,33,-70,0.024,0.538,0.745,6.098,2.012,-4.268,-1.492,-0.109,-1.494,-1.473,12,23,DMP_WAIT
A,227193,TILT,ALL,404,8858,12232,99,32,-69,0.025,0.541,0.747,6.037,1.951,-4.207,-1.532,-0.109,-1.495,-1.473,12,19,DMP_WAIT
A,227212,TILT,ALL,418,8764,12148,97,33,-69,0.026,0.535,0.741,5.915,2.012,-4.207,-1.598,-0.109,-1.495,-1.474,12,19,DMP_WAIT
A,227230,TILT,ALL,382,8744,12212,100,33,-70,0.023,0.534,0.745,6.098,2.012,-4.268,-1.457,-0.113,-1.493,-1.472,12,18,OK
A,227254,TILT,ALL,404,8698,12146,110,32,-69,0.025,0.531,0.741,6.707,1.951,-4.207,-1.549,-0.113,-1.494,-1.473,12,24,DMP_WAIT
A,227272,TILT,ALL,466,8920,12154,118,32,-70,0.028,0.544,0.742,7.195,1.951,-4.268,-1.770,-0.113,-1.499,-1.478,12,18,DMP_WAIT
A,227291,TILT,ALL,384,9028,12098,118,34,-70,0.023,0.551,0.738,7.195,2.073,-4.268,-1.457,-0.113,-1.495,-1.475,12,19,DMP_WAIT
A,227310,TILT,ALL,414,9050,12088,112,33,-70,0.025,0.552,0.738,6.829,2.012,-4.268,-1.570,-0.117,-1.495,-1.475,12,19,OK
A,227333,TILT,ALL,406,8980,12150,103,34,-69,0.025,0.548,0.742,6.280,2.073,-4.207,-1.539,-0.117,-1.493,-1.473,12,23,DMP_WAIT
A,227352,TILT,ALL,420,8954,11944,98,33,-70,0.026,0.547,0.729,5.976,2.012,-4.268,-1.612,-0.117,-1.494,-1.475,12,19,DMP_WAIT
A,227371,TILT,ALL,428,8852,12018,101,34,-69,0.026,0.540,0.734,6.159,2.073,-4.207,-1.642,-0.117,-1.494,-1.475,12,19,DMP_WAIT
A,227389,TILT,ALL,378,8748,12068,117,34,-69,0.023,0.534,0.737,7.134,2.073,-4.207,-1.453,-0.121,-1.491,-1.472,12,18,OK
A,227413,TILT,ALL,368,8982,12020,140,35,-70,0.022,0.548,0.734,8.537,2.134,-4.268,-1.405,-0.121,-1.484,-1.466,12,24,DMP_WAIT
A,227432,TILT,ALL,412,9294,11952,145,34,-71,0.025,0.567,0.729,8.841,2.073,-4.329,-1.559,-0.121,-1.483,-1.465,12,19,DMP_WAIT
A,227450,TILT,ALL,438,9312,11964,129,33,-70,0.027,0.568,0.730,7.866,2.012,-4.268,-1.655,-0.121,-1.485,-1.468,12,18,DMP_WAIT
A,227469,TILT,ALL,432,9080,11956,112,33,-69,0.026,0.554,0.730,6.829,2.012,-4.207,-1.648,-0.126,-1.487,-1.470,12,19,OK
A,227493,TILT,ALL,452,8886,11984,115,34,-70,0.028,0.542,0.731,7.012,2.073,-4.268,-1.735,-0.126,-1.488,-1.472,12,24,DMP_WAIT
A,227511,TILT,ALL,406,8984,11936,137,33,-69,0.025,0.548,0.729,8.354,2.012,-4.207,-1.557,-0.126,-1.488,-1.472,12,18,DMP_WAIT
A,227530,TILT,ALL,426,9282,11894,152,32,-70,0.026,0.567,0.726,9.268,1.951,-4.268,-1.617,-0.126,-1.491,-1.475,12,19,DMP_WAIT
A,227549,TILT,ALL,404,9494,11890,147,33,-70,0.025,0.579,0.726,8.963,2.012,-4.268,-1.521,-0.129,-1.490,-1.475,12,19,OK
A,227572,TILT,ALL,374,9348,11758,132,33,-70,0.023,0.571,0.718,8.049,2.012,-4.268,-1.426,-0.129,-1.487,-1.472,12,23,DMP_WAIT
A,227591,TILT,ALL,420,9274,11776,126,32,-70,0.026,0.566,0.719,7.683,1.951,-4.268,-1.605,-0.129,-1.489,-1.474,12,19,DMP_WAIT
A,227610,TILT,ALL,394,9224,11814,130,33,-70,0.024,0.563,0.721,7.927,2.012,-4.268,-1.506,-0.129,-1.487,-1.474,12,19,DMP_WAIT
A,227628,TILT,ALL,466,9318,11808,135,33,-70,0.028,0.569,0.721,8.232,2.012,-4.268,-1.774,-0.133,-1.492,-1.479,12,18,OK
A,227652,TILT,ALL,408,9442,11798,137,35,-69,0.025,0.576,0.720,8.354,2.134,-4.207,-1.547,-0.133,-1.488,-1.476,12,24,DMP_WAIT
A,227671,TILT,ALL,370,9374,11708,133,35,-70,0.023,0.572,0.715,8.110,2.134,-4.268,-1.413,-0.133,-1.483,-1.471,12,19,DMP_WAIT
A,227689,TILT,ALL,364,9412,11674,132,35,-70,0.022,0.574,0.713,8.049,2.134,-4.268,-1.391,-0.133,-1.477,-1.465,12,18,DMP_WAIT
A,227708,TILT,ALL,334,9458,11702,128,33,-71,0.020,0.577,0.714,7.805,2.012,-4.329,-1.272,-0.138,-1.472,-1.460,12,19,OK
A,227731,TILT,ALL,378,9468,11718,128,32,-71,0.023,0.578,0.715,7.805,1.951,-4.329,-1.437,-0.138,-1.470,-1.459,12,23,DMP_WAIT
A,227750,TILT,ALL,396,9594,11628,131,33,-71,0.024,0.586,0.710,7.988,2.012,-4.329,-1.505,-0.138,-1.470,-1.458,12,19,DMP_WAIT
A,227769,TILT,ALL,394,9826,11656,122,34,-70,0.024,0.600,0.711,7.439,2.073,-4.268,-1.480,-0.138,-1.467,-1.456,12,19,DMP_WAIT
A,227787,TILT,ALL,348,9692,11652,101,33,-70,0.021,0.592,0.711,6.159,2.012,-4.268,-1.315,-0.143,-1.463,-1.452,12,18,OK
A,227811,TILT,ALL,362,9470,11616,89,34,-70,0.022,0.578,0.709,5.427,2.073,-4.268,-1.384,-0.143,-1.458,-1.447,12,24,DMP_WAIT
A,227830,TILT,ALL,396,9612,11586,93,33,-71,0.024,0.587,0.707,5.671,2.012,-4.329,-1.507,-0.143,-1.457,-1.447,12,19,DMP_WAIT
A,227848,TILT,ALL,390,9722,11548,92,34,-71,0.024,0.593,0.705,5.610,2.073,-4.329,-1.480,-0.143,-1.455,-1.445,12,18,DMP_WAIT
A,227867,TILT,ALL,416,9660,11576,82,34,-71,0.025,0.590,0.707,5.000,2.073,-4.329,-1.580,-0.149,-1.455,-1.446,12,19,OK
A,227890,TILT,ALL,378,9530,11544,79,33,-70,0.023,0.582,0.705,4.817,2.012,-4.268,-1.446,-0.149,-1.453,-1.444,12,23,DMP_WAIT
A,227909,TILT,ALL,404,9576,11614,84,33,-70,0.025,0.584,0.709,5.122,2.012,-4.268,-1.537,-0.149,-1.453,-1.445,12,19,DMP_WAIT
A,227927,TILT,ALL,412,9596,11490,92,33,-71,0.025,0.586,0.701,5.610,2.012,-4.329,-1.576,-0.149,-1.454,-1.446,12,18,DMP_WAIT
A,227946,TILT,ALL,400,9594,11586,97,33,-71,0.024,0.586,0.707,5.915,2.012,-4.329,-1.523,-0.152,-1.454,-1.446,12,19,OK
A,227970,TILT,ALL,314,9764,11516,103,33,-71,0.019,0.596,0.703,6.280,2.012,-4.329,-1.191,-0.152,-1.447,-1.439,12,24,DMP_WAIT
A,227988,TILT,ALL,390,9730,11462,100,34,-69,0.024,0.594,0.700,6.098,2.073,-4.207,-1.486,-0.152,-1.445,-1.438,12,18,DMP_WAIT
A,228007,TILT,ALL,416,9690,11470,95,33,-70,0.025,0.591,0.700,5.793,2.012,-4.268,-1.587,-0.152,-1.446,-1.439,12,19,DMP_WAIT
A,228026,TILT,ALL,352,9814,11450,95,32,-69,0.021,0.599,0.699,5.793,1.951,-4.207,-1.337,-0.157,-1.444,-1.437,12,19,OK
A,228049,TILT,ALL,376,9750,11474,91,32,-70,0.023,0.595,0.700,5.549,1.951,-4.268,-1.430,-0.157,-1.443,-1.437,12,23,DMP_WAIT
A,228068,TILT,ALL,390,9670,11444,92,32,-69,0.024,0.590,0.698,5.610,1.951,-4.207,-1.491,-0.157,-1.444,-1.437,12,19,DMP_WAIT
A,228086,TILT,ALL,366,9768,11496,100,33,-69,0.022,0.596,0.702,6.098,2.012,-4.207,-1.390,-0.157,-1.441,-1.435,12,18,DMP_WAIT
A,228106,TILT,ALL,338,9798,11480,103,32,-70,0.021,0.598,0.701,6.280,1.951,-4.268,-1.283,-0.161,-1.438,-1.432,12,20,OK
A,228129,TILT,ALL,410,9828,11444,102,32,-70,0.025,0.600,0.698,6.220,1.951,-4.268,-1.557,-0.161,-1.440,-1.434,12,23,DMP_WAIT
A,228148,TILT,ALL,404,9894,11438,105,32,-69,0.025,0.604,0.698,6.402,1.951,-4.207,-1.530,-0.161,-1.441,-1.436,12,19,DMP_WAIT
A,228166,TILT,ALL,354,10032,11438,99,33,-70,0.022,0.612,0.698,6.037,2.012,-4.268,-1.333,-0.161,-1.437,-1.432,12,18,DMP_WAIT
A,228186,TILT,ALL,416,9996,11412,89,34,-70,0.025,0.610,0.697,5.427,2.073,-4.268,-1.571,-0.166,-1.437,-1.433,12,20,OK
A,228209,TILT,ALL,432,9984,11392,79,33,-69,0.026,0.609,0.695,4.817,2.012,-4.207,-1.634,-0.166,-1.439,-1.435,12,23,DMP_WAIT
A,228228,TILT,ALL,378,9836,11400,76,33,-70,0.023,0.600,0.696,4.634,2.012,-4.268,-1.438,-0.166,-1.438,-1.434,12,19,DMP_WAIT
A,228246,TILT,ALL,304,9818,11412,79,33,-70,0.019,0.599,0.697,4.817,2.012,-4.268,-1.157,-0.166,-1.431,-1.427,12,18,DMP_WAIT
A,228266,TILT,ALL,396,9932,11310,90,32,-70,0.024,0.606,0.690,5.488,1.951,-4.268,-1.507,-0.170,-1.432,-1.428,12,20,OK
A,228289,TILT,ALL,338,10090,11302,91,31,-69,0.021,0.616,0.690,5.549,1.890,-4.207,-1.278,-0.170,-1.430,-1.426,12,23,DMP_WAIT
A,228308,TILT,ALL,386,10244,11342,78,32,-70,0.024,0.625,0.692,4.756,1.951,-4.268,-1.447,-0.170,-1.430,-1.426,12,19,DMP_WAIT
A,228326,TILT,ALL,368,10240,11316,54,32,-70,0.022,0.625,0.691,3.293,1.951,-4.268,-1.381,-0.170,-1.428,-1.425,12,18,DMP_WAIT
A,228346,TILT,ALL,406,10114,11378,32,32,-69,0.025,0.617,0.694,1.951,1.951,-4.207,-1.528,-0.173,-1.430,-1.427,12,20,OK
A,228369,TILT,ALL,416,9998,11286,22,32,-70,0.025,0.610,0.689,1.341,1.951,-4.268,-1.580,-0.173,-1.432,-1.430,12,23,DMP_WAIT
A,228388,TILT,ALL,374,9930,11304,22,33,-69,0.023,0.606,0.690,1.341,2.012,-4.207,-1.424,-0.173,-1.431,-1.428,12,19,DMP_WAIT
A,228406,TILT,ALL,456,9928,11294,27,31,-69,0.028,0.606,0.689,1.646,1.890,-4.207,-1.737,-0.173,-1.438,-1.436,12,18,DMP_WAIT
A,228426,TILT,ALL,358,10048,11358,28,32,-69,0.022,0.613,0.693,1.707,1.951,-4.207,-1.352,-0.174,-1.435,-1.434,12,20,OK
A,228449,TILT,ALL,366,9998,11170,23,31,-69,0.022,0.610,0.682,1.402,1.890,-4.207,-1.399,-0.174,-1.436,-1.434,12,23,DMP_WAIT
A,228468,TILT,ALL,386,9966,11372,14,31,-69,0.024,0.608,0.694,0.854,1.890,-4.207,-1.462,-0.174,-1.437,-1.436,12,19,DMP_WAIT
A,228486,TILT,ALL,412,10020,11276,15,32,-68,0.025,0.612,0.688,0.915,1.951,-4.146,-1.564,-0.174,-1.439,-1.439,12,18,DMP_WAIT
A,228506,TILT,ALL,410,10050,11296,14,32,-69,0.025,0.613,0.689,0.854,1.951,-4.207,-1.553,-0.177,-1.441,-1.441,12,20,OK
A,228529,TILT,ALL,380,10018,11420,8,32,-69,0.023,0.611,0.697,0.488,1.951,-4.207,-1.433,-0.177,-1.440,-1.441,12,23,DMP_WAIT
A,228548,TILT,ALL,402,9938,11372,1,32,-69,0.025,0.607,0.694,0.061,1.951,-4.207,-1.525,-0.177,-1.442,-1.442,12,19,DMP_WAIT
A,228566,TILT,ALL,364,10048,11384,-4,32,-68,0.022,0.613,0.695,-0.244,1.951,-4.146,-1.373,-0.177,-1.440,-1.441,12,18,DMP_WAIT
A,228586,TILT,ALL,324,10026,11248,-14,31,-68,0.020,0.612,0.687,-0.854,1.890,-4.146,-1.232,-0.180,-1.437,-1.437,12,20,OK
A,228609,TILT,ALL,358,9940,11424,-31,31,-68,0.022,0.607,0.697,-1.890,1.890,-4.146,-1.354,-0.180,-1.436,-1.437,12,23,DMP_WAIT
A,228628,TILT,ALL,380,9800,11370,-36,30,-69,0.023,0.598,0.694,-2.195,1.829,-4.207,-1.450,-0.180,-1.438,-1.439,12,19,DMP_WAIT
A,228647,TILT,ALL,448,9744,11420,-32,30,-68,0.027,0.595,0.697,-1.951,1.829,-4.146,-1.709,-0.180,-1.445,-1.447,12,19,DMP_WAIT
A,228666,TILT,ALL,312,9928,11466,-25,32,-69,0.019,0.606,0.700,-1.524,1.951,-4.207,-1.178,-0.182,-1.440,-1.441,12,19,OK
A,228689,TILT,ALL,416,9852,11302,-26,32,-69,0.025,0.601,0.690,-1.585,1.951,-4.207,-1.589,-0.182,-1.442,-1.444,12,23,DMP_WAIT
A,228708,TILT,ALL,342,9884,11542,-43,31,-70,0.021,0.603,0.704,-2.622,1.890,-4.268,-1.289,-0.182,-1.440,-1.442,12,19,DMP_WAIT
A,228727,TILT,ALL,318,9774,11418,-57,31,-69,0.019,0.597,0.697,-3.476,1.890,-4.207,-1.212,-0.182,-1.436,-1.438,12,19,DMP_WAIT
A,228746,TILT,ALL,402,9880,11506,-66,31,-69,0.025,0.603,0.702,-4.024,1.890,-4.207,-1.518,-0.186,-1.438,-1.440,12,19,OK
A,228769,TILT,ALL,348,9894,11572,-78,31,-69,0.021,0.604,0.706,-4.756,1.890,-4.207,-1.309,-0.186,-1.437,-1.438,12,23,DMP_WAIT
A,228788,TILT,ALL,440,9772,11594,-92,30,-69,0.027,0.596,0.708,-5.610,1.829,-4.207,-1.662,-0.186,-1.443,-1.445,12,19,DMP_WAIT
A,228807,TILT,ALL,422,9794,11666,-99,30,-68,0.026,0.598,0.712,-6.037,1.829,-4.146,-1.587,-0.186,-1.448,-1.450,12,19,DMP_WAIT
A,228826,TILT,ALL,430,9806,11548,-107,29,-69,0.026,0.599,0.705,-6.524,1.768,-4.207,-1.626,-0.185,-1.454,-1.457,12,19,OK
A,228849,TILT,ALL,420,9750,11580,-121,30,-69,0.026,0.595,0.707,-7.378,1.829,-4.207,-1.589,-0.185,-1.459,-1.463,12,23,DMP_WAIT
A,228868,TILT,ALL,404,9650,11604,-135,30,-67,0.025,0.589,0.708,-8.232,1.829,-4.085,-1.533,-0.185,-1.463,-1.467,12,19,DMP_WAIT
A,228887,TILT,ALL,414,9538,11784,-146,30,-68,0.025,0.582,0.719,-8.902,1.829,-4.146,-1.564,-0.185,-1.467,-1.471,12,19,DMP_WAIT
A,228906,TILT,ALL,406,9526,11706,-153,30,-68,0.025,0.581,0.714,-9.329,1.829,-4.146,-1.541,-0.184,-1.470,-1.475,12,19,OK
A,228930,TILT,ALL,470,9602,11836,-165,29,-69,0.029,0.586,0.722,-10.061,1.768,-4.207,-1.766,-0.184,-1.480,-1.485,12,24,DMP_WAIT
A,228949,TILT,ALL,404,9626,11872,-186,30,-69,0.025,0.588,0.725,-11.341,1.829,-4.207,-1.514,-0.184,-1.482,-1.488,12,19,DMP_WAIT
A,228968,TILT,ALL,474,9474,11756,-210,29,-68,0.029,0.578,0.718,-12.805,1.768,-4.146,-1.798,-0.184,-1.492,-1.498,12,19,DMP_WAIT
A,228987,TILT,ALL,352,9086,12144,-227,29,-68,0.021,0.555,0.741,-13.841,1.768,-4.146,-1.330,-0.181,-1.491,-1.498,12,19,OK
A,229011,TILT,ALL,334,8828,11920,-221,29,-68,0.020,0.539,0.728,-13.476,1.768,-4.146,-1.290,-0.181,-1.491,-1.498,12,24,DMP_WAIT
A,229030,TILT,ALL,552,9006,12018,-201,28,-67,0.034,0.550,0.734,-12.256,1.707,-4.085,-2.105,-0.181,-1.508,-1.515,12,19,DMP_WAIT
A,229048,TILT,ALL,334,9186,12412,-192,29,-68,0.020,0.561,0.758,-11.707,1.768,-4.146,-1.239,-0.181,-1.505,-1.513,12,18,DMP_WAIT
A,229067,TILT,ALL,598,9098,11830,-198,29,-68,0.036,0.555,0.722,-12.073,1.768,-4.146,-2.295,-0.180,-1.524,-1.533,12,19,OK
A,229091,TILT,ALL,352,9082,12430,-215,28,-68,0.021,0.554,0.759,-13.110,1.707,-4.146,-1.310,-0.180,-1.525,-1.534,12,24,DMP_WAIT
A,229110,TILT,ALL,344,8772,12130,-232,27,-68,0.021,0.535,0.740,-14.146,1.646,-4.146,-1.316,-0.180,-1.526,-1.535,12,19,DMP_WAIT
A,229129,TILT,ALL,414,8500,12250,-242,27,-68,0.025,0.519,0.748,-14.756,1.646,-4.146,-1.590,-0.180,-1.533,-1.542,12,19,DMP_WAIT
A,229148,TILT,ALL,322,8310,12380,-233,28,-69,0.020,0.507,0.756,-14.207,1.707,-4.207,-1.237,-0.176,-1.531,-1.540,12,19,OK
A,229172,TILT,ALL,464,8280,12302,-212,29,-67,0.028,0.505,0.751,-12.927,1.768,-4.085,-1.792,-0.176,-1.540,-1.550,12,24,DMP_WAIT
A,229191,TILT,ALL,432,8454,12448,-197,30,-68,0.026,0.516,0.760,-12.012,1.829,-4.146,-1.644,-0.176,-1.544,-1.555,12,19,DMP_WAIT
A,229210,TILT,ALL,418,8434,12502,-195,30,-68,0.026,0.515,0.763,-11.890,1.829,-4.146,-1.588,-0.176,-1.547,-1.558,12,19,DMP_WAIT
A,229229,TILT,ALL,362,8336,12506,-198,30,-69,0.022,0.509,0.763,-12.073,1.829,-4.207,-1.380,-0.175,-1.545,-1.556,12,19,OK
A,229253,TILT,ALL,456,8172,12552,-203,28,-70,0.028,0.499,0.766,-12.378,1.707,-4.268,-1.744,-0.175,-1.554,-1.566,12,24,DMP_WAIT
A,229272,TILT,ALL,408,8072,12638,-202,28,-69,0.025,0.493,0.771,-12.317,1.707,-4.207,-1.558,-0.175,-1.559,-1.571,12,19,DMP_WAIT
A,229291,TILT,ALL,416,7970,12588,-194,29,-68,0.025,0.486,0.768,-11.829,1.768,-4.146,-1.599,-0.175,-1.563,-1.575,12,19,DMP_WAIT
A,229310,TILT,ALL,402,7994,12670,-181,29,-68,0.025,0.488,0.773,-11.037,1.768,-4.146,-1.537,-0.173,-1.565,-1.578,12,19,OK
A,229334,TILT,ALL,430,8190,12730,-180,29,-68,0.026,0.500,0.777,-10.976,1.768,-4.146,-1.627,-0.173,-1.570,-1.583,12,24,DMP_WAIT
A,229353,TILT,ALL,408,8206,12714,-199,30,-68,0.025,0.501,0.776,-12.134,1.829,-4.146,-1.544,-0.173,-1.571,-1.585,12,19,DMP_WAIT
A,229372,TILT,ALL,454,7928,12838,-225,29,-68,0.028,0.484,0.784,-13.720,1.768,-4.146,-1.723,-0.173,-1.578,-1.591,12,19,DMP_WAIT
A,229390,TILT,ALL,424,7754,12830,-239,29,-68,0.026,0.473,0.783,-14.573,1.768,-4.146,-1.620,-0.171,-1.581,-1.595,12,18,OK
A,229414,TILT,ALL,414,7648,12910,-239,30,-69,0.025,0.467,0.788,-14.573,1.829,-4.207,-1.580,-0.171,-1.584,-1.598,12,24,DMP_WAIT
A,229433,TILT,ALL,428,7640,13006,-239,29,-68,0.026,0.466,0.794,-14.573,1.768,-4.146,-1.625,-0.171,-1.587,-1.602,12,19,DMP_WAIT
A,229452,TILT,ALL,436,7504,12914,-244,31,-67,0.027,0.458,0.788,-14.878,1.890,-4.085,-1.672,-0.171,-1.590,-1.605,12,19,DMP_WAIT
A,229471,TILT,ALL,404,7406,13034,-247,31,-67,0.025,0.452,0.796,-15.061,1.890,-4.085,-1.544,-0.170,-1.590,-1.605,12,19,OK
A,229495,TILT,ALL,364,7418,13120,-248,30,-68,0.022,0.453,0.801,-15.122,1.829,-4.146,-1.383,-0.170,-1.588,-1.603,12,24,DMP_WAIT
A,229514,TILT,ALL,534,7288,13158,-253,29,-68,0.033,0.445,0.803,-15.427,1.768,-4.146,-2.033,-0.170,-1.600,-1.616,12,19,DMP_WAIT
A,229533,TILT,ALL,412,7150,13160,-260,30,-68,0.025,0.436,0.803,-15.854,1.829,-4.146,-1.576,-0.170,-1.601,-1.618,12,19,DMP_WAIT
A,229552,TILT,ALL,456,7086,13286,-264,29,-67,0.028,0.432,0.811,-16.098,1.768,-4.085,-1.735,-0.168,-1.607,-1.624,12,19,OK
A,229576,TILT,ALL,444,7018,13300,-267,30,-67,0.027,0.428,0.812,-16.280,1.829,-4.085,-1.691,-0.168,-1.611,-1.628,12,24,DMP_WAIT
A,229595,TILT,ALL,428,6800,13322,-272,28,-68,0.026,0.415,0.813,-16.585,1.707,-4.146,-1.639,-0.168,-1.616,-1.633,12,19,DMP_WAIT
A,229614,TILT,ALL,406,6722,13346,-271,29,-68,0.025,0.410,0.815,-16.524,1.768,-4.146,-1.556,-0.168,-1.618,-1.635,12,19,DMP_WAIT
A,229633,TILT,ALL,436,6756,13396,-269,28,-68,0.027,0.412,0.818,-16.402,1.707,-4.146,-1.665,-0.165,-1.623,-1.641,12,19,OK
A,229657,TILT,ALL,414,6750,13428,-277,28,-68,0.025,0.412,0.820,-16.890,1.707,-4.146,-1.578,-0.165,-1.627,-1.645,12,24,DMP_WAIT
A,229676,TILT,ALL,464,6642,13476,-289,29,-67,0.028,0.405,0.823,-17.622,1.768,-4.085,-1.769,-0.165,-1.633,-1.652,12,19,DMP_WAIT
A,229695,TILT,ALL,476,6448,13614,-303,28,-68,0.029,0.394,0.831,-18.476,1.707,-4.146,-1.810,-0.165,-1.641,-1.660,12,19,DMP_WAIT
A,229714,TILT,ALL,450,6192,13636,-312,29,-68,0.027,0.378,0.832,-19.024,1.768,-4.146,-1.721,-0.161,-1.645,-1.665,12,19,OK
A,229737,TILT,ALL,428,5998,13676,-313,29,-67,0.026,0.366,0.835,-19.085,1.768,-4.085,-1.642,-0.161,-1.649,-1.669,12,23,DMP_WAIT
A,229756,TILT,ALL,382,5854,13720,-305,28,-67,0.023,0.357,0.837,-18.598,1.707,-4.085,-1.467,-0.161,-1.649,-1.669,12,19,DMP_WAIT
A,229775,TILT,ALL,366,5712,13704,-292,29,-68,0.022,0.349,0.836,-17.805,1.768,-4.146,-1.412,-0.161,-1.648,-1.667,12,19,DMP_WAIT
A,229794,TILT,ALL,514,5700,13686,-277,28,-68,0.031,0.348,0.835,-16.890,1.707,-4.146,-1.986,-0.159,-1.659,-1.679,12,19,OK
A,229818,TILT,ALL,416,5720,13838,-266,28,-68,0.025,0.349,0.845,-16.220,1.707,-4.146,-1.591,-0.159,-1.662,-1.683,12,24,DMP_WAIT
A,229837,TILT,ALL,490,5754,13844,-268,28,-68,0.030,0.351,0.845,-16.341,1.707,-4.146,-1.872,-0.159,-1.671,-1.692,12,19,DMP_WAIT
A,229856,TILT,ALL,420,5682,14000,-279,29,-69,0.026,0.347,0.854,-17.012,1.768,-4.207,-1.592,-0.159,-1.672,-1.693,12,19,DMP_WAIT
A,229875,TILT,ALL,504,5462,13970,-295,28,-68,0.031,0.333,0.853,-17.988,1.707,-4.146,-1.924,-0.154,-1.681,-1.703,12,19,OK
A,229899,TILT,ALL,500,5226,13974,-300,28,-69,0.031,0.319,0.853,-18.293,1.707,-4.207,-1.919,-0.154,-1.691,-1.714,12,24,DMP_WAIT
A,229918,TILT,ALL,472,5126,14078,-298,30,-69,0.029,0.313,0.859,-18.171,1.829,-4.207,-1.804,-0.154,-1.696,-1.719,12,19,DMP_WAIT
A,229937,TILT,ALL,468,4936,14038,-292,29,-69,0.029,0.301,0.857,-17.805,1.768,-4.207,-1.801,-0.154,-1.701,-1.724,12,19,DMP_WAIT
A,229956,TILT,ALL,534,4822,14094,-284,29,-69,0.033,0.294,0.860,-17.317,1.768,-4.207,-2.053,-0.148,-1.711,-1.735,12,19,OK
A,229980,TILT,ALL,466,4664,14150,-263,29,-69,0.028,0.285,0.864,-16.037,1.768,-4.207,-1.791,-0.148,-1.716,-1.741,12,24,DMP_WAIT
A,229999,TILT,ALL,466,4664,14150,-263,29,-69,0.028,0.285,0.864,-16.037,1.768,-4.207,-1.791,-0.148,-1.721,-1.746,12,19,DMP_WAIT
A,230018,TILT,ALL,460,4684,14222,-256,30,-70,0.028,0.286,0.868,-15.610,1.829,-4.268,-1.760,-0.143,-1.723,-1.749,12,19,OK
A,230042,TILT,ALL,488,4426,14310,-246,31,-70,0.030,0.270,0.873,-15.000,1.890,-4.268,-1.866,-0.143,-1.727,-1.754,12,24,DMP_WAIT
A,230061,TILT,ALL,500,4250,14322,-242,30,-69,0.031,0.259,0.874,-14.756,1.829,-4.207,-1.917,-0.143,-1.733,-1.760,12,19,DMP_WAIT
A,230079,TILT,ALL,482,4230,14336,-234,30,-68,0.029,0.258,0.875,-14.268,1.829,-4.146,-1.847,-0.143,-1.737,-1.764,12,18,DMP_WAIT
A,230098,TILT,ALL,482,4230,14336,-234,30,-68,0.029,0.258,0.875,-14.268,1.829,-4.146,-1.847,-0.140,-1.741,-1.769,12,19,OK
A,230122,TILT,ALL,472,4430,14408,-239,31,-68,0.029,0.270,0.879,-14.573,1.890,-4.146,-1.794,-0.140,-1.743,-1.772,12,24,DMP_WAIT
A,230141,TILT,ALL,460,4384,14434,-263,31,-68,0.028,0.268,0.881,-16.037,1.890,-4.146,-1.747,-0.140,-1.744,-1.773,12,19,DMP_WAIT
A,230160,TILT,ALL,400,4090,14480,-287,30,-68,0.024,0.250,0.884,-17.500,1.829,-4.146,-1.523,-0.140,-1.741,-1.770,12,19,DMP_WAIT
A,230179,TILT,ALL,450,3690,14454,-304,29,-67,0.027,0.225,0.882,-18.537,1.768,-4.085,-1.728,-0.138,-1.744,-1.773,12,19,OK
A,230203,TILT,ALL,436,3622,14578,-300,30,-69,0.027,0.221,0.890,-18.293,1.829,-4.207,-1.663,-0.138,-1.745,-1.774,12,24,DMP_WAIT
A,230222,TILT,ALL,474,3602,14586,-292,29,-70,0.029,0.220,0.890,-17.805,1.768,-4.268,-1.807,-0.138,-1.749,-1.779,12,19,DMP_WAIT
A,230241,TILT,ALL,398,3486,14536,-290,30,-69,0.024,0.213,0.887,-17.683,1.829,-4.207,-1.525,-0.138,-1.746,-1.776,12,19,DMP_WAIT
A,230260,TILT,ALL,478,3294,14554,-292,28,-69,0.029,0.201,0.888,-17.805,1.707,-4.207,-1.835,-0.135,-1.752,-1.782,12,19,OK
A,230284,TILT,ALL,500,3056,14624,-287,29,-69,0.031,0.187,0.893,-17.500,1.768,-4.207,-1.917,-0.135,-1.760,-1.790,12,24,DMP_WAIT
A,230303,TILT,ALL,470,2978,14628,-273,29,-68,0.029,0.182,0.893,-16.646,1.768,-4.146,-1.803,-0.135,-1.763,-1.794,12,19,DMP_WAIT
A,230322,TILT,ALL,464,2912,14620,-256,29,-68,0.028,0.178,0.892,-15.610,1.768,-4.146,-1.783,-0.135,-1.767,-1.798,12,19,DMP_WAIT
A,230341,TILT,ALL,528,3016,14714,-246,28,-68,0.032,0.184,0.898,-15.000,1.707,-4.146,-2.013,-0.131,-1.776,-1.807,12,19,OK
A,230365,TILT,ALL,506,3082,14718,-248,29,-69,0.031,0.188,0.898,-15.122,1.768,-4.207,-1.927,-0.131,-1.783,-1.815,12,24,DMP_WAIT
A,230384,TILT,ALL,526,3140,14760,-266,29,-69,0.032,0.192,0.901,-16.220,1.768,-4.207,-1.996,-0.131,-1.790,-1.823,12,19,DMP_WAIT
A,230403,TILT,ALL,448,2972,14680,-297,28,-68,0.027,0.181,0.896,-18.110,1.707,-4.146,-1.713,-0.131,-1.793,-1.825,12,19,DMP_WAIT
A,230421,TILT,ALL,450,2526,14774,-324,28,-69,0.027,0.154,0.902,-19.756,1.707,-4.207,-1.720,-0.124,-1.795,-1.828,12,18,OK
A,230445,TILT,ALL,462,2166,14744,-328,28,-70,0.028,0.132,0.900,-20.000,1.707,-4.268,-1.776,-0.124,-1.800,-1.833,12,24,DMP_WAIT
A,230464,TILT,ALL,558,2400,14822,-313,28,-69,0.034,0.146,0.905,-19.085,1.707,-4.207,-2.128,-0.124,-1.811,-1.845,12,19,DMP_WAIT
A,230483,TILT,ALL,490,2060,14768,-308,28,-69,0.030,0.126,0.901,-18.780,1.707,-4.207,-1.882,-0.124,-1.816,-1.850,12,19,DMP_WAIT
A,230502,TILT,ALL,548,2028,14824,-303,29,-68,0.033,0.124,0.905,-18.476,1.768,-4.146,-2.098,-0.118,-1.825,-1.860,12,19,OK
A,230526,TILT,ALL,496,1850,14834,-298,29,-67,0.030,0.113,0.905,-18.171,1.768,-4.085,-1.900,-0.118,-1.830,-1.866,12,24,DMP_WAIT
A,230545,TILT,ALL,496,1612,14880,-293,28,-67,0.030,0.098,0.908,-17.866,1.707,-4.085,-1.898,-0.118,-1.836,-1.872,12,19,DMP_WAIT
A,230564,TILT,ALL,492,1506,14804,-280,28,-68,0.030,0.092,0.904,-17.073,1.707,-4.146,-1.894,-0.118,-1.841,-1.877,12,19,DMP_WAIT
A,230583,TILT,ALL,520,1442,14878,-263,28,-69,0.032,0.088,0.908,-16.037,1.707,-4.207,-1.992,-0.112,-1.848,-1.885,12,19,OK
A,230607,TILT,ALL,494,1342,14846,-247,27,-68,0.030,0.082,0.906,-15.061,1.646,-4.146,-1.898,-0.112,-1.856,-1.893,12,24,DMP_WAIT
A,230626,TILT,ALL,508,1436,14952,-235,28,-67,0.031,0.088,0.913,-14.329,1.707,-4.085,-1.937,-0.112,-1.862,-1.899,12,19,DMP_WAIT
A,230645,TILT,ALL,508,1324,14920,-234,29,-68,0.031,0.081,0.911,-14.268,1.768,-4.146,-1.942,-0.112,-1.866,-1.904,11,19,DMP_WAIT
A,230664,TILT,ALL,550,1110,14958,-233,28,-68,0.034,0.068,0.913,-14.207,1.707,-4.146,-2.100,-0.105,-1.875,-1.914,11,19,OK
A,230688,TILT,ALL,510,1204,14972,-226,29,-69,0.031,0.073,0.914,-13.780,1.768,-4.207,-1.945,-0.105,-1.880,-1.920,11,24,DMP_WAIT
A,230707,TILT,ALL,510,1080,14938,-225,29,-70,0.031,0.066,0.912,-13.720,1.768,-4.268,-1.950,-0.105,-1.885,-1.924,11,19,DMP_WAIT
A,230726,TILT,ALL,518,772,14932,-229,28,-69,0.032,0.047,0.911,-13.963,1.707,-4.207,-1.984,-0.105,-1.891,-1.931,11,19,DMP_WAIT
A,230744,TILT,ALL,498,694,14956,-219,29,-70,0.030,0.042,0.913,-13.354,1.768,-4.268,-1.905,-0.098,-1.894,-1.934,11,18,OK
A,230768,TILT,ALL,532,532,15030,-200,30,-69,0.032,0.032,0.917,-12.195,1.829,-4.207,-2.026,-0.098,-1.899,-1.940,11,24,DMP_WAIT
A,230787,TILT,ALL,492,658,14982,-179,30,-69,0.030,0.040,0.914,-10.915,1.829,-4.207,-1.879,-0.098,-1.901,-1.942,11,19,DMP_WAIT
A,230806,TILT,ALL,508,650,14938,-172,30,-69,0.031,0.040,0.912,-10.488,1.829,-4.207,-1.946,-0.098,-1.903,-1.945,11,19,DMP_WAIT
A,230825,TILT,ALL,546,412,15030,-166,29,-69,0.033,0.025,0.917,-10.122,1.768,-4.207,-2.080,-0.094,-1.910,-1.952,11,19,OK
A,230849,TILT,ALL,526,314,15012,-154,30,-69,0.032,0.019,0.916,-9.390,1.829,-4.207,-2.006,-0.094,-1.914,-1.957,11,24,DMP_WAIT
A,230867,TILT,ALL,554,368,15026,-139,30,-69,0.034,0.022,0.917,-8.476,1.829,-4.207,-2.111,-0.094,-1.920,-1.963,11,18,DMP_WAIT
A,230886,TILT,ALL,510,432,15068,-132,31,-69,0.031,0.026,0.920,-8.049,1.890,-4.207,-1.938,-0.094,-1.921,-1.964,11,19,DMP_WAIT
A,230905,TILT,ALL,518,262,15024,-135,31,-70,0.032,0.016,0.917,-8.232,1.890,-4.268,-1.974,-0.088,-1.923,-1.966,11,19,OK
A,230929,TILT,ALL,436,-10,14950,-131,31,-70,0.027,-0.001,0.912,-7.988,1.890,-4.268,-1.670,-0.088,-1.919,-1.962,11,24,DMP_WAIT
A,230947,TILT,ALL,494,-62,14918,-110,30,-70,0.030,-0.004,0.911,-6.707,1.829,-4.268,-1.897,-0.088,-1.920,-1.964,11,18,DMP_WAIT
A,230966,TILT,ALL,490,156,14952,-88,30,-70,0.030,0.010,0.913,-5.366,1.829,-4.268,-1.877,-0.088,-1.921,-1.965,11,19,DMP_WAIT
A,230985,TILT,ALL,538,290,15022,-86,30,-70,0.033,0.018,0.917,-5.244,1.829,-4.268,-2.051,-0.085,-1.926,-1.970,11,19,OK
A,231009,TILT,ALL,498,306,15012,-98,31,-70,0.030,0.019,0.916,-5.976,1.890,-4.268,-1.900,-0.085,-1.926,-1.971,11,24,DMP_WAIT
A,231027,TILT,ALL,474,146,15032,-116,31,-70,0.029,0.009,0.917,-7.073,1.890,-4.268,-1.806,-0.085,-1.924,-1.969,11,18,DMP_WAIT
A,231046,TILT,ALL,568,-150,15048,-125,30,-69,0.035,-0.009,0.918,-7.622,1.829,-4.207,-2.162,-0.085,-1.931,-1.976,11,19,DMP_WAIT
A,231065,TILT,ALL,506,-172,15012,-117,30,-68,0.031,-0.010,0.916,-7.134,1.829,-4.146,-1.930,-0.081,-1.933,-1.978,11,19,OK
A,231089,TILT,ALL,522,-140,15028,-107,32,-69,0.032,-0.009,0.917,-6.524,1.951,-4.207,-1.989,-0.081,-1.934,-1.979,11,24,DMP_WAIT
A,231108,TILT,ALL,498,-10,15036,-105,31,-69,0.030,-0.001,0.918,-6.402,1.890,-4.207,-1.897,-0.081,-1.934,-1.979,11,19,DMP_WAIT
A,231127,TILT,ALL,488,-64,15040,-115,31,-69,0.030,-0.004,0.918,-7.012,1.890,-4.207,-1.858,-0.081,-1.933,-1.978,11,19,DMP_WAIT
A,231146,TILT,ALL,504,-100,15030,-128,29,-69,0.031,-0.006,0.917,-7.805,1.768,-4.207,-1.921,-0.078,-1.936,-1.981,11,19,OK
A,231169,TILT,ALL,494,-182,15090,-140,30,-70,0.030,-0.011,0.921,-8.537,1.829,-4.268,-1.875,-0.078,-1.937,-1.982,11,23,DMP_WAIT
A,231188,TILT,ALL,550,-414,14998,-151,29,-69,0.034,-0.025,0.915,-9.207,1.768,-4.207,-2.099,-0.078,-1.943,-1.989,11,19,DMP_WAIT
A,231207,TILT,ALL,540,-614,14984,-151,29,-68,0.033,-0.037,0.915,-9.207,1.768,-4.146,-2.062,-0.078,-1.948,-1.994,11,19,DMP_WAIT
A,231226,TILT,ALL,510,-606,15034,-141,29,-67,0.031,-0.037,0.918,-8.598,1.768,-4.085,-1.941,-0.073,-1.951,-1.997,11,19,OK
A,231250,TILT,ALL,534,-466,15078,-136,29,-68,0.033,-0.028,0.920,-8.293,1.768,-4.146,-2.027,-0.073,-1.957,-2.003,11,24,DMP_WAIT
A,231269,TILT,ALL,534,-396,15072,-148,30,-68,0.033,-0.024,0.920,-9.024,1.829,-4.146,-2.028,-0.073,-1.960,-2.006,11,19,DMP_WAIT
A,231288,TILT,ALL,502,-594,15042,-173,30,-69,0.031,-0.036,0.918,-10.549,1.829,-4.207,-1.910,-0.073,-1.961,-2.007,11,19,DMP_WAIT
A,231307,TILT,ALL,518,-980,14976,-185,30,-69,0.032,-0.060,0.914,-11.280,1.829,-4.207,-1.977,-0.069,-1.963,-2.009,11,19,OK
A,231331,TILT,ALL,578,-1180,14974,-173,29,-68,0.035,-0.072,0.914,-10.549,1.768,-4.146,-2.204,-0.069,-1.972,-2.019,11,24,DMP_WAIT
A,231350,TILT,ALL,484,-1290,14978,-149,30,-69,0.030,-0.079,0.914,-9.085,1.829,-4.207,-1.844,-0.069,-1.971,-2.018,11,19,DMP_WAIT
A,231369,TILT,ALL,520,-1078,14964,-121,31,-70,0.032,-0.066,0.913,-7.378,1.890,-4.268,-1.985,-0.069,-1.972,-2.019,11,19,DMP_WAIT
A,231388,TILT,ALL,522,-1004,15020,-110,31,-69,0.032,-0.061,0.917,-6.707,1.890,-4.207,-1.986,-0.064,-1.973,-2.020,11,19,OK
A,231412,TILT,ALL,514,-898,15088,-113,29,-68,0.031,-0.055,0.921,-6.890,1.768,-4.146,-1.948,-0.064,-1.976,-2.023,11,24,DMP_WAIT
A,231431,TILT,ALL,584,-972,14988,-130,29,-68,0.036,-0.059,0.915,-7.927,1.768,-4.146,-2.227,-0.064,-1.984,-2.032,11,19,DMP_WAIT
A,231450,TILT,ALL,558,-1210,14998,-149,30,-69,0.034,-0.074,0.915,-9.085,1.829,-4.207,-2.124,-0.064,-1.989,-2.037,11,19,DMP_WAIT
A,231469,TILT,ALL,488,-1322,14928,-152,31,-69,0.030,-0.081,0.911,-9.268,1.890,-4.207,-1.865,-0.059,-1.987,-2.035,11,19,OK
A,231493,TILT,ALL,550,-1218,15034,-153,31,-69,0.034,-0.074,0.918,-9.329,1.890,-4.207,-2.088,-0.059,-1.990,-2.038,11,24,DMP_WAIT
A,231512,TILT,ALL,548,-1282,15046,-160,30,-69,0.033,-0.078,0.918,-9.756,1.829,-4.207,-2.078,-0.059,-1.994,-2.042,11,19,DMP_WAIT
A,231532,TILT,ALL,564,-1506,14956,-174,31,-69,0.034,-0.092,0.913,-10.610,1.890,-4.207,-2.149,-0.059,-1.998,-2.046,11,20,DMP_WAIT
A,231551,TILT,ALL,578,-1660,14932,-176,31,-68,0.035,-0.101,0.911,-10.732,1.890,-4.146,-2.203,-0.055,-2.003,-2.051,11,19,OK
A,231575,TILT,ALL,520,-1562,14932,-173,31,-69,0.032,-0.095,0.911,-10.549,1.890,-4.207,-1.984,-0.055,-2.003,-2.052,11,24,DMP_WAIT
A,231594,TILT,ALL,550,-1536,15004,-176,30,-70,0.034,-0.094,0.916,-10.732,1.829,-4.268,-2.088,-0.055,-2.007,-2.056,11,19,DMP_WAIT
A,231613,TILT,ALL,468,-1660,14976,-190,30,-73,0.029,-0.101,0.914,-11.585,1.829,-4.451,-1.779,-0.055,-2.004,-2.053,11,19,DMP_WAIT
A,231632,TILT,ALL,574,-1886,14898,-210,31,-84,0.035,-0.115,0.909,-12.805,1.890,-5.122,-2.189,-0.049,-2.009,-2.057,11,19,OK
A,231656,TILT,ALL,588,-1980,14958,-227,32,-97,0.036,-0.121,0.913,-13.841,1.951,-5.915,-2.232,-0.049,-2.013,-2.062,12,24,DMP_WAIT
A,231675,TILT,ALL,570,-1942,14902,-234,34,-103,0.035,-0.119,0.910,-14.268,2.073,-6.280,-2.172,-0.049,-2.013,-2.063,12,19,DMP_WAIT
A,231695,TILT,ALL,572,-2060,14922,-235,34,-98,0.035,-0.126,0.911,-14.329,2.073,-5.976,-2.175,-0.030,-2.013,-2.064,12,20,OK
A,231719,TILT,ALL,586,-2404,14834,-236,32,-84,0.036,-0.147,0.905,-14.390,1.951,-5.122,-2.233,-0.030,-2.017,-2.068,12,24,DMP_WAIT
A,231738,TILT,ALL,572,-2330,14828,-225,29,-69,0.035,-0.142,0.905,-13.720,1.768,-4.207,-2.182,-0.030,-2.024,-2.075,12,19,DMP_WAIT
A,231757,TILT,ALL,552,-2610,14830,-228,28,-68,0.034,-0.159,0.905,-13.902,1.707,-4.146,-2.099,-0.030,-2.029,-2.081,12,19,DMP_WAIT
A,231776,TILT,ALL,552,-2610,14830,-228,28,-68,0.034,-0.159,0.905,-13.902,1.707,-4.146,-2.099,-0.022,-2.035,-2.087,12,19,OK
A,231800,TILT,ALL,570,-2742,14826,-210,30,-68,0.035,-0.167,0.905,-12.805,1.829,-4.146,-2.165,-0.022,-2.040,-2.092,12,24,DMP_WAIT
A,231819,TILT,ALL,532,-2758,14870,-205,29,-68,0.032,-0.168,0.908,-12.500,1.768,-4.146,-2.015,-0.022,-2.042,-2.095,12,19,DMP_WAIT
A,231839,TILT,ALL,576,-2804,14778,-206,30,-69,0.035,-0.171,0.902,-12.561,1.829,-4.207,-2.193,-0.022,-2.047,-2.100,12,20,DMP_WAIT
A,231858,TILT,ALL,510,-2936,14872,-210,29,-69,0.031,-0.179,0.908,-12.805,1.768,-4.207,-1.927,-0.017,-2.048,-2.100,12,19,OK
A,231882,TILT,ALL,546,-3152,14766,-210,29,-69,0.033,-0.192,0.901,-12.805,1.768,-4.207,-2.071,-0.017,-2.052,-2.105,12,24,DMP_WAIT
A,231901,TILT,ALL,550,-3382,14730,-199,29,-69,0.034,-0.206,0.899,-12.134,1.768,-4.207,-2.084,-0.017,-2.056,-2.109,12,19,DMP_WAIT
A,231920,TILT,ALL,586,-3410,14668,-183,31,-69,0.036,-0.208,0.895,-11.159,1.890,-4.207,-2.228,-0.017,-2.060,-2.113,12,19,DMP_WAIT
A,231939,TILT,ALL,554,-3450,14668,-166,31,-71,0.034,-0.211,0.895,-10.122,1.890,-4.329,-2.106,-0.013,-2.062,-2.115,12,19,OK
A,231963,TILT,ALL,574,-3498,14724,-150,30,-70,0.035,-0.214,0.899,-9.146,1.829,-4.268,-2.172,-0.013,-2.066,-2.120,12,24,DMP_WAIT
A,231982,TILT,ALL,612,-3344,14660,-133,30,-70,0.037,-0.204,0.895,-8.110,1.829,-4.268,-2.331,-0.013,-2.074,-2.128,12,19,DMP_WAIT
A,232001,TILT,ALL,548,-3414,14690,-128,31,-71,0.033,-0.208,0.897,-7.805,1.890,-4.329,-2.081,-0.013,-2.074,-2.129,12,19,DMP_WAIT
A,232021,TILT,ALL,578,-3540,14742,-131,30,-71,0.035,-0.216,0.900,-7.988,1.829,-4.329,-2.183,-0.007,-2.079,-2.133,12,20,OK
A,232045,TILT,ALL,568,-3652,14664,-124,31,-70,0.035,-0.223,0.895,-7.561,1.890,-4.268,-2.153,-0.007,-2.081,-2.136,12,24,DMP_WAIT
A,232064,TILT,ALL,500,-3640,14590,-113,30,-69,0.031,-0.222,0.891,-6.890,1.829,-4.207,-1.904,-0.007,-2.079,-2.134,12,19,DMP_WAIT
A,232083,TILT,ALL,540,-3496,14708,-111,30,-69,0.033,-0.213,0.898,-6.768,1.829,-4.207,-2.046,-0.007,-2.081,-2.135,12,19,DMP_WAIT
A,232102,TILT,ALL,618,-3644,14754,-119,29,-68,0.038,-0.222,0.901,-7.256,1.768,-4.146,-2.329,-0.004,-2.089,-2.144,12,19,OK
A,232126,TILT,ALL,602,-3904,14646,-121,30,-68,0.037,-0.238,0.894,-7.378,1.829,-4.146,-2.274,-0.004,-2.095,-2.150,12,24,DMP_WAIT
A,232146,TILT,ALL,620,-3882,14696,-110,30,-68,0.038,-0.237,0.897,-6.707,1.829,-4.146,-2.336,-0.004,-2.102,-2.158,12,20,DMP_WAIT
A,232166,TILT,ALL,508,-3686,14698,-100,31,-69,0.031,-0.225,0.897,-6.098,1.890,-4.207,-1.920,-0.004,-2.099,-2.155,12,20,DMP_WAIT
A,232186,TILT,ALL,604,-3622,14720,-108,30,-68,0.037,-0.221,0.898,-6.585,1.829,-4.146,-2.282,0.001,-2.104,-2.161,12,20,OK
A,232209,TILT,ALL,578,-3838,14564,-126,30,-68,0.035,-0.234,0.889,-7.683,1.829,-4.146,-2.198,0.001,-2.108,-2.165,12,23,DMP_WAIT
A,232228,TILT,ALL,588,-4040,14554,-133,30,-69,0.036,-0.247,0.888,-8.110,1.829,-4.207,-2.229,0.001,-2.113,-2.170,12,19,DMP_WAIT
A,232247,TILT,ALL,572,-4092,14616,-131,31,-69,0.035,-0.250,0.892,-7.988,1.890,-4.207,-2.158,0.001,-2.114,-2.172,12,19,DMP_WAIT
A,232266,TILT,ALL,558,-4150,14586,-126,31,-68,0.034,-0.253,0.890,-7.683,1.890,-4.146,-2.107,0.006,-2.115,-2.172,12,19,OK
A,232290,TILT,ALL,576,-4312,14526,-122,32,-69,0.035,-0.263,0.887,-7.439,1.951,-4.207,-2.177,0.006,-2.116,-2.173,12,24,DMP_WAIT
A,232309,TILT,ALL,568,-4366,14502,-114,32,-69,0.035,-0.266,0.885,-6.951,1.951,-4.207,-2.148,0.006,-2.116,-2.174,12,19,DMP_WAIT
A,232328,TILT,ALL,558,-4440,14542,-102,32,-69,0.034,-0.271,0.888,-6.220,1.951,-4.207,-2.102,0.006,-2.115,-2.173,12,19,DMP_WAIT
A,232347,TILT,ALL,536,-4482,14568,-85,31,-68,0.033,-0.274,0.889,-5.183,1.890,-4.146,-2.014,0.008,-2.114,-2.171,12,19,OK
A,232371,TILT,ALL,544,-4414,14500,-68,31,-69,0.033,-0.269,0.885,-4.146,1.890,-4.207,-2.056,0.008,-2.114,-2.171,12,24,DMP_WAIT
A,232390,TILT,ALL,570,-4324,14566,-59,30,-69,0.035,-0.264,0.889,-3.598,1.829,-4.207,-2.148,0.008,-2.116,-2.174,12,19,DMP_WAIT
A,232409,TILT,ALL,626,-4284,14544,-60,31,-69,0.038,-0.261,0.888,-3.659,1.890,-4.207,-2.364,0.008,-2.122,-2.180,12,19,DMP_WAIT
A,232427,TILT,ALL,554,-4308,14476,-68,31,-69,0.034,-0.263,0.884,-4.146,1.890,-4.207,-2.101,0.012,-2.122,-2.180,12,18,OK
A,232451,TILT,ALL,568,-4404,14528,-78,31,-69,0.035,-0.269,0.887,-4.756,1.890,-4.207,-2.143,0.012,-2.124,-2.182,12,24,DMP_WAIT
A,232470,TILT,ALL,562,-4692,14512,-81,30,-69,0.034,-0.286,0.886,-4.939,1.829,-4.207,-2.110,0.012,-2.125,-2.183,12,19,DMP_WAIT
A,232489,TILT,ALL,642,-4664,14450,-70,32,-69,0.039,-0.285,0.882,-4.268,1.951,-4.207,-2.421,0.012,-2.131,-2.189,12,19,DMP_WAIT
A,232508,TILT,ALL,532,-4650,14436,-56,33,-68,0.032,-0.284,0.881,-3.415,2.012,-4.146,-2.009,0.015,-2.127,-2.185,12,19,OK
A,232532,TILT,ALL,520,-5030,14384,-43,33,-67,0.032,-0.307,0.878,-2.622,2.012,-4.085,-1.954,0.015,-2.122,-2.179,12,24,DMP_WAIT
A,232550,TILT,ALL,648,-5138,14336,-7,32,-68,0.040,-0.314,0.875,-0.427,1.951,-4.146,-2.437,0.015,-2.128,-2.186,12,18,DMP_WAIT
A,232569,TILT,ALL,550,-5068,14362,36,31,-67,0.034,-0.309,0.877,2.195,1.890,-4.085,-2.068,0.015,-2.127,-2.185,12,19,DMP_WAIT
A,232588,TILT,ALL,594,-4698,14492,69,29,-60,0.036,-0.287,0.885,4.207,1.768,-3.659,-2.233,0.015,-2.132,-2.190,12,19,OK
A,232612,TILT,ALL,360,-4538,14380,73,24,-38,0.022,-0.277,0.878,4.451,1.463,-2.317,-1.368,0.015,-2.128,-2.185,12,24,DMP_WAIT
A,232630,TILT,ALL,702,-4498,14520,61,11,-12,0.043,-0.275,0.886,3.720,0.671,-0.732,-2.644,0.015,-2.160,-2.218,12,18,DMP_WAIT
A,232649,TILT,ALL,736,-4174,14420,70,16,-19,0.045,-0.255,0.880,4.268,0.976,-1.159,-2.807,0.015,-2.191,-2.250,12,19,DMP_WAIT
A,232668,TILT,ALL,526,-3464,14712,93,34,-72,0.032,-0.211,0.898,5.671,2.073,-4.390,-1.993,0.009,-2.185,-2.242,12,19,OK
A,232691,TILT,ALL,514,-3624,14856,36,33,-72,0.031,-0.221,0.907,2.195,2.012,-4.390,-1.925,0.009,-2.178,-2.235,12,23,DMP_WAIT
A,232710,TILT,ALL,542,-3844,14594,-24,32,-70,0.033,-0.235,0.891,-1.463,1.951,-4.268,-2.057,0.009,-2.175,-2.232,12,19,DMP_WAIT
A,232729,TILT,ALL,652,-4216,14544,-77,31,-69,0.040,-0.257,0.888,-4.695,1.890,-4.207,-2.465,0.009,-2.181,-2.239,12,19,DMP_WAIT
A,232748,TILT,ALL,546,-4404,14454,-111,31,-69,0.033,-0.269,0.882,-6.768,1.890,-4.207,-2.069,0.011,-2.180,-2.237,12,19,OK
A,232771,TILT,ALL,564,-4450,14422,-134,30,-69,0.034,-0.272,0.880,-8.171,1.829,-4.207,-2.140,0.011,-2.181,-2.238,12,23,DMP_WAIT
A,232790,TILT,ALL,564,-4554,14362,-157,31,-68,0.034,-0.278,0.877,-9.573,1.890,-4.146,-2.144,0.011,-2.181,-2.238,12,19,DMP_WAIT
A,232809,TILT,ALL,608,-5020,14332,-173,31,-69,0.037,-0.306,0.875,-10.549,1.890,-4.207,-2.293,0.011,-2.184,-2.241,12,19,DMP_WAIT
A,232828,TILT,ALL,536,-5312,14232,-161,31,-68,0.033,-0.324,0.869,-9.817,1.890,-4.146,-2.021,0.015,-2.182,-2.238,12,19,OK
A,232852,TILT,ALL,604,-5214,14320,-130,30,-68,0.037,-0.318,0.874,-7.927,1.829,-4.146,-2.270,0.015,-2.186,-2.242,12,24,DMP_WAIT
A,232871,TILT,ALL,582,-5046,14324,-106,31,-69,0.036,-0.308,0.874,-6.463,1.890,-4.207,-2.195,0.015,-2.187,-2.243,12,19,DMP_WAIT
A,232890,TILT,ALL,524,-4974,14438,-98,30,-71,0.032,-0.304,0.881,-5.976,1.829,-4.329,-1.965,0.015,-2.184,-2.240,12,19,DMP_WAIT
A,232909,TILT,ALL,608,-5066,14318,-97,31,-70,0.037,-0.309,0.874,-5.915,1.890,-4.268,-2.292,0.018,-2.187,-2.243,12,19,OK
A,232933,TILT,ALL,584,-4956,14364,-97,29,-69,0.036,-0.302,0.877,-5.915,1.768,-4.207,-2.201,0.018,-2.191,-2.247,12,24,DMP_WAIT
A,232952,TILT,ALL,570,-4914,14340,-107,29,-69,0.035,-0.300,0.875,-6.524,1.768,-4.207,-2.153,0.018,-2.194,-2.249,12,19,DMP_WAIT
A,232971,TILT,ALL,618,-5054,14370,-124,30,-69,0.038,-0.308,0.877,-7.561,1.829,-4.207,-2.323,0.018,-2.198,-2.253,12,19,DMP_WAIT
A,232990,TILT,ALL,582,-5178,14290,-141,30,-69,0.036,-0.316,0.872,-8.598,1.829,-4.207,-2.193,0.024,-2.200,-2.254,12,19,OK
A,233014,TILT,ALL,546,-5294,14288,-152,30,-69,0.033,-0.323,0.872,-9.268,1.829,-4.207,-2.052,0.024,-2.199,-2.254,12,24,DMP_WAIT
A,233033,TILT,ALL,558,-5366,14242,-157,29,-69,0.034,-0.328,0.869,-9.573,1.768,-4.207,-2.100,0.024,-2.200,-2.254,12,19,DMP_WAIT
A,233051,TILT,ALL,652,-5574,14180,-160,28,-69,0.040,-0.340,0.865,-9.756,1.707,-4.207,-2.450,0.024,-2.209,-2.263,12,18,DMP_WAIT
A,233070,TILT,ALL,562,-5768,13998,-152,30,-69,0.034,-0.352,0.854,-9.268,1.829,-4.207,-2.126,0.029,-2.209,-2.263,12,19,OK
A,233094,TILT,ALL,568,-5842,14056,-134,30,-69,0.035,-0.357,0.858,-8.171,1.829,-4.207,-2.137,0.029,-2.210,-2.264,12,24,DMP_WAIT
A,233113,TILT,ALL,602,-5802,14162,-114,30,-68,0.037,-0.354,0.864,-6.951,1.829,-4.146,-2.253,0.029,-2.213,-2.266,12,19,DMP_WAIT
A,233132,TILT,ALL,620,-5750,14078,-102,29,-68,0.038,-0.351,0.859,-6.220,1.768,-4.146,-2.335,0.029,-2.219,-2.271,12,19,DMP_WAIT
A,233151,TILT,ALL,620,-5798,14100,-98,30,-69,0.038,-0.354,0.861,-5.976,1.829,-4.207,-2.329,0.034,-2.223,-2.275,12,19,OK
A,233175,TILT,ALL,570,-5752,14132,-87,30,-69,0.035,-0.351,0.863,-5.305,1.829,-4.207,-2.139,0.034,-2.223,-2.276,12,24,DMP_WAIT
A,233194,TILT,ALL,570,-5752,14132,-87,30,-69,0.035,-0.351,0.863,-5.305,1.829,-4.207,-2.139,0.034,-2.224,-2.275,12,19,DMP_WAIT
A,233213,TILT,ALL,584,-5590,14080,-91,30,-69,0.036,-0.341,0.859,-5.549,1.829,-4.207,-2.208,0.039,-2.225,-2.277,12,19,OK
A,233237,TILT,ALL,636,-5816,14052,-140,29,-68,0.039,-0.355,0.858,-8.537,1.768,-4.146,-2.395,0.039,-2.232,-2.284,12,24,DMP_WAIT
A,233256,TILT,ALL,606,-6048,13970,-155,29,-68,0.037,-0.369,0.853,-9.451,1.768,-4.146,-2.280,0.039,-2.236,-2.288,12,19,DMP_WAIT
A,233274,TILT,ALL,636,-6292,13972,-151,31,-69,0.039,-0.384,0.853,-9.207,1.890,-4.207,-2.377,0.039,-2.240,-2.291,12,18,DMP_WAIT
A,233293,TILT,ALL,636,-6292,13972,-151,31,-69,0.039,-0.384,0.853,-9.207,1.890,-4.207,-2.377,0.045,-2.243,-2.294,12,19,OK
A,233317,TILT,ALL,602,-6306,13856,-120,31,-69,0.037,-0.385,0.846,-7.317,1.890,-4.207,-2.265,0.045,-2.245,-2.296,12,24,DMP_WAIT
A,233336,TILT,ALL,664,-6270,13870,-109,32,-68,0.041,-0.383,0.847,-6.646,1.951,-4.146,-2.498,0.045,-2.249,-2.301,12,19,DMP_WAIT
A,233355,TILT,ALL,568,-6270,13956,-106,31,-69,0.035,-0.383,0.852,-6.463,1.890,-4.207,-2.126,0.045,-2.248,-2.298,12,19,DMP_WAIT
A,233374,TILT,ALL,606,-6304,13896,-104,29,-68,0.037,-0.385,0.848,-6.341,1.768,-4.146,-2.274,0.050,-2.251,-2.302,12,19,OK
A,233398,TILT,ALL,578,-6378,13894,-103,29,-69,0.035,-0.389,0.848,-6.280,1.768,-4.207,-2.165,0.050,-2.253,-2.304,12,24,DMP_WAIT
A,233417,TILT,ALL,616,-6294,13850,-104,30,-69,0.038,-0.384,0.845,-6.341,1.829,-4.207,-2.319,0.050,-2.256,-2.307,12,19,DMP_WAIT
A,233436,TILT,ALL,592,-6232,13918,-115,30,-69,0.036,-0.380,0.849,-7.012,1.829,-4.207,-2.223,0.050,-2.258,-2.307,12,19,DMP_WAIT
A,233455,TILT,ALL,580,-6368,13882,-133,30,-69,0.035,-0.389,0.847,-8.110,1.829,-4.207,-2.175,0.054,-2.258,-2.307,12,19,OK
A,233479,TILT,ALL,638,-6552,13706,-143,30,-68,0.039,-0.400,0.837,-8.720,1.829,-4.146,-2.405,0.054,-2.263,-2.313,12,24,DMP_WAIT
A,233498,TILT,ALL,666,-6676,13716,-146,30,-69,0.041,-0.407,0.837,-8.902,1.829,-4.207,-2.500,0.054,-2.270,-2.319,12,19,DMP_WAIT
A,233517,TILT,ALL,632,-6734,13628,-145,30,-69,0.039,-0.411,0.832,-8.841,1.829,-4.207,-2.381,0.054,-2.274,-2.323,12,19,DMP_WAIT
A,233536,TILT,ALL,570,-6920,13688,-142,30,-69,0.035,-0.422,0.835,-8.659,1.829,-4.207,-2.128,0.060,-2.273,-2.322,12,19,OK
A,233560,TILT,ALL,602,-7058,13636,-131,30,-68,0.037,-0.431,0.832,-7.988,1.829,-4.146,-2.245,0.060,-2.275,-2.323,12,24,DMP_WAIT
A,233579,TILT,ALL,618,-7044,13682,-111,30,-69,0.038,-0.430,0.835,-6.768,1.829,-4.207,-2.300,0.060,-2.277,-2.326,12,19,DMP_WAIT
A,233598,TILT,ALL,618,-6900,13682,-98,30,-68,0.038,-0.421,0.835,-5.976,1.829,-4.146,-2.310,0.060,-2.280,-2.328,12,19,DMP_WAIT
A,233616,TILT,ALL,594,-6830,13662,-96,29,-68,0.036,-0.417,0.834,-5.854,1.768,-4.146,-2.227,0.064,-2.281,-2.329,12,18,OK
A,233640,TILT,ALL,668,-6870,13758,-104,30,-68,0.041,-0.419,0.840,-6.341,1.829,-4.146,-2.487,0.064,-2.288,-2.336,12,24,DMP_WAIT
A,233659,TILT,ALL,682,-7104,13536,-109,31,-67,0.042,-0.434,0.826,-6.646,1.890,-4.085,-2.554,0.064,-2.294,-2.342,12,19,DMP_WAIT
A,233678,TILT,ALL,606,-7280,13542,-101,30,-68,0.037,-0.444,0.827,-6.159,1.829,-4.146,-2.257,0.064,-2.295,-2.343,11,19,DMP_WAIT
A,233697,TILT,ALL,632,-7196,13610,-84,29,-68,0.039,-0.439,0.831,-5.122,1.768,-4.146,-2.351,0.069,-2.299,-2.347,11,19,OK
A,233721,TILT,ALL,524,-6966,13596,-74,31,-69,0.032,-0.425,0.830,-4.512,1.890,-4.207,-1.965,0.069,-2.294,-2.341,11,24,DMP_WAIT
A,233740,TILT,ALL,702,-6820,13600,-85,30,-69,0.043,-0.416,0.830,-5.183,1.829,-4.207,-2.642,0.069,-2.302,-2.350,11,19,DMP_WAIT
A,233759,TILT,ALL,640,-6812,13588,-115,31,-69,0.039,-0.416,0.829,-7.012,1.890,-4.207,-2.411,0.069,-2.305,-2.353,11,19,DMP_WAIT
A,233778,TILT,ALL,634,-7096,13486,-149,31,-70,0.039,-0.433,0.823,-9.085,1.890,-4.268,-2.382,0.074,-2.308,-2.355,11,19,OK
A,233802,TILT,ALL,590,-7478,13462,-167,31,-69,0.036,-0.456,0.822,-10.183,1.890,-4.207,-2.194,0.074,-2.306,-2.353,11,24,DMP_WAIT
A,233821,TILT,ALL,608,-7702,13244,-161,31,-69,0.037,-0.470,0.808,-9.817,1.890,-4.207,-2.273,0.074,-2.306,-2.353,11,19,DMP_WAIT
A,233840,TILT,ALL,652,-7746,13342,-137,30,-69,0.040,-0.473,0.814,-8.354,1.829,-4.207,-2.420,0.074,-2.311,-2.357,11,19,DMP_WAIT
A,233858,TILT,ALL,668,-7804,13230,-112,31,-69,0.041,-0.476,0.807,-6.829,1.890,-4.207,-2.490,0.078,-2.315,-2.361,11,18,OK
A,233882,TILT,ALL,664,-7900,13206,-86,31,-69,0.041,-0.482,0.806,-5.244,1.890,-4.207,-2.471,0.078,-2.319,-2.366,11,24,DMP_WAIT
A,233901,TILT,ALL,628,-7982,13134,-53,33,-68,0.038,-0.487,0.802,-3.232,2.012,-4.146,-2.340,0.078,-2.318,-2.364,11,19,DMP_WAIT
A,233920,TILT,ALL,576,-7816,13304,-17,32,-69,0.035,-0.477,0.812,-1.037,1.951,-4.207,-2.138,0.078,-2.314,-2.360,11,19,DMP_WAIT
A,233939,TILT,ALL,636,-7416,13366,3,32,-70,0.039,-0.453,0.816,0.183,1.951,-4.268,-2.383,0.082,-2.315,-2.361,11,19,OK
A,233962,TILT,ALL,556,-7236,13404,-5,32,-70,0.034,-0.442,0.818,-0.305,1.951,-4.268,-2.090,0.082,-2.310,-2.355,11,23,DMP_WAIT
A,233981,TILT,ALL,596,-7160,13474,-37,31,-69,0.036,-0.437,0.822,-2.256,1.890,-4.207,-2.237,0.082,-2.309,-2.354,11,19,DMP_WAIT
A,234000,TILT,ALL,626,-7148,13388,-76,30,-69,0.038,-0.436,0.817,-4.634,1.829,-4.207,-2.362,0.082,-2.312,-2.357,11,19,DMP_WAIT
A,234019,TILT,ALL,684,-7308,13340,-119,29,-68,0.042,-0.446,0.814,-7.256,1.768,-4.146,-2.575,0.085,-2.320,-2.365,11,19,OK
A,234043,TILT,ALL,636,-7664,13302,-151,28,-68,0.039,-0.468,0.812,-9.207,1.707,-4.146,-2.372,0.085,-2.327,-2.371,11,24,DMP_WAIT
A,234062,TILT,ALL,630,-7858,13152,-163,29,-67,0.038,-0.480,0.803,-9.939,1.768,-4.085,-2.355,0.085,-2.330,-2.375,11,19,DMP_WAIT
A,234081,TILT,ALL,628,-8074,13144,-157,30,-68,0.038,-0.493,0.802,-9.573,1.829,-4.146,-2.331,0.085,-2.332,-2.377,11,19,DMP_WAIT
A,234100,TILT,ALL,586,-8184,13016,-141,32,-68,0.036,-0.500,0.794,-8.598,1.951,-4.146,-2.183,0.090,-2.329,-2.373,11,19,OK
A,234124,TILT,ALL,640,-8244,13050,-119,30,-68,0.039,-0.503,0.797,-7.256,1.829,-4.146,-2.374,0.090,-2.332,-2.376,11,24,DMP_WAIT
A,234143,TILT,ALL,628,-8128,12944,-100,30,-68,0.038,-0.496,0.790,-6.098,1.829,-4.146,-2.353,0.090,-2.334,-2.378,11,19,DMP_WAIT
A,234162,TILT,ALL,620,-8038,13046,-88,30,-68,0.038,-0.491,0.796,-5.366,1.829,-4.146,-2.317,0.090,-2.336,-2.379,11,19,DMP_WAIT
A,234180,TILT,ALL,636,-8004,13096,-88,29,-68,0.039,-0.489,0.799,-5.366,1.768,-4.146,-2.373,0.094,-2.339,-2.382,11,18,OK
A,234204,TILT,ALL,590,-8114,13016,-93,31,-69,0.036,-0.495,0.794,-5.671,1.890,-4.207,-2.203,0.094,-2.338,-2.380,11,24,DMP_WAIT
A,234223,TILT,ALL,622,-8330,12936,-93,32,-69,0.038,-0.508,0.790,-5.671,1.951,-4.207,-2.315,0.094,-2.337,-2.379,11,19,DMP_WAIT
A,234242,TILT,ALL,618,-8396,12906,-82,32,-68,0.038,-0.512,0.788,-5.000,1.951,-4.146,-2.299,0.094,-2.336,-2.378,11,19,DMP_WAIT
A,234261,TILT,ALL,656,-8390,12926,-65,30,-67,0.040,-0.512,0.789,-3.963,1.829,-4.085,-2.438,0.096,-2.340,-2.381,11,19,OK
A,234285,TILT,ALL,636,-8424,12866,-53,31,-68,0.039,-0.514,0.785,-3.232,1.890,-4.146,-2.368,0.096,-2.341,-2.383,11,24,DMP_WAIT
A,234303,TILT,ALL,592,-8404,12962,-42,33,-69,0.036,-0.513,0.791,-2.561,2.012,-4.207,-2.195,0.096,-2.337,-2.378,11,18,DMP_WAIT
A,234322,TILT,ALL,604,-8342,12884,-31,33,-70,0.037,-0.509,0.786,-1.890,2.012,-4.268,-2.254,0.096,-2.334,-2.374,11,19,DMP_WAIT
A,234341,TILT,ALL,586,-8176,13030,-28,32,-70,0.036,-0.499,0.795,-1.707,1.951,-4.268,-2.182,0.098,-2.330,-2.370,11,19,OK
A,234365,TILT,ALL,634,-8140,13000,-38,32,-70,0.039,-0.497,0.793,-2.317,1.951,-4.268,-2.367,0.098,-2.330,-2.370,11,24,DMP_WAIT
A,234384,TILT,ALL,656,-8222,12956,-53,32,-69,0.040,-0.502,0.791,-3.232,1.951,-4.207,-2.448,0.098,-2.332,-2.372,11,19,DMP_WAIT
A,234403,TILT,ALL,612,-8292,12840,-68,33,-69,0.037,-0.506,0.784,-4.146,2.012,-4.207,-2.293,0.098,-2.330,-2.369,11,19,DMP_WAIT
A,234422,TILT,ALL,620,-8428,12888,-79,32,-69,0.038,-0.514,0.787,-4.817,1.951,-4.207,-2.306,0.100,-2.329,-2.368,11,19,OK
A,234445,TILT,ALL,600,-8492,12796,-81,31,-69,0.037,-0.518,0.781,-4.939,1.890,-4.207,-2.237,0.100,-2.328,-2.366,11,23,DMP_WAIT
A,234464,TILT,ALL,652,-8496,12810,-82,31,-69,0.040,-0.519,0.782,-5.000,1.890,-4.207,-2.429,0.100,-2.331,-2.369,11,19,DMP_WAIT
A,234483,TILT,ALL,644,-8574,12720,-84,33,-68,0.039,-0.523,0.776,-5.122,2.012,-4.146,-2.404,0.100,-2.331,-2.369,11,19,DMP_WAIT
A,234502,TILT,ALL,726,-8744,12762,-79,32,-69,0.044,-0.534,0.779,-4.817,1.951,-4.207,-2.687,0.103,-2.338,-2.376,11,19,OK
A,234526,TILT,ALL,532,-8718,12624,-68,32,-69,0.032,-0.532,0.771,-4.146,1.951,-4.207,-1.986,0.103,-2.330,-2.367,11,24,DMP_WAIT
A,234545,TILT,ALL,644,-8540,12836,-60,30,-69,0.039,-0.521,0.783,-3.659,1.829,-4.207,-2.392,0.103,-2.333,-2.370,11,19,DMP_WAIT
A,234563,TILT,ALL,604,-8392,12718,-70,30,-70,0.037,-0.512,0.776,-4.268,1.829,-4.268,-2.270,0.103,-2.334,-2.370,11,18,DMP_WAIT
A,234582,TILT,ALL,672,-8530,12764,-91,31,-68,0.041,-0.521,0.779,-5.549,1.890,-4.146,-2.506,0.106,-2.338,-2.374,11,19,OK
A,234606,TILT,ALL,616,-8796,12708,-107,31,-69,0.038,-0.537,0.776,-6.524,1.890,-4.207,-2.282,0.106,-2.338,-2.374,11,24,DMP_WAIT
A,234625,TILT,ALL,648,-8978,12562,-104,31,-69,0.040,-0.548,0.767,-6.341,1.890,-4.207,-2.403,0.106,-2.340,-2.376,11,19,DMP_WAIT
A,234644,TILT,ALL,654,-8946,12548,-88,28,-68,0.040,-0.546,0.766,-5.366,1.707,-4.146,-2.430,0.106,-2.346,-2.381,11,19,DMP_WAIT
A,234663,TILT,ALL,650,-8874,12558,-80,29,-69,0.040,-0.542,0.766,-4.878,1.768,-4.207,-2.421,0.111,-2.350,-2.386,11,19,OK
A,234687,TILT,ALL,598,-8992,12446,-78,32,-69,0.036,-0.549,0.760,-4.756,1.951,-4.207,-2.230,0.111,-2.347,-2.382,12,24,DMP_WAIT
A,234706,TILT,ALL,670,-9086,12522,-70,31,-69,0.041,-0.555,0.764,-4.268,1.890,-4.207,-2.480,0.111,-2.351,-2.386,12,19,DMP_WAIT
A,234724,TILT,ALL,640,-9116,12518,-55,31,-68,0.039,-0.556,0.764,-3.354,1.890,-4.146,-2.367,0.111,-2.352,-2.386,12,18,DMP_WAIT
A,234743,TILT,ALL,670,-8952,12546,-43,32,-70,0.041,-0.546,0.766,-2.622,1.951,-4.268,-2.489,0.114,-2.354,-2.389,12,19,OK
A,234767,TILT,ALL,630,-8888,12510,-40,30,-69,0.038,-0.542,0.764,-2.439,1.829,-4.207,-2.351,0.114,-2.357,-2.391,12,24,DMP_WAIT
A,234786,TILT,ALL,644,-8874,12540,-46,31,-69,0.039,-0.542,0.765,-2.805,1.890,-4.207,-2.400,0.114,-2.358,-2.392,12,19,DMP_WAIT
A,234805,TILT,ALL,622,-8992,12524,-57,32,-69,0.038,-0.549,0.764,-3.476,1.951,-4.207,-2.310,0.114,-2.357,-2.391,12,19,DMP_WAIT
A,234824,TILT,ALL,608,-9136,12474,-62,33,-69,0.037,-0.558,0.761,-3.780,2.012,-4.207,-2.252,0.117,-2.353,-2.387,12,19,OK
A,234848,TILT,ALL,580,-9204,12428,-59,33,-69,0.035,-0.562,0.759,-3.598,2.012,-4.207,-2.148,0.117,-2.347,-2.380,12,24,DMP_WAIT
A,234866,TILT,ALL,638,-9132,12494,-55,31,-69,0.039,-0.557,0.763,-3.354,1.890,-4.207,-2.361,0.117,-2.348,-2.381,12,18,DMP_WAIT
A,234885,TILT,ALL,606,-9154,12374,-53,31,-70,0.037,-0.559,0.755,-3.232,1.890,-4.268,-2.255,0.117,-2.347,-2.379,12,19,DMP_WAIT
A,234904,TILT,ALL,640,-9148,12406,-55,31,-69,0.039,-0.558,0.757,-3.354,1.890,-4.207,-2.378,0.119,-2.348,-2.380,12,19,OK
A,234928,TILT,ALL,640,-9146,12382,-57,31,-69,0.039,-0.558,0.756,-3.476,1.890,-4.207,-2.381,0.119,-2.350,-2.381,12,24,DMP_WAIT
A,234947,TILT,ALL,636,-9170,12362,-58,31,-68,0.039,-0.560,0.755,-3.537,1.890,-4.146,-2.366,0.119,-2.351,-2.382,12,19,DMP_WAIT
A,234966,TILT,ALL,670,-9252,12348,-62,31,-68,0.041,-0.565,0.754,-3.780,1.890,-4.146,-2.486,0.119,-2.355,-2.385,12,19,DMP_WAIT
A,234984,TILT,ALL,620,-9304,12330,-64,31,-68,0.038,-0.568,0.753,-3.902,1.890,-4.146,-2.299,0.122,-2.354,-2.385,12,18,OK
A,235008,TILT,ALL,600,-9346,12296,-66,33,-69,0.037,-0.570,0.750,-4.024,2.012,-4.207,-2.225,0.122,-2.350,-2.380,12,24,DMP_WAIT
A,235027,TILT,ALL,630,-9452,12306,-63,31,-70,0.038,-0.577,0.751,-3.841,1.890,-4.268,-2.325,0.122,-2.350,-2.379,12,19,DMP_WAIT
A,235046,TILT,ALL,616,-9514,12152,-57,32,-69,0.038,-0.581,0.742,-3.476,1.951,-4.207,-2.286,0.122,-2.348,-2.377,12,19,DMP_WAIT
A,235065,TILT,ALL,666,-9492,12192,-47,30,-69,0.041,-0.579,0.744,-2.866,1.829,-4.207,-2.468,0.124,-2.352,-2.381,12,19,OK
A,235089,TILT,ALL,648,-9380,12236,-39,32,-69,0.040,-0.573,0.747,-2.378,1.951,-4.207,-2.407,0.124,-2.353,-2.382,12,24,DMP_WAIT
A,235108,TILT,ALL,636,-9294,12294,-42,31,-69,0.039,-0.567,0.750,-2.561,1.890,-4.207,-2.363,0.124,-2.354,-2.383,12,19,DMP_WAIT
A,235126,TILT,ALL,642,-9374,12204,-54,32,-69,0.039,-0.572,0.745,-3.293,1.951,-4.207,-2.389,0.124,-2.354,-2.383,12,18,DMP_WAIT
A,235145,TILT,ALL,640,-9454,12194,-63,32,-69,0.039,-0.577,0.744,-3.841,1.951,-4.207,-2.375,0.127,-2.354,-2.382,12,19,OK
A,235169,TILT,ALL,638,-9370,12266,-70,30,-70,0.039,-0.572,0.749,-4.268,1.829,-4.268,-2.367,0.127,-2.357,-2.385,12,24,DMP_WAIT
A,235188,TILT,ALL,592,-9388,12240,-84,30,-69,0.036,-0.573,0.747,-5.122,1.829,-4.207,-2.198,0.127,-2.356,-2.383,12,19,DMP_WAIT
A,235207,TILT,ALL,640,-9484,12200,-101,31,-68,0.039,-0.579,0.745,-6.159,1.890,-4.146,-2.372,0.127,-2.357,-2.384,12,19,DMP_WAIT
A,235226,TILT,ALL,640,-9632,12104,-113,31,-69,0.039,-0.588,0.739,-6.890,1.890,-4.207,-2.369,0.130,-2.358,-2.384,12,19,OK
