record,ms,state,mode,ax_raw,ay_raw,az_raw,gx_raw,gy_raw,gz_raw,ax_g,ay_g,az_g,gx_dps,gy_dps,gz_dps,pitch_acc,pitch_dmp,pitch_comp,pitch_kalman,dmp_hz,dt_ms,status
A,31888,STATIC,ALL,468,15286,3212,28,34,-72,0.029,0.933,0.196,1.707,2.073,-4.390,-1.716,0.164,-1.821,-1.822,12,19,DMP_WAIT
A,31906,STATIC,ALL,484,15324,3206,28,33,-73,0.030,0.935,0.196,1.707,2.012,-4.451,-1.771,0.163,-1.819,-1.819,12,18,OK
A,31930,STATIC,ALL,506,15266,3190,37,32,-67,0.031,0.932,0.195,2.256,1.951,-4.085,-1.858,0.163,-1.819,-1.820,12,24,DMP_WAIT
A,31948,STATIC,ALL,516,15362,3238,44,31,-66,0.031,0.938,0.198,2.683,1.890,-4.024,-1.882,0.163,-1.821,-1.822,12,18,DMP_WAIT
A,31967,STATIC,ALL,516,15362,3238,44,31,-66,0.031,0.938,0.198,2.683,1.890,-4.024,-1.882,0.163,-1.823,-1.824,12,19,DMP_WAIT
A,31986,STATIC,ALL,498,15354,3152,41,30,-67,0.030,0.937,0.192,2.500,1.829,-4.085,-1.820,0.163,-1.825,-1.826,12,19,DMP_WAIT
A,32006,STATIC,ALL,512,15344,3228,35,32,-67,0.031,0.937,0.197,2.134,1.951,-4.085,-1.870,0.164,-1.825,-1.827,12,20,OK
A,32029,STATIC,ALL,520,15268,3178,24,31,-73,0.032,0.932,0.194,1.463,1.890,-4.451,-1.910,0.164,-1.828,-1.830,12,23,DMP_WAIT
A,32048,STATIC,ALL,520,15268,3178,24,31,-73,0.032,0.932,0.194,1.463,1.890,-4.451,-1.910,0.164,-1.830,-1.833,12,19,DMP_WAIT
A,32066,STATIC,ALL,512,15200,3244,25,34,-72,0.031,0.928,0.198,1.524,2.073,-4.390,-1.887,0.164,-1.829,-1.831,12,18,OK
A,32090,STATIC,ALL,484,15306,3152,38,31,-69,0.030,0.934,0.192,2.317,1.890,-4.207,-1.774,0.164,-1.829,-1.831,12,24,DMP_WAIT
A,32110,STATIC,ALL,454,15366,3228,45,30,-65,0.028,0.938,0.197,2.744,1.829,-3.963,-1.656,0.164,-1.827,-1.830,12,20,DMP_WAIT
A,32128,STATIC,ALL,490,15392,3250,42,31,-65,0.030,0.939,0.198,2.561,1.890,-3.963,-1.784,0.164,-1.827,-1.830,12,18,DMP_WAIT
A,32147,STATIC,ALL,490,15392,3250,42,31,-65,0.030,0.939,0.198,2.561,1.890,-3.963,-1.784,0.165,-1.827,-1.830,12,19,OK
A,32171,STATIC,ALL,484,15332,3146,30,32,-70,0.030,0.936,0.192,1.829,1.951,-4.268,-1.771,0.165,-1.825,-1.828,12,24,DMP_WAIT
A,32189,STATIC,ALL,490,15338,3188,27,34,-72,0.030,0.936,0.195,1.646,2.073,-4.390,-1.792,0.165,-1.822,-1.825,12,18,DMP_WAIT
A,32209,STATIC,ALL,490,15302,3232,30,31,-73,0.030,0.934,0.197,1.829,1.890,-4.451,-1.795,0.165,-1.822,-1.825,12,20,DMP_WAIT
A,32228,STATIC,ALL,490,15302,3232,30,31,-73,0.030,0.934,0.197,1.829,1.890,-4.451,-1.795,0.164,-1.823,-1.825,12,19,OK
A,32251,STATIC,ALL,520,15394,3342,34,31,-68,0.032,0.940,0.204,2.073,1.890,-4.146,-1.891,0.164,-1.825,-1.828,12,23,DMP_WAIT
A,32270,STATIC,ALL,510,15242,3276,33,30,-69,0.031,0.930,0.200,2.012,1.829,-4.207,-1.874,0.164,-1.828,-1.831,12,19,DMP_WAIT
A,32288,STATIC,ALL,444,15248,3196,36,35,-69,0.027,0.931,0.195,2.195,2.134,-4.207,-1.632,0.164,-1.820,-1.823,12,18,DMP_WAIT
A,32309,STATIC,ALL,474,15396,3212,40,33,-69,0.029,0.940,0.196,2.439,2.012,-4.207,-1.726,0.163,-1.817,-1.819,12,21,OK
A,32333,STATIC,ALL,518,15280,3142,37,30,-68,0.032,0.933,0.192,2.256,1.829,-4.146,-1.902,0.163,-1.821,-1.824,12,24,DMP_WAIT
A,32351,STATIC,ALL,490,15314,3262,37,32,-66,0.030,0.935,0.199,2.256,1.951,-4.024,-1.792,0.163,-1.820,-1.823,12,18,DMP_WAIT
A,32370,STATIC,ALL,548,15364,3278,35,30,-68,0.033,0.938,0.200,2.134,1.829,-4.146,-1.998,0.163,-1.825,-1.828,12,19,DMP_WAIT
A,32388,STATIC,ALL,566,15318,3144,31,30,-70,0.035,0.935,0.192,1.890,1.829,-4.268,-2.073,0.165,-1.832,-1.836,12,18,OK
A,32413,STATIC,ALL,492,15344,3178,31,34,-69,0.030,0.937,0.194,1.890,2.073,-4.207,-1.798,0.165,-1.828,-1.832,12,25,DMP_WAIT
A,32431,STATIC,ALL,476,15428,3220,32,33,-72,0.029,0.942,0.197,1.951,2.012,-4.390,-1.730,0.165,-1.825,-1.828,12,18,DMP_WAIT
A,32450,STATIC,ALL,474,15306,3152,29,32,-73,0.029,0.934,0.192,1.768,1.951,-4.451,-1.737,0.165,-1.822,-1.826,12,19,DMP_WAIT
A,32469,STATIC,ALL,426,15244,3156,31,34,-70,0.026,0.930,0.193,1.890,2.073,-4.268,-1.568,0.163,-1.815,-1.818,12,19,OK
A,32492,STATIC,ALL,438,15356,3236,35,31,-69,0.027,0.937,0.198,2.134,1.890,-4.207,-1.599,0.163,-1.811,-1.814,12,23,DMP_WAIT
A,32519,STATIC,ALL,512,15322,3178,37,30,-70,0.031,0.935,0.194,2.256,1.829,-4.268,-1.874,0.163,-1.815,-1.818,12,27,DMP_WAIT
A,32537,STATIC,ALL,474,15298,3136,39,33,-67,0.029,0.934,0.191,2.378,2.012,-4.085,-1.739,0.163,-1.812,-1.815,12,18,DMP_WAIT
A,32556,STATIC,ALL,498,15372,3260,39,30,-66,0.030,0.938,0.199,2.378,1.829,-4.024,-1.815,0.162,-1.814,-1.817,12,19,OK
A,32579,STATIC,ALL,514,15348,3206,37,29,-67,0.031,0.937,0.196,2.256,1.768,-4.085,-1.878,0.162,-1.819,-1.822,12,23,DMP_WAIT
A,32598,STATIC,ALL,582,15346,3210,33,31,-67,0.036,0.937,0.196,2.012,1.890,-4.085,-2.126,0.162,-1.826,-1.829,12,19,DMP_WAIT
A,32616,STATIC,ALL,542,15264,3174,30,32,-71,0.033,0.932,0.194,1.829,1.951,-4.329,-1.991,0.162,-1.829,-1.832,12,18,DMP_WAIT
A,32635,STATIC,ALL,486,15298,3196,28,33,-74,0.030,0.934,0.195,1.707,2.012,-4.512,-1.781,0.165,-1.826,-1.830,12,19,OK
A,32658,STATIC,ALL,456,15336,3154,30,35,-74,0.028,0.936,0.193,1.829,2.134,-4.512,-1.668,0.165,-1.819,-1.822,12,23,DMP_WAIT
A,32677,STATIC,ALL,444,15300,3248,32,33,-71,0.027,0.934,0.198,1.951,2.012,-4.329,-1.626,0.165,-1.813,-1.816,12,19,DMP_WAIT
A,32696,STATIC,ALL,492,15296,3234,36,30,-68,0.030,0.934,0.197,2.195,1.829,-4.146,-1.802,0.165,-1.815,-1.818,12,19,DMP_WAIT
A,32714,STATIC,ALL,530,15330,3198,37,31,-66,0.032,0.936,0.195,2.256,1.890,-4.024,-1.938,0.163,-1.818,-1.821,12,18,OK
A,32738,STATIC,ALL,482,15344,3172,38,31,-66,0.029,0.937,0.194,2.317,1.890,-4.024,-1.762,0.163,-1.818,-1.821,12,24,DMP_WAIT
A,32756,STATIC,ALL,518,15318,3234,37,30,-67,0.032,0.935,0.197,2.256,1.829,-4.085,-1.895,0.163,-1.821,-1.824,12,18,DMP_WAIT
A,32775,STATIC,ALL,558,15350,3238,36,31,-69,0.034,0.937,0.198,2.195,1.890,-4.207,-2.037,0.163,-1.826,-1.830,12,19,DMP_WAIT
A,32793,STATIC,ALL,490,15352,3218,33,32,-70,0.030,0.937,0.196,2.012,1.951,-4.268,-1.789,0.165,-1.825,-1.829,12,18,OK
A,32817,STATIC,ALL,486,15316,3194,31,33,-72,0.030,0.935,0.195,1.890,2.012,-4.390,-1.779,0.165,-1.822,-1.826,12,24,DMP_WAIT
A,32836,STATIC,ALL,460,15324,3234,29,33,-72,0.028,0.935,0.197,1.768,2.012,-4.390,-1.682,0.165,-1.818,-1.821,12,19,DMP_WAIT
A,32854,STATIC,ALL,474,15312,3240,30,33,-70,0.029,0.935,0.198,1.829,2.012,-4.268,-1.735,0.165,-1.815,-1.818,12,18,DMP_WAIT
A,32873,STATIC,ALL,486,15288,3176,33,32,-70,0.030,0.933,0.194,2.012,1.951,-4.268,-1.783,0.162,-1.814,-1.817,12,19,OK
A,32896,STATIC,ALL,532,15322,3226,37,31,-68,0.032,0.935,0.197,2.256,1.890,-4.146,-1.946,0.162,-1.817,-1.821,12,23,DMP_WAIT
A,32915,STATIC,ALL,532,15354,3260,38,31,-67,0.032,0.937,0.199,2.317,1.890,-4.085,-1.941,0.162,-1.821,-1.824,12,19,DMP_WAIT
A,32933,STATIC,ALL,512,15358,3212,37,31,-69,0.031,0.937,0.196,2.256,1.890,-4.207,-1.869,0.162,-1.822,-1.826,12,18,DMP_WAIT
A,32952,STATIC,ALL,514,15248,3154,35,31,-68,0.031,0.931,0.193,2.134,1.890,-4.146,-1.891,0.164,-1.824,-1.828,12,19,OK
A,32975,STATIC,ALL,492,15374,3314,34,32,-70,0.030,0.938,0.202,2.073,1.951,-4.268,-1.792,0.164,-1.823,-1.827,12,23,DMP_WAIT
A,32994,STATIC,ALL,540,15292,3180,33,31,-69,0.033,0.933,0.194,2.012,1.890,-4.207,-1.980,0.164,-1.827,-1.831,12,19,DMP_WAIT
A,33013,STATIC,ALL,492,15316,3170,35,33,-69,0.030,0.935,0.193,2.134,2.012,-4.207,-1.802,0.164,-1.825,-1.829,12,19,DMP_WAIT
A,33031,STATIC,ALL,468,15420,3300,33,32,-71,0.029,0.941,0.201,2.012,1.951,-4.329,-1.700,0.164,-1.822,-1.826,12,18,OK
A,33055,STATIC,ALL,520,15348,3252,28,30,-71,0.032,0.937,0.198,1.707,1.829,-4.329,-1.898,0.164,-1.826,-1.830,12,24,DMP_WAIT
A,33073,STATIC,ALL,498,15310,3282,27,33,-72,0.030,0.934,0.200,1.646,2.012,-4.390,-1.822,0.164,-1.825,-1.829,12,18,DMP_WAIT
A,33092,STATIC,ALL,466,15216,3234,31,34,-72,0.028,0.929,0.197,1.890,2.073,-4.390,-1.716,0.164,-1.820,-1.824,12,19,DMP_WAIT
A,33110,STATIC,ALL,460,15430,3188,44,33,-70,0.028,0.942,0.195,2.683,2.012,-4.268,-1.672,0.163,-1.815,-1.819,12,18,OK
A,33134,STATIC,ALL,452,15268,3098,45,30,-63,0.028,0.932,0.189,2.744,1.829,-3.841,-1.662,0.163,-1.815,-1.818,12,24,DMP_WAIT
A,33152,STATIC,ALL,540,15382,3202,44,28,-62,0.033,0.939,0.195,2.683,1.707,-3.780,-1.968,0.163,-1.822,-1.825,12,18,DMP_WAIT
A,33171,STATIC,ALL,608,15338,3126,35,27,-65,0.037,0.936,0.191,2.134,1.646,-3.963,-2.224,0.163,-1.835,-1.839,12,19,DMP_WAIT
A,33190,STATIC,ALL,578,15378,3182,28,32,-72,0.035,0.939,0.194,1.707,1.951,-4.390,-2.108,0.167,-1.840,-1.845,12,19,OK
A,33213,STATIC,ALL,520,15310,3222,24,36,-75,0.032,0.934,0.197,1.463,2.195,-4.573,-1.904,0.167,-1.836,-1.840,12,23,DMP_WAIT
A,33232,STATIC,ALL,460,15318,3246,25,36,-77,0.028,0.935,0.198,1.524,2.195,-4.695,-1.683,0.167,-1.828,-1.832,12,19,DMP_WAIT
A,33250,STATIC,ALL,424,15280,3218,29,34,-73,0.026,0.933,0.196,1.768,2.073,-4.451,-1.555,0.167,-1.820,-1.824,12,18,DMP_WAIT
A,33269,STATIC,ALL,462,15284,3202,34,32,-67,0.028,0.933,0.195,2.073,1.951,-4.085,-1.695,0.163,-1.817,-1.821,12,19,OK
A,33292,STATIC,ALL,464,15256,3234,41,28,-64,0.028,0.931,0.197,2.500,1.707,-3.902,-1.704,0.163,-1.819,-1.824,12,23,DMP_WAIT
A,33311,STATIC,ALL,468,15308,3190,46,29,-63,0.029,0.934,0.195,2.805,1.768,-3.841,-1.714,0.163,-1.820,-1.824,12,19,DMP_WAIT
A,33330,STATIC,ALL,480,15398,3162,46,31,-64,0.029,0.940,0.193,2.805,1.890,-3.902,-1.749,0.163,-1.820,-1.824,12,19,DMP_WAIT
A,33348,STATIC,ALL,528,15400,3136,38,29,-67,0.032,0.940,0.191,2.317,1.768,-4.085,-1.924,0.165,-1.825,-1.829,12,18,OK
A,33372,STATIC,ALL,552,15358,3220,28,31,-70,0.034,0.937,0.197,1.707,1.890,-4.268,-2.015,0.165,-1.829,-1.834,12,24,DMP_WAIT
A,33390,STATIC,ALL,548,15278,3192,19,34,-75,0.033,0.932,0.195,1.159,2.073,-4.573,-2.011,0.165,-1.831,-1.835,12,18,DMP_WAIT
A,33409,STATIC,ALL,538,15236,3242,21,36,-77,0.033,0.930,0.198,1.280,2.195,-4.695,-1.978,0.165,-1.829,-1.833,12,19,DMP_WAIT
A,33427,STATIC,ALL,406,15270,3288,29,35,-76,0.025,0.932,0.201,1.768,2.134,-4.634,-1.489,0.164,-1.818,-1.822,12,18,OK
A,33451,STATIC,ALL,412,15280,3214,39,33,-70,0.025,0.933,0.196,2.378,2.012,-4.268,-1.511,0.164,-1.810,-1.814,12,24,DMP_WAIT
A,33469,STATIC,ALL,432,15338,3228,45,29,-63,0.026,0.936,0.197,2.744,1.768,-3.841,-1.579,0.164,-1.808,-1.812,12,18,DMP_WAIT
A,33488,STATIC,ALL,550,15346,3194,45,26,-60,0.034,0.937,0.195,2.744,1.585,-3.659,-2.010,0.164,-1.819,-1.822,12,19,DMP_WAIT
A,33507,STATIC,ALL,544,15376,3176,41,28,-63,0.033,0.938,0.194,2.500,1.707,-3.841,-1.984,0.165,-1.826,-1.830,12,19,OK
A,33530,STATIC,ALL,534,15336,3202,32,32,-70,0.033,0.936,0.195,1.951,1.951,-4.268,-1.952,0.165,-1.828,-1.832,12,23,DMP_WAIT
A,33549,STATIC,ALL,532,15304,3226,29,35,-76,0.032,0.934,0.197,1.768,2.134,-4.634,-1.948,0.165,-1.827,-1.831,12,19,DMP_WAIT
A,33567,STATIC,ALL,462,15276,3198,25,35,-74,0.028,0.932,0.195,1.524,2.134,-4.512,-1.696,0.165,-1.821,-1.825,12,18,DMP_WAIT
A,33586,STATIC,ALL,450,15384,3184,27,33,-72,0.027,0.939,0.194,1.646,2.012,-4.390,-1.641,0.163,-1.816,-1.819,12,19,OK
A,33609,STATIC,ALL,526,15240,3194,31,30,-69,0.032,0.930,0.195,1.890,1.829,-4.207,-1.935,0.163,-1.820,-1.824,12,23,DMP_WAIT
A,33628,STATIC,ALL,446,15318,3232,38,32,-67,0.027,0.935,0.197,2.317,1.951,-4.085,-1.632,0.163,-1.816,-1.820,12,19,DMP_WAIT
A,33646,STATIC,ALL,472,15360,3228,42,30,-67,0.029,0.938,0.197,2.561,1.829,-4.085,-1.722,0.163,-1.816,-1.819,12,18,DMP_WAIT
A,33666,STATIC,ALL,472,15360,3228,42,30,-67,0.029,0.938,0.197,2.561,1.829,-4.085,-1.722,0.164,-1.816,-1.819,12,20,OK
A,33689,STATIC,ALL,514,15292,3230,37,31,-66,0.031,0.933,0.197,2.256,1.890,-4.024,-1.884,0.164,-1.818,-1.821,12,23,DMP_WAIT
A,33708,STATIC,ALL,560,15356,3182,34,31,-69,0.034,0.937,0.194,2.073,1.890,-4.207,-2.045,0.164,-1.824,-1.827,12,19,DMP_WAIT
A,33726,STATIC,ALL,500,15350,3186,30,32,-73,0.031,0.937,0.194,1.829,1.951,-4.451,-1.827,0.164,-1.823,-1.827,12,18,DMP_WAIT
A,33746,STATIC,ALL,460,15332,3170,28,34,-72,0.028,0.936,0.193,1.707,2.073,-4.390,-1.683,0.165,-1.818,-1.821,12,20,OK
A,33769,STATIC,ALL,438,15298,3190,32,34,-72,0.027,0.934,0.195,1.951,2.073,-4.390,-1.605,0.165,-1.810,-1.813,12,23,DMP_WAIT
A,33788,STATIC,ALL,464,15296,3184,35,31,-70,0.028,0.934,0.194,2.134,1.890,-4.268,-1.701,0.165,-1.809,-1.811,12,19,DMP_WAIT
A,33806,STATIC,ALL,488,15362,3188,38,30,-66,0.030,0.938,0.195,2.317,1.829,-4.024,-1.782,0.165,-1.810,-1.812,12,18,DMP_WAIT
A,33826,STATIC,ALL,494,15318,3188,37,29,-65,0.030,0.935,0.195,2.256,1.768,-3.963,-1.808,0.164,-1.813,-1.815,12,20,OK
A,33849,STATIC,ALL,562,15330,3268,35,30,-69,0.034,0.936,0.199,2.134,1.829,-4.207,-2.053,0.164,-1.820,-1.823,12,23,DMP_WAIT
A,33868,STATIC,ALL,514,15336,3150,31,32,-71,0.031,0.936,0.192,1.890,1.951,-4.329,-1.880,0.164,-1.821,-1.824,12,19,DMP_WAIT
A,33886,STATIC,ALL,450,15262,3264,31,34,-71,0.027,0.932,0.199,1.890,2.073,-4.329,-1.652,0.164,-1.815,-1.817,12,18,DMP_WAIT
A,33906,STATIC,ALL,472,15346,3280,34,33,-71,0.029,0.937,0.200,2.073,2.012,-4.329,-1.723,0.164,-1.812,-1.814,12,20,OK
A,33929,STATIC,ALL,464,15336,3098,35,32,-69,0.028,0.936,0.189,2.134,1.951,-4.207,-1.699,0.164,-1.809,-1.811,12,23,DMP_WAIT
A,33948,STATIC,ALL,498,15344,3142,36,32,-68,0.030,0.937,0.192,2.195,1.951,-4.146,-1.821,0.164,-1.809,-1.810,12,19,DMP_WAIT
A,33966,STATIC,ALL,508,15296,3170,35,31,-68,0.031,0.934,0.193,2.134,1.890,-4.146,-1.863,0.164,-1.811,-1.812,12,18,DMP_WAIT
A,33986,STATIC,ALL,524,15374,3224,35,32,-70,0.032,0.938,0.197,2.134,1.951,-4.268,-1.911,0.163,-1.812,-1.814,12,20,OK
A,34009,STATIC,ALL,516,15298,3132,34,33,-68,0.031,0.934,0.191,2.073,2.012,-4.146,-1.893,0.163,-1.812,-1.814,12,23,DMP_WAIT
A,34028,STATIC,ALL,512,15376,3256,35,32,-69,0.031,0.938,0.199,2.134,1.951,-4.207,-1.866,0.163,-1.813,-1.814,12,19,DMP_WAIT
A,34046,STATIC,ALL,474,15296,3220,33,31,-69,0.029,0.934,0.197,2.012,1.890,-4.207,-1.737,0.163,-1.812,-1.813,12,18,DMP_WAIT
A,34066,STATIC,ALL,508,15288,3236,34,31,-69,0.031,0.933,0.198,2.073,1.890,-4.207,-1.862,0.163,-1.814,-1.815,12,20,OK
A,34089,STATIC,ALL,468,15334,3174,34,33,-70,0.029,0.936,0.194,2.073,2.012,-4.268,-1.712,0.163,-1.810,-1.811,12,23,DMP_WAIT
A,34108,STATIC,ALL,488,15322,3210,34,32,-72,0.030,0.935,0.196,2.073,1.951,-4.390,-1.785,0.163,-1.809,-1.810,12,19,DMP_WAIT
A,34126,STATIC,ALL,460,15318,3170,33,32,-69,0.028,0.935,0.193,2.012,1.951,-4.207,-1.684,0.163,-1.806,-1.807,12,18,DMP_WAIT
A,34146,STATIC,ALL,472,15332,3178,34,32,-68,0.029,0.936,0.194,2.073,1.951,-4.146,-1.727,0.162,-1.804,-1.805,12,20,OK
A,34169,STATIC,ALL,504,15326,3278,35,29,-68,0.031,0.935,0.200,2.134,1.768,-4.146,-1.842,0.162,-1.809,-1.809,12,23,DMP_WAIT
A,34188,STATIC,ALL,530,15314,3160,34,31,-69,0.032,0.935,0.193,2.073,1.890,-4.207,-1.941,0.162,-1.812,-1.813,12,19,DMP_WAIT
A,34206,STATIC,ALL,522,15318,3184,35,31,-69,0.032,0.935,0.194,2.134,1.890,-4.207,-1.911,0.162,-1.815,-1.815,12,18,DMP_WAIT
A,34226,STATIC,ALL,506,15370,3226,34,32,-70,0.031,0.938,0.197,2.073,1.951,-4.268,-1.845,0.164,-1.815,-1.816,12,20,OK
A,34249,STATIC,ALL,514,15284,3196,33,32,-70,0.031,0.933,0.195,2.012,1.951,-4.268,-1.885,0.164,-1.816,-1.817,12,23,DMP_WAIT
A,34268,STATIC,ALL,474,15344,3170,35,33,-69,0.029,0.937,0.193,2.134,2.012,-4.207,-1.733,0.164,-1.813,-1.813,12,19,DMP_WAIT
A,34286,STATIC,ALL,486,15358,3280,34,32,-69,0.030,0.937,0.200,2.073,1.951,-4.207,-1.773,0.164,-1.811,-1.812,11,18,DMP_WAIT
A,34306,STATIC,ALL,558,15298,3270,33,31,-70,0.034,0.934,0.200,2.012,1.890,-4.268,-2.043,0.163,-1.817,-1.818,11,20,OK
A,34329,STATIC,ALL,466,15282,3306,34,32,-68,0.028,0.933,0.202,2.073,1.951,-4.146,-1.707,0.163,-1.814,-1.815,11,23,DMP_WAIT
A,34348,STATIC,ALL,474,15338,3240,36,31,-69,0.029,0.936,0.198,2.195,1.890,-4.207,-1.732,0.163,-1.813,-1.814,11,19,DMP_WAIT
A,34366,STATIC,ALL,514,15332,3150,35,31,-69,0.031,0.936,0.192,2.134,1.890,-4.207,-1.881,0.163,-1.815,-1.816,11,18,DMP_WAIT
A,34386,STATIC,ALL,526,15360,3186,35,32,-69,0.032,0.938,0.194,2.134,1.951,-4.207,-1.920,0.163,-1.817,-1.818,11,20,OK
A,34409,STATIC,ALL,492,15302,3204,34,31,-68,0.030,0.934,0.196,2.073,1.890,-4.146,-1.803,0.163,-1.818,-1.818,11,23,DMP_WAIT
A,34428,STATIC,ALL,534,15338,3200,34,31,-70,0.033,0.936,0.195,2.073,1.890,-4.268,-1.952,0.163,-1.821,-1.822,11,19,DMP_WAIT
A,34446,STATIC,ALL,504,15324,3174,34,32,-69,0.031,0.935,0.194,2.073,1.951,-4.207,-1.845,0.163,-1.821,-1.822,11,18,DMP_WAIT
A,34466,STATIC,ALL,490,15374,3212,34,33,-71,0.030,0.938,0.196,2.073,2.012,-4.329,-1.787,0.164,-1.819,-1.820,11,20,OK
A,34489,STATIC,ALL,470,15312,3170,33,32,-70,0.029,0.935,0.193,2.012,1.951,-4.268,-1.722,0.164,-1.817,-1.817,11,23,DMP_WAIT
A,34508,STATIC,ALL,466,15354,3200,32,33,-71,0.028,0.937,0.195,1.951,2.012,-4.329,-1.702,0.164,-1.813,-1.813,11,19,DMP_WAIT
A,34526,STATIC,ALL,516,15306,3224,34,32,-69,0.031,0.934,0.197,2.073,1.951,-4.207,-1.889,0.164,-1.814,-1.814,11,18,DMP_WAIT
A,34546,STATIC,ALL,490,15304,3078,36,31,-67,0.030,0.934,0.188,2.195,1.890,-4.085,-1.798,0.163,-1.814,-1.815,11,20,OK
A,34569,STATIC,ALL,486,15316,3156,38,30,-66,0.030,0.935,0.193,2.317,1.829,-4.024,-1.780,0.163,-1.816,-1.816,11,23,DMP_WAIT
A,34588,STATIC,ALL,482,15382,3102,37,30,-67,0.029,0.939,0.189,2.256,1.829,-4.085,-1.759,0.163,-1.817,-1.817,11,19,DMP_WAIT
A,34606,STATIC,ALL,514,15290,3178,34,32,-70,0.031,0.933,0.194,2.073,1.951,-4.268,-1.885,0.163,-1.818,-1.818,11,18,DMP_WAIT
A,34626,STATIC,ALL,462,15392,3246,32,34,-71,0.028,0.939,0.198,1.951,2.073,-4.329,-1.682,0.163,-1.812,-1.812,11,20,OK
A,34649,STATIC,ALL,440,15388,3234,29,33,-72,0.027,0.939,0.197,1.768,2.012,-4.390,-1.603,0.163,-1.806,-1.806,11,23,DMP_WAIT
A,34668,STATIC,ALL,514,15240,3246,27,32,-71,0.031,0.930,0.198,1.646,1.951,-4.329,-1.889,0.163,-1.807,-1.807,11,19,DMP_WAIT
A,34686,STATIC,ALL,494,15250,3200,34,31,-69,0.030,0.931,0.195,2.073,1.890,-4.207,-1.816,0.163,-1.808,-1.808,11,18,DMP_WAIT
A,34706,STATIC,ALL,488,15344,3224,40,31,-67,0.030,0.937,0.197,2.439,1.890,-4.085,-1.783,0.162,-1.809,-1.808,11,20,OK
A,34729,STATIC,ALL,480,15360,3216,40,30,-67,0.029,0.938,0.196,2.439,1.829,-4.085,-1.752,0.162,-1.810,-1.809,11,23,DMP_WAIT
A,34748,STATIC,ALL,506,15366,3216,39,31,-66,0.031,0.938,0.196,2.378,1.890,-4.024,-1.846,0.162,-1.811,-1.811,11,19,DMP_WAIT
A,34766,STATIC,ALL,506,15366,3140,34,32,-69,0.031,0.938,0.192,2.073,1.951,-4.207,-1.848,0.162,-1.812,-1.811,11,18,DMP_WAIT
A,34786,STATIC,ALL,534,15330,3172,32,33,-71,0.033,0.936,0.194,1.951,2.012,-4.329,-1.954,0.162,-1.813,-1.812,11,20,OK
A,34809,STATIC,ALL,480,15352,3172,29,34,-71,0.029,0.937,0.194,1.768,2.073,-4.329,-1.754,0.162,-1.808,-1.808,11,23,DMP_WAIT
A,34828,STATIC,ALL,506,15356,3238,29,32,-72,0.031,0.937,0.198,1.768,1.951,-4.390,-1.847,0.162,-1.809,-1.808,11,19,DMP_WAIT
A,34846,STATIC,ALL,504,15336,3218,30,32,-70,0.031,0.936,0.196,1.829,1.951,-4.268,-1.842,0.162,-1.809,-1.809,11,18,DMP_WAIT
A,34866,STATIC,ALL,462,15272,3190,34,33,-69,0.028,0.932,0.195,2.073,2.012,-4.207,-1.696,0.161,-1.805,-1.805,11,20,OK
A,34889,STATIC,ALL,458,15302,3218,39,31,-67,0.028,0.934,0.196,2.378,1.890,-4.085,-1.678,0.161,-1.804,-1.803,11,23,DMP_WAIT
A,34908,STATIC,ALL,510,15356,3176,41,31,-67,0.031,0.937,0.194,2.500,1.890,-4.085,-1.863,0.161,-1.806,-1.805,11,19,DMP_WAIT
A,34926,STATIC,ALL,508,15370,3246,40,31,-68,0.031,0.938,0.198,2.439,1.890,-4.146,-1.852,0.161,-1.807,-1.806,11,18,DMP_WAIT
A,34946,STATIC,ALL,476,15352,3172,36,31,-68,0.029,0.937,0.194,2.195,1.890,-4.146,-1.739,0.162,-1.807,-1.806,11,20,OK
A,34969,STATIC,ALL,514,15338,3202,31,32,-70,0.031,0.936,0.195,1.890,1.951,-4.268,-1.879,0.162,-1.808,-1.807,11,23,DMP_WAIT
A,34988,STATIC,ALL,500,15322,3182,30,32,-72,0.031,0.935,0.194,1.829,1.951,-4.390,-1.830,0.162,-1.808,-1.807,11,19,DMP_WAIT
A,35006,STATIC,ALL,486,15316,3286,31,33,-72,0.030,0.935,0.201,1.890,2.012,-4.390,-1.777,0.162,-1.806,-1.804,11,18,DMP_WAIT
A,35026,STATIC,ALL,500,15300,3204,31,33,-70,0.031,0.934,0.196,1.890,2.012,-4.268,-1.832,0.160,-1.805,-1.803,11,20,OK
A,35049,STATIC,ALL,482,15312,3304,35,33,-68,0.029,0.935,0.202,2.134,2.012,-4.146,-1.762,0.160,-1.802,-1.801,11,23,DMP_WAIT
A,35068,STATIC,ALL,518,15308,3208,37,31,-68,0.032,0.934,0.196,2.256,1.890,-4.146,-1.897,0.160,-1.804,-1.803,11,19,DMP_WAIT
A,35086,STATIC,ALL,480,15298,3158,39,31,-68,0.029,0.934,0.193,2.378,1.890,-4.146,-1.760,0.160,-1.804,-1.803,11,18,DMP_WAIT
A,35106,STATIC,ALL,500,15304,3166,38,31,-68,0.031,0.934,0.193,2.317,1.890,-4.146,-1.832,0.161,-1.806,-1.804,11,20,OK
A,35129,STATIC,ALL,556,15306,3142,36,32,-69,0.034,0.934,0.192,2.195,1.951,-4.207,-2.038,0.161,-1.810,-1.809,11,23,DMP_WAIT
A,35148,STATIC,ALL,494,15308,3230,33,32,-69,0.030,0.934,0.197,2.012,1.951,-4.207,-1.809,0.161,-1.809,-1.809,11,19,DMP_WAIT
A,35166,STATIC,ALL,460,15322,3248,31,33,-70,0.028,0.935,0.198,1.890,2.012,-4.268,-1.682,0.161,-1.805,-1.804,11,18,DMP_WAIT
A,35186,STATIC,ALL,490,15326,3192,31,32,-72,0.030,0.935,0.195,1.890,1.951,-4.390,-1.793,0.160,-1.805,-1.804,11,20,OK
A,35209,STATIC,ALL,482,15250,3248,31,32,-70,0.029,0.931,0.198,1.890,1.951,-4.268,-1.771,0.160,-1.804,-1.803,11,23,DMP_WAIT
A,35228,STATIC,ALL,480,15354,3280,35,33,-70,0.029,0.937,0.200,2.134,2.012,-4.268,-1.751,0.160,-1.801,-1.800,11,19,DMP_WAIT
A,35246,STATIC,ALL,460,15292,3248,35,31,-70,0.028,0.933,0.198,2.134,1.890,-4.268,-1.685,0.160,-1.799,-1.798,11,18,DMP_WAIT
A,35266,STATIC,ALL,504,15260,3116,37,33,-69,0.031,0.931,0.190,2.256,2.012,-4.207,-1.853,0.158,-1.799,-1.798,11,20,OK
A,35289,STATIC,ALL,432,15312,3202,37,32,-67,0.026,0.935,0.195,2.256,1.951,-4.085,-1.582,0.158,-1.794,-1.792,12,23,DMP_WAIT
A,35308,STATIC,ALL,518,15406,3176,34,30,-69,0.032,0.940,0.194,2.073,1.829,-4.207,-1.886,0.158,-1.798,-1.796,12,19,DMP_WAIT
A,35326,STATIC,ALL,534,15276,3180,33,31,-69,0.033,0.932,0.194,2.012,1.890,-4.207,-1.960,0.158,-1.802,-1.800,12,18,DMP_WAIT
A,35346,STATIC,ALL,496,15302,3206,34,33,-70,0.030,0.934,0.196,2.073,2.012,-4.268,-1.817,0.159,-1.801,-1.799,12,20,OK
A,35369,STATIC,ALL,522,15380,3288,33,33,-71,0.032,0.939,0.201,2.012,2.012,-4.329,-1.901,0.159,-1.801,-1.799,12,23,DMP_WAIT
A,35388,STATIC,ALL,552,15256,3210,30,32,-69,0.034,0.931,0.196,1.829,1.951,-4.207,-2.028,0.159,-1.805,-1.804,12,19,DMP_WAIT
A,35406,STATIC,ALL,458,15292,3246,33,32,-68,0.028,0.933,0.198,2.012,1.951,-4.146,-1.678,0.159,-1.802,-1.801,12,18,DMP_WAIT
A,35426,STATIC,ALL,474,15308,3204,34,32,-71,0.029,0.934,0.196,2.073,1.951,-4.329,-1.736,0.159,-1.800,-1.799,12,20,OK
A,35449,STATIC,ALL,484,15280,3156,37,31,-69,0.030,0.933,0.193,2.256,1.890,-4.207,-1.777,0.159,-1.801,-1.799,12,23,DMP_WAIT
A,35468,STATIC,ALL,470,15362,3198,40,31,-66,0.029,0.938,0.195,2.439,1.890,-4.024,-1.716,0.159,-1.800,-1.798,12,19,DMP_WAIT
A,35486,STATIC,ALL,524,15314,3184,38,30,-68,0.032,0.935,0.194,2.317,1.829,-4.146,-1.919,0.159,-1.804,-1.803,12,18,DMP_WAIT
A,35506,STATIC,ALL,482,15298,3136,35,30,-67,0.029,0.934,0.191,2.134,1.829,-4.085,-1.768,0.160,-1.805,-1.804,12,20,OK
A,35529,STATIC,ALL,504,15376,3208,36,32,-68,0.031,0.938,0.196,2.195,1.951,-4.146,-1.838,0.160,-1.805,-1.804,12,23,DMP_WAIT
A,35548,STATIC,ALL,494,15352,3252,32,32,-72,0.030,0.937,0.198,1.951,1.951,-4.390,-1.803,0.160,-1.805,-1.804,12,19,DMP_WAIT
A,35566,STATIC,ALL,484,15272,3192,30,33,-73,0.030,0.932,0.195,1.829,2.012,-4.451,-1.777,0.160,-1.803,-1.802,12,18,DMP_WAIT
A,35586,STATIC,ALL,454,15314,3226,30,34,-71,0.028,0.935,0.197,1.829,2.073,-4.329,-1.662,0.158,-1.797,-1.796,12,20,OK
A,35609,STATIC,ALL,508,15336,3232,32,32,-72,0.031,0.936,0.197,1.951,1.951,-4.390,-1.856,0.158,-1.798,-1.797,12,23,DMP_WAIT
A,35628,STATIC,ALL,468,15316,3216,35,32,-68,0.029,0.935,0.196,2.134,1.951,-4.146,-1.713,0.158,-1.796,-1.794,12,19,DMP_WAIT
A,35646,STATIC,ALL,450,15342,3268,38,32,-67,0.027,0.936,0.199,2.317,1.951,-4.085,-1.643,0.158,-1.792,-1.791,12,18,DMP_WAIT
A,35666,STATIC,ALL,474,15360,3218,38,29,-67,0.029,0.938,0.196,2.317,1.768,-4.085,-1.730,0.157,-1.794,-1.792,12,20,OK
A,35689,STATIC,ALL,510,15370,3222,36,31,-68,0.031,0.938,0.197,2.195,1.890,-4.146,-1.860,0.157,-1.797,-1.795,12,23,DMP_WAIT
A,35708,STATIC,ALL,464,15318,3232,33,32,-68,0.028,0.935,0.197,2.012,1.951,-4.146,-1.698,0.157,-1.794,-1.792,12,19,DMP_WAIT
A,35726,STATIC,ALL,538,15390,3190,30,31,-72,0.033,0.939,0.195,1.829,1.890,-4.390,-1.960,0.157,-1.798,-1.796,12,18,DMP_WAIT
A,35746,STATIC,ALL,528,15262,3168,28,34,-72,0.032,0.932,0.193,1.707,2.073,-4.390,-1.940,0.157,-1.798,-1.797,12,20,OK
A,35769,STATIC,ALL,504,15340,3298,31,34,-72,0.031,0.936,0.201,1.890,2.073,-4.390,-1.840,0.157,-1.796,-1.794,12,23,DMP_WAIT
A,35788,STATIC,ALL,490,15346,3228,34,32,-71,0.030,0.937,0.197,2.073,1.951,-4.329,-1.790,0.157,-1.795,-1.794,12,19,DMP_WAIT
A,35806,STATIC,ALL,466,15350,3212,39,30,-68,0.028,0.937,0.196,2.378,1.829,-4.146,-1.702,0.157,-1.795,-1.794,12,18,DMP_WAIT
A,35826,STATIC,ALL,512,15324,3176,41,30,-64,0.031,0.935,0.194,2.500,1.829,-3.902,-1.874,0.157,-1.799,-1.797,12,20,OK
A,35849,STATIC,ALL,526,15364,3238,37,29,-66,0.032,0.938,0.198,2.256,1.768,-4.024,-1.919,0.157,-1.805,-1.803,12,23,DMP_WAIT
A,35868,STATIC,ALL,526,15372,3240,34,30,-68,0.032,0.938,0.198,2.073,1.829,-4.146,-1.918,0.157,-1.809,-1.808,12,19,DMP_WAIT
A,35886,STATIC,ALL,544,15378,3222,31,33,-70,0.033,0.939,0.197,1.890,2.012,-4.268,-1.983,0.157,-1.811,-1.810,12,18,DMP_WAIT
A,35906,STATIC,ALL,448,15352,3168,30,34,-73,0.027,0.937,0.193,1.829,2.073,-4.451,-1.637,0.159,-1.805,-1.804,12,20,OK
A,35929,STATIC,ALL,470,15330,3114,29,34,-73,0.029,0.936,0.190,1.768,2.073,-4.451,-1.721,0.159,-1.800,-1.799,12,23,DMP_WAIT
A,35948,STATIC,ALL,420,15288,3240,30,33,-71,0.026,0.933,0.198,1.829,2.012,-4.329,-1.539,0.159,-1.793,-1.792,12,19,DMP_WAIT
A,35966,STATIC,ALL,472,15284,3186,34,31,-69,0.029,0.933,0.194,2.073,1.890,-4.207,-1.732,0.159,-1.793,-1.791,12,18,DMP_WAIT
A,35986,STATIC,ALL,480,15308,3246,40,30,-67,0.029,0.934,0.198,2.439,1.829,-4.085,-1.757,0.156,-1.794,-1.792,12,20,OK
A,36009,STATIC,ALL,452,15372,3182,43,30,-63,0.028,0.938,0.194,2.622,1.829,-3.841,-1.649,0.156,-1.793,-1.791,12,23,DMP_WAIT
A,36028,STATIC,ALL,524,15400,3162,38,29,-67,0.032,0.940,0.193,2.317,1.768,-4.085,-1.909,0.156,-1.799,-1.797,12,19,DMP_WAIT
A,36046,STATIC,ALL,556,15186,3210,28,32,-70,0.034,0.927,0.196,1.707,1.951,-4.268,-2.052,0.156,-1.803,-1.802,12,18,DMP_WAIT
A,36066,STATIC,ALL,514,15456,3208,31,34,-73,0.031,0.943,0.196,1.890,2.073,-4.451,-1.865,0.157,-1.802,-1.800,12,20,OK
A,36089,STATIC,ALL,478,15322,3200,26,33,-75,0.029,0.935,0.195,1.585,2.012,-4.573,-1.749,0.157,-1.799,-1.797,12,23,DMP_WAIT
A,36108,STATIC,ALL,452,15252,3156,32,35,-71,0.028,0.931,0.193,1.951,2.134,-4.329,-1.662,0.157,-1.792,-1.791,12,19,DMP_WAIT
A,36126,STATIC,ALL,428,15402,3222,38,33,-68,0.026,0.940,0.197,2.317,2.012,-4.146,-1.558,0.157,-1.786,-1.784,12,18,DMP_WAIT
A,36146,STATIC,ALL,536,15390,3216,40,27,-67,0.033,0.939,0.196,2.439,1.646,-4.085,-1.953,0.155,-1.795,-1.793,12,20,OK
A,36169,STATIC,ALL,530,15282,3112,37,29,-63,0.032,0.933,0.190,2.256,1.768,-3.841,-1.946,0.155,-1.802,-1.800,12,23,DMP_WAIT
A,36188,STATIC,ALL,482,15370,3262,36,32,-67,0.029,0.938,0.199,2.195,1.951,-4.085,-1.757,0.155,-1.801,-1.799,12,19,DMP_WAIT
A,36206,STATIC,ALL,530,15388,3128,33,31,-73,0.032,0.939,0.191,2.012,1.890,-4.451,-1.933,0.155,-1.804,-1.802,12,18,DMP_WAIT
A,36226,STATIC,ALL,494,15290,3110,29,34,-71,0.030,0.933,0.190,1.768,2.073,-4.329,-1.813,0.157,-1.801,-1.800,12,20,OK
A,36249,STATIC,ALL,422,15314,3240,29,34,-71,0.026,0.935,0.198,1.768,2.073,-4.329,-1.544,0.157,-1.793,-1.791,12,23,DMP_WAIT
A,36268,STATIC,ALL,500,15332,3192,32,31,-71,0.031,0.936,0.195,1.951,1.890,-4.329,-1.829,0.157,-1.794,-1.792,12,19,DMP_WAIT
A,36286,STATIC,ALL,478,15270,3198,34,32,-69,0.029,0.932,0.195,2.073,1.951,-4.207,-1.755,0.157,-1.793,-1.791,12,18,DMP_WAIT
A,36306,STATIC,ALL,430,15364,3260,39,32,-68,0.026,0.938,0.199,2.378,1.951,-4.146,-1.568,0.155,-1.788,-1.786,12,20,OK
A,36329,STATIC,ALL,498,15384,3168,39,30,-69,0.030,0.939,0.193,2.378,1.829,-4.207,-1.816,0.155,-1.791,-1.789,12,23,DMP_WAIT
A,36348,STATIC,ALL,508,15282,3164,37,31,-68,0.031,0.933,0.193,2.256,1.890,-4.146,-1.864,0.155,-1.793,-1.791,12,19,DMP_WAIT
A,36366,STATIC,ALL,476,15396,3196,34,32,-67,0.029,0.940,0.195,2.073,1.951,-4.085,-1.734,0.155,-1.792,-1.789,12,18,DMP_WAIT
A,36386,STATIC,ALL,542,15330,3184,28,31,-72,0.033,0.936,0.194,1.707,1.890,-4.390,-1.983,0.155,-1.796,-1.794,12,20,OK
A,36409,STATIC,ALL,472,15294,3238,29,34,-73,0.029,0.933,0.198,1.768,2.073,-4.451,-1.729,0.155,-1.792,-1.790,12,23,DMP_WAIT
A,36428,STATIC,ALL,432,15356,3282,32,35,-72,0.026,0.937,0.200,1.951,2.134,-4.390,-1.576,0.155,-1.784,-1.781,12,19,DMP_WAIT
A,36446,STATIC,ALL,448,15284,3242,35,32,-71,0.027,0.933,0.198,2.134,1.951,-4.329,-1.642,0.155,-1.781,-1.778,12,18,DMP_WAIT
A,36466,STATIC,ALL,472,15340,3210,40,30,-67,0.029,0.936,0.196,2.439,1.829,-4.085,-1.725,0.152,-1.781,-1.778,12,20,OK
A,36489,STATIC,ALL,478,15366,3102,39,30,-65,0.029,0.938,0.189,2.378,1.829,-3.963,-1.747,0.152,-1.783,-1.780,12,23,DMP_WAIT
A,36508,STATIC,ALL,562,15358,3246,36,29,-68,0.034,0.937,0.198,2.195,1.768,-4.146,-2.050,0.152,-1.791,-1.788,12,19,DMP_WAIT
A,36526,STATIC,ALL,516,15320,3212,32,31,-70,0.031,0.935,0.196,1.951,1.890,-4.268,-1.888,0.152,-1.794,-1.791,12,18,DMP_WAIT
A,36546,STATIC,ALL,530,15320,3204,31,34,-72,0.032,0.935,0.196,1.890,2.073,-4.390,-1.939,0.154,-1.794,-1.791,12,20,OK
A,36569,STATIC,ALL,496,15340,3244,31,33,-73,0.030,0.936,0.198,1.890,2.012,-4.451,-1.812,0.154,-1.793,-1.790,12,23,DMP_WAIT
A,36588,STATIC,ALL,510,15324,3200,32,31,-71,0.031,0.935,0.195,1.951,1.890,-4.329,-1.866,0.154,-1.795,-1.792,12,19,DMP_WAIT
A,36606,STATIC,ALL,458,15342,3244,35,32,-68,0.028,0.936,0.198,2.134,1.951,-4.146,-1.673,0.154,-1.792,-1.789,12,18,DMP_WAIT
A,36626,STATIC,ALL,564,15320,3224,36,30,-68,0.034,0.935,0.197,2.195,1.829,-4.146,-2.063,0.154,-1.800,-1.797,12,20,OK
A,36649,STATIC,ALL,520,15334,3170,38,31,-68,0.032,0.936,0.193,2.317,1.890,-4.146,-1.902,0.154,-1.802,-1.800,12,23,DMP_WAIT
A,36668,STATIC,ALL,484,15314,3220,38,32,-68,0.030,0.935,0.197,2.317,1.951,-4.146,-1.772,0.154,-1.801,-1.799,12,19,DMP_WAIT
A,36686,STATIC,ALL,544,15392,3238,33,31,-69,0.033,0.939,0.198,2.012,1.890,-4.207,-1.981,0.154,-1.806,-1.804,12,18,DMP_WAIT
A,36706,STATIC,ALL,532,15348,3200,29,30,-71,0.032,0.937,0.195,1.768,1.829,-4.329,-1.943,0.157,-1.810,-1.809,12,20,OK
A,36729,STATIC,ALL,542,15344,3294,32,32,-71,0.033,0.937,0.201,1.951,1.951,-4.329,-1.978,0.157,-1.813,-1.812,12,23,DMP_WAIT
A,36748,STATIC,ALL,458,15384,3220,33,33,-70,0.028,0.939,0.197,2.012,2.012,-4.268,-1.669,0.157,-1.809,-1.808,12,19,DMP_WAIT
A,36766,STATIC,ALL,522,15348,3124,33,33,-71,0.032,0.937,0.191,2.012,2.012,-4.329,-1.909,0.157,-1.810,-1.809,12,18,DMP_WAIT
A,36786,STATIC,ALL,482,15346,3210,36,31,-68,0.029,0.937,0.196,2.195,1.890,-4.146,-1.761,0.157,-1.809,-1.808,12,20,OK
A,36809,STATIC,ALL,482,15390,3216,39,32,-68,0.029,0.939,0.196,2.378,1.951,-4.146,-1.756,0.157,-1.808,-1.807,12,23,DMP_WAIT
A,36828,STATIC,ALL,538,15352,3194,37,31,-67,0.033,0.937,0.195,2.256,1.890,-4.085,-1.965,0.157,-1.812,-1.811,12,19,DMP_WAIT
A,36846,STATIC,ALL,524,15366,3198,33,32,-69,0.032,0.938,0.195,2.012,1.951,-4.207,-1.912,0.157,-1.813,-1.813,12,18,DMP_WAIT
A,36866,STATIC,ALL,528,15314,3180,29,32,-71,0.032,0.935,0.194,1.768,1.951,-4.329,-1.933,0.158,-1.815,-1.815,12,20,OK
A,36889,STATIC,ALL,496,15338,3232,29,34,-72,0.030,0.936,0.197,1.768,2.073,-4.390,-1.812,0.158,-1.812,-1.812,12,23,DMP_WAIT
A,36908,STATIC,ALL,486,15326,3236,30,33,-72,0.030,0.935,0.198,1.829,2.012,-4.390,-1.777,0.158,-1.810,-1.810,12,19,DMP_WAIT
A,36926,STATIC,ALL,466,15272,3270,35,31,-69,0.028,0.932,0.200,2.134,1.890,-4.207,-1.709,0.158,-1.809,-1.809,12,18,DMP_WAIT
A,36946,STATIC,ALL,470,15320,3260,39,31,-68,0.029,0.935,0.199,2.378,1.890,-4.146,-1.719,0.157,-1.808,-1.808,12,20,OK
A,36969,STATIC,ALL,480,15306,3148,39,30,-68,0.029,0.934,0.192,2.378,1.829,-4.146,-1.759,0.157,-1.809,-1.809,12,23,DMP_WAIT
A,36988,STATIC,ALL,496,15374,3170,39,31,-67,0.030,0.938,0.193,2.378,1.890,-4.085,-1.810,0.157,-1.810,-1.810,12,19,DMP_WAIT
A,37006,STATIC,ALL,524,15352,3180,35,32,-69,0.032,0.937,0.194,2.134,1.951,-4.207,-1.914,0.157,-1.811,-1.812,12,18,DMP_WAIT
A,37026,STATIC,ALL,522,15360,3196,33,32,-69,0.032,0.938,0.195,2.012,1.951,-4.207,-1.906,0.157,-1.813,-1.814,12,20,OK
A,37049,STATIC,ALL,532,15338,3234,30,33,-70,0.032,0.936,0.197,1.829,2.012,-4.268,-1.944,0.157,-1.814,-1.815,12,23,DMP_WAIT
A,37068,STATIC,ALL,506,15326,3278,29,32,-71,0.031,0.935,0.200,1.768,1.951,-4.329,-1.849,0.157,-1.814,-1.816,12,19,DMP_WAIT
A,37086,STATIC,ALL,516,15228,3256,32,31,-70,0.031,0.929,0.199,1.951,1.890,-4.268,-1.898,0.157,-1.816,-1.818,12,18,DMP_WAIT
A,37106,STATIC,ALL,482,15312,3210,36,33,-71,0.029,0.935,0.196,2.195,2.012,-4.329,-1.765,0.158,-1.814,-1.816,12,20,OK
A,37129,STATIC,ALL,502,15318,3200,37,32,-68,0.031,0.935,0.195,2.256,1.951,-4.146,-1.837,0.158,-1.814,-1.816,12,23,DMP_WAIT
A,37148,STATIC,ALL,482,15354,3228,39,30,-67,0.029,0.937,0.197,2.378,1.829,-4.085,-1.760,0.158,-1.814,-1.817,12,19,DMP_WAIT
A,37166,STATIC,ALL,482,15288,3184,37,30,-67,0.029,0.933,0.194,2.256,1.829,-4.085,-1.768,0.158,-1.815,-1.818,12,18,DMP_WAIT
A,37186,STATIC,ALL,514,15352,3202,35,31,-68,0.031,0.937,0.195,2.134,1.890,-4.146,-1.877,0.158,-1.817,-1.820,12,20,OK
A,37209,STATIC,ALL,478,15304,3188,31,32,-70,0.029,0.934,0.195,1.890,1.951,-4.268,-1.751,0.158,-1.816,-1.818,12,23,DMP_WAIT
A,37228,STATIC,ALL,528,15324,3262,29,33,-72,0.032,0.935,0.199,1.768,2.012,-4.390,-1.930,0.158,-1.816,-1.819,12,19,DMP_WAIT
A,37246,STATIC,ALL,458,15302,3296,29,33,-73,0.028,0.934,0.201,1.768,2.012,-4.451,-1.676,0.158,-1.812,-1.815,12,18,DMP_WAIT
A,37266,STATIC,ALL,510,15326,3222,32,33,-72,0.031,0.935,0.197,1.951,2.012,-4.390,-1.865,0.157,-1.812,-1.814,12,20,OK
A,37289,STATIC,ALL,460,15298,3212,35,31,-69,0.028,0.934,0.196,2.134,1.890,-4.207,-1.686,0.157,-1.810,-1.813,12,23,DMP_WAIT
A,37308,STATIC,ALL,486,15354,3122,39,31,-66,0.030,0.937,0.191,2.378,1.890,-4.024,-1.777,0.157,-1.810,-1.813,11,19,DMP_WAIT
A,37326,STATIC,ALL,486,15344,3226,41,29,-65,0.030,0.937,0.197,2.500,1.768,-3.963,-1.775,0.157,-1.812,-1.815,11,18,DMP_WAIT
A,37346,STATIC,ALL,542,15394,3290,38,31,-67,0.033,0.940,0.201,2.317,1.890,-4.085,-1.972,0.158,-1.816,-1.819,11,20,OK
A,37369,STATIC,ALL,516,15354,3226,34,31,-68,0.031,0.937,0.197,2.073,1.890,-4.146,-1.884,0.158,-1.818,-1.822,11,23,DMP_WAIT
A,37388,STATIC,ALL,542,15344,3204,29,33,-71,0.033,0.937,0.196,1.768,2.012,-4.329,-1.980,0.158,-1.820,-1.824,11,19,DMP_WAIT
A,37406,STATIC,ALL,508,15342,3204,26,34,-73,0.031,0.936,0.196,1.585,2.073,-4.451,-1.856,0.158,-1.818,-1.822,11,18,DMP_WAIT
A,37426,STATIC,ALL,424,15298,3258,27,33,-74,0.026,0.934,0.199,1.646,2.012,-4.512,-1.553,0.158,-1.811,-1.815,11,20,OK
A,37449,STATIC,ALL,486,15296,3322,31,34,-71,0.030,0.934,0.203,1.890,2.073,-4.329,-1.778,0.158,-1.808,-1.811,11,23,DMP_WAIT
A,37468,STATIC,ALL,470,15306,3214,38,32,-68,0.029,0.934,0.196,2.317,1.951,-4.146,-1.721,0.158,-1.805,-1.809,11,19,DMP_WAIT
A,37486,STATIC,ALL,490,15330,3148,41,30,-64,0.030,0.936,0.192,2.500,1.829,-3.902,-1.793,0.158,-1.807,-1.811,11,18,DMP_WAIT
A,37506,STATIC,ALL,530,15302,3194,42,28,-64,0.032,0.934,0.195,2.561,1.707,-3.902,-1.942,0.158,-1.814,-1.818,11,20,OK
A,37529,STATIC,ALL,566,15348,3138,39,30,-66,0.035,0.937,0.192,2.378,1.829,-4.024,-2.069,0.158,-1.821,-1.826,11,23,DMP_WAIT
A,37548,STATIC,ALL,524,15308,3140,33,31,-69,0.032,0.934,0.192,2.012,1.890,-4.207,-1.921,0.158,-1.824,-1.829,11,19,DMP_WAIT
A,37566,STATIC,ALL,488,15326,3194,29,33,-72,0.030,0.935,0.195,1.768,2.012,-4.390,-1.785,0.158,-1.822,-1.827,11,18,DMP_WAIT
A,37586,STATIC,ALL,504,15322,3244,28,35,-74,0.031,0.935,0.198,1.707,2.134,-4.512,-1.843,0.159,-1.818,-1.823,11,20,OK
A,37609,STATIC,ALL,432,15260,3140,30,34,-73,0.026,0.931,0.192,1.829,2.073,-4.451,-1.588,0.159,-1.811,-1.815,11,23,DMP_WAIT
A,37628,STATIC,ALL,432,15366,3228,34,33,-70,0.026,0.938,0.197,2.073,2.012,-4.268,-1.576,0.159,-1.804,-1.809,11,19,DMP_WAIT
A,37646,STATIC,ALL,468,15298,3216,36,31,-67,0.029,0.934,0.196,2.195,1.890,-4.085,-1.715,0.159,-1.803,-1.807,11,18,DMP_WAIT
A,37666,STATIC,ALL,526,15284,3184,39,30,-66,0.032,0.933,0.194,2.378,1.829,-4.024,-1.930,0.156,-1.808,-1.812,11,20,OK
A,37689,STATIC,ALL,506,15284,3294,40,31,-66,0.031,0.933,0.201,2.439,1.890,-4.024,-1.854,0.156,-1.810,-1.814,11,23,DMP_WAIT
A,37708,STATIC,ALL,516,15342,3180,37,30,-68,0.031,0.936,0.194,2.256,1.829,-4.146,-1.886,0.156,-1.813,-1.818,11,19,DMP_WAIT
A,37726,STATIC,ALL,512,15370,3280,33,32,-70,0.031,0.938,0.200,2.012,1.951,-4.268,-1.866,0.156,-1.814,-1.819,11,18,DMP_WAIT
A,37746,STATIC,ALL,486,15310,3220,29,33,-72,0.030,0.934,0.197,1.768,2.012,-4.390,-1.779,0.157,-1.811,-1.816,11,20,OK
A,37769,STATIC,ALL,510,15308,3180,30,32,-72,0.031,0.934,0.194,1.829,1.951,-4.390,-1.868,0.157,-1.812,-1.817,11,23,DMP_WAIT
A,37788,STATIC,ALL,470,15310,3202,31,32,-72,0.029,0.934,0.195,1.890,1.951,-4.390,-1.721,0.157,-1.810,-1.815,11,19,DMP_WAIT
A,37806,STATIC,ALL,442,15368,3188,35,33,-70,0.027,0.938,0.195,2.134,2.012,-4.268,-1.613,0.157,-1.805,-1.809,11,18,DMP_WAIT
A,37826,STATIC,ALL,456,15314,3208,36,31,-69,0.028,0.935,0.196,2.195,1.890,-4.207,-1.669,0.156,-1.803,-1.807,11,20,OK
A,37849,STATIC,ALL,468,15348,3166,36,30,-67,0.029,0.937,0.193,2.195,1.829,-4.085,-1.711,0.156,-1.803,-1.807,11,23,DMP_WAIT
A,37868,STATIC,ALL,536,15300,3138,34,31,-67,0.033,0.934,0.192,2.073,1.890,-4.085,-1.966,0.156,-1.807,-1.811,11,19,DMP_WAIT
A,37886,STATIC,ALL,534,15346,3262,35,32,-69,0.033,0.937,0.199,2.134,1.951,-4.207,-1.949,0.156,-1.810,-1.814,11,18,DMP_WAIT
A,37906,STATIC,ALL,490,15320,3224,36,33,-70,0.030,0.935,0.197,2.195,2.012,-4.268,-1.793,0.156,-1.808,-1.812,11,20,OK
A,37929,STATIC,ALL,494,15346,3312,36,33,-69,0.030,0.937,0.202,2.195,2.012,-4.207,-1.802,0.156,-1.806,-1.810,11,23,DMP_WAIT
A,37948,STATIC,ALL,472,15332,3206,34,32,-69,0.029,0.936,0.196,2.073,1.951,-4.207,-1.726,0.156,-1.804,-1.808,11,19,DMP_WAIT
A,37966,STATIC,ALL,468,15324,3232,33,31,-69,0.029,0.935,0.197,2.012,1.890,-4.207,-1.712,0.156,-1.803,-1.807,11,18,DMP_WAIT
A,37986,STATIC,ALL,504,15302,3194,31,33,-70,0.031,0.934,0.195,1.890,2.012,-4.268,-1.847,0.155,-1.802,-1.806,11,20,OK
A,38009,STATIC,ALL,522,15358,3164,32,32,-72,0.032,0.937,0.193,1.951,1.951,-4.390,-1.907,0.155,-1.803,-1.808,11,23,DMP_WAIT
A,38028,STATIC,ALL,448,15300,3194,33,33,-72,0.027,0.934,0.195,2.012,2.012,-4.390,-1.642,0.155,-1.799,-1.803,11,19,DMP_WAIT
A,38046,STATIC,ALL,404,15342,3226,34,31,-70,0.025,0.936,0.197,2.073,1.890,-4.268,-1.476,0.155,-1.793,-1.797,11,18,DMP_WAIT
A,38066,STATIC,ALL,524,15366,3272,37,30,-68,0.032,0.938,0.200,2.256,1.829,-4.146,-1.910,0.154,-1.797,-1.801,11,20,OK
A,38089,STATIC,ALL,536,15328,3158,38,30,-67,0.033,0.936,0.193,2.317,1.829,-4.085,-1.962,0.154,-1.803,-1.807,11,23,DMP_WAIT
A,38108,STATIC,ALL,492,15348,3250,38,31,-67,0.030,0.937,0.198,2.317,1.890,-4.085,-1.796,0.154,-1.803,-1.808,11,19,DMP_WAIT
A,38126,STATIC,ALL,498,15308,3194,36,32,-69,0.030,0.934,0.195,2.195,1.951,-4.207,-1.824,0.154,-1.804,-1.808,11,18,DMP_WAIT
A,38146,STATIC,ALL,478,15350,3136,32,33,-71,0.029,0.937,0.191,1.951,2.012,-4.329,-1.748,0.155,-1.801,-1.805,11,20,OK
A,38169,STATIC,ALL,460,15342,3260,30,32,-71,0.028,0.936,0.199,1.829,1.951,-4.329,-1.680,0.155,-1.798,-1.802,11,23,DMP_WAIT
A,38188,STATIC,ALL,484,15326,3264,28,32,-71,0.030,0.935,0.199,1.707,1.951,-4.329,-1.769,0.155,-1.797,-1.801,11,19,DMP_WAIT
A,38206,STATIC,ALL,446,15278,3250,31,33,-71,0.027,0.932,0.198,1.890,2.012,-4.329,-1.636,0.155,-1.792,-1.796,11,18,DMP_WAIT
A,38226,STATIC,ALL,518,15328,3270,35,33,-69,0.032,0.936,0.200,2.134,2.012,-4.207,-1.893,0.152,-1.793,-1.796,11,20,OK
A,38249,STATIC,ALL,486,15382,3218,39,31,-68,0.030,0.939,0.196,2.378,1.890,-4.146,-1.771,0.152,-1.793,-1.796,11,23,DMP_WAIT
A,38268,STATIC,ALL,518,15368,3160,40,30,-66,0.032,0.938,0.193,2.439,1.829,-4.024,-1.891,0.152,-1.797,-1.800,11,19,DMP_WAIT
A,38286,STATIC,ALL,504,15338,3164,38,32,-65,0.031,0.936,0.193,2.317,1.951,-3.963,-1.843,0.152,-1.798,-1.801,11,18,DMP_WAIT
A,38306,STATIC,ALL,544,15364,3250,35,32,-69,0.033,0.938,0.198,2.134,1.951,-4.207,-1.984,0.154,-1.801,-1.804,11,20,OK
A,38329,STATIC,ALL,534,15324,3186,31,32,-71,0.033,0.935,0.194,1.890,1.951,-4.329,-1.954,0.154,-1.804,-1.807,12,23,DMP_WAIT
A,38348,STATIC,ALL,490,15260,3258,28,34,-73,0.030,0.931,0.199,1.707,2.073,-4.451,-1.799,0.154,-1.801,-1.805,12,19,DMP_WAIT
A,38366,STATIC,ALL,460,15314,3234,29,34,-72,0.028,0.935,0.197,1.768,2.073,-4.390,-1.683,0.154,-1.796,-1.799,12,18,DMP_WAIT
A,38386,STATIC,ALL,474,15300,3232,34,32,-70,0.029,0.934,0.197,2.073,1.951,-4.268,-1.736,0.153,-1.794,-1.798,12,20,OK
A,38409,STATIC,ALL,492,15334,3252,39,31,-68,0.030,0.936,0.198,2.378,1.890,-4.146,-1.798,0.153,-1.795,-1.799,12,23,DMP_WAIT
A,38428,STATIC,ALL,498,15320,3174,42,29,-66,0.030,0.935,0.194,2.561,1.768,-4.024,-1.823,0.153,-1.799,-1.802,12,19,DMP_WAIT
A,38446,STATIC,ALL,572,15348,3150,41,30,-66,0.035,0.937,0.192,2.500,1.829,-4.024,-2.091,0.153,-1.806,-1.810,12,18,DMP_WAIT
A,38466,STATIC,ALL,504,15370,3198,37,31,-67,0.031,0.938,0.195,2.256,1.890,-4.085,-1.839,0.155,-1.808,-1.812,12,20,OK
A,38489,STATIC,ALL,488,15332,3192,31,32,-70,0.030,0.936,0.195,1.890,1.951,-4.268,-1.785,0.155,-1.807,-1.811,12,23,DMP_WAIT
A,38508,STATIC,ALL,534,15316,3250,29,33,-72,0.033,0.935,0.198,1.768,2.012,-4.390,-1.953,0.155,-1.808,-1.813,12,19,DMP_WAIT
A,38526,STATIC,ALL,532,15332,3284,29,34,-72,0.032,0.936,0.200,1.768,2.073,-4.390,-1.943,0.155,-1.809,-1.813,12,18,DMP_WAIT
A,38546,STATIC,ALL,448,15268,3254,30,34,-71,0.027,0.932,0.199,1.829,2.073,-4.329,-1.644,0.154,-1.802,-1.807,12,20,OK
A,38569,STATIC,ALL,426,15324,3242,34,32,-70,0.026,0.935,0.198,2.073,1.951,-4.268,-1.558,0.154,-1.797,-1.801,12,23,DMP_WAIT
A,38588,STATIC,ALL,442,15298,3122,37,32,-67,0.027,0.934,0.191,2.256,1.951,-4.085,-1.622,0.154,-1.793,-1.797,12,19,DMP_WAIT
A,38606,STATIC,ALL,448,15362,3182,39,30,-66,0.027,0.938,0.194,2.378,1.829,-4.024,-1.636,0.154,-1.792,-1.795,12,18,DMP_WAIT
A,38626,STATIC,ALL,558,15344,3258,38,30,-67,0.034,0.937,0.199,2.317,1.829,-4.085,-2.037,0.152,-1.799,-1.803,12,20,OK
A,38649,STATIC,ALL,500,15390,3248,35,31,-68,0.031,0.939,0.198,2.134,1.890,-4.146,-1.821,0.152,-1.800,-1.804,12,23,DMP_WAIT
A,38668,STATIC,ALL,490,15340,3246,31,33,-71,0.030,0.936,0.198,1.890,2.012,-4.329,-1.790,0.152,-1.798,-1.802,12,19,DMP_WAIT
A,38686,STATIC,ALL,572,15304,3268,28,32,-72,0.035,0.934,0.199,1.707,1.951,-4.390,-2.093,0.152,-1.804,-1.808,12,18,DMP_WAIT
A,38706,STATIC,ALL,508,15284,3290,29,34,-72,0.031,0.933,0.201,1.768,2.073,-4.390,-1.861,0.153,-1.802,-1.807,12,20,OK
A,38729,STATIC,ALL,490,15280,3240,34,33,-71,0.030,0.933,0.198,2.073,2.012,-4.329,-1.797,0.153,-1.800,-1.805,12,23,DMP_WAIT
A,38748,STATIC,ALL,488,15314,3298,37,32,-69,0.030,0.935,0.201,2.256,1.951,-4.207,-1.784,0.153,-1.800,-1.804,12,19,DMP_WAIT
A,38766,STATIC,ALL,538,15376,3182,37,30,-67,0.033,0.938,0.194,2.256,1.829,-4.085,-1.962,0.153,-1.805,-1.809,12,18,DMP_WAIT
A,38786,STATIC,ALL,510,15292,3202,37,30,-67,0.031,0.933,0.195,2.256,1.829,-4.085,-1.870,0.154,-1.808,-1.813,12,20,OK
A,38809,STATIC,ALL,478,15304,3172,36,31,-68,0.029,0.934,0.194,2.195,1.890,-4.146,-1.752,0.154,-1.808,-1.813,12,23,DMP_WAIT
A,38828,STATIC,ALL,472,15388,3254,35,32,-70,0.029,0.939,0.199,2.134,1.951,-4.268,-1.719,0.154,-1.806,-1.810,12,19,DMP_WAIT
A,38846,STATIC,ALL,534,15364,3208,31,33,-71,0.033,0.938,0.196,1.890,2.012,-4.329,-1.949,0.154,-1.807,-1.812,12,18,DMP_WAIT
A,38866,STATIC,ALL,500,15260,3202,31,33,-71,0.031,0.931,0.195,1.890,2.012,-4.329,-1.837,0.154,-1.806,-1.811,12,20,OK
A,38889,STATIC,ALL,482,15336,3296,33,31,-71,0.029,0.936,0.201,2.012,1.890,-4.329,-1.760,0.154,-1.806,-1.811,12,23,DMP_WAIT
A,38908,STATIC,ALL,506,15278,3204,35,31,-70,0.031,0.932,0.196,2.134,1.890,-4.268,-1.857,0.154,-1.808,-1.813,12,19,DMP_WAIT
A,38926,STATIC,ALL,452,15310,3256,35,32,-69,0.028,0.934,0.199,2.134,1.951,-4.207,-1.654,0.154,-1.804,-1.809,12,18,DMP_WAIT
A,38946,STATIC,ALL,480,15352,3182,37,31,-69,0.029,0.937,0.194,2.256,1.890,-4.207,-1.754,0.154,-1.804,-1.809,12,20,OK
A,38969,STATIC,ALL,498,15324,3200,35,31,-69,0.030,0.935,0.195,2.134,1.890,-4.207,-1.822,0.154,-1.805,-1.810,12,23,DMP_WAIT
A,38988,STATIC,ALL,484,15300,3224,33,31,-68,0.030,0.934,0.197,2.012,1.890,-4.146,-1.773,0.154,-1.805,-1.810,12,19,DMP_WAIT
A,39006,STATIC,ALL,482,15306,3228,34,32,-69,0.029,0.934,0.197,2.073,1.951,-4.207,-1.765,0.154,-1.804,-1.809,12,18,DMP_WAIT
A,39026,STATIC,ALL,536,15304,3204,33,32,-70,0.033,0.934,0.196,2.012,1.951,-4.268,-1.963,0.154,-1.807,-1.812,12,20,OK
A,39049,STATIC,ALL,498,15300,3282,33,31,-69,0.030,0.934,0.200,2.012,1.890,-4.207,-1.823,0.154,-1.808,-1.814,12,23,DMP_WAIT
A,39068,STATIC,ALL,520,15318,3182,33,32,-70,0.032,0.935,0.194,2.012,1.951,-4.268,-1.904,0.154,-1.810,-1.815,12,19,DMP_WAIT
A,39086,STATIC,ALL,476,15342,3222,36,32,-69,0.029,0.936,0.197,2.195,1.951,-4.207,-1.739,0.154,-1.808,-1.813,12,18,DMP_WAIT
A,39106,STATIC,ALL,516,15302,3216,37,31,-68,0.031,0.934,0.196,2.256,1.890,-4.146,-1.890,0.154,-1.810,-1.816,12,20,OK
A,39129,STATIC,ALL,510,15302,3164,35,31,-68,0.031,0.934,0.193,2.134,1.890,-4.146,-1.869,0.154,-1.812,-1.818,12,23,DMP_WAIT
A,39148,STATIC,ALL,538,15298,3224,33,31,-70,0.033,0.934,0.197,2.012,1.890,-4.268,-1.971,0.154,-1.816,-1.823,12,19,DMP_WAIT
A,39166,STATIC,ALL,484,15320,3220,32,32,-71,0.030,0.935,0.197,1.951,1.951,-4.329,-1.771,0.154,-1.815,-1.821,12,18,DMP_WAIT
A,39186,STATIC,ALL,490,15352,3232,31,33,-71,0.030,0.937,0.197,1.890,2.012,-4.329,-1.789,0.155,-1.813,-1.819,12,20,OK
A,39209,STATIC,ALL,460,15332,3242,34,32,-70,0.028,0.936,0.198,2.073,1.951,-4.268,-1.681,0.155,-1.810,-1.816,12,23,DMP_WAIT
A,39228,STATIC,ALL,468,15314,3198,36,31,-69,0.029,0.935,0.195,2.195,1.890,-4.207,-1.713,0.155,-1.809,-1.815,12,19,DMP_WAIT
A,39246,STATIC,ALL,528,15356,3216,37,31,-68,0.032,0.937,0.196,2.256,1.890,-4.146,-1.927,0.155,-1.812,-1.818,12,18,DMP_WAIT
A,39266,STATIC,ALL,472,15300,3236,36,31,-68,0.029,0.934,0.198,2.195,1.890,-4.146,-1.729,0.155,-1.811,-1.817,12,20,OK
A,39289,STATIC,ALL,506,15332,3184,35,31,-69,0.031,0.936,0.194,2.134,1.890,-4.207,-1.851,0.155,-1.813,-1.819,12,23,DMP_WAIT
A,39308,STATIC,ALL,442,15350,3154,34,33,-70,0.027,0.937,0.193,2.073,2.012,-4.268,-1.616,0.155,-1.807,-1.813,12,19,DMP_WAIT
A,39326,STATIC,ALL,524,15330,3240,32,32,-71,0.032,0.936,0.198,1.951,1.951,-4.329,-1.915,0.155,-1.809,-1.815,12,18,DMP_WAIT
A,39346,STATIC,ALL,482,15348,3174,31,32,-70,0.029,0.937,0.194,1.890,1.951,-4.268,-1.762,0.154,-1.808,-1.814,12,20,OK
A,39369,STATIC,ALL,480,15314,3214,32,33,-70,0.029,0.935,0.196,1.951,2.012,-4.268,-1.757,0.154,-1.805,-1.811,12,23,DMP_WAIT
A,39388,STATIC,ALL,486,15270,3284,34,32,-69,0.030,0.932,0.200,2.073,1.951,-4.207,-1.782,0.154,-1.804,-1.810,12,19,DMP_WAIT
A,39406,STATIC,ALL,528,15366,3224,36,31,-69,0.032,0.938,0.197,2.195,1.890,-4.207,-1.926,0.154,-1.807,-1.813,12,18,DMP_WAIT
A,39426,STATIC,ALL,520,15282,3206,37,31,-67,0.032,0.933,0.196,2.256,1.890,-4.085,-1.907,0.154,-1.810,-1.816,12,20,OK
A,39449,STATIC,ALL,556,15350,3138,37,32,-67,0.034,0.937,0.192,2.256,1.951,-4.085,-2.032,0.154,-1.814,-1.820,12,23,DMP_WAIT
A,39468,STATIC,ALL,528,15346,3184,36,31,-68,0.032,0.937,0.194,2.195,1.890,-4.146,-1.930,0.154,-1.817,-1.824,12,19,DMP_WAIT
A,39486,STATIC,ALL,500,15332,3208,32,31,-69,0.031,0.936,0.196,1.951,1.890,-4.207,-1.828,0.154,-1.818,-1.825,12,18,DMP_WAIT
A,39506,STATIC,ALL,468,15278,3224,31,34,-71,0.029,0.932,0.197,1.890,2.073,-4.329,-1.717,0.156,-1.813,-1.820,12,20,OK
A,39529,STATIC,ALL,526,15358,3186,31,34,-72,0.032,0.937,0.194,1.890,2.073,-4.390,-1.921,0.156,-1.812,-1.819,12,23,DMP_WAIT
A,39548,STATIC,ALL,506,15306,3208,32,33,-71,0.031,0.934,0.196,1.951,2.012,-4.329,-1.853,0.156,-1.811,-1.818,12,19,DMP_WAIT
A,39566,STATIC,ALL,470,15350,3198,34,32,-69,0.029,0.937,0.195,2.073,1.951,-4.207,-1.717,0.156,-1.809,-1.816,12,18,DMP_WAIT
A,39586,STATIC,ALL,496,15294,3180,36,31,-67,0.030,0.933,0.194,2.195,1.890,-4.085,-1.819,0.154,-1.810,-1.817,12,20,OK
A,39609,STATIC,ALL,470,15352,3152,39,30,-67,0.029,0.937,0.192,2.378,1.829,-4.085,-1.718,0.154,-1.810,-1.817,12,23,DMP_WAIT
A,39628,STATIC,ALL,500,15338,3158,37,30,-68,0.031,0.936,0.193,2.256,1.829,-4.146,-1.829,0.154,-1.813,-1.820,12,19,DMP_WAIT
A,39646,STATIC,ALL,526,15354,3230,36,32,-69,0.032,0.937,0.197,2.195,1.951,-4.207,-1.920,0.154,-1.814,-1.822,12,18,DMP_WAIT
A,39666,STATIC,ALL,480,15322,3154,32,32,-70,0.029,0.935,0.193,1.951,1.951,-4.268,-1.758,0.155,-1.813,-1.820,12,20,OK
A,39689,STATIC,ALL,500,15348,3250,31,34,-71,0.031,0.937,0.198,1.890,2.073,-4.329,-1.825,0.155,-1.810,-1.817,12,23,DMP_WAIT
A,39708,STATIC,ALL,492,15316,3190,31,32,-71,0.030,0.935,0.195,1.890,1.951,-4.329,-1.801,0.155,-1.809,-1.817,12,19,DMP_WAIT
A,39726,STATIC,ALL,442,15274,3244,31,33,-72,0.027,0.932,0.198,1.890,2.012,-4.390,-1.621,0.155,-1.804,-1.811,12,18,DMP_WAIT
A,39746,STATIC,ALL,416,15274,3206,33,32,-69,0.025,0.932,0.196,2.012,1.951,-4.207,-1.527,0.153,-1.798,-1.805,12,20,OK
A,39769,STATIC,ALL,496,15348,3220,36,32,-68,0.030,0.937,0.197,2.195,1.951,-4.146,-1.812,0.153,-1.798,-1.805,12,23,DMP_WAIT
A,39788,STATIC,ALL,532,15290,3258,37,31,-68,0.032,0.933,0.199,2.256,1.890,-4.146,-1.949,0.153,-1.802,-1.809,12,19,DMP_WAIT
A,39806,STATIC,ALL,472,15342,3186,38,31,-68,0.029,0.936,0.194,2.317,1.890,-4.146,-1.725,0.153,-1.801,-1.808,12,18,DMP_WAIT
A,39826,STATIC,ALL,490,15344,3174,36,32,-68,0.030,0.937,0.194,2.195,1.951,-4.146,-1.791,0.153,-1.800,-1.807,12,20,OK
A,39849,STATIC,ALL,470,15330,3218,35,31,-69,0.029,0.936,0.196,2.134,1.890,-4.207,-1.719,0.153,-1.800,-1.806,12,23,DMP_WAIT
A,39868,STATIC,ALL,524,15358,3162,31,32,-70,0.032,0.937,0.193,1.890,1.951,-4.268,-1.914,0.153,-1.802,-1.808,12,19,DMP_WAIT
A,39886,STATIC,ALL,502,15272,3202,31,32,-71,0.031,0.932,0.195,1.890,1.951,-4.329,-1.843,0.153,-1.802,-1.809,12,18,DMP_WAIT
A,39906,STATIC,ALL,478,15272,3228,32,32,-71,0.029,0.932,0.197,1.951,1.951,-4.329,-1.754,0.153,-1.801,-1.807,12,20,OK
A,39929,STATIC,ALL,524,15324,3212,35,32,-69,0.032,0.935,0.196,2.134,1.951,-4.207,-1.917,0.153,-1.803,-1.809,12,23,DMP_WAIT
A,39948,STATIC,ALL,468,15348,3248,35,32,-68,0.029,0.937,0.198,2.134,1.951,-4.146,-1.709,0.153,-1.800,-1.807,12,19,DMP_WAIT
A,39966,STATIC,ALL,466,15304,3200,34,30,-68,0.028,0.934,0.195,2.073,1.829,-4.146,-1.707,0.153,-1.800,-1.806,12,18,DMP_WAIT
A,39986,STATIC,ALL,534,15316,3254,36,31,-69,0.033,0.935,0.199,2.195,1.890,-4.207,-1.953,0.153,-1.804,-1.811,12,20,OK
A,40009,STATIC,ALL,478,15346,3250,37,33,-69,0.029,0.937,0.198,2.256,2.012,-4.207,-1.745,0.153,-1.801,-1.807,12,23,DMP_WAIT
A,40028,STATIC,ALL,500,15350,3238,35,32,-70,0.031,0.937,0.198,2.134,1.951,-4.268,-1.826,0.153,-1.801,-1.808,12,19,DMP_WAIT
A,40046,STATIC,ALL,546,15352,3218,33,32,-70,0.033,0.937,0.196,2.012,1.951,-4.268,-1.994,0.153,-1.805,-1.811,12,18,DMP_WAIT
A,40066,STATIC,ALL,450,15310,3188,32,32,-71,0.027,0.934,0.195,1.951,1.951,-4.329,-1.648,0.153,-1.801,-1.807,12,20,OK
A,40089,STATIC,ALL,498,15304,3250,32,32,-70,0.030,0.934,0.198,1.951,1.951,-4.268,-1.823,0.153,-1.801,-1.807,12,23,DMP_WAIT
A,40108,STATIC,ALL,524,15302,3266,32,33,-70,0.032,0.934,0.199,1.951,2.012,-4.268,-1.918,0.153,-1.802,-1.808,12,19,DMP_WAIT
A,40126,STATIC,ALL,478,15334,3196,35,32,-71,0.029,0.936,0.195,2.134,1.951,-4.329,-1.748,0.153,-1.800,-1.807,12,18,DMP_WAIT
A,40146,STATIC,ALL,540,15300,3258,37,31,-68,0.033,0.934,0.199,2.256,1.890,-4.146,-1.977,0.152,-1.805,-1.812,12,20,OK
A,40169,STATIC,ALL,516,15326,3218,37,32,-68,0.031,0.935,0.196,2.256,1.951,-4.146,-1.887,0.152,-1.806,-1.813,12,23,DMP_WAIT
A,40188,STATIC,ALL,522,15260,3188,35,30,-68,0.032,0.931,0.195,2.134,1.829,-4.146,-1.918,0.152,-1.810,-1.817,12,19,DMP_WAIT
A,40206,STATIC,ALL,516,15308,3216,34,32,-69,0.031,0.934,0.196,2.073,1.951,-4.207,-1.889,0.152,-1.811,-1.819,12,18,DMP_WAIT
A,40226,STATIC,ALL,492,15310,3228,33,32,-70,0.030,0.934,0.197,2.012,1.951,-4.268,-1.801,0.154,-1.811,-1.818,12,20,OK
A,40249,STATIC,ALL,528,15378,3194,33,32,-70,0.032,0.939,0.195,2.012,1.951,-4.268,-1.925,0.154,-1.812,-1.820,12,23,DMP_WAIT
A,40268,STATIC,ALL,470,15318,3218,33,32,-70,0.029,0.935,0.196,2.012,1.951,-4.268,-1.720,0.154,-1.810,-1.818,12,19,DMP_WAIT
A,40286,STATIC,ALL,454,15308,3220,34,32,-70,0.028,0.934,0.197,2.073,1.951,-4.268,-1.662,0.154,-1.807,-1.814,12,18,DMP_WAIT
A,40306,STATIC,ALL,472,15330,3250,33,31,-69,0.029,0.936,0.198,2.012,1.890,-4.207,-1.725,0.153,-1.806,-1.813,12,20,OK
A,40329,STATIC,ALL,528,15332,3248,33,31,-69,0.032,0.936,0.198,2.012,1.890,-4.207,-1.930,0.153,-1.809,-1.817,12,23,DMP_WAIT
A,40348,STATIC,ALL,458,15274,3224,35,32,-68,0.028,0.932,0.197,2.134,1.951,-4.146,-1.681,0.153,-1.806,-1.814,11,19,DMP_WAIT
A,40366,STATIC,ALL,500,15340,3108,36,32,-70,0.031,0.936,0.190,2.195,1.951,-4.268,-1.830,0.153,-1.807,-1.814,11,18,DMP_WAIT
A,40386,STATIC,ALL,532,15336,3202,35,31,-69,0.032,0.936,0.195,2.134,1.890,-4.207,-1.945,0.153,-1.810,-1.818,11,20,OK
A,40409,STATIC,ALL,512,15318,3160,35,33,-68,0.031,0.935,0.193,2.134,2.012,-4.146,-1.875,0.153,-1.810,-1.817,11,23,DMP_WAIT
A,40428,STATIC,ALL,514,15356,3254,35,32,-69,0.031,0.937,0.199,2.134,1.951,-4.207,-1.875,0.153,-1.811,-1.818,11,19,DMP_WAIT
A,40446,STATIC,ALL,498,15342,3194,34,32,-70,0.030,0.936,0.195,2.073,1.951,-4.268,-1.820,0.153,-1.810,-1.818,11,18,DMP_WAIT
A,40466,STATIC,ALL,498,15352,3208,34,32,-69,0.030,0.937,0.196,2.073,1.951,-4.207,-1.819,0.154,-1.810,-1.818,11,20,OK
A,40489,STATIC,ALL,472,15310,3292,32,33,-70,0.029,0.934,0.201,1.951,2.012,-4.268,-1.726,0.154,-1.807,-1.814,11,23,DMP_WAIT
A,40508,STATIC,ALL,522,15314,3216,32,31,-70,0.032,0.935,0.196,1.951,1.890,-4.268,-1.911,0.154,-1.809,-1.817,11,19,DMP_WAIT
A,40526,STATIC,ALL,510,15352,3298,35,30,-70,0.031,0.937,0.201,2.134,1.829,-4.268,-1.860,0.154,-1.812,-1.820,11,18,DMP_WAIT
A,40546,STATIC,ALL,512,15332,3272,35,31,-68,0.031,0.936,0.200,2.134,1.890,-4.146,-1.871,0.155,-1.814,-1.822,11,20,OK
A,40569,STATIC,ALL,450,15298,3254,37,32,-70,0.027,0.934,0.199,2.256,1.951,-4.268,-1.648,0.155,-1.810,-1.818,11,23,DMP_WAIT
A,40588,STATIC,ALL,500,15354,3182,35,32,-69,0.031,0.937,0.194,2.134,1.951,-4.207,-1.826,0.155,-1.810,-1.818,11,19,DMP_WAIT
A,40606,STATIC,ALL,538,15382,3220,35,32,-69,0.033,0.939,0.197,2.134,1.951,-4.207,-1.961,0.155,-1.813,-1.821,11,18,DMP_WAIT
A,40626,STATIC,ALL,516,15328,3200,34,32,-68,0.031,0.936,0.195,2.073,1.951,-4.146,-1.887,0.154,-1.814,-1.823,11,20,OK
A,40649,STATIC,ALL,448,15340,3190,34,33,-70,0.027,0.936,0.195,2.073,2.012,-4.268,-1.638,0.154,-1.809,-1.817,11,23,DMP_WAIT
A,40668,STATIC,ALL,534,15388,3242,33,31,-70,0.033,0.939,0.198,2.012,1.890,-4.268,-1.945,0.154,-1.812,-1.821,11,19,DMP_WAIT
A,40686,STATIC,ALL,456,15280,3152,32,32,-70,0.028,0.933,0.192,1.951,1.951,-4.268,-1.674,0.154,-1.809,-1.817,11,18,DMP_WAIT
A,40706,STATIC,ALL,470,15288,3160,34,32,-69,0.029,0.933,0.193,2.073,1.951,-4.207,-1.724,0.154,-1.807,-1.815,11,20,OK
A,40729,STATIC,ALL,488,15342,3288,36,31,-70,0.030,0.936,0.201,2.195,1.890,-4.268,-1.781,0.154,-1.807,-1.816,11,23,DMP_WAIT
A,40748,STATIC,ALL,490,15356,3192,35,32,-69,0.030,0.937,0.195,2.134,1.951,-4.207,-1.789,0.154,-1.807,-1.815,11,19,DMP_WAIT
A,40766,STATIC,ALL,542,15344,3222,35,33,-69,0.033,0.937,0.197,2.134,2.012,-4.207,-1.980,0.154,-1.809,-1.817,11,18,DMP_WAIT
A,40786,STATIC,ALL,502,15364,3234,35,32,-69,0.031,0.938,0.197,2.134,1.951,-4.207,-1.831,0.153,-1.809,-1.817,11,20,OK
A,40809,STATIC,ALL,448,15340,3194,33,32,-69,0.027,0.936,0.195,2.012,1.951,-4.207,-1.638,0.153,-1.805,-1.813,11,23,DMP_WAIT
A,40828,STATIC,ALL,518,15318,3220,33,32,-69,0.032,0.935,0.197,2.012,1.951,-4.207,-1.895,0.153,-1.806,-1.815,11,19,DMP_WAIT
A,40846,STATIC,ALL,508,15302,3162,33,32,-70,0.031,0.934,0.193,2.012,1.951,-4.268,-1.862,0.153,-1.807,-1.815,11,18,DMP_WAIT
A,40866,STATIC,ALL,462,15316,3196,34,32,-70,0.028,0.935,0.195,2.073,1.951,-4.268,-1.691,0.153,-1.804,-1.813,11,20,OK
A,40889,STATIC,ALL,438,15318,3238,34,32,-69,0.027,0.935,0.198,2.073,1.951,-4.207,-1.602,0.153,-1.800,-1.808,11,23,DMP_WAIT
A,40908,STATIC,ALL,518,15272,3200,33,31,-69,0.032,0.932,0.195,2.012,1.890,-4.207,-1.901,0.153,-1.803,-1.811,11,19,DMP_WAIT
A,40926,STATIC,ALL,512,15292,3256,33,31,-69,0.031,0.933,0.199,2.012,1.890,-4.207,-1.876,0.153,-1.805,-1.813,11,18,DMP_WAIT
A,40946,STATIC,ALL,502,15362,3242,35,32,-70,0.031,0.938,0.198,2.134,1.951,-4.268,-1.831,0.153,-1.805,-1.813,11,20,OK
A,40969,STATIC,ALL,460,15300,3164,36,33,-69,0.028,0.934,0.193,2.195,2.012,-4.207,-1.686,0.153,-1.801,-1.809,11,23,DMP_WAIT
A,40988,STATIC,ALL,468,15310,3200,38,32,-68,0.029,0.934,0.195,2.317,1.951,-4.146,-1.714,0.153,-1.798,-1.806,11,19,DMP_WAIT
A,41006,STATIC,ALL,404,15356,3224,35,32,-68,0.025,0.937,0.197,2.134,1.951,-4.146,-1.475,0.153,-1.792,-1.799,11,18,DMP_WAIT
A,41026,STATIC,ALL,514,15356,3212,33,31,-69,0.031,0.937,0.196,2.012,1.890,-4.207,-1.877,0.150,-1.794,-1.801,11,20,OK
A,41049,STATIC,ALL,468,15346,3184,31,32,-69,0.029,0.937,0.194,1.890,1.951,-4.207,-1.710,0.150,-1.792,-1.799,11,23,DMP_WAIT
A,41068,STATIC,ALL,484,15360,3212,32,32,-71,0.030,0.938,0.196,1.951,1.951,-4.329,-1.767,0.150,-1.791,-1.798,11,19,DMP_WAIT
A,41086,STATIC,ALL,470,15316,3260,32,33,-71,0.029,0.935,0.199,1.951,2.012,-4.329,-1.719,0.150,-1.788,-1.795,11,18,DMP_WAIT
A,41106,STATIC,ALL,440,15324,3158,34,33,-70,0.027,0.935,0.193,2.073,2.012,-4.268,-1.611,0.149,-1.783,-1.789,11,20,OK
A,41129,STATIC,ALL,490,15352,3254,34,32,-69,0.030,0.937,0.199,2.073,1.951,-4.207,-1.788,0.149,-1.783,-1.789,11,23,DMP_WAIT
A,41148,STATIC,ALL,548,15318,3154,37,30,-67,0.033,0.935,0.193,2.256,1.829,-4.085,-2.007,0.149,-1.789,-1.795,11,19,DMP_WAIT
A,41166,STATIC,ALL,520,15324,3222,38,30,-66,0.032,0.935,0.197,2.317,1.829,-4.024,-1.902,0.149,-1.793,-1.799,11,18,DMP_WAIT
A,41186,STATIC,ALL,458,15358,3168,38,32,-68,0.028,0.937,0.193,2.317,1.951,-4.146,-1.673,0.150,-1.790,-1.796,11,20,OK
A,41209,STATIC,ALL,534,15378,3094,35,31,-69,0.033,0.939,0.189,2.134,1.890,-4.207,-1.950,0.150,-1.794,-1.801,11,23,DMP_WAIT
A,41228,STATIC,ALL,522,15346,3246,32,32,-70,0.032,0.937,0.198,1.951,1.951,-4.268,-1.906,0.150,-1.796,-1.803,11,19,DMP_WAIT
A,41246,STATIC,ALL,474,15342,3184,29,32,-71,0.029,0.936,0.194,1.768,1.951,-4.329,-1.733,0.150,-1.795,-1.801,11,18,DMP_WAIT
A,41266,STATIC,ALL,438,15338,3230,31,33,-72,0.027,0.936,0.197,1.890,2.012,-4.390,-1.601,0.150,-1.789,-1.795,11,20,OK
A,41289,STATIC,ALL,448,15352,3180,33,32,-70,0.027,0.937,0.194,2.012,1.951,-4.268,-1.637,0.150,-1.786,-1.791,11,23,DMP_WAIT
A,41308,STATIC,ALL,486,15348,3088,38,31,-69,0.030,0.937,0.188,2.317,1.890,-4.207,-1.778,0.150,-1.786,-1.791,11,19,DMP_WAIT
A,41326,STATIC,ALL,508,15316,3282,40,29,-66,0.031,0.935,0.200,2.439,1.768,-4.024,-1.858,0.150,-1.791,-1.796,11,18,DMP_WAIT
A,41346,STATIC,ALL,528,15364,3198,38,30,-66,0.032,0.938,0.195,2.317,1.829,-4.024,-1.927,0.150,-1.795,-1.801,11,20,OK
A,41369,STATIC,ALL,596,15378,3192,33,31,-68,0.036,0.939,0.195,2.012,1.890,-4.146,-2.173,0.150,-1.804,-1.810,12,23,DMP_WAIT
A,41388,STATIC,ALL,512,15274,3148,32,33,-71,0.031,0.932,0.192,1.951,2.012,-4.329,-1.880,0.150,-1.804,-1.810,12,19,DMP_WAIT
A,41406,STATIC,ALL,474,15340,3160,30,34,-72,0.029,0.936,0.193,1.829,2.073,-4.390,-1.733,0.150,-1.800,-1.806,12,18,DMP_WAIT
A,41426,STATIC,ALL,536,15314,3226,32,34,-73,0.033,0.935,0.197,1.951,2.073,-4.451,-1.962,0.150,-1.800,-1.806,12,20,OK
A,41449,STATIC,ALL,496,15318,3284,34,31,-70,0.030,0.935,0.200,2.073,1.890,-4.268,-1.813,0.150,-1.801,-1.808,12,23,DMP_WAIT
A,41468,STATIC,ALL,482,15314,3216,36,31,-67,0.029,0.935,0.196,2.195,1.890,-4.085,-1.764,0.150,-1.801,-1.807,12,19,DMP_WAIT
A,41486,STATIC,ALL,514,15318,3186,37,31,-67,0.031,0.935,0.194,2.256,1.890,-4.085,-1.882,0.150,-1.804,-1.810,12,18,DMP_WAIT
A,41506,STATIC,ALL,492,15330,3208,37,31,-68,0.030,0.936,0.196,2.256,1.890,-4.146,-1.799,0.152,-1.804,-1.811,12,20,OK
A,41529,STATIC,ALL,474,15304,3080,36,32,-68,0.029,0.934,0.188,2.195,1.951,-4.146,-1.739,0.152,-1.803,-1.809,12,23,DMP_WAIT
A,41548,STATIC,ALL,480,15356,3234,33,33,-71,0.029,0.937,0.197,2.012,2.012,-4.329,-1.752,0.152,-1.800,-1.806,12,19,DMP_WAIT
A,41566,STATIC,ALL,436,15322,3186,30,33,-71,0.027,0.935,0.194,1.829,2.012,-4.329,-1.596,0.152,-1.795,-1.800,12,18,DMP_WAIT
A,41586,STATIC,ALL,474,15294,3220,30,32,-71,0.029,0.933,0.197,1.829,1.951,-4.329,-1.737,0.149,-1.793,-1.799,12,20,OK
A,41609,STATIC,ALL,468,15268,3292,33,33,-70,0.029,0.932,0.201,2.012,2.012,-4.268,-1.716,0.149,-1.790,-1.795,12,23,DMP_WAIT
A,41628,STATIC,ALL,480,15338,3282,37,32,-69,0.029,0.936,0.200,2.256,1.951,-4.207,-1.753,0.149,-1.789,-1.794,12,19,DMP_WAIT
A,41646,STATIC,ALL,406,15396,3230,38,32,-68,0.025,0.940,0.197,2.317,1.951,-4.146,-1.478,0.149,-1.782,-1.787,12,18,DMP_WAIT
A,41666,STATIC,ALL,512,15334,3200,36,31,-67,0.031,0.936,0.195,2.195,1.890,-4.085,-1.872,0.147,-1.785,-1.789,12,20,OK
A,41689,STATIC,ALL,490,15292,3204,34,30,-68,0.030,0.933,0.196,2.073,1.829,-4.146,-1.796,0.147,-1.787,-1.792,12,23,DMP_WAIT
A,41708,STATIC,ALL,550,15334,3198,32,32,-70,0.034,0.936,0.195,1.951,1.951,-4.268,-2.011,0.147,-1.791,-1.796,12,19,DMP_WAIT
A,41726,STATIC,ALL,512,15300,3200,32,33,-72,0.031,0.934,0.195,1.951,2.012,-4.390,-1.876,0.147,-1.791,-1.796,12,18,DMP_WAIT
A,41746,STATIC,ALL,442,15326,3258,32,33,-72,0.027,0.935,0.199,1.951,2.012,-4.390,-1.616,0.148,-1.786,-1.791,12,20,OK
A,41769,STATIC,ALL,436,15324,3266,33,31,-70,0.027,0.935,0.199,2.012,1.890,-4.268,-1.594,0.148,-1.783,-1.787,12,23,DMP_WAIT
A,41788,STATIC,ALL,512,15354,3206,36,30,-67,0.031,0.937,0.196,2.195,1.829,-4.085,-1.870,0.148,-1.787,-1.791,12,19,DMP_WAIT
A,41806,STATIC,ALL,496,15352,3220,38,31,-67,0.030,0.937,0.197,2.317,1.890,-4.085,-1.811,0.148,-1.788,-1.792,12,18,DMP_WAIT
A,41826,STATIC,ALL,514,15334,3116,37,32,-68,0.031,0.936,0.190,2.256,1.951,-4.146,-1.881,0.148,-1.790,-1.794,12,20,OK
A,41849,STATIC,ALL,480,15336,3240,35,32,-70,0.029,0.936,0.198,2.134,1.951,-4.268,-1.754,0.148,-1.788,-1.792,12,23,DMP_WAIT
A,41868,STATIC,ALL,490,15340,3240,31,32,-70,0.030,0.936,0.198,1.890,1.951,-4.268,-1.790,0.148,-1.788,-1.792,12,19,DMP_WAIT
A,41886,STATIC,ALL,550,15310,3266,30,32,-70,0.034,0.934,0.199,1.829,1.951,-4.268,-2.012,0.148,-1.792,-1.796,12,18,DMP_WAIT
A,41906,STATIC,ALL,484,15342,3174,33,33,-70,0.030,0.936,0.194,2.012,2.012,-4.268,-1.769,0.148,-1.790,-1.794,12,20,OK
A,41929,STATIC,ALL,466,15302,3176,34,32,-69,0.028,0.934,0.194,2.073,1.951,-4.207,-1.708,0.148,-1.788,-1.792,12,23,DMP_WAIT
A,41948,STATIC,ALL,490,15376,3216,36,31,-68,0.030,0.938,0.196,2.195,1.890,-4.146,-1.787,0.148,-1.789,-1.793,12,19,DMP_WAIT
A,41966,STATIC,ALL,562,15338,3208,37,31,-67,0.034,0.936,0.196,2.256,1.890,-4.085,-2.054,0.148,-1.795,-1.799,12,18,DMP_WAIT
A,41986,STATIC,ALL,482,15310,3184,36,32,-68,0.029,0.934,0.194,2.195,1.951,-4.146,-1.765,0.148,-1.794,-1.798,12,20,OK
A,42009,STATIC,ALL,496,15390,3190,34,31,-69,0.030,0.939,0.195,2.073,1.890,-4.207,-1.808,0.148,-1.795,-1.799,12,23,DMP_WAIT
A,42028,STATIC,ALL,520,15324,3232,33,32,-70,0.032,0.935,0.197,2.012,1.951,-4.268,-1.902,0.148,-1.797,-1.801,12,19,DMP_WAIT
A,42046,STATIC,ALL,488,15312,3292,32,33,-70,0.030,0.935,0.201,1.951,2.012,-4.268,-1.785,0.148,-1.795,-1.799,12,18,DMP_WAIT
A,42066,STATIC,ALL,516,15358,3162,31,32,-71,0.031,0.937,0.193,1.890,1.951,-4.329,-1.885,0.148,-1.796,-1.801,12,20,OK
A,42089,STATIC,ALL,466,15304,3204,33,33,-69,0.028,0.934,0.196,2.012,2.012,-4.207,-1.707,0.148,-1.793,-1.797,12,23,DMP_WAIT
A,42108,STATIC,ALL,512,15250,3202,34,31,-69,0.031,0.931,0.195,2.073,1.890,-4.207,-1.882,0.148,-1.795,-1.800,12,19,DMP_WAIT
A,42126,STATIC,ALL,478,15306,3156,38,31,-68,0.029,0.934,0.193,2.317,1.890,-4.146,-1.752,0.148,-1.795,-1.799,12,18,DMP_WAIT
A,42146,STATIC,ALL,462,15330,3228,38,32,-69,0.028,0.936,0.197,2.317,1.951,-4.207,-1.689,0.148,-1.793,-1.797,12,20,OK
A,42169,STATIC,ALL,494,15350,3148,36,31,-68,0.030,0.937,0.192,2.195,1.890,-4.146,-1.806,0.148,-1.794,-1.798,12,23,DMP_WAIT
A,42188,STATIC,ALL,494,15344,3274,33,32,-70,0.030,0.937,0.200,2.012,1.951,-4.268,-1.803,0.148,-1.794,-1.798,12,19,DMP_WAIT
A,42206,STATIC,ALL,534,15330,3234,31,32,-70,0.033,0.936,0.197,1.890,1.951,-4.268,-1.952,0.148,-1.796,-1.801,12,18,DMP_WAIT
A,42226,STATIC,ALL,498,15328,3250,31,33,-70,0.030,0.936,0.198,1.890,2.012,-4.268,-1.820,0.148,-1.795,-1.800,12,20,OK
A,42249,STATIC,ALL,478,15320,3250,33,32,-71,0.029,0.935,0.198,2.012,1.951,-4.329,-1.748,0.148,-1.794,-1.798,12,23,DMP_WAIT
A,42268,STATIC,ALL,456,15364,3210,35,31,-69,0.028,0.938,0.196,2.134,1.890,-4.207,-1.664,0.148,-1.792,-1.796,12,19,DMP_WAIT
A,42286,STATIC,ALL,492,15354,3192,37,31,-68,0.030,0.937,0.195,2.256,1.890,-4.146,-1.797,0.148,-1.793,-1.797,12,18,DMP_WAIT
A,42306,STATIC,ALL,466,15290,3218,37,30,-68,0.028,0.933,0.196,2.256,1.829,-4.146,-1.708,0.148,-1.793,-1.797,12,20,OK
A,42329,STATIC,ALL,518,15322,3248,37,30,-68,0.032,0.935,0.198,2.256,1.829,-4.146,-1.894,0.148,-1.797,-1.802,12,23,DMP_WAIT
A,42348,STATIC,ALL,502,15304,3146,35,32,-70,0.031,0.934,0.192,2.134,1.951,-4.268,-1.840,0.148,-1.798,-1.802,12,19,DMP_WAIT
A,42366,STATIC,ALL,482,15358,3200,33,33,-70,0.029,0.937,0.195,2.012,2.012,-4.268,-1.760,0.148,-1.796,-1.800,12,18,DMP_WAIT
A,42386,STATIC,ALL,480,15332,3260,30,32,-71,0.029,0.936,0.199,1.829,1.951,-4.329,-1.754,0.148,-1.794,-1.799,12,20,OK
A,42409,STATIC,ALL,528,15284,3226,30,32,-71,0.032,0.933,0.197,1.829,1.951,-4.329,-1.936,0.148,-1.797,-1.801,12,23,DMP_WAIT
A,42428,STATIC,ALL,494,15282,3238,33,32,-71,0.030,0.933,0.198,2.012,1.951,-4.329,-1.811,0.148,-1.797,-1.801,12,19,DMP_WAIT
A,42446,STATIC,ALL,488,15326,3272,36,33,-69,0.030,0.935,0.200,2.195,2.012,-4.207,-1.784,0.148,-1.795,-1.799,12,18,DMP_WAIT
A,42466,STATIC,ALL,436,15282,3274,39,31,-68,0.027,0.933,0.200,2.378,1.890,-4.146,-1.598,0.148,-1.792,-1.796,12,20,OK
A,42489,STATIC,ALL,512,15350,3202,38,31,-67,0.031,0.937,0.195,2.317,1.890,-4.085,-1.870,0.148,-1.794,-1.798,12,23,DMP_WAIT
A,42508,STATIC,ALL,526,15358,3208,35,30,-68,0.032,0.937,0.196,2.134,1.829,-4.146,-1.920,0.148,-1.799,-1.803,12,19,DMP_WAIT
A,42526,STATIC,ALL,502,15348,3262,34,31,-68,0.031,0.937,0.199,2.073,1.890,-4.146,-1.832,0.148,-1.800,-1.804,12,18,DMP_WAIT
A,42546,STATIC,ALL,542,15326,3158,32,33,-70,0.033,0.935,0.193,1.951,2.012,-4.268,-1.984,0.148,-1.802,-1.807,12,20,OK
A,42569,STATIC,ALL,470,15286,3200,32,33,-72,0.029,0.933,0.195,1.951,2.012,-4.390,-1.724,0.148,-1.799,-1.803,12,23,DMP_WAIT
A,42588,STATIC,ALL,486,15348,3216,31,33,-72,0.030,0.937,0.196,1.890,2.012,-4.390,-1.775,0.148,-1.797,-1.801,12,19,DMP_WAIT
A,42606,STATIC,ALL,446,15284,3218,33,33,-70,0.027,0.933,0.196,2.012,2.012,-4.268,-1.636,0.148,-1.792,-1.796,12,18,DMP_WAIT
A,42626,STATIC,ALL,484,15316,3196,36,30,-68,0.030,0.935,0.195,2.195,1.829,-4.146,-1.772,0.147,-1.794,-1.798,12,20,OK
A,42649,STATIC,ALL,488,15316,3230,37,31,-67,0.030,0.935,0.197,2.256,1.890,-4.085,-1.786,0.147,-1.794,-1.799,12,23,DMP_WAIT
A,42668,STATIC,ALL,514,15328,3180,37,31,-67,0.031,0.936,0.194,2.256,1.890,-4.085,-1.881,0.147,-1.797,-1.801,12,19,DMP_WAIT
A,42686,STATIC,ALL,490,15312,3196,36,31,-69,0.030,0.935,0.195,2.195,1.890,-4.207,-1.794,0.147,-1.798,-1.802,12,18,DMP_WAIT
A,42706,STATIC,ALL,452,15366,3198,33,31,-69,0.028,0.938,0.195,2.012,1.890,-4.207,-1.650,0.148,-1.795,-1.799,12,20,OK
A,42729,STATIC,ALL,500,15344,3188,31,32,-71,0.031,0.937,0.195,1.890,1.951,-4.329,-1.827,0.148,-1.796,-1.800,12,23,DMP_WAIT
A,42748,STATIC,ALL,450,15342,3152,31,33,-71,0.027,0.936,0.192,1.890,2.012,-4.329,-1.646,0.148,-1.791,-1.795,12,19,DMP_WAIT
A,42766,STATIC,ALL,510,15322,3170,33,33,-70,0.031,0.935,0.193,2.012,2.012,-4.268,-1.867,0.148,-1.791,-1.795,12,18,DMP_WAIT
A,42786,STATIC,ALL,522,15358,3194,34,32,-69,0.032,0.937,0.195,2.073,1.951,-4.207,-1.906,0.146,-1.793,-1.797,12,20,OK
A,42809,STATIC,ALL,484,15302,3248,36,31,-68,0.030,0.934,0.198,2.195,1.890,-4.146,-1.772,0.146,-1.794,-1.797,12,23,DMP_WAIT
A,42828,STATIC,ALL,496,15334,3120,37,32,-68,0.030,0.936,0.190,2.256,1.951,-4.146,-1.815,0.146,-1.794,-1.797,12,19,DMP_WAIT
A,42846,STATIC,ALL,526,15282,3148,35,31,-68,0.032,0.933,0.192,2.134,1.890,-4.146,-1.931,0.146,-1.797,-1.801,12,18,DMP_WAIT
A,42866,STATIC,ALL,454,15320,3314,34,32,-69,0.028,0.935,0.202,2.073,1.951,-4.207,-1.659,0.147,-1.794,-1.798,12,20,OK
A,42889,STATIC,ALL,480,15356,3174,32,33,-70,0.029,0.937,0.194,1.951,2.012,-4.268,-1.753,0.147,-1.791,-1.795,12,23,DMP_WAIT
A,42908,STATIC,ALL,492,15340,3192,32,32,-70,0.030,0.936,0.195,1.951,1.951,-4.268,-1.799,0.147,-1.791,-1.795,12,19,DMP_WAIT
A,42926,STATIC,ALL,506,15288,3238,32,32,-70,0.031,0.933,0.198,1.951,1.951,-4.268,-1.855,0.147,-1.792,-1.796,12,18,DMP_WAIT
A,42946,STATIC,ALL,512,15310,3198,34,32,-69,0.031,0.934,0.195,2.073,1.951,-4.207,-1.875,0.146,-1.793,-1.797,12,20,OK
A,42969,STATIC,ALL,540,15312,3146,36,32,-69,0.033,0.935,0.192,2.195,1.951,-4.207,-1.978,0.146,-1.796,-1.801,12,23,DMP_WAIT
A,42988,STATIC,ALL,454,15324,3220,37,32,-69,0.028,0.935,0.197,2.256,1.951,-4.207,-1.661,0.146,-1.793,-1.797,12,19,DMP_WAIT
A,43006,STATIC,ALL,488,15340,3152,36,31,-69,0.030,0.936,0.192,2.195,1.890,-4.207,-1.785,0.146,-1.794,-1.798,12,18,DMP_WAIT
A,43026,STATIC,ALL,516,15314,3188,34,31,-69,0.031,0.935,0.195,2.073,1.890,-4.207,-1.889,0.147,-1.797,-1.801,12,20,OK
A,43049,STATIC,ALL,502,15326,3240,32,32,-69,0.031,0.935,0.198,1.951,1.951,-4.207,-1.836,0.147,-1.797,-1.801,12,23,DMP_WAIT
A,43068,STATIC,ALL,510,15338,3158,33,32,-69,0.031,0.936,0.193,2.012,1.951,-4.207,-1.865,0.147,-1.798,-1.802,12,19,DMP_WAIT
A,43086,STATIC,ALL,454,15320,3196,35,33,-70,0.028,0.935,0.195,2.134,2.012,-4.268,-1.662,0.147,-1.794,-1.798,12,18,DMP_WAIT
A,43106,STATIC,ALL,492,15322,3196,34,32,-70,0.030,0.935,0.195,2.073,1.951,-4.268,-1.800,0.146,-1.793,-1.798,12,20,OK
A,43129,STATIC,ALL,434,15354,3206,34,33,-70,0.026,0.937,0.196,2.073,2.012,-4.268,-1.585,0.146,-1.787,-1.791,12,23,DMP_WAIT
A,43148,STATIC,ALL,508,15290,3188,33,32,-69,0.031,0.933,0.195,2.012,1.951,-4.207,-1.863,0.146,-1.788,-1.793,12,19,DMP_WAIT
A,43166,STATIC,ALL,490,15332,3156,33,31,-70,0.030,0.936,0.193,2.012,1.890,-4.268,-1.793,0.146,-1.789,-1.793,12,18,DMP_WAIT
A,43186,STATIC,ALL,438,15344,3222,34,32,-70,0.027,0.937,0.197,2.073,1.951,-4.268,-1.600,0.145,-1.785,-1.789,12,20,OK
A,43209,STATIC,ALL,486,15308,3198,35,31,-69,0.030,0.934,0.195,2.134,1.890,-4.207,-1.780,0.145,-1.786,-1.790,12,23,DMP_WAIT
A,43228,STATIC,ALL,482,15340,3252,34,31,-69,0.029,0.936,0.198,2.073,1.890,-4.207,-1.761,0.145,-1.786,-1.790,12,19,DMP_WAIT
A,43246,STATIC,ALL,472,15348,3216,35,30,-70,0.029,0.937,0.196,2.134,1.829,-4.268,-1.724,0.145,-1.787,-1.790,12,18,DMP_WAIT
A,43266,STATIC,ALL,482,15338,3160,35,32,-69,0.029,0.936,0.193,2.134,1.951,-4.207,-1.763,0.145,-1.786,-1.789,12,20,OK
A,43289,STATIC,ALL,488,15348,3194,35,33,-70,0.030,0.937,0.195,2.134,2.012,-4.268,-1.783,0.145,-1.784,-1.787,12,23,DMP_WAIT
A,43308,STATIC,ALL,560,15334,3176,34,31,-70,0.034,0.936,0.194,2.073,1.890,-4.268,-2.048,0.145,-1.790,-1.793,12,19,DMP_WAIT
A,43326,STATIC,ALL,484,15260,3204,34,32,-70,0.030,0.931,0.196,2.073,1.951,-4.268,-1.778,0.145,-1.789,-1.793,12,18,DMP_WAIT
A,43346,STATIC,ALL,526,15356,3194,32,33,-70,0.032,0.937,0.195,1.951,2.012,-4.268,-1.921,0.145,-1.790,-1.794,12,20,OK
A,43369,STATIC,ALL,502,15320,3222,33,33,-70,0.031,0.935,0.197,2.012,2.012,-4.268,-1.837,0.145,-1.789,-1.793,12,23,DMP_WAIT
A,43388,STATIC,ALL,490,15342,3222,35,33,-70,0.030,0.936,0.197,2.134,2.012,-4.268,-1.790,0.145,-1.788,-1.792,11,19,DMP_WAIT
A,43406,STATIC,ALL,488,15298,3194,36,32,-68,0.030,0.934,0.195,2.195,1.951,-4.146,-1.789,0.145,-1.788,-1.791,11,18,DMP_WAIT
A,43426,STATIC,ALL,494,15338,3294,36,31,-68,0.030,0.936,0.201,2.195,1.890,-4.146,-1.804,0.144,-1.789,-1.793,11,20,OK
A,43449,STATIC,ALL,520,15332,3218,35,31,-68,0.032,0.936,0.196,2.134,1.890,-4.146,-1.901,0.144,-1.792,-1.796,11,23,DMP_WAIT
A,43468,STATIC,ALL,526,15316,3316,35,32,-69,0.032,0.935,0.202,2.134,1.951,-4.207,-1.922,0.144,-1.794,-1.798,11,19,DMP_WAIT
A,43486,STATIC,ALL,486,15332,3228,34,32,-70,0.030,0.936,0.197,2.073,1.951,-4.268,-1.777,0.144,-1.793,-1.798,11,18,DMP_WAIT
A,43506,STATIC,ALL,502,15330,3228,33,33,-70,0.031,0.936,0.197,2.012,2.012,-4.268,-1.835,0.145,-1.793,-1.797,11,20,OK
A,43529,STATIC,ALL,456,15364,3190,32,33,-70,0.028,0.938,0.195,1.951,2.012,-4.268,-1.665,0.145,-1.788,-1.792,11,23,DMP_WAIT
A,43548,STATIC,ALL,476,15358,3240,33,31,-69,0.029,0.937,0.198,2.012,1.890,-4.207,-1.737,0.145,-1.788,-1.792,11,19,DMP_WAIT
A,43566,STATIC,ALL,500,15324,3282,35,31,-68,0.031,0.935,0.200,2.134,1.890,-4.146,-1.827,0.145,-1.789,-1.794,11,18,DMP_WAIT
A,43586,STATIC,ALL,474,15308,3214,37,31,-67,0.029,0.934,0.196,2.256,1.890,-4.085,-1.736,0.145,-1.789,-1.793,11,20,OK
A,43609,STATIC,ALL,504,15370,3182,37,32,-68,0.031,0.938,0.194,2.256,1.951,-4.146,-1.839,0.145,-1.790,-1.794,11,23,DMP_WAIT
A,43628,STATIC,ALL,498,15378,3198,36,32,-69,0.030,0.939,0.195,2.195,1.951,-4.207,-1.816,0.145,-1.790,-1.794,11,19,DMP_WAIT
A,43646,STATIC,ALL,530,15324,3220,33,32,-69,0.032,0.935,0.197,2.012,1.951,-4.207,-1.939,0.145,-1.792,-1.797,11,18,DMP_WAIT
A,43666,STATIC,ALL,502,15332,3192,31,31,-70,0.031,0.936,0.195,1.890,1.890,-4.268,-1.836,0.145,-1.794,-1.799,11,20,OK
A,43689,STATIC,ALL,480,15326,3232,31,32,-71,0.029,0.935,0.197,1.890,1.951,-4.329,-1.755,0.145,-1.793,-1.798,11,23,DMP_WAIT
A,43708,STATIC,ALL,468,15324,3146,33,33,-70,0.029,0.935,0.192,2.012,2.012,-4.268,-1.714,0.145,-1.790,-1.794,11,19,DMP_WAIT
A,43726,STATIC,ALL,490,15312,3218,35,33,-69,0.030,0.935,0.196,2.134,2.012,-4.207,-1.794,0.145,-1.788,-1.793,11,18,DMP_WAIT
A,43746,STATIC,ALL,500,15298,3222,35,31,-67,0.031,0.934,0.197,2.134,1.890,-4.085,-1.832,0.144,-1.790,-1.795,11,20,OK
A,43769,STATIC,ALL,514,15300,3214,36,30,-67,0.031,0.934,0.196,2.195,1.829,-4.085,-1.883,0.144,-1.794,-1.799,11,23,DMP_WAIT
A,43788,STATIC,ALL,536,15318,3200,35,31,-68,0.033,0.935,0.195,2.134,1.890,-4.146,-1.962,0.144,-1.798,-1.803,11,19,DMP_WAIT
A,43806,STATIC,ALL,536,15294,3184,34,32,-69,0.033,0.933,0.194,2.073,1.951,-4.207,-1.965,0.144,-1.801,-1.807,11,18,DMP_WAIT
A,43826,STATIC,ALL,560,15370,3188,34,33,-71,0.034,0.938,0.195,2.073,2.012,-4.329,-2.043,0.146,-1.804,-1.811,11,20,OK
A,43849,STATIC,ALL,514,15306,3194,32,33,-71,0.031,0.934,0.195,1.951,2.012,-4.329,-1.883,0.146,-1.804,-1.811,11,23,DMP_WAIT
A,43868,STATIC,ALL,478,15350,3226,33,33,-70,0.029,0.937,0.197,2.012,2.012,-4.268,-1.746,0.146,-1.802,-1.808,11,19,DMP_WAIT
A,43886,STATIC,ALL,506,15330,3136,34,32,-69,0.031,0.936,0.191,2.073,1.951,-4.207,-1.852,0.146,-1.802,-1.809,11,18,DMP_WAIT
A,43906,STATIC,ALL,512,15322,3262,35,31,-69,0.031,0.935,0.199,2.134,1.890,-4.207,-1.872,0.146,-1.804,-1.811,11,20,OK
A,43929,STATIC,ALL,520,15388,3212,36,30,-68,0.032,0.939,0.196,2.195,1.829,-4.146,-1.895,0.146,-1.808,-1.816,11,23,DMP_WAIT
A,43948,STATIC,ALL,496,15340,3170,35,31,-69,0.030,0.936,0.193,2.134,1.890,-4.207,-1.814,0.146,-1.809,-1.817,11,19,DMP_WAIT
A,43966,STATIC,ALL,484,15356,3198,35,32,-70,0.030,0.937,0.195,2.134,1.951,-4.268,-1.767,0.146,-1.808,-1.815,11,18,DMP_WAIT
A,43986,STATIC,ALL,532,15328,3172,33,32,-69,0.032,0.936,0.194,2.012,1.951,-4.207,-1.947,0.147,-1.810,-1.818,11,20,OK
A,44009,STATIC,ALL,520,15280,3152,33,33,-70,0.032,0.933,0.192,2.012,2.012,-4.268,-1.909,0.147,-1.811,-1.819,11,23,DMP_WAIT
A,44028,STATIC,ALL,534,15304,3242,33,32,-70,0.033,0.934,0.198,2.012,1.951,-4.268,-1.955,0.147,-1.813,-1.822,11,19,DMP_WAIT
A,44046,STATIC,ALL,490,15356,3168,35,31,-70,0.030,0.937,0.193,2.134,1.890,-4.268,-1.790,0.147,-1.813,-1.822,11,18,DMP_WAIT
A,44066,STATIC,ALL,484,15370,3242,35,30,-70,0.030,0.938,0.198,2.134,1.829,-4.268,-1.765,0.149,-1.814,-1.823,11,20,OK
A,44089,STATIC,ALL,478,15334,3212,36,31,-68,0.029,0.936,0.196,2.195,1.890,-4.146,-1.748,0.149,-1.814,-1.823,11,23,DMP_WAIT
A,44108,STATIC,ALL,508,15360,3226,35,31,-68,0.031,0.938,0.197,2.134,1.890,-4.146,-1.854,0.149,-1.815,-1.824,11,19,DMP_WAIT
A,44126,STATIC,ALL,534,15322,3186,33,32,-70,0.033,0.935,0.194,2.012,1.951,-4.268,-1.954,0.149,-1.818,-1.827,11,18,DMP_WAIT
A,44146,STATIC,ALL,496,15312,3270,33,33,-70,0.030,0.935,0.200,2.012,2.012,-4.268,-1.814,0.149,-1.816,-1.826,11,20,OK
A,44169,STATIC,ALL,480,15336,3222,34,33,-70,0.029,0.936,0.197,2.073,2.012,-4.268,-1.754,0.149,-1.813,-1.823,11,23,DMP_WAIT
A,44188,STATIC,ALL,496,15338,3250,34,32,-70,0.030,0.936,0.198,2.073,1.951,-4.268,-1.812,0.149,-1.813,-1.823,11,19,DMP_WAIT
A,44206,STATIC,ALL,498,15294,3238,34,32,-69,0.030,0.933,0.198,2.073,1.951,-4.207,-1.825,0.149,-1.813,-1.823,11,18,DMP_WAIT
A,44226,STATIC,ALL,486,15302,3308,35,31,-69,0.030,0.934,0.202,2.134,1.890,-4.207,-1.778,0.149,-1.813,-1.823,11,20,OK
A,44249,STATIC,ALL,530,15314,3186,35,32,-69,0.032,0.935,0.194,2.134,1.951,-4.207,-1.941,0.149,-1.815,-1.825,11,23,DMP_WAIT
A,44268,STATIC,ALL,482,15376,3160,34,31,-70,0.029,0.938,0.193,2.073,1.890,-4.268,-1.759,0.149,-1.814,-1.825,11,19,DMP_WAIT
A,44286,STATIC,ALL,474,15352,3188,33,32,-69,0.029,0.937,0.195,2.012,1.951,-4.207,-1.732,0.149,-1.812,-1.823,11,18,DMP_WAIT
A,44306,STATIC,ALL,500,15352,3194,32,33,-69,0.031,0.937,0.195,1.951,2.012,-4.207,-1.826,0.148,-1.811,-1.822,11,20,OK
A,44329,STATIC,ALL,492,15350,3240,34,32,-70,0.030,0.937,0.198,2.073,1.951,-4.268,-1.796,0.148,-1.810,-1.821,11,23,DMP_WAIT
A,44348,STATIC,ALL,484,15348,3256,34,32,-69,0.030,0.937,0.199,2.073,1.951,-4.207,-1.767,0.148,-1.809,-1.820,11,19,DMP_WAIT
A,44366,STATIC,ALL,548,15408,3146,35,33,-69,0.033,0.940,0.192,2.134,2.012,-4.207,-1.996,0.148,-1.811,-1.822,11,18,DMP_WAIT
A,44386,STATIC,ALL,438,15288,3102,36,31,-69,0.027,0.933,0.189,2.195,1.890,-4.207,-1.608,0.149,-1.808,-1.819,11,20,OK
A,44409,STATIC,ALL,522,15344,3136,35,33,-69,0.032,0.937,0.191,2.134,2.012,-4.207,-1.909,0.149,-1.808,-1.819,12,23,DMP_WAIT
A,44428,STATIC,ALL,504,15334,3186,34,32,-69,0.031,0.936,0.194,2.073,1.951,-4.207,-1.843,0.149,-1.809,-1.820,12,19,DMP_WAIT
A,44446,STATIC,ALL,488,15326,3146,33,31,-69,0.030,0.935,0.192,2.012,1.890,-4.207,-1.787,0.149,-1.809,-1.820,12,18,DMP_WAIT
A,44466,STATIC,ALL,468,15346,3170,32,32,-69,0.029,0.937,0.193,1.951,1.951,-4.207,-1.711,0.148,-1.806,-1.818,12,20,OK
A,44489,STATIC,ALL,508,15292,3242,34,31,-70,0.031,0.933,0.198,2.073,1.890,-4.268,-1.861,0.148,-1.808,-1.820,12,23,DMP_WAIT
A,44508,STATIC,ALL,512,15384,3206,33,33,-69,0.031,0.939,0.196,2.012,2.012,-4.207,-1.866,0.148,-1.808,-1.820,12,19,DMP_WAIT
A,44526,STATIC,ALL,464,15332,3180,34,32,-69,0.028,0.936,0.194,2.073,1.951,-4.207,-1.697,0.148,-1.806,-1.817,12,18,DMP_WAIT
A,44546,STATIC,ALL,474,15302,3264,34,31,-68,0.029,0.934,0.199,2.073,1.890,-4.146,-1.735,0.148,-1.805,-1.816,12,20,OK
A,44569,STATIC,ALL,508,15310,3142,35,31,-67,0.031,0.934,0.192,2.134,1.890,-4.085,-1.862,0.148,-1.807,-1.818,12,23,DMP_WAIT
A,44588,STATIC,ALL,552,15376,3214,36,32,-68,0.034,0.938,0.196,2.195,1.951,-4.146,-2.013,0.148,-1.811,-1.823,12,19,DMP_WAIT
A,44606,STATIC,ALL,532,15304,3212,35,32,-69,0.032,0.934,0.196,2.134,1.951,-4.207,-1.949,0.148,-1.813,-1.825,12,18,DMP_WAIT
A,44626,STATIC,ALL,512,15362,3188,32,33,-70,0.031,0.938,0.195,1.951,2.012,-4.268,-1.869,0.148,-1.813,-1.825,12,20,OK
A,44649,STATIC,ALL,510,15342,3152,31,32,-71,0.031,0.936,0.192,1.890,1.951,-4.329,-1.865,0.148,-1.813,-1.826,12,23,DMP_WAIT
A,44668,STATIC,ALL,498,15314,3246,32,32,-70,0.030,0.935,0.198,1.951,1.951,-4.268,-1.822,0.148,-1.813,-1.826,12,19,DMP_WAIT
A,44686,STATIC,ALL,484,15304,3140,34,32,-69,0.030,0.934,0.192,2.073,1.951,-4.207,-1.774,0.148,-1.812,-1.825,12,18,DMP_WAIT
A,44706,STATIC,ALL,470,15330,3174,36,31,-69,0.029,0.936,0.194,2.195,1.890,-4.207,-1.720,0.149,-1.811,-1.823,12,20,OK
A,44729,STATIC,ALL,472,15306,3258,36,30,-67,0.029,0.934,0.199,2.195,1.829,-4.085,-1.728,0.149,-1.811,-1.824,12,23,DMP_WAIT
A,44748,STATIC,ALL,530,15326,3172,37,31,-67,0.032,0.935,0.194,2.256,1.890,-4.085,-1.940,0.149,-1.815,-1.828,12,19,DMP_WAIT
A,44766,STATIC,ALL,486,15350,3250,36,31,-68,0.030,0.937,0.198,2.195,1.890,-4.146,-1.774,0.149,-1.815,-1.827,12,18,DMP_WAIT
A,44786,STATIC,ALL,466,15354,3164,33,31,-70,0.028,0.937,0.193,2.012,1.890,-4.268,-1.703,0.150,-1.813,-1.826,12,20,OK
A,44809,STATIC,ALL,502,15332,3204,31,32,-71,0.031,0.936,0.196,1.890,1.951,-4.329,-1.836,0.150,-1.813,-1.826,12,23,DMP_WAIT
A,44828,STATIC,ALL,520,15310,3212,30,32,-72,0.032,0.934,0.196,1.829,1.951,-4.390,-1.904,0.150,-1.815,-1.828,12,19,DMP_WAIT
A,44846,STATIC,ALL,486,15286,3210,32,32,-70,0.030,0.933,0.196,1.951,1.951,-4.268,-1.782,0.150,-1.814,-1.827,12,18,DMP_WAIT
A,44866,STATIC,ALL,486,15274,3280,35,31,-69,0.030,0.932,0.200,2.134,1.890,-4.207,-1.782,0.150,-1.814,-1.827,12,20,OK
A,44889,STATIC,ALL,496,15320,3176,38,30,-68,0.030,0.935,0.194,2.317,1.829,-4.146,-1.816,0.150,-1.816,-1.829,12,23,DMP_WAIT
A,44908,STATIC,ALL,520,15340,3214,39,30,-68,0.032,0.936,0.196,2.378,1.829,-4.146,-1.900,0.150,-1.820,-1.833,12,19,DMP_WAIT
A,44926,STATIC,ALL,468,15316,3136,36,30,-67,0.029,0.935,0.191,2.195,1.829,-4.085,-1.715,0.150,-1.819,-1.832,12,18,DMP_WAIT
A,44946,STATIC,ALL,464,15384,3262,34,32,-69,0.028,0.939,0.199,2.073,1.951,-4.207,-1.690,0.151,-1.816,-1.829,12,20,OK
A,44969,STATIC,ALL,514,15322,3172,30,32,-70,0.031,0.935,0.194,1.829,1.951,-4.268,-1.881,0.151,-1.817,-1.830,12,23,DMP_WAIT
A,44988,STATIC,ALL,520,15330,3168,29,34,-72,0.032,0.936,0.193,1.768,2.073,-4.390,-1.903,0.151,-1.816,-1.829,12,19,DMP_WAIT
A,45006,STATIC,ALL,512,15342,3266,31,33,-72,0.031,0.936,0.199,1.890,2.012,-4.390,-1.870,0.151,-1.816,-1.829,12,18,DMP_WAIT
A,45026,STATIC,ALL,464,15312,3174,36,33,-71,0.028,0.935,0.194,2.195,2.012,-4.329,-1.700,0.150,-1.812,-1.825,12,20,OK
A,45049,STATIC,ALL,414,15318,3152,38,31,-66,0.025,0.935,0.192,2.317,1.890,-4.024,-1.516,0.150,-1.807,-1.819,12,23,DMP_WAIT
A,45068,STATIC,ALL,414,15318,3152,38,31,-66,0.025,0.935,0.192,2.317,1.890,-4.024,-1.516,0.150,-1.802,-1.814,12,19,DMP_WAIT
A,45086,STATIC,ALL,512,15380,3242,36,30,-66,0.031,0.939,0.198,2.195,1.829,-4.024,-1.866,0.150,-1.805,-1.817,12,18,DMP_WAIT
A,45106,STATIC,ALL,526,15334,3202,35,30,-68,0.032,0.936,0.195,2.134,1.829,-4.146,-1.923,0.150,-1.809,-1.821,12,20,OK
A,45129,STATIC,ALL,468,15326,3206,31,32,-72,0.029,0.935,0.196,1.890,1.951,-4.390,-1.712,0.150,-1.807,-1.819,12,23,DMP_WAIT
A,45148,STATIC,ALL,468,15326,3206,31,32,-72,0.029,0.935,0.196,1.890,1.951,-4.390,-1.712,0.150,-1.805,-1.816,12,19,DMP_WAIT
A,45166,STATIC,ALL,484,15326,3188,31,33,-72,0.030,0.935,0.195,1.890,2.012,-4.390,-1.771,0.150,-1.802,-1.814,12,18,DMP_WAIT
A,45186,STATIC,ALL,434,15298,3256,32,34,-71,0.026,0.934,0.199,1.951,2.073,-4.329,-1.589,0.148,-1.795,-1.806,12,20,OK
A,45209,STATIC,ALL,462,15290,3190,36,31,-67,0.028,0.933,0.195,2.195,1.890,-4.085,-1.694,0.148,-1.794,-1.805,12,23,DMP_WAIT
A,45228,STATIC,ALL,462,15290,3190,36,31,-67,0.028,0.933,0.195,2.195,1.890,-4.085,-1.694,0.148,-1.793,-1.803,12,19,DMP_WAIT
A,45246,STATIC,ALL,538,15320,3158,39,30,-66,0.033,0.935,0.193,2.378,1.829,-4.024,-1.970,0.148,-1.798,-1.809,12,18,DMP_WAIT
A,45266,STATIC,ALL,524,15382,3238,37,30,-67,0.032,0.939,0.198,2.256,1.829,-4.085,-1.909,0.147,-1.803,-1.813,12,20,OK
A,45289,STATIC,ALL,508,15314,3182,31,32,-71,0.031,0.935,0.194,1.890,1.951,-4.329,-1.860,0.147,-1.803,-1.814,12,23,DMP_WAIT
A,45308,STATIC,ALL,508,15314,3182,31,32,-71,0.031,0.935,0.194,1.890,1.951,-4.329,-1.860,0.147,-1.804,-1.814,12,19,DMP_WAIT
A,45326,STATIC,ALL,464,15310,3206,30,32,-72,0.028,0.934,0.196,1.829,1.951,-4.390,-1.699,0.147,-1.802,-1.811,12,18,DMP_WAIT
A,45346,STATIC,ALL,448,15302,3202,30,33,-73,0.027,0.934,0.195,1.829,2.012,-4.451,-1.641,0.147,-1.797,-1.806,12,20,OK
A,45369,STATIC,ALL,460,15358,3212,36,31,-68,0.028,0.937,0.196,2.195,1.890,-4.146,-1.679,0.147,-1.795,-1.804,12,23,DMP_WAIT
A,45388,STATIC,ALL,460,15358,3212,36,31,-68,0.028,0.937,0.196,2.195,1.890,-4.146,-1.679,0.147,-1.794,-1.803,12,19,DMP_WAIT
A,45406,STATIC,ALL,514,15318,3204,38,30,-67,0.031,0.935,0.196,2.317,1.829,-4.085,-1.881,0.147,-1.797,-1.806,12,18,DMP_WAIT
A,45426,STATIC,ALL,558,15366,3130,38,30,-67,0.034,0.938,0.191,2.317,1.829,-4.085,-2.038,0.147,-1.804,-1.813,12,20,OK
A,45449,STATIC,ALL,518,15318,3244,34,32,-70,0.032,0.935,0.198,2.073,1.951,-4.268,-1.895,0.147,-1.805,-1.814,12,23,DMP_WAIT
A,45468,STATIC,ALL,518,15318,3244,34,32,-70,0.032,0.935,0.198,2.073,1.951,-4.268,-1.895,0.147,-1.807,-1.816,12,19,DMP_WAIT
A,45486,STATIC,ALL,510,15326,3120,32,33,-71,0.031,0.935,0.190,1.951,2.012,-4.329,-1.868,0.147,-1.807,-1.816,12,18,DMP_WAIT
A,45506,STATIC,ALL,514,15316,3224,31,33,-71,0.031,0.935,0.197,1.890,2.012,-4.329,-1.881,0.147,-1.806,-1.815,12,20,OK
A,45529,STATIC,ALL,500,15344,3222,33,32,-70,0.031,0.937,0.197,2.012,1.951,-4.268,-1.827,0.147,-1.806,-1.815,12,23,DMP_WAIT
A,45548,STATIC,ALL,500,15344,3222,33,32,-70,0.031,0.937,0.197,2.012,1.951,-4.268,-1.827,0.147,-1.806,-1.815,12,19,DMP_WAIT
A,45566,STATIC,ALL,456,15300,3214,36,31,-69,0.028,0.934,0.196,2.195,1.890,-4.207,-1.671,0.147,-1.804,-1.813,12,18,OK
A,45590,STATIC,ALL,496,15344,3154,37,30,-67,0.030,0.937,0.193,2.256,1.829,-4.085,-1.814,0.147,-1.807,-1.816,12,24,DMP_WAIT
A,45608,STATIC,ALL,516,15348,3150,34,30,-67,0.031,0.937,0.192,2.073,1.829,-4.085,-1.886,0.147,-1.810,-1.819,12,18,DMP_WAIT
A,45627,STATIC,ALL,516,15348,3150,34,30,-67,0.031,0.937,0.192,2.073,1.829,-4.085,-1.886,0.147,-1.814,-1.822,12,19,DMP_WAIT
A,45646,STATIC,ALL,490,15292,3214,34,32,-69,0.030,0.933,0.196,2.073,1.951,-4.207,-1.796,0.147,-1.813,-1.821,12,19,DMP_WAIT
A,45666,STATIC,ALL,498,15362,3206,33,33,-71,0.030,0.938,0.196,2.012,2.012,-4.329,-1.818,0.148,-1.811,-1.820,12,20,OK
A,45689,STATIC,ALL,460,15332,3154,32,33,-71,0.028,0.936,0.193,1.951,2.012,-4.329,-1.683,0.148,-1.807,-1.815,12,23,DMP_WAIT
A,45708,STATIC,ALL,460,15332,3154,32,33,-71,0.028,0.936,0.193,1.951,2.012,-4.329,-1.683,0.148,-1.803,-1.811,12,19,DMP_WAIT
A,45726,STATIC,ALL,460,15340,3230,33,31,-68,0.028,0.936,0.197,2.012,1.890,-4.146,-1.681,0.147,-1.801,-1.809,12,18,OK
A,45750,STATIC,ALL,506,15318,3182,37,31,-67,0.031,0.935,0.194,2.256,1.890,-4.085,-1.852,0.147,-1.803,-1.811,12,24,DMP_WAIT
A,45768,STATIC,ALL,492,15376,3208,38,31,-68,0.030,0.938,0.196,2.317,1.890,-4.146,-1.794,0.147,-1.804,-1.811,12,18,DMP_WAIT
A,45787,STATIC,ALL,492,15376,3208,38,31,-68,0.030,0.938,0.196,2.317,1.890,-4.146,-1.794,0.147,-1.804,-1.812,12,19,DMP_WAIT
A,45806,STATIC,ALL,512,15354,3240,36,31,-69,0.031,0.937,0.198,2.195,1.890,-4.207,-1.869,0.147,-1.806,-1.814,12,19,DMP_WAIT
A,45826,STATIC,ALL,424,15324,3176,33,32,-70,0.026,0.935,0.194,2.012,1.951,-4.268,-1.552,0.148,-1.801,-1.808,12,20,OK
A,45849,STATIC,ALL,488,15272,3206,32,33,-71,0.030,0.932,0.196,1.951,2.012,-4.329,-1.791,0.148,-1.799,-1.805,12,23,DMP_WAIT
A,45868,STATIC,ALL,488,15272,3206,32,33,-71,0.030,0.932,0.196,1.951,2.012,-4.329,-1.791,0.148,-1.797,-1.804,12,19,DMP_WAIT
A,45886,STATIC,ALL,472,15402,3218,33,33,-70,0.029,0.940,0.196,2.012,2.012,-4.268,-1.718,0.145,-1.794,-1.800,12,18,OK
A,45910,STATIC,ALL,470,15330,3182,35,30,-69,0.029,0.936,0.194,2.134,1.829,-4.207,-1.719,0.145,-1.795,-1.801,12,24,DMP_WAIT
A,45928,STATIC,ALL,480,15326,3140,36,31,-66,0.029,0.935,0.192,2.195,1.890,-4.024,-1.757,0.145,-1.795,-1.801,12,18,DMP_WAIT
A,45947,STATIC,ALL,480,15326,3140,36,31,-66,0.029,0.935,0.192,2.195,1.890,-4.024,-1.757,0.145,-1.795,-1.800,12,19,DMP_WAIT
A,45966,STATIC,ALL,554,15380,3208,36,31,-68,0.034,0.939,0.196,2.195,1.890,-4.146,-2.020,0.145,-1.800,-1.806,12,19,DMP_WAIT
A,45986,STATIC,ALL,528,15294,3202,34,32,-69,0.032,0.933,0.195,2.073,1.951,-4.207,-1.935,0.146,-1.803,-1.808,12,20,OK
A,46009,STATIC,ALL,480,15322,3180,33,33,-71,0.029,0.935,0.194,2.012,2.012,-4.329,-1.757,0.146,-1.800,-1.805,12,23,DMP_WAIT
A,46028,STATIC,ALL,498,15326,3230,32,32,-70,0.030,0.935,0.197,1.951,1.951,-4.268,-1.821,0.146,-1.800,-1.805,12,19,DMP_WAIT
A,46046,STATIC,ALL,498,15326,3230,32,32,-70,0.030,0.935,0.197,1.951,1.951,-4.268,-1.821,0.146,-1.800,-1.805,12,18,OK
A,46070,STATIC,ALL,476,15306,3186,35,31,-69,0.029,0.934,0.194,2.134,1.890,-4.207,-1.744,0.146,-1.800,-1.805,12,24,DMP_WAIT
A,46088,STATIC,ALL,490,15316,3262,35,31,-68,0.030,0.935,0.199,2.134,1.890,-4.146,-1.792,0.146,-1.800,-1.805,12,18,DMP_WAIT
A,46107,STATIC,ALL,490,15316,3262,35,31,-68,0.030,0.935,0.199,2.134,1.890,-4.146,-1.792,0.146,-1.801,-1.806,12,19,DMP_WAIT
A,46126,STATIC,ALL,540,15354,3184,37,32,-69,0.033,0.937,0.194,2.256,1.951,-4.207,-1.972,0.147,-1.804,-1.809,12,19,OK
A,46149,STATIC,ALL,538,15460,3230,37,34,-70,0.033,0.944,0.197,2.256,2.073,-4.268,-1.951,0.147,-1.804,-1.809,12,23,DMP_WAIT
A,46168,STATIC,ALL,518,15278,3186,31,31,-69,0.032,0.932,0.194,1.890,1.890,-4.207,-1.901,0.147,-1.806,-1.811,12,19,DMP_WAIT
A,46186,STATIC,ALL,518,15278,3186,31,31,-69,0.032,0.932,0.194,1.890,1.890,-4.207,-1.901,0.147,-1.809,-1.814,12,18,DMP_WAIT
A,46206,STATIC,ALL,454,15370,3194,35,33,-71,0.028,0.938,0.195,2.134,2.012,-4.329,-1.657,0.147,-1.804,-1.809,12,20,OK
A,46229,STATIC,ALL,468,15318,3172,34,32,-71,0.029,0.935,0.194,2.073,1.951,-4.329,-1.714,0.147,-1.802,-1.807,12,23,DMP_WAIT
A,46248,STATIC,ALL,472,15280,3184,32,32,-67,0.029,0.933,0.194,1.951,1.951,-4.085,-1.732,0.147,-1.800,-1.805,12,19,DMP_WAIT
A,46266,STATIC,ALL,472,15280,3184,32,32,-67,0.029,0.933,0.194,1.951,1.951,-4.085,-1.732,0.147,-1.799,-1.803,12,18,DMP_WAIT
A,46286,STATIC,ALL,466,15270,3260,36,32,-70,0.028,0.932,0.199,2.195,1.951,-4.268,-1.709,0.145,-1.796,-1.800,12,20,OK
A,46309,STATIC,ALL,446,15324,3160,36,32,-69,0.027,0.935,0.193,2.195,1.951,-4.207,-1.633,0.145,-1.793,-1.796,12,23,DMP_WAIT
A,46328,STATIC,ALL,472,15364,3184,37,32,-68,0.029,0.938,0.194,2.256,1.951,-4.146,-1.723,0.145,-1.791,-1.794,12,19,DMP_WAIT
A,46346,STATIC,ALL,472,15364,3184,37,32,-68,0.029,0.938,0.194,2.256,1.951,-4.146,-1.723,0.145,-1.789,-1.792,12,18,DMP_WAIT
A,46366,STATIC,ALL,534,15318,3124,33,30,-69,0.033,0.935,0.191,2.012,1.829,-4.207,-1.956,0.146,-1.794,-1.798,12,20,OK
A,46389,STATIC,ALL,546,15296,3130,33,32,-69,0.033,0.934,0.191,2.012,1.951,-4.207,-2.003,0.146,-1.798,-1.802,12,23,DMP_WAIT
A,46408,STATIC,ALL,498,15362,3194,34,32,-72,0.030,0.938,0.195,2.073,1.951,-4.390,-1.818,0.146,-1.798,-1.802,12,19,DMP_WAIT
A,46426,STATIC,ALL,498,15362,3194,34,32,-72,0.030,0.938,0.195,2.073,1.951,-4.390,-1.818,0.146,-1.798,-1.802,12,18,DMP_WAIT
A,46446,STATIC,ALL,484,15298,3196,32,31,-69,0.030,0.934,0.195,1.951,1.890,-4.207,-1.774,0.146,-1.798,-1.802,12,20,OK
A,46469,STATIC,ALL,484,15268,3156,34,31,-68,0.030,0.932,0.193,2.073,1.890,-4.146,-1.778,0.146,-1.799,-1.802,12,23,DMP_WAIT
A,46488,STATIC,ALL,476,15324,3218,36,32,-69,0.029,0.935,0.196,2.195,1.951,-4.207,-1.741,0.146,-1.797,-1.800,12,19,DMP_WAIT
A,46506,STATIC,ALL,476,15324,3218,36,32,-69,0.029,0.935,0.196,2.195,1.951,-4.207,-1.741,0.146,-1.796,-1.799,12,18,DMP_WAIT
A,46526,STATIC,ALL,466,15308,3208,35,32,-69,0.028,0.934,0.196,2.134,1.951,-4.207,-1.707,0.146,-1.794,-1.796,12,20,OK
A,46549,STATIC,ALL,520,15354,3162,34,31,-70,0.032,0.937,0.193,2.073,1.890,-4.268,-1.900,0.146,-1.797,-1.799,12,23,DMP_WAIT
A,46568,STATIC,ALL,426,15334,3216,33,32,-69,0.026,0.936,0.196,2.012,1.951,-4.207,-1.557,0.146,-1.792,-1.794,12,19,DMP_WAIT
A,46586,STATIC,ALL,426,15334,3216,33,32,-69,0.026,0.936,0.196,2.012,1.951,-4.207,-1.557,0.146,-1.787,-1.788,12,18,DMP_WAIT
A,46606,STATIC,ALL,490,15348,3198,33,32,-70,0.030,0.937,0.195,2.012,1.951,-4.268,-1.790,0.145,-1.786,-1.788,12,20,OK
A,46629,STATIC,ALL,484,15322,3226,34,32,-70,0.030,0.935,0.197,2.073,1.951,-4.268,-1.770,0.145,-1.785,-1.787,12,23,DMP_WAIT
A,46648,STATIC,ALL,520,15292,3206,34,33,-69,0.032,0.933,0.196,2.073,2.012,-4.207,-1.906,0.145,-1.786,-1.788,12,19,DMP_WAIT
A,46666,STATIC,ALL,520,15292,3206,34,33,-69,0.032,0.933,0.196,2.073,2.012,-4.207,-1.906,0.145,-1.787,-1.789,12,18,DMP_WAIT
A,46686,STATIC,ALL,494,15318,3178,36,31,-68,0.030,0.935,0.194,2.195,1.890,-4.146,-1.809,0.145,-1.788,-1.790,12,20,OK
A,46709,STATIC,ALL,490,15352,3138,35,31,-69,0.030,0.937,0.192,2.134,1.890,-4.207,-1.791,0.145,-1.789,-1.791,12,23,DMP_WAIT
A,46728,STATIC,ALL,524,15396,3178,35,32,-70,0.032,0.940,0.194,2.134,1.951,-4.268,-1.909,0.145,-1.791,-1.793,12,19,DMP_WAIT
A,46746,STATIC,ALL,524,15396,3178,35,32,-70,0.032,0.940,0.194,2.134,1.951,-4.268,-1.909,0.145,-1.793,-1.795,12,18,DMP_WAIT
A,46766,STATIC,ALL,526,15322,3202,33,32,-69,0.032,0.935,0.195,2.012,1.951,-4.207,-1.925,0.146,-1.796,-1.797,12,20,OK
A,46789,STATIC,ALL,474,15296,3176,34,31,-69,0.029,0.934,0.194,2.073,1.890,-4.207,-1.738,0.146,-1.795,-1.797,12,23,DMP_WAIT
A,46808,STATIC,ALL,514,15336,3144,35,31,-69,0.031,0.936,0.192,2.134,1.890,-4.207,-1.881,0.146,-1.798,-1.799,12,19,DMP_WAIT
A,46826,STATIC,ALL,514,15336,3144,35,31,-69,0.031,0.936,0.192,2.134,1.890,-4.207,-1.881,0.146,-1.800,-1.802,12,18,DMP_WAIT
A,46846,STATIC,ALL,548,15314,3232,34,31,-69,0.033,0.935,0.197,2.073,1.890,-4.207,-2.005,0.147,-1.805,-1.807,12,20,OK
A,46869,STATIC,ALL,468,15318,3088,35,31,-69,0.029,0.935,0.188,2.134,1.890,-4.207,-1.715,0.147,-1.804,-1.806,12,23,DMP_WAIT
A,46888,STATIC,ALL,538,15286,3186,36,31,-69,0.033,0.933,0.194,2.195,1.890,-4.207,-1.973,0.147,-1.808,-1.810,12,19,DMP_WAIT
A,46906,STATIC,ALL,538,15286,3186,36,31,-69,0.033,0.933,0.194,2.195,1.890,-4.207,-1.973,0.147,-1.812,-1.815,12,18,DMP_WAIT
A,46926,STATIC,ALL,494,15410,3164,35,32,-71,0.030,0.941,0.193,2.134,1.951,-4.329,-1.799,0.149,-1.812,-1.814,12,20,OK
A,46949,STATIC,ALL,462,15350,3196,35,32,-68,0.028,0.937,0.195,2.134,1.951,-4.146,-1.688,0.149,-1.809,-1.811,12,23,DMP_WAIT
A,46968,STATIC,ALL,546,15322,3258,33,31,-69,0.033,0.935,0.199,2.012,1.890,-4.207,-1.996,0.149,-1.813,-1.816,12,19,DMP_WAIT
A,46986,STATIC,ALL,582,15372,3168,34,31,-69,0.036,0.938,0.193,2.073,1.890,-4.207,-2.124,0.149,-1.820,-1.823,12,18,DMP_WAIT
A,47006,STATIC,ALL,582,15372,3168,34,31,-69,0.036,0.938,0.193,2.073,1.890,-4.207,-2.124,0.151,-1.827,-1.831,12,20,OK
A,47029,STATIC,ALL,526,15346,3210,35,33,-71,0.032,0.937,0.196,2.134,2.012,-4.329,-1.922,0.151,-1.827,-1.831,12,23,DMP_WAIT
A,47048,STATIC,ALL,492,15332,3232,34,32,-70,0.030,0.936,0.197,2.073,1.951,-4.268,-1.798,0.151,-1.826,-1.830,12,19,DMP_WAIT
A,47066,STATIC,ALL,506,15318,3216,35,32,-69,0.031,0.935,0.196,2.134,1.951,-4.207,-1.852,0.151,-1.826,-1.831,12,18,DMP_WAIT
A,47086,STATIC,ALL,506,15318,3216,35,32,-69,0.031,0.935,0.196,2.134,1.951,-4.207,-1.852,0.151,-1.826,-1.831,12,20,OK
A,47109,STATIC,ALL,536,15330,3198,35,31,-69,0.033,0.936,0.195,2.134,1.890,-4.207,-1.960,0.151,-1.830,-1.835,12,23,DMP_WAIT
A,47128,STATIC,ALL,490,15300,3206,35,32,-69,0.030,0.934,0.196,2.134,1.951,-4.207,-1.795,0.151,-1.829,-1.834,12,19,DMP_WAIT
A,47146,STATIC,ALL,450,15370,3250,35,31,-69,0.027,0.938,0.198,2.134,1.890,-4.207,-1.641,0.151,-1.826,-1.831,12,18,DMP_WAIT
A,47166,STATIC,ALL,450,15370,3250,35,31,-69,0.027,0.938,0.198,2.134,1.890,-4.207,-1.641,0.151,-1.823,-1.828,12,20,OK
A,47189,STATIC,ALL,514,15360,3178,34,32,-70,0.031,0.938,0.194,2.073,1.951,-4.268,-1.877,0.151,-1.824,-1.828,12,23,DMP_WAIT
A,47208,STATIC,ALL,486,15300,3280,32,32,-70,0.030,0.934,0.200,1.951,1.951,-4.268,-1.779,0.151,-1.822,-1.827,12,19,DMP_WAIT
A,47226,STATIC,ALL,492,15336,3212,35,32,-69,0.030,0.936,0.196,2.134,1.951,-4.207,-1.799,0.151,-1.821,-1.826,12,18,DMP_WAIT
A,47246,STATIC,ALL,492,15336,3212,35,32,-69,0.030,0.936,0.196,2.134,1.951,-4.207,-1.799,0.151,-1.821,-1.826,12,20,OK
A,47269,STATIC,ALL,442,15314,3188,35,32,-70,0.027,0.935,0.195,2.134,1.951,-4.268,-1.619,0.151,-1.816,-1.821,12,23,DMP_WAIT
A,47288,STATIC,ALL,468,15342,3142,35,31,-68,0.029,0.936,0.192,2.134,1.890,-4.146,-1.712,0.151,-1.815,-1.819,12,19,DMP_WAIT
A,47306,STATIC,ALL,510,15320,3222,35,31,-69,0.031,0.935,0.197,2.134,1.890,-4.207,-1.866,0.151,-1.816,-1.821,12,18,DMP_WAIT
A,47326,STATIC,ALL,510,15320,3222,35,31,-69,0.031,0.935,0.197,2.134,1.890,-4.207,-1.866,0.151,-1.818,-1.823,12,20,OK
A,47349,STATIC,ALL,474,15372,3242,33,32,-70,0.029,0.938,0.198,2.012,1.951,-4.268,-1.728,0.151,-1.816,-1.821,12,23,DMP_WAIT
A,47368,STATIC,ALL,450,15316,3190,33,32,-71,0.027,0.935,0.195,2.012,1.951,-4.329,-1.648,0.151,-1.812,-1.817,12,19,DMP_WAIT
A,47386,STATIC,ALL,458,15290,3266,33,33,-71,0.028,0.933,0.199,2.012,2.012,-4.329,-1.678,0.151,-1.808,-1.812,12,18,DMP_WAIT
A,47406,STATIC,ALL,470,15362,3236,34,32,-70,0.029,0.938,0.198,2.073,1.951,-4.268,-1.715,0.149,-1.806,-1.810,12,20,OK
A,47429,STATIC,ALL,498,15300,3236,35,32,-70,0.030,0.934,0.198,2.134,1.951,-4.268,-1.824,0.149,-1.806,-1.810,12,23,DMP_WAIT
A,47448,STATIC,ALL,492,15356,3232,36,33,-68,0.030,0.937,0.197,2.195,2.012,-4.146,-1.796,0.149,-1.804,-1.808,12,19,DMP_WAIT
A,47466,STATIC,ALL,480,15316,3174,35,32,-68,0.029,0.935,0.194,2.134,1.951,-4.146,-1.758,0.149,-1.803,-1.807,12,18,DMP_WAIT
A,47486,STATIC,ALL,462,15332,3174,35,31,-69,0.028,0.936,0.194,2.134,1.890,-4.207,-1.690,0.148,-1.801,-1.805,12,20,OK
A,47509,STATIC,ALL,506,15332,3192,35,32,-69,0.031,0.936,0.195,2.134,1.951,-4.207,-1.851,0.148,-1.802,-1.805,12,23,DMP_WAIT
A,47528,STATIC,ALL,478,15294,3170,34,32,-70,0.029,0.933,0.193,2.073,1.951,-4.268,-1.753,0.148,-1.800,-1.804,12,19,DMP_WAIT
A,47546,STATIC,ALL,496,15342,3234,34,32,-70,0.030,0.936,0.197,2.073,1.951,-4.268,-1.812,0.148,-1.800,-1.804,12,18,DMP_WAIT
A,47566,STATIC,ALL,474,15302,3226,32,33,-70,0.029,0.934,0.197,1.951,2.012,-4.268,-1.736,0.147,-1.797,-1.801,12,20,OK
A,47589,STATIC,ALL,488,15312,3154,31,32,-70,0.030,0.935,0.193,1.890,1.951,-4.268,-1.788,0.147,-1.797,-1.800,12,23,DMP_WAIT
A,47608,STATIC,ALL,540,15334,3272,33,31,-71,0.033,0.936,0.200,2.012,1.890,-4.329,-1.973,0.147,-1.801,-1.804,12,19,DMP_WAIT
A,47626,STATIC,ALL,506,15340,3240,34,32,-71,0.031,0.936,0.198,2.073,1.951,-4.329,-1.849,0.147,-1.802,-1.805,12,18,DMP_WAIT
A,47646,STATIC,ALL,486,15286,3194,36,32,-68,0.030,0.933,0.195,2.195,1.951,-4.146,-1.783,0.148,-1.801,-1.804,12,20,OK
A,47669,STATIC,ALL,440,15342,3228,39,32,-67,0.027,0.936,0.197,2.378,1.951,-4.085,-1.608,0.148,-1.796,-1.799,12,23,DMP_WAIT
A,47688,STATIC,ALL,504,15412,3158,37,29,-68,0.031,0.941,0.193,2.256,1.768,-4.146,-1.835,0.148,-1.800,-1.803,12,19,DMP_WAIT
A,47706,STATIC,ALL,526,15278,3172,35,31,-68,0.032,0.932,0.194,2.134,1.890,-4.146,-1.931,0.148,-1.804,-1.807,12,18,DMP_WAIT
A,47726,STATIC,ALL,512,15346,3220,35,33,-69,0.031,0.937,0.197,2.134,2.012,-4.207,-1.870,0.148,-1.803,-1.806,12,20,OK
A,47749,STATIC,ALL,508,15354,3184,31,32,-71,0.031,0.937,0.194,1.890,1.951,-4.329,-1.856,0.148,-1.804,-1.807,12,23,DMP_WAIT
A,47768,STATIC,ALL,460,15328,3120,31,33,-72,0.028,0.936,0.190,1.890,2.012,-4.390,-1.684,0.148,-1.800,-1.803,12,19,DMP_WAIT
A,47786,STATIC,ALL,466,15314,3280,32,33,-70,0.028,0.935,0.200,1.951,2.012,-4.268,-1.704,0.148,-1.797,-1.799,12,18,DMP_WAIT
A,47806,STATIC,ALL,480,15390,3218,33,32,-71,0.029,0.939,0.196,2.012,1.951,-4.329,-1.749,0.147,-1.795,-1.798,12,20,OK
A,47829,STATIC,ALL,516,15274,3178,35,30,-69,0.031,0.932,0.194,2.134,1.829,-4.207,-1.894,0.147,-1.799,-1.802,12,23,DMP_WAIT
A,47848,STATIC,ALL,466,15312,3142,40,32,-66,0.028,0.935,0.192,2.439,1.951,-4.024,-1.708,0.147,-1.797,-1.800,12,19,DMP_WAIT
A,47866,STATIC,ALL,526,15442,3184,42,29,-67,0.032,0.943,0.194,2.561,1.768,-4.085,-1.911,0.147,-1.802,-1.805,12,18,DMP_WAIT
A,47886,STATIC,ALL,494,15378,3224,36,31,-69,0.030,0.939,0.197,2.195,1.890,-4.207,-1.801,0.148,-1.803,-1.806,12,20,OK
A,47909,STATIC,ALL,482,15292,3164,31,32,-69,0.029,0.933,0.193,1.890,1.951,-4.207,-1.768,0.148,-1.802,-1.804,12,23,DMP_WAIT
A,47928,STATIC,ALL,484,15342,3240,29,33,-72,0.030,0.936,0.198,1.768,2.012,-4.390,-1.768,0.148,-1.800,-1.802,12,19,DMP_WAIT
A,47946,STATIC,ALL,462,15374,3240,27,33,-75,0.028,0.938,0.198,1.646,2.012,-4.573,-1.684,0.148,-1.796,-1.798,12,18,DMP_WAIT
A,47966,STATIC,ALL,482,15262,3228,30,34,-72,0.029,0.932,0.197,1.829,2.073,-4.390,-1.770,0.146,-1.793,-1.795,12,20,OK
A,47989,STATIC,ALL,416,15292,3160,35,33,-68,0.025,0.933,0.193,2.134,2.012,-4.146,-1.526,0.146,-1.786,-1.787,12,23,DMP_WAIT
A,48008,STATIC,ALL,520,15356,3286,39,29,-67,0.032,0.937,0.201,2.378,1.768,-4.085,-1.897,0.146,-1.791,-1.792,12,19,DMP_WAIT
A,48026,STATIC,ALL,526,15302,3074,41,28,-65,0.032,0.934,0.188,2.500,1.707,-3.963,-1.930,0.146,-1.797,-1.799,12,18,DMP_WAIT
A,48046,STATIC,ALL,514,15350,3100,41,32,-65,0.031,0.937,0.189,2.500,1.951,-3.963,-1.880,0.147,-1.799,-1.800,12,20,OK
A,48069,STATIC,ALL,566,15444,3224,37,32,-70,0.035,0.943,0.197,2.256,1.951,-4.268,-2.055,0.147,-1.803,-1.805,12,23,DMP_WAIT
A,48088,STATIC,ALL,492,15368,3168,29,32,-73,0.030,0.938,0.193,1.768,1.951,-4.451,-1.796,0.147,-1.803,-1.805,12,19,DMP_WAIT
A,48106,STATIC,ALL,442,15336,3152,27,34,-71,0.027,0.936,0.192,1.646,2.073,-4.329,-1.617,0.147,-1.797,-1.798,12,18,DMP_WAIT
A,48126,STATIC,ALL,458,15342,3250,28,33,-73,0.028,0.936,0.198,1.707,2.012,-4.451,-1.673,0.146,-1.793,-1.794,12,20,OK
A,48149,STATIC,ALL,468,15294,3274,30,32,-72,0.029,0.933,0.200,1.829,1.951,-4.390,-1.714,0.146,-1.791,-1.792,12,23,DMP_WAIT
A,48168,STATIC,ALL,456,15236,3270,35,33,-67,0.028,0.930,0.200,2.134,2.012,-4.085,-1.676,0.146,-1.787,-1.788,12,19,DMP_WAIT
A,48186,STATIC,ALL,490,15354,3156,41,30,-66,0.030,0.937,0.193,2.500,1.829,-4.024,-1.790,0.146,-1.789,-1.789,12,18,DMP_WAIT
A,48206,STATIC,ALL,542,15382,3198,41,29,-67,0.033,0.939,0.195,2.500,1.768,-4.085,-1.976,0.146,-1.795,-1.797,12,20,OK
A,48229,STATIC,ALL,490,15336,3140,38,32,-66,0.030,0.936,0.192,2.317,1.951,-4.024,-1.793,0.146,-1.795,-1.796,12,23,DMP_WAIT
A,48248,STATIC,ALL,502,15332,3186,34,32,-69,0.031,0.936,0.194,2.073,1.951,-4.207,-1.836,0.146,-1.795,-1.796,12,19,DMP_WAIT
A,48266,STATIC,ALL,538,15356,3212,29,32,-73,0.033,0.937,0.196,1.768,1.951,-4.451,-1.964,0.146,-1.798,-1.800,12,18,DMP_WAIT
A,48286,STATIC,ALL,484,15370,3154,30,35,-73,0.030,0.938,0.193,1.829,2.134,-4.451,-1.767,0.146,-1.794,-1.795,12,20,OK
A,48309,STATIC,ALL,460,15266,3206,29,33,-72,0.028,0.932,0.196,1.768,2.012,-4.390,-1.689,0.146,-1.790,-1.791,12,23,DMP_WAIT
A,48328,STATIC,ALL,500,15324,3248,31,32,-71,0.031,0.935,0.198,1.890,1.951,-4.329,-1.828,0.146,-1.790,-1.791,12,19,DMP_WAIT
A,48346,STATIC,ALL,470,15340,3184,35,31,-69,0.029,0.936,0.194,2.134,1.890,-4.207,-1.718,0.146,-1.790,-1.790,12,18,DMP_WAIT
A,48366,STATIC,ALL,494,15332,3240,39,32,-67,0.030,0.936,0.198,2.378,1.951,-4.085,-1.806,0.145,-1.789,-1.790,12,20,OK
A,48389,STATIC,ALL,472,15278,3212,40,31,-67,0.029,0.932,0.196,2.439,1.890,-4.085,-1.732,0.145,-1.789,-1.790,12,23,DMP_WAIT
A,48408,STATIC,ALL,510,15340,3236,40,31,-68,0.031,0.936,0.198,2.439,1.890,-4.146,-1.863,0.145,-1.791,-1.792,12,19,DMP_WAIT
A,48426,STATIC,ALL,480,15306,3288,34,31,-67,0.029,0.934,0.201,2.073,1.890,-4.085,-1.756,0.145,-1.791,-1.792,12,18,DMP_WAIT
A,48446,STATIC,ALL,500,15340,3172,33,33,-69,0.031,0.936,0.194,2.012,2.012,-4.207,-1.828,0.145,-1.791,-1.791,12,20,OK
A,48469,STATIC,ALL,544,15304,3162,31,32,-72,0.033,0.934,0.193,1.890,1.951,-4.390,-1.994,0.145,-1.794,-1.795,12,23,DMP_WAIT
A,48488,STATIC,ALL,508,15314,3162,30,33,-72,0.031,0.935,0.193,1.829,2.012,-4.390,-1.861,0.145,-1.794,-1.795,12,19,DMP_WAIT
A,48506,STATIC,ALL,484,15284,3208,30,32,-70,0.030,0.933,0.196,1.829,1.951,-4.268,-1.775,0.145,-1.793,-1.794,12,18,DMP_WAIT
A,48526,STATIC,ALL,484,15384,3214,34,31,-71,0.030,0.939,0.196,2.073,1.890,-4.329,-1.764,0.145,-1.793,-1.794,12,20,OK
A,48549,STATIC,ALL,472,15326,3186,36,30,-68,0.029,0.935,0.194,2.195,1.829,-4.146,-1.727,0.145,-1.794,-1.795,12,23,DMP_WAIT
A,48568,STATIC,ALL,478,15340,3260,39,32,-67,0.029,0.936,0.199,2.378,1.951,-4.085,-1.746,0.145,-1.793,-1.794,12,19,DMP_WAIT
A,48586,STATIC,ALL,504,15360,3242,38,31,-68,0.031,0.938,0.198,2.317,1.890,-4.146,-1.839,0.145,-1.795,-1.795,12,18,DMP_WAIT
A,48606,STATIC,ALL,500,15274,3204,33,32,-70,0.031,0.932,0.196,2.012,1.951,-4.268,-1.835,0.145,-1.795,-1.796,12,20,OK
A,48629,STATIC,ALL,448,15338,3162,32,34,-69,0.027,0.936,0.193,1.951,2.073,-4.207,-1.639,0.145,-1.789,-1.789,12,23,DMP_WAIT
A,48648,STATIC,ALL,504,15340,3150,33,32,-70,0.031,0.936,0.192,2.012,1.951,-4.268,-1.843,0.145,-1.789,-1.790,12,19,DMP_WAIT
A,48666,STATIC,ALL,516,15320,3156,35,32,-69,0.031,0.935,0.193,2.134,1.951,-4.207,-1.889,0.145,-1.791,-1.792,12,18,DMP_WAIT
A,48686,STATIC,ALL,466,15328,3292,35,32,-68,0.028,0.936,0.201,2.134,1.951,-4.146,-1.703,0.144,-1.789,-1.789,12,20,OK
A,48709,STATIC,ALL,466,15370,3212,34,30,-69,0.028,0.938,0.196,2.073,1.829,-4.207,-1.700,0.144,-1.789,-1.790,12,23,DMP_WAIT
A,48728,STATIC,ALL,472,15310,3216,32,30,-69,0.029,0.934,0.196,1.951,1.829,-4.207,-1.728,0.144,-1.790,-1.790,12,19,DMP_WAIT
A,48746,STATIC,ALL,502,15300,3222,33,33,-69,0.031,0.934,0.197,2.012,2.012,-4.207,-1.839,0.144,-1.790,-1.790,12,18,DMP_WAIT
A,48766,STATIC,ALL,454,15382,3180,34,33,-71,0.028,0.939,0.194,2.073,2.012,-4.329,-1.656,0.144,-1.785,-1.785,12,20,OK
A,48789,STATIC,ALL,514,15288,3234,35,30,-69,0.031,0.933,0.197,2.134,1.829,-4.207,-1.884,0.144,-1.790,-1.790,12,23,DMP_WAIT
A,48808,STATIC,ALL,488,15294,3214,36,31,-67,0.030,0.933,0.196,2.195,1.890,-4.085,-1.789,0.144,-1.790,-1.790,12,19,DMP_WAIT
A,48826,STATIC,ALL,502,15330,3164,36,31,-68,0.031,0.936,0.193,2.195,1.890,-4.146,-1.837,0.144,-1.792,-1.792,12,18,DMP_WAIT
A,48846,STATIC,ALL,540,15324,3198,35,30,-68,0.033,0.935,0.195,2.134,1.829,-4.146,-1.976,0.145,-1.798,-1.798,12,20,OK
A,48869,STATIC,ALL,490,15372,3250,34,33,-69,0.030,0.938,0.198,2.073,2.012,-4.207,-1.786,0.145,-1.795,-1.796,12,23,DMP_WAIT
A,48888,STATIC,ALL,470,15372,3240,32,33,-71,0.029,0.938,0.198,1.951,2.012,-4.329,-1.714,0.145,-1.792,-1.793,12,19,DMP_WAIT
A,48906,STATIC,ALL,440,15266,3216,30,32,-71,0.027,0.932,0.196,1.829,1.951,-4.329,-1.615,0.145,-1.788,-1.788,12,18,DMP_WAIT
A,48926,STATIC,ALL,440,15314,3290,32,33,-70,0.027,0.935,0.201,1.951,2.012,-4.268,-1.609,0.143,-1.783,-1.783,12,20,OK
A,48949,STATIC,ALL,520,15272,3224,36,30,-69,0.032,0.932,0.197,2.195,1.829,-4.207,-1.908,0.143,-1.788,-1.788,12,23,DMP_WAIT
A,48968,STATIC,ALL,466,15300,3118,38,30,-68,0.028,0.934,0.190,2.317,1.829,-4.146,-1.709,0.143,-1.788,-1.788,12,19,DMP_WAIT
A,48986,STATIC,ALL,496,15404,3156,42,32,-66,0.030,0.940,0.193,2.561,1.951,-4.024,-1.807,0.143,-1.788,-1.788,12,18,DMP_WAIT
A,49006,STATIC,ALL,478,15396,3144,40,30,-67,0.029,0.940,0.192,2.439,1.829,-4.085,-1.742,0.144,-1.789,-1.789,12,20,OK
A,49029,STATIC,ALL,492,15324,3200,33,31,-69,0.030,0.935,0.195,2.012,1.890,-4.207,-1.800,0.144,-1.791,-1.790,12,23,DMP_WAIT
A,49048,STATIC,ALL,522,15322,3168,29,33,-71,0.032,0.935,0.193,1.768,2.012,-4.329,-1.911,0.144,-1.791,-1.791,12,19,DMP_WAIT
A,49066,STATIC,ALL,538,15298,3186,28,33,-73,0.033,0.934,0.194,1.707,2.012,-4.451,-1.972,0.144,-1.794,-1.793,12,18,DMP_WAIT
A,49086,STATIC,ALL,482,15288,3188,29,34,-73,0.029,0.933,0.195,1.768,2.073,-4.451,-1.768,0.144,-1.790,-1.790,12,20,OK
A,49109,STATIC,ALL,442,15312,3226,34,33,-70,0.027,0.935,0.197,2.073,2.012,-4.268,-1.618,0.144,-1.785,-1.784,12,23,DMP_WAIT
A,49128,STATIC,ALL,476,15312,3278,38,31,-69,0.029,0.935,0.200,2.317,1.890,-4.207,-1.741,0.144,-1.785,-1.784,12,19,DMP_WAIT
A,49146,STATIC,ALL,488,15300,3160,39,29,-65,0.030,0.934,0.193,2.378,1.768,-3.963,-1.789,0.144,-1.788,-1.787,12,18,DMP_WAIT
A,49166,STATIC,ALL,508,15378,3260,39,30,-65,0.031,0.939,0.199,2.378,1.829,-3.963,-1.851,0.144,-1.791,-1.790,12,20,OK
A,49189,STATIC,ALL,472,15332,3246,35,31,-70,0.029,0.936,0.198,2.134,1.890,-4.268,-1.725,0.144,-1.791,-1.790,12,23,DMP_WAIT
A,49208,STATIC,ALL,494,15372,3234,32,32,-70,0.030,0.938,0.197,1.951,1.951,-4.268,-1.801,0.144,-1.790,-1.790,12,19,DMP_WAIT
A,49226,STATIC,ALL,496,15324,3172,30,33,-71,0.030,0.935,0.194,1.829,2.012,-4.329,-1.815,0.144,-1.790,-1.789,12,18,DMP_WAIT
A,49246,STATIC,ALL,466,15312,3198,31,32,-71,0.028,0.935,0.195,1.890,1.951,-4.329,-1.706,0.144,-1.787,-1.786,12,20,OK
A,49269,STATIC,ALL,460,15388,3244,34,32,-70,0.028,0.939,0.198,2.073,1.951,-4.268,-1.675,0.144,-1.785,-1.783,12,23,DMP_WAIT
A,49288,STATIC,ALL,508,15272,3160,35,31,-68,0.031,0.932,0.193,2.134,1.890,-4.146,-1.866,0.144,-1.787,-1.786,12,19,DMP_WAIT
A,49306,STATIC,ALL,456,15348,3182,37,31,-68,0.028,0.937,0.194,2.256,1.890,-4.146,-1.666,0.144,-1.785,-1.784,12,18,DMP_WAIT
A,49326,STATIC,ALL,500,15370,3200,35,31,-68,0.031,0.938,0.195,2.134,1.890,-4.146,-1.824,0.143,-1.787,-1.786,12,20,OK
A,49349,STATIC,ALL,468,15346,3244,34,32,-69,0.029,0.937,0.198,2.073,1.951,-4.207,-1.709,0.143,-1.785,-1.783,12,23,DMP_WAIT
A,49368,STATIC,ALL,526,15350,3282,33,31,-69,0.032,0.937,0.200,2.012,1.890,-4.207,-1.919,0.143,-1.788,-1.787,12,19,DMP_WAIT
A,49386,STATIC,ALL,492,15314,3212,33,32,-70,0.030,0.935,0.196,2.012,1.951,-4.268,-1.801,0.143,-1.788,-1.787,12,18,DMP_WAIT
A,49406,STATIC,ALL,428,15306,3230,34,31,-70,0.026,0.934,0.197,2.073,1.890,-4.268,-1.567,0.144,-1.785,-1.783,12,20,OK
A,49429,STATIC,ALL,470,15338,3172,35,32,-70,0.029,0.936,0.194,2.134,1.951,-4.268,-1.719,0.144,-1.783,-1.781,12,23,DMP_WAIT
A,49448,STATIC,ALL,484,15358,3228,35,30,-69,0.030,0.937,0.197,2.134,1.829,-4.207,-1.766,0.144,-1.784,-1.782,11,19,DMP_WAIT
A,49466,STATIC,ALL,514,15332,3144,34,31,-68,0.031,0.936,0.192,2.073,1.890,-4.146,-1.881,0.144,-1.787,-1.785,11,18,DMP_WAIT
A,49486,STATIC,ALL,500,15328,3226,33,33,-69,0.031,0.936,0.197,2.012,2.012,-4.207,-1.828,0.143,-1.786,-1.784,11,20,OK
A,49509,STATIC,ALL,530,15298,3208,32,32,-70,0.032,0.934,0.196,1.951,1.951,-4.268,-1.942,0.143,-1.789,-1.787,11,23,DMP_WAIT
A,49528,STATIC,ALL,488,15288,3232,33,33,-71,0.030,0.933,0.197,2.012,2.012,-4.329,-1.789,0.143,-1.787,-1.785,11,19,DMP_WAIT
A,49546,STATIC,ALL,450,15334,3178,34,31,-69,0.027,0.936,0.194,2.073,1.890,-4.207,-1.646,0.143,-1.785,-1.783,11,18,DMP_WAIT
A,49566,STATIC,ALL,450,15296,3200,36,30,-67,0.027,0.934,0.195,2.195,1.829,-4.085,-1.649,0.143,-1.785,-1.782,11,20,OK
A,49589,STATIC,ALL,492,15354,3186,37,31,-67,0.030,0.937,0.194,2.256,1.890,-4.085,-1.797,0.143,-1.786,-1.783,11,23,DMP_WAIT
A,49608,STATIC,ALL,512,15342,3200,37,30,-68,0.031,0.936,0.195,2.256,1.829,-4.146,-1.871,0.143,-1.789,-1.787,11,19,DMP_WAIT
A,49626,STATIC,ALL,518,15336,3174,34,32,-70,0.032,0.936,0.194,2.073,1.951,-4.268,-1.894,0.143,-1.791,-1.789,11,18,DMP_WAIT
A,49646,STATIC,ALL,516,15340,3172,32,32,-71,0.031,0.936,0.194,1.951,1.951,-4.329,-1.887,0.144,-1.793,-1.790,11,20,OK
A,49669,STATIC,ALL,474,15310,3240,31,33,-72,0.029,0.934,0.198,1.890,2.012,-4.390,-1.735,0.144,-1.790,-1.787,11,23,DMP_WAIT
A,49688,STATIC,ALL,446,15310,3264,31,32,-72,0.027,0.934,0.199,1.890,1.951,-4.390,-1.632,0.144,-1.786,-1.783,11,19,DMP_WAIT
A,49706,STATIC,ALL,488,15336,3226,32,32,-70,0.030,0.936,0.197,1.951,1.951,-4.268,-1.784,0.144,-1.786,-1.783,11,18,DMP_WAIT
A,49726,STATIC,ALL,474,15332,3184,37,31,-68,0.029,0.936,0.194,2.256,1.890,-4.146,-1.734,0.143,-1.785,-1.782,11,20,OK
A,49749,STATIC,ALL,492,15322,3188,39,31,-66,0.030,0.935,0.195,2.378,1.890,-4.024,-1.801,0.143,-1.787,-1.784,11,23,DMP_WAIT
A,49768,STATIC,ALL,550,15366,3224,41,31,-66,0.034,0.938,0.197,2.500,1.890,-4.024,-2.006,0.143,-1.792,-1.789,11,19,DMP_WAIT
A,49786,STATIC,ALL,498,15364,3234,37,31,-68,0.030,0.938,0.197,2.256,1.890,-4.146,-1.817,0.143,-1.793,-1.790,11,18,DMP_WAIT
A,49806,STATIC,ALL,524,15338,3236,32,33,-70,0.032,0.936,0.198,1.951,2.012,-4.268,-1.915,0.144,-1.794,-1.791,11,20,OK
A,49829,STATIC,ALL,512,15354,3304,28,33,-72,0.031,0.937,0.202,1.707,2.012,-4.390,-1.867,0.144,-1.793,-1.791,11,23,DMP_WAIT
A,49848,STATIC,ALL,516,15294,3232,27,35,-74,0.031,0.933,0.197,1.646,2.134,-4.512,-1.891,0.144,-1.792,-1.789,11,19,DMP_WAIT
A,49866,STATIC,ALL,472,15314,3262,29,33,-73,0.029,0.935,0.199,1.768,2.012,-4.451,-1.727,0.144,-1.789,-1.787,11,18,DMP_WAIT
A,49886,STATIC,ALL,456,15306,3214,35,32,-69,0.028,0.934,0.196,2.134,1.951,-4.207,-1.670,0.142,-1.786,-1.784,11,20,OK
A,49909,STATIC,ALL,476,15300,3148,40,30,-66,0.029,0.934,0.192,2.439,1.829,-4.024,-1.745,0.142,-1.787,-1.785,11,23,DMP_WAIT
A,49928,STATIC,ALL,486,15314,3238,41,29,-65,0.030,0.935,0.198,2.500,1.768,-3.963,-1.778,0.142,-1.790,-1.788,11,19,DMP_WAIT
A,49946,STATIC,ALL,506,15372,3178,41,30,-66,0.031,0.938,0.194,2.500,1.829,-4.024,-1.846,0.142,-1.793,-1.791,11,18,DMP_WAIT
A,49966,STATIC,ALL,530,15366,3140,36,32,-68,0.032,0.938,0.192,2.195,1.951,-4.146,-1.935,0.144,-1.796,-1.793,11,20,OK
A,49989,STATIC,ALL,544,15372,3238,31,32,-72,0.033,0.938,0.198,1.890,1.951,-4.390,-1.983,0.144,-1.799,-1.797,11,23,DMP_WAIT
A,50008,STATIC,ALL,448,15266,3230,26,33,-73,0.027,0.932,0.197,1.585,2.012,-4.451,-1.645,0.144,-1.794,-1.792,11,19,DMP_WAIT
A,50026,STATIC,ALL,498,15298,3208,26,33,-72,0.030,0.934,0.196,1.585,2.012,-4.390,-1.825,0.144,-1.794,-1.792,11,18,DMP_WAIT
A,50046,STATIC,ALL,466,15294,3264,29,31,-71,0.028,0.933,0.199,1.768,1.890,-4.329,-1.707,0.144,-1.793,-1.791,11,20,OK
A,50069,STATIC,ALL,480,15330,3244,35,31,-68,0.029,0.936,0.198,2.134,1.890,-4.146,-1.755,0.144,-1.793,-1.791,11,23,DMP_WAIT
A,50088,STATIC,ALL,460,15362,3176,41,31,-66,0.028,0.938,0.194,2.500,1.890,-4.024,-1.680,0.144,-1.791,-1.789,11,19,DMP_WAIT
A,50106,STATIC,ALL,486,15332,3182,42,29,-64,0.030,0.936,0.194,2.561,1.768,-3.902,-1.778,0.144,-1.794,-1.792,11,18,DMP_WAIT
A,50126,STATIC,ALL,538,15380,3214,40,29,-65,0.033,0.939,0.196,2.439,1.768,-3.963,-1.961,0.145,-1.800,-1.798,11,20,OK
A,50149,STATIC,ALL,508,15380,3194,36,31,-69,0.031,0.939,0.195,2.195,1.890,-4.207,-1.852,0.145,-1.802,-1.800,11,23,DMP_WAIT
A,50168,STATIC,ALL,480,15346,3188,30,33,-72,0.029,0.937,0.195,1.829,2.012,-4.390,-1.754,0.145,-1.800,-1.798,11,19,DMP_WAIT
A,50186,STATIC,ALL,460,15308,3224,27,34,-74,0.028,0.934,0.197,1.646,2.073,-4.512,-1.684,0.145,-1.795,-1.793,11,18,DMP_WAIT
A,50206,STATIC,ALL,502,15312,3278,28,34,-73,0.031,0.935,0.200,1.707,2.073,-4.451,-1.836,0.143,-1.793,-1.791,11,20,OK
A,50229,STATIC,ALL,456,15308,3210,32,32,-71,0.028,0.934,0.196,1.951,1.951,-4.329,-1.670,0.143,-1.790,-1.788,11,23,DMP_WAIT
A,50248,STATIC,ALL,524,15280,3238,36,31,-68,0.032,0.933,0.198,2.195,1.890,-4.146,-1.921,0.143,-1.793,-1.791,11,19,DMP_WAIT
A,50266,STATIC,ALL,490,15358,3238,40,31,-66,0.030,0.937,0.198,2.439,1.890,-4.024,-1.788,0.143,-1.794,-1.792,11,18,DMP_WAIT
A,50286,STATIC,ALL,486,15354,3186,42,29,-66,0.030,0.937,0.194,2.561,1.768,-4.024,-1.775,0.144,-1.797,-1.795,11,20,OK
A,50309,STATIC,ALL,506,15318,3166,39,31,-67,0.031,0.935,0.193,2.378,1.890,-4.085,-1.853,0.144,-1.799,-1.797,11,23,DMP_WAIT
A,50328,STATIC,ALL,558,15344,3116,35,32,-69,0.034,0.937,0.190,2.134,1.951,-4.207,-2.041,0.144,-1.803,-1.802,11,19,DMP_WAIT
A,50346,STATIC,ALL,542,15320,3270,30,32,-71,0.033,0.935,0.200,1.829,1.951,-4.329,-1.982,0.144,-1.807,-1.805,11,18,DMP_WAIT
A,50366,STATIC,ALL,474,15350,3240,27,33,-72,0.029,0.937,0.198,1.646,2.012,-4.390,-1.731,0.146,-1.803,-1.802,11,20,OK
A,50389,STATIC,ALL,464,15310,3188,27,33,-72,0.028,0.934,0.195,1.646,2.012,-4.390,-1.699,0.146,-1.799,-1.798,11,23,DMP_WAIT
A,50408,STATIC,ALL,472,15302,3276,30,32,-72,0.029,0.934,0.200,1.829,1.951,-4.390,-1.728,0.146,-1.798,-1.796,11,19,DMP_WAIT
A,50426,STATIC,ALL,444,15334,3236,35,32,-69,0.027,0.936,0.198,2.134,1.951,-4.207,-1.623,0.146,-1.794,-1.792,11,18,DMP_WAIT
A,50446,STATIC,ALL,508,15296,3220,40,30,-66,0.031,0.934,0.197,2.439,1.829,-4.024,-1.861,0.144,-1.797,-1.796,11,20,OK
A,50469,STATIC,ALL,472,15376,3156,42,29,-64,0.029,0.938,0.193,2.561,1.768,-3.902,-1.722,0.144,-1.799,-1.798,12,23,DMP_WAIT
A,50488,STATIC,ALL,534,15316,3194,41,30,-65,0.033,0.935,0.195,2.500,1.829,-3.963,-1.955,0.144,-1.804,-1.803,12,19,DMP_WAIT
A,50506,STATIC,ALL,516,15348,3196,37,31,-68,0.031,0.937,0.195,2.256,1.890,-4.146,-1.885,0.144,-1.807,-1.806,12,18,DMP_WAIT
A,50526,STATIC,ALL,514,15344,3150,31,32,-70,0.031,0.937,0.192,1.890,1.951,-4.268,-1.879,0.146,-1.808,-1.807,12,20,OK
A,50549,STATIC,ALL,538,15320,3212,27,33,-72,0.033,0.935,0.196,1.646,2.012,-4.390,-1.968,0.146,-1.809,-1.809,12,23,DMP_WAIT
A,50568,STATIC,ALL,462,15328,3196,27,35,-73,0.028,0.936,0.195,1.646,2.134,-4.451,-1.690,0.146,-1.803,-1.802,12,19,DMP_WAIT
A,50586,STATIC,ALL,454,15306,3282,30,34,-72,0.028,0.934,0.200,1.829,2.073,-4.390,-1.661,0.146,-1.798,-1.797,12,18,DMP_WAIT
A,50606,STATIC,ALL,442,15300,3256,35,32,-70,0.027,0.934,0.199,2.134,1.951,-4.268,-1.619,0.144,-1.794,-1.793,12,20,OK
A,50629,STATIC,ALL,450,15260,3222,39,30,-66,0.027,0.931,0.197,2.378,1.829,-4.024,-1.653,0.144,-1.793,-1.792,12,23,DMP_WAIT
A,50648,STATIC,ALL,496,15334,3164,42,30,-65,0.030,0.936,0.193,2.561,1.829,-3.963,-1.814,0.144,-1.795,-1.794,12,19,DMP_WAIT
A,50666,STATIC,ALL,518,15354,3198,41,29,-65,0.032,0.937,0.195,2.500,1.768,-3.963,-1.892,0.144,-1.800,-1.799,12,18,DMP_WAIT
A,50686,STATIC,ALL,494,15416,3180,37,31,-67,0.030,0.941,0.194,2.256,1.890,-4.085,-1.798,0.145,-1.801,-1.800,12,20,OK
A,50709,STATIC,ALL,544,15354,3192,31,32,-70,0.033,0.937,0.195,1.890,1.951,-4.268,-1.987,0.145,-1.804,-1.803,12,23,DMP_WAIT
A,50728,STATIC,ALL,510,15340,3212,28,34,-73,0.031,0.936,0.196,1.707,2.073,-4.451,-1.864,0.145,-1.803,-1.802,12,19,DMP_WAIT
A,50746,STATIC,ALL,472,15278,3208,27,34,-74,0.029,0.932,0.196,1.646,2.073,-4.512,-1.732,0.145,-1.799,-1.798,12,18,DMP_WAIT
A,50766,STATIC,ALL,470,15274,3218,30,33,-72,0.029,0.932,0.196,1.829,2.012,-4.390,-1.725,0.144,-1.796,-1.795,12,20,OK
A,50789,STATIC,ALL,434,15306,3230,36,33,-69,0.026,0.934,0.197,2.195,2.012,-4.207,-1.589,0.144,-1.790,-1.789,12,23,DMP_WAIT
A,50808,STATIC,ALL,452,15326,3216,40,30,-66,0.028,0.935,0.196,2.439,1.829,-4.024,-1.653,0.144,-1.789,-1.788,12,19,DMP_WAIT
A,50826,STATIC,ALL,496,15336,3170,41,30,-64,0.030,0.936,0.193,2.500,1.829,-3.902,-1.814,0.144,-1.791,-1.790,12,18,DMP_WAIT
A,50846,STATIC,ALL,524,15340,3216,39,30,-66,0.032,0.936,0.196,2.378,1.829,-4.024,-1.915,0.144,-1.796,-1.794,12,20,OK
A,50869,STATIC,ALL,520,15340,3116,35,30,-69,0.032,0.936,0.190,2.134,1.829,-4.207,-1.903,0.144,-1.800,-1.799,12,23,DMP_WAIT
A,50888,STATIC,ALL,530,15306,3144,31,31,-71,0.032,0.934,0.192,1.890,1.890,-4.329,-1.943,0.144,-1.804,-1.803,12,19,DMP_WAIT
A,50906,STATIC,ALL,478,15386,3288,29,34,-73,0.029,0.939,0.201,1.768,2.073,-4.451,-1.740,0.144,-1.800,-1.799,12,18,DMP_WAIT
A,50926,STATIC,ALL,496,15310,3220,29,32,-72,0.030,0.934,0.197,1.768,1.951,-4.390,-1.816,0.145,-1.800,-1.799,12,20,OK
A,50949,STATIC,ALL,426,15322,3192,31,32,-72,0.026,0.935,0.195,1.890,1.951,-4.390,-1.559,0.145,-1.794,-1.793,12,23,DMP_WAIT
A,50968,STATIC,ALL,468,15316,3276,34,32,-69,0.029,0.935,0.200,2.073,1.951,-4.207,-1.712,0.145,-1.792,-1.791,12,19,DMP_WAIT
A,50986,STATIC,ALL,474,15336,3238,38,30,-67,0.029,0.936,0.198,2.317,1.829,-4.085,-1.732,0.145,-1.793,-1.792,12,18,DMP_WAIT
A,51006,STATIC,ALL,528,15292,3248,39,30,-66,0.032,0.933,0.198,2.378,1.829,-4.024,-1.934,0.144,-1.798,-1.797,12,20,OK
A,51029,STATIC,ALL,478,15378,3208,39,30,-67,0.029,0.939,0.196,2.378,1.829,-4.085,-1.743,0.144,-1.799,-1.798,12,23,DMP_WAIT
A,51048,STATIC,ALL,550,15300,3170,35,30,-67,0.034,0.934,0.193,2.134,1.829,-4.085,-2.016,0.144,-1.805,-1.804,12,19,DMP_WAIT
A,51066,STATIC,ALL,522,15392,3198,33,32,-70,0.032,0.939,0.195,2.012,1.951,-4.268,-1.902,0.144,-1.807,-1.806,12,18,DMP_WAIT
A,51086,STATIC,ALL,482,15360,3262,31,33,-70,0.029,0.938,0.199,1.890,2.012,-4.268,-1.758,0.146,-1.804,-1.803,12,20,OK
A,51109,STATIC,ALL,494,15318,3220,30,33,-73,0.030,0.935,0.197,1.829,2.012,-4.451,-1.808,0.146,-1.802,-1.802,12,23,DMP_WAIT
A,51128,STATIC,ALL,476,15294,3216,31,33,-71,0.029,0.933,0.196,1.890,2.012,-4.329,-1.745,0.146,-1.800,-1.799,12,19,DMP_WAIT
A,51146,STATIC,ALL,458,15324,3284,34,33,-70,0.028,0.935,0.200,2.073,2.012,-4.268,-1.674,0.146,-1.796,-1.795,12,18,DMP_WAIT
A,51166,STATIC,ALL,496,15296,3122,36,30,-68,0.030,0.934,0.191,2.195,1.829,-4.146,-1.820,0.145,-1.798,-1.797,12,20,OK
A,51189,STATIC,ALL,514,15360,3242,38,31,-67,0.031,0.938,0.198,2.317,1.890,-4.085,-1.875,0.145,-1.801,-1.800,12,23,DMP_WAIT
A,51208,STATIC,ALL,496,15294,3256,37,31,-66,0.030,0.933,0.199,2.256,1.890,-4.024,-1.817,0.145,-1.802,-1.801,12,19,DMP_WAIT
A,51226,STATIC,ALL,520,15332,3120,36,31,-69,0.032,0.936,0.190,2.195,1.890,-4.207,-1.904,0.145,-1.805,-1.804,12,18,DMP_WAIT
A,51246,STATIC,ALL,468,15322,3162,33,33,-69,0.029,0.935,0.193,2.012,2.012,-4.207,-1.713,0.146,-1.801,-1.800,12,20,OK
A,51269,STATIC,ALL,472,15356,3232,32,33,-71,0.029,0.937,0.197,1.951,2.012,-4.329,-1.723,0.146,-1.798,-1.797,12,23,DMP_WAIT
A,51288,STATIC,ALL,472,15306,3168,29,32,-71,0.029,0.934,0.193,1.768,1.951,-4.329,-1.730,0.146,-1.796,-1.795,12,19,DMP_WAIT
A,51306,STATIC,ALL,472,15268,3242,31,32,-71,0.029,0.932,0.198,1.890,1.951,-4.329,-1.732,0.146,-1.794,-1.793,12,18,DMP_WAIT
A,51326,STATIC,ALL,490,15304,3206,32,32,-69,0.030,0.934,0.196,1.951,1.951,-4.207,-1.795,0.144,-1.794,-1.793,12,20,OK
A,51349,STATIC,ALL,500,15288,3210,36,31,-69,0.031,0.933,0.196,2.195,1.890,-4.207,-1.833,0.144,-1.796,-1.794,12,23,DMP_WAIT
A,51368,STATIC,ALL,482,15326,3210,38,31,-68,0.029,0.935,0.196,2.317,1.890,-4.146,-1.763,0.144,-1.796,-1.795,12,19,DMP_WAIT
A,51386,STATIC,ALL,488,15344,3194,36,31,-68,0.030,0.937,0.195,2.195,1.890,-4.146,-1.783,0.144,-1.796,-1.795,12,18,DMP_WAIT
A,51406,STATIC,ALL,508,15358,3176,37,31,-68,0.031,0.937,0.194,2.256,1.890,-4.146,-1.855,0.145,-1.798,-1.797,12,20,OK
A,51429,STATIC,ALL,512,15320,3194,34,32,-70,0.031,0.935,0.195,2.073,1.951,-4.268,-1.874,0.145,-1.799,-1.798,12,23,DMP_WAIT
A,51448,STATIC,ALL,494,15394,3182,32,33,-70,0.030,0.940,0.194,1.951,2.012,-4.268,-1.800,0.145,-1.798,-1.797,12,19,DMP_WAIT
A,51466,STATIC,ALL,520,15308,3222,32,33,-69,0.032,0.934,0.197,1.951,2.012,-4.207,-1.904,0.145,-1.798,-1.798,12,18,DMP_WAIT
A,51486,STATIC,ALL,478,15340,3194,32,33,-70,0.029,0.936,0.195,1.951,2.012,-4.268,-1.747,0.144,-1.796,-1.795,12,20,OK
A,51509,STATIC,ALL,462,15356,3250,33,32,-70,0.028,0.937,0.198,2.012,1.951,-4.268,-1.686,0.144,-1.793,-1.792,12,23,DMP_WAIT
A,51528,STATIC,ALL,508,15278,3158,34,31,-69,0.031,0.932,0.193,2.073,1.890,-4.207,-1.865,0.144,-1.795,-1.794,12,19,DMP_WAIT
A,51546,STATIC,ALL,460,15366,3152,35,31,-69,0.028,0.938,0.192,2.134,1.890,-4.207,-1.680,0.144,-1.794,-1.793,12,18,DMP_WAIT
A,51566,STATIC,ALL,432,15394,3246,36,32,-69,0.026,0.940,0.198,2.195,1.951,-4.207,-1.573,0.144,-1.789,-1.787,12,20,OK
A,51589,STATIC,ALL,456,15316,3146,36,31,-69,0.028,0.935,0.192,2.195,1.890,-4.207,-1.670,0.144,-1.787,-1.786,12,23,DMP_WAIT
A,51608,STATIC,ALL,498,15324,3266,35,32,-67,0.030,0.935,0.199,2.134,1.951,-4.085,-1.820,0.144,-1.788,-1.786,12,19,DMP_WAIT
A,51626,STATIC,ALL,546,15314,3224,35,31,-70,0.033,0.935,0.197,2.134,1.890,-4.268,-1.998,0.144,-1.793,-1.791,12,18,DMP_WAIT
A,51646,STATIC,ALL,490,15318,3176,33,33,-71,0.030,0.935,0.194,2.012,2.012,-4.329,-1.794,0.143,-1.791,-1.790,12,20,OK
A,51669,STATIC,ALL,492,15340,3224,32,32,-70,0.030,0.936,0.197,1.951,1.951,-4.268,-1.798,0.143,-1.791,-1.789,12,23,DMP_WAIT
A,51688,STATIC,ALL,460,15298,3254,32,32,-70,0.028,0.934,0.199,1.951,1.951,-4.268,-1.685,0.143,-1.788,-1.786,12,19,DMP_WAIT
A,51706,STATIC,ALL,454,15316,3180,32,31,-70,0.028,0.935,0.194,1.951,1.890,-4.268,-1.662,0.143,-1.786,-1.784,12,18,DMP_WAIT
A,51726,STATIC,ALL,508,15284,3320,34,32,-69,0.031,0.933,0.203,2.073,1.951,-4.207,-1.860,0.142,-1.787,-1.786,12,20,OK
A,51749,STATIC,ALL,442,15318,3280,35,32,-68,0.027,0.935,0.200,2.134,1.951,-4.146,-1.616,0.142,-1.784,-1.781,12,23,DMP_WAIT
A,51768,STATIC,ALL,484,15328,3182,37,32,-69,0.030,0.936,0.194,2.256,1.951,-4.207,-1.771,0.142,-1.783,-1.781,12,19,DMP_WAIT
A,51786,STATIC,ALL,490,15392,3142,37,32,-69,0.030,0.939,0.192,2.256,1.951,-4.207,-1.787,0.142,-1.783,-1.780,12,18,DMP_WAIT
A,51806,STATIC,ALL,522,15352,3128,36,32,-69,0.032,0.937,0.191,2.195,1.951,-4.207,-1.908,0.141,-1.785,-1.782,12,20,OK
A,51829,STATIC,ALL,436,15346,3180,34,31,-69,0.027,0.937,0.194,2.073,1.890,-4.207,-1.594,0.141,-1.782,-1.779,12,23,DMP_WAIT
A,51848,STATIC,ALL,470,15370,3202,32,32,-70,0.029,0.938,0.195,1.951,1.951,-4.268,-1.715,0.141,-1.780,-1.777,12,19,DMP_WAIT
A,51866,STATIC,ALL,480,15370,3218,31,32,-70,0.029,0.938,0.196,1.890,1.951,-4.268,-1.751,0.141,-1.779,-1.776,12,18,DMP_WAIT
A,51886,STATIC,ALL,482,15316,3276,31,33,-71,0.029,0.935,0.200,1.890,2.012,-4.329,-1.763,0.140,-1.777,-1.774,12,20,OK
A,51909,STATIC,ALL,462,15314,3196,33,33,-71,0.028,0.935,0.195,2.012,2.012,-4.329,-1.692,0.140,-1.774,-1.770,12,23,DMP_WAIT
A,51928,STATIC,ALL,498,15330,3104,35,31,-69,0.030,0.936,0.189,2.134,1.890,-4.207,-1.824,0.140,-1.775,-1.772,12,19,DMP_WAIT
A,51946,STATIC,ALL,510,15360,3226,36,32,-68,0.031,0.938,0.197,2.195,1.951,-4.146,-1.861,0.140,-1.777,-1.774,12,18,DMP_WAIT
A,51966,STATIC,ALL,482,15338,3230,37,30,-68,0.029,0.936,0.197,2.256,1.829,-4.146,-1.761,0.140,-1.778,-1.775,12,20,OK
A,51989,STATIC,ALL,538,15334,3132,37,31,-68,0.033,0.936,0.191,2.256,1.890,-4.146,-1.969,0.140,-1.783,-1.780,12,23,DMP_WAIT
A,52008,STATIC,ALL,488,15368,3174,34,32,-69,0.030,0.938,0.194,2.073,1.951,-4.207,-1.781,0.140,-1.783,-1.780,12,19,DMP_WAIT
A,52026,STATIC,ALL,446,15322,3112,33,31,-70,0.027,0.935,0.190,2.012,1.890,-4.268,-1.634,0.140,-1.780,-1.777,12,18,DMP_WAIT
A,52046,STATIC,ALL,462,15292,3188,31,32,-70,0.028,0.933,0.195,1.890,1.951,-4.268,-1.694,0.140,-1.778,-1.775,12,20,OK
A,52069,STATIC,ALL,478,15360,3224,32,33,-71,0.029,0.938,0.197,1.951,2.012,-4.329,-1.744,0.140,-1.776,-1.772,12,23,DMP_WAIT
A,52088,STATIC,ALL,486,15282,3292,32,32,-71,0.030,0.933,0.201,1.951,1.951,-4.329,-1.781,0.140,-1.775,-1.772,12,19,DMP_WAIT
A,52106,STATIC,ALL,442,15296,3216,35,33,-70,0.027,0.934,0.196,2.134,2.012,-4.268,-1.620,0.140,-1.771,-1.767,12,18,DMP_WAIT
A,52126,STATIC,ALL,516,15336,3164,37,32,-68,0.031,0.936,0.193,2.256,1.951,-4.146,-1.887,0.138,-1.773,-1.769,12,20,OK
A,52149,STATIC,ALL,504,15372,3184,39,31,-68,0.031,0.938,0.194,2.378,1.890,-4.146,-1.839,0.138,-1.775,-1.771,12,23,DMP_WAIT
A,52168,STATIC,ALL,514,15352,3206,38,30,-66,0.031,0.937,0.196,2.317,1.829,-4.024,-1.877,0.138,-1.779,-1.775,12,19,DMP_WAIT
A,52186,STATIC,ALL,536,15352,3138,35,30,-68,0.033,0.937,0.192,2.134,1.829,-4.146,-1.959,0.138,-1.784,-1.781,12,18,DMP_WAIT
A,52206,STATIC,ALL,518,15352,3202,32,32,-71,0.032,0.937,0.195,1.951,1.951,-4.329,-1.892,0.140,-1.786,-1.783,12,20,OK
A,52229,STATIC,ALL,532,15290,3230,30,33,-71,0.032,0.933,0.197,1.829,2.012,-4.329,-1.950,0.140,-1.788,-1.784,12,23,DMP_WAIT
A,52248,STATIC,ALL,462,15324,3156,31,33,-71,0.028,0.935,0.193,1.890,2.012,-4.329,-1.691,0.140,-1.784,-1.781,12,19,DMP_WAIT
A,52266,STATIC,ALL,418,15322,3242,33,32,-70,0.026,0.935,0.198,2.012,1.951,-4.268,-1.529,0.140,-1.779,-1.775,12,18,DMP_WAIT
A,52286,STATIC,ALL,500,15288,3226,35,31,-68,0.031,0.933,0.197,2.134,1.890,-4.146,-1.833,0.139,-1.781,-1.777,12,20,OK
A,52309,STATIC,ALL,504,15304,3202,37,31,-68,0.031,0.934,0.195,2.256,1.890,-4.146,-1.846,0.139,-1.783,-1.779,12,23,DMP_WAIT
A,52328,STATIC,ALL,538,15340,3216,38,31,-67,0.033,0.936,0.196,2.317,1.890,-4.085,-1.966,0.139,-1.787,-1.784,12,19,DMP_WAIT
A,52346,STATIC,ALL,464,15370,3166,36,32,-69,0.028,0.938,0.193,2.195,1.951,-4.207,-1.694,0.139,-1.785,-1.782,12,18,DMP_WAIT
A,52366,STATIC,ALL,508,15350,3214,34,31,-69,0.031,0.937,0.196,2.073,1.890,-4.207,-1.855,0.140,-1.787,-1.784,12,20,OK
A,52389,STATIC,ALL,504,15336,3168,31,32,-70,0.031,0.936,0.193,1.890,1.951,-4.268,-1.843,0.140,-1.788,-1.785,12,23,DMP_WAIT
A,52408,STATIC,ALL,424,15348,3204,31,32,-71,0.026,0.937,0.196,1.890,1.951,-4.329,-1.549,0.140,-1.783,-1.779,12,19,DMP_WAIT
A,52426,STATIC,ALL,556,15302,3248,31,32,-70,0.034,0.934,0.198,1.890,1.951,-4.268,-2.036,0.140,-1.787,-1.784,12,18,DMP_WAIT
A,52446,STATIC,ALL,494,15306,3112,34,33,-69,0.030,0.934,0.190,2.073,2.012,-4.207,-1.812,0.140,-1.786,-1.783,12,20,OK
A,52469,STATIC,ALL,524,15352,3200,37,31,-68,0.032,0.937,0.195,2.256,1.890,-4.146,-1.914,0.140,-1.790,-1.787,12,23,DMP_WAIT
A,52488,STATIC,ALL,452,15354,3216,38,32,-67,0.028,0.937,0.196,2.317,1.951,-4.085,-1.650,0.140,-1.786,-1.784,11,19,DMP_WAIT
A,52506,STATIC,ALL,508,15348,3186,37,31,-68,0.031,0.937,0.194,2.256,1.890,-4.146,-1.856,0.140,-1.789,-1.786,11,18,DMP_WAIT
A,52526,STATIC,ALL,510,15354,3176,34,31,-68,0.031,0.937,0.194,2.073,1.890,-4.146,-1.863,0.141,-1.791,-1.788,11,20,OK
A,52549,STATIC,ALL,494,15360,3192,33,32,-69,0.030,0.938,0.195,2.012,1.951,-4.207,-1.804,0.141,-1.791,-1.788,11,23,DMP_WAIT
A,52568,STATIC,ALL,506,15336,3210,32,33,-70,0.031,0.936,0.196,1.951,2.012,-4.268,-1.850,0.141,-1.790,-1.788,11,19,DMP_WAIT
