record,ms,state,mode,ax_raw,ay_raw,az_raw,gx_raw,gy_raw,gz_raw,ax_g,ay_g,az_g,gx_dps,gy_dps,gz_dps,pitch_acc,pitch_dmp,pitch_comp,pitch_kalman,dmp_hz,dt_ms,status
A,138411,TILT,ALL,426,7244,13168,-890,24,-63,0.026,0.442,0.804,-54.268,1.463,-3.841,28.803,12.730,28.224,30.150,13,20,DMP_WAIT
A,138431,TILT,ALL,450,6480,13482,-926,22,-68,0.027,0.396,0.823,-56.463,1.341,-4.146,25.658,12.730,27.020,28.942,13,20,DMP_WAIT
A,138451,TILT,ALL,450,5898,13354,-921,22,-70,0.027,0.360,0.815,-56.159,1.341,-4.268,23.817,12.730,25.809,27.727,13,20,DMP_WAIT
A,138471,TILT,ALL,478,5398,13610,-896,24,-66,0.029,0.329,0.831,-54.634,1.463,-4.024,21.622,11.824,24.608,26.519,13,20,OK
A,138494,TILT,ALL,396,5164,13672,-850,26,-66,0.024,0.315,0.834,-51.829,1.585,-4.024,20.684,11.824,23.308,25.217,13,23,DMP_WAIT
A,138513,TILT,ALL,546,4916,13806,-809,25,-69,0.033,0.300,0.843,-49.329,1.524,-4.207,19.586,11.824,22.271,24.170,13,19,DMP_WAIT
A,138532,TILT,ALL,300,4548,13926,-771,25,-66,0.018,0.278,0.850,-47.012,1.524,-4.024,18.082,10.974,21.268,23.155,13,19,OK
A,138564,TILT,ALL,558,4906,14258,-715,26,-65,0.034,0.299,0.870,-43.598,1.585,-3.963,18.974,10.974,19.781,21.681,13,32,DMP_WAIT
A,138583,TILT,ALL,428,4096,13996,-728,28,-66,0.026,0.250,0.854,-44.390,1.707,-4.024,16.305,10.974,18.841,20.728,13,19,DMP_WAIT
A,138602,TILT,ALL,464,3618,14436,-716,25,-69,0.028,0.221,0.881,-43.659,1.524,-4.207,14.063,10.974,17.888,19.759,13,19,DMP_WAIT
A,138621,TILT,ALL,464,3618,14436,-716,25,-69,0.028,0.221,0.881,-43.659,1.524,-4.207,14.063,10.191,16.955,18.810,12,19,OK
A,138645,TILT,ALL,456,4190,14588,-668,23,-67,0.028,0.256,0.890,-40.732,1.402,-4.085,16.018,10.191,15.923,17.775,12,24,DMP_WAIT
A,138664,TILT,ALL,612,3886,14444,-705,24,-64,0.037,0.237,0.882,-42.988,1.463,-3.902,15.045,10.191,15.061,16.902,12,19,DMP_WAIT
A,138683,TILT,ALL,350,3138,14660,-749,26,-67,0.021,0.192,0.895,-45.671,1.585,-4.085,12.079,10.191,14.107,15.933,12,19,DMP_WAIT
A,138702,TILT,ALL,544,2498,14644,-753,25,-69,0.033,0.152,0.894,-45.915,1.524,-4.207,9.674,9.374,13.119,14.928,12,19,OK
A,138725,TILT,ALL,426,2800,14746,-729,24,-70,0.026,0.171,0.900,-44.451,1.463,-4.268,10.747,9.374,12.017,13.816,12,23,DMP_WAIT
A,138744,TILT,ALL,572,2898,14746,-739,23,-67,0.035,0.177,0.900,-45.061,1.402,-4.085,11.110,9.374,11.115,12.902,12,19,DMP_WAIT
A,138763,TILT,ALL,454,1990,14726,-773,26,-63,0.028,0.121,0.899,-47.134,1.585,-3.841,7.692,9.374,10.125,11.895,12,19,DMP_WAIT
A,138782,TILT,ALL,480,1708,14708,-777,27,-64,0.029,0.104,0.898,-47.378,1.646,-3.902,6.620,8.462,9.129,10.881,12,19,OK
A,138805,TILT,ALL,380,1366,14796,-768,24,-67,0.023,0.083,0.903,-46.829,1.463,-4.085,5.273,8.462,7.943,9.681,12,23,DMP_WAIT
A,138824,TILT,ALL,544,902,14890,-753,23,-67,0.033,0.055,0.909,-45.915,1.402,-4.085,3.464,8.462,6.955,8.671,12,19,DMP_WAIT
A,138842,TILT,ALL,566,1092,14894,-732,23,-64,0.035,0.067,0.909,-44.634,1.402,-3.902,4.190,8.462,6.070,7.768,12,18,DMP_WAIT
A,138861,TILT,ALL,608,548,14860,-737,26,-62,0.037,0.033,0.907,-44.939,1.585,-3.780,2.110,7.504,5.111,6.787,12,19,OK
A,138884,TILT,ALL,394,-400,14850,-725,28,-62,0.024,-0.024,0.906,-44.207,1.707,-3.780,-1.542,7.504,3.928,5.583,12,23,DMP_WAIT
A,138903,TILT,ALL,420,-394,14904,-664,24,-68,0.026,-0.024,0.910,-40.488,1.463,-4.146,-1.514,7.504,3.021,4.651,12,19,DMP_WAIT
A,138922,TILT,ALL,556,-348,14960,-617,24,-69,0.034,-0.021,0.913,-37.622,1.463,-4.207,-1.332,7.504,2.190,3.795,12,19,DMP_WAIT
A,138941,TILT,ALL,556,-348,14960,-617,24,-69,0.034,-0.021,0.913,-37.622,1.463,-4.207,-1.332,6.601,1.375,2.958,12,19,OK
A,138964,TILT,ALL,630,56,15028,-630,23,-20,0.038,0.003,0.917,-38.415,1.402,-1.220,0.213,6.601,0.432,2.000,12,23,DMP_WAIT
A,138983,TILT,ALL,276,-1498,14680,-669,24,16,0.017,-0.091,0.896,-40.793,1.463,0.976,-5.825,6.601,-0.496,1.043,12,19,DMP_WAIT
A,139002,TILT,ALL,518,-544,15000,-634,27,-68,0.032,-0.033,0.916,-38.659,1.646,-4.146,-2.076,6.601,-1.292,0.227,12,19,DMP_WAIT
A,139020,TILT,ALL,518,-544,15000,-634,27,-68,0.032,-0.033,0.916,-38.659,1.646,-4.146,-2.076,5.689,-2.031,-0.532,12,18,OK
A,139044,TILT,ALL,640,-1020,14916,-716,25,-65,0.039,-0.062,0.910,-43.659,1.524,-3.963,-3.908,5.689,-3.151,-1.669,12,24,DMP_WAIT
A,139063,TILT,ALL,596,-2366,14848,-738,28,-66,0.036,-0.144,0.906,-45.000,1.707,-4.024,-9.047,5.689,-4.151,-2.697,12,19,DMP_WAIT
A,139082,TILT,ALL,506,-2510,14730,-705,31,-66,0.031,-0.153,0.899,-42.988,1.890,-4.024,-9.665,5.689,-5.105,-3.680,12,19,DMP_WAIT
A,139101,TILT,ALL,490,-1818,14916,-671,28,-66,0.030,-0.111,0.910,-40.915,1.707,-4.024,-6.945,4.661,-5.948,-4.544,12,19,OK
A,139125,TILT,ALL,524,-1690,14936,-702,26,-65,0.032,-0.103,0.912,-42.805,1.585,-3.963,-6.452,4.661,-7.020,-5.634,12,24,DMP_WAIT
A,139145,TILT,ALL,596,-2542,14736,-765,30,-68,0.036,-0.155,0.899,-46.646,1.829,-4.146,-9.780,4.661,-8.036,-6.673,12,20,DMP_WAIT
A,139164,TILT,ALL,606,-4112,14494,-782,32,-66,0.037,-0.251,0.885,-47.683,1.951,-4.024,-15.826,4.661,-9.124,-7.793,12,19,DMP_WAIT
A,139183,TILT,ALL,442,-4096,14596,-730,31,-63,0.027,-0.250,0.891,-44.512,1.890,-3.841,-15.669,3.558,-10.127,-8.828,12,19,OK
A,139207,TILT,ALL,494,-3348,14536,-680,24,-63,0.030,-0.204,0.887,-41.463,1.463,-3.841,-12.963,3.558,-11.215,-9.939,12,24,DMP_WAIT
A,139226,TILT,ALL,600,-2928,14738,-691,23,-66,0.037,-0.179,0.900,-42.134,1.402,-4.024,-11.228,3.558,-12.044,-10.789,12,19,DMP_WAIT
A,139245,TILT,ALL,602,-3554,14534,-763,26,-74,0.037,-0.217,0.887,-46.524,1.585,-4.512,-13.730,3.558,-12.987,-11.756,12,19,DMP_WAIT
A,139265,TILT,ALL,590,-4886,14250,-818,33,-88,0.036,-0.298,0.870,-49.878,2.012,-5.366,-18.911,2.428,-14.130,-12.929,12,20,OK
A,139289,TILT,ALL,498,-5248,14182,-779,31,-79,0.030,-0.320,0.866,-47.500,1.890,-4.817,-20.295,2.428,-15.426,-14.256,12,24,DMP_WAIT
A,139308,TILT,ALL,650,-4512,14284,-730,26,-69,0.040,-0.275,0.872,-44.512,1.585,-4.207,-17.513,2.428,-16.340,-15.195,12,19,DMP_WAIT
A,139328,TILT,ALL,664,-3852,14222,-785,34,-92,0.041,-0.235,0.868,-47.866,2.073,-5.610,-15.139,2.428,-17.301,-16.175,12,20,DMP_WAIT
A,139347,TILT,ALL,528,-5690,14156,-922,51,-137,0.032,-0.347,0.864,-56.220,3.110,-8.354,-21.884,1.173,-18.483,-17.386,12,19,OK
A,139371,TILT,ALL,316,-6328,13838,-894,35,-77,0.019,-0.386,0.845,-54.512,2.134,-4.695,-24.569,1.173,-19.943,-18.876,12,24,DMP_WAIT
A,139391,TILT,ALL,518,-6310,13748,-851,25,-71,0.032,-0.385,0.839,-51.890,1.524,-4.329,-24.639,1.173,-21.100,-20.064,12,20,DMP_WAIT
A,139410,TILT,ALL,570,-5414,13844,-834,22,-67,0.035,-0.330,0.845,-50.854,1.341,-4.085,-21.343,1.173,-22.096,-21.081,12,19,DMP_WAIT
A,139429,TILT,ALL,620,-6020,13730,-900,22,-67,0.038,-0.367,0.838,-54.878,1.341,-4.085,-23.654,-0.213,-23.193,-22.202,12,19,OK
A,139454,TILT,ALL,528,-7492,13270,-959,27,-64,0.032,-0.457,0.810,-58.476,1.646,-3.902,-29.429,-0.213,-24.808,-23.850,12,25,DMP_WAIT
A,139473,TILT,ALL,594,-8394,13016,-927,27,-66,0.036,-0.512,0.794,-56.524,1.646,-4.024,-32.791,-0.213,-26.064,-25.142,12,19,DMP_WAIT
A,139493,TILT,ALL,514,-7770,13120,-845,25,-66,0.031,-0.474,0.801,-51.524,1.524,-4.024,-30.616,-0.213,-27.211,-26.320,12,20,DMP_WAIT
A,139512,TILT,ALL,660,-7122,13158,-822,22,-65,0.040,-0.435,0.803,-50.122,1.341,-3.963,-28.395,-1.683,-28.212,-27.346,12,19,OK
A,139536,TILT,ALL,578,-7646,13040,-877,24,-66,0.035,-0.467,0.796,-53.476,1.463,-4.024,-30.361,-1.683,-29.568,-28.729,12,24,DMP_WAIT
A,139556,TILT,ALL,644,-9276,12384,-920,27,-68,0.039,-0.566,0.756,-56.098,1.646,-4.146,-36.797,-1.683,-30.859,-30.056,12,20,DMP_WAIT
A,139575,TILT,ALL,474,-9530,12320,-860,26,-67,0.029,-0.582,0.752,-52.439,1.585,-4.085,-37.703,-1.683,-32.016,-31.248,12,19,DMP_WAIT
A,139595,TILT,ALL,608,-8900,12428,-789,23,-67,0.037,-0.543,0.759,-48.110,1.402,-4.085,-35.575,-3.155,-33.076,-32.339,12,20,OK
A,139619,TILT,ALL,644,-8868,12320,-785,22,-67,0.039,-0.541,0.752,-47.866,1.341,-4.085,-35.709,-3.155,-34.310,-33.603,12,24,DMP_WAIT
A,139639,TILT,ALL,640,-9708,12052,-809,27,-68,0.039,-0.593,0.736,-49.329,1.646,-4.146,-38.812,-3.155,-35.413,-34.738,11,20,DMP_WAIT
A,139658,TILT,ALL,650,-11016,11676,-784,29,-68,0.040,-0.672,0.713,-47.805,1.768,-4.146,-43.290,-4.563,-36.505,-35.868,11,19,OK
A,139682,TILT,ALL,546,-10104,11548,-664,25,-68,0.033,-0.617,0.705,-40.488,1.524,-4.146,-41.153,-4.563,-37.606,-37.005,11,24,DMP_WAIT
A,139702,TILT,ALL,798,-10060,11586,-658,25,-69,0.049,-0.614,0.707,-40.122,1.524,-4.207,-40.900,-4.563,-38.504,-37.935,11,20,DMP_WAIT
A,139722,TILT,ALL,592,-10568,11300,-674,30,-67,0.036,-0.645,0.690,-41.098,1.829,-4.085,-43.044,-4.563,-39.447,-38.911,11,20,DMP_WAIT
A,139741,TILT,ALL,570,-11410,10978,-662,31,-68,0.035,-0.696,0.670,-40.366,1.890,-4.146,-46.067,-5.860,-40.375,-39.877,11,19,OK
A,139766,TILT,ALL,574,-11220,10966,-605,28,-68,0.035,-0.685,0.669,-36.890,1.707,-4.146,-45.617,-5.860,-41.441,-40.983,11,25,DMP_WAIT
A,139785,TILT,ALL,608,-10940,10990,-566,26,-69,0.037,-0.668,0.671,-34.512,1.585,-4.207,-44.826,-5.860,-42.196,-41.769,11,19,DMP_WAIT
A,139805,TILT,ALL,630,-11016,10878,-564,26,-70,0.038,-0.672,0.664,-34.390,1.585,-4.268,-45.313,-5.860,-42.978,-42.584,11,20,DMP_WAIT
A,139824,TILT,ALL,590,-11512,10574,-570,26,-71,0.036,-0.703,0.645,-34.756,1.585,-4.329,-47.388,-7.088,-43.758,-43.397,11,19,OK
A,139849,TILT,ALL,578,-11978,10364,-551,27,-68,0.035,-0.731,0.633,-33.598,1.646,-4.146,-49.088,-7.088,-44.745,-44.426,11,25,DMP_WAIT
A,139868,TILT,ALL,670,-11848,10208,-506,25,-67,0.041,-0.723,0.623,-30.854,1.524,-4.085,-49.192,-7.088,-45.453,-45.167,11,19,DMP_WAIT
A,139888,TILT,ALL,652,-11606,10378,-479,26,-67,0.040,-0.708,0.633,-29.207,1.585,-4.085,-48.141,-7.088,-46.125,-45.872,11,20,DMP_WAIT
A,139907,TILT,ALL,550,-12112,10086,-480,29,-72,0.034,-0.739,0.616,-29.268,1.768,-4.390,-50.173,-8.249,-46.795,-46.575,11,19,OK
A,139932,TILT,ALL,692,-12500,9872,-462,29,-74,0.042,-0.763,0.603,-28.171,1.768,-4.512,-51.631,-8.249,-47.640,-47.461,11,25,DMP_WAIT
A,139952,TILT,ALL,618,-12428,9786,-415,27,-68,0.038,-0.759,0.597,-25.305,1.646,-4.146,-51.727,-8.249,-48.264,-48.120,11,20,DMP_WAIT
A,139972,TILT,ALL,576,-12296,9736,-377,28,-66,0.035,-0.750,0.594,-22.988,1.707,-4.024,-51.579,-8.249,-48.827,-48.716,11,20,DMP_WAIT
A,139992,TILT,ALL,592,-12804,9664,-358,27,-70,0.036,-0.781,0.590,-21.829,1.646,-4.268,-52.904,-9.310,-49.383,-49.307,11,20,OK
A,140016,TILT,ALL,548,-13344,9368,-308,26,-69,0.033,-0.814,0.572,-18.780,1.585,-4.207,-54.884,-9.310,-49.990,-49.957,11,24,DMP_WAIT
A,140035,TILT,ALL,674,-12932,9470,-227,23,-70,0.041,-0.789,0.578,-13.841,1.402,-4.268,-53.716,-9.310,-50.366,-50.367,11,19,DMP_WAIT
A,140055,TILT,ALL,716,-12958,9332,-175,26,-71,0.044,-0.791,0.570,-10.671,1.585,-4.329,-54.160,-9.310,-50.697,-50.733,11,20,DMP_WAIT
A,140074,TILT,ALL,704,-13100,9374,-130,30,-71,0.043,-0.800,0.572,-7.927,1.829,-4.329,-54.337,-10.163,-50.962,-51.031,11,19,OK
A,140099,TILT,ALL,680,-12862,9356,-79,34,-71,0.042,-0.785,0.571,-4.817,2.073,-4.329,-53.896,-10.163,-51.196,-51.306,11,25,DMP_WAIT
A,140118,TILT,ALL,584,-13036,9314,-37,35,-72,0.036,-0.796,0.568,-2.256,2.134,-4.390,-54.402,-10.163,-51.346,-51.488,11,19,DMP_WAIT
A,140137,TILT,ALL,594,-13118,9258,9,33,-72,0.036,-0.801,0.565,0.549,2.012,-4.390,-54.732,-10.769,-51.448,-51.622,11,19,OK
A,140161,TILT,ALL,638,-12812,9404,105,33,-69,0.039,-0.782,0.574,6.402,2.012,-4.207,-53.659,-10.769,-51.397,-51.609,11,24,DMP_WAIT
A,140180,TILT,ALL,614,-12732,9436,138,33,-69,0.037,-0.777,0.576,8.415,2.012,-4.207,-53.399,-10.769,-51.324,-51.566,11,19,DMP_WAIT
A,140200,TILT,ALL,582,-12706,9560,164,32,-70,0.036,-0.776,0.583,10.000,1.951,-4.268,-52.991,-10.769,-51.208,-51.480,11,20,DMP_WAIT
A,140219,TILT,ALL,624,-12728,9496,186,33,-70,0.038,-0.777,0.580,11.341,2.012,-4.268,-53.215,-11.161,-51.081,-51.382,11,19,OK
A,140243,TILT,ALL,662,-12746,9586,212,31,-69,0.040,-0.778,0.585,12.927,1.890,-4.207,-52.988,-11.161,-50.870,-51.209,11,24,DMP_WAIT
A,140263,TILT,ALL,638,-12656,9528,242,31,-69,0.039,-0.772,0.582,14.756,1.890,-4.207,-52.964,-11.161,-50.669,-51.038,11,20,DMP_WAIT
A,140282,TILT,ALL,612,-12696,9588,273,32,-69,0.037,-0.775,0.585,16.646,1.951,-4.207,-52.884,-11.161,-50.448,-50.845,11,19,DMP_WAIT
A,140301,TILT,ALL,640,-12586,9744,310,32,-69,0.039,-0.768,0.595,18.902,1.951,-4.207,-52.193,-11.407,-50.175,-50.599,11,19,OK
A,140326,TILT,ALL,654,-12650,9654,347,34,-69,0.040,-0.772,0.589,21.159,2.073,-4.207,-52.587,-11.407,-49.762,-50.226,11,25,DMP_WAIT
A,140345,TILT,ALL,696,-12522,9870,395,35,-69,0.042,-0.764,0.602,24.085,2.134,-4.207,-51.685,-11.407,-49.396,-49.888,11,19,DMP_WAIT
A,140364,TILT,ALL,584,-12396,9958,441,36,-69,0.036,-0.757,0.608,26.890,2.195,-4.207,-51.176,-11.407,-48.975,-49.494,11,19,DMP_WAIT
A,140384,TILT,ALL,558,-12560,10010,485,35,-70,0.034,-0.767,0.611,29.573,2.134,-4.268,-51.403,-11.448,-48.490,-49.039,11,20,OK
A,140408,TILT,ALL,648,-12428,10052,546,35,-70,0.040,-0.759,0.614,33.293,2.134,-4.268,-50.975,-11.448,-47.813,-48.399,11,24,DMP_WAIT
A,140427,TILT,ALL,602,-11936,10338,612,34,-70,0.037,-0.729,0.631,37.317,2.073,-4.268,-49.056,-11.448,-47.186,-47.799,11,19,DMP_WAIT
A,140447,TILT,ALL,770,-11224,10604,646,34,-71,0.047,-0.685,0.647,39.390,2.073,-4.329,-46.552,-11.448,-46.448,-47.084,11,20,DMP_WAIT
A,140466,TILT,ALL,590,-11232,10824,641,38,-71,0.036,-0.686,0.661,39.085,2.317,-4.329,-46.017,-11.221,-45.756,-46.413,11,19,OK
A,140491,TILT,ALL,638,-11238,10800,638,39,-71,0.039,-0.686,0.659,38.902,2.378,-4.329,-46.089,-11.221,-44.867,-45.558,11,25,DMP_WAIT
A,140510,TILT,ALL,546,-11242,10964,658,40,-71,0.033,-0.686,0.669,40.122,2.439,-4.329,-45.682,-11.221,-44.180,-44.894,11,19,DMP_WAIT
A,140530,TILT,ALL,638,-11086,11006,689,39,-72,0.039,-0.677,0.672,42.012,2.378,-4.390,-45.159,-11.221,-43.423,-44.161,11,20,DMP_WAIT
A,140549,TILT,ALL,580,-10816,11228,720,39,-72,0.035,-0.660,0.685,43.902,2.378,-4.390,-43.891,-10.868,-42.658,-43.418,11,19,OK
A,140573,TILT,ALL,638,-10526,11424,743,38,-73,0.039,-0.642,0.697,45.305,2.317,-4.451,-42.613,-10.868,-41.648,-42.437,11,24,DMP_WAIT
A,140593,TILT,ALL,618,-10190,11542,757,38,-72,0.038,-0.622,0.704,46.159,2.317,-4.390,-41.399,-10.868,-40.784,-41.595,11,20,DMP_WAIT
A,140612,TILT,ALL,566,-10056,11692,766,37,-70,0.035,-0.614,0.714,46.707,2.256,-4.268,-40.665,-10.868,-39.956,-40.785,11,19,DMP_WAIT
A,140632,TILT,ALL,604,-10108,11756,776,37,-69,0.037,-0.617,0.718,47.317,2.256,-4.207,-40.652,-10.370,-39.089,-39.940,11,20,OK
A,140656,TILT,ALL,606,-9914,11998,806,36,-68,0.037,-0.605,0.732,49.146,2.195,-4.146,-39.531,-10.370,-37.997,-38.878,12,24,DMP_WAIT
A,140675,TILT,ALL,568,-8954,12278,836,36,-69,0.035,-0.547,0.749,50.976,2.195,-4.207,-36.073,-10.370,-37.054,-37.948,12,19,DMP_WAIT
A,140695,TILT,ALL,602,-8660,12402,820,37,-73,0.037,-0.529,0.757,50.000,2.256,-4.451,-34.894,-10.370,-36.077,-36.986,12,20,DMP_WAIT
A,140714,TILT,ALL,582,-8830,12576,791,39,-72,0.036,-0.539,0.768,48.232,2.378,-4.390,-35.045,-9.756,-35.202,-36.125,12,19,OK
A,140738,TILT,ALL,680,-7822,12866,794,40,-73,0.042,-0.477,0.785,48.415,2.439,-4.451,-31.262,-9.756,-34.040,-34.980,12,24,DMP_WAIT
A,140757,TILT,ALL,680,-7822,12866,794,40,-73,0.042,-0.477,0.785,48.415,2.439,-4.451,-31.262,-9.756,-33.127,-34.076,12,19,DMP_WAIT
A,140777,TILT,ALL,610,-7562,13022,754,42,-76,0.037,-0.462,0.795,45.976,2.561,-4.634,-30.117,-9.147,-32.212,-33.170,12,20,OK
A,140801,TILT,ALL,526,-8396,13004,710,39,-73,0.032,-0.512,0.794,43.293,2.378,-4.451,-32.827,-9.147,-31.261,-32.243,12,24,DMP_WAIT
A,140820,TILT,ALL,546,-7858,13142,757,36,-72,0.033,-0.480,0.802,46.159,2.195,-4.390,-30.855,-9.147,-30.438,-31.431,12,19,DMP_WAIT
A,140839,TILT,ALL,514,-6982,13428,788,34,-73,0.031,-0.426,0.820,48.049,2.073,-4.451,-27.455,-9.147,-29.527,-30.527,12,19,DMP_WAIT
A,140859,TILT,ALL,636,-6974,13420,778,32,-73,0.039,-0.426,0.819,47.439,1.951,-4.451,-27.433,-8.523,-28.602,-29.610,12,20,OK
A,140883,TILT,ALL,626,-6968,13566,773,33,-72,0.038,-0.425,0.828,47.134,2.012,-4.390,-27.162,-8.523,-27.520,-28.545,12,24,DMP_WAIT
A,140902,TILT,ALL,680,-6844,13568,788,36,-71,0.042,-0.418,0.828,48.049,2.195,-4.329,-26.739,-8.523,-26.654,-27.687,12,19,DMP_WAIT
A,140921,TILT,ALL,584,-6334,13720,811,38,-71,0.036,-0.387,0.837,49.451,2.317,-4.329,-24.761,-8.523,-25.739,-26.778,12,19,DMP_WAIT
A,140941,TILT,ALL,638,-5488,13986,811,37,-71,0.039,-0.335,0.854,49.451,2.256,-4.329,-21.404,-7.805,-24.729,-25.771,12,20,OK
A,140965,TILT,ALL,552,-5124,14144,767,38,-71,0.034,-0.313,0.863,46.768,2.317,-4.329,-19.900,-7.805,-23.588,-24.636,12,24,DMP_WAIT
A,140984,TILT,ALL,504,-5040,14276,713,38,-71,0.031,-0.308,0.871,43.476,2.317,-4.329,-19.434,-7.805,-22.740,-23.785,12,19,DMP_WAIT
A,141003,TILT,ALL,574,-5344,14112,672,38,-73,0.035,-0.326,0.861,40.976,2.317,-4.451,-20.725,-7.805,-21.980,-23.028,12,19,DMP_WAIT
A,141022,TILT,ALL,436,-5476,14232,666,40,-73,0.027,-0.334,0.869,40.610,2.439,-4.451,-21.036,-7.124,-21.249,-22.300,12,19,OK
A,141047,TILT,ALL,548,-5392,14124,692,38,-71,0.033,-0.329,0.862,42.195,2.317,-4.329,-20.881,-7.124,-20.266,-21.331,12,25,DMP_WAIT
A,141066,TILT,ALL,468,-4716,14414,727,38,-72,0.029,-0.288,0.880,44.329,2.317,-4.390,-18.108,-7.124,-19.441,-20.506,12,19,DMP_WAIT
A,141085,TILT,ALL,694,-4336,14338,734,37,-72,0.042,-0.265,0.875,44.756,2.256,-4.390,-16.807,-7.124,-18.599,-19.663,12,19,DMP_WAIT
A,141104,TILT,ALL,458,-4412,14470,728,39,-71,0.028,-0.269,0.883,44.390,2.378,-4.329,-16.949,-6.417,-17.784,-18.848,12,19,OK
A,141129,TILT,ALL,540,-4012,14466,736,37,-73,0.033,-0.245,0.883,44.878,2.256,-4.451,-15.491,-6.417,-16.696,-17.768,12,25,DMP_WAIT
A,141148,TILT,ALL,452,-3732,14526,736,36,-73,0.028,-0.228,0.887,44.878,2.195,-4.451,-14.402,-6.417,-15.859,-16.928,12,19,DMP_WAIT
A,141167,TILT,ALL,552,-3660,14572,734,36,-73,0.034,-0.223,0.889,44.756,2.195,-4.451,-14.089,-6.417,-15.034,-16.102,12,19,DMP_WAIT
A,141186,TILT,ALL,482,-3512,14596,747,36,-71,0.029,-0.214,0.891,45.549,2.195,-4.329,-13.522,-5.644,-14.200,-15.267,12,19,OK
A,141210,TILT,ALL,544,-3268,14624,768,34,-70,0.033,-0.199,0.893,46.829,2.073,-4.268,-12.588,-5.644,-13.121,-14.193,12,24,DMP_WAIT
A,141230,TILT,ALL,496,-2812,14746,788,33,-69,0.030,-0.172,0.900,48.049,2.012,-4.207,-10.790,-5.644,-12.179,-13.249,12,20,DMP_WAIT
A,141249,TILT,ALL,476,-2316,14828,793,32,-69,0.029,-0.141,0.905,48.354,1.951,-4.207,-8.873,-5.644,-11.257,-12.321,12,19,DMP_WAIT
A,141268,TILT,ALL,594,-2140,14746,780,33,-71,0.036,-0.131,0.900,47.561,2.012,-4.329,-8.251,-4.775,-10.355,-11.413,12,19,OK
A,141292,TILT,ALL,560,-2006,14882,771,33,-71,0.034,-0.122,0.908,47.012,2.012,-4.329,-7.671,-4.775,-9.251,-10.309,12,24,DMP_WAIT
A,141312,TILT,ALL,558,-1746,14754,770,34,-72,0.034,-0.107,0.901,46.951,2.073,-4.390,-6.744,-4.775,-8.327,-9.380,12,20,DMP_WAIT
A,141332,TILT,ALL,504,-1452,14846,767,35,-70,0.031,-0.089,0.906,46.768,2.134,-4.268,-5.583,-4.775,-7.402,-8.449,12,20,DMP_WAIT
A,141352,TILT,ALL,610,-1238,14862,766,36,-70,0.037,-0.076,0.907,46.707,2.195,-4.268,-4.758,-3.875,-6.480,-7.521,12,20,OK
A,141375,TILT,ALL,436,-1106,14898,767,39,-70,0.027,-0.068,0.909,46.768,2.378,-4.268,-4.244,-3.875,-5.434,-6.473,12,23,DMP_WAIT
A,141394,TILT,ALL,552,-756,14944,778,38,-70,0.034,-0.046,0.912,47.439,2.317,-4.268,-2.894,-3.875,-4.544,-5.575,12,19,DMP_WAIT
A,141413,TILT,ALL,558,-64,14964,780,38,-73,0.034,-0.004,0.913,47.561,2.317,-4.451,-0.245,-3.875,-3.616,-4.635,12,19,DMP_WAIT
A,141432,TILT,ALL,554,-240,14994,758,40,-72,0.034,-0.015,0.915,46.220,2.439,-4.390,-0.916,-2.928,-2.746,-3.756,12,19,OK
A,141456,TILT,ALL,492,-452,14794,762,40,-71,0.030,-0.028,0.903,46.463,2.439,-4.329,-1.749,-2.928,-1.688,-2.697,12,24,DMP_WAIT
A,141475,TILT,ALL,482,474,14940,792,40,-70,0.029,0.029,0.912,48.293,2.439,-4.268,1.816,-2.928,-0.763,-1.760,12,19,DMP_WAIT
A,141493,TILT,ALL,380,1312,15074,782,39,-71,0.023,0.080,0.920,47.683,2.378,-4.329,4.973,-2.928,0.151,-0.829,12,18,DMP_WAIT
A,141512,TILT,ALL,542,1492,14988,734,35,-72,0.033,0.091,0.915,44.756,2.134,-4.390,5.681,-1.943,1.051,0.087,12,19,OK
A,141535,TILT,ALL,382,1460,14936,684,34,-68,0.023,0.089,0.912,41.707,2.073,-4.146,5.581,-1.943,2.029,1.077,12,23,DMP_WAIT
A,141554,TILT,ALL,506,1036,14896,656,32,-67,0.031,0.063,0.909,40.000,1.951,-4.085,3.976,-1.943,2.768,1.828,12,19,DMP_WAIT
A,141572,TILT,ALL,452,1458,14850,669,32,-69,0.028,0.089,0.906,40.793,1.951,-4.207,5.605,-1.943,3.503,2.576,12,18,DMP_WAIT
A,141592,TILT,ALL,612,2020,14860,674,32,-71,0.037,0.123,0.907,41.098,1.951,-4.329,7.735,-1.031,4.347,3.435,12,20,OK
A,141615,TILT,ALL,586,2270,14736,650,35,-71,0.036,0.139,0.899,39.634,2.134,-4.329,8.750,-1.031,5.275,4.378,12,23,DMP_WAIT
A,141633,TILT,ALL,476,1828,14714,626,38,-68,0.029,0.112,0.898,38.171,2.317,-4.146,7.078,-1.031,5.943,5.059,12,18,DMP_WAIT
A,141652,TILT,ALL,692,1810,14580,654,39,-55,0.042,0.110,0.890,39.878,2.378,-3.354,7.069,-1.031,6.664,5.791,12,19,DMP_WAIT
A,141672,TILT,ALL,442,2914,14692,724,45,-16,0.027,0.178,0.897,44.146,2.744,-0.976,11.213,-0.108,7.574,6.718,12,20,OK
A,141695,TILT,ALL,426,3010,14780,711,44,-11,0.026,0.184,0.902,43.354,2.683,-0.671,11.506,-0.108,8.577,7.736,12,23,DMP_WAIT
A,141714,TILT,ALL,524,2544,14566,658,40,-50,0.032,0.155,0.889,40.122,2.439,-3.049,9.901,-0.108,9.306,8.478,12,19,DMP_WAIT
A,141732,TILT,ALL,678,2926,14504,662,39,-73,0.041,0.179,0.885,40.366,2.378,-4.451,11.394,-0.108,10.018,9.204,12,18,DMP_WAIT
A,141752,TILT,ALL,366,3684,14546,687,42,-76,0.022,0.225,0.888,41.890,2.561,-4.634,14.208,0.868,10.877,10.081,12,20,OK
A,141775,TILT,ALL,458,4040,14518,675,37,-76,0.028,0.247,0.886,41.159,2.256,-4.634,15.543,0.868,11.845,11.066,12,23,DMP_WAIT
A,141794,TILT,ALL,430,4308,14444,642,36,-77,0.026,0.263,0.882,39.146,2.195,-4.695,16.601,0.868,12.625,11.867,12,19,DMP_WAIT
A,141812,TILT,ALL,480,4324,14436,609,36,-75,0.029,0.264,0.881,37.134,2.195,-4.573,16.666,0.868,13.319,12.580,12,18,DMP_WAIT
A,141832,TILT,ALL,428,4146,14260,589,36,-72,0.026,0.253,0.870,35.915,2.195,-4.390,16.205,1.834,14.034,13.313,12,20,OK
A,141855,TILT,ALL,428,4032,14278,598,36,-70,0.026,0.246,0.871,36.463,2.195,-4.268,15.763,1.834,14.838,14.131,12,23,DMP_WAIT
A,141874,TILT,ALL,452,4376,14118,629,37,-71,0.028,0.267,0.862,38.354,2.256,-4.329,17.213,1.834,15.555,14.866,12,19,DMP_WAIT
A,141892,TILT,ALL,436,4932,14138,650,36,-70,0.027,0.301,0.863,39.634,2.195,-4.268,19.223,1.834,16.286,15.616,12,18,DMP_WAIT
A,141912,TILT,ALL,532,5154,13992,648,36,-67,0.032,0.315,0.854,39.512,2.195,-4.085,20.208,2.806,17.093,16.442,12,20,OK
A,141935,TILT,ALL,382,5138,14004,641,36,-66,0.023,0.314,0.855,39.085,2.195,-4.024,20.141,2.806,17.981,17.350,12,23,DMP_WAIT
A,141954,TILT,ALL,462,5528,13900,640,35,-71,0.028,0.337,0.848,39.024,2.134,-4.329,21.677,2.806,18.738,18.126,12,19,DMP_WAIT
A,141972,TILT,ALL,572,6074,13856,630,32,-71,0.035,0.371,0.846,38.415,1.951,-4.329,23.653,2.806,19.472,18.883,12,18,DMP_WAIT
A,141992,TILT,ALL,570,6112,13732,600,36,-70,0.035,0.373,0.838,36.585,2.195,-4.268,23.975,3.819,20.233,19.666,12,20,OK
A,142015,TILT,ALL,434,5798,13614,574,42,-69,0.026,0.354,0.831,35.000,2.561,-4.207,23.058,3.819,21.025,20.479,12,23,DMP_WAIT
A,142034,TILT,ALL,368,5960,13612,582,44,-71,0.022,0.364,0.831,35.488,2.683,-4.329,23.638,3.819,21.694,21.167,12,19,DMP_WAIT
A,142052,TILT,ALL,394,6660,13544,595,41,-77,0.024,0.406,0.827,36.280,2.500,-4.695,26.175,3.819,22.382,21.878,12,18,DMP_WAIT
A,142072,TILT,ALL,304,7032,13504,573,38,-77,0.019,0.429,0.824,34.939,2.317,-4.695,27.502,4.798,23.123,22.643,12,20,OK
A,142095,TILT,ALL,556,6838,13370,538,38,-73,0.034,0.417,0.816,32.805,2.317,-4.451,27.067,4.798,23.888,23.432,12,23,DMP_WAIT
A,142114,TILT,ALL,486,7022,13274,519,39,-70,0.030,0.429,0.810,31.646,2.378,-4.268,27.863,4.798,24.513,24.080,12,19,DMP_WAIT
A,142132,TILT,ALL,336,7162,13414,503,39,-70,0.021,0.437,0.819,30.671,2.378,-4.268,28.091,4.798,25.084,24.673,12,18,DMP_WAIT
A,142152,TILT,ALL,432,7190,13050,493,37,-67,0.026,0.439,0.797,30.061,2.256,-4.085,28.840,5.729,25.702,25.315,12,20,OK
A,142175,TILT,ALL,432,7034,13356,494,36,-68,0.026,0.429,0.815,30.122,2.195,-4.146,27.761,5.729,26.369,26.004,12,23,DMP_WAIT
A,142194,TILT,ALL,384,6926,12986,523,35,-70,0.023,0.423,0.793,31.890,2.134,-4.268,28.063,5.729,26.953,26.607,12,19,DMP_WAIT
A,142212,TILT,ALL,482,7768,13082,565,32,-71,0.029,0.474,0.798,34.451,1.951,-4.329,30.684,5.729,27.593,27.270,12,18,DMP_WAIT
A,142232,TILT,ALL,410,8360,12766,564,32,-71,0.025,0.510,0.779,34.390,1.951,-4.329,33.206,6.690,28.333,28.037,12,20,OK
A,142255,TILT,ALL,554,8330,12862,526,33,-71,0.034,0.508,0.785,32.073,2.012,-4.329,32.905,6.690,29.095,28.826,12,23,DMP_WAIT
A,142274,TILT,ALL,480,8204,12494,491,37,-72,0.029,0.501,0.763,29.939,2.256,-4.390,33.271,6.690,29.692,29.448,12,19,DMP_WAIT
A,142292,TILT,ALL,324,8000,12654,471,40,-72,0.020,0.488,0.772,28.720,2.439,-4.390,32.293,6.690,30.209,29.986,12,18,DMP_WAIT
A,142312,TILT,ALL,326,8480,12500,477,39,-71,0.020,0.518,0.763,29.085,2.378,-4.329,34.144,7.638,30.811,30.614,12,20,OK
A,142335,TILT,ALL,400,8764,12464,466,35,-71,0.024,0.535,0.761,28.415,2.134,-4.329,35.099,7.638,31.484,31.315,12,23,DMP_WAIT
A,142354,TILT,ALL,428,8718,12290,444,35,-71,0.026,0.532,0.750,27.073,2.134,-4.329,35.334,7.638,32.021,31.877,12,19,DMP_WAIT
A,142372,TILT,ALL,506,8664,12372,430,36,-70,0.031,0.529,0.755,26.220,2.195,-4.268,34.981,7.638,32.501,32.380,12,18,DMP_WAIT
A,142392,TILT,ALL,294,8764,12166,426,38,-73,0.018,0.535,0.743,25.976,2.317,-4.451,35.760,8.538,33.029,32.933,12,20,OK
A,142415,TILT,ALL,378,8672,12190,431,36,-71,0.023,0.529,0.744,26.280,2.195,-4.329,35.415,8.538,33.616,33.546,12,23,DMP_WAIT
A,142434,TILT,ALL,398,8624,11906,449,35,-71,0.024,0.526,0.727,27.378,2.134,-4.329,35.902,8.538,34.128,34.080,12,19,DMP_WAIT
A,142452,TILT,ALL,324,8918,11948,481,32,-76,0.020,0.544,0.729,29.329,1.951,-4.634,36.728,8.538,34.655,34.629,12,18,DMP_WAIT
A,142472,TILT,ALL,358,9276,11936,505,26,-86,0.022,0.566,0.729,30.793,1.585,-5.244,37.840,9.465,35.276,35.274,12,20,OK
A,142495,TILT,ALL,360,9420,11694,510,23,-90,0.022,0.575,0.714,31.098,1.402,-5.488,38.840,9.465,35.995,36.021,12,23,DMP_WAIT
A,142514,TILT,ALL,384,9408,11656,507,25,-84,0.023,0.574,0.711,30.915,1.524,-5.122,38.893,9.465,36.585,36.634,12,19,DMP_WAIT
A,142532,TILT,ALL,348,9614,11470,515,26,-84,0.021,0.587,0.700,31.402,1.585,-5.122,39.956,9.465,37.165,37.236,12,18,DMP_WAIT
A,142552,TILT,ALL,372,9826,11444,525,24,-86,0.023,0.600,0.698,32.012,1.463,-5.244,40.635,10.477,37.815,37.912,12,20,OK
A,142575,TILT,ALL,730,9770,11196,525,24,-86,0.045,0.596,0.683,32.012,1.463,-5.244,41.049,10.477,38.548,38.673,12,23,DMP_WAIT
A,142594,TILT,ALL,350,10178,11288,532,32,-78,0.021,0.621,0.689,32.439,1.951,-4.756,42.026,10.477,39.178,39.326,12,19,DMP_WAIT
A,142613,TILT,ALL,460,10456,10986,532,34,-72,0.028,0.638,0.671,32.439,2.073,-4.390,43.559,10.477,39.826,39.999,12,19,DMP_WAIT
A,142632,TILT,ALL,352,10456,10998,506,36,-70,0.021,0.638,0.671,30.854,2.195,-4.268,43.538,11.526,40.430,40.628,12,19,OK
A,142656,TILT,ALL,330,10362,10750,528,36,-73,0.020,0.632,0.656,32.195,2.195,-4.451,43.934,11.526,41.202,41.430,12,24,DMP_WAIT
A,142674,TILT,ALL,330,10362,10750,528,36,-73,0.020,0.632,0.656,32.195,2.195,-4.451,43.934,11.526,41.783,42.033,11,18,DMP_WAIT
A,142693,TILT,ALL,348,11046,10610,547,35,-74,0.021,0.674,0.648,33.354,2.134,-4.512,46.138,11.526,42.447,42.722,11,19,DMP_WAIT
A,142712,TILT,ALL,380,11108,10458,525,33,-72,0.023,0.678,0.638,32.012,2.012,-4.390,46.708,12.588,43.085,43.385,11,19,OK
A,142736,TILT,ALL,390,11328,10276,496,37,-72,0.024,0.691,0.627,30.244,2.256,-4.390,47.767,12.588,43.834,44.167,11,24,DMP_WAIT
A,142755,TILT,ALL,390,11328,10276,496,37,-72,0.024,0.691,0.627,30.244,2.256,-4.390,47.767,12.588,44.432,44.790,11,19,DMP_WAIT
A,142774,TILT,ALL,370,11740,10230,475,39,-73,0.023,0.717,0.624,28.963,2.378,-4.451,48.913,13.626,45.017,45.401,11,19,OK
A,142797,TILT,ALL,266,11346,10034,379,35,-71,0.016,0.693,0.612,23.110,2.134,-4.329,48.502,13.626,45.554,45.969,11,23,DMP_WAIT
A,142816,TILT,ALL,358,11192,9936,376,30,-74,0.022,0.683,0.606,22.927,1.829,-4.512,48.384,13.626,45.994,46.432,11,19,DMP_WAIT
A,142835,TILT,ALL,358,11192,9936,376,30,-74,0.022,0.683,0.606,22.927,1.829,-4.512,48.384,13.626,46.424,46.885,11,19,DMP_WAIT
A,142854,TILT,ALL,444,11678,9876,393,28,-74,0.027,0.713,0.603,23.963,1.707,-4.512,49.751,14.557,46.893,47.378,11,19,OK
A,142878,TILT,ALL,320,11638,9640,376,39,-72,0.020,0.710,0.588,22.927,2.378,-4.390,50.349,14.557,47.446,47.963,11,24,DMP_WAIT
A,142896,TILT,ALL,272,11814,9542,378,39,-73,0.017,0.721,0.582,23.049,2.378,-4.451,51.061,14.557,47.883,48.423,11,18,DMP_WAIT
A,142915,TILT,ALL,272,11814,9542,378,39,-73,0.017,0.721,0.582,23.049,2.378,-4.451,51.061,14.557,48.332,48.896,11,19,DMP_WAIT
A,142934,TILT,ALL,382,11700,9570,378,37,-71,0.023,0.714,0.584,23.049,2.256,-4.329,50.696,15.490,48.765,49.350,11,19,OK
A,142958,TILT,ALL,318,12674,9244,398,34,-74,0.019,0.774,0.564,24.268,2.073,-4.512,53.878,15.490,49.382,50.003,11,24,DMP_WAIT
A,142976,TILT,ALL,354,12708,9120,357,33,-72,0.022,0.776,0.557,21.768,2.012,-4.390,54.314,15.490,49.823,50.468,11,18,DMP_WAIT
A,142995,TILT,ALL,278,12196,9116,307,35,-69,0.017,0.744,0.556,18.720,2.134,-4.207,53.211,15.490,50.195,50.865,11,19,DMP_WAIT
A,143014,TILT,ALL,278,12196,9116,307,35,-69,0.017,0.744,0.556,18.720,2.134,-4.207,53.211,16.399,50.560,51.253,11,19,OK
A,143038,TILT,ALL,346,12326,9034,307,33,-72,0.021,0.752,0.551,18.720,2.012,-4.390,53.741,16.399,51.009,51.734,11,24,DMP_WAIT
A,143056,TILT,ALL,346,12658,8902,303,32,-72,0.021,0.773,0.543,18.476,1.951,-4.390,54.862,16.399,51.370,52.118,11,18,DMP_WAIT
A,143075,TILT,ALL,338,12404,8928,279,33,-71,0.021,0.757,0.545,17.012,2.012,-4.329,54.235,16.399,51.700,52.471,11,19,DMP_WAIT
A,143094,TILT,ALL,338,12404,8928,279,33,-71,0.021,0.757,0.545,17.012,2.012,-4.329,54.235,17.242,52.024,52.817,11,19,OK
A,143118,TILT,ALL,328,12440,8680,283,32,-72,0.020,0.759,0.530,17.256,1.951,-4.390,55.075,17.242,52.435,53.261,11,24,DMP_WAIT
A,143136,TILT,ALL,424,12418,8712,295,31,-69,0.026,0.758,0.532,17.988,1.890,-4.207,54.916,17.242,52.760,53.606,11,18,DMP_WAIT
A,143155,TILT,ALL,380,12536,8590,309,33,-66,0.023,0.765,0.524,18.841,2.012,-4.024,55.554,17.242,53.123,53.990,11,19,DMP_WAIT
A,143174,TILT,ALL,380,12536,8590,309,33,-66,0.023,0.765,0.524,18.841,2.012,-4.024,55.554,18.095,53.478,54.367,11,19,OK
A,143198,TILT,ALL,318,13506,8396,281,35,-70,0.019,0.824,0.512,17.134,2.134,-4.268,58.114,18.095,53.919,54.842,11,24,DMP_WAIT
A,143216,TILT,ALL,376,13318,8238,215,33,-72,0.023,0.813,0.503,13.110,2.012,-4.390,58.234,18.095,54.195,55.140,11,18,DMP_WAIT
A,143235,TILT,ALL,434,13230,8286,158,31,-73,0.026,0.807,0.506,9.634,1.890,-4.451,57.906,18.095,54.404,55.373,11,19,DMP_WAIT
A,143254,TILT,ALL,434,13230,8286,158,31,-73,0.026,0.807,0.506,9.634,1.890,-4.451,57.906,18.857,54.610,55.601,11,19,OK
A,143277,TILT,ALL,330,13218,8260,83,34,-70,0.020,0.807,0.504,5.061,2.073,-4.268,57.978,18.857,54.738,55.761,11,23,DMP_WAIT
A,143296,TILT,ALL,244,13194,8338,44,34,-72,0.015,0.805,0.509,2.683,2.073,-4.390,57.698,18.857,54.803,55.848,11,19,DMP_WAIT
A,143314,TILT,ALL,244,13194,8338,44,34,-72,0.015,0.805,0.509,2.683,2.073,-4.390,57.698,18.857,54.867,55.932,11,18,DMP_WAIT
A,143333,TILT,ALL,290,13288,8268,7,32,-72,0.018,0.811,0.505,0.427,1.951,-4.390,58.094,19.406,54.895,55.983,11,19,OK
A,143356,TILT,ALL,336,13166,8294,-56,28,-69,0.021,0.804,0.506,-3.415,1.707,-4.207,57.770,19.406,54.823,55.941,11,23,DMP_WAIT
A,143375,TILT,ALL,418,13234,8332,-87,30,-66,0.026,0.808,0.509,-5.305,1.829,-4.024,57.773,19.406,54.739,55.879,11,19,DMP_WAIT
A,143394,TILT,ALL,418,13234,8332,-87,30,-66,0.026,0.808,0.509,-5.305,1.829,-4.024,57.773,19.406,54.657,55.819,11,19,DMP_WAIT
A,143413,TILT,ALL,386,13554,8426,-137,31,-69,0.024,0.827,0.514,-8.354,1.890,-4.207,58.105,19.767,54.526,55.711,11,19,OK
A,143437,TILT,ALL,244,13326,8540,-300,27,-70,0.015,0.813,0.521,-18.293,1.646,-4.268,57.336,19.767,54.097,55.314,11,24,DMP_WAIT
A,143456,TILT,ALL,376,12854,8702,-363,26,-66,0.023,0.785,0.531,-22.134,1.585,-4.024,55.878,19.767,53.676,54.914,11,19,DMP_WAIT
A,143474,TILT,ALL,380,13114,8786,-402,28,-66,0.023,0.800,0.536,-24.512,1.707,-4.024,56.154,19.767,53.252,54.508,11,18,DMP_WAIT
A,143493,TILT,ALL,380,13114,8786,-402,28,-66,0.023,0.800,0.536,-24.512,1.707,-4.024,56.154,19.803,52.809,54.088,11,19,OK
A,143517,TILT,ALL,288,12798,8996,-541,30,-67,0.018,0.781,0.549,-32.988,1.829,-4.085,54.882,19.803,52.019,53.330,11,24,DMP_WAIT
A,143536,TILT,ALL,318,12470,9162,-600,27,-63,0.019,0.761,0.559,-36.585,1.646,-3.841,53.678,19.803,51.327,52.658,11,19,DMP_WAIT
A,143555,TILT,ALL,380,12262,9316,-644,26,-62,0.023,0.748,0.569,-39.268,1.585,-3.780,52.751,19.803,50.581,51.930,11,19,DMP_WAIT
A,143574,TILT,ALL,400,11770,9556,-679,26,-67,0.024,0.718,0.583,-41.402,1.585,-4.085,50.902,19.520,49.772,51.139,11,19,OK
A,143598,TILT,ALL,240,11258,9758,-685,25,-70,0.015,0.687,0.596,-41.768,1.524,-4.268,49.074,19.520,48.720,50.114,11,24,DMP_WAIT
A,143617,TILT,ALL,416,11078,10038,-667,21,-68,0.025,0.676,0.613,-40.671,1.280,-4.146,47.795,19.520,47.901,49.308,11,19,DMP_WAIT
A,143636,TILT,ALL,442,11164,10092,-639,23,-63,0.027,0.681,0.616,-38.963,1.402,-3.841,47.860,19.520,47.130,48.552,11,19,DMP_WAIT
A,143655,TILT,ALL,452,10734,10186,-628,27,-64,0.028,0.655,0.622,-38.293,1.646,-3.902,46.472,19.111,46.360,47.795,11,19,OK
A,143679,TILT,ALL,242,10458,10500,-608,28,-68,0.015,0.638,0.641,-37.073,1.707,-4.146,44.878,19.111,45.403,46.860,12,24,DMP_WAIT
A,143698,TILT,ALL,270,10132,10660,-572,25,-68,0.016,0.618,0.651,-34.878,1.524,-4.146,43.536,19.111,44.672,46.139,12,19,DMP_WAIT
A,143717,TILT,ALL,464,10236,10724,-524,21,-63,0.028,0.625,0.655,-31.951,1.280,-3.841,43.639,19.111,44.013,45.490,12,19,DMP_WAIT
A,143736,TILT,ALL,452,10708,10908,-494,24,-59,0.028,0.654,0.666,-30.122,1.463,-3.598,44.445,18.778,43.417,44.905,12,19,OK
A,143760,TILT,ALL,414,10732,10978,-510,28,-67,0.025,0.655,0.670,-31.098,1.707,-4.085,44.330,18.778,42.648,44.160,12,24,DMP_WAIT
A,143779,TILT,ALL,364,10706,11058,-552,29,-73,0.022,0.653,0.675,-33.659,1.768,-4.451,44.058,18.778,42.005,43.530,12,19,DMP_WAIT
A,143798,TILT,ALL,344,10448,11188,-601,28,-70,0.021,0.638,0.683,-36.646,1.707,-4.268,43.028,18.778,41.300,42.837,12,19,DMP_WAIT
A,143817,TILT,ALL,432,9952,11392,-639,27,-64,0.026,0.607,0.695,-38.963,1.646,-3.902,41.120,18.421,40.527,42.073,12,19,OK
A,143841,TILT,ALL,356,9926,11548,-657,28,-68,0.022,0.606,0.705,-40.061,1.707,-4.146,40.667,18.421,39.532,41.100,12,24,DMP_WAIT
A,143860,TILT,ALL,458,9748,11652,-684,30,-72,0.028,0.595,0.711,-41.707,1.829,-4.390,39.894,18.421,38.718,40.296,12,19,DMP_WAIT
A,143879,TILT,ALL,226,8476,11828,-708,31,-70,0.014,0.517,0.722,-43.171,1.890,-4.268,35.621,18.421,37.809,39.390,12,19,DMP_WAIT
A,143898,TILT,ALL,492,8306,12008,-662,26,-64,0.030,0.507,0.733,-40.366,1.585,-3.902,34.649,17.879,36.950,38.534,12,19,OK
A,143922,TILT,ALL,412,8688,12078,-605,27,-66,0.025,0.530,0.737,-36.890,1.646,-4.024,35.713,17.879,36.002,37.602,12,24,DMP_WAIT
A,143941,TILT,ALL,288,8778,12376,-591,29,-71,0.018,0.536,0.755,-36.037,1.768,-4.329,35.340,17.879,35.274,36.879,12,19,DMP_WAIT
A,143960,TILT,ALL,168,8656,12384,-602,26,-71,0.010,0.528,0.756,-36.707,1.585,-4.329,34.950,17.879,34.540,36.150,12,19,DMP_WAIT
A,143979,TILT,ALL,460,7992,12508,-615,19,-62,0.028,0.488,0.763,-37.500,1.159,-3.780,32.559,17.378,33.758,35.371,12,19,OK
A,144003,TILT,ALL,538,8076,12714,-604,21,-60,0.033,0.493,0.776,-36.829,1.280,-3.659,32.401,17.378,32.809,34.435,12,24,DMP_WAIT
A,144022,TILT,ALL,478,7630,12720,-602,27,-69,0.029,0.466,0.776,-36.707,1.646,-4.207,30.939,17.378,32.044,33.671,12,19,DMP_WAIT
A,144041,TILT,ALL,322,6992,12872,-582,30,-73,0.020,0.427,0.786,-35.488,1.829,-4.451,28.503,17.378,31.269,32.893,12,19,DMP_WAIT
A,144060,TILT,ALL,376,7322,12874,-532,24,-70,0.023,0.447,0.786,-32.439,1.463,-4.268,29.618,16.858,30.588,32.212,12,19,OK
A,144084,TILT,ALL,368,7818,13106,-513,22,-63,0.022,0.477,0.800,-31.280,1.341,-3.841,30.807,16.858,29.801,31.437,12,24,DMP_WAIT
A,144103,TILT,ALL,630,7696,13102,-546,22,-62,0.038,0.470,0.800,-33.293,1.341,-3.780,30.401,16.858,29.149,30.788,12,19,DMP_WAIT
A,144122,TILT,ALL,488,6920,13086,-592,29,-70,0.030,0.422,0.799,-36.098,1.768,-4.268,27.854,16.858,28.407,30.045,12,19,DMP_WAIT
A,144141,TILT,ALL,302,6600,13336,-601,33,-72,0.018,0.403,0.814,-36.646,2.012,-4.390,26.325,16.348,27.639,29.275,12,19,OK
A,144164,TILT,ALL,248,6712,13378,-586,28,-64,0.015,0.410,0.817,-35.732,1.707,-3.902,26.640,16.348,26.760,28.403,12,23,DMP_WAIT
A,144183,TILT,ALL,766,6462,13610,-590,20,-60,0.047,0.394,0.831,-35.976,1.220,-3.659,25.363,16.348,26.019,27.659,12,19,DMP_WAIT
A,144202,TILT,ALL,316,5874,13454,-597,30,-64,0.019,0.359,0.821,-36.402,1.829,-3.902,23.580,16.348,25.248,26.884,12,19,DMP_WAIT
A,144221,TILT,ALL,388,6362,13820,-587,32,-73,0.024,0.388,0.844,-35.793,1.951,-4.451,24.710,15.754,24.527,26.161,12,19,OK
A,144245,TILT,ALL,364,6678,13620,-617,30,-75,0.022,0.408,0.831,-37.622,1.829,-4.573,26.111,15.754,23.618,25.263,12,24,DMP_WAIT
A,144264,TILT,ALL,440,5334,14020,-681,24,-70,0.027,0.326,0.856,-41.524,1.463,-4.268,20.820,15.754,22.745,24.384,12,19,DMP_WAIT
A,144283,TILT,ALL,596,4722,13640,-675,25,-65,0.036,0.288,0.833,-41.159,1.524,-3.963,19.078,15.754,21.861,23.492,12,19,DMP_WAIT
A,144302,TILT,ALL,354,4700,14136,-633,28,-66,0.022,0.287,0.863,-38.598,1.707,-4.024,18.386,15.057,21.029,22.652,12,19,OK
A,144326,TILT,ALL,466,5150,13994,-607,25,-71,0.028,0.314,0.854,-37.012,1.524,-4.329,20.194,15.057,20.086,21.712,12,24,DMP_WAIT
A,144345,TILT,ALL,270,5178,14240,-630,24,-68,0.016,0.316,0.869,-38.415,1.463,-4.146,19.979,15.057,19.325,20.947,12,19,DMP_WAIT
A,144364,TILT,ALL,730,4500,14250,-665,20,-62,0.045,0.275,0.870,-40.549,1.220,-3.780,17.504,15.057,18.490,20.105,12,19,DMP_WAIT
A,144383,TILT,ALL,308,4016,14174,-677,27,-66,0.019,0.245,0.865,-41.280,1.646,-4.024,15.816,14.326,17.624,19.231,12,19,OK
A,144407,TILT,ALL,520,3844,14368,-668,24,-71,0.032,0.235,0.877,-40.732,1.463,-4.329,14.969,14.326,16.557,18.163,12,24,DMP_WAIT
A,144426,TILT,ALL,536,3844,14366,-663,25,-76,0.033,0.235,0.877,-40.427,1.524,-4.634,14.970,14.326,15.728,17.326,12,19,DMP_WAIT
A,144445,TILT,ALL,534,3716,14552,-678,26,-71,0.033,0.227,0.888,-41.341,1.585,-4.329,14.316,14.326,14.886,16.476,12,19,DMP_WAIT
A,144464,TILT,ALL,476,2932,14464,-691,26,-66,0.029,0.179,0.883,-42.134,1.585,-4.024,11.453,13.514,13.989,15.567,12,19,OK
A,144487,TILT,ALL,416,2740,14638,-673,25,-68,0.025,0.167,0.893,-41.037,1.524,-4.146,10.598,13.514,12.943,14.515,12,23,DMP_WAIT
A,144506,TILT,ALL,546,2938,14594,-655,24,-72,0.033,0.179,0.891,-39.939,1.463,-4.390,11.375,13.514,12.124,13.686,12,19,DMP_WAIT
A,144525,TILT,ALL,612,2886,14686,-670,26,-70,0.037,0.176,0.896,-40.854,1.585,-4.268,11.108,13.514,11.299,12.852,12,19,DMP_WAIT
A,144544,TILT,ALL,392,2214,14670,-700,29,-63,0.024,0.135,0.895,-42.683,1.768,-3.841,8.579,12.660,10.406,11.947,12,19,OK
A,144568,TILT,ALL,510,1496,14742,-700,27,-60,0.031,0.091,0.900,-42.683,1.646,-3.659,5.791,12.660,9.254,10.786,12,24,DMP_WAIT
A,144587,TILT,ALL,444,1394,14820,-664,27,-65,0.027,0.085,0.905,-40.488,1.646,-3.963,5.371,12.660,8.379,9.895,12,19,DMP_WAIT
A,144606,TILT,ALL,566,1592,14808,-633,26,-69,0.035,0.097,0.904,-38.598,1.585,-4.207,6.132,12.660,7.571,9.074,12,19,DMP_WAIT
A,144624,TILT,ALL,494,1396,14944,-632,27,-67,0.030,0.085,0.912,-38.537,1.646,-4.085,5.334,11.775,6.805,8.293,12,18,OK
A,144648,TILT,ALL,414,844,14800,-640,26,-66,0.025,0.052,0.903,-39.024,1.585,-4.024,3.263,11.775,5.761,7.238,12,24,DMP_WAIT
A,144666,TILT,ALL,458,722,14984,-628,24,-66,0.028,0.044,0.915,-38.293,1.463,-4.024,2.757,11.775,4.984,6.444,12,18,DMP_WAIT
A,144685,TILT,ALL,562,646,14908,-623,20,-63,0.034,0.039,0.910,-37.988,1.220,-3.841,2.479,11.775,4.182,5.627,11,19,DMP_WAIT
A,144704,TILT,ALL,606,532,14958,-625,22,-62,0.037,0.032,0.913,-38.110,1.341,-3.780,2.035,10.896,3.386,4.816,11,19,OK
A,144727,TILT,ALL,456,484,15016,-639,26,-64,0.028,0.030,0.917,-38.963,1.585,-3.902,1.845,10.896,2.424,3.844,11,23,DMP_WAIT
A,144746,TILT,ALL,518,148,14990,-665,24,-70,0.032,0.009,0.915,-40.549,1.463,-4.268,0.565,10.896,1.587,2.993,11,19,DMP_WAIT
A,144764,TILT,ALL,598,-54,14898,-687,25,-69,0.036,-0.003,0.909,-41.890,1.524,-4.207,-0.208,10.896,0.771,2.160,11,18,DMP_WAIT
A,144783,TILT,ALL,592,-412,14924,-713,28,-67,0.036,-0.025,0.911,-43.476,1.707,-4.085,-1.580,9.938,-0.130,1.244,11,19,OK
A,144807,TILT,ALL,704,-242,14984,-732,31,-66,0.043,-0.015,0.915,-44.634,1.890,-4.024,-0.924,9.938,-1.251,0.114,11,24,DMP_WAIT
A,144826,TILT,ALL,256,-532,15074,-775,34,-66,0.016,-0.032,0.920,-47.256,2.073,-4.024,-2.021,9.938,-2.190,-0.838,11,19,DMP_WAIT
A,144845,TILT,ALL,348,-1072,14954,-826,31,-71,0.021,-0.065,0.913,-50.366,1.890,-4.329,-4.099,9.938,-3.210,-1.873,11,19,DMP_WAIT
A,144864,TILT,ALL,514,-916,14930,-864,22,-64,0.031,-0.056,0.911,-52.683,1.341,-3.902,-3.509,8.799,-4.241,-2.917,11,19,OK
A,144888,TILT,ALL,700,-2042,14702,-931,16,-29,0.043,-0.125,0.897,-56.768,0.976,-1.768,-7.899,8.799,-5.705,-4.394,11,24,DMP_WAIT
A,144907,TILT,ALL,456,-4132,14298,-964,13,20,0.028,-0.252,0.873,-58.780,0.793,1.220,-16.111,8.799,-7.051,-5.771,11,19,DMP_WAIT
A,144926,TILT,ALL,634,-3570,14564,-873,21,-38,0.039,-0.218,0.889,-53.232,1.280,-2.317,-13.761,8.799,-8.221,-6.965,11,19,DMP_WAIT
A,144945,TILT,ALL,500,-3478,14542,-825,26,-54,0.031,-0.212,0.888,-50.305,1.585,-3.293,-13.443,7.450,-9.306,-8.074,11,19,OK
A,144969,TILT,ALL,384,-2686,14690,-806,20,-57,0.023,-0.164,0.897,-49.146,1.220,-3.476,-10.358,7.450,-10.538,-9.320,11,24,DMP_WAIT
A,144988,TILT,ALL,1014,-2808,14684,-856,17,-54,0.062,-0.171,0.896,-52.195,1.037,-3.293,-10.801,7.450,-11.559,-10.357,11,19,DMP_WAIT
A,145007,TILT,ALL,554,-4332,14276,-913,37,-61,0.034,-0.264,0.871,-55.671,2.256,-3.720,-16.868,7.450,-12.746,-11.567,11,19,DMP_WAIT
A,145027,TILT,ALL,234,-5130,14378,-892,41,-69,0.014,-0.313,0.878,-54.390,2.500,-4.207,-19.634,6.122,-13.996,-12.844,11,20,OK
A,145051,TILT,ALL,476,-4860,14200,-830,28,-75,0.029,-0.297,0.867,-50.610,1.707,-4.573,-18.884,6.122,-15.340,-14.211,11,24,DMP_WAIT
A,145070,TILT,ALL,484,-4616,14348,-804,21,-71,0.030,-0.282,0.876,-49.024,1.280,-4.329,-17.824,6.122,-16.346,-15.238,11,19,DMP_WAIT
A,145090,TILT,ALL,894,-5162,14082,-819,21,-65,0.055,-0.315,0.859,-49.939,1.280,-3.963,-20.094,6.122,-17.446,-16.361,11,20,DMP_WAIT
A,145109,TILT,ALL,442,-6174,13848,-812,33,-71,0.027,-0.377,0.845,-49.512,2.012,-4.329,-24.018,4.788,-18.544,-17.487,11,19,OK
A,145133,TILT,ALL,570,-6124,13856,-717,24,-75,0.035,-0.374,0.846,-43.720,1.463,-4.573,-23.826,4.788,-19.733,-18.703,11,24,DMP_WAIT
A,145153,TILT,ALL,652,-6136,13956,-703,23,-73,0.040,-0.375,0.852,-42.866,1.402,-4.451,-23.711,4.788,-20.699,-19.695,11,20,DMP_WAIT
A,145172,TILT,ALL,874,-6628,13674,-697,25,-69,0.053,-0.405,0.835,-42.500,1.524,-4.207,-25.814,3.530,-21.637,-20.661,11,19,OK
A,145196,TILT,ALL,388,-7518,13456,-674,35,-71,0.024,-0.459,0.821,-41.098,2.134,-4.329,-29.182,3.530,-22.810,-21.867,11,24,DMP_WAIT
A,145216,TILT,ALL,542,-7576,13312,-613,32,-76,0.033,-0.462,0.813,-37.378,1.951,-4.634,-29.624,3.530,-23.725,-22.815,11,20,DMP_WAIT
A,145235,TILT,ALL,652,-7438,13468,-569,37,-91,0.040,-0.454,0.822,-34.695,2.256,-5.549,-28.882,3.530,-24.518,-23.639,11,19,DMP_WAIT
A,145254,TILT,ALL,762,-7046,13350,-541,42,-94,0.047,-0.430,0.815,-32.988,2.561,-5.732,-27.786,2.372,-25.242,-24.390,11,19,OK
A,145279,TILT,ALL,748,-7120,13230,-562,51,-106,0.046,-0.435,0.807,-34.268,3.110,-6.463,-28.250,2.372,-26.199,-25.376,11,25,DMP_WAIT
A,145298,TILT,ALL,478,-7270,13454,-571,50,-95,0.029,-0.444,0.821,-34.817,3.049,-5.793,-28.370,2.372,-26.935,-26.137,11,19,DMP_WAIT
A,145317,TILT,ALL,434,-8062,12922,-581,43,-82,0.026,-0.492,0.789,-35.427,2.622,-5.000,-31.945,2.372,-27.739,-26.972,11,19,DMP_WAIT
A,145337,TILT,ALL,444,-7928,13070,-568,33,-79,0.027,-0.484,0.798,-34.634,2.012,-4.817,-31.226,1.258,-28.534,-27.795,11,20,OK
A,145361,TILT,ALL,598,-8176,12912,-577,26,-70,0.036,-0.499,0.788,-35.183,1.585,-4.268,-32.315,1.258,-29.492,-28.785,11,24,DMP_WAIT
A,145380,TILT,ALL,462,-9348,12588,-571,25,-67,0.028,-0.571,0.768,-34.817,1.524,-4.085,-36.580,1.258,-30.326,-29.655,11,19,DMP_WAIT
A,145400,TILT,ALL,406,-9252,12502,-495,20,-67,0.025,-0.565,0.763,-30.183,1.220,-4.085,-36.489,1.258,-31.087,-30.451,11,20,DMP_WAIT
A,145419,TILT,ALL,742,-8948,12716,-413,12,-60,0.045,-0.546,0.776,-25.183,0.732,-3.659,-35.087,0.159,-31.680,-31.075,11,19,OK
A,145443,TILT,ALL,750,-8690,12574,-365,22,-65,0.046,-0.530,0.767,-22.256,1.341,-3.963,-34.601,0.159,-32.318,-31.744,11,24,DMP_WAIT
A,145463,TILT,ALL,514,-8908,12628,-359,28,-63,0.031,-0.544,0.771,-21.890,1.707,-3.841,-35.177,0.159,-32.850,-32.307,11,20,DMP_WAIT
A,145482,TILT,ALL,646,-8998,12344,-359,30,-66,0.039,-0.549,0.753,-21.890,1.829,-4.024,-36.052,0.159,-33.366,-32.852,11,19,DMP_WAIT
A,145501,TILT,ALL,680,-9348,12400,-354,30,-69,0.042,-0.571,0.757,-21.585,1.829,-4.207,-36.970,-0.750,-33.884,-33.400,11,19,OK
A,145526,TILT,ALL,558,-9762,12170,-338,32,-70,0.034,-0.596,0.743,-20.610,1.951,-4.268,-38.705,-0.750,-34.543,-34.097,11,25,DMP_WAIT
A,145545,TILT,ALL,578,-9656,12222,-300,31,-70,0.035,-0.589,0.746,-18.293,1.890,-4.268,-38.279,-0.750,-35.002,-34.588,11,19,DMP_WAIT
A,145564,TILT,ALL,662,-9630,12042,-271,29,-71,0.040,-0.588,0.735,-16.524,1.768,-4.329,-38.607,-0.750,-35.426,-35.043,11,19,DMP_WAIT
A,145584,TILT,ALL,596,-9954,12150,-249,31,-69,0.036,-0.608,0.742,-15.183,1.890,-4.207,-39.293,-1.602,-35.847,-35.496,11,20,OK
A,145608,TILT,ALL,514,-10138,11882,-212,33,-70,0.031,-0.619,0.725,-12.927,2.012,-4.268,-40.445,-1.602,-36.299,-35.986,11,24,DMP_WAIT
A,145628,TILT,ALL,532,-9730,11992,-168,30,-69,0.032,-0.594,0.732,-10.244,1.829,-4.207,-39.027,-1.602,-36.600,-36.319,11,20,DMP_WAIT
A,145647,TILT,ALL,552,-9568,12064,-155,27,-69,0.034,-0.584,0.736,-9.451,1.646,-4.207,-38.389,-1.602,-36.856,-36.602,11,19,DMP_WAIT
A,145667,TILT,ALL,616,-10122,11950,-158,28,-71,0.038,-0.618,0.729,-9.634,1.707,-4.329,-40.228,-2.316,-37.159,-36.937,11,20,OK
A,145691,TILT,ALL,630,-10452,11776,-131,29,-70,0.038,-0.638,0.719,-7.988,1.768,-4.268,-41.551,-2.316,-37.490,-37.306,12,24,DMP_WAIT
A,145710,TILT,ALL,598,-9958,11944,-81,30,-70,0.036,-0.608,0.729,-4.939,1.829,-4.268,-39.784,-2.316,-37.672,-37.517,12,19,DMP_WAIT
A,145730,TILT,ALL,628,-9980,11854,-61,30,-70,0.038,-0.609,0.724,-3.720,1.829,-4.268,-40.055,-2.924,-37.838,-37.714,12,20,OK
A,145754,TILT,ALL,652,-10234,11810,-32,32,-69,0.040,-0.625,0.721,-1.951,1.951,-4.207,-40.868,-2.924,-38.000,-37.912,12,24,DMP_WAIT
A,145774,TILT,ALL,570,-10088,11788,-6,33,-70,0.035,-0.616,0.719,-0.366,2.012,-4.268,-40.523,-2.924,-38.104,-38.047,12,20,DMP_WAIT
A,145794,TILT,ALL,606,-9916,11840,13,33,-71,0.037,-0.605,0.723,0.793,2.012,-4.329,-39.909,-2.924,-38.171,-38.143,12,20,DMP_WAIT
A,145814,TILT,ALL,534,-10144,11862,18,32,-68,0.033,-0.619,0.724,1.098,1.951,-4.146,-40.507,-3.427,-38.243,-38.244,12,20,OK
A,145838,TILT,ALL,608,-10540,11696,42,30,-69,0.037,-0.643,0.714,2.561,1.829,-4.207,-41.986,-3.427,-38.313,-38.352,12,24,DMP_WAIT
A,145857,TILT,ALL,652,-10496,11674,90,31,-71,0.040,-0.641,0.713,5.488,1.890,-4.329,-41.914,-3.427,-38.327,-38.397,12,19,DMP_WAIT
A,145876,TILT,ALL,644,-10212,11852,146,31,-71,0.039,-0.623,0.723,8.902,1.890,-4.329,-40.707,-3.427,-38.252,-38.351,12,19,DMP_WAIT
A,145895,TILT,ALL,572,-9806,11924,179,32,-68,0.035,-0.599,0.728,10.915,1.951,-4.146,-39.401,-3.798,-38.116,-38.241,12,19,OK
A,145919,TILT,ALL,554,-9968,11974,184,32,-66,0.034,-0.608,0.731,11.220,1.951,-4.024,-39.746,-3.798,-37.940,-38.099,12,24,DMP_WAIT
A,145939,TILT,ALL,566,-10492,11814,203,29,-66,0.035,-0.640,0.721,12.378,1.768,-4.024,-41.576,-3.798,-37.817,-38.007,12,20,DMP_WAIT
A,145958,TILT,ALL,624,-10544,11824,269,30,-68,0.038,-0.644,0.722,16.402,1.829,-4.146,-41.685,-3.798,-37.633,-37.855,12,19,DMP_WAIT
A,145977,TILT,ALL,580,-10128,11884,346,30,-68,0.035,-0.618,0.725,21.098,1.829,-4.146,-40.405,-3.991,-37.339,-37.590,12,19,OK
A,146002,TILT,ALL,550,-9776,12116,400,28,-68,0.034,-0.597,0.740,24.390,1.707,-4.146,-38.870,-3.991,-36.830,-37.117,12,25,DMP_WAIT
A,146021,TILT,ALL,722,-9388,12240,430,28,-69,0.044,-0.573,0.747,26.220,1.707,-4.207,-37.440,-3.991,-36.398,-36.710,12,19,DMP_WAIT
A,146040,TILT,ALL,686,-9180,12374,436,32,-69,0.042,-0.560,0.755,26.585,1.951,-4.207,-36.529,-3.991,-35.950,-36.285,12,19,DMP_WAIT
A,146059,TILT,ALL,712,-9292,12328,435,38,-70,0.043,-0.567,0.752,26.524,2.317,-4.268,-36.961,-3.937,-35.520,-35.879,12,19,OK
A,146083,TILT,ALL,498,-9102,12440,451,43,-73,0.030,-0.556,0.759,27.500,2.622,-4.451,-36.170,-3.937,-34.942,-35.333,12,24,DMP_WAIT
A,146103,TILT,ALL,626,-8758,12516,462,41,-74,0.038,-0.535,0.764,28.171,2.500,-4.512,-34.949,-3.937,-34.436,-34.850,12,20,DMP_WAIT
A,146122,TILT,ALL,592,-8886,12616,461,39,-70,0.036,-0.542,0.770,28.110,2.378,-4.268,-35.129,-3.937,-33.970,-34.407,12,19,DMP_WAIT
A,146141,TILT,ALL,544,-8860,12672,477,39,-68,0.033,-0.541,0.773,29.085,2.378,-4.146,-34.936,-3.806,-33.492,-33.952,12,19,OK
A,146165,TILT,ALL,562,-8500,12750,499,38,-71,0.034,-0.519,0.778,30.427,2.317,-4.329,-33.664,-3.806,-32.835,-33.324,12,24,DMP_WAIT
A,146185,TILT,ALL,474,-8354,12922,508,37,-72,0.029,-0.510,0.789,30.976,2.256,-4.390,-32.865,-3.806,-32.275,-32.786,12,20,DMP_WAIT
A,146204,TILT,ALL,612,-8282,12946,512,31,-71,0.037,-0.505,0.790,31.220,1.890,-4.329,-32.579,-3.806,-31.744,-32.275,12,19,DMP_WAIT
A,146223,TILT,ALL,608,-8454,12830,523,30,-70,0.037,-0.516,0.783,31.890,1.829,-4.268,-33.352,-3.590,-31.226,-31.780,12,19,OK
A,146247,TILT,ALL,660,-8174,13050,557,31,-72,0.040,-0.499,0.797,33.963,1.890,-4.390,-32.028,-3.590,-30.499,-31.082,12,24,DMP_WAIT
A,146266,TILT,ALL,618,-7936,13160,587,35,-70,0.038,-0.484,0.803,35.793,2.134,-4.268,-31.064,-3.590,-29.888,-30.490,12,19,DMP_WAIT
A,146286,TILT,ALL,608,-7658,13218,611,38,-66,0.037,-0.467,0.807,37.256,2.317,-4.024,-30.060,-3.590,-29.207,-29.830,12,20,DMP_WAIT
A,146305,TILT,ALL,450,-7442,13382,629,38,-67,0.027,-0.454,0.817,38.354,2.317,-4.085,-29.066,-3.248,-28.534,-29.175,12,19,OK
A,146329,TILT,ALL,532,-7214,13422,637,36,-72,0.032,-0.440,0.819,38.841,2.195,-4.390,-28.238,-3.248,-27.670,-28.337,12,24,DMP_WAIT
A,146348,TILT,ALL,668,-6946,13612,643,35,-75,0.041,-0.424,0.831,39.207,2.134,-4.573,-27.007,-3.248,-26.971,-27.653,12,19,DMP_WAIT
A,146368,TILT,ALL,596,-6652,13678,647,36,-71,0.036,-0.406,0.835,39.451,2.195,-4.329,-25.914,-3.248,-26.223,-26.922,12,20,DMP_WAIT
A,146387,TILT,ALL,496,-6092,13800,642,36,-66,0.030,-0.372,0.842,39.146,2.195,-4.024,-23.805,-2.801,-25.490,-26.200,12,19,OK
A,146411,TILT,ALL,546,-6820,13686,597,37,-70,0.033,-0.416,0.835,36.402,2.256,-4.268,-26.470,-2.801,-24.709,-25.444,12,24,DMP_WAIT
A,146430,TILT,ALL,436,-6000,13898,638,40,-75,0.027,-0.366,0.848,38.902,2.439,-4.573,-23.340,-2.801,-24.001,-24.749,12,19,DMP_WAIT
A,146450,TILT,ALL,436,-6000,13898,638,40,-75,0.027,-0.366,0.848,38.902,2.439,-4.573,-23.340,-2.340,-23.271,-24.034,12,20,OK
A,146474,TILT,ALL,538,-5572,14000,625,35,-71,0.033,-0.340,0.854,38.110,2.134,-4.329,-21.688,-2.340,-22.399,-23.180,12,24,DMP_WAIT
A,146493,TILT,ALL,564,-5776,14146,626,36,-68,0.034,-0.353,0.863,38.171,2.195,-4.146,-22.195,-2.340,-21.728,-22.522,12,19,DMP_WAIT
A,146512,TILT,ALL,490,-5218,14118,652,36,-71,0.030,-0.318,0.862,39.756,2.195,-4.329,-20.273,-2.340,-21.003,-21.807,12,19,DMP_WAIT
A,146531,TILT,ALL,546,-4908,14350,663,35,-72,0.033,-0.300,0.876,40.427,2.134,-4.390,-18.869,-1.821,-20.251,-21.063,12,19,OK
A,146556,TILT,ALL,642,-4460,14402,661,36,-71,0.039,-0.272,0.879,40.305,2.195,-4.329,-17.191,-1.821,-19.260,-20.087,12,25,DMP_WAIT
A,146575,TILT,ALL,518,-4206,14426,644,37,-71,0.032,-0.257,0.880,39.268,2.256,-4.329,-16.244,-1.821,-18.513,-19.344,12,19,DMP_WAIT
A,146594,TILT,ALL,510,-4676,14328,622,36,-69,0.031,-0.285,0.875,37.927,2.195,-4.207,-18.064,-1.821,-17.842,-18.682,12,19,DMP_WAIT
A,146613,TILT,ALL,478,-4618,14530,643,34,-69,0.029,-0.282,0.887,39.207,2.073,-4.207,-17.623,-1.259,-17.151,-18.001,12,19,OK
A,146638,TILT,ALL,472,-3990,14462,680,33,-71,0.029,-0.244,0.883,41.463,2.012,-4.329,-15.416,-1.259,-16.158,-17.023,12,25,DMP_WAIT
A,146657,TILT,ALL,682,-3562,14678,691,32,-71,0.042,-0.217,0.896,42.134,1.951,-4.329,-13.626,-1.259,-15.367,-16.236,12,19,DMP_WAIT
A,146676,TILT,ALL,484,-3532,14486,687,35,-68,0.030,-0.216,0.884,41.890,2.134,-4.146,-13.695,-1.259,-14.598,-15.471,12,19,DMP_WAIT
A,146695,TILT,ALL,506,-3424,14740,694,32,-63,0.031,-0.209,0.900,42.317,1.951,-3.841,-13.070,-0.615,-13.823,-14.702,12,19,OK
A,146719,TILT,ALL,552,-3032,14590,708,32,-64,0.034,-0.185,0.891,43.171,1.951,-3.902,-11.732,-0.615,-12.821,-13.710,12,24,DMP_WAIT
A,146739,TILT,ALL,502,-2574,14846,712,34,-69,0.031,-0.157,0.906,43.415,2.073,-4.207,-9.831,-0.615,-11.957,-12.848,12,20,DMP_WAIT
A,146758,TILT,ALL,608,-2434,14692,698,33,-70,0.037,-0.149,0.897,42.561,2.012,-4.268,-9.399,-0.615,-11.157,-12.049,12,19,DMP_WAIT
A,146777,TILT,ALL,562,-2426,14820,689,35,-67,0.034,-0.148,0.905,42.012,2.134,-4.085,-9.290,0.092,-10.382,-11.275,12,19,OK
A,146801,TILT,ALL,510,-2486,14752,694,39,-69,0.031,-0.152,0.900,42.317,2.378,-4.207,-9.560,0.092,-9.425,-10.329,12,24,DMP_WAIT
A,146820,TILT,ALL,462,-1610,14976,716,38,-74,0.028,-0.098,0.914,43.659,2.317,-4.512,-6.133,0.092,-8.591,-9.492,12,19,DMP_WAIT
A,146839,TILT,ALL,592,-892,14984,700,36,-75,0.036,-0.054,0.915,42.683,2.195,-4.573,-3.404,0.092,-7.736,-8.631,12,19,DMP_WAIT
A,146858,TILT,ALL,456,-990,15022,651,38,-73,0.028,-0.060,0.917,39.695,2.317,-4.451,-3.769,0.830,-6.962,-7.852,12,19,OK
A,146881,TILT,ALL,326,-1066,14956,617,37,-71,0.020,-0.065,0.913,37.622,2.256,-4.329,-4.076,0.830,-6.109,-7.000,12,23,DMP_WAIT
A,146900,TILT,ALL,464,-544,15040,602,30,-74,0.028,-0.033,0.918,36.707,1.829,-4.512,-2.071,0.830,-5.389,-6.273,12,19,DMP_WAIT
A,146919,TILT,ALL,624,362,15124,564,30,-75,0.038,0.022,0.923,34.390,1.829,-4.573,1.370,0.830,-4.657,-5.529,12,19,DMP_WAIT
A,146937,TILT,ALL,592,60,14988,478,33,-68,0.036,0.004,0.915,29.146,2.012,-4.146,0.229,1.473,-4.087,-4.948,12,18,OK
A,146961,TILT,ALL,708,-1138,14792,423,37,-65,0.043,-0.069,0.903,25.793,2.256,-3.963,-4.394,1.473,-3.542,-4.406,12,24,DMP_WAIT
A,146980,TILT,ALL,358,-810,14926,455,44,-71,0.022,-0.049,0.911,27.744,2.683,-4.329,-3.105,1.473,-3.061,-3.923,12,19,DMP_WAIT
A,146998,TILT,ALL,418,-176,14994,491,41,-76,0.026,-0.011,0.915,29.939,2.500,-4.634,-0.672,1.473,-2.526,-3.381,12,18,DMP_WAIT
A,147017,TILT,ALL,496,-174,14972,492,36,-76,0.030,-0.011,0.914,30.000,2.195,-4.634,-0.665,1.989,-1.975,-2.824,12,19,OK
A,147041,TILT,ALL,554,-342,14860,502,36,-72,0.034,-0.021,0.907,30.610,2.195,-4.390,-1.318,1.989,-1.297,-2.147,12,24,DMP_WAIT
A,147060,TILT,ALL,500,-228,14868,540,38,-71,0.031,-0.014,0.907,32.927,2.317,-4.329,-0.878,1.989,-0.720,-1.566,12,19,DMP_WAIT
A,147078,TILT,ALL,402,310,14940,580,39,-70,0.025,0.019,0.912,35.366,2.378,-4.268,1.188,1.989,-0.099,-0.939,12,18,DMP_WAIT
A,147097,TILT,ALL,366,834,14930,595,34,-70,0.022,0.051,0.911,36.280,2.073,-4.268,3.196,2.627,0.598,-0.233,12,19,OK
A,147120,TILT,ALL,552,954,14864,585,31,-71,0.034,0.058,0.907,35.671,1.890,-4.329,3.670,2.627,1.411,0.585,12,23,DMP_WAIT
A,147138,TILT,ALL,560,870,14906,576,31,-71,0.034,0.053,0.910,35.122,1.890,-4.329,3.338,2.627,2.027,1.210,12,18,DMP_WAIT
A,147157,TILT,ALL,532,844,14808,593,30,-66,0.032,0.052,0.904,36.159,1.829,-4.024,3.260,2.627,2.681,1.870,12,19,DMP_WAIT
A,147175,TILT,ALL,612,1062,14774,626,33,-64,0.037,0.065,0.902,38.171,2.012,-3.902,4.108,3.358,3.341,2.537,12,18,OK
A,147198,TILT,ALL,590,1620,14662,675,38,-44,0.036,0.099,0.895,41.159,2.317,-2.683,6.300,3.358,4.275,3.478,12,23,DMP_WAIT
A,147217,TILT,ALL,400,2350,14980,692,38,-34,0.024,0.143,0.914,42.195,2.317,-2.073,8.913,3.358,5.109,4.325,12,19,DMP_WAIT
A,147235,TILT,ALL,472,2828,14740,628,36,-68,0.029,0.173,0.900,38.293,2.195,-4.146,10.855,3.358,5.858,5.090,12,18,DMP_WAIT
A,147254,TILT,ALL,480,2944,14842,574,37,-70,0.029,0.180,0.906,35.000,2.256,-4.268,11.214,4.194,6.573,5.820,12,19,OK
A,147277,TILT,ALL,402,2922,14734,525,40,-65,0.025,0.178,0.899,32.012,2.439,-3.963,11.213,4.194,7.334,6.594,12,23,DMP_WAIT
A,147295,TILT,ALL,526,2424,14598,509,40,-51,0.032,0.148,0.891,31.037,2.439,-3.110,9.422,4.194,7.882,7.154,12,18,DMP_WAIT
A,147314,TILT,ALL,20,3138,15156,552,42,-19,0.001,0.192,0.925,33.659,2.561,-1.159,11.698,4.194,8.541,7.827,12,19,DMP_WAIT
A,147332,TILT,ALL,552,2740,14564,524,37,-67,0.034,0.167,0.889,31.951,2.256,-4.085,10.647,4.927,9.105,8.404,12,18,OK
A,147356,TILT,ALL,436,3092,14684,537,39,-75,0.027,0.189,0.896,32.744,2.378,-4.573,11.886,4.927,9.875,9.186,12,24,DMP_WAIT
A,147374,TILT,ALL,456,3152,14536,541,41,-75,0.028,0.192,0.887,32.988,2.500,-4.573,12.229,4.927,10.462,9.786,12,18,DMP_WAIT
A,147393,TILT,ALL,452,3354,14468,548,39,-71,0.028,0.205,0.883,33.415,2.378,-4.329,13.046,4.927,11.092,10.430,12,19,DMP_WAIT
A,147411,TILT,ALL,396,3414,14418,557,39,-71,0.024,0.208,0.880,33.963,2.378,-4.329,13.317,5.683,11.694,11.045,12,18,OK
A,147435,TILT,ALL,486,3476,14298,576,37,-72,0.030,0.212,0.873,35.122,2.256,-4.390,13.657,5.683,12.504,11.866,12,24,DMP_WAIT
A,147454,TILT,ALL,440,3654,14366,607,36,-69,0.027,0.223,0.877,37.012,2.195,-4.207,14.264,5.683,13.184,12.559,12,19,DMP_WAIT
A,147472,TILT,ALL,508,4260,14246,637,37,-70,0.031,0.260,0.870,38.841,2.256,-4.268,16.638,5.683,13.897,13.287,12,18,DMP_WAIT
A,147491,TILT,ALL,468,4532,14246,639,38,-74,0.029,0.277,0.870,38.963,2.317,-4.512,17.638,6.548,14.653,14.059,12,19,OK
A,147515,TILT,ALL,438,4832,14172,632,36,-74,0.027,0.295,0.865,38.537,2.195,-4.512,18.819,6.548,15.588,15.010,12,24,DMP_WAIT
A,147533,TILT,ALL,398,5024,14116,618,35,-68,0.024,0.307,0.862,37.683,2.134,-4.146,19.584,6.548,16.291,15.731,12,18,DMP_WAIT
A,147552,TILT,ALL,522,5134,13978,603,34,-68,0.032,0.313,0.853,36.768,2.073,-4.146,20.155,6.548,17.009,16.466,12,19,DMP_WAIT
A,147571,TILT,ALL,406,5260,14044,593,35,-74,0.025,0.321,0.857,36.159,2.134,-4.512,20.525,7.459,17.708,17.183,12,19,OK
A,147594,TILT,ALL,480,5610,13866,585,35,-75,0.029,0.342,0.846,35.671,2.134,-4.573,22.016,7.459,18.545,18.039,12,23,DMP_WAIT
A,147613,TILT,ALL,482,5834,13894,567,35,-73,0.029,0.356,0.848,34.573,2.134,-4.451,22.765,7.459,19.229,18.743,12,19,DMP_WAIT
A,147632,TILT,ALL,442,5842,13740,549,36,-71,0.027,0.357,0.839,33.476,2.195,-4.329,23.024,7.459,19.885,19.417,12,19,DMP_WAIT
A,147650,TILT,ALL,420,5790,13746,540,37,-73,0.026,0.353,0.839,32.927,2.256,-4.451,22.832,8.337,20.483,20.033,12,18,OK
A,147674,TILT,ALL,392,6360,13690,541,35,-79,0.024,0.388,0.836,32.988,2.134,-4.817,24.909,8.337,21.292,20.863,12,24,DMP_WAIT
A,147693,TILT,ALL,340,6308,13504,530,31,-85,0.021,0.385,0.824,32.317,1.890,-5.183,25.031,8.337,21.924,21.516,12,19,DMP_WAIT
A,147711,TILT,ALL,336,6174,13400,526,22,-109,0.021,0.377,0.818,32.073,1.341,-6.646,24.731,8.337,22.504,22.114,11,18,DMP_WAIT
A,147730,TILT,ALL,990,7686,13672,542,10,-137,0.060,0.469,0.834,33.049,0.610,-8.354,29.279,9.201,23.211,22.846,11,19,OK
A,147754,TILT,ALL,744,6528,13370,523,31,-86,0.045,0.398,0.816,31.890,1.890,-5.244,25.989,9.201,23.961,23.617,11,24,DMP_WAIT
A,147772,TILT,ALL,490,7058,13336,559,38,-72,0.030,0.431,0.814,34.085,2.317,-4.390,27.874,9.201,24.599,24.276,11,18,DMP_WAIT
A,147791,TILT,ALL,444,7260,13270,557,36,-74,0.027,0.443,0.810,33.963,2.195,-4.512,28.670,9.201,25.269,24.968,11,19,DMP_WAIT
A,147810,TILT,ALL,500,6974,13114,541,36,-72,0.031,0.426,0.800,32.988,2.195,-4.390,27.987,10.119,25.894,25.612,11,19,OK
A,147833,TILT,ALL,380,6972,13066,551,38,-69,0.023,0.426,0.797,33.598,2.317,-4.207,28.074,10.119,26.641,26.381,11,23,DMP_WAIT
A,147852,TILT,ALL,468,7620,12944,578,37,-71,0.029,0.465,0.790,35.244,2.256,-4.329,30.469,10.119,27.330,27.091,11,19,DMP_WAIT
A,147871,TILT,ALL,366,7912,12816,573,38,-75,0.022,0.483,0.782,34.939,2.317,-4.573,31.679,10.119,28.024,27.807,11,19,DMP_WAIT
A,147890,TILT,ALL,448,8144,12746,553,36,-73,0.027,0.497,0.778,33.720,2.195,-4.451,32.560,11.064,28.698,28.505,11,19,OK
A,147913,TILT,ALL,436,7752,12736,535,35,-73,0.027,0.473,0.777,32.622,2.134,-4.451,31.313,11.064,29.433,29.263,11,23,DMP_WAIT
A,147932,TILT,ALL,400,7832,12576,548,35,-73,0.024,0.478,0.768,33.415,2.134,-4.451,31.901,11.064,30.060,29.911,11,19,DMP_WAIT
A,147951,TILT,ALL,452,8470,12548,565,36,-73,0.028,0.517,0.766,34.451,2.195,-4.451,34.002,11.064,30.737,30.609,11,19,DMP_WAIT
A,147970,TILT,ALL,330,8476,12364,558,38,-74,0.020,0.517,0.755,34.024,2.317,-4.512,34.423,12.021,31.400,31.295,11,19,OK
A,147993,TILT,ALL,426,8642,12372,552,38,-71,0.026,0.527,0.755,33.659,2.317,-4.329,34.919,12.021,32.176,32.096,11,23,DMP_WAIT
A,148012,TILT,ALL,402,8388,12178,555,38,-69,0.025,0.512,0.743,33.841,2.317,-4.207,34.544,12.021,32.809,32.750,11,19,DMP_WAIT
A,148031,TILT,ALL,348,8556,12000,580,38,-71,0.021,0.522,0.732,35.366,2.317,-4.329,35.477,12.021,33.477,33.439,11,19,DMP_WAIT
A,148050,TILT,ALL,380,9236,11922,603,38,-73,0.023,0.564,0.728,36.768,2.317,-4.451,37.751,13.019,34.203,34.188,11,19,OK
A,148073,TILT,ALL,424,9522,11796,596,36,-71,0.026,0.581,0.720,36.341,2.195,-4.329,38.893,13.019,35.063,35.076,11,23,DMP_WAIT
A,148092,TILT,ALL,432,9268,11808,577,37,-70,0.026,0.566,0.721,35.183,2.256,-4.268,38.109,13.019,35.735,35.769,11,19,DMP_WAIT
A,148111,TILT,ALL,366,9402,11652,582,38,-67,0.022,0.574,0.711,35.488,2.317,-4.085,38.886,13.019,36.415,36.471,11,19,DMP_WAIT
A,148130,TILT,ALL,338,9694,11488,593,39,-70,0.021,0.592,0.701,36.159,2.378,-4.268,40.147,14.071,37.119,37.198,11,19,OK
A,148153,TILT,ALL,382,9670,11350,594,37,-71,0.023,0.590,0.693,36.220,2.256,-4.329,40.414,14.071,37.948,38.053,11,23,DMP_WAIT
A,148172,TILT,ALL,338,9500,11318,611,36,-72,0.021,0.580,0.691,37.256,2.195,-4.390,39.997,14.071,38.639,38.764,11,19,DMP_WAIT
A,148191,TILT,ALL,406,9388,11172,652,36,-70,0.025,0.573,0.682,39.756,2.195,-4.268,40.022,14.071,39.363,39.507,11,19,DMP_WAIT
A,148210,TILT,ALL,416,9928,10938,715,37,-73,0.025,0.606,0.668,43.598,2.256,-4.451,42.208,15.195,40.187,40.353,11,19,OK
A,148233,TILT,ALL,328,10528,10784,754,39,-76,0.020,0.643,0.658,45.976,2.378,-4.634,44.299,15.195,41.253,41.445,11,23,DMP_WAIT
A,148252,TILT,ALL,360,11054,10546,758,38,-75,0.022,0.675,0.644,46.220,2.317,-4.573,46.331,15.195,42.171,42.387,11,19,DMP_WAIT
A,148271,TILT,ALL,252,11296,10340,740,39,-70,0.015,0.689,0.631,45.122,2.378,-4.268,47.522,15.195,43.074,43.315,11,19,DMP_WAIT
A,148290,TILT,ALL,404,11016,10294,708,38,-69,0.025,0.672,0.628,43.171,2.317,-4.207,46.918,16.489,43.911,44.175,11,19,OK
A,148314,TILT,ALL,286,11840,10102,687,36,-74,0.017,0.723,0.617,41.890,2.195,-4.512,49.518,16.489,44.953,45.249,11,24,DMP_WAIT
A,148333,TILT,ALL,474,11510,10032,645,35,-74,0.029,0.703,0.612,39.329,2.134,-4.512,48.893,16.489,45.720,46.040,11,19,DMP_WAIT
A,148351,TILT,ALL,276,11436,9728,630,38,-75,0.017,0.698,0.594,38.415,2.317,-4.573,49.603,16.489,46.434,46.776,11,18,DMP_WAIT
A,148370,TILT,ALL,396,11842,9596,636,38,-71,0.024,0.723,0.586,38.780,2.317,-4.329,50.957,17.705,47.202,47.569,11,19,OK
A,148394,TILT,ALL,320,12204,9434,624,38,-71,0.020,0.745,0.576,38.049,2.317,-4.329,52.279,17.705,48.143,48.542,11,24,DMP_WAIT
A,148413,TILT,ALL,398,12230,9278,591,37,-72,0.024,0.746,0.566,36.037,2.256,-4.390,52.790,17.705,48.863,49.288,11,19,DMP_WAIT
A,148431,TILT,ALL,334,12256,9206,563,38,-73,0.020,0.748,0.562,34.329,2.317,-4.451,53.070,17.705,49.511,49.959,11,18,DMP_WAIT
A,148450,TILT,ALL,256,12484,9110,545,37,-74,0.016,0.762,0.556,33.232,2.256,-4.512,53.870,18.868,50.173,50.646,11,19,OK
A,148474,TILT,ALL,440,12822,8906,516,35,-72,0.027,0.783,0.544,31.463,2.134,-4.390,55.184,18.868,50.958,51.464,11,24,DMP_WAIT
A,148493,TILT,ALL,342,13086,8744,469,36,-73,0.021,0.799,0.534,28.598,2.195,-4.451,56.229,18.868,51.552,52.085,11,19,DMP_WAIT
A,148511,TILT,ALL,324,13364,8718,403,36,-72,0.020,0.816,0.532,24.573,2.195,-4.390,56.864,18.868,52.050,52.609,11,18,DMP_WAIT
A,148530,TILT,ALL,334,13606,8532,320,35,-70,0.020,0.830,0.521,19.512,2.134,-4.268,57.889,19.880,52.486,53.074,11,19,OK
A,148554,TILT,ALL,318,13462,8642,225,35,-70,0.019,0.822,0.527,13.720,2.134,-4.268,57.284,19.880,52.849,53.473,11,24,DMP_WAIT
A,148573,TILT,ALL,424,13380,8584,141,35,-69,0.026,0.817,0.524,8.598,2.134,-4.207,57.286,19.880,53.054,53.705,11,19,DMP_WAIT
A,148591,TILT,ALL,220,13188,8592,67,35,-67,0.013,0.805,0.524,4.085,2.134,-4.085,56.907,19.880,53.161,53.837,11,18,DMP_WAIT
A,148610,TILT,ALL,260,12826,8574,8,34,-68,0.016,0.783,0.523,0.488,2.073,-4.146,56.226,20.523,53.188,53.889,11,19,OK
A,148633,TILT,ALL,286,12596,8614,-16,31,-69,0.017,0.769,0.526,-0.976,1.890,-4.207,55.618,20.523,53.161,53.894,11,23,DMP_WAIT
A,148652,TILT,ALL,404,13272,8618,-28,29,-70,0.025,0.810,0.526,-1.707,1.768,-4.268,56.974,20.523,53.162,53.921,11,19,DMP_WAIT
A,148671,TILT,ALL,358,13634,8688,-86,29,-70,0.022,0.832,0.530,-5.244,1.768,-4.268,57.471,20.523,53.106,53.893,11,19,DMP_WAIT
A,148690,TILT,ALL,386,13556,8594,-181,30,-69,0.024,0.827,0.525,-11.037,1.829,-4.207,57.601,20.913,52.947,53.761,11,19,OK
A,148714,TILT,ALL,302,12996,8720,-275,30,-66,0.018,0.793,0.532,-16.768,1.829,-4.024,56.123,20.913,52.560,53.411,12,24,DMP_WAIT
A,148733,TILT,ALL,394,12736,8860,-334,29,-66,0.024,0.777,0.541,-20.366,1.768,-4.024,55.148,20.913,52.189,53.065,12,19,DMP_WAIT
A,148751,TILT,ALL,350,12518,9066,-372,27,-68,0.021,0.764,0.553,-22.683,1.646,-4.146,54.066,20.913,51.785,52.682,12,18,DMP_WAIT
A,148770,TILT,ALL,374,12300,9098,-397,28,-69,0.023,0.751,0.555,-24.207,1.707,-4.207,53.487,20.964,51.324,52.245,12,19,OK
A,148794,TILT,ALL,284,12098,9140,-409,29,-69,0.017,0.738,0.558,-24.939,1.768,-4.207,52.916,20.964,50.714,51.668,12,24,DMP_WAIT
A,148813,TILT,ALL,416,11914,9422,-414,26,-68,0.025,0.727,0.575,-25.244,1.585,-4.146,51.635,20.964,50.218,51.194,12,19,DMP_WAIT
A,148832,TILT,ALL,308,11914,9446,-410,27,-67,0.019,0.727,0.577,-25.000,1.646,-4.085,51.576,20.964,49.736,50.734,12,19,DMP_WAIT
A,148851,TILT,ALL,414,11996,9582,-415,27,-66,0.025,0.732,0.585,-25.305,1.646,-4.024,51.357,20.880,49.253,50.273,12,19,OK
A,148875,TILT,ALL,356,12022,9762,-433,27,-66,0.022,0.734,0.596,-26.402,1.646,-4.024,50.904,20.880,48.610,49.662,12,24,DMP_WAIT
A,148894,TILT,ALL,324,11870,9754,-463,27,-65,0.020,0.724,0.595,-28.232,1.646,-3.963,50.573,20.880,48.079,49.154,12,19,DMP_WAIT
A,148913,TILT,ALL,334,11442,9954,-494,26,-65,0.020,0.698,0.608,-30.122,1.585,-3.963,48.962,20.880,47.492,48.587,12,19,DMP_WAIT
A,148932,TILT,ALL,390,11348,10038,-508,25,-65,0.024,0.693,0.613,-30.976,1.524,-3.963,48.484,20.701,46.891,48.006,12,19,OK
A,148956,TILT,ALL,420,11336,10234,-517,25,-67,0.026,0.692,0.625,-31.524,1.524,-4.085,47.901,20.701,46.115,47.259,12,24,DMP_WAIT
A,148975,TILT,ALL,370,11074,10316,-537,28,-68,0.023,0.676,0.630,-32.744,1.707,-4.146,47.011,20.701,45.479,46.643,12,19,DMP_WAIT
A,148994,TILT,ALL,298,10502,10588,-545,28,-68,0.018,0.641,0.646,-33.232,1.707,-4.146,44.755,20.701,44.802,45.981,12,19,DMP_WAIT
A,149013,TILT,ALL,320,10360,10626,-521,25,-70,0.020,0.632,0.649,-31.768,1.524,-4.268,44.261,20.408,44.155,45.351,12,19,OK
A,149037,TILT,ALL,414,10492,10808,-493,26,-70,0.025,0.640,0.660,-30.061,1.585,-4.268,44.129,20.408,43.392,44.614,12,24,DMP_WAIT
A,149056,TILT,ALL,388,10684,10912,-487,26,-70,0.024,0.652,0.666,-29.695,1.585,-4.268,44.377,20.408,42.815,44.054,12,19,DMP_WAIT
A,149075,TILT,ALL,388,10816,10932,-508,26,-68,0.024,0.660,0.667,-30.976,1.585,-4.146,44.676,20.408,42.232,43.488,12,19,DMP_WAIT
A,149094,TILT,ALL,374,10496,11184,-555,25,-69,0.023,0.641,0.683,-33.841,1.524,-4.207,43.166,20.110,41.576,42.849,12,19,OK
A,149118,TILT,ALL,468,10218,11268,-595,24,-67,0.029,0.624,0.688,-36.280,1.463,-4.085,42.178,20.110,40.679,41.979,12,24,DMP_WAIT
A,149137,TILT,ALL,432,10106,11422,-623,26,-68,0.026,0.617,0.697,-37.988,1.585,-4.146,41.482,20.110,39.944,41.260,12,19,DMP_WAIT
A,149156,TILT,ALL,368,10030,11480,-655,27,-68,0.022,0.612,0.701,-39.939,1.646,-4.146,41.129,20.110,39.180,40.512,12,19,DMP_WAIT
A,149175,TILT,ALL,394,9960,11660,-696,26,-67,0.024,0.608,0.712,-42.439,1.585,-4.085,40.488,19.627,38.372,39.720,12,19,OK
A,149199,TILT,ALL,354,9560,11852,-744,25,-66,0.022,0.583,0.723,-45.366,1.524,-4.024,38.878,19.627,37.260,38.633,12,24,DMP_WAIT
A,149218,TILT,ALL,380,9130,12000,-780,25,-66,0.023,0.557,0.732,-47.561,1.524,-4.024,37.251,19.627,36.330,37.716,12,19,DMP_WAIT
A,149237,TILT,ALL,472,8904,12156,-801,25,-66,0.029,0.543,0.742,-48.841,1.524,-4.024,36.201,19.627,35.374,36.773,12,19,DMP_WAIT
A,149256,TILT,ALL,406,8342,12278,-817,26,-65,0.025,0.509,0.749,-49.817,1.585,-3.963,34.179,18.926,34.379,35.788,12,19,OK
A,149280,TILT,ALL,412,7648,12464,-815,25,-64,0.025,0.467,0.761,-49.695,1.524,-3.902,31.520,18.926,33.097,34.525,12,24,DMP_WAIT
A,149299,TILT,ALL,298,7192,12632,-781,26,-67,0.018,0.439,0.771,-47.622,1.585,-4.085,29.648,18.926,32.097,33.530,12,19,DMP_WAIT
A,149318,TILT,ALL,412,7128,12780,-722,22,-67,0.025,0.435,0.780,-44.024,1.341,-4.085,29.138,18.926,31.174,32.612,12,19,DMP_WAIT
A,149337,TILT,ALL,398,7442,12884,-676,22,-67,0.024,0.454,0.786,-41.220,1.341,-4.085,30.000,18.178,30.339,31.784,12,19,OK
A,149361,TILT,ALL,466,7368,13098,-669,23,-67,0.028,0.450,0.799,-40.793,1.402,-4.085,29.344,18.178,29.305,30.766,12,24,DMP_WAIT
A,149380,TILT,ALL,294,7160,13174,-675,27,-69,0.018,0.437,0.804,-41.159,1.646,-4.207,28.518,18.178,28.479,29.946,12,19,DMP_WAIT
A,149399,TILT,ALL,404,6964,13298,-680,24,-71,0.025,0.425,0.812,-41.463,1.463,-4.329,27.630,18.178,27.646,29.119,12,19,DMP_WAIT
A,149418,TILT,ALL,422,6674,13274,-689,23,-69,0.026,0.407,0.810,-42.012,1.402,-4.207,26.681,17.499,26.800,28.279,12,19,OK
A,149442,TILT,ALL,478,6708,13538,-700,23,-66,0.029,0.409,0.826,-42.683,1.402,-4.024,26.344,17.499,25.731,27.226,12,24,DMP_WAIT
A,149461,TILT,ALL,454,6386,13526,-721,25,-67,0.028,0.390,0.826,-43.963,1.524,-4.085,25.261,17.499,24.859,26.359,12,19,DMP_WAIT
A,149479,TILT,ALL,372,5788,13652,-743,26,-67,0.023,0.353,0.833,-45.305,1.585,-4.085,22.968,17.499,23.981,25.481,12,18,DMP_WAIT
A,149498,TILT,ALL,422,5348,13786,-741,25,-68,0.026,0.326,0.841,-45.183,1.524,-4.146,21.194,16.722,23.040,24.540,12,19,OK
A,149522,TILT,ALL,462,5096,13874,-723,23,-70,0.028,0.311,0.847,-44.085,1.402,-4.268,20.158,16.722,21.890,23.399,12,24,DMP_WAIT
A,149541,TILT,ALL,438,4802,14000,-697,22,-68,0.027,0.293,0.854,-42.500,1.341,-4.146,18.923,16.722,20.995,22.503,12,19,DMP_WAIT
A,149560,TILT,ALL,568,4536,14044,-670,24,-67,0.035,0.277,0.857,-40.854,1.463,-4.085,17.886,16.722,20.128,21.633,12,19,DMP_WAIT
A,149579,TILT,ALL,362,4400,14196,-644,27,-65,0.022,0.269,0.866,-39.268,1.646,-3.963,17.215,15.928,19.295,20.797,12,19,OK
A,149603,TILT,ALL,516,4224,14190,-622,24,-64,0.031,0.258,0.866,-37.927,1.463,-3.902,16.567,15.928,18.293,19.800,12,24,DMP_WAIT
A,149622,TILT,ALL,456,4148,14266,-602,24,-65,0.028,0.253,0.871,-36.707,1.463,-3.963,16.205,15.928,17.524,19.027,12,19,DMP_WAIT
A,149641,TILT,ALL,524,4044,14362,-588,26,-66,0.032,0.247,0.877,-35.854,1.585,-4.024,15.716,15.928,16.776,18.276,12,19,DMP_WAIT
A,149660,TILT,ALL,430,4034,14464,-587,26,-67,0.026,0.246,0.883,-35.793,1.585,-4.085,15.577,15.204,16.041,17.539,12,19,OK
A,149684,TILT,ALL,472,3640,14490,-598,26,-67,0.029,0.222,0.884,-36.463,1.585,-4.085,14.094,15.204,15.089,16.591,12,24,DMP_WAIT
A,149703,TILT,ALL,516,3450,14550,-600,26,-67,0.031,0.211,0.888,-36.585,1.585,-4.085,13.331,15.204,14.329,15.826,12,19,DMP_WAIT
A,149722,TILT,ALL,514,3102,14494,-599,27,-66,0.031,0.189,0.885,-36.524,1.646,-4.024,12.073,15.204,13.560,15.051,11,19,DMP_WAIT
A,149741,TILT,ALL,458,2972,14610,-595,27,-67,0.028,0.181,0.892,-36.280,1.646,-4.085,11.493,14.456,12.799,14.284,11,19,OK
A,149765,TILT,ALL,438,2828,14748,-592,28,-68,0.027,0.173,0.900,-36.098,1.707,-4.146,10.850,14.456,11.855,13.342,11,24,DMP_WAIT
A,149784,TILT,ALL,500,2810,14710,-597,26,-68,0.031,0.172,0.898,-36.402,1.585,-4.146,10.809,14.456,11.113,12.594,11,19,DMP_WAIT
A,149803,TILT,ALL,462,2566,14722,-617,26,-68,0.028,0.157,0.899,-37.622,1.585,-4.146,9.882,14.456,10.344,11.819,11,19,DMP_WAIT
A,149821,TILT,ALL,484,1962,14724,-637,26,-68,0.030,0.120,0.899,-38.841,1.585,-4.146,7.586,13.661,9.562,11.027,11,18,OK
A,149845,TILT,ALL,566,1576,14830,-602,28,-67,0.035,0.096,0.905,-36.707,1.707,-4.085,6.062,13.661,8.573,10.035,11,24,DMP_WAIT
A,149864,TILT,ALL,566,1576,14830,-602,28,-67,0.035,0.096,0.905,-36.707,1.707,-4.085,6.062,13.661,7.795,9.247,11,19,DMP_WAIT
A,149883,TILT,ALL,424,1742,14888,-600,28,-67,0.026,0.106,0.909,-36.585,1.707,-4.085,6.671,13.661,7.047,8.492,11,19,DMP_WAIT
A,149901,TILT,ALL,512,1818,14932,-626,26,-67,0.031,0.111,0.911,-38.171,1.585,-4.085,6.938,12.816,6.330,7.768,11,18,OK
A,149925,TILT,ALL,500,1084,14928,-669,27,-65,0.031,0.066,0.911,-40.793,1.646,-3.963,4.151,12.816,5.272,6.706,11,24,DMP_WAIT
A,149943,TILT,ALL,536,310,14794,-684,27,-65,0.033,0.019,0.903,-41.707,1.646,-3.963,1.200,12.816,4.413,5.833,11,18,DMP_WAIT
A,149962,TILT,ALL,432,72,14850,-659,27,-67,0.026,0.004,0.906,-40.183,1.646,-4.085,0.278,12.816,3.538,4.944,11,19,DMP_WAIT
A,149981,TILT,ALL,486,-294,14858,-623,26,-67,0.030,-0.018,0.907,-37.988,1.585,-4.085,-1.133,11.882,2.693,4.084,11,19,OK
A,150004,TILT,ALL,470,-354,14918,-583,26,-69,0.029,-0.022,0.911,-35.549,1.585,-4.207,-1.359,11.882,1.758,3.137,11,23,DMP_WAIT
A,150023,TILT,ALL,520,-498,14842,-549,24,-69,0.032,-0.030,0.906,-33.476,1.463,-4.207,-1.921,11.882,1.017,2.381,11,19,DMP_WAIT
A,150042,TILT,ALL,560,-586,14936,-519,27,-69,0.034,-0.036,0.912,-31.646,1.646,-4.207,-2.245,11.882,0.319,1.667,11,19,DMP_WAIT
A,150061,TILT,ALL,564,-624,14968,-502,27,-68,0.034,-0.038,0.914,-30.610,1.646,-4.146,-2.386,11.042,-0.349,0.985,11,19,OK
A,150085,TILT,ALL,558,-814,14860,-506,30,-59,0.034,-0.050,0.907,-30.854,1.829,-3.598,-3.133,11.042,-1.186,0.137,11,24,DMP_WAIT
A,150104,TILT,ALL,558,-814,14860,-506,30,-59,0.034,-0.050,0.907,-30.854,1.829,-3.598,-3.133,11.042,-1.844,-0.535,11,19,DMP_WAIT
A,150123,TILT,ALL,416,-1106,14904,-529,28,-45,0.025,-0.068,0.910,-32.256,1.707,-2.744,-4.242,10.217,-2.536,-1.243,11,19,OK
A,150147,TILT,ALL,510,-1760,14846,-531,25,-47,0.031,-0.107,0.906,-32.378,1.524,-2.866,-6.757,10.217,-3.438,-2.159,11,24,DMP_WAIT
A,150166,TILT,ALL,598,-2040,14808,-509,23,-52,0.036,-0.125,0.904,-31.037,1.402,-3.171,-7.838,10.217,-4.148,-2.889,11,19,DMP_WAIT
A,150185,TILT,ALL,524,-2356,14850,-480,25,-56,0.032,-0.144,0.906,-29.268,1.524,-3.415,-9.010,10.217,-4.834,-3.597,11,19,DMP_WAIT
A,150204,TILT,ALL,524,-2356,14850,-480,25,-56,0.032,-0.144,0.906,-29.268,1.524,-3.415,-9.010,9.383,-5.506,-4.290,11,19,OK
A,150228,TILT,ALL,466,-2658,14850,-428,23,-54,0.028,-0.162,0.906,-26.098,1.402,-3.293,-10.143,9.383,-6.268,-5.071,11,24,DMP_WAIT
A,150247,TILT,ALL,612,-2066,14784,-429,26,-66,0.037,-0.126,0.902,-26.159,1.585,-4.024,-7.949,9.383,-6.833,-5.654,11,19,DMP_WAIT
A,150267,TILT,ALL,574,-2342,14754,-459,30,-68,0.035,-0.143,0.901,-27.988,1.829,-4.146,-9.013,9.383,-7.471,-6.310,11,20,DMP_WAIT
A,150286,TILT,ALL,508,-2732,14800,-478,32,-68,0.031,-0.167,0.903,-29.146,1.951,-4.146,-10.453,8.587,-8.118,-6.977,11,19,OK
A,150310,TILT,ALL,538,-2864,14840,-479,33,-68,0.033,-0.175,0.906,-29.207,2.012,-4.146,-10.916,8.587,-8.916,-7.793,11,24,DMP_WAIT
A,150329,TILT,ALL,528,-2858,14750,-489,31,-67,0.032,-0.174,0.900,-29.817,1.890,-4.085,-10.959,8.587,-9.556,-8.452,11,19,DMP_WAIT
A,150348,TILT,ALL,544,-3304,14722,-503,32,-68,0.033,-0.202,0.899,-30.671,1.951,-4.146,-12.641,8.587,-10.233,-9.150,11,19,DMP_WAIT
A,150367,TILT,ALL,526,-3856,14626,-492,31,-68,0.032,-0.235,0.893,-30.000,1.890,-4.146,-14.760,7.719,-10.926,-9.867,11,19,OK
A,150391,TILT,ALL,556,-3762,14588,-468,31,-75,0.034,-0.230,0.890,-28.537,1.890,-4.573,-14.451,7.719,-11.723,-10.685,11,24,DMP_WAIT
A,150411,TILT,ALL,540,-3652,14516,-473,35,-94,0.033,-0.223,0.886,-28.841,2.134,-5.732,-14.112,7.719,-12.383,-11.365,11,20,DMP_WAIT
A,150430,TILT,ALL,562,-4002,14588,-505,42,-117,0.034,-0.244,0.890,-30.793,2.561,-7.134,-15.330,7.719,-13.059,-12.064,11,19,DMP_WAIT
A,150449,TILT,ALL,364,-4038,14628,-489,42,-107,0.022,-0.246,0.893,-29.817,2.561,-6.524,-15.427,6.825,-13.705,-12.731,11,19,OK
A,150474,TILT,ALL,618,-4594,14362,-433,31,-68,0.038,-0.280,0.877,-26.402,1.890,-4.146,-17.723,6.825,-14.490,-13.540,11,25,DMP_WAIT
A,150494,TILT,ALL,518,-4594,14484,-407,28,-69,0.032,-0.280,0.884,-24.817,1.707,-4.207,-17.587,6.825,-15.085,-14.158,11,20,DMP_WAIT
A,150514,TILT,ALL,540,-4372,14494,-403,27,-66,0.033,-0.267,0.885,-24.573,1.646,-4.024,-16.775,6.825,-15.647,-14.740,11,20,DMP_WAIT
A,150534,TILT,ALL,584,-4706,14370,-417,28,-68,0.036,-0.287,0.877,-25.427,1.707,-4.146,-18.119,5.997,-16.241,-15.357,11,20,OK
A,150558,TILT,ALL,554,-5188,14288,-419,29,-70,0.034,-0.317,0.872,-25.549,1.768,-4.268,-19.942,5.997,-16.971,-16.112,11,24,DMP_WAIT
A,150577,TILT,ALL,588,-5364,14278,-400,28,-69,0.036,-0.327,0.871,-24.390,1.707,-4.207,-20.574,5.997,-17.541,-16.707,11,19,DMP_WAIT
A,150596,TILT,ALL,578,-5298,14212,-379,28,-68,0.035,-0.323,0.867,-23.110,1.707,-4.146,-20.429,5.997,-18.073,-17.263,11,19,DMP_WAIT
A,150616,TILT,ALL,586,-5648,14152,-366,30,-68,0.036,-0.345,0.864,-22.317,1.829,-4.146,-21.740,5.171,-18.631,-17.846,11,20,OK
A,150640,TILT,ALL,510,-5836,14140,-340,31,-69,0.031,-0.356,0.863,-20.732,1.890,-4.207,-22.414,5.171,-19.249,-18.491,11,24,DMP_WAIT
A,150659,TILT,ALL,456,-5698,14112,-308,30,-68,0.028,-0.348,0.861,-18.780,1.829,-4.146,-21.977,5.171,-19.698,-18.964,11,19,DMP_WAIT
A,150679,TILT,ALL,516,-5474,14164,-296,28,-67,0.031,-0.334,0.865,-18.049,1.707,-4.085,-21.117,5.171,-20.126,-19.415,11,20,DMP_WAIT
A,150698,TILT,ALL,584,-5420,14118,-312,27,-68,0.036,-0.331,0.862,-19.024,1.646,-4.146,-20.986,4.423,-20.541,-19.851,11,19,OK
A,150722,TILT,ALL,574,-6084,13938,-336,28,-71,0.035,-0.371,0.851,-20.488,1.707,-4.329,-23.564,4.423,-21.139,-20.475,13,24,DMP_WAIT
A,150742,TILT,ALL,538,-6536,13798,-326,29,-70,0.033,-0.399,0.842,-19.878,1.768,-4.268,-25.330,4.423,-21.659,-21.022,13,20,DMP_WAIT
A,150761,TILT,ALL,610,-6502,13788,-286,29,-68,0.037,-0.397,0.842,-17.439,1.768,-4.146,-25.226,4.423,-22.099,-21.488,13,19,DMP_WAIT
A,150780,TILT,ALL,582,-6480,13894,-256,28,-68,0.036,-0.396,0.848,-15.610,1.707,-4.146,-24.985,3.675,-22.491,-21.906,13,19,OK
A,150805,TILT,ALL,584,-6694,13884,-220,32,-70,0.036,-0.409,0.847,-13.415,1.951,-4.268,-25.721,3.675,-22.942,-22.386,13,25,DMP_WAIT
A,150824,TILT,ALL,600,-6822,13708,-197,32,-71,0.037,-0.416,0.837,-12.012,1.951,-4.329,-26.436,3.675,-23.280,-22.750,13,19,DMP_WAIT
A,150843,TILT,ALL,600,-6822,13708,-197,32,-71,0.037,-0.416,0.837,-12.012,1.951,-4.329,-26.436,3.027,-23.611,-23.107,13,19,OK
A,150868,TILT,ALL,580,-6870,13698,-143,32,-70,0.035,-0.419,0.836,-8.720,1.951,-4.268,-26.615,3.027,-23.942,-23.468,13,25,DMP_WAIT
A,150887,TILT,ALL,546,-6842,13676,-122,30,-70,0.033,-0.418,0.835,-7.439,1.829,-4.268,-26.560,3.027,-24.177,-23.729,13,19,DMP_WAIT
A,150906,TILT,ALL,550,-6714,13658,-104,29,-70,0.034,-0.410,0.834,-6.341,1.768,-4.268,-26.159,3.027,-24.379,-23.955,13,19,DMP_WAIT
A,150925,TILT,ALL,646,-6486,13806,-102,28,-69,0.039,-0.396,0.843,-6.220,1.707,-4.207,-25.140,2.485,-24.554,-24.152,13,19,OK
A,150949,TILT,ALL,500,-6886,13716,-115,29,-68,0.031,-0.420,0.837,-7.012,1.768,-4.146,-26.643,2.485,-24.816,-24.442,13,24,DMP_WAIT
A,150969,TILT,ALL,558,-7278,13500,-106,30,-69,0.034,-0.444,0.824,-6.463,1.829,-4.207,-28.309,2.485,-25.059,-24.712,13,20,DMP_WAIT
A,150988,TILT,ALL,536,-7316,13558,-73,30,-70,0.033,-0.447,0.828,-4.451,1.829,-4.268,-28.333,2.485,-25.251,-24.931,13,19,DMP_WAIT
A,151007,TILT,ALL,568,-6894,13610,-37,29,-69,0.035,-0.421,0.831,-2.256,1.768,-4.207,-26.844,1.982,-25.369,-25.073,13,19,OK
A,151031,TILT,ALL,652,-6668,13764,-35,30,-69,0.040,-0.407,0.840,-2.134,1.829,-4.207,-25.823,1.982,-25.484,-25.212,13,24,DMP_WAIT
A,151050,TILT,ALL,626,-7174,13554,-52,33,-69,0.038,-0.438,0.827,-3.171,2.012,-4.207,-27.867,1.982,-25.634,-25.387,13,19,DMP_WAIT
A,151069,TILT,ALL,542,-7266,13600,-37,35,-69,0.033,-0.443,0.830,-2.256,2.134,-4.207,-28.095,1.982,-25.770,-25.547,13,19,DMP_WAIT
A,151089,TILT,ALL,640,-6974,13602,-16,32,-69,0.039,-0.426,0.830,-0.976,1.951,-4.207,-27.119,1.543,-25.862,-25.663,13,20,OK
A,151113,TILT,ALL,604,-7024,13568,-11,31,-70,0.037,-0.429,0.828,-0.671,1.890,-4.268,-27.347,1.543,-25.963,-25.791,13,24,DMP_WAIT
A,151132,TILT,ALL,486,-7082,13542,-8,32,-71,0.030,-0.432,0.827,-0.488,1.951,-4.329,-27.593,1.543,-26.049,-25.899,13,19,DMP_WAIT
A,151151,TILT,ALL,552,-6928,13634,-5,32,-69,0.034,-0.423,0.832,-0.305,1.951,-4.207,-26.918,1.543,-26.116,-25.987,13,19,DMP_WAIT
A,151170,TILT,ALL,634,-6894,13654,-10,31,-70,0.039,-0.421,0.833,-0.610,1.890,-4.268,-26.765,1.142,-26.184,-26.076,13,19,OK
A,151194,TILT,ALL,620,-7278,13524,-17,32,-70,0.038,-0.444,0.825,-1.037,1.951,-4.268,-28.262,1.142,-26.305,-26.224,13,24,DMP_WAIT
A,151213,TILT,ALL,606,-7416,13456,-4,33,-72,0.037,-0.453,0.821,-0.244,2.012,-4.390,-28.836,1.142,-26.404,-26.347,13,19,DMP_WAIT
A,151232,TILT,ALL,534,-7380,13460,27,33,-71,0.033,-0.450,0.822,1.646,2.012,-4.329,-28.717,1.142,-26.464,-26.430,13,19,DMP_WAIT
A,151251,TILT,ALL,560,-7068,13552,50,33,-72,0.034,-0.431,0.827,3.049,2.012,-4.390,-27.524,0.760,-26.472,-26.459,13,19,OK
A,151275,TILT,ALL,596,-6974,13610,54,31,-71,0.036,-0.426,0.831,3.293,1.890,-4.329,-27.109,0.760,-26.463,-26.474,13,24,DMP_WAIT
A,151294,TILT,ALL,534,-7354,13538,54,32,-71,0.033,-0.449,0.826,3.293,1.951,-4.329,-28.493,0.760,-26.486,-26.519,13,19,DMP_WAIT
A,151313,TILT,ALL,542,-7606,13406,75,32,-71,0.033,-0.464,0.818,4.573,1.951,-4.329,-29.549,0.760,-26.507,-26.563,13,19,DMP_WAIT
A,151332,TILT,ALL,588,-7426,13482,118,31,-71,0.036,-0.453,0.823,7.195,1.890,-4.329,-28.823,0.458,-26.463,-26.542,13,19,OK
A,151356,TILT,ALL,520,-7432,13444,159,31,-71,0.032,-0.454,0.821,9.695,1.890,-4.329,-28.916,0.458,-26.339,-26.447,13,24,DMP_WAIT
A,151375,TILT,ALL,558,-7570,13426,199,33,-71,0.034,-0.462,0.819,12.134,2.012,-4.329,-29.395,0.458,-26.219,-26.351,13,19,DMP_WAIT
A,151394,TILT,ALL,598,-7364,13516,251,32,-71,0.036,-0.449,0.825,15.305,1.951,-4.329,-28.560,0.458,-26.024,-26.179,13,19,DMP_WAIT
A,151413,TILT,ALL,548,-7072,13612,299,31,-70,0.033,-0.432,0.831,18.232,1.890,-4.268,-27.435,0.333,-25.757,-25.933,13,19,OK
A,151437,TILT,ALL,656,-7002,13620,329,31,-70,0.040,-0.427,0.831,20.061,1.890,-4.268,-27.181,0.333,-25.369,-25.573,13,24,DMP_WAIT
A,151457,TILT,ALL,586,-7116,13648,360,32,-72,0.036,-0.434,0.833,21.951,1.951,-4.390,-27.516,0.333,-25.028,-25.255,13,20,DMP_WAIT
A,151476,TILT,ALL,522,-6942,13622,405,34,-71,0.032,-0.424,0.831,24.695,2.073,-4.329,-26.987,0.333,-24.651,-24.901,13,19,DMP_WAIT
A,151495,TILT,ALL,586,-6662,13794,450,36,-71,0.036,-0.407,0.842,27.439,2.195,-4.329,-25.759,0.424,-24.207,-24.476,13,19,OK
A,151519,TILT,ALL,494,-6228,13910,482,35,-70,0.030,-0.380,0.849,29.390,2.134,-4.268,-24.106,0.424,-23.569,-23.863,13,24,DMP_WAIT
A,151538,TILT,ALL,624,-5962,13990,493,35,-69,0.038,-0.364,0.854,30.061,2.134,-4.207,-23.061,0.424,-23.043,-23.354,13,19,DMP_WAIT
A,151557,TILT,ALL,564,-6176,13980,495,36,-71,0.034,-0.377,0.853,30.183,2.195,-4.329,-23.817,0.424,-22.540,-22.870,13,19,DMP_WAIT
A,151576,TILT,ALL,500,-6394,13892,526,37,-73,0.031,-0.390,0.848,32.073,2.256,-4.451,-24.701,0.693,-22.030,-22.381,13,19,OK
A,151600,TILT,ALL,546,-6152,13988,587,37,-72,0.033,-0.375,0.854,35.793,2.256,-4.390,-23.724,0.693,-21.278,-21.656,13,24,DMP_WAIT
A,151620,TILT,ALL,552,-5564,14086,641,37,-71,0.034,-0.340,0.860,39.085,2.256,-4.329,-21.539,0.693,-20.563,-20.961,13,20,DMP_WAIT
A,151639,TILT,ALL,558,-5142,14286,668,38,-70,0.034,-0.314,0.872,40.732,2.317,-4.268,-19.782,0.693,-19.833,-20.246,13,19,DMP_WAIT
A,151658,TILT,ALL,604,-5090,14204,679,38,-70,0.037,-0.311,0.867,41.402,2.317,-4.268,-19.699,1.157,-19.104,-19.533,13,19,OK
A,151682,TILT,ALL,508,-4956,14266,697,38,-71,0.031,-0.302,0.871,42.500,2.317,-4.329,-19.146,1.157,-18.160,-18.613,13,24,DMP_WAIT
A,151701,TILT,ALL,516,-4660,14378,723,37,-72,0.031,-0.284,0.878,44.085,2.256,-4.390,-17.947,1.157,-17.379,-17.848,13,19,DMP_WAIT
A,151720,TILT,ALL,526,-4264,14460,745,38,-72,0.032,-0.260,0.883,45.427,2.317,-4.390,-16.420,1.157,-16.558,-17.041,13,19,DMP_WAIT
A,151739,TILT,ALL,534,-3930,14554,756,37,-72,0.033,-0.240,0.888,46.098,2.256,-4.390,-15.101,1.777,-15.715,-16.210,12,19,OK
A,151764,TILT,ALL,610,-3656,14524,768,36,-72,0.037,-0.223,0.886,46.829,2.195,-4.390,-14.117,1.777,-14.593,-15.108,12,25,DMP_WAIT
A,151783,TILT,ALL,526,-3504,14578,791,39,-72,0.032,-0.214,0.890,48.232,2.378,-4.390,-13.507,1.777,-13.717,-14.244,12,19,DMP_WAIT
A,151802,TILT,ALL,526,-3504,14578,791,39,-72,0.032,-0.214,0.890,48.232,2.378,-4.390,-13.507,2.507,-12.859,-13.400,12,19,OK
A,151826,TILT,ALL,542,-2562,14782,819,38,-74,0.033,-0.156,0.902,49.939,2.317,-4.512,-9.826,2.507,-11.679,-12.234,12,24,DMP_WAIT
A,151845,TILT,ALL,530,-2450,14846,816,36,-73,0.032,-0.150,0.906,49.756,2.195,-4.451,-9.365,2.507,-10.751,-11.314,12,19,DMP_WAIT
A,151864,TILT,ALL,552,-2300,14796,825,36,-71,0.034,-0.140,0.903,50.305,2.195,-4.329,-8.830,2.507,-9.819,-10.391,12,19,DMP_WAIT
A,151883,TILT,ALL,490,-2098,14798,845,38,-71,0.030,-0.128,0.903,51.524,2.317,-4.329,-8.065,3.340,-8.869,-9.449,12,19,OK
A,151907,TILT,ALL,596,-1790,14790,872,37,-73,0.036,-0.109,0.903,53.171,2.256,-4.451,-6.895,3.340,-7.634,-8.228,12,24,DMP_WAIT
A,151926,TILT,ALL,530,-1266,14790,898,39,-74,0.032,-0.077,0.903,54.756,2.378,-4.512,-4.889,3.340,-6.604,-7.203,12,19,DMP_WAIT
A,151944,TILT,ALL,506,-738,14882,910,39,-72,0.031,-0.045,0.908,55.488,2.378,-4.390,-2.837,3.340,-5.591,-6.193,12,18,DMP_WAIT
A,151963,TILT,ALL,486,-218,14968,900,39,-70,0.030,-0.013,0.914,54.878,2.378,-4.268,-0.834,4.302,-4.518,-5.120,12,19,OK
A,151987,TILT,ALL,532,76,14966,875,40,-71,0.032,0.005,0.913,53.354,2.439,-4.329,0.291,4.302,-3.223,-3.830,12,24,DMP_WAIT
A,152005,TILT,ALL,572,80,14888,849,39,-73,0.035,0.005,0.909,51.768,2.378,-4.451,0.308,4.302,-2.281,-2.887,12,18,DMP_WAIT
A,152024,TILT,ALL,482,32,14838,841,40,-72,0.029,0.002,0.906,51.280,2.439,-4.390,0.124,4.302,-1.322,-1.931,12,19,DMP_WAIT
A,152042,TILT,ALL,438,492,14886,854,39,-73,0.027,0.030,0.909,52.073,2.378,-4.451,1.892,5.278,-0.381,-0.989,12,18,OK
A,152065,TILT,ALL,438,990,14900,862,37,-73,0.027,0.060,0.909,52.561,2.256,-4.451,3.800,5.278,0.835,0.224,12,23,DMP_WAIT
A,152084,TILT,ALL,492,1252,14748,856,35,-73,0.030,0.076,0.900,52.195,2.134,-4.451,4.850,5.278,1.843,1.235,12,19,DMP_WAIT
A,152102,TILT,ALL,492,1270,14928,847,36,-73,0.030,0.078,0.911,51.646,2.195,-4.451,4.860,5.278,2.772,2.167,12,18,DMP_WAIT
A,152121,TILT,ALL,492,1270,14928,847,36,-73,0.030,0.078,0.911,51.646,2.195,-4.451,4.860,6.294,3.732,3.126,12,19,OK
A,152144,TILT,ALL,492,2030,14722,860,34,-72,0.030,0.124,0.899,52.439,2.073,-4.390,7.847,6.294,4.943,4.338,12,23,DMP_WAIT
A,152162,TILT,ALL,484,2456,14666,858,36,-71,0.030,0.150,0.895,52.317,2.195,-4.329,9.502,6.294,5.915,5.316,12,18,DMP_WAIT
A,152181,TILT,ALL,484,2456,14666,858,36,-71,0.030,0.150,0.895,52.317,2.195,-4.329,9.502,6.294,6.917,6.322,12,19,DMP_WAIT
A,152199,TILT,ALL,454,2890,14564,842,37,-70,0.028,0.176,0.889,51.341,2.256,-4.268,11.218,6.294,7.867,7.279,12,18,DMP_WAIT
A,152217,TILT,ALL,498,3120,14544,814,38,-70,0.030,0.190,0.888,49.634,2.317,-4.268,12.101,7.350,8.786,8.205,12,18,OK
A,152241,TILT,ALL,462,3486,14652,784,37,-70,0.028,0.213,0.894,47.805,2.256,-4.268,13.377,7.350,9.947,9.370,12,24,DMP_WAIT
A,152259,TILT,ALL,482,3634,14446,750,37,-70,0.029,0.222,0.882,45.732,2.256,-4.268,14.113,7.350,10.795,10.227,12,18,DMP_WAIT
A,152278,TILT,ALL,518,3626,14478,725,37,-72,0.032,0.221,0.884,44.207,2.256,-4.390,14.052,7.350,11.639,11.078,12,19,DMP_WAIT
A,152297,TILT,ALL,420,3628,14318,715,39,-72,0.026,0.221,0.874,43.598,2.378,-4.390,14.213,8.334,12.459,11.904,12,19,OK
A,152320,TILT,ALL,498,4136,14370,721,38,-72,0.030,0.252,0.877,43.963,2.317,-4.390,16.048,8.334,13.468,12.919,12,23,DMP_WAIT
A,152339,TILT,ALL,462,4678,14300,712,38,-74,0.028,0.286,0.873,43.415,2.317,-4.512,18.106,8.334,14.325,13.787,12,19,DMP_WAIT
A,152358,TILT,ALL,434,4898,14276,681,38,-73,0.026,0.299,0.871,41.524,2.317,-4.451,18.929,8.334,15.147,14.620,12,19,DMP_WAIT
A,152376,TILT,ALL,534,4846,14066,646,37,-73,0.033,0.296,0.859,39.390,2.256,-4.451,18.997,9.286,15.877,15.361,12,18,OK
A,152400,TILT,ALL,354,4326,14026,634,40,-74,0.022,0.264,0.856,38.659,2.439,-4.512,17.136,9.286,16.756,16.245,12,24,DMP_WAIT
A,152419,TILT,ALL,384,4412,14004,668,38,-76,0.023,0.269,0.855,40.732,2.317,-4.634,17.481,9.286,17.485,16.980,12,19,DMP_WAIT
A,152437,TILT,ALL,374,5264,13896,720,33,-84,0.023,0.321,0.848,43.902,2.012,-5.122,20.741,9.286,18.283,17.788,12,18,DMP_WAIT
A,152456,TILT,ALL,428,5650,13788,733,32,-83,0.026,0.345,0.842,44.695,1.951,-5.061,22.273,10.246,19.151,18.667,12,19,OK
A,152480,TILT,ALL,464,5928,13804,721,35,-72,0.028,0.362,0.843,43.963,2.134,-4.390,23.229,10.246,20.211,19.739,12,24,DMP_WAIT
A,152498,TILT,ALL,450,6410,13544,710,38,-62,0.027,0.391,0.827,43.293,2.317,-3.780,25.315,10.246,21.035,20.577,12,18,DMP_WAIT
A,152517,TILT,ALL,370,6378,13496,681,37,-71,0.023,0.389,0.824,41.524,2.256,-4.329,25.286,10.246,21.849,21.405,12,19,DMP_WAIT
A,152536,TILT,ALL,576,6500,13286,679,32,-88,0.035,0.397,0.811,41.402,1.951,-5.366,26.048,11.279,22.660,22.230,12,19,OK
A,152560,TILT,ALL,1116,6652,13380,701,42,-63,0.068,0.406,0.817,42.744,2.561,-3.841,26.356,11.279,23.684,23.267,12,24,DMP_WAIT
A,152579,TILT,ALL,370,6338,13290,633,54,-36,0.023,0.387,0.811,38.598,3.293,-2.195,25.488,11.279,24.394,23.989,12,19,DMP_WAIT
A,152597,TILT,ALL,642,7064,13082,639,39,-68,0.039,0.431,0.798,38.963,2.378,-4.146,28.339,11.279,25.119,24.729,12,18,DMP_WAIT
A,152616,TILT,ALL,370,7352,13162,641,38,-75,0.023,0.449,0.803,39.085,2.317,-4.573,29.177,12.278,25.884,25.509,12,19,OK
A,152640,TILT,ALL,448,7468,13128,632,38,-74,0.027,0.456,0.801,38.537,2.317,-4.512,29.620,12.278,26.810,26.450,12,24,DMP_WAIT
A,152659,TILT,ALL,354,7640,12976,626,36,-73,0.022,0.466,0.792,38.171,2.195,-4.451,30.479,12.278,27.550,27.205,12,19,DMP_WAIT
A,152677,TILT,ALL,462,7876,12750,621,36,-71,0.028,0.481,0.778,37.866,2.195,-4.329,31.688,12.278,28.259,27.931,12,18,DMP_WAIT
A,152696,TILT,ALL,418,8130,12756,607,36,-72,0.026,0.496,0.779,37.012,2.195,-4.390,32.497,13.275,28.989,28.678,12,19,OK
A,152720,TILT,ALL,400,8494,12596,587,36,-73,0.024,0.518,0.769,35.793,2.195,-4.451,33.980,13.275,29.875,29.584,12,24,DMP_WAIT
A,152739,TILT,ALL,444,8604,12588,552,36,-74,0.027,0.525,0.768,33.659,2.195,-4.512,34.336,13.275,30.547,30.275,12,19,DMP_WAIT
A,152757,TILT,ALL,376,8640,12422,518,36,-72,0.023,0.527,0.758,31.585,2.195,-4.390,34.808,13.275,31.148,30.894,12,18,DMP_WAIT
A,152776,TILT,ALL,404,8702,12368,491,36,-70,0.025,0.531,0.755,29.939,2.195,-4.268,35.115,14.207,31.741,31.505,12,19,OK
A,152800,TILT,ALL,438,8864,12304,468,36,-70,0.027,0.541,0.751,28.537,2.195,-4.268,35.752,14.207,32.436,32.222,12,24,DMP_WAIT
A,152819,TILT,ALL,414,9210,12178,441,36,-69,0.025,0.562,0.743,26.890,2.195,-4.207,37.084,14.207,32.986,32.792,12,19,DMP_WAIT
A,152837,TILT,ALL,428,9312,12174,399,35,-72,0.026,0.568,0.743,24.329,2.134,-4.390,37.396,14.207,33.462,33.288,12,18,DMP_WAIT
A,152856,TILT,ALL,372,9184,12158,357,37,-71,0.023,0.561,0.742,21.768,2.256,-4.329,37.054,15.013,33.895,33.741,12,19,OK
A,152880,TILT,ALL,366,9144,11994,331,36,-70,0.022,0.558,0.732,20.183,2.195,-4.268,37.308,15.013,34.382,34.251,12,24,DMP_WAIT
A,152899,TILT,ALL,384,9216,11990,312,35,-70,0.023,0.563,0.732,19.024,2.134,-4.268,37.533,15.013,34.756,34.644,12,19,DMP_WAIT
A,152917,TILT,ALL,370,9198,11916,298,35,-70,0.023,0.561,0.727,18.171,2.134,-4.268,37.651,15.013,35.093,34.999,12,18,DMP_WAIT
A,152936,TILT,ALL,334,9668,11912,289,33,-70,0.020,0.590,0.727,17.622,2.012,-4.268,39.052,15.688,35.456,35.383,12,19,OK
A,152960,TILT,ALL,422,10018,11818,250,32,-71,0.026,0.611,0.721,15.244,1.951,-4.329,40.270,15.688,35.855,35.809,12,24,DMP_WAIT
A,152979,TILT,ALL,438,9962,11836,192,32,-70,0.027,0.608,0.722,11.707,1.951,-4.268,40.067,15.688,36.113,36.090,12,19,DMP_WAIT
A,152997,TILT,ALL,426,9626,11816,139,33,-69,0.026,0.588,0.721,8.476,2.012,-4.207,39.150,15.688,36.282,36.279,12,18,DMP_WAIT
A,153016,TILT,ALL,362,9632,11792,109,34,-70,0.022,0.588,0.720,6.646,2.073,-4.268,39.230,16.224,36.421,36.438,12,19,OK
A,153040,TILT,ALL,384,9748,11804,88,33,-69,0.023,0.595,0.720,5.366,2.012,-4.207,39.536,16.224,36.554,36.597,12,24,DMP_WAIT
A,153058,TILT,ALL,368,9984,11800,54,32,-68,0.022,0.609,0.720,3.293,1.951,-4.146,40.221,16.224,36.644,36.708,12,18,DMP_WAIT
A,153077,TILT,ALL,378,9850,11690,4,32,-71,0.023,0.601,0.714,0.244,1.951,-4.329,40.103,16.224,36.673,36.760,12,19,DMP_WAIT
A,153095,TILT,ALL,408,9696,11944,-39,31,-72,0.025,0.592,0.729,-2.378,1.890,-4.390,39.053,16.577,36.637,36.744,12,18,OK
A,153119,TILT,ALL,382,9514,11828,-67,31,-71,0.023,0.581,0.722,-4.085,1.890,-4.329,38.797,16.577,36.529,36.662,12,24,DMP_WAIT
A,153138,TILT,ALL,434,9420,11880,-84,31,-70,0.026,0.575,0.725,-5.122,1.890,-4.268,38.393,16.577,36.427,36.580,12,19,DMP_WAIT
A,153157,TILT,ALL,392,9352,11900,-94,32,-70,0.024,0.571,0.726,-5.732,1.951,-4.268,38.148,16.577,36.311,36.483,12,19,DMP_WAIT
A,153175,TILT,ALL,356,9494,11854,-106,31,-69,0.022,0.579,0.724,-6.463,1.890,-4.207,38.679,16.769,36.202,36.395,12,18,OK
A,153199,TILT,ALL,398,9734,11954,-131,31,-69,0.024,0.594,0.730,-7.988,1.890,-4.207,39.140,16.769,36.018,36.238,12,24,DMP_WAIT
A,153218,TILT,ALL,382,9728,11964,-176,30,-69,0.023,0.594,0.730,-10.732,1.829,-4.207,39.100,16.769,35.835,36.078,12,19,DMP_WAIT
A,153237,TILT,ALL,342,9500,11964,-227,30,-68,0.021,0.580,0.730,-13.841,1.829,-4.146,38.440,16.769,35.586,35.850,12,19,DMP_WAIT
A,153256,TILT,ALL,400,9296,12044,-267,29,-68,0.024,0.567,0.735,-16.280,1.768,-4.146,37.647,16.827,35.280,35.564,12,19,OK
A,153280,TILT,ALL,382,9238,12152,-299,30,-69,0.023,0.564,0.742,-18.232,1.829,-4.207,37.229,16.827,34.835,35.146,12,24,DMP_WAIT
A,153299,TILT,ALL,392,9242,12192,-331,29,-67,0.024,0.564,0.744,-20.183,1.768,-4.085,37.149,16.827,34.461,34.794,12,19,DMP_WAIT
A,153318,TILT,ALL,424,9224,12336,-371,27,-67,0.026,0.563,0.753,-22.622,1.646,-4.085,36.770,16.827,34.042,34.396,12,19,DMP_WAIT
A,153337,TILT,ALL,376,9200,12408,-422,29,-68,0.023,0.562,0.757,-25.732,1.768,-4.146,36.543,16.673,33.569,33.945,12,19,OK
A,153361,TILT,ALL,414,8136,12564,-528,27,-67,0.025,0.497,0.767,-32.195,1.646,-4.085,32.911,16.673,32.743,33.143,12,24,DMP_WAIT
A,153379,TILT,ALL,414,8136,12564,-528,27,-67,0.025,0.497,0.767,-32.195,1.646,-4.085,32.911,16.673,32.137,32.553,12,18,DMP_WAIT
A,153398,TILT,ALL,434,7902,12660,-531,27,-67,0.026,0.482,0.773,-32.378,1.646,-4.085,31.956,16.286,31.487,31.919,12,19,OK
A,153422,TILT,ALL,400,7826,12854,-531,27,-67,0.024,0.478,0.785,-32.378,1.646,-4.085,31.322,16.286,30.666,31.123,12,24,DMP_WAIT
A,153441,TILT,ALL,368,7594,12970,-545,26,-67,0.022,0.464,0.792,-33.232,1.585,-4.085,30.339,16.286,29.997,30.469,12,19,DMP_WAIT
A,153460,TILT,ALL,420,7398,13044,-555,26,-68,0.026,0.452,0.796,-33.841,1.585,-4.146,29.547,16.286,29.314,29.801,12,19,DMP_WAIT
A,153479,TILT,ALL,420,7398,13044,-555,26,-68,0.026,0.452,0.796,-33.841,1.585,-4.146,29.547,15.816,28.644,29.148,12,19,OK
A,153503,TILT,ALL,394,7072,13244,-569,27,-69,0.024,0.432,0.808,-34.695,1.646,-4.207,28.091,15.816,27.762,28.287,12,24,DMP_WAIT
A,153522,TILT,ALL,422,7024,13288,-580,26,-70,0.026,0.429,0.811,-35.366,1.585,-4.268,27.849,15.816,27.061,27.601,12,19,DMP_WAIT
A,153541,TILT,ALL,418,6944,13444,-600,25,-69,0.026,0.424,0.821,-36.585,1.524,-4.207,27.306,15.816,26.341,26.896,12,19,DMP_WAIT
A,153560,TILT,ALL,434,6652,13422,-628,23,-67,0.026,0.406,0.819,-38.293,1.402,-4.085,26.351,15.259,25.584,26.153,12,19,OK
A,153584,TILT,ALL,450,6296,13616,-656,23,-66,0.027,0.384,0.831,-40.000,1.402,-4.024,24.804,15.259,24.572,25.161,12,24,DMP_WAIT
A,153603,TILT,ALL,434,6076,13716,-675,24,-66,0.026,0.371,0.837,-41.159,1.463,-4.024,23.882,15.259,23.748,24.350,12,19,DMP_WAIT
A,153622,TILT,ALL,394,5938,13708,-692,25,-66,0.024,0.362,0.837,-42.195,1.524,-4.024,23.413,15.259,22.912,23.527,12,19,DMP_WAIT
A,153641,TILT,ALL,476,5796,13954,-718,24,-67,0.029,0.354,0.852,-43.780,1.463,-4.085,22.544,14.552,22.045,22.673,12,19,OK
A,153665,TILT,ALL,416,5422,14020,-743,24,-66,0.025,0.331,0.856,-45.305,1.463,-4.024,21.135,14.552,20.906,21.552,12,24,DMP_WAIT
A,153684,TILT,ALL,542,5120,14092,-765,24,-67,0.033,0.313,0.860,-46.646,1.463,-4.085,19.954,14.552,19.974,20.631,12,19,DMP_WAIT
A,153703,TILT,ALL,386,4832,14128,-786,25,-67,0.024,0.295,0.862,-47.927,1.524,-4.085,18.875,14.552,19.016,19.683,12,19,DMP_WAIT
A,153721,TILT,ALL,514,4578,14194,-806,25,-67,0.031,0.279,0.866,-49.146,1.524,-4.085,17.865,13.693,18.084,18.760,12,18,OK
A,153745,TILT,ALL,392,4274,14292,-826,25,-69,0.024,0.261,0.872,-50.366,1.524,-4.207,16.643,13.693,16.815,17.507,12,24,DMP_WAIT
A,153764,TILT,ALL,542,3974,14316,-842,23,-66,0.033,0.243,0.874,-51.341,1.402,-4.024,15.504,13.693,15.789,16.489,12,19,DMP_WAIT
A,153783,TILT,ALL,378,3690,14404,-860,23,-67,0.023,0.225,0.879,-52.439,1.402,-4.085,14.364,13.693,14.740,15.449,12,19,DMP_WAIT
A,153802,TILT,ALL,392,3432,14574,-879,21,-70,0.024,0.209,0.890,-53.598,1.280,-4.268,13.246,12.689,13.668,14.385,12,19,OK
A,153826,TILT,ALL,568,2924,14554,-899,20,-70,0.035,0.178,0.888,-54.817,1.220,-4.268,11.351,12.689,12.277,13.006,12,24,DMP_WAIT
A,153845,TILT,ALL,540,2076,14524,-905,22,-68,0.033,0.127,0.886,-55.183,1.341,-4.146,8.129,12.689,11.123,11.854,12,19,DMP_WAIT
A,153864,TILT,ALL,544,1554,14638,-870,27,-66,0.033,0.095,0.893,-53.049,1.646,-4.024,6.056,12.689,9.990,10.720,12,19,DMP_WAIT
A,153883,TILT,ALL,410,1612,14730,-819,29,-69,0.025,0.098,0.899,-49.939,1.768,-4.207,6.243,11.585,8.941,9.673,12,19,OK
A,153906,TILT,ALL,424,1738,14818,-793,25,-68,0.026,0.106,0.904,-48.354,1.524,-4.146,6.687,11.585,7.753,8.492,12,23,DMP_WAIT
A,153925,TILT,ALL,484,1330,14838,-796,22,-66,0.030,0.081,0.906,-48.537,1.341,-4.024,5.119,11.585,6.752,7.493,12,19,DMP_WAIT
A,153944,TILT,ALL,488,926,14818,-800,22,-66,0.030,0.057,0.904,-48.780,1.341,-4.024,3.574,11.585,5.737,6.477,12,19,DMP_WAIT
A,153962,TILT,ALL,456,480,14842,-792,22,-65,0.028,0.029,0.906,-48.293,1.341,-3.963,1.851,10.532,4.765,5.503,12,18,OK
A,153986,TILT,ALL,530,462,14886,-770,23,-63,0.032,0.028,0.909,-46.951,1.402,-3.841,1.777,10.532,3.546,4.288,12,24,DMP_WAIT
A,154004,TILT,ALL,506,168,14896,-763,24,-61,0.031,0.010,0.909,-46.524,1.463,-3.720,0.646,10.532,2.625,3.365,12,18,DMP_WAIT
A,154023,TILT,ALL,560,-230,14858,-759,25,-64,0.034,-0.014,0.907,-46.280,1.524,-3.902,-0.886,10.532,1.649,2.387,12,19,DMP_WAIT
A,154042,TILT,ALL,510,-540,14832,-746,24,-66,0.031,-0.033,0.905,-45.488,1.463,-4.024,-2.084,9.476,0.684,1.417,12,19,OK
A,154065,TILT,ALL,550,-826,14894,-726,23,-67,0.034,-0.050,0.909,-44.268,1.402,-4.085,-3.172,9.476,-0.444,0.288,12,23,DMP_WAIT
A,154084,TILT,ALL,578,-1006,14856,-710,22,-67,0.035,-0.061,0.907,-43.293,1.341,-4.085,-3.871,9.476,-1.363,-0.635,12,19,DMP_WAIT
A,154103,TILT,ALL,596,-1132,14864,-698,23,-64,0.036,-0.069,0.907,-42.561,1.402,-3.902,-4.352,9.476,-2.259,-1.536,12,19,DMP_WAIT
A,154122,TILT,ALL,558,-894,14996,-702,26,-47,0.034,-0.055,0.915,-42.805,1.585,-2.866,-3.409,8.438,-3.123,-2.402,12,19,OK
A,154146,TILT,ALL,448,-1758,14860,-752,21,4,0.027,-0.107,0.907,-45.854,1.280,0.244,-6.744,8.438,-4.330,-3.611,12,24,DMP_WAIT
A,154165,TILT,ALL,896,-1272,15256,-718,19,-17,0.055,-0.078,0.931,-43.780,1.159,-1.037,-4.758,8.438,-5.197,-4.480,12,19,DMP_WAIT
A,154184,TILT,ALL,422,-1994,14804,-661,29,-64,0.026,-0.122,0.904,-40.305,1.768,-3.902,-7.668,8.438,-6.041,-5.329,12,19,DMP_WAIT
A,154203,TILT,ALL,662,-2218,14896,-655,26,-66,0.040,-0.135,0.909,-39.939,1.585,-4.024,-8.461,7.398,-6.877,-6.170,12,19,OK
A,154227,TILT,ALL,456,-2562,14768,-669,32,-66,0.028,-0.156,0.901,-40.793,1.951,-4.024,-9.837,7.398,-7.951,-7.248,12,24,DMP_WAIT
A,154246,TILT,ALL,516,-3282,14730,-677,32,-69,0.031,-0.200,0.899,-41.280,1.951,-4.207,-12.553,7.398,-8.856,-8.162,12,19,DMP_WAIT
A,154265,TILT,ALL,590,-3596,14548,-651,31,-68,0.036,-0.219,0.888,-39.695,1.890,-4.146,-13.873,7.398,-9.739,-9.057,12,19,DMP_WAIT
A,154284,TILT,ALL,514,-3624,14558,-613,30,-68,0.031,-0.221,0.889,-37.378,1.829,-4.146,-13.970,6.350,-10.564,-9.893,12,19,OK
A,154309,TILT,ALL,610,-3962,14524,-587,31,-69,0.037,-0.242,0.886,-35.793,1.890,-4.207,-15.246,6.350,-11.592,-10.930,12,25,DMP_WAIT
A,154328,TILT,ALL,526,-4208,14600,-557,32,-73,0.032,-0.257,0.891,-33.963,1.951,-4.451,-16.068,6.350,-12.358,-11.709,12,19,DMP_WAIT
A,154347,TILT,ALL,646,-4398,14334,-539,34,-95,0.039,-0.268,0.875,-32.866,2.073,-5.793,-17.041,6.350,-13.108,-12.473,12,19,DMP_WAIT
A,154367,TILT,ALL,582,-4450,14434,-531,40,-122,0.036,-0.272,0.881,-32.378,2.439,-7.439,-17.121,5.378,-13.869,-13.247,12,20,OK
A,154391,TILT,ALL,498,-4486,14488,-512,44,-129,0.030,-0.274,0.884,-31.220,2.683,-7.866,-17.195,5.378,-14.725,-14.114,12,24,DMP_WAIT
A,154410,TILT,ALL,502,-4196,14520,-461,31,-71,0.031,-0.256,0.886,-28.110,1.890,-4.329,-16.109,5.378,-15.320,-14.719,12,19,DMP_WAIT
A,154430,TILT,ALL,512,-4666,14432,-471,27,-66,0.031,-0.285,0.881,-28.720,1.646,-4.024,-17.906,5.378,-15.981,-15.392,12,20,DMP_WAIT
A,154449,TILT,ALL,572,-4718,14312,-469,25,-66,0.035,-0.288,0.874,-28.598,1.524,-4.024,-18.231,4.488,-16.603,-16.025,12,19,OK
A,154473,TILT,ALL,544,-4908,14330,-477,25,-67,0.033,-0.300,0.875,-29.085,1.524,-4.085,-18.894,4.488,-17.388,-16.822,12,24,DMP_WAIT
A,154493,TILT,ALL,682,-5132,14220,-486,25,-71,0.042,-0.313,0.868,-29.634,1.524,-4.329,-19.824,4.488,-18.064,-17.510,12,20,DMP_WAIT
A,154512,TILT,ALL,606,-5622,14074,-486,28,-71,0.037,-0.343,0.859,-29.634,1.707,-4.329,-21.756,4.488,-18.734,-18.194,12,19,DMP_WAIT
A,154531,TILT,ALL,524,-5718,14106,-468,32,-71,0.032,-0.349,0.861,-28.537,1.951,-4.329,-22.052,3.577,-19.375,-18.851,12,19,OK
A,154556,TILT,ALL,686,-5926,14028,-450,30,-70,0.042,-0.362,0.856,-27.439,1.829,-4.268,-22.877,3.577,-20.175,-19.666,12,25,DMP_WAIT
A,154576,TILT,ALL,534,-6410,13890,-430,32,-72,0.033,-0.391,0.848,-26.220,1.951,-4.390,-24.756,3.577,-20.827,-20.336,12,20,DMP_WAIT
A,154596,TILT,ALL,512,-6692,13796,-387,32,-73,0.031,-0.408,0.842,-23.598,1.951,-4.451,-25.861,3.577,-21.437,-20.965,12,20,DMP_WAIT
A,154616,TILT,ALL,564,-6482,13852,-332,31,-73,0.034,-0.396,0.845,-20.244,1.890,-4.451,-25.059,2.717,-21.952,-21.498,12,20,OK
A,154640,TILT,ALL,594,-6526,13874,-280,28,-70,0.036,-0.398,0.847,-17.073,1.707,-4.268,-25.171,2.717,-22.474,-22.038,12,24,DMP_WAIT
A,154659,TILT,ALL,494,-6522,13764,-263,28,-70,0.030,-0.398,0.840,-16.037,1.707,-4.268,-25.339,2.717,-22.873,-22.455,12,19,DMP_WAIT
A,154678,TILT,ALL,640,-6624,13748,-250,27,-69,0.039,-0.404,0.839,-15.244,1.646,-4.207,-25.701,2.008,-23.258,-22.856,12,19,OK
A,154703,TILT,ALL,610,-6702,13742,-235,28,-67,0.037,-0.409,0.839,-14.329,1.707,-4.085,-25.976,2.008,-23.721,-23.338,12,25,DMP_WAIT
A,154722,TILT,ALL,526,-6884,13702,-214,30,-68,0.032,-0.420,0.836,-13.049,1.829,-4.146,-26.658,2.008,-24.067,-23.702,12,19,DMP_WAIT
A,154741,TILT,ALL,480,-7058,13624,-192,30,-71,0.029,-0.431,0.832,-11.707,1.829,-4.329,-27.372,2.008,-24.395,-24.049,12,19,DMP_WAIT
A,154761,TILT,ALL,622,-6974,13640,-163,29,-70,0.038,-0.426,0.833,-9.939,1.768,-4.268,-27.056,1.377,-24.689,-24.362,12,20,OK
A,154785,TILT,ALL,582,-6944,13670,-144,31,-70,0.036,-0.424,0.834,-8.780,1.890,-4.268,-26.908,1.377,-24.996,-24.687,12,24,DMP_WAIT
A,154804,TILT,ALL,544,-6918,13524,-139,31,-69,0.033,-0.422,0.825,-8.476,1.890,-4.207,-27.073,1.377,-25.239,-24.948,12,19,DMP_WAIT
A,154823,TILT,ALL,540,-6796,13606,-140,29,-67,0.033,-0.415,0.830,-8.537,1.768,-4.085,-26.523,1.377,-25.467,-25.192,12,19,DMP_WAIT
A,154843,TILT,ALL,644,-6772,13568,-150,28,-66,0.039,-0.413,0.828,-9.146,1.707,-4.024,-26.499,0.819,-25.714,-25.454,12,20,OK
A,154867,TILT,ALL,530,-6956,13666,-168,27,-67,0.032,-0.425,0.834,-10.244,1.646,-4.085,-26.959,0.819,-26.035,-25.793,12,24,DMP_WAIT
A,154886,TILT,ALL,632,-7504,13388,-176,28,-69,0.039,-0.458,0.817,-10.732,1.707,-4.207,-29.244,0.819,-26.343,-26.120,12,19,DMP_WAIT
A,154906,TILT,ALL,616,-7786,13316,-149,31,-68,0.038,-0.475,0.813,-9.085,1.890,-4.146,-30.289,0.819,-26.646,-26.445,12,20,DMP_WAIT
A,154925,TILT,ALL,574,-7488,13424,-104,32,-70,0.035,-0.457,0.819,-6.341,1.951,-4.268,-29.131,0.243,-26.858,-26.675,12,19,OK
A,154949,TILT,ALL,586,-7268,13430,-82,32,-72,0.036,-0.444,0.820,-5.000,1.951,-4.390,-28.398,0.243,-27.062,-26.898,12,24,DMP_WAIT
A,154968,TILT,ALL,578,-7294,13374,-79,33,-70,0.035,-0.445,0.816,-4.817,2.012,-4.268,-28.585,0.243,-27.226,-27.079,12,19,DMP_WAIT
A,154987,TILT,ALL,584,-7308,13440,-78,33,-68,0.036,-0.446,0.820,-4.756,2.012,-4.146,-28.512,0.243,-27.384,-27.253,12,19,DMP_WAIT
A,155006,TILT,ALL,504,-7420,13402,-80,32,-69,0.031,-0.453,0.818,-4.878,1.951,-4.207,-28.954,-0.247,-27.550,-27.436,12,19,OK
A,155031,TILT,ALL,588,-7704,13380,-75,31,-71,0.036,-0.470,0.817,-4.573,1.890,-4.329,-29.909,-0.247,-27.768,-27.675,12,25,DMP_WAIT
A,155050,TILT,ALL,616,-7526,13316,-58,31,-71,0.038,-0.459,0.813,-3.537,1.890,-4.329,-29.448,-0.247,-27.911,-27.835,12,19,DMP_WAIT
A,155069,TILT,ALL,578,-7418,13370,-48,31,-70,0.035,-0.453,0.816,-2.927,1.890,-4.268,-29.000,-0.247,-28.031,-27.971,12,19,DMP_WAIT
A,155088,TILT,ALL,534,-7532,13360,-50,32,-68,0.033,-0.460,0.815,-3.049,1.951,-4.146,-29.394,-0.713,-28.159,-28.115,12,19,OK
A,155112,TILT,ALL,546,-7608,13372,-49,31,-70,0.033,-0.464,0.816,-2.988,1.890,-4.268,-29.617,-0.713,-28.314,-28.289,12,24,DMP_WAIT
A,155132,TILT,ALL,538,-7754,13298,-40,31,-70,0.033,-0.473,0.812,-2.439,1.890,-4.268,-30.226,-0.713,-28.446,-28.439,12,20,DMP_WAIT
A,155151,TILT,ALL,592,-7640,13288,-24,28,-70,0.036,-0.466,0.811,-1.463,1.707,-4.268,-29.872,-0.713,-28.546,-28.555,12,19,DMP_WAIT
A,155170,TILT,ALL,568,-7636,13274,-16,31,-69,0.035,-0.466,0.810,-0.976,1.890,-4.207,-29.887,-1.148,-28.635,-28.659,12,19,OK
A,155194,TILT,ALL,594,-7520,13308,-10,30,-69,0.036,-0.459,0.812,-0.610,1.829,-4.207,-29.445,-1.148,-28.721,-28.764,12,24,DMP_WAIT
A,155214,TILT,ALL,630,-7458,13304,-12,32,-70,0.038,-0.455,0.812,-0.732,1.951,-4.268,-29.247,-1.148,-28.792,-28.849,12,20,DMP_WAIT
A,155233,TILT,ALL,530,-7686,13262,-20,34,-69,0.032,-0.469,0.809,-1.220,2.073,-4.207,-30.075,-1.148,-28.885,-28.957,12,19,DMP_WAIT
A,155252,TILT,ALL,558,-7668,13318,-18,33,-69,0.034,-0.468,0.813,-1.098,2.012,-4.207,-29.910,-1.554,-28.970,-29.056,12,19,OK
A,155276,TILT,ALL,606,-7726,13234,-16,31,-67,0.037,-0.472,0.808,-0.976,1.890,-4.085,-30.250,-1.554,-29.074,-29.179,12,24,DMP_WAIT
A,155296,TILT,ALL,634,-7722,13246,-11,31,-69,0.039,-0.471,0.808,-0.671,1.890,-4.207,-30.212,-1.554,-29.156,-29.276,12,20,DMP_WAIT
A,155315,TILT,ALL,582,-7736,13268,-6,33,-69,0.036,-0.472,0.810,-0.366,2.012,-4.207,-30.221,-1.554,-29.228,-29.362,12,19,DMP_WAIT
A,155334,TILT,ALL,578,-7816,13244,1,33,-71,0.035,-0.477,0.808,0.061,2.012,-4.329,-30.523,-1.954,-29.297,-29.445,12,19,OK
A,155358,TILT,ALL,594,-7672,13162,17,33,-70,0.036,-0.468,0.803,1.037,2.012,-4.268,-30.212,-1.954,-29.346,-29.512,12,24,DMP_WAIT
A,155377,TILT,ALL,594,-7672,13162,17,33,-70,0.036,-0.468,0.803,1.037,2.012,-4.268,-30.212,-1.954,-29.388,-29.567,12,19,DMP_WAIT
A,155396,TILT,ALL,554,-7708,13198,15,33,-70,0.034,-0.470,0.806,0.915,2.012,-4.268,-30.264,-2.321,-29.433,-29.625,12,19,OK
A,155420,TILT,ALL,600,-7938,13168,33,30,-70,0.037,-0.484,0.804,2.012,1.829,-4.268,-31.056,-2.321,-29.473,-29.684,12,24,DMP_WAIT
A,155439,TILT,ALL,610,-7958,13260,54,30,-70,0.037,-0.486,0.809,3.293,1.829,-4.268,-30.943,-2.321,-29.485,-29.710,12,19,DMP_WAIT
A,155458,TILT,ALL,562,-7836,13182,73,31,-70,0.034,-0.478,0.805,4.451,1.890,-4.268,-30.706,-2.321,-29.471,-29.710,12,19,DMP_WAIT
A,155477,TILT,ALL,608,-7818,13194,85,32,-69,0.037,-0.477,0.805,5.183,1.951,-4.207,-30.622,-2.638,-29.441,-29.693,12,19,OK
A,155501,TILT,ALL,564,-7938,13080,98,31,-70,0.034,-0.484,0.798,5.976,1.890,-4.268,-31.229,-2.638,-29.392,-29.663,12,24,DMP_WAIT
A,155520,TILT,ALL,622,-7876,13256,119,31,-70,0.038,-0.481,0.809,7.256,1.890,-4.268,-30.689,-2.638,-29.327,-29.612,12,19,DMP_WAIT
A,155539,TILT,ALL,584,-7756,13222,138,33,-69,0.036,-0.473,0.807,8.415,2.012,-4.207,-30.371,-2.638,-29.235,-29.533,12,19,DMP_WAIT
A,155558,TILT,ALL,568,-7734,13318,155,33,-69,0.035,-0.472,0.813,9.451,2.012,-4.207,-30.122,-2.867,-29.121,-29.431,12,19,OK
A,155583,TILT,ALL,574,-7650,13284,169,31,-70,0.035,-0.467,0.811,10.305,1.890,-4.268,-29.914,-2.867,-28.942,-29.270,12,25,DMP_WAIT
A,155602,TILT,ALL,594,-7716,13270,182,31,-70,0.036,-0.471,0.810,11.098,1.890,-4.268,-30.151,-2.867,-28.803,-29.145,12,19,DMP_WAIT
A,155621,TILT,ALL,628,-7900,13336,205,32,-70,0.038,-0.482,0.814,12.500,1.951,-4.268,-30.614,-2.867,-28.651,-29.006,12,19,DMP_WAIT
A,155640,TILT,ALL,598,-7874,13278,243,31,-71,0.036,-0.481,0.810,14.817,1.890,-4.329,-30.643,-3.000,-28.459,-28.829,12,19,OK
A,155664,TILT,ALL,616,-7584,13390,286,32,-71,0.038,-0.463,0.817,17.439,1.951,-4.329,-29.501,-3.000,-28.125,-28.513,12,24,DMP_WAIT
A,155684,TILT,ALL,632,-7128,13426,312,32,-72,0.039,-0.435,0.819,19.024,1.951,-4.390,-27.938,-3.000,-27.795,-28.194,12,20,DMP_WAIT
A,155703,TILT,ALL,616,-7184,13452,315,34,-72,0.038,-0.438,0.821,19.207,2.073,-4.390,-28.079,-3.000,-27.487,-27.897,12,19,DMP_WAIT
A,155722,TILT,ALL,598,-7324,13512,323,36,-71,0.036,-0.447,0.825,19.695,2.195,-4.329,-28.436,-2.981,-27.183,-27.605,12,19,OK
A,155746,TILT,ALL,526,-7388,13434,349,38,-71,0.032,-0.451,0.820,21.280,2.317,-4.329,-28.790,-2.981,-26.770,-27.211,12,24,DMP_WAIT
A,155766,TILT,ALL,582,-7208,13520,391,36,-73,0.036,-0.440,0.825,23.841,2.195,-4.451,-28.042,-2.981,-26.374,-26.829,11,20,DMP_WAIT
A,155785,TILT,ALL,578,-6908,13600,425,34,-72,0.035,-0.422,0.830,25.915,2.073,-4.390,-26.907,-2.981,-25.946,-26.412,11,19,DMP_WAIT
A,155804,TILT,ALL,546,-6820,13716,449,34,-70,0.033,-0.416,0.837,27.378,2.073,-4.268,-26.420,-2.836,-25.490,-25.967,11,19,OK
A,155828,TILT,ALL,548,-6662,13672,476,34,-69,0.033,-0.407,0.834,29.024,2.073,-4.207,-25.961,-2.836,-24.872,-25.366,11,24,DMP_WAIT
A,155847,TILT,ALL,568,-6232,13856,501,33,-69,0.035,-0.380,0.846,30.549,2.012,-4.207,-24.199,-2.836,-24.334,-24.836,11,19,DMP_WAIT
A,155867,TILT,ALL,586,-6120,13940,507,32,-69,0.036,-0.374,0.851,30.915,1.951,-4.207,-23.684,-2.836,-23.761,-24.273,11,20,DMP_WAIT
A,155886,TILT,ALL,558,-6074,14006,510,32,-68,0.034,-0.371,0.855,31.098,1.951,-4.146,-23.428,-2.536,-23.220,-23.739,11,19,OK
A,155910,TILT,ALL,610,-5980,13966,526,31,-69,0.037,-0.365,0.852,32.073,1.890,-4.207,-23.160,-2.536,-22.520,-23.054,11,24,DMP_WAIT
A,155929,TILT,ALL,516,-5724,14104,545,33,-71,0.031,-0.349,0.861,33.232,2.012,-4.329,-22.076,-2.536,-21.936,-22.478,11,19,DMP_WAIT
A,155949,TILT,ALL,642,-5726,14014,562,33,-72,0.039,-0.349,0.855,34.268,2.012,-4.390,-22.203,-2.536,-21.316,-21.868,11,20,DMP_WAIT
A,155968,TILT,ALL,612,-5490,14094,585,37,-73,0.037,-0.335,0.860,35.671,2.256,-4.451,-21.264,-2.142,-20.695,-21.255,11,19,OK
A,155992,TILT,ALL,576,-5324,14202,608,39,-72,0.035,-0.325,0.867,37.073,2.378,-4.390,-20.534,-2.142,-19.875,-20.449,11,24,DMP_WAIT
A,156011,TILT,ALL,560,-5152,14190,629,40,-71,0.034,-0.314,0.866,38.354,2.439,-4.329,-19.940,-2.142,-19.206,-19.788,11,19,DMP_WAIT
A,156031,TILT,ALL,558,-4882,14352,654,41,-72,0.034,-0.298,0.876,39.878,2.500,-4.390,-18.773,-2.142,-18.462,-19.052,11,20,DMP_WAIT
A,156050,TILT,ALL,578,-4598,14448,677,40,-73,0.035,-0.281,0.882,41.280,2.439,-4.451,-17.640,-1.611,-17.721,-18.318,11,19,OK
A,156074,TILT,ALL,574,-4204,14512,693,40,-73,0.035,-0.257,0.886,42.256,2.439,-4.451,-16.144,-1.611,-16.751,-17.357,11,24,DMP_WAIT
A,156093,TILT,ALL,490,-3746,14602,697,39,-73,0.030,-0.229,0.891,42.500,2.378,-4.451,-14.381,-1.611,-15.956,-16.565,11,19,DMP_WAIT
A,156112,TILT,ALL,520,-3146,14776,677,37,-72,0.032,-0.192,0.902,41.280,2.256,-4.390,-12.012,-1.611,-15.153,-15.760,11,19,DMP_WAIT
A,156132,TILT,ALL,494,-3460,14634,636,35,-74,0.030,-0.211,0.893,38.780,2.134,-4.512,-13.295,-0.978,-14.402,-15.012,11,20,OK
A,156156,TILT,ALL,492,-3186,14718,661,36,-70,0.030,-0.194,0.898,40.305,2.195,-4.268,-12.208,-0.978,-13.466,-14.082,11,24,DMP_WAIT
A,156176,TILT,ALL,492,-3186,14718,661,36,-70,0.030,-0.194,0.898,40.305,2.195,-4.268,-12.208,-0.978,-12.697,-13.316,11,20,DMP_WAIT
A,156196,TILT,ALL,558,-2688,14722,672,35,-71,0.034,-0.164,0.899,40.976,2.134,-4.329,-10.340,-0.343,-11.893,-12.513,11,20,OK
A,156220,TILT,ALL,606,-2622,14810,655,37,-73,0.037,-0.160,0.904,39.939,2.256,-4.451,-10.032,-0.343,-10.972,-11.597,11,24,DMP_WAIT
A,156239,TILT,ALL,376,-2492,14932,668,37,-72,0.023,-0.152,0.911,40.732,2.256,-4.390,-9.472,-0.343,-10.227,-10.853,11,19,DMP_WAIT
A,156258,TILT,ALL,524,-2240,14772,688,34,-70,0.032,-0.137,0.902,41.951,2.073,-4.268,-8.617,-0.343,-9.458,-10.084,11,19,DMP_WAIT
A,156277,TILT,ALL,488,-1726,14876,703,33,-72,0.030,-0.105,0.908,42.866,2.012,-4.390,-6.615,0.352,-8.647,-9.270,11,19,OK
A,156301,TILT,ALL,562,-1490,14882,705,35,-71,0.034,-0.091,0.908,42.988,2.134,-4.329,-5.713,0.352,-7.633,-8.257,11,24,DMP_WAIT
A,156320,TILT,ALL,612,-1344,14914,702,37,-71,0.037,-0.082,0.910,42.805,2.256,-4.329,-5.145,0.352,-6.830,-7.451,11,19,DMP_WAIT
A,156339,TILT,ALL,434,-1376,14926,709,39,-73,0.026,-0.084,0.911,43.232,2.378,-4.451,-5.265,0.352,-6.037,-6.657,11,19,DMP_WAIT
A,156358,TILT,ALL,478,-1162,14862,733,38,-72,0.029,-0.071,0.907,44.695,2.317,-4.390,-4.468,1.132,-5.218,-5.836,11,19,OK
A,156381,TILT,ALL,596,-538,14930,758,37,-73,0.036,-0.033,0.911,46.220,2.256,-4.451,-2.062,1.132,-4.166,-4.782,11,23,DMP_WAIT
A,156400,TILT,ALL,510,-168,14942,757,38,-74,0.031,-0.010,0.912,46.159,2.317,-4.512,-0.644,1.132,-3.280,-3.890,11,19,DMP_WAIT
A,156419,TILT,ALL,474,-280,14912,749,39,-74,0.029,-0.017,0.910,45.671,2.378,-4.512,-1.075,1.132,-2.430,-3.035,11,19,DMP_WAIT
A,156438,TILT,ALL,458,170,14884,757,39,-73,0.028,0.010,0.908,46.159,2.378,-4.451,0.654,2.003,-1.552,-2.152,11,19,OK
A,156461,TILT,ALL,514,550,14882,760,40,-77,0.031,0.034,0.908,46.341,2.439,-4.695,2.115,2.003,-0.488,-1.082,11,23,DMP_WAIT
A,156480,TILT,ALL,460,698,14928,752,39,-76,0.028,0.043,0.911,45.854,2.378,-4.634,2.676,2.003,0.385,-0.202,11,19,DMP_WAIT
A,156498,TILT,ALL,458,1024,14832,750,37,-71,0.028,0.063,0.905,45.732,2.256,-4.329,3.948,2.003,1.222,0.643,11,18,DMP_WAIT
A,156516,TILT,ALL,440,1184,14870,746,35,-71,0.027,0.072,0.908,45.488,2.134,-4.329,4.550,2.919,2.049,1.480,11,18,OK
A,156540,TILT,ALL,450,1388,14818,746,35,-73,0.027,0.085,0.904,45.488,2.134,-4.451,5.349,2.919,3.129,2.566,11,24,DMP_WAIT
A,156558,TILT,ALL,524,1588,14758,747,34,-73,0.032,0.097,0.901,45.549,2.073,-4.451,6.138,2.919,3.951,3.397,11,18,DMP_WAIT
A,156576,TILT,ALL,502,1888,14664,750,35,-73,0.031,0.115,0.895,45.732,2.134,-4.451,7.332,2.919,4.784,4.240,11,18,DMP_WAIT
A,156596,TILT,ALL,496,2364,14782,751,36,-71,0.030,0.144,0.902,45.793,2.195,-4.329,9.081,3.866,5.721,5.188,11,20,OK
A,156619,TILT,ALL,416,2684,14680,740,38,-71,0.025,0.164,0.896,45.122,2.317,-4.329,10.357,3.866,6.778,6.256,11,23,DMP_WAIT
A,156637,TILT,ALL,508,2916,14730,717,35,-71,0.031,0.178,0.899,43.720,2.134,-4.329,11.191,3.866,7.596,7.087,11,18,DMP_WAIT
A,156656,TILT,ALL,452,3056,14622,696,36,-71,0.028,0.187,0.892,42.439,2.195,-4.329,11.799,3.866,8.426,7.931,11,19,DMP_WAIT
A,156676,TILT,ALL,476,3280,14640,679,38,-72,0.029,0.200,0.894,41.402,2.317,-4.390,12.622,4.816,9.275,8.793,11,20,OK
A,156699,TILT,ALL,508,3398,14538,663,38,-73,0.031,0.207,0.887,40.427,2.317,-4.451,13.148,4.816,10.211,9.742,11,23,DMP_WAIT
A,156718,TILT,ALL,504,3652,14534,651,38,-73,0.031,0.223,0.887,39.695,2.317,-4.451,14.097,4.816,10.983,10.529,11,19,DMP_WAIT
A,156736,TILT,ALL,502,3742,14472,637,38,-72,0.031,0.228,0.883,38.841,2.317,-4.390,14.489,4.816,11.697,11.256,11,18,DMP_WAIT
A,156756,TILT,ALL,414,3892,14488,629,38,-71,0.025,0.238,0.884,38.354,2.317,-4.329,15.031,5.717,12.469,12.042,11,20,OK
A,156779,TILT,ALL,466,4148,14344,631,36,-71,0.028,0.253,0.875,38.476,2.195,-4.329,16.121,5.717,13.356,12.944,12,23,DMP_WAIT
A,156798,TILT,ALL,430,4542,14296,630,36,-72,0.026,0.277,0.873,38.415,2.195,-4.390,17.618,5.717,14.113,13.717,12,19,DMP_WAIT
A,156816,TILT,ALL,420,4838,14204,615,36,-73,0.026,0.295,0.867,37.500,2.195,-4.451,18.802,5.717,14.826,14.448,12,18,DMP_WAIT
A,156836,TILT,ALL,456,4926,14234,590,36,-71,0.028,0.301,0.869,35.976,2.195,-4.329,19.080,6.617,15.570,15.209,12,20,OK
A,156859,TILT,ALL,462,4928,14132,571,36,-71,0.028,0.301,0.863,34.817,2.195,-4.329,19.215,6.617,16.375,16.030,12,23,DMP_WAIT
A,156878,TILT,ALL,484,5220,13996,563,37,-72,0.030,0.319,0.854,34.329,2.256,-4.390,20.442,6.617,17.051,16.725,12,19,DMP_WAIT
A,156896,TILT,ALL,476,5618,14000,550,36,-73,0.029,0.343,0.854,33.537,2.195,-4.451,21.853,6.617,17.697,17.390,12,18,DMP_WAIT
A,156916,TILT,ALL,408,5690,13916,522,38,-71,0.025,0.347,0.849,31.829,2.317,-4.329,22.230,7.470,18.366,18.077,12,20,OK
A,156939,TILT,ALL,474,5670,13932,496,36,-70,0.029,0.346,0.850,30.244,2.195,-4.268,22.134,7.470,19.069,18.801,12,23,DMP_WAIT
A,156958,TILT,ALL,462,5688,13766,482,37,-70,0.028,0.347,0.840,29.390,2.256,-4.268,22.439,7.470,19.640,19.390,12,19,DMP_WAIT
A,156976,TILT,ALL,402,5762,13860,479,38,-72,0.025,0.352,0.846,29.207,2.317,-4.390,22.566,7.470,20.172,19.939,12,18,DMP_WAIT
A,156996,TILT,ALL,452,6036,13606,483,36,-71,0.028,0.368,0.830,29.451,2.195,-4.329,23.912,8.260,20.778,20.564,12,20,OK
A,157019,TILT,ALL,480,6358,13634,479,35,-70,0.029,0.388,0.832,29.207,2.134,-4.268,24.988,8.260,21.467,21.275,12,23,DMP_WAIT
A,157038,TILT,ALL,428,6574,13658,458,36,-68,0.026,0.401,0.834,27.927,2.195,-4.146,25.692,8.260,22.028,21.856,12,19,DMP_WAIT
A,157056,TILT,ALL,424,6654,13704,432,34,-69,0.026,0.406,0.836,26.341,2.073,-4.207,25.888,8.260,22.528,22.376,12,18,DMP_WAIT
A,157076,TILT,ALL,448,6596,13470,406,34,-71,0.027,0.403,0.822,24.756,2.073,-4.329,26.078,9.027,23.038,22.907,12,20,OK
A,157099,TILT,ALL,494,6376,13478,396,35,-69,0.030,0.389,0.823,24.146,2.134,-4.207,25.302,9.027,23.574,23.463,12,23,DMP_WAIT
A,157118,TILT,ALL,460,6674,13408,406,36,-68,0.028,0.407,0.818,24.756,2.195,-4.146,26.449,9.027,24.049,23.957,12,19,DMP_WAIT
A,157136,TILT,ALL,450,6804,13352,412,35,-67,0.027,0.415,0.815,25.122,2.134,-4.085,26.990,9.027,24.509,24.436,12,18,DMP_WAIT
A,157156,TILT,ALL,504,7060,13226,414,36,-66,0.031,0.431,0.807,25.244,2.195,-4.024,28.076,9.753,25.029,24.977,12,20,OK
A,157179,TILT,ALL,458,7444,13142,411,40,-60,0.028,0.454,0.802,25.061,2.439,-3.659,29.514,9.753,25.630,25.603,12,23,DMP_WAIT
A,157198,TILT,ALL,418,7556,13126,389,44,-53,0.026,0.461,0.801,23.720,2.683,-3.232,29.914,9.753,26.114,26.109,12,19,DMP_WAIT
A,157216,TILT,ALL,434,7486,13162,359,45,-49,0.026,0.457,0.803,21.890,2.744,-2.988,29.616,9.753,26.528,26.543,12,18,DMP_WAIT
A,157236,TILT,ALL,384,7584,13152,333,43,-55,0.023,0.463,0.803,20.305,2.622,-3.354,29.959,10.471,26.949,26.986,12,20,OK
A,157259,TILT,ALL,416,7606,13084,309,38,-62,0.025,0.464,0.799,18.841,2.317,-3.780,30.158,10.471,27.384,27.446,12,23,DMP_WAIT
A,157278,TILT,ALL,460,7618,12930,291,36,-70,0.028,0.465,0.789,17.744,2.195,-4.268,30.490,10.471,27.733,27.815,12,19,DMP_WAIT
A,157297,TILT,ALL,362,7760,12950,279,37,-73,0.022,0.474,0.790,17.012,2.256,-4.451,30.921,10.471,28.069,28.173,12,19,DMP_WAIT
A,157316,TILT,ALL,412,7952,12948,263,34,-75,0.025,0.485,0.790,16.037,2.073,-4.573,31.543,11.087,28.393,28.519,12,19,OK
A,157339,TILT,ALL,418,8102,12788,239,33,-75,0.026,0.495,0.781,14.573,2.012,-4.573,32.343,11.087,28.748,28.900,12,23,DMP_WAIT
A,157358,TILT,ALL,438,8054,12870,207,32,-73,0.027,0.492,0.786,12.622,1.951,-4.451,32.023,11.087,29.004,29.178,12,19,DMP_WAIT
A,157377,TILT,ALL,360,7890,12794,185,34,-73,0.022,0.482,0.781,11.280,2.073,-4.451,31.652,11.087,29.223,29.418,12,19,DMP_WAIT
A,157396,TILT,ALL,326,7678,12840,180,33,-74,0.020,0.469,0.784,10.976,2.012,-4.512,30.870,11.614,29.417,29.631,12,19,OK
A,157419,TILT,ALL,318,7986,12640,197,28,-85,0.019,0.487,0.771,12.012,1.707,-5.183,32.277,11.614,29.691,29.931,12,23,DMP_WAIT
A,157438,TILT,ALL,404,8508,12790,196,20,-93,0.025,0.519,0.781,11.951,1.220,-5.671,33.619,11.614,29.948,30.211,12,19,DMP_WAIT
A,157457,TILT,ALL,466,8376,12720,159,19,-91,0.028,0.511,0.776,9.695,1.159,-5.549,33.347,11.614,30.153,30.438,12,19,DMP_WAIT
A,157476,TILT,ALL,462,8134,12656,124,23,-84,0.028,0.496,0.772,7.561,1.402,-5.122,32.711,12.101,30.301,30.607,12,19,OK
A,157499,TILT,ALL,400,8136,12652,111,27,-81,0.024,0.497,0.772,6.768,1.646,-4.939,32.730,12.101,30.449,30.780,12,23,DMP_WAIT
A,157518,TILT,ALL,418,8292,12624,101,28,-79,0.026,0.506,0.771,6.159,1.707,-4.817,33.284,12.101,30.576,30.929,12,19,DMP_WAIT
A,157536,TILT,ALL,410,8252,12702,84,29,-75,0.025,0.504,0.775,5.122,1.768,-4.573,32.997,12.101,30.673,31.045,12,18,DMP_WAIT
A,157556,TILT,ALL,402,8248,12644,68,30,-71,0.025,0.503,0.772,4.146,1.829,-4.329,33.104,12.492,30.757,31.151,12,20,OK
A,157579,TILT,ALL,414,8370,12638,57,33,-69,0.025,0.511,0.771,3.476,2.012,-4.207,33.502,12.492,30.837,31.257,12,23,DMP_WAIT
A,157598,TILT,ALL,410,8282,12648,38,32,-70,0.025,0.505,0.772,2.317,1.951,-4.268,33.203,12.492,30.884,31.324,12,19,DMP_WAIT
A,157616,TILT,ALL,362,8448,12588,21,32,-71,0.022,0.516,0.768,1.280,1.951,-4.329,33.855,12.492,30.924,31.385,12,18,DMP_WAIT
A,157636,TILT,ALL,498,8544,12610,-3,31,-69,0.030,0.521,0.770,-0.183,1.890,-4.207,34.099,12.809,30.938,31.421,12,20,OK
A,157659,TILT,ALL,294,8372,12616,-32,33,-66,0.018,0.511,0.770,-1.951,2.012,-4.024,33.561,12.809,30.893,31.404,12,23,DMP_WAIT
A,157678,TILT,ALL,366,8324,12784,-76,33,-65,0.022,0.508,0.780,-4.634,2.012,-3.963,33.058,12.809,30.806,31.337,12,19,DMP_WAIT
A,157697,TILT,ALL,348,8396,12704,-122,32,-71,0.021,0.512,0.775,-7.439,1.951,-4.329,33.451,12.809,30.676,31.228,12,19,DMP_WAIT
A,157716,TILT,ALL,460,8196,12734,-157,31,-68,0.028,0.500,0.777,-9.573,1.890,-4.146,32.750,12.974,30.496,31.068,12,19,OK
A,157739,TILT,ALL,460,7970,12674,-174,33,-67,0.028,0.486,0.774,-10.610,2.012,-4.085,32.147,12.974,30.236,30.834,12,23,DMP_WAIT
A,157758,TILT,ALL,390,7992,12780,-176,34,-63,0.024,0.488,0.780,-10.732,2.073,-3.841,32.008,12.974,30.028,30.645,12,19,DMP_WAIT
A,157777,TILT,ALL,390,8002,12848,-192,32,-65,0.024,0.488,0.784,-11.707,1.951,-3.963,31.904,12.974,29.803,30.440,12,19,DMP_WAIT
A,157796,TILT,ALL,442,7760,12842,-217,31,-66,0.027,0.474,0.784,-13.232,1.890,-4.024,31.128,13.003,29.540,30.194,12,19,OK
A,157820,TILT,ALL,394,7794,13024,-223,32,-62,0.024,0.476,0.795,-13.598,1.951,-3.780,30.886,13.003,29.191,29.872,12,24,DMP_WAIT
A,157839,TILT,ALL,410,7620,12990,-236,30,-64,0.025,0.465,0.793,-14.390,1.829,-3.902,30.384,13.003,28.903,29.602,12,19,DMP_WAIT
A,157858,TILT,ALL,390,7494,13010,-250,29,-67,0.024,0.457,0.794,-15.244,1.768,-4.085,29.932,13.003,28.596,29.312,12,19,DMP_WAIT
A,157877,TILT,ALL,420,7558,13104,-263,29,-69,0.026,0.461,0.800,-16.037,1.768,-4.207,29.962,12.946,28.281,29.014,12,19,OK
A,157901,TILT,ALL,420,7368,13102,-279,28,-70,0.026,0.450,0.800,-17.012,1.707,-4.268,29.339,12.946,27.846,28.605,12,24,DMP_WAIT
A,157920,TILT,ALL,392,7128,13204,-289,29,-69,0.024,0.435,0.806,-17.622,1.768,-4.207,28.351,12.946,27.484,28.258,12,19,DMP_WAIT
A,157939,TILT,ALL,416,7206,13266,-291,30,-67,0.025,0.440,0.810,-17.744,1.829,-4.085,28.499,12.946,27.130,27.920,12,19,DMP_WAIT
A,157958,TILT,ALL,394,7364,13304,-309,30,-66,0.024,0.449,0.812,-18.841,1.829,-4.024,28.955,12.809,26.772,27.579,12,19,OK
A,157982,TILT,ALL,402,7314,13382,-346,27,-67,0.025,0.446,0.817,-21.098,1.646,-4.085,28.648,12.809,26.258,27.091,12,24,DMP_WAIT
A,158001,TILT,ALL,430,7076,13324,-390,25,-68,0.026,0.432,0.813,-23.780,1.524,-4.146,27.959,12.809,25.805,26.655,12,19,DMP_WAIT
A,158020,TILT,ALL,452,6500,13482,-422,25,-69,0.028,0.397,0.823,-25.732,1.524,-4.207,25.727,12.809,25.280,26.144,12,19,DMP_WAIT
A,158038,TILT,ALL,458,6176,13464,-424,27,-69,0.028,0.377,0.822,-25.854,1.646,-4.207,24.629,12.533,24.770,25.645,12,18,OK
A,158062,TILT,ALL,434,6122,13556,-406,29,-69,0.026,0.374,0.827,-24.756,1.768,-4.207,24.293,12.533,24.122,25.018,12,24,DMP_WAIT
A,158081,TILT,ALL,352,6442,13680,-399,29,-68,0.021,0.393,0.835,-24.329,1.768,-4.146,25.209,12.533,23.647,24.557,12,19,DMP_WAIT
A,158100,TILT,ALL,390,6276,13730,-423,29,-67,0.024,0.383,0.838,-25.793,1.768,-4.085,24.556,12.533,23.141,24.065,12,19,DMP_WAIT
A,158119,TILT,ALL,468,6010,13674,-449,28,-69,0.029,0.367,0.835,-27.378,1.707,-4.207,23.714,12.188,22.599,23.536,12,19,OK
A,158143,TILT,ALL,444,5844,13836,-465,28,-68,0.027,0.357,0.844,-28.354,1.707,-4.146,22.887,12.188,21.882,22.840,12,24,DMP_WAIT
A,158162,TILT,ALL,346,5552,13914,-479,28,-69,0.021,0.339,0.849,-29.207,1.707,-4.207,21.747,12.188,21.292,22.261,12,19,DMP_WAIT
A,158181,TILT,ALL,434,5428,13986,-487,26,-67,0.026,0.331,0.854,-29.695,1.585,-4.085,21.202,12.188,20.693,21.674,12,19,DMP_WAIT
A,158200,TILT,ALL,528,5322,13974,-497,25,-68,0.032,0.325,0.853,-30.305,1.524,-4.146,20.836,11.740,20.087,21.080,12,19,OK
A,158224,TILT,ALL,548,5246,14090,-512,27,-69,0.033,0.320,0.860,-31.220,1.646,-4.207,20.407,11.740,19.304,20.316,12,24,DMP_WAIT
A,158243,TILT,ALL,468,5214,14128,-535,30,-70,0.029,0.318,0.862,-32.622,1.829,-4.268,20.247,11.740,18.672,19.695,12,19,DMP_WAIT
A,158262,TILT,ALL,272,4866,14266,-570,32,-72,0.017,0.297,0.871,-34.756,1.951,-4.390,18.831,11.740,17.984,19.018,12,19,DMP_WAIT
A,158281,TILT,ALL,366,4190,14218,-595,27,-73,0.022,0.256,0.868,-36.280,1.646,-4.451,16.415,11.181,17.233,18.274,12,19,OK
A,158305,TILT,ALL,400,3666,14360,-584,25,-73,0.024,0.224,0.876,-35.610,1.524,-4.451,14.316,11.181,16.281,17.336,12,24,DMP_WAIT
A,158324,TILT,ALL,512,3366,14446,-543,21,-73,0.031,0.205,0.882,-33.110,1.280,-4.451,13.108,11.181,15.557,16.615,12,19,DMP_WAIT
A,158343,TILT,ALL,514,3896,14394,-501,23,-71,0.031,0.238,0.879,-30.549,1.402,-4.329,15.136,11.181,14.936,16.000,12,19,DMP_WAIT
A,158362,TILT,ALL,420,4352,14572,-506,25,-68,0.026,0.266,0.889,-30.854,1.524,-4.146,16.622,10.579,14.351,15.426,12,19,OK
A,158385,TILT,ALL,480,4000,14626,-557,24,-66,0.029,0.244,0.893,-33.963,1.463,-4.024,15.288,10.579,13.551,14.641,12,23,DMP_WAIT
A,158404,TILT,ALL,412,3490,14618,-606,25,-66,0.025,0.213,0.892,-36.951,1.524,-4.024,13.423,10.579,12.817,13.914,12,19,DMP_WAIT
A,158423,TILT,ALL,476,3200,14658,-638,25,-67,0.029,0.195,0.895,-38.902,1.524,-4.085,12.309,10.579,12.038,13.142,12,19,DMP_WAIT
A,158442,TILT,ALL,468,2788,14726,-659,25,-69,0.029,0.170,0.899,-40.183,1.524,-4.207,10.715,9.883,11.220,12.328,12,19,OK
A,158466,TILT,ALL,488,2474,14632,-668,23,-68,0.030,0.151,0.893,-40.732,1.402,-4.146,9.592,9.883,10.174,11.293,12,24,DMP_WAIT
A,158485,TILT,ALL,466,2286,14732,-672,24,-68,0.028,0.140,0.899,-40.976,1.463,-4.146,8.816,9.883,9.340,10.462,12,19,DMP_WAIT
A,158504,TILT,ALL,554,2278,14826,-680,24,-69,0.034,0.139,0.905,-41.463,1.463,-4.207,8.729,9.883,8.511,9.639,12,19,DMP_WAIT
A,158522,TILT,ALL,528,2010,14778,-702,26,-70,0.032,0.123,0.902,-42.805,1.585,-4.268,7.741,9.048,7.699,8.829,12,18,OK
A,158546,TILT,ALL,460,1740,14812,-726,28,-69,0.028,0.106,0.904,-44.268,1.707,-4.207,6.697,9.048,6.582,7.723,12,24,DMP_WAIT
A,158564,TILT,ALL,436,1316,14850,-747,27,-66,0.027,0.080,0.906,-45.549,1.646,-4.024,5.062,9.048,5.707,6.848,12,18,DMP_WAIT
A,158583,TILT,ALL,446,942,14938,-757,24,-66,0.027,0.057,0.912,-46.159,1.463,-4.024,3.607,9.048,4.761,5.903,12,19,DMP_WAIT
A,158601,TILT,ALL,540,618,14900,-758,22,-68,0.033,0.038,0.909,-46.220,1.341,-4.146,2.374,8.094,3.857,4.997,12,18,OK
A,158625,TILT,ALL,570,398,14966,-758,24,-69,0.035,0.024,0.913,-46.220,1.463,-4.207,1.522,8.094,2.667,3.814,12,24,DMP_WAIT
