record,ms,state,mode,ax_raw,ay_raw,az_raw,gx_raw,gy_raw,gz_raw,ax_g,ay_g,az_g,gx_dps,gy_dps,gz_dps,pitch_acc,pitch_dmp,pitch_comp,pitch_kalman,dmp_hz,dt_ms,status
A,264786,SHAKE,ALL,-3068,-24928,18582,-396,156,99,-0.187,-1.521,1.134,-24.146,9.512,6.037,5.635,-0.713,-0.789,-0.745,13,20,OK
A,264810,SHAKE,ALL,1360,-3392,14570,1014,-222,-447,0.083,-0.207,0.889,61.829,-13.537,-27.256,-5.195,-0.713,-1.241,-1.205,13,24,DMP_WAIT
A,264830,SHAKE,ALL,1618,9134,14240,1127,-135,-383,0.099,0.557,0.869,68.720,-8.232,-23.354,-5.463,-0.713,-1.525,-1.498,13,20,DMP_WAIT
A,264849,SHAKE,ALL,480,14756,13778,814,-16,-189,0.029,0.901,0.841,49.634,-0.976,-11.524,-1.362,-0.440,-1.575,-1.551,13,19,OK
A,264874,SHAKE,ALL,324,15602,12662,458,9,-28,0.020,0.952,0.773,27.927,0.549,-1.707,-0.924,-0.440,-1.596,-1.574,13,25,DMP_WAIT
A,264892,SHAKE,ALL,1406,16090,11332,263,0,61,0.086,0.982,0.692,16.037,0.000,3.720,-4.086,-0.440,-1.680,-1.664,13,18,DMP_WAIT
A,264919,SHAKE,ALL,846,15368,11000,78,46,203,0.052,0.938,0.671,4.756,2.805,12.378,-2.563,-0.440,-1.675,-1.664,13,27,DMP_WAIT
A,264938,SHAKE,ALL,-710,11748,12220,-285,39,217,-0.043,0.717,0.746,-17.378,2.378,13.232,2.398,-0.508,-1.585,-1.570,13,19,OK
A,264962,SHAKE,ALL,772,4454,12990,-823,-67,0,0.047,0.272,0.793,-50.183,-4.085,0.000,-3.218,-0.508,-1.759,-1.749,13,24,DMP_WAIT
A,264981,SHAKE,ALL,2106,-8868,14262,-1234,-14,-135,0.129,-0.541,0.870,-75.244,-0.854,-8.232,-7.148,-0.508,-1.919,-1.922,13,19,DMP_WAIT
A,265001,SHAKE,ALL,322,-18818,17284,-1102,152,-168,0.020,-1.149,1.055,-67.195,9.268,-10.244,-0.722,-0.508,-1.751,-1.755,13,20,DMP_WAIT
A,265020,SHAKE,ALL,-1016,-21840,19636,-593,166,-240,-0.062,-1.333,1.198,-36.159,10.122,-14.634,1.981,-0.479,-1.524,-1.524,13,19,OK
A,265045,SHAKE,ALL,322,-19298,17642,52,26,-303,0.020,-1.178,1.077,3.171,1.585,-18.476,-0.706,-0.479,-1.516,-1.517,13,25,DMP_WAIT
A,265064,SHAKE,ALL,1430,-7320,15820,779,18,-335,0.087,-0.447,0.966,47.500,1.098,-20.427,-4.690,-0.479,-1.595,-1.605,13,19,DMP_WAIT
A,265084,SHAKE,ALL,762,5954,15974,1100,131,-256,0.047,0.363,0.975,67.073,7.988,-15.610,-2.559,-0.479,-1.495,-1.510,13,20,DMP_WAIT
A,265103,SHAKE,ALL,-846,12436,15852,869,154,-111,-0.052,0.759,0.968,52.988,9.390,-6.768,2.404,-0.421,-1.278,-1.288,13,19,OK
A,265127,SHAKE,ALL,-324,12482,13828,518,30,0,-0.020,0.762,0.844,31.585,1.829,0.000,0.996,-0.421,-1.235,-1.243,13,24,DMP_WAIT
A,265146,SHAKE,ALL,366,13580,12648,412,-40,12,0.022,0.829,0.772,25.122,-2.439,0.732,-1.130,-0.421,-1.315,-1.323,13,19,DMP_WAIT
A,265165,SHAKE,ALL,1008,13966,11584,336,-14,-25,0.062,0.852,0.707,20.488,-0.854,-1.524,-3.180,-0.421,-1.404,-1.417,13,19,DMP_WAIT
A,265184,SHAKE,ALL,728,14638,12386,160,76,4,0.044,0.893,0.756,9.756,4.634,0.244,-2.174,-0.452,-1.369,-1.386,13,19,OK
A,265208,SHAKE,ALL,-24,8352,13386,-338,73,65,-0.001,0.510,0.817,-20.610,4.451,3.963,0.087,-0.452,-1.280,-1.297,13,24,DMP_WAIT
A,265226,SHAKE,ALL,670,-3204,14252,-863,-6,26,0.041,-0.196,0.870,-52.622,-0.366,1.585,-2.626,-0.452,-1.348,-1.368,13,18,DMP_WAIT
A,265246,SHAKE,ALL,1088,-15108,15728,-1014,17,-35,0.066,-0.922,0.960,-61.829,1.037,-2.134,-2.856,-0.452,-1.395,-1.421,13,20,DMP_WAIT
A,265265,SHAKE,ALL,510,-20126,17298,-640,56,-27,0.031,-1.228,1.056,-39.024,3.415,-1.646,-1.101,-0.479,-1.362,-1.389,13,19,OK
A,265289,SHAKE,ALL,520,-9478,15832,461,0,-227,0.032,-0.578,0.966,28.110,0.000,-13.841,-1.614,-0.479,-1.412,-1.442,13,24,DMP_WAIT
A,265309,SHAKE,ALL,774,944,15204,732,43,-266,0.047,0.058,0.928,44.634,2.622,-16.220,-2.909,-0.479,-1.429,-1.463,13,20,DMP_WAIT
A,265328,SHAKE,ALL,774,944,15204,732,43,-266,0.047,0.058,0.928,44.634,2.622,-16.220,-2.909,-0.421,-1.446,-1.485,13,19,OK
A,265351,SHAKE,ALL,336,12616,14080,596,54,-22,0.021,0.770,0.859,36.341,3.293,-1.341,-1.018,-0.421,-1.406,-1.447,13,23,DMP_WAIT
A,265370,SHAKE,ALL,882,15266,13682,496,44,6,0.054,0.932,0.835,30.244,2.683,0.366,-2.464,-0.421,-1.413,-1.459,13,19,DMP_WAIT
A,265389,SHAKE,ALL,410,14738,12922,359,112,-4,0.025,0.900,0.789,21.890,6.829,-0.244,-1.198,-0.421,-1.318,-1.365,13,19,DMP_WAIT
A,265408,SHAKE,ALL,-1036,13876,13188,207,165,-10,-0.063,0.847,0.805,12.622,10.061,-0.610,3.098,-0.517,-1.078,-1.119,13,19,OK
A,265432,SHAKE,ALL,-756,10040,13280,-109,52,8,-0.046,0.613,0.811,-6.646,3.171,0.488,2.600,-0.517,-0.975,-1.011,13,24,DMP_WAIT
A,265451,SHAKE,ALL,654,2546,13656,-519,-99,50,0.040,0.155,0.833,-31.646,-6.037,3.049,-2.695,-0.517,-1.158,-1.198,13,19,DMP_WAIT
A,265470,SHAKE,ALL,1958,-8348,14156,-835,-93,60,0.120,-0.510,0.864,-50.915,-5.671,3.659,-6.794,-0.517,-1.412,-1.463,13,19,DMP_WAIT
A,265490,SHAKE,ALL,1212,-17680,15768,-813,79,-22,0.074,-1.079,0.962,-49.573,4.817,-1.341,-2.929,-0.519,-1.386,-1.442,13,20,OK
A,265514,SHAKE,ALL,-164,-20758,17448,-405,210,-171,-0.010,-1.267,1.065,-24.695,12.805,-10.427,0.347,-0.519,-1.096,-1.151,13,24,DMP_WAIT
A,265534,SHAKE,ALL,342,-15460,16726,228,136,-275,0.021,-0.944,1.021,13.902,8.293,-16.768,-0.860,-0.519,-0.966,-1.024,13,20,DMP_WAIT
A,265553,SHAKE,ALL,1120,-3428,15786,770,43,-243,0.068,-0.209,0.964,46.951,2.622,-14.817,-3.966,-0.519,-1.013,-1.078,13,19,DMP_WAIT
A,265573,SHAKE,ALL,1474,6610,14968,860,73,-119,0.090,0.403,0.914,52.439,4.451,-7.256,-5.148,-0.509,-1.047,-1.122,13,20,OK
A,265597,SHAKE,ALL,164,10994,13796,665,179,44,0.010,0.671,0.842,40.549,10.915,2.683,-0.533,-0.509,-0.825,-0.903,13,24,DMP_WAIT
A,265616,SHAKE,ALL,-1698,14874,13758,560,198,118,-0.104,0.908,0.840,34.146,12.073,7.195,4.790,-0.509,-0.524,-0.594,13,19,DMP_WAIT
A,265635,SHAKE,ALL,-1714,16186,12950,436,68,-24,-0.105,0.988,0.790,26.585,4.146,-1.463,4.727,-0.509,-0.378,-0.439,13,19,DMP_WAIT
A,265654,SHAKE,ALL,-140,16572,11576,246,-67,-186,-0.009,1.011,0.707,15.000,-4.085,-11.341,0.397,-0.646,-0.474,-0.534,13,19,OK
A,265678,SHAKE,ALL,752,13400,11866,-72,-90,-169,0.046,0.818,0.724,-4.390,-5.488,-10.305,-2.406,-0.646,-0.687,-0.752,13,24,DMP_WAIT
A,265698,SHAKE,ALL,1024,7612,12974,-494,-50,-83,0.063,0.465,0.792,-30.122,-3.049,-5.061,-3.894,-0.646,-0.849,-0.921,13,20,DMP_WAIT
A,265717,SHAKE,ALL,-482,-3392,14946,-936,1,-30,-0.029,-0.207,0.912,-57.073,0.061,-1.829,1.801,-0.646,-0.831,-0.898,11,19,DMP_WAIT
A,265736,SHAKE,ALL,-136,-13352,16892,-1089,-54,-77,-0.008,-0.815,1.031,-66.402,-3.293,-4.695,0.362,-0.545,-0.904,-0.970,11,19,OK
A,265761,SHAKE,ALL,1146,-21342,18058,-838,-73,-83,0.070,-1.303,1.102,-51.098,-4.451,-5.061,-2.347,-0.545,-1.090,-1.159,11,25,DMP_WAIT
A,265780,SHAKE,ALL,1176,-21792,17164,-205,47,-144,0.072,-1.330,1.048,-12.500,2.866,-8.780,-2.428,-0.545,-1.099,-1.172,11,19,DMP_WAIT
A,265800,SHAKE,ALL,516,-10356,16524,553,186,-272,0.031,-0.632,1.009,33.720,11.341,-16.585,-1.516,-0.545,-0.923,-0.998,11,20,DMP_WAIT
A,265820,SHAKE,ALL,-214,1414,15862,888,217,-233,-0.013,0.086,0.968,54.146,13.232,-14.207,0.770,-0.519,-0.667,-0.741,11,20,OK
A,265844,SHAKE,ALL,-84,9286,14806,804,123,-50,-0.005,0.567,0.904,49.024,7.500,-3.049,0.275,-0.519,-0.518,-0.590,11,24,DMP_WAIT
A,265863,SHAKE,ALL,162,12326,12934,572,27,142,0.010,0.752,0.789,34.878,1.646,8.659,-0.519,-0.519,-0.523,-0.596,11,19,DMP_WAIT
A,265882,SHAKE,ALL,950,14928,11858,442,24,149,0.058,0.911,0.724,26.951,1.463,9.085,-2.853,-0.519,-0.578,-0.656,11,19,DMP_WAIT
A,265900,SHAKE,ALL,984,16036,11286,303,130,21,0.060,0.979,0.689,18.476,7.927,1.280,-2.873,-0.645,-0.518,-0.602,11,18,OK
A,265924,SHAKE,ALL,-774,16774,12466,88,195,-15,-0.047,1.024,0.761,5.366,11.890,-0.915,2.121,-0.645,-0.231,-0.312,11,24,DMP_WAIT
A,265943,SHAKE,ALL,-1556,11906,13194,-373,72,-17,-0.095,0.727,0.805,-22.744,4.390,-1.037,5.004,-0.645,-0.081,-0.152,11,19,DMP_WAIT
A,265963,SHAKE,ALL,-76,898,13860,-927,-61,-131,-0.005,0.055,0.846,-56.524,-3.720,-7.988,0.314,-0.645,-0.184,-0.253,11,20,DMP_WAIT
A,265982,SHAKE,ALL,1532,-11106,15660,-1160,-40,-202,0.094,-0.678,0.956,-70.732,-2.439,-12.317,-4.562,-0.673,-0.353,-0.431,11,19,OK
A,266007,SHAKE,ALL,-1602,-21974,18674,-377,173,5,-0.098,-1.341,1.140,-22.988,10.549,0.305,3.180,-0.673,-0.071,-0.143,11,25,DMP_WAIT
A,266027,SHAKE,ALL,-1602,-21974,18674,-377,173,5,-0.098,-1.341,1.140,-22.988,10.549,0.305,3.180,-0.673,0.163,0.097,11,20,DMP_WAIT
A,266047,SHAKE,ALL,-1992,-14206,17802,366,14,-99,-0.122,-0.867,1.087,22.317,0.854,-6.037,4.999,-0.673,0.239,0.183,11,20,OK
A,266071,SHAKE,ALL,2468,7660,14148,941,-330,-127,0.151,0.468,0.864,57.378,-20.122,-7.744,-8.721,-0.673,-0.459,-0.531,11,24,DMP_WAIT
A,266090,SHAKE,ALL,3268,12686,12372,694,-188,37,0.199,0.774,0.755,42.317,-11.463,2.256,-10.449,-0.673,-0.908,-1.000,11,19,DMP_WAIT
A,266109,SHAKE,ALL,708,14314,12418,421,93,159,0.043,0.874,0.758,25.671,5.671,9.695,-2.140,-0.673,-0.863,-0.959,11,19,DMP_WAIT
A,266128,SHAKE,ALL,-1992,13806,12688,211,193,99,-0.122,0.843,0.774,12.866,11.768,6.037,6.064,-0.565,-0.542,-0.626,11,19,OK
A,266152,SHAKE,ALL,-1832,13690,12312,86,39,-72,-0.112,0.836,0.751,5.244,2.378,-4.390,5.682,-0.565,-0.407,-0.479,11,24,DMP_WAIT
A,266171,SHAKE,ALL,-250,12284,12586,-155,-117,-187,-0.015,0.750,0.768,-9.451,-7.134,-11.402,0.814,-0.565,-0.551,-0.620,11,19,DMP_WAIT
A,266191,SHAKE,ALL,290,6458,13766,-610,-158,-166,0.018,0.394,0.840,-37.195,-9.634,-10.122,-1.093,-0.565,-0.788,-0.857,11,20,DMP_WAIT
A,266210,SHAKE,ALL,1148,-6446,14870,-1074,-142,-88,0.070,-0.393,0.908,-65.488,-8.659,-5.366,-4.052,-0.459,-1.051,-1.125,11,19,OK
A,266235,SHAKE,ALL,1434,-19748,16596,-1126,-82,-45,0.088,-1.205,1.013,-68.659,-5.000,-2.744,-3.182,-0.459,-1.263,-1.342,11,25,DMP_WAIT
A,266255,SHAKE,ALL,456,-25296,17772,-590,16,-143,0.028,-1.544,1.085,-35.976,0.976,-8.720,-0.845,-0.459,-1.274,-1.351,11,20,DMP_WAIT
A,266274,SHAKE,ALL,826,-17408,17294,313,-5,-284,0.050,-1.063,1.056,19.085,-0.305,-17.317,-1.928,-0.459,-1.328,-1.407,11,19,DMP_WAIT
A,266294,SHAKE,ALL,1972,-4254,15540,979,-65,-320,0.120,-0.260,0.948,59.695,-3.963,-19.512,-6.978,-0.275,-1.557,-1.647,11,20,OK
A,266318,SHAKE,ALL,2194,8170,14500,1123,8,-231,0.134,0.499,0.885,68.476,0.488,-14.085,-7.510,-0.275,-1.710,-1.814,11,24,DMP_WAIT
A,266337,SHAKE,ALL,1484,15002,13356,842,119,-24,0.091,0.916,0.815,51.341,7.256,-1.463,-4.225,-0.275,-1.661,-1.773,11,19,DMP_WAIT
A,266356,SHAKE,ALL,470,16730,12574,458,181,209,0.029,1.021,0.767,27.927,11.037,12.744,-1.287,-0.275,-1.484,-1.598,11,19,DMP_WAIT
A,266376,SHAKE,ALL,-6,15674,11650,142,184,259,0.000,0.957,0.711,8.659,11.220,15.793,0.018,-0.381,-1.272,-1.385,11,20,OK
A,266399,SHAKE,ALL,-1192,13682,11762,-114,188,113,-0.073,0.835,0.718,-6.951,11.463,6.890,3.780,-0.381,-0.956,-1.062,11,23,DMP_WAIT
A,266419,SHAKE,ALL,-1756,10510,12834,-413,84,-68,-0.107,0.641,0.783,-25.183,5.122,-4.146,6.043,-0.381,-0.753,-0.846,11,20,DMP_WAIT
A,266438,SHAKE,ALL,714,3866,13760,-829,-93,-103,0.044,0.236,0.840,-50.549,-5.671,-6.280,-2.860,-0.381,-0.937,-1.033,11,19,DMP_WAIT
A,266457,SHAKE,ALL,3140,-9692,14860,-1228,-21,55,0.192,-0.592,0.907,-74.878,-1.280,3.354,-10.037,-0.474,-1.179,-1.293,11,19,OK
A,266482,SHAKE,ALL,-1164,-23340,17866,-1108,300,259,-0.071,-1.425,1.090,-67.561,18.293,15.793,2.268,-0.474,-0.709,-0.820,11,25,DMP_WAIT
A,266502,SHAKE,ALL,-5406,-23756,19406,-313,238,145,-0.330,-1.450,1.184,-19.085,14.512,8.841,9.995,-0.474,-0.248,-0.338,11,20,DMP_WAIT
A,266521,SHAKE,ALL,-2468,-14544,17666,538,-225,-263,-0.151,-0.888,1.078,32.805,-13.720,-16.037,6.156,-0.474,-0.412,-0.487,11,19,DMP_WAIT
A,266541,SHAKE,ALL,3032,-1664,15276,1010,-519,-549,0.185,-0.102,0.932,61.585,-31.646,-33.476,-11.162,-0.447,-1.285,-1.379,11,20,OK
A,266566,SHAKE,ALL,4336,13142,13020,756,-3,-267,0.265,0.802,0.795,46.098,-0.183,-16.280,-13.191,-0.447,-1.575,-1.695,11,25,DMP_WAIT
A,266586,SHAKE,ALL,4336,13142,13020,756,-3,-267,0.265,0.802,0.795,46.098,-0.183,-16.280,-13.191,-0.447,-1.848,-1.995,11,20,DMP_WAIT
A,266605,SHAKE,ALL,1398,14874,13026,480,322,9,0.085,0.908,0.795,29.268,19.634,0.549,-4.045,-0.287,-1.563,-1.718,11,19,OK
A,266629,SHAKE,ALL,-1368,14312,12146,41,248,200,-0.083,0.874,0.741,2.500,15.122,12.195,4.168,-0.287,-1.138,-1.287,11,24,DMP_WAIT
A,266648,SHAKE,ALL,-1390,11402,12330,-277,76,75,-0.085,0.696,0.753,-16.890,4.634,4.573,4.731,-0.287,-0.970,-1.109,11,19,DMP_WAIT
A,266667,SHAKE,ALL,362,4974,13566,-734,-29,-56,0.022,0.304,0.828,-44.756,-1.768,-3.415,-1.435,-0.287,-1.048,-1.190,11,19,DMP_WAIT
A,266686,SHAKE,ALL,794,-8874,15210,-1128,2,18,0.048,-0.542,0.928,-68.780,0.122,1.098,-2.582,-0.464,-1.113,-1.259,11,19,OK
A,266710,SHAKE,ALL,-814,-20432,17646,-998,55,77,-0.050,-1.247,1.077,-60.854,3.354,4.695,1.727,-0.464,-1.022,-1.166,11,24,DMP_WAIT
A,266730,SHAKE,ALL,-1712,-23756,18674,-384,-43,-33,-0.104,-1.450,1.140,-23.415,-2.622,-2.012,3.243,-0.464,-1.026,-1.162,12,20,DMP_WAIT
A,266749,SHAKE,ALL,1450,-15676,16950,417,-259,-234,0.089,-0.957,1.035,25.427,-15.793,-14.268,-3.594,-0.464,-1.408,-1.548,12,19,DMP_WAIT
A,266769,SHAKE,ALL,3542,-3424,15146,973,-262,-341,0.216,-0.209,0.924,59.329,-15.976,-20.793,-12.849,-0.269,-1.987,-2.152,12,20,OK
A,266794,SHAKE,ALL,3292,8080,14518,1053,-77,-331,0.201,0.493,0.886,64.207,-4.695,-20.183,-11.207,-0.269,-2.334,-2.523,12,25,DMP_WAIT
A,266814,SHAKE,ALL,2074,12786,13650,723,103,-249,0.127,0.780,0.833,44.085,6.280,-15.183,-6.328,-0.269,-2.329,-2.531,12,20,DMP_WAIT
A,266833,SHAKE,ALL,234,14484,13084,391,214,-134,0.014,0.884,0.799,23.841,13.049,-8.171,-0.687,-0.269,-2.089,-2.292,12,19,DMP_WAIT
A,266852,SHAKE,ALL,-690,14714,12734,176,223,-16,-0.042,0.898,0.777,10.732,13.598,-0.976,2.031,-0.197,-1.789,-1.989,12,19,OK
A,266876,SHAKE,ALL,-620,13238,12000,5,155,37,-0.038,0.808,0.732,0.305,9.451,2.256,1.987,-0.197,-1.537,-1.734,12,24,DMP_WAIT
A,266895,SHAKE,ALL,-472,11460,12366,-211,123,-22,-0.029,0.699,0.755,-12.866,7.500,-1.341,1.604,-0.197,-1.370,-1.563,12,19,DMP_WAIT
A,266914,SHAKE,ALL,-882,6562,13936,-592,93,-57,-0.054,0.401,0.851,-36.098,5.671,-3.476,3.277,-0.197,-1.208,-1.393,12,19,DMP_WAIT
A,266933,SHAKE,ALL,234,-4912,15098,-1012,-23,-14,0.014,-0.300,0.922,-61.707,-1.402,-0.854,-0.844,-0.344,-1.263,-1.448,12,19,OK
A,266958,SHAKE,ALL,1548,-16958,16672,-1049,-70,19,0.094,-1.035,1.018,-63.963,-4.268,1.159,-3.724,-0.344,-1.464,-1.657,12,25,DMP_WAIT
A,266977,SHAKE,ALL,-300,-23746,18504,-601,39,-28,-0.018,-1.449,1.129,-36.646,2.378,-1.707,0.571,-0.344,-1.415,-1.604,12,19,DMP_WAIT
A,266997,SHAKE,ALL,-464,-19284,18430,173,3,-195,-0.028,-1.177,1.125,10.549,0.183,-11.890,0.997,-0.344,-1.401,-1.586,12,20,DMP_WAIT
A,267016,SHAKE,ALL,2004,-8808,16466,831,-120,-402,0.122,-0.538,1.005,50.671,-7.317,-24.512,-6.125,-0.223,-1.667,-1.863,12,19,OK
A,267041,SHAKE,ALL,2192,2934,15478,1114,-53,-470,0.134,0.179,0.945,67.927,-3.232,-28.659,-7.921,-0.223,-1.919,-2.131,12,25,DMP_WAIT
A,267060,SHAKE,ALL,904,10010,14734,972,67,-436,0.055,0.611,0.899,59.268,4.085,-26.585,-2.905,-0.223,-1.898,-2.114,12,19,DMP_WAIT
A,267079,SHAKE,ALL,-42,13922,13628,727,85,-291,-0.003,0.850,0.832,44.329,5.183,-17.744,0.124,-0.223,-1.797,-2.011,12,19,DMP_WAIT
A,267098,SHAKE,ALL,466,16590,12136,527,35,-125,0.028,1.013,0.741,32.134,2.134,-7.622,-1.299,-0.034,-1.784,-1.998,12,19,OK
A,267123,SHAKE,ALL,1162,16794,10356,278,79,-64,0.071,1.025,0.632,16.951,4.817,-3.902,-3.370,-0.034,-1.745,-1.966,12,25,DMP_WAIT
A,267142,SHAKE,ALL,-240,14566,10274,-60,215,0,-0.015,0.889,0.627,-3.659,13.110,0.000,0.771,-0.034,-1.486,-1.704,12,19,DMP_WAIT
A,267161,SHAKE,ALL,-1014,9632,11644,-506,227,117,-0.062,0.588,0.711,-30.854,13.841,7.134,3.839,-0.034,-1.158,-1.367,12,19,DMP_WAIT
A,267180,SHAKE,ALL,-792,-650,13518,-1028,141,187,-0.048,-0.040,0.825,-62.683,8.598,11.402,3.349,-0.271,-0.944,-1.144,12,19,OK
A,267204,SHAKE,ALL,-982,-14092,15964,-1316,92,140,-0.060,-0.860,0.974,-80.244,5.610,8.537,2.640,-0.271,-0.785,-0.979,12,24,DMP_WAIT
A,267224,SHAKE,ALL,-1156,-24692,17440,-1067,32,18,-0.071,-1.507,1.064,-65.061,1.951,1.098,2.190,-0.271,-0.726,-0.911,12,20,DMP_WAIT
A,267243,SHAKE,ALL,162,-23236,17232,-226,-81,-19,0.010,-1.418,1.052,-13.780,-4.939,-1.159,-0.321,-0.315,-0.845,-1.029,12,19,OK
A,267268,SHAKE,ALL,1408,2380,16512,1095,-25,-231,0.086,0.145,1.008,66.768,-1.524,-14.085,-4.824,-0.315,-1.010,-1.200,12,25,DMP_WAIT
A,267288,SHAKE,ALL,820,10434,15554,959,22,-231,0.050,0.637,0.949,58.476,1.341,-14.085,-2.507,-0.315,-1.051,-1.244,12,20,DMP_WAIT
A,267308,SHAKE,ALL,906,13534,13654,657,23,-116,0.055,0.826,0.833,40.061,1.402,-7.073,-2.698,-0.315,-1.094,-1.290,12,20,DMP_WAIT
A,267328,SHAKE,ALL,958,16080,12402,504,42,95,0.058,0.981,0.757,30.732,2.561,5.793,-2.701,-0.225,-1.114,-1.313,12,20,OK
A,267351,SHAKE,ALL,778,16908,11478,331,69,207,0.047,1.032,0.701,20.183,4.207,12.622,-2.180,-0.225,-1.084,-1.286,12,23,DMP_WAIT
A,267370,SHAKE,ALL,-424,14912,11724,-51,88,121,-0.026,0.910,0.716,-3.110,5.366,7.378,1.280,-0.225,-0.973,-1.169,12,19,DMP_WAIT
A,267389,SHAKE,ALL,-636,7984,12536,-624,43,-48,-0.039,0.487,0.765,-38.049,2.622,-2.927,2.450,-0.225,-0.892,-1.080,12,19,DMP_WAIT
A,267408,SHAKE,ALL,740,-1900,13782,-1053,-33,-100,0.045,-0.116,0.841,-64.207,-2.012,-6.098,-3.045,-0.312,-1.008,-1.200,12,19,OK
A,267433,SHAKE,ALL,1978,-12228,15368,-1135,-19,19,0.121,-0.746,0.938,-69.207,-1.159,1.159,-5.751,-0.312,-1.179,-1.381,12,25,DMP_WAIT
A,267452,SHAKE,ALL,-12,-20236,17790,-910,118,107,-0.001,-1.235,1.086,-55.488,7.195,6.524,0.026,-0.312,-1.056,-1.256,12,19,DMP_WAIT
A,267472,SHAKE,ALL,-872,-22980,17868,-391,101,-46,-0.053,-1.403,1.091,-23.841,6.159,-2.805,1.716,-0.312,-0.918,-1.112,12,20,DMP_WAIT
A,267491,SHAKE,ALL,716,-14320,16636,402,-8,-296,0.044,-0.874,1.015,24.512,-0.488,-18.049,-1.868,-0.328,-0.982,-1.177,12,19,OK
A,267516,SHAKE,ALL,1738,-882,15978,971,-50,-397,0.106,-0.054,0.975,59.207,-3.049,-24.207,-6.199,-0.328,-1.209,-1.415,12,25,DMP_WAIT
A,267535,SHAKE,ALL,1412,9200,15384,975,8,-441,0.086,0.562,0.939,59.451,0.488,-26.890,-4.504,-0.328,-1.301,-1.514,12,19,DMP_WAIT
A,267554,SHAKE,ALL,376,13628,14388,681,73,-396,0.023,0.832,0.878,41.524,4.451,-24.146,-1.087,-0.328,-1.250,-1.463,12,19,DMP_WAIT
A,267573,SHAKE,ALL,224,15214,13666,478,48,-135,0.014,0.929,0.834,29.146,2.927,-8.232,-0.628,-0.122,-1.219,-1.431,12,19,OK
A,267597,SHAKE,ALL,814,15580,12130,341,21,89,0.050,0.951,0.740,20.793,1.280,5.427,-2.361,-0.122,-1.257,-1.473,12,24,DMP_WAIT
A,267616,SHAKE,ALL,-338,14274,12040,112,92,123,-0.021,0.871,0.735,6.829,5.610,7.500,1.037,-0.122,-1.143,-1.355,12,19,DMP_WAIT
A,267635,SHAKE,ALL,80,9982,12254,-306,100,-27,0.005,0.609,0.748,-18.659,6.098,-1.646,-0.290,-0.122,-1.048,-1.258,12,19,DMP_WAIT
A,267654,SHAKE,ALL,132,2158,13778,-761,105,-112,0.008,0.132,0.841,-46.402,6.402,-6.829,-0.542,-0.236,-0.955,-1.164,12,19,OK
A,267678,SHAKE,ALL,-1288,-9984,15966,-1040,104,-64,-0.079,-0.609,0.974,-63.415,6.341,-3.902,3.913,-0.236,-0.754,-0.953,12,24,DMP_WAIT
A,267698,SHAKE,ALL,-1260,-18600,17674,-870,-33,-41,-0.077,-1.135,1.079,-53.049,-2.012,-2.500,2.811,-0.236,-0.760,-0.951,12,20,DMP_WAIT
A,267717,SHAKE,ALL,802,-21240,17806,-372,-158,-106,0.049,-1.296,1.087,-22.683,-9.634,-6.463,-1.657,-0.236,-0.993,-1.184,12,19,DMP_WAIT
A,267737,SHAKE,ALL,2306,-16758,16742,268,-101,-216,0.141,-1.023,1.022,16.341,-6.159,-13.171,-5.560,-0.169,-1.243,-1.441,12,20,OK
A,267762,SHAKE,ALL,1546,-6086,16060,849,72,-280,0.094,-0.371,0.980,51.768,4.390,-17.073,-5.144,-0.169,-1.261,-1.467,12,25,DMP_WAIT
A,267781,SHAKE,ALL,-166,4880,15986,1092,191,-322,-0.010,0.298,0.976,66.585,11.646,-19.634,0.569,-0.169,-1.043,-1.246,12,19,DMP_WAIT
A,267801,SHAKE,ALL,-614,12472,14868,989,182,-311,-0.037,0.761,0.907,60.305,11.098,-18.963,1.812,-0.169,-0.806,-1.003,12,20,DMP_WAIT
A,267820,SHAKE,ALL,-382,16658,13546,752,86,-124,-0.023,1.017,0.827,45.854,5.244,-7.561,1.019,-0.151,-0.708,-0.900,12,19,OK
A,267844,SHAKE,ALL,510,15060,10474,156,0,254,0.031,0.919,0.639,9.512,0.000,15.488,-1.593,-0.151,-0.771,-0.964,12,24,DMP_WAIT
A,267863,SHAKE,ALL,510,15060,10474,156,0,254,0.031,0.919,0.639,9.512,0.000,15.488,-1.593,-0.151,-0.824,-1.017,12,19,DMP_WAIT
A,267882,SHAKE,ALL,-446,11042,11404,-224,47,129,-0.027,0.674,0.696,-13.659,2.866,7.866,1.609,-0.151,-0.757,-0.945,12,19,DMP_WAIT
A,267901,SHAKE,ALL,68,5498,13312,-656,3,-86,0.004,0.336,0.813,-40.000,0.183,-5.244,-0.271,-0.245,-0.780,-0.965,12,19,OK
A,267925,SHAKE,ALL,974,-19896,17174,-1172,23,95,0.059,-1.214,1.048,-71.463,1.402,5.793,-2.122,-0.245,-0.820,-1.006,12,24,DMP_WAIT
A,267944,SHAKE,ALL,-274,-27286,17994,-576,54,23,-0.017,-1.665,1.098,-35.122,3.293,1.402,0.480,-0.245,-0.768,-0.951,12,19,DMP_WAIT
A,267963,SHAKE,ALL,-274,-27286,17994,-576,54,23,-0.017,-1.665,1.098,-35.122,3.293,1.402,0.480,-0.235,-0.718,-0.896,12,19,OK
A,267987,SHAKE,ALL,1526,-2910,15240,968,35,-294,0.093,-0.178,0.930,59.024,2.134,-17.927,-5.617,-0.235,-0.811,-0.998,12,24,DMP_WAIT
A,268007,SHAKE,ALL,1120,6988,14678,982,98,-247,0.068,0.427,0.896,59.878,5.976,-15.061,-3.941,-0.235,-0.794,-0.987,12,20,DMP_WAIT
A,268026,SHAKE,ALL,148,10978,14128,644,120,-102,0.009,0.670,0.862,39.268,7.317,-6.220,-0.474,-0.235,-0.688,-0.880,12,19,DMP_WAIT
A,268045,SHAKE,ALL,272,11518,12814,358,75,49,0.017,0.703,0.782,21.829,4.573,2.988,-0.904,-0.220,-0.643,-0.835,12,19,OK
A,268069,SHAKE,ALL,1532,13822,11214,296,43,138,0.094,0.844,0.684,18.049,2.622,8.415,-4.919,-0.220,-0.712,-0.913,12,24,DMP_WAIT
A,268088,SHAKE,ALL,1064,15852,10796,179,159,187,0.065,0.968,0.659,10.915,9.695,11.402,-3.175,-0.220,-0.617,-0.823,12,19,DMP_WAIT
A,268107,SHAKE,ALL,-2126,13994,13606,-199,268,149,-0.130,0.854,0.830,-12.134,16.341,9.085,6.216,-0.220,-0.212,-0.405,12,19,DMP_WAIT
A,268126,SHAKE,ALL,-2328,5266,15458,-832,60,-88,-0.142,0.321,0.943,-50.732,3.659,-5.366,8.113,-0.432,-0.013,-0.189,12,19,OK
A,268150,SHAKE,ALL,620,-9252,16086,-1240,-207,-240,0.038,-0.565,0.982,-75.610,-12.622,-14.634,-1.914,-0.432,-0.393,-0.571,12,24,DMP_WAIT
A,268170,SHAKE,ALL,3916,-21296,17112,-1019,-209,-209,0.239,-1.300,1.044,-62.134,-12.744,-12.744,-8.157,-0.432,-0.836,-1.028,12,20,DMP_WAIT
A,268190,SHAKE,ALL,1228,-23798,18420,-243,88,-64,0.075,-1.453,1.124,-14.817,5.366,-3.902,-2.337,-0.432,-0.799,-0.993,12,20,DMP_WAIT
A,268210,SHAKE,ALL,-1082,-14360,18072,630,202,-106,-0.066,-0.876,1.103,38.415,12.317,-6.463,2.684,-0.285,-0.526,-0.713,12,20,OK
A,268234,SHAKE,ALL,-396,-2326,16186,1112,87,-227,-0.024,-0.142,0.988,67.805,5.305,-13.841,1.387,-0.285,-0.408,-0.591,12,24,DMP_WAIT
A,268254,SHAKE,ALL,882,8324,14466,1139,-12,-199,0.054,0.508,0.883,69.451,-0.732,-12.134,-3.025,-0.285,-0.513,-0.700,12,20,DMP_WAIT
A,268273,SHAKE,ALL,1124,13854,12978,853,-4,-27,0.069,0.846,0.792,52.012,-0.244,-1.646,-3.389,-0.285,-0.611,-0.803,12,19,DMP_WAIT
A,268292,SHAKE,ALL,136,15412,12020,518,57,142,0.008,0.941,0.734,31.585,3.476,8.659,-0.399,-0.291,-0.578,-0.769,12,19,OK
A,268316,SHAKE,ALL,-552,15518,11188,216,72,111,-0.034,0.947,0.683,13.171,4.390,6.768,1.653,-0.291,-0.475,-0.662,12,24,DMP_WAIT
A,268335,SHAKE,ALL,-592,13926,10436,-70,30,-24,-0.036,0.850,0.637,-4.268,1.829,-1.463,1.948,-0.291,-0.429,-0.610,12,19,DMP_WAIT
A,268354,SHAKE,ALL,368,10944,11040,-384,-11,-157,0.022,0.668,0.674,-23.415,-0.671,-9.573,-1.356,-0.291,-0.496,-0.677,12,19,DMP_WAIT
A,268374,SHAKE,ALL,2186,5996,13666,-801,36,-179,0.133,0.366,0.834,-48.841,2.195,-10.915,-8.333,-0.324,-0.647,-0.843,12,20,OK
A,268398,SHAKE,ALL,1288,-7494,16880,-1252,230,9,0.079,-0.457,1.030,-76.341,14.024,0.549,-3.989,-0.324,-0.429,-0.635,12,24,DMP_WAIT
A,268417,SHAKE,ALL,-2290,-19846,19912,-1177,300,185,-0.140,-1.211,1.215,-71.768,18.293,11.280,4.657,-0.324,-0.023,-0.219,12,19,DMP_WAIT
A,268437,SHAKE,ALL,-3124,-24728,19926,-513,56,146,-0.191,-1.509,1.216,-31.280,3.415,8.902,5.618,-0.324,0.119,-0.065,12,20,DMP_WAIT
A,268456,SHAKE,ALL,252,-18568,17550,393,-212,-118,0.015,-1.133,1.071,23.963,-12.927,-7.195,-0.565,-0.499,-0.172,-0.355,12,19,OK
A,268481,SHAKE,ALL,2676,-5734,14788,1085,-217,-374,0.163,-0.350,0.903,66.159,-13.232,-22.805,-9.577,-0.499,-0.731,-0.934,12,25,DMP_WAIT
A,268501,SHAKE,ALL,2582,6006,12814,1275,-10,-357,0.158,0.367,0.782,77.744,-0.610,-21.768,-10.340,-0.499,-0.973,-1.196,12,20,DMP_WAIT
A,268520,SHAKE,ALL,788,13772,11968,1056,206,-173,0.048,0.841,0.730,64.390,12.561,-10.549,-2.473,-0.499,-0.805,-1.034,12,19,DMP_WAIT
A,268540,SHAKE,ALL,-964,16430,11448,650,259,42,-0.059,1.003,0.699,39.634,15.793,2.561,2.756,-0.377,-0.462,-0.686,12,20,OK
A,268564,SHAKE,ALL,-1072,14004,10164,-47,15,157,-0.065,0.855,0.620,-2.866,0.915,9.573,3.545,-0.377,-0.406,-0.624,12,24,DMP_WAIT
A,268583,SHAKE,ALL,-1072,14004,10164,-47,15,157,-0.065,0.855,0.620,-2.866,0.915,9.573,3.545,-0.377,-0.346,-0.556,12,19,DMP_WAIT
A,268602,SHAKE,ALL,-782,11366,11220,-329,-58,5,-0.048,0.694,0.685,-20.061,-3.537,0.305,2.803,-0.483,-0.385,-0.588,12,19,OK
A,268626,SHAKE,ALL,216,-3308,16278,-1155,-85,-183,0.013,-0.202,0.994,-70.427,-5.183,-11.159,-0.745,-0.483,-0.559,-0.763,12,24,DMP_WAIT
A,268646,SHAKE,ALL,878,-18384,18210,-1298,-119,-117,0.054,-1.122,1.111,-79.146,-7.256,-7.134,-1.943,-0.483,-0.767,-0.973,12,20,DMP_WAIT
A,268665,SHAKE,ALL,2078,-25978,18358,-741,-122,-96,0.127,-1.586,1.120,-45.183,-7.439,-5.854,-3.738,-0.483,-1.001,-1.212,12,19,DMP_WAIT
A,268685,SHAKE,ALL,1746,-18444,18378,259,3,-95,0.107,-1.126,1.122,15.793,0.183,-5.793,-3.836,-0.302,-1.092,-1.309,12,20,OK
A,268709,SHAKE,ALL,1062,-6324,16846,958,107,-155,0.065,-0.386,1.028,58.415,6.524,-9.451,-3.378,-0.302,-1.029,-1.253,12,24,DMP_WAIT
A,268729,SHAKE,ALL,254,4600,15234,1162,124,-185,0.016,0.281,0.930,70.854,7.561,-11.280,-0.914,-0.302,-0.917,-1.141,12,20,DMP_WAIT
A,268749,SHAKE,ALL,-36,12692,13590,1015,75,-151,-0.002,0.775,0.829,61.890,4.573,-9.207,0.111,-0.302,-0.844,-1.068,11,20,DMP_WAIT
A,268769,SHAKE,ALL,122,16672,12302,675,17,-46,0.007,1.018,0.751,41.159,1.037,-2.805,-0.337,-0.295,-0.852,-1.074,11,20,OK
A,268792,SHAKE,ALL,662,17568,11076,275,-3,5,0.040,1.072,0.676,16.768,-0.183,0.305,-1.826,-0.295,-0.919,-1.145,11,23,DMP_WAIT
A,268811,SHAKE,ALL,1256,15464,10356,-134,27,25,0.077,0.944,0.632,-8.171,1.646,1.524,-3.861,-0.295,-0.983,-1.215,11,19,DMP_WAIT
A,268830,SHAKE,ALL,776,10858,10772,-508,94,10,0.047,0.663,0.657,-30.976,5.732,0.610,-2.904,-0.295,-0.951,-1.187,11,19,DMP_WAIT
A,268849,SHAKE,ALL,-28,5180,13252,-849,131,-88,-0.002,0.316,0.809,-51.768,7.988,-5.366,0.113,-0.344,-0.817,-1.052,11,19,OK
A,268873,SHAKE,ALL,-550,-3448,16660,-1175,51,-170,-0.034,-0.210,1.017,-71.646,3.110,-10.366,1.852,-0.344,-0.736,-0.968,11,24,DMP_WAIT
A,268893,SHAKE,ALL,1426,-17362,17720,-1321,-81,-184,0.087,-1.060,1.082,-80.549,-4.939,-11.220,-3.290,-0.344,-0.921,-1.159,11,20,DMP_WAIT
A,268913,SHAKE,ALL,896,-26952,17916,-816,-24,-95,0.055,-1.645,1.094,-49.756,-1.463,-5.793,-1.586,-0.344,-1.001,-1.241,11,20,DMP_WAIT
A,268932,SHAKE,ALL,-664,-19696,18466,253,78,-87,-0.041,-1.202,1.127,15.427,4.756,-5.305,1.409,-0.272,-0.900,-1.135,11,19,OK
A,268956,SHAKE,ALL,-1390,-7940,17338,991,73,-207,-0.085,-0.485,1.058,60.427,4.451,-12.622,4.169,-0.272,-0.740,-0.965,11,24,DMP_WAIT
A,268976,SHAKE,ALL,-1224,1994,15432,1199,-20,-321,-0.075,0.122,0.942,73.110,-1.220,-19.573,4.498,-0.272,-0.697,-0.910,11,20,DMP_WAIT
A,268995,SHAKE,ALL,-278,9904,13862,1098,-122,-372,-0.017,0.604,0.846,66.951,-7.439,-22.683,0.935,-0.272,-0.838,-1.047,11,19,DMP_WAIT
A,269015,SHAKE,ALL,766,15244,12602,861,-142,-242,0.047,0.930,0.769,52.500,-8.659,-14.756,-2.218,-0.123,-1.074,-1.282,11,20,OK
A,269039,SHAKE,ALL,1430,17748,12002,552,-67,-4,0.087,1.083,0.733,33.659,-4.085,-0.244,-3.818,-0.123,-1.270,-1.483,11,24,DMP_WAIT
A,269058,SHAKE,ALL,1182,16538,11414,156,32,229,0.072,1.009,0.697,9.512,1.951,13.963,-3.366,-0.123,-1.311,-1.528,11,19,DMP_WAIT
A,269077,SHAKE,ALL,-216,11240,11474,-244,77,321,-0.013,0.686,0.700,-14.878,4.695,19.573,0.770,-0.123,-1.218,-1.429,11,19,DMP_WAIT
A,269097,SHAKE,ALL,112,6072,12546,-538,32,138,0.007,0.371,0.766,-32.805,1.951,8.415,-0.460,-0.224,-1.203,-1.411,11,20,OK
A,269121,SHAKE,ALL,270,-734,14710,-783,39,-68,0.016,-0.045,0.898,-47.744,2.378,-4.146,-1.050,-0.224,-1.189,-1.396,11,24,DMP_WAIT
A,269140,SHAKE,ALL,416,-10726,16750,-923,49,-60,0.025,-0.655,1.022,-56.280,2.988,-3.659,-1.198,-0.224,-1.170,-1.375,11,19,DMP_WAIT
A,269159,SHAKE,ALL,1452,-19176,17800,-701,37,30,0.089,-1.170,1.086,-42.744,2.256,1.829,-3.176,-0.224,-1.204,-1.412,11,19,DMP_WAIT
A,269178,SHAKE,ALL,1738,-20618,17922,-104,126,3,0.106,-1.258,1.094,-6.341,7.683,0.183,-3.640,-0.273,-1.145,-1.357,11,19,OK
A,269202,SHAKE,ALL,282,-1984,16090,1052,304,-280,0.017,-0.121,0.982,64.146,18.537,-17.073,-0.997,-0.273,-0.752,-0.964,11,24,DMP_WAIT
A,269222,SHAKE,ALL,282,-1984,16090,1052,304,-280,0.017,-0.121,0.982,64.146,18.537,-17.073,-0.997,-0.273,-0.431,-0.644,11,20,DMP_WAIT
A,269241,SHAKE,ALL,-612,7700,15290,1142,274,-260,-0.037,0.470,0.933,69.634,16.707,-15.854,2.047,-0.410,-0.107,-0.314,11,19,OK
A,269266,SHAKE,ALL,-558,16978,12512,725,1,100,-0.034,1.036,0.764,44.207,0.061,6.098,1.516,-0.410,-0.120,-0.323,11,25,DMP_WAIT
A,269285,SHAKE,ALL,-388,16770,11178,343,-34,132,-0.024,1.024,0.682,20.915,-2.073,8.049,1.103,-0.410,-0.170,-0.369,11,19,DMP_WAIT
A,269304,SHAKE,ALL,-360,13614,10596,-21,-28,62,-0.022,0.831,0.647,-1.280,-1.707,3.780,1.195,-0.410,-0.210,-0.405,11,19,DMP_WAIT
A,269323,SHAKE,ALL,-84,9656,11674,-345,-52,-54,-0.005,0.589,0.713,-21.037,-3.171,-3.293,0.318,-0.459,-0.295,-0.486,11,19,OK
A,269347,SHAKE,ALL,452,5154,14284,-735,-74,-129,0.028,0.315,0.872,-44.817,-4.512,-7.866,-1.705,-0.459,-0.475,-0.667,11,24,DMP_WAIT
A,269366,SHAKE,ALL,578,-7104,16492,-1145,-95,-22,0.035,-0.434,1.007,-69.817,-5.793,-1.341,-1.844,-0.459,-0.646,-0.839,11,19,DMP_WAIT
A,269386,SHAKE,ALL,214,-21170,17694,-1102,-109,75,0.013,-1.292,1.080,-67.195,-6.646,4.573,-0.444,-0.459,-0.810,-1.000,11,20,DMP_WAIT
A,269405,SHAKE,ALL,-170,-23562,18084,-367,-116,-60,-0.010,-1.438,1.104,-22.378,-7.073,-3.659,0.328,-0.336,-0.955,-1.141,11,19,OK
A,269430,SHAKE,ALL,1190,-13458,17500,521,-143,-293,0.073,-0.821,1.068,31.768,-8.720,-17.866,-3.085,-0.336,-1.258,-1.447,11,25,DMP_WAIT
A,269450,SHAKE,ALL,2696,-2992,15484,952,-124,-347,0.165,-0.183,0.945,58.049,-7.561,-21.159,-9.701,-0.336,-1.613,-1.818,11,20,DMP_WAIT
A,269469,SHAKE,ALL,2058,5436,13854,976,16,-262,0.126,0.332,0.846,59.512,0.976,-15.976,-7.873,-0.336,-1.756,-1.974,11,19,DMP_WAIT
A,269489,SHAKE,ALL,994,10848,12424,825,128,-78,0.061,0.662,0.758,50.305,7.805,-4.756,-3.449,-0.111,-1.675,-1.897,11,20,OK
A,269513,SHAKE,ALL,278,14930,11600,646,150,148,0.017,0.911,0.708,39.390,9.146,9.024,-0.842,-0.111,-1.488,-1.711,11,24,DMP_WAIT
A,269532,SHAKE,ALL,260,17360,10784,389,131,221,0.016,1.060,0.658,23.720,7.988,13.476,-0.729,-0.111,-1.361,-1.583,11,19,DMP_WAIT
A,269551,SHAKE,ALL,-702,15842,10586,-13,158,122,-0.043,0.967,0.646,-0.793,9.634,7.439,2.110,-0.111,-1.148,-1.363,11,19,DMP_WAIT
A,269570,SHAKE,ALL,-826,12540,11302,-409,129,-66,-0.050,0.765,0.690,-24.939,7.866,-4.024,2.801,-0.340,-0.958,-1.166,11,19,OK
A,269594,SHAKE,ALL,-218,7618,13066,-765,46,-172,-0.013,0.465,0.797,-46.646,2.805,-10.488,0.826,-0.340,-0.902,-1.106,11,24,DMP_WAIT
A,269613,SHAKE,ALL,670,-1340,15086,-1118,-19,-129,0.041,-0.082,0.921,-68.171,-1.159,-7.866,-2.533,-0.340,-0.992,-1.198,11,19,DMP_WAIT
A,269633,SHAKE,ALL,602,-13512,17600,-1263,-44,-22,0.037,-0.825,1.074,-77.012,-2.683,-1.341,-1.554,-0.340,-1.094,-1.300,11,20,DMP_WAIT
A,269653,SHAKE,ALL,372,-22276,18918,-963,-33,-39,0.023,-1.360,1.155,-58.720,-2.012,-2.378,-0.729,-0.295,-1.164,-1.369,11,20,OK
A,269677,SHAKE,ALL,492,-22244,18820,-225,1,-132,0.030,-1.358,1.149,-13.720,0.061,-8.049,-0.967,-0.295,-1.204,-1.408,11,24,DMP_WAIT
A,269696,SHAKE,ALL,680,-12442,17262,596,-3,-225,0.042,-0.759,1.054,36.341,-0.183,-13.720,-1.830,-0.295,-1.256,-1.460,11,19,DMP_WAIT
A,269716,SHAKE,ALL,438,-534,15624,1065,-3,-247,0.027,-0.033,0.954,64.939,-0.183,-15.061,-1.605,-0.295,-1.304,-1.508,11,20,DMP_WAIT
A,269735,SHAKE,ALL,34,9530,14516,1116,14,-212,0.002,0.582,0.886,68.049,0.854,-12.927,-0.112,-0.178,-1.300,-1.501,11,19,OK
A,269759,SHAKE,ALL,192,14968,13064,909,-1,-87,0.012,0.914,0.797,55.427,-0.061,-5.305,-0.554,-0.178,-1.332,-1.531,12,24,DMP_WAIT
A,269778,SHAKE,ALL,594,17394,11580,626,-38,-1,0.036,1.062,0.707,38.171,-2.317,-0.061,-1.628,-0.178,-1.417,-1.615,12,19,DMP_WAIT
A,269797,SHAKE,ALL,1150,18562,10508,273,-20,-32,0.070,1.133,0.641,16.646,-1.220,-1.951,-3.086,-0.178,-1.509,-1.709,12,19,DMP_WAIT
A,269816,SHAKE,ALL,1176,16318,10760,-185,32,-47,0.072,0.996,0.657,-11.280,1.951,-2.866,-3.443,-0.148,-1.548,-1.750,12,19,OK
A,269841,SHAKE,ALL,1760,9984,11784,-720,68,-4,0.107,0.609,0.719,-43.902,4.146,-0.244,-6.501,-0.148,-1.592,-1.806,12,25,DMP_WAIT
A,269860,SHAKE,ALL,844,-1640,14370,-1210,133,50,0.052,-0.100,0.877,-73.780,8.110,3.049,-3.340,-0.148,-1.512,-1.730,12,19,DMP_WAIT
A,269879,SHAKE,ALL,-820,-16716,17120,-1357,157,97,-0.050,-1.020,1.045,-82.744,9.573,5.915,1.963,-0.267,-1.300,-1.512,12,19,OK
A,269903,SHAKE,ALL,310,-22458,18920,-70,-3,-167,0.019,-1.371,1.155,-4.268,-0.183,-10.183,-0.605,-0.267,-1.336,-1.547,12,24,DMP_WAIT
A,269923,SHAKE,ALL,842,-13166,16796,727,-14,-308,0.051,-0.804,1.025,44.329,-0.854,-18.780,-2.259,-0.267,-1.409,-1.621,12,20,DMP_WAIT
A,269942,SHAKE,ALL,942,-328,15298,1188,8,-353,0.057,-0.020,0.934,72.439,0.488,-21.524,-3.523,-0.267,-1.478,-1.694,12,19,DMP_WAIT
A,269961,SHAKE,ALL,1076,9752,14004,1157,24,-285,0.066,0.595,0.855,70.549,1.463,-17.378,-3.608,-0.116,-1.530,-1.750,12,19,OK
A,269986,SHAKE,ALL,1240,13898,11926,821,-2,-104,0.076,0.848,0.728,50.061,-0.122,-6.341,-3.874,-0.116,-1.627,-1.853,12,25,DMP_WAIT
A,270005,SHAKE,ALL,1000,16888,10686,527,16,72,0.061,1.031,0.652,32.134,0.976,4.390,-2.865,-0.116,-1.669,-1.899,12,19,DMP_WAIT
A,270024,SHAKE,ALL,304,18836,10040,196,112,98,0.019,1.150,0.613,11.951,6.829,5.976,-0.816,-0.116,-1.561,-1.790,12,19,DMP_WAIT
A,270043,SHAKE,ALL,-1108,16830,10938,-267,187,68,-0.068,1.027,0.668,-16.280,11.402,4.146,3.160,-0.200,-1.290,-1.510,12,19,OK
A,270067,SHAKE,ALL,-904,9394,12630,-793,76,-29,-0.055,0.573,0.771,-48.354,4.634,-1.768,3.287,-0.200,-1.135,-1.346,12,24,DMP_WAIT
A,270086,SHAKE,ALL,1054,-2686,14952,-1246,-32,-145,0.064,-0.164,0.913,-75.976,-1.951,-8.841,-3.969,-0.200,-1.264,-1.480,12,19,DMP_WAIT
A,270106,SHAKE,ALL,1824,-16686,17724,-1325,57,-59,0.111,-1.018,1.082,-80.793,3.476,-3.598,-4.285,-0.200,-1.294,-1.516,12,20,DMP_WAIT
A,270125,SHAKE,ALL,-740,-26246,20288,-863,186,52,-0.045,-1.602,1.238,-52.622,11.341,3.171,1.278,-0.267,-1.068,-1.284,12,19,OK
A,270150,SHAKE,ALL,-1514,-25128,19658,42,148,-70,-0.092,-1.534,1.200,2.561,9.024,-4.268,2.717,-0.267,-0.818,-1.027,12,25,DMP_WAIT
A,270170,SHAKE,ALL,302,-13164,16968,1026,4,-242,0.018,-0.803,1.036,62.561,0.244,-14.756,-0.806,-0.267,-0.851,-1.059,12,20,DMP_WAIT
A,270190,SHAKE,ALL,1284,1654,14888,1545,-53,-285,0.078,0.101,0.909,94.207,-3.232,-17.378,-4.899,-0.267,-1.033,-1.248,12,20,DMP_WAIT
A,270210,SHAKE,ALL,592,11678,13282,1423,10,-231,0.036,0.713,0.811,86.768,0.610,-14.085,-1.917,-0.208,-1.077,-1.293,12,20,OK
A,270234,SHAKE,ALL,-290,16176,11664,1035,35,-59,-0.018,0.987,0.712,63.110,2.134,-3.598,0.833,-0.208,-1.034,-1.246,12,24,DMP_WAIT
A,270253,SHAKE,ALL,-260,20020,10940,687,-4,42,-0.016,1.222,0.668,41.890,-0.244,2.561,0.653,-0.208,-1.040,-1.248,12,19,DMP_WAIT
A,270272,SHAKE,ALL,-98,20594,10084,230,-42,30,-0.006,1.257,0.615,14.024,-2.561,1.829,0.245,-0.208,-1.098,-1.302,12,19,DMP_WAIT
A,270291,SHAKE,ALL,910,17528,9724,-309,-66,-43,0.056,1.070,0.594,-18.841,-4.024,-2.622,-2.599,-0.209,-1.239,-1.444,12,19,OK
A,270315,SHAKE,ALL,2082,12886,11126,-837,-11,-73,0.127,0.786,0.679,-51.037,-0.671,-4.451,-6.972,-0.209,-1.415,-1.631,12,24,DMP_WAIT
A,270334,SHAKE,ALL,1168,3330,14126,-1433,121,-10,0.071,0.203,0.862,-87.378,7.378,-0.610,-4.601,-0.209,-1.377,-1.600,12,19,DMP_WAIT
A,270354,SHAKE,ALL,-92,-12684,16450,-1840,208,72,-0.006,-0.774,1.004,-112.195,12.683,4.390,0.254,-0.209,-1.134,-1.354,12,20,DMP_WAIT
A,270373,SHAKE,ALL,-1824,-23438,19596,-1583,183,64,-0.111,-1.431,1.196,-96.524,11.159,3.902,3.417,-0.324,-0.871,-1.082,12,19,OK
A,270398,SHAKE,ALL,-1548,-26484,19678,-831,4,-34,-0.094,-1.616,1.201,-50.671,0.244,-2.073,2.686,-0.324,-0.841,-1.045,12,25,DMP_WAIT
A,270417,SHAKE,ALL,-746,-19634,18204,97,-179,-197,-0.046,-1.198,1.111,5.915,-10.915,-12.012,1.596,-0.324,-1.032,-1.228,12,19,DMP_WAIT
A,270437,SHAKE,ALL,970,-10130,15564,810,-324,-335,0.059,-0.618,0.950,49.390,-19.756,-20.427,-2.990,-0.324,-1.496,-1.693,12,20,DMP_WAIT
A,270457,SHAKE,ALL,2550,-214,12814,1155,-319,-474,0.156,-0.013,0.782,70.427,-19.451,-28.902,-11.253,-0.016,-2.110,-2.325,12,20,OK
A,270481,SHAKE,ALL,1166,17564,10912,1114,-48,-207,0.071,1.072,0.666,67.927,-2.927,-12.622,-3.227,-0.016,-2.247,-2.465,12,24,DMP_WAIT
A,270501,SHAKE,ALL,624,22560,10680,712,4,42,0.038,1.377,0.652,43.415,0.244,2.561,-1.432,-0.016,-2.264,-2.480,12,20,DMP_WAIT
A,270520,SHAKE,ALL,624,22560,10680,712,4,42,0.038,1.377,0.652,43.415,0.244,2.561,-1.432,0.165,-2.278,-2.492,12,19,OK
A,270543,SHAKE,ALL,-36,14318,10338,-617,-47,-72,-0.002,0.874,0.631,-37.622,-2.866,-4.390,0.117,0.165,-2.339,-2.547,12,23,DMP_WAIT
A,270562,SHAKE,ALL,1302,11256,13508,-1117,-9,-210,0.079,0.687,0.824,-68.110,-0.549,-12.805,-4.235,0.165,-2.423,-2.634,12,19,DMP_WAIT
A,270582,SHAKE,ALL,1574,-6806,16242,-1694,85,-32,0.096,-0.415,0.991,-103.293,5.183,-1.951,-5.107,0.165,-2.413,-2.630,12,20,DMP_WAIT
A,270601,SHAKE,ALL,-754,-29106,18602,-1508,112,73,-0.046,-1.776,1.135,-91.951,6.829,4.451,1.250,0.152,-2.248,-2.457,12,19,OK
A,270626,SHAKE,ALL,-622,-28270,21216,-203,-24,-168,-0.038,-1.725,1.295,-12.378,-1.463,-10.244,1.008,0.152,-2.266,-2.468,12,25,DMP_WAIT
A,270645,SHAKE,ALL,1752,-16846,20652,977,-195,-379,0.107,-1.028,1.260,59.573,-11.890,-23.110,-3.761,0.152,-2.553,-2.757,12,19,DMP_WAIT
A,270665,SHAKE,ALL,4992,-8764,16068,1492,-184,-456,0.305,-0.535,0.981,90.976,-11.220,-27.805,-15.256,0.152,-3.065,-3.294,12,20,DMP_WAIT
A,270685,SHAKE,ALL,5138,2966,12844,1759,76,-408,0.314,0.181,0.784,107.256,4.634,-24.878,-21.295,0.473,-3.377,-3.645,12,20,OK
A,270709,SHAKE,ALL,2346,14728,11708,1620,359,-188,0.143,0.899,0.715,98.780,21.890,-11.463,-7.108,0.473,-2.982,-3.265,12,24,DMP_WAIT
A,270729,SHAKE,ALL,-898,19774,11294,1006,428,119,-0.055,1.207,0.689,61.341,26.098,7.256,2.258,0.473,-2.403,-2.681,12,20,DMP_WAIT
A,270748,SHAKE,ALL,-2364,18462,10100,230,268,243,-0.144,1.127,0.616,14.024,16.341,14.817,6.409,0.473,-1.959,-2.221,12,19,DMP_WAIT
A,270767,SHAKE,ALL,-2226,17076,8874,-381,93,169,-0.136,1.042,0.542,-23.232,5.671,10.305,6.598,0.132,-1.718,-1.964,12,19,OK
A,270791,SHAKE,ALL,-868,11028,9804,-858,7,27,-0.053,0.673,0.598,-52.317,0.427,1.646,3.366,0.132,-1.652,-1.888,12,24,DMP_WAIT
A,270810,SHAKE,ALL,300,2030,13142,-1141,6,-108,0.018,0.124,0.802,-69.573,0.366,-6.585,-1.292,0.132,-1.674,-1.908,12,19,DMP_WAIT
A,270829,SHAKE,ALL,170,-11940,17624,-1187,80,-197,0.010,-0.729,1.076,-72.378,4.878,-12.012,-0.458,0.132,-1.594,-1.826,12,19,DMP_WAIT
A,270848,SHAKE,ALL,852,-22522,21266,-719,31,-215,0.052,-1.375,1.298,-43.841,1.890,-13.110,-1.576,0.099,-1.595,-1.825,12,19,OK
A,270873,SHAKE,ALL,3072,-24476,21172,185,-49,-245,0.188,-1.494,1.292,11.280,-2.988,-14.939,-5.423,0.099,-1.792,-2.030,12,25,DMP_WAIT
A,270892,SHAKE,ALL,4076,-15216,18540,1206,68,-288,0.249,-0.929,1.132,73.537,4.146,-17.561,-9.645,0.099,-1.908,-2.162,12,19,DMP_WAIT
A,270912,SHAKE,ALL,3180,-1538,15434,1829,301,-291,0.194,-0.094,0.942,111.524,18.354,-17.744,-11.586,0.099,-1.779,-2.056,12,20,DMP_WAIT
A,270931,SHAKE,ALL,874,10822,12624,1870,469,-169,0.053,0.661,0.771,114.024,28.598,-10.305,-3.009,0.136,-1.307,-1.589,12,19,OK
A,270956,SHAKE,ALL,-1968,19094,10468,1470,448,70,-0.120,1.165,0.639,89.634,27.317,4.268,5.164,0.136,-0.556,-0.830,12,25,DMP_WAIT
A,270975,SHAKE,ALL,-3616,22844,9708,777,267,254,-0.221,1.394,0.593,47.378,16.280,15.488,8.289,0.136,-0.112,-0.369,12,19,DMP_WAIT
A,270994,SHAKE,ALL,-2738,20088,8060,-71,14,198,-0.167,1.226,0.492,-4.329,0.854,12.073,7.209,0.136,0.014,-0.227,12,19,DMP_WAIT
A,271013,SHAKE,ALL,-886,17186,8004,-767,-182,5,-0.054,1.049,0.489,-46.768,-11.098,0.305,2.676,-0.212,-0.175,-0.409,12,19,OK
A,271037,SHAKE,ALL,204,10336,10782,-1326,-197,-90,0.012,0.631,0.658,-80.854,-12.012,-5.488,-0.783,-0.212,-0.515,-0.749,12,24,DMP_WAIT
A,271057,SHAKE,ALL,2076,-4258,13502,-1732,-139,-51,0.127,-0.260,0.824,-105.610,-8.476,-3.110,-8.342,-0.212,-0.875,-1.124,12,20,DMP_WAIT
A,271077,SHAKE,ALL,210,-19036,18656,-1512,10,31,0.013,-1.162,1.139,-92.195,0.610,1.890,-0.451,-0.212,-0.893,-1.140,12,20,DMP_WAIT
A,271096,SHAKE,ALL,40,-23734,22170,-729,-35,3,0.002,-1.449,1.353,-44.451,-2.134,0.183,-0.071,-0.104,-0.952,-1.196,12,19,OK
A,271120,SHAKE,ALL,2508,-15354,16998,1151,-92,-128,0.153,-0.937,1.037,70.183,-5.610,-7.805,-6.249,-0.104,-1.235,-1.490,12,24,DMP_WAIT
A,271140,SHAKE,ALL,2742,1468,14036,1829,31,-230,0.167,0.090,0.857,111.524,1.890,-14.024,-10.995,-0.104,-1.431,-1.707,12,20,DMP_WAIT
A,271159,SHAKE,ALL,2742,1468,14036,1829,31,-230,0.167,0.090,0.857,111.524,1.890,-14.024,-10.995,0.039,-1.623,-1.921,12,19,OK
A,271183,SHAKE,ALL,-448,20284,10236,1041,219,26,-0.027,1.238,0.625,63.476,13.354,1.585,1.130,0.039,-1.300,-1.597,12,24,DMP_WAIT
A,271202,SHAKE,ALL,-932,20598,9084,273,130,169,-0.057,1.257,0.554,16.646,7.927,10.305,2.371,0.039,-1.115,-1.406,12,19,DMP_WAIT
A,271221,SHAKE,ALL,-104,17952,7620,-325,35,144,-0.006,1.096,0.465,-19.817,2.134,8.780,0.306,0.039,-1.082,-1.372,12,19,DMP_WAIT
A,271240,SHAKE,ALL,230,15148,8616,-750,75,59,0.014,0.925,0.526,-45.732,4.573,3.598,-0.756,-0.170,-1.027,-1.317,12,19,OK
A,271264,SHAKE,ALL,-860,8046,12646,-1133,130,-3,-0.052,0.491,0.772,-69.085,7.927,-0.183,3.284,-0.170,-0.799,-1.084,12,24,DMP_WAIT
A,271283,SHAKE,ALL,4,-3840,16800,-1447,53,-126,0.000,-0.234,1.025,-88.232,3.232,-7.683,-0.013,-0.170,-0.759,-1.042,12,19,DMP_WAIT
A,271303,SHAKE,ALL,90,-18646,20476,-1382,14,-123,0.005,-1.138,1.250,-84.268,0.854,-7.500,-0.186,-0.170,-0.769,-1.051,12,20,DMP_WAIT
A,271322,SHAKE,ALL,622,-27510,21500,-644,-25,-106,0.038,-1.679,1.312,-39.268,-1.524,-6.463,-1.021,-0.199,-0.838,-1.121,12,19,OK
A,271347,SHAKE,ALL,1086,-21914,19902,566,-56,-169,0.066,-1.338,1.215,34.512,-3.415,-10.305,-2.101,-0.199,-0.995,-1.281,12,25,DMP_WAIT
A,271366,SHAKE,ALL,2096,-6186,16688,1560,-41,-290,0.128,-0.378,1.019,95.122,-2.500,-17.683,-6.717,-0.199,-1.192,-1.490,12,19,DMP_WAIT
A,271386,SHAKE,ALL,2124,7862,13190,1790,71,-333,0.130,0.480,0.805,109.146,4.329,-20.305,-7.875,-0.199,-1.278,-1.592,12,20,DMP_WAIT
A,271405,SHAKE,ALL,332,16750,11056,1414,178,-192,0.020,1.022,0.675,86.220,10.854,-11.707,-0.948,-0.050,-1.106,-1.420,12,19,OK
A,271430,SHAKE,ALL,-504,20330,9562,786,134,13,-0.031,1.241,0.584,47.927,8.171,0.793,1.285,-0.050,-0.905,-1.219,12,25,DMP_WAIT
A,271450,SHAKE,ALL,-722,21952,8600,122,57,91,-0.044,1.340,0.525,7.439,3.476,5.549,1.754,-0.050,-0.821,-1.132,12,20,DMP_WAIT
A,271470,SHAKE,ALL,-982,19440,8312,-568,39,60,-0.060,1.187,0.507,-34.634,2.378,3.659,2.659,-0.050,-0.743,-1.047,12,20,DMP_WAIT
A,271490,SHAKE,ALL,-816,12530,9936,-1193,26,37,-0.050,0.765,0.606,-72.744,1.585,2.256,2.921,-0.200,-0.676,-0.973,12,20,OK
A,271514,SHAKE,ALL,216,764,13042,-1628,0,42,0.013,0.047,0.796,-99.268,0.000,2.561,-0.947,-0.200,-0.727,-1.025,12,24,DMP_WAIT
A,271532,SHAKE,ALL,30,-14762,16846,-1644,55,29,0.002,-0.901,1.028,-100.244,3.354,1.768,-0.077,-0.200,-0.689,-0.984,12,18,DMP_WAIT
A,271552,SHAKE,ALL,-1532,-23400,21572,-1043,76,-4,-0.094,-1.428,1.317,-63.598,4.634,-0.244,2.756,-0.200,-0.567,-0.855,12,20,DMP_WAIT
A,271571,SHAKE,ALL,66,-25260,22442,-140,-92,-114,0.004,-1.542,1.370,-8.537,-5.610,-6.951,-0.112,-0.255,-0.699,-0.983,12,19,OK
A,271595,SHAKE,ALL,2554,-17556,19124,847,-210,-231,0.156,-1.072,1.167,51.646,-12.805,-14.085,-5.619,-0.255,-1.144,-1.438,12,24,DMP_WAIT
A,271615,SHAKE,ALL,3324,-2858,15704,1584,-103,-247,0.203,-0.174,0.958,96.585,-6.280,-15.061,-11.763,-0.255,-1.517,-1.833,12,20,DMP_WAIT
A,271635,SHAKE,ALL,2200,10528,13170,1682,124,-186,0.134,0.643,0.804,102.561,7.561,-11.341,-7.434,-0.255,-1.525,-1.855,12,20,DMP_WAIT
A,271655,SHAKE,ALL,368,17508,11574,1227,259,22,0.022,1.069,0.706,74.817,15.793,1.341,-1.005,-0.102,-1.243,-1.574,12,20,OK
A,271679,SHAKE,ALL,-1812,20824,9290,-30,64,160,-0.111,1.271,0.567,-1.829,3.902,9.756,4.544,-0.102,-1.081,-1.403,12,24,DMP_WAIT
A,271698,SHAKE,ALL,-1812,20824,9290,-30,64,160,-0.111,1.271,0.567,-1.829,3.902,9.756,4.544,-0.102,-0.931,-1.242,12,19,DMP_WAIT
A,271716,SHAKE,ALL,-1090,16492,8692,-647,-38,45,-0.067,1.007,0.531,-39.451,-2.317,2.744,3.346,-0.255,-0.921,-1.221,12,18,OK
A,271741,SHAKE,ALL,984,-466,14042,-1423,-79,-127,0.060,-0.028,0.857,-86.768,-4.817,-7.744,-4.006,-0.255,-1.148,-1.455,12,25,DMP_WAIT
A,271760,SHAKE,ALL,672,-13696,17926,-1482,9,-96,0.041,-0.836,1.094,-90.366,0.549,-5.854,-1.706,-0.255,-1.185,-1.492,12,19,DMP_WAIT
A,271780,SHAKE,ALL,88,-24036,20652,-1020,17,-11,0.005,-1.467,1.260,-62.195,1.037,-0.671,-0.159,-0.255,-1.182,-1.486,11,20,DMP_WAIT
A,271799,SHAKE,ALL,876,-25600,20132,-80,-87,-51,0.053,-1.563,1.229,-4.878,-5.305,-3.110,-1.541,-0.183,-1.324,-1.627,11,19,OK
A,271823,SHAKE,ALL,1898,-15588,17586,1009,-105,-183,0.116,-0.951,1.073,61.524,-6.402,-11.159,-4.618,-0.183,-1.586,-1.896,11,24,DMP_WAIT
A,271843,SHAKE,ALL,2648,-292,14758,1653,-40,-287,0.162,-0.018,0.901,100.793,-2.439,-17.500,-10.170,-0.183,-1.843,-2.171,11,20,DMP_WAIT
A,271863,SHAKE,ALL,1836,11568,12312,1591,108,-274,0.112,0.706,0.751,97.012,6.585,-16.707,-6.202,-0.183,-1.839,-2.178,11,20,DMP_WAIT
A,271882,SHAKE,ALL,514,17338,10920,1077,202,-75,0.031,1.058,0.667,65.671,12.317,-4.573,-1.437,-0.044,-1.637,-1.977,11,19,OK
A,271906,SHAKE,ALL,-620,19692,9938,498,182,107,-0.038,1.202,0.607,30.366,11.098,6.524,1.610,-0.044,-1.357,-1.693,11,24,DMP_WAIT
A,271925,SHAKE,ALL,-1222,19512,9222,-50,136,131,-0.075,1.191,0.563,-3.049,8.293,7.988,3.241,-0.044,-1.146,-1.474,11,19,DMP_WAIT
A,271944,SHAKE,ALL,-972,16974,9452,-568,95,62,-0.059,1.036,0.577,-34.634,5.793,3.780,2.864,-0.044,-0.994,-1.313,11,19,DMP_WAIT
A,271963,SHAKE,ALL,-916,10960,11730,-1055,30,12,-0.056,0.669,0.716,-64.329,1.829,0.732,3.266,-0.266,-0.911,-1.220,11,19,OK
A,271987,SHAKE,ALL,84,320,14124,-1467,-65,-72,0.005,0.020,0.862,-89.451,-3.963,-4.390,-0.341,-0.266,-1.038,-1.345,11,24,DMP_WAIT
A,272007,SHAKE,ALL,4,-13736,17268,-1568,-70,-137,0.000,-0.838,1.054,-95.610,-4.268,-8.354,-0.010,-0.266,-1.139,-1.442,11,20,DMP_WAIT
A,272026,SHAKE,ALL,202,-23044,20244,-1065,-93,-191,0.012,-1.406,1.236,-64.939,-5.671,-11.646,-0.377,-0.266,-1.265,-1.564,11,19,DMP_WAIT
A,272046,SHAKE,ALL,1654,-23718,20536,-151,-183,-250,0.101,-1.448,1.253,-9.207,-11.159,-15.244,-3.018,-0.095,-1.557,-1.856,11,20,OK
A,272071,SHAKE,ALL,2896,-15564,18206,809,-196,-263,0.177,-0.950,1.111,49.329,-11.951,-16.037,-6.894,-0.095,-2.004,-2.314,11,25,DMP_WAIT
A,272091,SHAKE,ALL,3534,-3066,15146,1411,-58,-244,0.216,-0.187,0.924,86.037,-3.537,-14.878,-12.881,-0.095,-2.329,-2.660,11,20,DMP_WAIT
A,272110,SHAKE,ALL,2212,9458,12840,1537,134,-67,0.135,0.577,0.784,93.720,8.171,-4.085,-7.897,-0.095,-2.324,-2.668,11,19,DMP_WAIT
A,272130,SHAKE,ALL,606,16328,10930,1206,230,202,0.037,0.997,0.667,73.537,14.024,12.317,-1.767,0.032,-2.076,-2.421,11,20,OK
A,272154,SHAKE,ALL,-12,19360,9824,663,215,308,-0.001,1.182,0.600,40.427,13.110,18.780,0.032,0.032,-1.770,-2.115,11,24,DMP_WAIT
A,272173,SHAKE,ALL,-974,20256,9102,29,175,181,-0.059,1.236,0.556,1.768,10.671,11.037,2.511,0.032,-1.522,-1.858,11,19,DMP_WAIT
A,272191,SHAKE,ALL,-1374,17584,9712,-674,109,9,-0.084,1.073,0.593,-41.098,6.646,0.549,3.913,0.032,-1.330,-1.654,11,18,DMP_WAIT
A,272210,SHAKE,ALL,-528,9166,11334,-1311,-15,-134,-0.032,0.559,0.692,-79.939,-0.915,-8.171,2.074,-0.202,-1.315,-1.631,11,19,OK
A,272235,SHAKE,ALL,1188,-3272,14622,-1708,-65,-205,0.073,-0.200,0.892,-104.146,-3.963,-12.500,-4.533,-0.202,-1.524,-1.846,11,25,DMP_WAIT
A,272255,SHAKE,ALL,1110,-18858,18416,-1655,47,-160,0.068,-1.151,1.124,-100.915,2.866,-9.756,-2.411,-0.202,-1.523,-1.847,11,20,DMP_WAIT
A,272274,SHAKE,ALL,-468,-26924,21570,-894,122,-98,-0.029,-1.643,1.317,-54.512,7.439,-5.976,0.777,-0.202,-1.375,-1.692,11,19,DMP_WAIT
A,272294,SHAKE,ALL,24,-22540,21240,238,-10,-213,0.001,-1.376,1.296,14.512,-0.610,-12.988,-0.044,-0.140,-1.398,-1.711,11,20,OK
A,272318,SHAKE,ALL,2886,3156,14518,1581,-56,-308,0.176,0.193,0.886,96.402,-3.415,-18.780,-10.993,-0.140,-1.715,-2.049,11,24,DMP_WAIT
A,272338,SHAKE,ALL,1466,14134,12618,1442,130,-56,0.089,0.863,0.770,87.927,7.927,-3.415,-4.424,-0.140,-1.652,-1.992,11,20,DMP_WAIT
A,272357,SHAKE,ALL,1466,14134,12618,1442,130,-56,0.089,0.863,0.770,87.927,7.927,-3.415,-4.424,-0.053,-1.596,-1.942,11,19,OK
A,272381,SHAKE,ALL,-1440,18594,10324,308,28,261,-0.088,1.135,0.630,18.780,1.707,15.915,3.873,-0.053,-1.492,-1.828,11,24,DMP_WAIT
A,272401,SHAKE,ALL,-148,17474,9004,-211,-144,80,-0.009,1.067,0.550,-12.866,-8.780,4.878,0.431,-0.053,-1.663,-1.995,11,20,DMP_WAIT
A,272420,SHAKE,ALL,854,14208,10080,-707,-183,-31,0.052,0.867,0.615,-43.110,-11.159,-1.890,-2.807,-0.053,-1.930,-2.262,11,19,DMP_WAIT
A,272439,SHAKE,ALL,1258,5042,13478,-1182,-86,-94,0.077,0.308,0.823,-72.073,-5.244,-5.732,-4.996,-0.029,-2.125,-2.462,11,19,OK
A,272464,SHAKE,ALL,1306,-9054,17940,-1493,35,-93,0.080,-0.553,1.095,-91.037,2.134,-5.671,-3.718,-0.029,-2.152,-2.494,11,25,DMP_WAIT
A,272483,SHAKE,ALL,180,-25158,21382,-1310,90,-36,0.011,-1.536,1.305,-79.878,5.488,-2.195,-0.312,-0.029,-2.049,-2.387,11,19,DMP_WAIT
A,272503,SHAKE,ALL,396,-30908,20794,-346,2,-157,0.024,-1.886,1.269,-21.098,0.122,-9.573,-0.609,-0.029,-2.055,-2.390,11,20,DMP_WAIT
A,272522,SHAKE,ALL,1834,-17418,18544,1025,-95,-381,0.112,-1.063,1.132,62.500,-5.793,-23.232,-4.123,0.069,-2.240,-2.578,11,19,OK
A,272546,SHAKE,ALL,3752,-1680,14950,1756,-70,-419,0.229,-0.103,0.912,107.073,-4.268,-25.549,-14.004,0.069,-2.622,-2.986,11,24,DMP_WAIT
A,272566,SHAKE,ALL,2438,10300,12680,1724,147,-284,0.149,0.629,0.774,105.122,8.963,-17.317,-8.488,0.069,-2.601,-2.980,11,20,DMP_WAIT
A,272586,SHAKE,ALL,94,14844,10996,1234,273,-22,0.006,0.906,0.671,75.244,16.646,-1.341,-0.292,0.069,-2.266,-2.643,11,20,DMP_WAIT
A,272605,SHAKE,ALL,-622,17172,9762,780,225,186,-0.038,1.048,0.596,47.561,13.720,11.341,1.804,0.062,-1.965,-2.335,11,19,OK
A,272629,SHAKE,ALL,-694,19894,8776,387,143,197,-0.042,1.214,0.536,23.598,8.720,12.012,1.828,0.062,-1.730,-2.095,11,24,DMP_WAIT
A,272648,SHAKE,ALL,-766,19122,8826,-153,103,89,-0.047,1.167,0.539,-9.329,6.280,5.427,2.083,0.062,-1.573,-1.929,11,19,DMP_WAIT
A,272666,SHAKE,ALL,-970,13440,10338,-749,64,-67,-0.059,0.820,0.631,-45.671,3.902,-4.085,3.274,0.062,-1.441,-1.787,11,18,DMP_WAIT
A,272686,SHAKE,ALL,368,5208,12698,-1285,1,-225,0.022,0.318,0.775,-78.354,0.061,-13.720,-1.536,-0.092,-1.479,-1.824,11,20,OK
A,272710,SHAKE,ALL,1798,-8522,15684,-1631,7,-238,0.110,-0.520,0.957,-99.451,0.427,-14.512,-5.752,-0.092,-1.600,-1.954,11,24,DMP_WAIT
A,272730,SHAKE,ALL,1596,-23004,19786,-1548,107,-157,0.097,-1.404,1.208,-94.390,6.524,-9.573,-3.011,-0.092,-1.538,-1.895,11,20,DMP_WAIT
A,272750,SHAKE,ALL,658,-32768,19832,-834,150,-52,0.040,-2.000,1.210,-50.854,9.146,-3.171,-0.984,-0.092,-1.386,-1.741,11,20,DMP_WAIT
A,272770,SHAKE,ALL,-56,-23220,18384,518,134,-124,-0.003,-1.417,1.122,31.585,8.171,-7.561,0.108,-0.090,-1.234,-1.585,11,20,OK
A,272794,SHAKE,ALL,604,-4986,16186,1531,39,-228,0.037,-0.304,0.988,93.354,2.378,-13.902,-2.042,-0.090,-1.239,-1.593,12,24,DMP_WAIT
A,272813,SHAKE,ALL,674,9914,14726,1629,16,-241,0.041,0.605,0.899,99.329,0.976,-14.695,-2.174,-0.090,-1.276,-1.630,12,19,DMP_WAIT
A,272832,SHAKE,ALL,404,15270,12594,1127,33,-105,0.025,0.932,0.769,68.720,2.012,-6.402,-1.169,-0.090,-1.272,-1.625,12,19,DMP_WAIT
A,272851,SHAKE,ALL,-48,18112,10862,729,56,117,-0.003,1.105,0.663,44.451,3.415,7.134,0.130,-0.071,-1.217,-1.566,12,19,OK
A,272875,SHAKE,ALL,-746,21060,10308,456,76,173,-0.046,1.285,0.629,27.805,4.634,10.549,1.822,-0.071,-1.092,-1.435,12,24,DMP_WAIT
A,272894,SHAKE,ALL,-1052,21068,10260,42,38,56,-0.064,1.286,0.626,2.561,2.317,3.415,2.570,-0.071,-1.012,-1.345,12,19,DMP_WAIT
A,272913,SHAKE,ALL,466,17378,10500,-524,-80,-135,0.028,1.061,0.641,-31.951,-4.878,-8.232,-1.315,-0.071,-1.145,-1.476,12,19,DMP_WAIT
A,272932,SHAKE,ALL,2314,8890,11518,-1149,-70,-235,0.141,0.543,0.703,-70.061,-4.268,-14.329,-9.037,-0.089,-1.418,-1.762,12,19,OK
A,272957,SHAKE,ALL,1232,-25398,19520,-1668,209,-35,0.075,-1.550,1.191,-101.707,12.744,-2.134,-2.203,-0.089,-1.169,-1.516,12,25,DMP_WAIT
A,272977,SHAKE,ALL,-470,-32768,20666,-855,187,30,-0.029,-2.000,1.261,-52.134,11.402,1.829,0.695,-0.089,-0.946,-1.289,12,20,DMP_WAIT
A,272996,SHAKE,ALL,-470,-32768,20666,-855,187,30,-0.029,-2.000,1.261,-52.134,11.402,1.829,0.695,-0.148,-0.736,-1.075,12,19,OK
A,273021,SHAKE,ALL,1786,-7414,15634,1926,-22,-375,0.109,-0.453,0.954,117.439,-1.341,-22.866,-5.893,-0.148,-0.920,-1.269,12,25,DMP_WAIT
A,273040,SHAKE,ALL,1968,12170,12750,2195,73,-305,0.120,0.743,0.778,133.841,4.451,-18.598,-6.371,-0.148,-0.982,-1.342,12,19,DMP_WAIT
A,273060,SHAKE,ALL,-160,22224,10920,1635,194,34,-0.010,1.356,0.667,99.695,11.829,2.073,0.370,-0.148,-0.761,-1.119,12,20,DMP_WAIT
A,273079,SHAKE,ALL,-2954,27202,10134,773,122,264,-0.180,1.660,0.619,47.134,7.439,16.098,5.811,-0.172,-0.527,-0.871,12,19,OK
A,273103,SHAKE,ALL,-2938,24692,8254,-187,-115,161,-0.179,1.507,0.504,-11.402,-7.012,9.817,6.438,-0.172,-0.598,-0.926,12,24,DMP_WAIT
A,273123,SHAKE,ALL,14,17420,6788,-886,-302,-84,0.001,1.063,0.414,-54.024,-18.415,-5.122,-0.043,-0.172,-0.986,-1.309,12,20,DMP_WAIT
A,273142,SHAKE,ALL,3512,10292,8658,-1249,-229,-237,0.214,0.628,0.528,-76.159,-13.963,-14.451,-14.635,-0.172,-1.554,-1.903,12,19,DMP_WAIT
A,273162,SHAKE,ALL,4310,-494,13400,-1538,139,-30,0.263,-0.030,0.818,-93.780,8.476,-1.829,-17.819,-0.066,-1.751,-2.134,12,20,OK
A,273186,SHAKE,ALL,-1776,-17244,20638,-1733,542,394,-0.108,-1.052,1.260,-105.671,33.049,24.024,3.778,-0.066,-0.909,-1.285,12,24,DMP_WAIT
A,273206,SHAKE,ALL,-5092,-32768,22440,-1391,374,419,-0.311,-2.000,1.370,-84.817,22.805,25.549,7.306,-0.066,-0.336,-0.696,12,20,DMP_WAIT
A,273226,SHAKE,ALL,-2070,-32768,19786,-104,-109,-70,-0.126,-2.000,1.208,-6.341,-6.646,-4.268,3.095,-0.066,-0.435,-0.788,12,20,DMP_WAIT
A,273246,SHAKE,ALL,3272,-13030,15982,1323,-368,-493,0.200,-0.795,0.975,80.671,-22.439,-30.061,-9.016,-0.300,-1.084,-1.453,12,20,OK
A,273271,SHAKE,ALL,4828,6948,13380,1820,-230,-492,0.295,0.424,0.817,110.976,-14.024,-30.000,-17.757,-0.300,-1.809,-2.217,12,25,DMP_WAIT
A,273290,SHAKE,ALL,2112,17896,11464,1397,59,-230,0.129,1.092,0.700,85.183,3.598,-14.024,-5.675,-0.300,-1.855,-2.274,12,19,DMP_WAIT
A,273310,SHAKE,ALL,-394,19818,9952,718,151,47,-0.024,1.210,0.607,43.780,9.207,2.866,1.018,-0.300,-1.655,-2.071,12,20,DMP_WAIT
A,273329,SHAKE,ALL,-978,21592,9370,231,92,84,-0.060,1.318,0.572,14.085,5.610,5.122,2.379,-0.132,-1.506,-1.916,12,19,OK
A,273352,SHAKE,ALL,-604,20468,9036,-275,17,-49,-0.037,1.249,0.552,-16.768,1.037,-2.988,1.546,-0.132,-1.465,-1.872,12,23,DMP_WAIT
A,273372,SHAKE,ALL,-68,15270,11176,-843,3,-156,-0.004,0.932,0.682,-51.402,0.183,-9.512,0.206,-0.132,-1.466,-1.870,12,20,DMP_WAIT
A,273391,SHAKE,ALL,148,2126,14254,-1393,1,-228,0.009,0.130,0.870,-84.939,0.061,-13.902,-0.588,-0.132,-1.483,-1.886,12,19,DMP_WAIT
A,273410,SHAKE,ALL,300,-13452,18344,-1567,34,-233,0.018,-0.821,1.120,-95.549,2.073,-14.207,-0.756,-0.103,-1.466,-1.868,12,19,OK
A,273435,SHAKE,ALL,684,-26678,22098,-1192,15,-172,0.042,-1.628,1.349,-72.683,0.915,-10.488,-1.131,-0.103,-1.484,-1.888,12,25,DMP_WAIT
A,273454,SHAKE,ALL,1192,-32768,21384,-281,-81,-187,0.073,-2.000,1.305,-17.134,-4.939,-11.402,-1.745,-0.103,-1.617,-2.021,12,19,DMP_WAIT
A,273474,SHAKE,ALL,1840,-22632,18476,1096,-113,-245,0.112,-1.381,1.128,66.829,-6.890,-14.939,-3.604,0.106,-1.830,-2.238,12,20,OK
A,273499,SHAKE,ALL,1910,14676,12234,2142,50,-23,0.117,0.896,0.747,130.610,3.049,-1.402,-5.709,0.106,-1.880,-2.300,12,25,DMP_WAIT
A,273518,SHAKE,ALL,226,21728,9644,1539,138,257,0.014,1.326,0.589,93.841,8.415,15.671,-0.545,0.106,-1.732,-2.150,12,19,DMP_WAIT
A,273537,SHAKE,ALL,-960,24462,8186,801,171,229,-0.059,1.493,0.500,48.841,10.427,13.963,2.131,0.106,-1.497,-1.906,12,19,DMP_WAIT
A,273556,SHAKE,ALL,-1670,24446,7700,81,129,-59,-0.102,1.492,0.470,4.939,7.866,-3.598,3.728,-0.066,-1.282,-1.680,12,19,OK
A,273580,SHAKE,ALL,-1068,18818,9020,-639,-25,-286,-0.065,1.149,0.551,-38.963,-1.524,-17.439,2.930,-0.066,-1.279,-1.668,12,24,DMP_WAIT
A,273599,SHAKE,ALL,946,9182,12272,-1280,-209,-315,0.058,0.560,0.749,-78.049,-12.744,-19.207,-3.532,-0.066,-1.597,-1.988,12,19,DMP_WAIT
A,273619,SHAKE,ALL,3080,-10900,15926,-1813,-166,-125,0.188,-0.665,0.972,-110.549,-10.122,-7.622,-9.068,-0.066,-1.983,-2.388,12,20,DMP_WAIT
A,273639,SHAKE,ALL,1728,-31588,19408,-1669,92,88,0.105,-1.928,1.185,-101.768,5.610,5.366,-2.669,0.090,-1.924,-2.331,12,20,OK
A,273663,SHAKE,ALL,-796,-32768,20554,-475,196,-21,-0.049,-2.000,1.255,-28.963,11.951,-1.280,1.179,0.090,-1.627,-2.028,12,24,DMP_WAIT
A,273683,SHAKE,ALL,-738,-19624,18876,1019,28,-234,-0.045,-1.198,1.152,62.134,1.707,-14.268,1.553,0.090,-1.567,-1.961,12,20,DMP_WAIT
A,273702,SHAKE,ALL,1536,-474,14754,1756,-113,-399,0.094,-0.029,0.901,107.073,-6.890,-24.329,-5.940,0.090,-1.819,-2.220,12,19,DMP_WAIT
A,273722,SHAKE,ALL,2406,14626,11516,1673,-56,-348,0.147,0.893,0.703,102.012,-3.415,-21.220,-7.364,0.206,-2.035,-2.446,12,20,OK
A,273746,SHAKE,ALL,1592,20838,8930,1118,81,-61,0.097,1.272,0.545,68.171,4.939,-3.720,-4.017,0.206,-2.004,-2.421,12,24,DMP_WAIT
A,273765,SHAKE,ALL,-416,24756,8264,550,175,117,-0.025,1.511,0.504,33.537,10.671,7.134,0.913,0.206,-1.783,-2.194,12,19,DMP_WAIT
A,273784,SHAKE,ALL,-1466,24546,7902,-77,148,44,-0.089,1.498,0.482,-4.695,9.024,2.683,3.254,0.206,-1.550,-1.950,12,19,DMP_WAIT
A,273803,SHAKE,ALL,-794,20330,9842,-826,53,-139,-0.048,1.241,0.601,-50.366,3.232,-8.476,2.013,0.081,-1.454,-1.845,12,19,OK
A,273827,SHAKE,ALL,1064,8058,13814,-1637,2,-84,0.065,0.492,0.843,-99.817,0.122,-5.122,-3.806,0.081,-1.544,-1.939,12,24,DMP_WAIT
A,273846,SHAKE,ALL,568,-17496,18698,-2279,88,291,0.035,-1.068,1.141,-138.963,5.366,17.744,-1.271,0.081,-1.474,-1.868,12,19,DMP_WAIT
A,273866,SHAKE,ALL,-2654,-32768,20852,-1896,110,474,-0.162,-2.000,1.273,-115.610,6.707,28.902,3.909,0.081,-1.273,-1.653,12,20,DMP_WAIT
A,273886,SHAKE,ALL,-2120,-32768,19648,-121,-117,74,-0.129,-2.000,1.199,-7.378,-7.134,4.512,3.176,-0.104,-1.362,-1.730,12,20,OK
A,273910,SHAKE,ALL,2414,-12536,16220,1600,-354,-334,0.147,-0.765,0.990,97.561,-21.585,-20.366,-6.716,-0.104,-2.022,-2.398,12,24,DMP_WAIT
A,273930,SHAKE,ALL,5106,10800,13142,2097,-288,-483,0.312,0.659,0.802,127.866,-17.561,-29.451,-16.708,-0.104,-2.698,-3.102,12,20,DMP_WAIT
A,273950,SHAKE,ALL,4116,22400,9830,1614,14,-364,0.251,1.367,0.600,98.415,0.854,-22.195,-9.551,-0.104,-2.856,-3.275,12,20,DMP_WAIT
A,273970,SHAKE,ALL,1698,28392,8224,911,323,-136,0.104,1.733,0.502,55.549,19.695,-8.293,-3.288,0.258,-2.516,-2.937,12,20,OK
A,273994,SHAKE,ALL,-1310,28570,8244,197,513,26,-0.080,1.744,0.503,12.012,31.280,1.585,2.523,0.258,-1.725,-2.140,12,24,DMP_WAIT
A,274013,SHAKE,ALL,-3046,23168,10644,-580,440,152,-0.186,1.414,0.650,-35.366,26.829,9.268,6.813,0.258,-1.091,-1.487,12,19,DMP_WAIT
A,274032,SHAKE,ALL,-1998,10860,14944,-1421,177,219,-0.122,0.663,0.912,-86.646,10.793,13.354,6.173,0.258,-0.781,-1.160,12,19,DMP_WAIT
A,274051,SHAKE,ALL,-2768,-16560,18682,-2239,12,458,-0.169,-1.011,1.140,-136.524,0.732,27.927,6.327,-0.263,-0.661,-1.022,12,19,OK
A,274076,SHAKE,ALL,-1310,-32768,20026,-271,-447,-324,-0.080,-2.000,1.222,-16.524,-27.256,-19.756,1.954,-0.263,-1.324,-1.674,12,25,DMP_WAIT
A,274096,SHAKE,ALL,5284,-16772,15644,1699,-667,-772,0.323,-1.024,0.955,103.598,-40.671,-47.073,-12.974,-0.263,-2.392,-2.761,12,20,DMP_WAIT
A,274116,SHAKE,ALL,8628,11162,11858,2463,-455,-777,0.527,0.681,0.724,150.183,-27.744,-47.378,-27.915,0.357,-3.484,-3.905,12,20,OK
A,274141,SHAKE,ALL,6804,25712,8104,1991,97,-545,0.415,1.569,0.495,121.402,5.915,-33.232,-14.165,0.357,-3.600,-4.049,12,25,DMP_WAIT
A,274160,SHAKE,ALL,1452,30594,7074,1171,655,-163,0.089,1.867,0.432,71.402,39.939,-9.939,-2.647,0.357,-2.873,-3.324,12,19,DMP_WAIT
A,274180,SHAKE,ALL,-4612,30518,8962,365,893,83,-0.281,1.863,0.547,22.256,54.451,5.061,8.250,0.357,-1.621,-2.053,12,20,DMP_WAIT
A,274199,SHAKE,ALL,-8792,21670,11894,-576,546,93,-0.537,1.323,0.726,-35.122,33.293,5.671,19.579,-0.040,-0.613,-1.001,12,19,OK
A,274223,SHAKE,ALL,-4918,7552,13578,-1349,-211,0,-0.300,0.461,0.829,-82.256,-12.866,0.000,17.565,-0.040,-0.598,-0.943,12,24,DMP_WAIT
A,274243,SHAKE,ALL,698,-13556,16342,-1878,-584,161,0.043,-0.827,0.997,-114.512,-35.610,9.817,-1.883,-0.040,-1.359,-1.700,12,20,DMP_WAIT
A,274262,SHAKE,ALL,2536,-32768,18962,-1739,-485,228,0.155,-2.000,1.157,-106.037,-29.573,13.902,-3.832,-0.040,-1.995,-2.334,12,19,DMP_WAIT
A,274282,SHAKE,ALL,3806,-32768,18816,-485,-303,-208,0.232,-2.000,1.148,-29.573,-18.476,-12.683,-5.752,0.199,-2.470,-2.811,12,20,OK
A,274307,SHAKE,ALL,4296,-18692,16864,1178,-182,-424,0.262,-1.141,1.029,71.829,-11.098,-25.854,-9.684,0.199,-2.934,-3.287,12,25,DMP_WAIT
A,274327,SHAKE,ALL,5492,5922,14360,2004,-100,-375,0.335,0.361,0.876,122.195,-6.098,-22.866,-19.472,0.199,-3.422,-3.808,12,20,DMP_WAIT
A,274347,SHAKE,ALL,4258,20656,11108,1750,97,-226,0.260,1.261,0.678,106.707,5.915,-13.780,-10.290,0.199,-3.481,-3.882,12,20,DMP_WAIT
A,274366,SHAKE,ALL,1142,25918,8244,1095,340,39,0.070,1.582,0.503,66.768,20.732,2.378,-2.404,0.489,-3.109,-3.509,12,19,OK
A,274390,SHAKE,ALL,-2450,27426,7276,504,515,134,-0.150,1.674,0.444,30.732,31.402,8.171,4.935,0.489,-2.255,-2.640,12,24,DMP_WAIT
A,274409,SHAKE,ALL,-5380,26504,10118,-145,465,-59,-0.328,1.618,0.618,-8.841,28.354,-3.598,10.738,0.489,-1.503,-1.859,12,19,DMP_WAIT
A,274428,SHAKE,ALL,-2556,17104,13496,-1101,108,-264,-0.156,1.044,0.824,-67.134,6.585,-16.098,6.691,0.489,-1.253,-1.587,12,19,DMP_WAIT
A,274448,SHAKE,ALL,1966,-8778,16308,-2094,-129,75,0.120,-0.536,0.995,-127.683,-7.866,4.573,-6.059,0.085,-1.541,-1.881,12,20,OK
A,274473,SHAKE,ALL,-524,-32768,19090,-2142,-119,468,-0.032,-2.000,1.165,-130.610,-7.256,28.537,0.792,0.085,-1.719,-2.050,12,25,DMP_WAIT
A,274492,SHAKE,ALL,-1214,-32768,19514,-679,-264,-18,-0.074,-2.000,1.191,-41.402,-16.098,-1.098,1.823,0.085,-1.984,-2.302,12,19,DMP_WAIT
A,274512,SHAKE,ALL,3882,-21228,16636,1078,-417,-524,0.237,-1.296,1.015,65.732,-25.427,-31.951,-8.191,0.085,-2.645,-2.970,12,20,DMP_WAIT
A,274532,SHAKE,ALL,6880,3730,13202,1961,-296,-547,0.420,0.228,0.806,119.573,-18.049,-33.354,-26.634,0.489,-3.516,-3.889,12,20,OK
A,274557,SHAKE,ALL,1180,26786,7482,1138,442,66,0.072,1.635,0.457,69.390,26.951,4.024,-2.430,0.489,-2.881,-3.255,12,25,DMP_WAIT
A,274576,SHAKE,ALL,-960,30872,7128,449,591,193,-0.059,1.884,0.435,27.378,36.037,11.768,1.735,0.489,-2.154,-2.518,12,19,DMP_WAIT
A,274595,SHAKE,ALL,-3968,26492,10328,-437,565,163,-0.242,1.617,0.630,-26.646,34.451,9.939,7.944,0.121,-1.346,-1.689,12,19,OK
A,274619,SHAKE,ALL,-3174,11928,14690,-1472,281,16,-0.194,0.728,0.897,-89.756,17.134,0.976,9.522,0.121,-0.771,-1.088,12,24,DMP_WAIT
A,274638,SHAKE,ALL,-658,-13310,18804,-2171,32,203,-0.040,-0.812,1.148,-132.378,1.951,12.378,1.636,0.121,-0.723,-1.030,12,19,DMP_WAIT
A,274658,SHAKE,ALL,-2286,-32768,21512,-1836,-45,509,-0.140,-2.000,1.313,-111.951,-2.744,31.037,3.338,0.121,-0.733,-1.026,12,20,DMP_WAIT
A,274678,SHAKE,ALL,-1774,-32768,21134,-224,-226,-34,-0.108,-2.000,1.290,-13.659,-13.780,-2.073,2.605,-0.147,-0.974,-1.254,12,20,OK
A,274703,SHAKE,ALL,2676,-17628,16640,1463,-440,-567,0.163,-1.076,1.016,89.207,-26.829,-34.573,-6.299,-0.147,-1.786,-2.070,12,25,DMP_WAIT
A,274722,SHAKE,ALL,6016,8348,12740,2219,-426,-652,0.367,0.510,0.778,135.305,-25.976,-39.756,-21.553,-0.147,-2.701,-3.023,12,19,DMP_WAIT
A,274742,SHAKE,ALL,5880,22574,8580,1826,-136,-450,0.359,1.378,0.524,111.341,-8.293,-27.439,-13.684,-0.147,-3.121,-3.466,12,20,DMP_WAIT
A,274762,SHAKE,ALL,2388,27364,5858,1032,276,-70,0.146,1.670,0.358,62.927,16.829,-4.268,-4.877,0.428,-2.864,-3.213,12,20,OK
A,274786,SHAKE,ALL,-1772,28216,6308,320,570,137,-0.108,1.722,0.385,19.512,34.756,8.354,3.507,0.428,-1.964,-2.303,12,24,DMP_WAIT
A,274805,SHAKE,ALL,-4076,24814,9674,-503,526,67,-0.249,1.515,0.590,-30.671,32.073,4.085,8.701,0.428,-1.190,-1.504,11,19,DMP_WAIT
A,274824,SHAKE,ALL,-1820,12786,13302,-1477,215,-2,-0.111,0.780,0.812,-90.061,13.110,-0.122,5.634,0.428,-0.845,-1.142,11,19,DMP_WAIT
A,274844,SHAKE,ALL,-772,-12348,16886,-2240,57,327,-0.047,-0.754,1.031,-136.585,3.476,19.939,2.113,-0.119,-0.756,-1.043,11,20,OK
A,274868,SHAKE,ALL,-4148,-32768,21750,-2039,20,544,-0.253,-2.000,1.328,-124.329,1.220,33.171,6.021,-0.119,-0.637,-0.905,11,24,DMP_WAIT
A,274888,SHAKE,ALL,-3420,-32768,21088,-562,-296,-49,-0.209,-2.000,1.287,-34.268,-18.049,-2.988,5.016,-0.119,-0.915,-1.164,11,20,DMP_WAIT
A,274908,SHAKE,ALL,3050,-19666,17366,1262,-622,-614,0.186,-1.200,1.060,76.951,-37.927,-37.439,-6.631,-0.119,-1.811,-2.065,11,20,DMP_WAIT
A,274928,SHAKE,ALL,7118,5922,13126,2147,-570,-687,0.434,0.361,0.801,130.915,-34.756,-41.890,-26.303,0.298,-3.020,-3.321,11,20,OK
A,274952,SHAKE,ALL,6332,22230,9472,1871,-165,-471,0.386,1.357,0.578,114.085,-10.061,-28.720,-14.684,0.298,-3.535,-3.862,11,24,DMP_WAIT
A,274972,SHAKE,ALL,2862,26386,6928,1044,277,-121,0.175,1.610,0.423,63.659,16.890,-7.378,-5.989,0.298,-3.291,-3.625,11,20,DMP_WAIT
A,274992,SHAKE,ALL,-162,28320,6342,292,543,89,-0.010,1.729,0.387,17.805,33.110,5.427,0.320,0.298,-2.608,-2.936,11,20,DMP_WAIT
A,275012,SHAKE,ALL,-2926,24564,8554,-512,600,152,-0.179,1.499,0.522,-31.220,36.585,9.268,6.418,0.180,-1.748,-2.057,11,20,OK
A,275036,SHAKE,ALL,-1156,-4776,16240,-2079,270,243,-0.071,-0.292,0.991,-126.768,16.463,14.817,3.907,0.180,-1.293,-1.590,11,24,DMP_WAIT
A,275055,SHAKE,ALL,-3366,-30210,20962,-2169,223,470,-0.205,-1.844,1.279,-132.256,13.598,28.659,5.230,0.180,-0.945,-1.226,11,19,DMP_WAIT
A,275075,SHAKE,ALL,-4280,-32768,22614,-1111,-38,167,-0.261,-2.000,1.380,-67.744,-2.317,10.183,6.136,-0.348,-0.887,-1.148,11,20,OK
A,275100,SHAKE,ALL,372,-29434,19368,568,-427,-403,0.023,-1.797,1.182,34.634,-26.037,-24.573,-0.605,-0.348,-1.566,-1.822,11,25,DMP_WAIT
A,275120,SHAKE,ALL,5206,-5420,14896,1865,-555,-675,0.318,-0.331,0.909,113.720,-33.841,-41.159,-18.181,-0.348,-2.600,-2.888,11,20,DMP_WAIT
A,275140,SHAKE,ALL,5476,15514,11708,2119,-307,-551,0.334,0.947,0.715,129.207,-18.720,-33.598,-15.735,-0.348,-3.267,-3.582,11,20,DMP_WAIT
A,275160,SHAKE,ALL,3212,23596,7728,1518,49,-237,0.196,1.440,0.472,92.561,2.988,-14.451,-7.371,0.314,-3.329,-3.654,11,20,OK
A,275184,SHAKE,ALL,354,27480,6072,836,310,69,0.022,1.677,0.371,50.976,18.902,4.207,-0.721,0.314,-2.877,-3.199,11,24,DMP_WAIT
A,275202,SHAKE,ALL,-2908,28382,7714,115,388,132,-0.177,1.732,0.471,7.012,23.659,8.049,5.647,0.314,-2.324,-2.627,11,18,DMP_WAIT
A,275221,SHAKE,ALL,-2986,18066,10496,-902,228,-43,-0.182,1.103,0.641,-55.000,13.902,-2.622,8.133,0.314,-1.892,-2.170,11,19,DMP_WAIT
A,275241,SHAKE,ALL,462,3282,13660,-1729,64,-239,0.028,0.200,0.834,-105.427,3.902,-14.573,-1.884,-0.009,-1.853,-2.129,11,20,OK
A,275265,SHAKE,ALL,-324,-19380,18678,-2110,107,6,-0.020,-1.183,1.140,-128.659,6.524,0.366,0.690,-0.009,-1.694,-1.962,11,24,DMP_WAIT
A,275285,SHAKE,ALL,278,-32768,20756,-1629,-58,152,0.017,-2.000,1.267,-99.329,-3.537,9.268,-0.411,-0.009,-1.775,-2.037,11,20,DMP_WAIT
A,275304,SHAKE,ALL,2502,-32768,19378,-318,-244,-48,0.153,-2.000,1.183,-19.390,-14.878,-2.927,-3.760,-0.009,-2.128,-2.390,11,19,DMP_WAIT
A,275324,SHAKE,ALL,3514,-16400,16648,1101,-192,-270,0.214,-1.001,1.016,67.134,-11.707,-16.463,-8.551,0.126,-2.524,-2.797,11,20,OK
A,275349,SHAKE,ALL,2906,4856,14342,1813,-41,-273,0.177,0.296,0.875,110.549,-2.500,-16.646,-10.864,0.126,-2.799,-3.090,11,25,DMP_WAIT
A,275368,SHAKE,ALL,1266,19070,11600,1661,94,-172,0.077,1.164,0.708,101.280,5.732,-10.488,-3.246,0.126,-2.737,-3.029,11,19,DMP_WAIT
A,275388,SHAKE,ALL,-130,24624,9292,1036,164,-18,-0.008,1.503,0.567,63.171,10.000,-1.098,0.283,0.126,-2.519,-2.803,11,20,DMP_WAIT
A,275407,SHAKE,ALL,-8,26946,7636,352,203,-39,0.000,1.645,0.466,21.463,12.378,-2.378,0.016,0.147,-2.273,-2.551,11,19,OK
A,275431,SHAKE,ALL,-926,24038,9850,-436,308,-67,-0.057,1.467,0.601,-26.585,18.780,-4.085,2.041,0.147,-1.791,-2.059,11,24,DMP_WAIT
A,275450,SHAKE,ALL,-1444,11308,14288,-1394,279,21,-0.088,0.690,0.872,-85.000,17.012,1.280,4.531,0.147,-1.384,-1.635,11,19,DMP_WAIT
A,275469,SHAKE,ALL,-1628,-14154,17180,-2135,118,227,-0.099,-0.864,1.049,-130.183,7.195,13.841,4.183,0.147,-1.174,-1.411,11,19,DMP_WAIT
A,275489,SHAKE,ALL,-2508,-32768,19188,-1806,-94,283,-0.153,-2.000,1.171,-110.122,-5.732,17.256,3.779,-0.167,-1.225,-1.446,11,20,OK
A,275514,SHAKE,ALL,3210,-16060,16774,1100,-449,-468,0.196,-0.980,1.024,67.073,-27.378,-28.537,-7.870,-0.167,-2.076,-2.306,11,25,DMP_WAIT
A,275534,SHAKE,ALL,4874,3878,13958,1750,-321,-479,0.297,0.237,0.852,106.707,-19.573,-29.207,-18.595,-0.167,-2.828,-3.090,11,20,DMP_WAIT
A,275553,SHAKE,ALL,3146,16714,11630,1548,-25,-361,0.192,1.020,0.710,94.390,-1.524,-22.012,-8.783,0.391,-3.012,-3.285,11,19,OK
A,275578,SHAKE,ALL,1830,23004,9650,979,220,-195,0.112,1.404,0.589,59.695,13.415,-11.890,-4.196,0.391,-2.754,-3.032,11,25,DMP_WAIT
A,275597,SHAKE,ALL,402,24858,9136,340,395,-59,0.025,1.517,0.558,20.732,24.085,-3.598,-0.870,0.391,-2.304,-2.578,11,19,DMP_WAIT
A,275616,SHAKE,ALL,-1354,22620,11342,-412,464,64,-0.083,1.381,0.692,-25.122,28.293,3.902,3.063,0.391,-1.705,-1.968,11,19,DMP_WAIT
A,275635,SHAKE,ALL,-2300,8910,14156,-1307,383,209,-0.140,0.544,0.864,-79.695,23.354,12.744,7.829,0.007,-1.116,-1.357,11,19,OK
A,275660,SHAKE,ALL,-3174,-13608,17386,-1903,249,380,-0.194,-0.831,1.061,-116.037,15.183,23.171,8.181,0.007,-0.605,-0.824,11,25,DMP_WAIT
A,275679,SHAKE,ALL,-3362,-32768,18694,-1625,4,344,-0.205,-2.000,1.141,-99.085,0.244,20.976,5.093,0.007,-0.523,-0.724,11,19,DMP_WAIT
A,275699,SHAKE,ALL,-1006,-32768,18622,-261,-257,-131,-0.061,-2.000,1.137,-15.915,-15.671,-7.988,1.529,0.007,-0.827,-1.017,11,20,DMP_WAIT
A,275719,SHAKE,ALL,1822,-15910,16934,1154,-435,-449,0.111,-0.971,1.034,70.366,-26.524,-27.378,-4.484,-0.048,-1.458,-1.649,11,20,OK
A,275744,SHAKE,ALL,4704,2802,14184,1783,-442,-511,0.287,0.171,0.866,108.720,-26.951,-31.159,-18.022,-0.048,-2.496,-2.720,11,25,DMP_WAIT
A,275763,SHAKE,ALL,5156,16394,11094,1660,-191,-418,0.315,1.001,0.677,101.220,-11.646,-25.488,-14.599,-0.048,-2.991,-3.239,11,19,DMP_WAIT
A,275783,SHAKE,ALL,2792,23556,9024,1165,174,-162,0.170,1.438,0.551,71.037,10.610,-9.878,-6.316,-0.048,-2.888,-3.143,11,20,DMP_WAIT
A,275803,SHAKE,ALL,-730,27042,8688,561,444,43,-0.045,1.651,0.530,34.207,27.073,2.622,1.472,0.260,-2.308,-2.555,11,20,OK
A,275827,SHAKE,ALL,-2780,25872,11096,-283,430,50,-0.170,1.579,0.677,-17.256,26.220,3.049,5.640,0.260,-1.577,-1.808,12,24,DMP_WAIT
A,275846,SHAKE,ALL,-1360,10608,13282,-1385,202,19,-0.083,0.647,0.811,-84.451,12.317,1.159,4.574,0.260,-1.261,-1.476,12,19,DMP_WAIT
A,275865,SHAKE,ALL,-798,-14572,16994,-2127,105,176,-0.049,-0.889,1.037,-129.695,6.402,10.732,2.042,0.260,-1.112,-1.317,12,19,DMP_WAIT
A,275885,SHAKE,ALL,-2140,-32768,20600,-1834,26,303,-0.131,-2.000,1.257,-111.829,1.585,18.476,3.165,-0.131,-1.033,-1.225,12,20,OK
A,275909,SHAKE,ALL,-2026,-32768,20896,-453,-201,-54,-0.124,-2.000,1.275,-27.622,-12.256,-3.293,2.984,-0.131,-1.286,-1.465,12,24,DMP_WAIT
A,275929,SHAKE,ALL,2144,-22174,16554,1279,-457,-502,0.131,-1.353,1.010,77.988,-27.866,-30.610,-4.430,-0.131,-1.933,-2.113,12,20,DMP_WAIT
A,275949,SHAKE,ALL,5862,4422,13330,2305,-465,-597,0.358,0.270,0.814,140.549,-28.354,-36.402,-22.655,-0.131,-2.941,-3.162,12,20,DMP_WAIT
A,275969,SHAKE,ALL,6000,21066,8752,2153,-136,-407,0.366,1.286,0.534,131.280,-8.293,-24.817,-14.736,0.450,-3.377,-3.623,12,20,OK
A,275994,SHAKE,ALL,-1638,32048,6230,588,704,186,-0.100,1.956,0.380,35.854,42.927,11.341,2.872,0.450,-2.248,-2.484,12,25,DMP_WAIT
A,276014,SHAKE,ALL,-4488,28372,9524,-463,628,201,-0.274,1.732,0.581,-28.232,38.293,12.256,8.529,0.450,-1.320,-1.533,12,20,DMP_WAIT
A,276034,SHAKE,ALL,-3306,11906,13688,-1687,213,103,-0.202,0.727,0.835,-102.866,12.988,6.280,10.328,-0.137,-0.870,-1.056,12,20,OK
A,276058,SHAKE,ALL,-10,-17820,17292,-2583,-34,184,-0.001,-1.088,1.055,-157.500,-2.073,11.220,0.023,-0.137,-0.946,-1.126,12,24,DMP_WAIT
A,276078,SHAKE,ALL,-1120,-32768,19458,-2157,-29,392,-0.068,-2.000,1.188,-131.524,-1.768,23.902,1.683,-0.137,-0.966,-1.136,12,20,DMP_WAIT
A,276098,SHAKE,ALL,-2024,-32768,19322,-84,-127,-1,-0.124,-2.000,1.179,-5.122,-7.744,-0.061,3.046,-0.137,-1.076,-1.232,12,20,DMP_WAIT
A,276117,SHAKE,ALL,244,-14058,15810,1818,-339,-435,0.015,-0.858,0.965,110.854,-20.671,-26.524,-0.661,-0.120,-1.488,-1.638,12,19,OK
A,276142,SHAKE,ALL,5228,14052,11458,2447,-487,-664,0.319,0.858,0.699,149.207,-29.695,-40.488,-16.084,-0.120,-2.555,-2.732,12,25,DMP_WAIT
A,276162,SHAKE,ALL,5782,29190,6664,1840,-215,-486,0.353,1.782,0.407,112.195,-13.110,-29.634,-10.930,-0.120,-3.017,-3.211,12,20,DMP_WAIT
A,276182,SHAKE,ALL,1502,32767,5594,781,253,-90,0.092,2.000,0.341,47.622,15.427,-5.488,-2.587,-0.120,-2.744,-2.937,12,20,DMP_WAIT
A,276201,SHAKE,ALL,-2190,30664,7242,-292,528,61,-0.134,1.872,0.442,-17.805,32.195,3.720,3.976,0.159,-2.046,-2.224,12,19,OK
A,276225,SHAKE,ALL,-3096,20470,12410,-1366,432,71,-0.189,1.249,0.757,-83.293,26.341,4.329,7.369,0.159,-1.284,-1.439,12,24,DMP_WAIT
A,276244,SHAKE,ALL,-408,-4248,16940,-2431,220,204,-0.025,-0.259,1.034,-148.232,13.415,12.439,1.338,0.159,-1.017,-1.163,12,19,DMP_WAIT
A,276264,SHAKE,ALL,-3616,-32768,19404,-2548,161,584,-0.221,-2.000,1.184,-155.366,9.817,35.610,5.424,0.159,-0.734,-0.862,12,20,DMP_WAIT
A,276284,SHAKE,ALL,-4936,-32768,20700,-923,-162,148,-0.301,-2.000,1.263,-56.280,-9.878,9.024,7.258,-0.308,-0.806,-0.910,12,20,OK
A,276309,SHAKE,ALL,1092,-24404,17166,1028,-607,-614,0.067,-1.490,1.048,62.683,-37.012,-37.439,-2.096,-0.308,-1.786,-1.883,12,25,DMP_WAIT
A,276328,SHAKE,ALL,7182,1912,12296,2081,-701,-861,0.438,0.117,0.750,126.890,-42.744,-52.500,-29.992,-0.308,-3.182,-3.337,12,19,DMP_WAIT
A,276348,SHAKE,ALL,7462,22130,7968,2009,-291,-619,0.455,1.351,0.486,122.500,-17.744,-37.744,-17.602,-0.308,-3.856,-4.042,12,20,DMP_WAIT
A,276368,SHAKE,ALL,2788,32767,7486,1198,304,-94,0.170,2.000,0.457,73.049,18.537,-5.732,-4.742,0.465,-3.548,-3.738,12,20,OK
A,276392,SHAKE,ALL,-3328,17632,16636,-1429,537,402,-0.203,1.076,1.015,-87.134,32.744,24.512,7.817,0.465,-2.596,-2.763,12,24,DMP_WAIT
A,276412,SHAKE,ALL,-1538,-16438,18794,-2670,229,627,-0.094,-1.003,1.147,-162.805,13.963,38.232,3.525,0.465,-2.238,-2.390,12,20,DMP_WAIT
A,276431,SHAKE,ALL,-4138,-32768,17960,-2302,110,854,-0.253,-2.000,1.096,-140.366,6.707,52.073,6.319,-0.313,-1.977,-2.109,12,19,OK
A,276456,SHAKE,ALL,-4938,-32768,16194,249,-82,94,-0.301,-2.000,0.988,15.183,-5.000,5.732,7.694,-0.313,-1.954,-2.059,12,25,DMP_WAIT
A,276476,SHAKE,ALL,-252,-1316,13950,2311,-373,-586,-0.015,-0.080,0.851,140.915,-22.744,-35.732,1.030,-0.313,-2.378,-2.470,12,20,DMP_WAIT
A,276496,SHAKE,ALL,5758,25582,10706,2395,-479,-800,0.351,1.561,0.653,146.037,-29.207,-48.780,-11.730,-0.313,-3.175,-3.282,12,20,DMP_WAIT
A,276515,SHAKE,ALL,6054,30986,6798,1161,-111,-516,0.370,1.891,0.415,70.793,-6.768,-31.463,-10.804,0.154,-3.490,-3.610,12,19,OK
A,276540,SHAKE,ALL,1190,27996,8042,89,396,-32,0.073,1.709,0.491,5.427,24.146,-1.951,-2.339,0.154,-2.922,-3.039,12,25,DMP_WAIT
A,276559,SHAKE,ALL,-3740,23092,13998,-755,545,196,-0.228,1.409,0.854,-46.037,33.232,11.951,7.885,0.154,-2.123,-2.214,12,19,DMP_WAIT
A,276578,SHAKE,ALL,-2448,5362,17972,-1764,157,262,-0.149,0.327,1.097,-107.561,9.573,15.976,7.437,0.154,-1.790,-1.855,12,19,DMP_WAIT
A,276598,SHAKE,ALL,1554,-29538,17878,-2518,-115,369,0.095,-1.803,1.091,-153.537,-7.012,22.500,-2.577,-0.239,-1.981,-2.042,12,20,OK
A,276622,SHAKE,ALL,1524,-32768,16608,-1587,-19,161,0.093,-2.000,1.014,-96.768,-1.159,9.817,-2.376,-0.239,-2.061,-2.117,12,24,DMP_WAIT
A,276642,SHAKE,ALL,-62,-29216,15488,804,85,-456,-0.004,-1.783,0.945,49.024,5.183,-27.805,0.107,-0.239,-1.954,-2.000,12,20,DMP_WAIT
A,276661,SHAKE,ALL,766,2760,12726,2427,-21,-690,0.047,0.168,0.777,147.988,-1.280,-42.073,-3.366,-0.239,-2.042,-2.085,12,19,DMP_WAIT
A,276681,SHAKE,ALL,1278,28924,9538,2511,-142,-576,0.078,1.765,0.582,153.110,-8.659,-35.122,-2.403,0.036,-2.257,-2.295,12,20,OK
A,276705,SHAKE,ALL,1224,32767,6194,1526,-180,-163,0.075,2.000,0.378,93.049,-10.976,-9.939,-2.102,0.036,-2.558,-2.589,12,24,DMP_WAIT
A,276725,SHAKE,ALL,216,32767,9886,123,-67,156,0.013,2.000,0.603,7.500,-4.085,9.512,-0.362,0.036,-2.632,-2.653,12,20,DMP_WAIT
A,276744,SHAKE,ALL,1374,16062,13700,-1748,149,70,0.084,0.980,0.836,-106.585,9.085,4.268,-3.724,0.036,-2.520,-2.539,12,19,DMP_WAIT
A,276763,SHAKE,ALL,-472,-20562,18148,-2760,376,149,-0.029,-1.255,1.108,-168.293,22.927,9.085,0.986,-0.045,-2.059,-2.067,12,19,OK
A,276787,SHAKE,ALL,-1166,-32768,20462,-1995,237,251,-0.071,-2.000,1.249,-121.646,14.451,15.305,1.729,-0.045,-1.689,-1.682,12,24,DMP_WAIT
A,276807,SHAKE,ALL,-894,-32768,19312,14,-87,-125,-0.055,-2.000,1.179,0.854,-5.305,-7.622,1.346,-0.045,-1.770,-1.750,12,20,DMP_WAIT
A,276827,SHAKE,ALL,2490,-18210,12970,1781,-315,-529,0.152,-1.111,0.792,108.598,-19.207,-32.256,-6.355,-0.045,-2.276,-2.259,12,20,DMP_WAIT
A,276847,SHAKE,ALL,4694,11964,8188,2583,-283,-654,0.286,0.730,0.500,157.500,-17.256,-39.878,-17.941,0.198,-2.965,-2.978,12,20,OK
A,276871,SHAKE,ALL,-434,31846,7850,489,327,42,-0.026,1.944,0.479,29.817,19.939,2.561,0.758,0.198,-2.467,-2.469,12,24,DMP_WAIT
A,276890,SHAKE,ALL,-434,31846,7850,489,327,42,-0.026,1.944,0.479,29.817,19.939,2.561,0.758,0.198,-2.067,-2.060,12,19,DMP_WAIT
A,276909,SHAKE,ALL,-3140,20882,12364,-921,417,261,-0.192,1.275,0.755,-56.159,25.427,15.915,7.373,-0.051,-1.441,-1.410,12,19,OK
A,276934,SHAKE,ALL,-520,-31460,20142,-2113,-20,10,-0.032,-1.920,1.229,-128.841,-1.220,0.610,0.798,-0.051,-1.474,-1.431,12,25,DMP_WAIT
A,276954,SHAKE,ALL,1814,-32768,17488,-639,-84,-152,0.111,-2.000,1.067,-38.963,-5.122,-9.268,-2.796,-0.051,-1.638,-1.593,12,20,DMP_WAIT
A,276974,SHAKE,ALL,406,-13660,15840,1273,32,-188,0.025,-0.834,0.967,77.622,1.951,-11.463,-1.112,-0.051,-1.627,-1.576,12,20,DMP_WAIT
A,276994,SHAKE,ALL,-36,10036,12478,2043,29,-280,-0.002,0.613,0.762,124.573,1.768,-17.073,0.129,-0.001,-1.595,-1.535,12,20,OK
A,277018,SHAKE,ALL,1384,25466,9194,1621,-51,-306,0.084,1.554,0.561,98.841,-3.110,-18.659,-2.926,-0.001,-1.741,-1.677,12,24,DMP_WAIT
A,277037,SHAKE,ALL,1530,26786,7510,571,-45,-160,0.093,1.635,0.458,34.817,-2.744,-9.756,-3.148,-0.001,-1.856,-1.791,12,19,DMP_WAIT
A,277056,SHAKE,ALL,2030,25044,10220,-459,110,-169,0.124,1.529,0.624,-27.988,6.707,-10.305,-4.292,-0.001,-1.815,-1.752,12,19,DMP_WAIT
A,277076,SHAKE,ALL,232,8904,16098,-1597,329,-58,0.014,0.543,0.983,-97.378,20.061,-3.537,-0.723,0.034,-1.438,-1.369,12,20,OK
A,277100,SHAKE,ALL,-776,-19834,19948,-2295,331,209,-0.047,-1.211,1.218,-139.939,20.183,12.744,1.580,0.034,-0.949,-0.869,12,24,DMP_WAIT
A,277120,SHAKE,ALL,910,-32768,19702,-1680,208,166,0.056,-2.000,1.203,-102.439,12.683,10.122,-1.363,0.034,-0.746,-0.664,12,20,DMP_WAIT
A,277140,SHAKE,ALL,-22,-29890,17700,140,248,-148,-0.001,-1.824,1.080,8.537,15.122,-9.024,0.036,0.034,-0.472,-0.385,12,20,DMP_WAIT
A,277159,SHAKE,ALL,-1504,-5914,13696,1773,175,-331,-0.092,-0.361,0.836,108.110,10.671,-20.183,5.757,-0.232,-0.185,-0.080,12,19,OK
A,277184,SHAKE,ALL,-1782,18768,9288,2284,-65,-371,-0.109,1.146,0.567,139.268,-3.963,-22.622,4.864,-0.232,-0.228,-0.105,12,25,DMP_WAIT
A,277203,SHAKE,ALL,-2834,32767,4396,1791,-356,-213,-0.173,2.000,0.268,109.207,-21.707,-12.988,4.900,-0.232,-0.566,-0.425,12,19,DMP_WAIT
A,277223,SHAKE,ALL,-1450,32767,7732,652,-542,-46,-0.089,2.000,0.472,39.756,-33.049,-2.805,2.466,-0.232,-1.191,-1.035,12,20,DMP_WAIT
A,277242,SHAKE,ALL,756,23394,11602,-1493,-371,-247,0.046,1.428,0.708,-91.037,-22.622,-15.061,-1.658,0.125,-1.657,-1.495,12,19,OK
A,277267,SHAKE,ALL,7064,-11162,14332,-3008,-139,-506,0.431,-0.681,0.875,-183.415,-8.476,-30.854,-21.249,0.125,-2.304,-2.178,12,25,DMP_WAIT
A,277287,SHAKE,ALL,5928,-32768,21768,-2782,176,-101,0.362,-2.000,1.329,-169.634,10.732,-6.159,-8.569,0.125,-2.257,-2.142,12,20,DMP_WAIT
A,277307,SHAKE,ALL,6286,-32768,19154,-888,161,5,0.384,-2.000,1.169,-54.146,9.817,0.305,-9.404,0.125,-2.245,-2.146,12,20,DMP_WAIT
A,277326,SHAKE,ALL,2220,-28402,14778,1143,302,350,0.135,-1.734,0.902,69.695,18.415,21.341,-3.966,0.246,-1.973,-1.877,12,19,OK
A,277351,SHAKE,ALL,-3646,25868,12236,2435,394,-123,-0.223,1.579,0.747,148.476,24.024,-7.500,7.261,0.246,-1.247,-1.130,12,25,DMP_WAIT
A,277370,SHAKE,ALL,-3646,25868,12236,2435,394,-123,-0.223,1.579,0.747,148.476,24.024,-7.500,7.261,0.246,-0.665,-0.528,12,19,DMP_WAIT
A,277390,SHAKE,ALL,-3926,30768,13652,1112,107,-2,-0.240,1.878,0.833,67.805,6.524,-0.122,6.653,-0.094,-0.429,-0.273,12,20,OK
A,277414,SHAKE,ALL,-398,-132,14604,-1123,-344,-148,-0.024,-0.008,0.891,-68.476,-20.976,-9.024,1.561,-0.094,-0.928,-0.760,12,24,DMP_WAIT
A,277434,SHAKE,ALL,3808,-12608,12322,-961,-329,-241,0.232,-0.770,0.752,-58.598,-20.061,-14.695,-12.189,-0.094,-1.584,-1.437,12,20,DMP_WAIT
A,277454,SHAKE,ALL,4356,-7044,9972,35,-67,-119,0.266,-0.430,0.609,2.134,-4.085,-7.256,-19.636,-0.094,-2.063,-1.955,12,20,DMP_WAIT
A,277473,SHAKE,ALL,2014,12370,10618,903,247,10,0.123,0.755,0.648,55.061,15.061,0.610,-7.043,0.131,-1.918,-1.823,12,19,OK
A,277497,SHAKE,ALL,-2240,21116,15084,355,417,166,-0.137,1.289,0.921,21.646,25.427,10.122,4.933,0.131,-1.228,-1.120,12,24,DMP_WAIT
A,277516,SHAKE,ALL,-1684,4640,16582,-1147,157,127,-0.103,0.283,1.012,-69.939,9.573,7.744,5.586,0.131,-0.950,-0.827,12,19,DMP_WAIT
A,277535,SHAKE,ALL,618,-19640,19374,-1927,-87,108,0.038,-1.199,1.182,-117.500,-5.305,6.585,-1.283,0.131,-1.091,-0.968,12,19,DMP_WAIT
A,277555,SHAKE,ALL,1608,-32768,18268,-1261,-101,81,0.098,-2.000,1.115,-76.890,-6.159,4.939,-2.454,-0.089,-1.277,-1.156,12,20,OK
A,277579,SHAKE,ALL,340,-20108,16202,770,3,-73,0.021,-1.227,0.989,46.951,0.183,-4.451,-0.754,-0.089,-1.308,-1.184,12,24,DMP_WAIT
A,277598,SHAKE,ALL,-504,8184,13424,2147,7,-195,-0.031,0.500,0.819,130.915,0.427,-11.890,1.836,-0.089,-1.273,-1.142,12,19,DMP_WAIT
A,277618,SHAKE,ALL,254,27348,10176,1974,-22,-202,0.016,1.669,0.621,120.366,-1.341,-12.317,-0.499,-0.089,-1.321,-1.188,12,20,DMP_WAIT
A,277637,SHAKE,ALL,172,30168,9040,763,-12,-59,0.010,1.841,0.552,46.524,-0.732,-3.598,-0.313,-0.015,-1.351,-1.214,12,19,OK
A,277661,SHAKE,ALL,-982,20810,12234,-628,-14,28,-0.060,1.270,0.747,-38.293,-0.854,1.707,2.329,-0.015,-1.343,-1.196,12,24,DMP_WAIT
A,277680,SHAKE,ALL,394,-694,16158,-1753,-123,5,0.024,-0.042,0.986,-106.890,-7.500,0.305,-1.396,-0.015,-1.519,-1.371,12,19,DMP_WAIT
A,277700,SHAKE,ALL,1292,-28420,19732,-1931,-184,153,0.079,-1.735,1.204,-117.744,-11.220,9.329,-2.139,-0.015,-1.789,-1.640,12,20,DMP_WAIT
A,277720,SHAKE,ALL,2512,-32768,17954,-682,-172,-67,0.153,-2.000,1.096,-41.585,-10.488,-4.085,-3.846,0.082,-2.074,-1.927,12,20,OK
A,277744,SHAKE,ALL,3154,-16624,15534,1293,11,-338,0.193,-1.015,0.948,78.841,0.671,-20.610,-7.892,0.082,-2.220,-2.084,12,24,DMP_WAIT
A,277764,SHAKE,ALL,2180,9842,11422,2325,223,-321,0.133,0.601,0.697,141.768,13.598,-19.573,-8.227,0.082,-2.111,-1.990,12,20,DMP_WAIT
A,277783,SHAKE,ALL,482,28644,8488,2029,396,-176,0.029,1.748,0.518,123.720,24.146,-10.732,-0.924,0.082,-1.674,-1.552,12,19,DMP_WAIT
A,277803,SHAKE,ALL,-2230,32646,8974,809,435,102,-0.136,1.993,0.548,49.329,26.524,6.220,3.768,-0.027,-1.083,-0.951,12,20,OK
A,277827,SHAKE,ALL,-2980,23050,12542,-727,233,83,-0.182,1.407,0.766,-44.329,14.207,5.061,6.479,-0.027,-0.643,-0.494,13,24,DMP_WAIT
A,277846,SHAKE,ALL,-880,-2774,16516,-2070,-79,-10,-0.054,-0.169,1.008,-126.220,-4.817,-0.610,3.008,-0.027,-0.696,-0.537,13,19,DMP_WAIT
A,277866,SHAKE,ALL,678,-32768,19004,-2316,-154,151,0.041,-2.000,1.160,-141.220,-9.390,9.207,-1.025,-0.027,-0.924,-0.765,13,20,DMP_WAIT
A,277885,SHAKE,ALL,1414,-32768,17718,-891,-104,-61,0.086,-2.000,1.081,-54.329,-6.341,-3.720,-2.174,-0.120,-1.103,-0.945,13,19,OK
A,277910,SHAKE,ALL,1466,10246,11164,2443,-128,-264,0.089,0.625,0.681,148.963,-7.805,-16.098,-5.526,-0.120,-1.430,-1.278,13,25,DMP_WAIT
A,277930,SHAKE,ALL,3224,27648,6884,2042,-230,-173,0.197,1.688,0.420,124.512,-14.024,-10.549,-6.456,-0.120,-1.843,-1.702,13,20,DMP_WAIT
A,277950,SHAKE,ALL,3774,32346,4520,864,-49,-66,0.230,1.974,0.276,52.683,-2.988,-4.024,-6.591,0.177,-2.035,-1.904,13,20,OK
A,277974,SHAKE,ALL,-334,31960,10636,-434,356,50,-0.020,1.951,0.649,-26.463,21.707,3.049,0.568,0.177,-1.518,-1.382,13,24,DMP_WAIT
A,277994,SHAKE,ALL,-4508,6808,18024,-2065,354,145,-0.275,0.416,1.100,-125.915,21.585,8.841,13.169,0.177,-0.839,-0.672,13,20,DMP_WAIT
A,278014,SHAKE,ALL,-30,-30680,18696,-2861,-102,3,-0.002,-1.873,1.141,-174.451,-6.220,0.183,0.048,0.177,-0.981,-0.810,13,20,DMP_WAIT
A,278034,SHAKE,ALL,2844,-32768,18096,-1597,-195,-124,0.174,-2.000,1.104,-97.378,-11.890,-7.561,-4.345,0.008,-1.319,-1.153,13,20,OK
A,278058,SHAKE,ALL,2300,-28132,16756,739,69,-379,0.140,-1.717,1.023,45.061,4.207,-23.110,-4.018,0.008,-1.319,-1.158,13,24,DMP_WAIT
A,278078,SHAKE,ALL,1096,1032,13440,2247,241,-339,0.067,0.063,0.820,137.012,14.695,-20.671,-4.648,0.008,-1.136,-0.982,13,20,DMP_WAIT
A,278097,SHAKE,ALL,382,23284,10314,2266,262,-188,0.023,1.421,0.630,138.171,15.976,-11.463,-0.859,0.008,-0.869,-0.715,13,19,DMP_WAIT
A,278117,SHAKE,ALL,-1210,30162,7924,1194,220,58,-0.074,1.841,0.484,72.805,13.415,3.537,2.222,-0.030,-0.582,-0.422,13,20,OK
A,278141,SHAKE,ALL,-2000,27588,9374,-97,175,183,-0.122,1.684,0.572,-5.915,10.671,11.159,3.927,-0.030,-0.286,-0.115,13,24,DMP_WAIT
A,278160,SHAKE,ALL,-3104,15092,15238,-1257,54,-20,-0.189,0.921,0.930,-76.646,3.293,-1.220,8.235,-0.030,-0.090,0.101,13,19,DMP_WAIT
A,278179,SHAKE,ALL,-988,-10090,20058,-2151,-194,-215,-0.060,-0.616,1.224,-131.159,-11.829,-13.110,2.520,-0.030,-0.294,-0.095,13,19,DMP_WAIT
A,278199,SHAKE,ALL,4914,-32768,18806,-2003,-300,-199,0.300,-2.000,1.148,-122.134,-18.293,-12.134,-7.411,-0.047,-0.833,-0.645,13,20,OK
A,278225,SHAKE,ALL,4466,-32768,17064,-58,59,-144,0.273,-2.000,1.042,-3.537,3.598,-8.780,-6.893,-0.047,-0.912,-0.735,13,26,DMP_WAIT
A,278244,SHAKE,ALL,322,-9228,15160,1924,355,-23,0.020,-0.563,0.925,117.317,21.646,-1.402,-1.039,-0.047,-0.547,-0.372,13,19,DMP_WAIT
A,278263,SHAKE,ALL,-1418,16132,11534,2465,265,-67,-0.087,0.985,0.704,150.305,16.159,-4.085,4.090,-0.047,-0.189,-0.004,13,19,DMP_WAIT
A,278283,SHAKE,ALL,-218,28100,6602,1726,-8,-127,-0.013,1.715,0.403,105.244,-0.488,-7.744,0.433,-0.098,-0.224,-0.037,13,20,OK
A,278307,SHAKE,ALL,1904,32767,5462,533,-149,-37,0.116,2.000,0.333,32.500,-9.085,-2.256,-3.280,-0.098,-0.545,-0.361,13,24,DMP_WAIT
A,278326,SHAKE,ALL,1616,25118,10918,-966,8,-19,0.099,1.533,0.666,-58.902,0.488,-1.159,-3.377,-0.098,-0.628,-0.451,13,19,DMP_WAIT
A,278346,SHAKE,ALL,46,-4860,18068,-2480,225,-11,0.003,-0.297,1.103,-151.220,13.720,-0.671,-0.141,-0.098,-0.387,-0.209,13,20,DMP_WAIT
A,278365,SHAKE,ALL,-1112,-32768,22870,-2684,200,100,-0.068,-2.000,1.396,-163.659,12.195,6.098,1.594,-0.165,-0.156,0.025,13,19,OK
A,278390,SHAKE,ALL,156,-20480,14924,1873,39,-196,0.010,-1.250,0.911,114.207,2.378,-11.951,-0.353,-0.165,-0.149,0.033,13,25,DMP_WAIT
A,278409,SHAKE,ALL,-1256,16440,10534,3179,-16,-134,-0.077,1.003,0.643,193.841,-0.976,-8.171,3.681,-0.165,-0.127,0.064,13,19,DMP_WAIT
A,278429,SHAKE,ALL,-516,32754,7844,2437,-148,-33,-0.031,1.999,0.479,148.598,-9.024,-2.012,0.878,-0.093,-0.322,-0.127,13,20,OK
A,278453,SHAKE,ALL,768,30450,4836,580,-194,-55,0.047,1.859,0.295,35.366,-11.829,-3.354,-1.427,-0.093,-0.667,-0.473,13,24,DMP_WAIT
A,278472,SHAKE,ALL,254,22374,8354,-794,-105,-204,0.016,1.366,0.510,-48.415,-6.402,-12.439,-0.609,-0.093,-0.821,-0.626,13,19,DMP_WAIT
A,278492,SHAKE,ALL,1388,6194,15206,-1807,-48,-171,0.085,0.378,0.928,-110.183,-2.927,-10.427,-4.832,-0.093,-0.997,-0.810,13,20,DMP_WAIT
A,278512,SHAKE,ALL,294,-26122,20914,-2421,-24,92,0.018,-1.594,1.276,-147.622,-1.463,5.610,-0.503,0.049,-1.053,-0.865,13,20,OK
A,278536,SHAKE,ALL,4018,-32768,19378,-1442,-90,112,0.245,-2.000,1.183,-87.927,-5.488,6.829,-6.025,0.049,-1.327,-1.149,13,24,DMP_WAIT
A,278556,SHAKE,ALL,1482,-27350,16682,853,160,85,0.090,-1.669,1.018,52.012,9.756,5.183,-2.649,0.049,-1.200,-1.026,13,20,DMP_WAIT
A,278575,SHAKE,ALL,-774,2762,12544,2462,270,-81,-0.047,0.169,0.766,150.122,16.463,-4.939,3.448,0.049,-0.837,-0.654,13,19,DMP_WAIT
A,278594,SHAKE,ALL,-424,29368,9472,2450,208,-230,-0.026,1.792,0.578,149.390,12.683,-14.024,0.787,-0.051,-0.604,-0.419,13,19,OK
A,278618,SHAKE,ALL,-292,32767,6398,1024,109,-71,-0.018,2.000,0.391,62.439,6.646,-4.329,0.501,-0.051,-0.471,-0.283,13,24,DMP_WAIT
A,278637,SHAKE,ALL,-456,28272,7874,-529,74,-28,-0.028,1.726,0.481,-32.256,4.512,-1.707,0.890,-0.051,-0.396,-0.205,13,19,DMP_WAIT
A,278657,SHAKE,ALL,462,9580,13824,-1864,143,-126,0.028,0.585,0.844,-113.659,8.720,-7.683,-1.573,-0.051,-0.286,-0.099,13,20,DMP_WAIT
A,278676,SHAKE,ALL,-2262,-22790,21016,-2559,239,92,-0.138,-1.391,1.283,-156.037,14.573,5.610,4.173,-0.225,0.038,0.235,13,19,OK
A,278700,SHAKE,ALL,1156,-32768,21294,-1723,25,101,0.071,-2.000,1.300,-105.061,1.524,6.159,-1.694,-0.225,-0.006,0.188,13,24,DMP_WAIT
A,278720,SHAKE,ALL,1914,-32768,17820,680,79,-38,0.117,-2.000,1.088,41.463,4.817,-2.317,-2.937,-0.225,-0.008,0.180,13,20,DMP_WAIT
A,278739,SHAKE,ALL,1534,652,13000,2714,172,-112,0.094,0.040,0.793,165.488,10.488,-6.829,-6.721,-0.225,0.017,0.189,13,19,DMP_WAIT
A,278758,SHAKE,ALL,356,30858,9112,2877,209,-111,0.022,1.883,0.556,175.427,12.744,-6.768,-0.634,-0.324,0.205,0.374,13,19,OK
A,278782,SHAKE,ALL,-1304,32767,5590,1411,132,39,-0.080,2.000,0.341,86.037,8.049,2.378,2.247,-0.324,0.390,0.561,13,24,DMP_WAIT
A,278801,SHAKE,ALL,-832,32767,4570,-205,5,-18,-0.051,2.000,0.279,-12.500,0.305,-1.098,1.441,-0.324,0.381,0.553,13,19,DMP_WAIT
A,278820,SHAKE,ALL,4,19192,10008,-1623,22,-198,0.000,1.171,0.611,-98.963,1.341,-12.073,-0.011,-0.324,0.362,0.532,13,19,DMP_WAIT
A,278839,SHAKE,ALL,242,-9352,16338,-2720,128,-94,0.015,-0.571,0.997,-165.854,7.805,-5.732,-0.737,-0.415,0.450,0.615,12,19,OK
A,278863,SHAKE,ALL,-1110,-32768,21108,-2619,156,222,-0.068,-2.000,1.288,-159.695,9.512,13.537,1.631,-0.415,0.652,0.819,12,24,DMP_WAIT
A,278883,SHAKE,ALL,-1390,-32768,21592,-780,-14,64,-0.085,-2.000,1.318,-47.561,-0.854,3.902,2.029,-0.415,0.624,0.793,12,20,DMP_WAIT
A,278902,SHAKE,ALL,-294,-21038,17066,1499,-139,-254,-0.018,-1.284,1.042,91.402,-8.476,-15.488,0.622,-0.415,0.431,0.599,12,19,DMP_WAIT
A,278922,SHAKE,ALL,1326,10206,11870,2676,-241,-386,0.081,0.623,0.724,163.171,-14.695,-23.537,-4.842,-0.345,-0.001,0.156,12,20,OK
A,278947,SHAKE,ALL,2490,32304,7386,2284,-211,-303,0.152,1.972,0.451,139.268,-12.866,-18.476,-4.297,-0.345,-0.449,-0.303,12,25,DMP_WAIT
A,278966,SHAKE,ALL,1842,32767,5122,813,-25,-5,0.112,2.000,0.313,49.573,-1.524,-0.305,-3.179,-0.345,-0.568,-0.430,12,19,DMP_WAIT
A,278985,SHAKE,ALL,-948,26450,8270,-690,230,67,-0.058,1.614,0.505,-42.073,14.024,4.085,1.959,-0.345,-0.292,-0.153,12,19,DMP_WAIT
A,279005,SHAKE,ALL,-1434,7206,14560,-1931,238,-12,-0.088,0.440,0.889,-117.744,14.512,-0.732,5.044,-0.337,0.061,0.209,12,20,OK
A,279029,SHAKE,ALL,-978,-32768,21038,-1625,121,269,-0.060,-2.000,1.284,-99.085,7.378,16.402,1.439,-0.337,0.217,0.366,12,24,DMP_WAIT
A,279048,SHAKE,ALL,-2074,-32768,19400,584,87,-95,-0.127,-2.000,1.184,35.610,5.305,-5.793,3.117,-0.337,0.338,0.491,12,19,DMP_WAIT
A,279067,SHAKE,ALL,-2074,-32768,19400,584,87,-95,-0.127,-2.000,1.184,35.610,5.305,-5.793,3.117,-0.477,0.456,0.614,12,19,OK
A,279092,SHAKE,ALL,2650,25698,9296,2712,-191,-419,0.162,1.568,0.567,165.366,-11.646,-25.549,-5.539,-0.477,0.003,0.149,12,25,DMP_WAIT
A,279111,SHAKE,ALL,2144,32767,5042,1556,-84,-130,0.131,2.000,0.308,94.878,-5.122,-7.927,-3.700,-0.477,-0.202,-0.065,12,19,DMP_WAIT
A,279130,SHAKE,ALL,316,32767,5062,18,134,115,0.019,2.000,0.309,1.098,8.171,7.012,-0.546,-0.477,-0.093,0.041,12,19,DMP_WAIT
A,279149,SHAKE,ALL,-2972,18364,11192,-1439,246,65,-0.181,1.121,0.683,-87.744,15.000,3.963,7.868,-0.413,0.310,0.457,12,19,OK
A,279173,SHAKE,ALL,-3266,-12264,18676,-2470,38,-140,-0.199,-0.749,1.140,-150.610,2.317,-8.537,8.316,-0.413,0.479,0.643,12,24,DMP_WAIT
A,279193,SHAKE,ALL,1026,-32768,23234,-2192,-228,-249,0.063,-2.000,1.418,-133.659,-13.902,-15.183,-1.463,-0.413,0.130,0.291,12,20,DMP_WAIT
A,279213,SHAKE,ALL,7068,-32768,19644,-282,-171,-279,0.431,-2.000,1.199,-17.195,-10.427,-17.012,-10.481,-0.413,-0.324,-0.185,12,20,DMP_WAIT
A,279233,SHAKE,ALL,2980,-16680,14160,2150,323,-23,0.182,-1.018,0.864,131.098,19.695,-1.402,-7.756,-0.299,-0.125,-0.004,12,20,OK
A,279258,SHAKE,ALL,-1288,25446,11584,3301,565,161,-0.079,1.553,0.707,201.280,34.451,9.817,2.638,-0.299,0.727,0.849,12,25,DMP_WAIT
A,279278,SHAKE,ALL,-2320,32767,6066,2112,432,384,-0.142,2.000,0.370,128.780,26.341,23.415,3.983,-0.299,1.271,1.396,12,20,DMP_WAIT
A,279298,SHAKE,ALL,-2782,31602,3432,286,108,298,-0.170,1.929,0.209,17.439,6.585,18.171,5.002,-0.299,1.437,1.568,12,20,DMP_WAIT
A,279318,SHAKE,ALL,-2516,24012,7444,-1158,-174,-219,-0.154,1.466,0.454,-70.610,-10.610,-13.354,5.715,-0.704,1.276,1.416,12,20,OK
A,279344,SHAKE,ALL,1586,2110,15318,-2376,-392,-487,0.097,0.129,0.935,-144.878,-23.902,-29.695,-5.856,-0.704,0.475,0.600,12,26,DMP_WAIT
A,279364,SHAKE,ALL,2572,-31126,18732,-2651,-315,-6,0.157,-1.900,1.143,-161.646,-19.207,-0.366,-4.050,-0.704,-0.029,0.084,12,20,DMP_WAIT
A,279384,SHAKE,ALL,2240,-32768,20652,-1285,-82,232,0.137,-2.000,1.260,-78.354,-5.000,14.146,-3.310,-0.704,-0.231,-0.127,12,20,DMP_WAIT
A,279403,SHAKE,ALL,-296,-24356,19416,970,121,-26,-0.018,-1.487,1.185,59.146,7.378,-1.585,0.544,-0.446,-0.114,-0.011,12,19,OK
A,279428,SHAKE,ALL,1402,21938,9398,2127,-16,-259,0.086,1.339,0.574,129.695,-0.976,-15.793,-3.362,-0.446,-0.250,-0.158,12,25,DMP_WAIT
A,279447,SHAKE,ALL,1402,21938,9398,2127,-16,-259,0.086,1.339,0.574,129.695,-0.976,-15.793,-3.362,-0.446,-0.366,-0.284,12,19,DMP_WAIT
A,279467,SHAKE,ALL,382,30390,6750,1085,-25,-97,0.023,1.855,0.412,66.159,-1.524,-5.915,-0.703,-0.369,-0.441,-0.363,12,20,OK
A,279491,SHAKE,ALL,-1182,11324,13960,-1479,-88,-303,-0.072,0.691,0.852,-90.183,-5.366,-18.476,3.762,-0.369,-0.528,-0.445,12,24,DMP_WAIT
A,279510,SHAKE,ALL,-634,-18882,21600,-2289,-198,-382,-0.039,-1.152,1.318,-139.573,-12.073,-23.293,1.266,-0.369,-0.753,-0.668,12,19,DMP_WAIT
A,279531,SHAKE,ALL,5712,-32768,21132,-1763,-379,-400,0.349,-2.000,1.290,-107.500,-23.110,-24.390,-8.334,-0.369,-1.420,-1.353,12,21,DMP_WAIT
A,279551,SHAKE,ALL,7964,-31718,16922,640,-76,-309,0.486,-1.936,1.033,39.024,-4.634,-18.841,-12.491,0.032,-1.770,-1.732,12,20,OK
A,279575,SHAKE,ALL,2384,3110,11522,2704,512,119,0.146,0.190,0.703,164.878,31.220,7.256,-11.297,0.032,-1.272,-1.264,12,24,DMP_WAIT
A,279595,SHAKE,ALL,-3128,31536,8302,2877,781,337,-0.191,1.925,0.507,175.427,47.622,20.549,5.479,0.032,-0.241,-0.227,12,20,DMP_WAIT
A,279614,SHAKE,ALL,-4216,32767,3560,1316,593,347,-0.257,2.000,0.217,80.244,36.159,21.159,7.289,0.032,0.547,0.571,12,19,DMP_WAIT
A,279633,SHAKE,ALL,-6030,32767,6158,-501,162,41,-0.368,2.000,0.376,-30.549,9.878,2.500,10.252,-0.631,0.889,0.930,12,19,OK
A,279657,SHAKE,ALL,-2806,12852,12382,-2265,-430,-602,-0.171,0.784,0.756,-138.110,-26.220,-36.707,8.936,-0.631,0.388,0.446,12,24,DMP_WAIT
A,279677,SHAKE,ALL,5220,-19882,16004,-3186,-683,-515,0.319,-1.214,0.977,-194.268,-41.646,-31.402,-11.559,-0.631,-0.705,-0.674,12,20,DMP_WAIT
A,279697,SHAKE,ALL,6764,-32768,20790,-2358,-278,305,0.413,-2.000,1.269,-143.780,-16.951,18.598,-9.887,-0.631,-1.259,-1.251,12,20,DMP_WAIT
A,279717,SHAKE,ALL,1092,-32768,21412,-1,227,360,0.067,-2.000,1.307,-0.061,13.841,21.951,-1.598,-0.235,-1.033,-1.030,12,20,OK
A,279742,SHAKE,ALL,-3084,-13094,16636,2237,433,132,-0.188,-0.799,1.015,136.402,26.402,8.049,8.288,-0.235,-0.247,-0.229,12,25,DMP_WAIT
A,279761,SHAKE,ALL,-1806,21646,11906,3085,202,-215,-0.110,1.321,0.727,188.110,12.317,-13.110,4.181,-0.235,0.035,0.060,12,19,DMP_WAIT
A,279781,SHAKE,ALL,-204,32767,4970,2115,16,-325,-0.012,2.000,0.303,128.963,0.976,-19.817,0.353,-0.235,0.023,0.046,12,20,DMP_WAIT
A,279800,SHAKE,ALL,56,32767,3700,462,19,-199,0.003,2.000,0.226,28.171,1.159,-12.134,-0.097,-0.409,0.006,0.026,12,19,OK
A,279824,SHAKE,ALL,-2396,24054,10078,-1260,113,-229,-0.146,1.468,0.615,-76.829,6.890,-13.963,5.249,-0.409,0.228,0.257,12,24,DMP_WAIT
A,279843,SHAKE,ALL,-184,-6032,16688,-2656,-90,-352,-0.011,-0.368,1.019,-161.951,-5.488,-21.463,0.594,-0.409,0.097,0.126,11,19,DMP_WAIT
A,279863,SHAKE,ALL,2668,-32768,19300,-2569,-276,-11,0.163,-2.000,1.178,-156.646,-16.829,-0.671,-4.013,-0.409,-0.353,-0.333,11,20,DMP_WAIT
A,279883,SHAKE,ALL,4842,-32768,20454,-601,-124,143,0.296,-2.000,1.248,-36.646,-7.561,8.720,-7.145,-0.267,-0.675,-0.671,11,20,OK
A,279907,SHAKE,ALL,-2110,11274,12980,2875,338,-24,-0.129,0.688,0.792,175.305,20.610,-1.463,6.997,-0.267,-0.082,-0.065,11,24,DMP_WAIT
A,279927,SHAKE,ALL,-1004,32050,6400,2394,128,-161,-0.061,1.956,0.391,145.976,7.805,-9.817,1.760,-0.267,0.070,0.089,11,20,DMP_WAIT
A,279946,SHAKE,ALL,-1004,32050,6400,2394,128,-161,-0.061,1.956,0.391,145.976,7.805,-9.817,1.760,-0.431,0.213,0.235,11,19,OK
A,279970,SHAKE,ALL,-1250,31976,6776,-706,4,-122,-0.076,1.952,0.414,-43.049,0.244,-7.439,2.190,-0.431,0.213,0.238,11,24,DMP_WAIT
A,279989,SHAKE,ALL,-2502,4910,15254,-2436,-21,-255,-0.153,0.300,0.931,-148.537,-1.280,-15.549,8.874,-0.431,0.326,0.371,11,19,DMP_WAIT
A,280009,SHAKE,ALL,-178,-31882,19830,-2996,-255,-180,-0.011,-1.946,1.210,-182.683,-15.549,-10.976,0.272,-0.431,-0.017,0.029,11,20,DMP_WAIT
A,280029,SHAKE,ALL,4402,-32768,20572,-1483,-295,-3,0.269,-2.000,1.256,-90.427,-17.988,-0.183,-6.491,-0.265,-0.537,-0.504,11,20,OK
A,280054,SHAKE,ALL,3916,-29710,18962,1242,28,-88,0.239,-1.813,1.157,75.732,1.707,-5.366,-6.340,-0.265,-0.659,-0.639,11,25,DMP_WAIT
A,280073,SHAKE,ALL,1414,4520,13096,2909,371,-171,0.086,0.276,0.799,177.378,22.622,-10.427,-5.828,-0.265,-0.377,-0.371,11,19,DMP_WAIT
A,280093,SHAKE,ALL,-732,32767,7722,2807,493,-176,-0.045,2.000,0.471,171.159,30.061,-10.732,1.246,-0.265,0.207,0.213,11,20,DMP_WAIT
A,280112,SHAKE,ALL,-2382,32767,3234,1248,388,153,-0.145,2.000,0.197,76.098,23.659,9.329,4.138,-0.479,0.690,0.702,11,19,OK
A,280136,SHAKE,ALL,-3796,32767,4626,-544,151,128,-0.232,2.000,0.282,-33.171,9.207,7.805,6.544,-0.479,0.978,1.002,11,24,DMP_WAIT
A,280155,SHAKE,ALL,-4560,13032,11446,-2236,-74,-222,-0.278,0.795,0.699,-136.341,-4.512,-13.537,14.730,-0.479,1.134,1.189,11,19,DMP_WAIT
A,280175,SHAKE,ALL,-4,-19630,15972,-3087,-380,-268,0.000,-1.198,0.975,-188.232,-23.171,-16.341,0.009,-0.479,0.619,0.675,11,20,DMP_WAIT
A,280195,SHAKE,ALL,1440,-32768,21050,-2114,-307,128,0.088,-2.000,1.285,-128.902,-18.720,7.805,-2.117,-0.443,0.160,0.212,11,20,OK
A,280219,SHAKE,ALL,2744,-32768,22880,-41,-163,12,0.167,-2.000,1.396,-2.500,-9.939,0.732,-3.928,-0.443,-0.201,-0.156,11,24,DMP_WAIT
A,280239,SHAKE,ALL,1268,-16148,17308,1696,61,-146,0.077,-0.986,1.056,103.415,3.720,-8.902,-3.066,-0.443,-0.224,-0.184,11,20,DMP_WAIT
A,280259,SHAKE,ALL,1930,13426,11354,2580,96,-332,0.118,0.819,0.693,157.317,5.854,-20.244,-6.264,-0.443,-0.267,-0.241,11,20,DMP_WAIT
A,280279,SHAKE,ALL,1554,31344,5480,2079,129,-281,0.095,1.913,0.334,126.768,7.866,-17.134,-2.796,-0.291,-0.202,-0.182,11,20,OK
A,280303,SHAKE,ALL,-126,32767,4172,713,194,35,-0.008,2.000,0.255,43.476,11.829,2.134,0.219,-0.291,0.039,0.058,11,24,DMP_WAIT
A,280322,SHAKE,ALL,-3890,26378,9664,-987,261,101,-0.237,1.610,0.590,-60.183,15.915,6.159,7.884,-0.291,0.457,0.492,11,19,DMP_WAIT
A,280341,SHAKE,ALL,-3496,-618,17540,-2504,42,-158,-0.213,-0.038,1.071,-152.683,2.561,-9.634,11.265,-0.291,0.685,0.744,11,19,DMP_WAIT
A,280360,SHAKE,ALL,-1646,-32768,20834,-2713,-322,-60,-0.100,-2.000,1.272,-165.427,-19.634,-3.659,2.427,-0.430,0.318,0.384,11,19,OK
A,280385,SHAKE,ALL,4826,-32768,20750,-972,-418,-129,0.295,-2.000,1.266,-59.268,-25.488,-7.866,-7.093,-0.430,-0.502,-0.449,11,25,DMP_WAIT
A,280405,SHAKE,ALL,4852,-21668,18700,1291,-54,-177,0.296,-1.323,1.141,78.720,-3.293,-10.793,-9.621,-0.430,-0.787,-0.753,11,20,DMP_WAIT
A,280425,SHAKE,ALL,2028,4090,14124,2443,288,-128,0.124,0.250,0.862,148.963,17.561,-7.805,-7.853,-0.292,-0.622,-0.605,11,20,OK
A,280449,SHAKE,ALL,-1242,32166,5468,1320,329,111,-0.076,1.963,0.334,80.488,20.061,6.768,2.180,-0.292,-0.139,-0.119,11,24,DMP_WAIT
A,280468,SHAKE,ALL,-3108,30382,7174,-118,256,178,-0.190,1.854,0.438,-7.195,15.610,10.854,5.686,-0.292,0.232,0.264,11,19,DMP_WAIT
A,280488,SHAKE,ALL,-5078,14056,11516,-1651,69,-8,-0.310,0.858,0.703,-100.671,4.207,-0.488,15.613,-0.292,0.584,0.650,11,20,DMP_WAIT
A,280507,SHAKE,ALL,-1386,-7026,15998,-2498,-357,-136,-0.085,-0.429,0.976,-152.317,-21.768,-8.293,4.535,-0.534,0.222,0.300,11,19,OK
A,280532,SHAKE,ALL,2174,-32768,19118,-2382,-483,-31,0.133,-2.000,1.167,-145.244,-29.451,-1.890,-3.280,-0.534,-0.617,-0.541,11,25,DMP_WAIT
A,280552,SHAKE,ALL,4356,-32768,18986,-885,-285,-170,0.266,-2.000,1.159,-53.963,-17.378,-10.366,-6.561,-0.534,-1.114,-1.049,11,20,DMP_WAIT
A,280572,SHAKE,ALL,2784,-20218,17422,1180,55,-196,0.170,-1.234,1.063,71.951,3.354,-11.951,-5.955,-0.534,-1.183,-1.128,11,20,DMP_WAIT
A,280591,SHAKE,ALL,1614,5134,13498,2294,197,-186,0.099,0.313,0.824,139.878,12.012,-11.341,-6.377,-0.223,-1.099,-1.055,11,19,OK
A,280616,SHAKE,ALL,1370,24206,8226,2164,276,-151,0.084,1.477,0.502,131.951,16.829,-9.207,-3.067,-0.223,-0.774,-0.736,11,25,DMP_WAIT
A,280635,SHAKE,ALL,-920,32266,5396,1238,379,133,-0.056,1.969,0.329,75.488,23.110,8.110,1.611,-0.223,-0.332,-0.290,11,19,DMP_WAIT
A,280654,SHAKE,ALL,-4178,32767,10460,-148,364,233,-0.255,2.000,0.638,-9.024,22.195,14.207,6.926,-0.223,0.191,0.248,11,19,DMP_WAIT
A,280674,SHAKE,ALL,-2436,5968,13032,-1969,-11,-15,-0.149,0.364,0.795,-120.061,-0.671,-0.915,9.645,-0.577,0.329,0.408,11,20,OK
A,280698,SHAKE,ALL,2384,-22510,16234,-2435,-337,30,0.146,-1.374,0.991,-148.476,-20.549,1.829,-4.910,-0.577,-0.305,-0.234,11,24,DMP_WAIT
A,280718,SHAKE,ALL,1318,-32768,21164,-1414,-152,125,0.080,-2.000,1.292,-86.220,-9.268,7.622,-1.935,-0.577,-0.557,-0.488,11,20,DMP_WAIT
A,280738,SHAKE,ALL,926,-29538,20920,408,9,-352,0.057,-1.803,1.277,24.878,0.549,-21.463,-1.465,-0.577,-0.602,-0.534,11,20,DMP_WAIT
A,280757,SHAKE,ALL,306,-8692,16194,1805,107,-555,0.019,-0.531,0.988,110.061,6.524,-33.841,-0.954,-0.351,-0.523,-0.456,11,19,OK
A,280781,SHAKE,ALL,-182,14080,11526,2234,113,-442,-0.011,0.859,0.703,136.220,6.890,-26.951,0.573,-0.351,-0.385,-0.313,11,24,DMP_WAIT
A,280801,SHAKE,ALL,-942,25326,7396,1625,131,-224,-0.057,1.546,0.451,99.085,7.988,-13.659,2.045,-0.351,-0.217,-0.140,11,20,DMP_WAIT
A,280820,SHAKE,ALL,-444,31026,6566,543,143,-113,-0.027,1.894,0.401,33.110,8.720,-6.890,0.802,-0.351,-0.071,0.010,11,19,DMP_WAIT
A,280839,SHAKE,ALL,-1884,24942,9528,-792,126,39,-0.115,1.522,0.582,-48.293,7.683,2.378,4.036,-0.429,0.119,0.209,11,19,OK
A,280863,SHAKE,ALL,-1370,4100,13748,-2009,-131,158,-0.084,0.250,0.839,-122.500,-7.988,9.634,5.455,-0.429,-0.008,0.098,12,24,DMP_WAIT
A,280883,SHAKE,ALL,2488,-20684,15872,-2384,-263,187,0.152,-1.262,0.969,-145.366,-16.037,11.402,-5.451,-0.429,-0.469,-0.372,12,20,DMP_WAIT
A,280903,SHAKE,ALL,-534,-32768,20990,-1497,36,210,-0.033,-2.000,1.281,-91.280,2.195,12.805,0.786,-0.429,-0.439,-0.337,12,20,DMP_WAIT
A,280922,SHAKE,ALL,-1924,-29000,22352,188,53,-235,-0.117,-1.770,1.364,11.463,3.232,-14.329,3.008,-0.422,-0.346,-0.234,12,19,OK
A,280947,SHAKE,ALL,2850,7806,13012,2150,-137,-548,0.174,0.476,0.794,131.098,-8.354,-33.415,-10.638,-0.422,-0.803,-0.711,12,25,DMP_WAIT
A,280966,SHAKE,ALL,2428,22076,9238,1855,88,-343,0.148,1.347,0.564,113.110,5.366,-20.915,-5.793,-0.422,-0.839,-0.758,12,19,DMP_WAIT
A,280986,SHAKE,ALL,700,25756,6704,964,378,-14,0.043,1.572,0.409,58.780,23.049,-0.854,-1.507,-0.238,-0.439,-0.360,12,20,OK
A,281010,SHAKE,ALL,-2514,27128,8462,27,532,278,-0.153,1.656,0.516,1.646,32.439,16.951,5.056,-0.238,0.389,0.479,12,24,DMP_WAIT
A,281029,SHAKE,ALL,-5802,17230,12942,-1086,303,382,-0.354,1.052,0.790,-66.220,18.476,23.293,15.069,-0.238,0.991,1.113,12,19,DMP_WAIT
A,281048,SHAKE,ALL,-3018,-3988,17534,-2076,-285,120,-0.184,-0.243,1.070,-126.585,-17.378,7.317,9.528,-0.238,0.802,0.947,12,19,DMP_WAIT
A,281068,SHAKE,ALL,-920,-32768,21240,-2236,-575,-56,-0.056,-2.000,1.296,-136.341,-35.061,-3.415,1.350,-0.490,0.088,0.240,12,20,OK
A,281093,SHAKE,ALL,6330,-32768,17060,-660,-579,-443,0.386,-2.000,1.041,-40.244,-35.305,-27.012,-9.723,-0.490,-1.021,-0.883,12,25,DMP_WAIT
A,281113,SHAKE,ALL,6980,-18384,15406,1896,-29,-544,0.426,-1.122,0.940,115.610,-1.768,-33.171,-16.225,-0.490,-1.397,-1.291,12,20,DMP_WAIT
A,281132,SHAKE,ALL,3616,12662,12616,2991,457,-178,0.221,0.773,0.770,182.378,27.866,-10.854,-11.437,-0.490,-1.115,-1.033,12,19,DMP_WAIT
A,281152,SHAKE,ALL,-960,26314,8850,2313,650,175,-0.059,1.606,0.540,141.037,39.634,10.671,1.980,-0.294,-0.314,-0.228,12,20,OK
A,281176,SHAKE,ALL,-2158,29916,6412,978,535,308,-0.132,1.826,0.391,59.634,32.622,18.780,4.035,-0.294,0.494,0.587,12,24,DMP_WAIT
A,281196,SHAKE,ALL,-3780,27684,7124,-333,328,186,-0.231,1.690,0.435,-20.305,20.000,11.341,7.533,-0.294,0.989,1.097,12,20,DMP_WAIT
A,281215,SHAKE,ALL,-5140,15054,11302,-1594,27,-47,-0.314,0.919,0.690,-97.195,1.646,-2.866,15.272,-0.294,1.270,1.409,12,19,DMP_WAIT
A,281234,SHAKE,ALL,-848,-4442,16746,-2362,-382,-253,-0.052,-0.271,1.022,-144.024,-23.293,-15.427,2.802,-0.640,0.831,0.977,12,19,OK
A,281259,SHAKE,ALL,1978,-30586,20472,-2324,-428,-53,0.121,-1.867,1.250,-141.707,-26.098,-3.232,-3.076,-0.640,0.066,0.210,12,25,DMP_WAIT
A,281279,SHAKE,ALL,4146,-32768,19306,-997,-244,-50,0.253,-2.000,1.178,-60.793,-14.878,-3.049,-6.221,-0.640,-0.389,-0.257,12,20,DMP_WAIT
A,281299,SHAKE,ALL,2604,-21986,17382,1212,63,-220,0.159,-1.342,1.061,73.902,3.841,-13.415,-5.308,-0.640,-0.450,-0.327,12,20,DMP_WAIT
A,281319,SHAKE,ALL,2034,4470,13550,2486,203,-140,0.124,0.273,0.827,151.585,12.378,-8.537,-8.113,-0.371,-0.399,-0.293,12,20,OK
A,281343,SHAKE,ALL,782,23486,9178,2313,270,22,0.048,1.433,0.560,141.037,16.463,1.341,-1.776,-0.371,-0.084,0.016,12,24,DMP_WAIT
A,281362,SHAKE,ALL,-1610,31050,6766,1224,290,226,-0.098,1.895,0.413,74.634,17.683,13.780,2.900,-0.371,0.269,0.374,12,19,DMP_WAIT
A,281381,SHAKE,ALL,-4128,28370,6526,-107,188,204,-0.252,1.732,0.398,-6.524,11.463,12.439,8.071,-0.371,0.602,0.724,12,19,DMP_WAIT
A,281400,SHAKE,ALL,-4108,20520,9828,-1402,-136,-131,-0.251,1.252,0.600,-85.488,-8.293,-7.988,10.235,-0.642,0.604,0.748,12,19,OK
A,281425,SHAKE,ALL,2790,-25910,17866,-2745,-380,-33,0.170,-1.581,1.090,-167.378,-23.171,-2.012,-5.066,-0.642,-0.124,0.011,12,25,DMP_WAIT
A,281445,SHAKE,ALL,1656,-32768,20892,-1694,-192,174,0.101,-2.000,1.275,-103.293,-11.707,10.610,-2.440,-0.642,-0.438,-0.306,12,20,DMP_WAIT
A,281465,SHAKE,ALL,2540,-32768,19134,488,-91,-201,0.155,-2.000,1.168,29.756,-5.549,-12.256,-3.830,-0.252,-0.652,-0.527,12,20,OK
A,281489,SHAKE,ALL,3474,-8296,14956,2345,18,-414,0.212,-0.506,0.913,142.988,1.098,-25.244,-11.482,-0.252,-0.888,-0.787,12,24,DMP_WAIT
A,281509,SHAKE,ALL,2534,18114,11642,2835,182,-384,0.155,1.106,0.711,172.866,11.098,-23.415,-6.712,-0.252,-0.825,-0.739,12,20,DMP_WAIT
A,281528,SHAKE,ALL,152,29208,8380,1965,335,-157,0.009,1.783,0.511,119.817,20.427,-9.573,-0.287,-0.252,-0.470,-0.386,12,19,DMP_WAIT
A,281548,SHAKE,ALL,-1302,29758,6408,611,375,51,-0.079,1.816,0.391,37.256,22.866,3.110,2.449,-0.282,-0.001,0.085,12,20,OK
A,281572,SHAKE,ALL,-3036,26204,7482,-659,320,32,-0.185,1.599,0.457,-40.183,19.512,1.951,6.357,-0.282,0.540,0.637,12,24,DMP_WAIT
A,281591,SHAKE,ALL,-3866,11786,11862,-1789,87,-35,-0.236,0.719,0.724,-109.085,5.305,-2.134,13.018,-0.282,0.852,0.977,12,19,DMP_WAIT
A,281610,SHAKE,ALL,-880,-10834,16138,-2456,-220,-24,-0.054,-0.661,0.985,-149.756,-13.415,-1.463,2.592,-0.282,0.601,0.731,12,19,DMP_WAIT
A,281630,SHAKE,ALL,848,-32768,19272,-2144,-234,138,0.052,-2.000,1.176,-130.732,-14.268,8.415,-1.278,-0.428,0.246,0.374,12,20,OK
A,281655,SHAKE,ALL,1102,-32768,21136,-473,-194,-83,0.067,-2.000,1.290,-28.841,-11.829,-5.061,-1.619,-0.428,-0.128,-0.002,12,25,DMP_WAIT
A,281674,SHAKE,ALL,2828,-20578,16608,1326,-184,-418,0.173,-1.256,1.014,80.854,-11.220,-25.488,-6.104,-0.428,-0.493,-0.379,12,19,DMP_WAIT
A,281694,SHAKE,ALL,4116,5640,12050,2408,-79,-372,0.251,0.344,0.735,146.829,-4.817,-22.683,-17.190,-0.428,-0.959,-0.883,12,20,DMP_WAIT
A,281714,SHAKE,ALL,1816,25822,8076,2251,176,-90,0.111,1.576,0.493,137.256,10.732,-5.488,-3.840,-0.117,-0.844,-0.778,12,20,OK
A,281738,SHAKE,ALL,-1476,32554,6228,1128,383,246,-0.090,1.987,0.380,68.780,23.354,15.000,2.550,-0.117,-0.272,-0.203,12,24,DMP_WAIT
A,281758,SHAKE,ALL,-5712,30998,9280,-330,348,149,-0.349,1.892,0.566,-20.122,21.220,9.085,10.011,-0.117,0.311,0.400,12,20,DMP_WAIT
A,281777,SHAKE,ALL,-3812,14796,12422,-1908,-131,-276,-0.233,0.903,0.758,-116.341,-7.988,-16.829,11.162,-0.117,0.344,0.455,12,19,DMP_WAIT
A,281797,SHAKE,ALL,4004,-11486,15986,-2885,-510,-234,0.244,-0.701,0.976,-175.915,-31.098,-14.268,-11.498,-0.273,-0.540,-0.453,12,20,OK
A,281822,SHAKE,ALL,4832,-32768,21604,-2541,-255,459,0.295,-2.000,1.319,-154.939,-15.549,27.988,-7.018,-0.273,-1.098,-1.026,12,25,DMP_WAIT
A,281842,SHAKE,ALL,1006,-32768,20694,-602,80,218,0.061,-2.000,1.263,-36.707,4.878,13.293,-1.487,-0.273,-1.048,-0.980,12,20,DMP_WAIT
A,281861,SHAKE,ALL,-1116,-22996,16634,1990,172,-303,-0.068,-1.404,1.015,121.341,10.488,-18.476,2.252,-0.273,-0.823,-0.750,12,19,DMP_WAIT
A,281881,SHAKE,ALL,1194,13100,12516,3310,-13,-517,0.073,0.800,0.764,201.829,-0.793,-31.524,-3.770,-0.154,-0.935,-0.870,12,20,OK
A,281906,SHAKE,ALL,-238,32767,4014,1135,134,-210,-0.015,2.000,0.245,69.207,8.171,-12.805,0.413,-0.154,-0.755,-0.690,12,25,DMP_WAIT
A,281925,SHAKE,ALL,-1976,32356,6086,-316,221,-68,-0.121,1.975,0.371,-19.268,13.476,-4.146,3.435,-0.154,-0.457,-0.384,12,19,DMP_WAIT
A,281945,SHAKE,ALL,-2462,16494,12306,-1795,50,-5,-0.150,1.007,0.751,-109.451,3.049,-0.305,6.822,-0.195,-0.289,-0.202,12,20,OK
A,281969,SHAKE,ALL,1716,-12552,15678,-2853,-277,212,0.105,-0.766,0.957,-173.963,-16.890,12.927,-4.884,-0.195,-0.824,-0.746,12,24,DMP_WAIT
A,281989,SHAKE,ALL,858,-32768,20274,-2356,-185,601,0.052,-2.000,1.237,-143.659,-11.280,36.646,-1.276,-0.195,-1.092,-1.015,12,20,DMP_WAIT
A,282009,SHAKE,ALL,602,-32768,22578,-506,-125,52,0.037,-2.000,1.378,-30.854,-7.622,3.171,-0.867,-0.195,-1.274,-1.198,12,20,DMP_WAIT
A,282028,SHAKE,ALL,2248,-25664,17028,1428,-83,-509,0.137,-1.566,1.039,87.073,-5.061,-31.037,-4.175,-0.075,-1.463,-1.393,12,19,OK
A,282053,SHAKE,ALL,2840,2244,11132,2803,-51,-626,0.173,0.137,0.679,170.915,-3.110,-38.171,-14.041,-0.075,-1.838,-1.799,12,25,DMP_WAIT
A,282073,SHAKE,ALL,1716,28366,6532,2855,85,-564,0.105,1.731,0.399,174.085,5.183,-34.390,-3.374,-0.075,-1.805,-1.773,12,20,DMP_WAIT
A,282092,SHAKE,ALL,-30,32767,3548,1612,267,-236,-0.002,2.000,0.217,98.293,16.280,-14.390,0.052,-0.075,-1.500,-1.468,12,19,DMP_WAIT
A,282111,SHAKE,ALL,-2502,32767,5834,-138,431,62,-0.153,2.000,0.356,-8.415,26.280,3.780,4.299,-0.025,-0.931,-0.890,12,19,OK
A,282135,SHAKE,ALL,-3698,19784,11314,-2022,258,93,-0.226,1.208,0.691,-123.293,15.732,5.671,9.216,-0.025,-0.403,-0.342,12,24,DMP_WAIT
A,282155,SHAKE,ALL,-514,-13328,15632,-3302,-219,267,-0.031,-0.813,0.954,-201.341,-13.354,16.280,1.433,-0.025,-0.666,-0.601,12,20,DMP_WAIT
A,282175,SHAKE,ALL,436,-32768,20876,-2812,-262,665,0.027,-2.000,1.274,-171.463,-15.976,40.549,-0.643,-0.025,-1.017,-0.951,12,20,DMP_WAIT
A,282195,SHAKE,ALL,1718,-32768,21496,-663,-111,55,0.105,-2.000,1.312,-40.427,-6.768,3.354,-2.510,-0.194,-1.217,-1.154,12,20,OK
A,282219,SHAKE,ALL,896,-24006,17964,1671,66,-387,0.055,-1.465,1.096,101.890,4.024,-23.598,-1.712,-0.194,-1.178,-1.116,12,24,DMP_WAIT
A,282239,SHAKE,ALL,1778,6944,13484,2973,55,-483,0.109,0.424,0.823,181.280,3.354,-29.451,-6.686,-0.194,-1.260,-1.212,12,20,DMP_WAIT
A,282259,SHAKE,ALL,1538,27054,8934,2682,90,-428,0.094,1.651,0.545,163.537,5.488,-26.098,-3.090,-0.194,-1.227,-1.185,12,20,DMP_WAIT
A,282279,SHAKE,ALL,190,32767,5412,1440,131,-193,0.012,2.000,0.330,87.805,7.988,-11.768,-0.328,-0.025,-1.090,-1.048,12,20,OK
A,282303,SHAKE,ALL,-902,31910,5680,76,188,-68,-0.055,1.948,0.347,4.634,11.463,-4.146,1.594,-0.025,-0.812,-0.766,12,24,DMP_WAIT
A,282322,SHAKE,ALL,-1796,20940,10658,-1339,177,-51,-0.110,1.278,0.651,-81.646,10.793,-3.110,4.371,-0.025,-0.544,-0.487,12,19,DMP_WAIT
A,282341,SHAKE,ALL,384,-1688,15814,-2519,1,122,0.023,-0.103,0.965,-153.598,0.061,7.439,-1.383,-0.260,-0.595,-0.540,12,19,OK
A,282365,SHAKE,ALL,-1946,-32768,21202,-993,50,329,-0.119,-2.000,1.294,-60.549,3.049,20.061,2.854,-0.260,-0.500,-0.437,12,24,DMP_WAIT
A,282385,SHAKE,ALL,-192,-25394,18444,1009,-66,-218,-0.012,-1.550,1.126,61.524,-4.024,-13.293,0.351,-0.260,-0.600,-0.535,12,20,DMP_WAIT
A,282405,SHAKE,ALL,2618,-1302,12672,2292,-140,-487,0.160,-0.079,0.773,139.756,-8.537,-29.695,-11.613,-0.260,-1.025,-0.985,12,20,DMP_WAIT
A,282425,SHAKE,ALL,1488,20970,8260,2470,-8,-535,0.091,1.280,0.504,150.610,-0.488,-32.622,-3.777,-0.089,-1.127,-1.095,12,20,OK
A,282449,SHAKE,ALL,568,32767,5394,1598,94,-410,0.035,2.000,0.329,97.439,5.732,-25.000,-0.980,-0.089,-1.035,-1.005,12,24,DMP_WAIT
A,282468,SHAKE,ALL,-620,32767,6688,99,182,-135,-0.038,2.000,0.408,6.037,11.098,-8.232,1.062,-0.089,-0.822,-0.789,12,19,DMP_WAIT
A,282487,SHAKE,ALL,-52,20036,10196,-1646,149,139,-0.003,1.223,0.622,-100.366,9.085,8.476,0.133,-0.089,-0.670,-0.637,12,19,DMP_WAIT
A,282507,SHAKE,ALL,-428,-8394,15994,-2811,42,512,-0.026,-0.512,0.976,-171.402,2.561,31.220,1.357,-0.241,-0.617,-0.581,12,20,OK
A,282531,SHAKE,ALL,-2232,-32768,21992,-2628,-51,747,-0.136,-2.000,1.342,-160.244,-3.110,45.549,3.237,-0.241,-0.659,-0.614,12,24,DMP_WAIT
A,282551,SHAKE,ALL,854,-32768,21182,-952,-165,103,0.052,-2.000,1.293,-58.049,-10.061,6.280,-1.254,-0.241,-0.906,-0.862,12,20,DMP_WAIT
A,282571,SHAKE,ALL,2266,-27302,16214,1465,-100,-405,0.138,-1.666,0.990,89.329,-6.098,-24.695,-4.082,-0.241,-1.126,-1.090,12,20,DMP_WAIT
A,282590,SHAKE,ALL,1448,6910,11064,3087,-5,-609,0.088,0.422,0.675,188.232,-0.305,-37.134,-6.334,-0.141,-1.272,-1.248,12,19,OK
A,282615,SHAKE,ALL,222,32767,7752,2880,121,-723,0.014,2.000,0.473,175.610,7.378,-44.085,-0.378,-0.141,-1.121,-1.097,12,25,DMP_WAIT
A,282634,SHAKE,ALL,-1386,32767,5218,1148,188,-465,-0.085,2.000,0.318,70.000,11.463,-28.354,2.392,-0.141,-0.873,-0.844,12,19,DMP_WAIT
A,282654,SHAKE,ALL,-2196,29446,6426,-661,134,-100,-0.134,1.797,0.392,-40.305,8.171,-6.098,4.167,-0.141,-0.650,-0.610,12,20,DMP_WAIT
A,282673,SHAKE,ALL,6,14498,10782,-2033,-60,137,0.000,0.885,0.658,-123.963,-3.659,8.354,-0.019,-0.141,-0.741,-0.700,12,19,OK
A,282697,SHAKE,ALL,1204,-12584,15872,-2845,-164,590,0.073,-0.768,0.969,-173.476,-10.000,35.976,-3.402,-0.141,-1.075,-1.039,12,24,DMP_WAIT
A,282717,SHAKE,ALL,326,-32768,21344,-2402,-53,843,0.020,-2.000,1.303,-146.463,-3.232,51.402,-0.478,-0.141,-1.165,-1.128,12,20,DMP_WAIT
A,282737,SHAKE,ALL,-1730,-32768,22828,-901,26,284,-0.106,-2.000,1.393,-54.939,1.585,17.317,2.480,-0.141,-1.098,-1.054,12,20,DMP_WAIT
A,282756,SHAKE,ALL,24,-28620,17952,1091,-59,-404,0.001,-1.747,1.096,66.524,-3.598,-24.634,-0.041,-0.279,-1.180,-1.133,12,19,OK
A,282781,SHAKE,ALL,3040,650,12568,2614,-131,-697,0.186,0.040,0.767,159.390,-7.988,-42.500,-13.580,-0.279,-1.671,-1.651,12,25,DMP_WAIT
A,282801,SHAKE,ALL,2638,25530,9382,2701,42,-729,0.161,1.558,0.573,164.695,2.561,-44.451,-5.540,-0.279,-1.736,-1.726,12,20,DMP_WAIT
A,282820,SHAKE,ALL,766,32767,6378,1536,248,-456,0.047,2.000,0.389,93.659,15.122,-27.805,-1.315,-0.279,-1.482,-1.474,12,19,DMP_WAIT
A,282839,SHAKE,ALL,-1504,30780,7032,182,329,-54,-0.092,1.879,0.429,11.098,20.061,-3.293,2.727,-0.080,-1.060,-1.046,12,19,OK
A,282863,SHAKE,ALL,-912,-2942,18210,-2351,-108,295,-0.056,-0.180,1.111,-143.354,-6.585,17.988,2.830,-0.080,-1.183,-1.161,12,24,DMP_WAIT
A,282883,SHAKE,ALL,1722,-32768,19946,-2669,-217,416,0.105,-2.000,1.217,-162.744,-13.232,25.366,-2.570,-0.080,-1.508,-1.489,11,20,DMP_WAIT
A,282903,SHAKE,ALL,2056,-32768,17308,-770,-80,-22,0.125,-2.000,1.056,-46.951,-4.878,-1.341,-3.176,-0.209,-1.675,-1.660,11,20,OK
A,282928,SHAKE,ALL,1880,-16646,14882,1906,99,-403,0.115,-1.016,0.908,116.220,6.037,-24.573,-4.813,-0.209,-1.637,-1.631,11,25,DMP_WAIT
A,282948,SHAKE,ALL,1434,17222,12236,2946,203,-427,0.088,1.051,0.747,179.634,12.378,-26.037,-3.883,-0.209,-1.477,-1.478,11,20,DMP_WAIT
A,282967,SHAKE,ALL,-164,31530,7218,2099,285,-310,-0.010,1.924,0.441,127.988,17.378,-18.902,0.291,-0.209,-1.154,-1.154,11,19,DMP_WAIT
A,282987,SHAKE,ALL,-2890,31526,4864,618,188,-7,-0.176,1.924,0.297,37.683,11.463,-0.427,5.177,-0.214,-0.840,-0.828,11,20,OK
A,283011,SHAKE,ALL,-2472,26072,6588,-710,-66,25,-0.151,1.591,0.402,-43.293,-4.024,1.524,5.252,-0.214,-0.859,-0.833,11,24,DMP_WAIT
A,283030,SHAKE,ALL,116,11586,12742,-1923,-247,-96,0.007,0.707,0.778,-117.256,-15.061,-5.854,-0.386,-0.214,-1.166,-1.138,11,19,DMP_WAIT
A,283050,SHAKE,ALL,2430,-19680,17992,-2816,-310,130,0.148,-1.201,1.098,-171.707,-18.902,7.927,-5.207,-0.214,-1.655,-1.635,11,20,DMP_WAIT
A,283070,SHAKE,ALL,3004,-32768,21058,-2233,-187,241,0.183,-2.000,1.285,-136.159,-11.402,14.695,-4.410,-0.099,-1.971,-1.957,11,20,OK
A,283095,SHAKE,ALL,2158,-32768,19966,-182,34,-121,0.132,-2.000,1.219,-11.098,2.073,-7.378,-3.219,-0.099,-1.993,-1.982,11,25,DMP_WAIT
A,283114,SHAKE,ALL,1860,-16162,15446,1834,103,-257,0.114,-0.986,0.943,111.829,6.280,-15.671,-4.756,-0.099,-1.967,-1.963,11,19,DMP_WAIT
A,283134,SHAKE,ALL,1296,11450,11020,2698,133,-413,0.079,0.699,0.673,164.512,8.110,-25.183,-4.662,-0.099,-1.900,-1.904,11,20,DMP_WAIT
A,283153,SHAKE,ALL,1880,30586,7132,2175,209,-535,0.115,1.867,0.435,132.622,12.744,-32.622,-3.426,0.039,-1.729,-1.738,11,19,OK
A,283178,SHAKE,ALL,948,32767,5646,834,374,-244,0.058,2.000,0.345,50.854,22.805,-14.878,-1.633,0.039,-1.216,-1.228,11,25,DMP_WAIT
A,283197,SHAKE,ALL,-3998,28684,10486,-691,505,131,-0.244,1.751,0.640,-42.134,30.793,7.988,7.458,0.039,-0.505,-0.501,11,19,DMP_WAIT
A,283216,SHAKE,ALL,-3976,9422,14782,-2149,156,220,-0.243,0.575,0.902,-131.037,9.512,13.415,12.780,0.039,-0.098,-0.065,11,19,DMP_WAIT
A,283236,SHAKE,ALL,-2200,-22958,19074,-2932,-245,414,-0.134,-1.401,1.164,-178.780,-14.939,25.244,4.216,-0.345,-0.342,-0.297,11,20,OK
A,283261,SHAKE,ALL,-756,-32768,21146,-2105,-408,314,-0.046,-2.000,1.291,-128.354,-24.878,19.146,1.111,-0.345,-0.970,-0.917,11,25,DMP_WAIT
A,283281,SHAKE,ALL,1564,-32768,19928,92,-391,-472,0.095,-2.000,1.216,5.610,-23.841,-28.780,-2.335,-0.345,-1.502,-1.448,11,20,DMP_WAIT
A,283301,SHAKE,ALL,6168,-14368,14410,2250,-275,-835,0.376,-0.877,0.880,137.195,-16.768,-50.915,-16.863,0.190,-2.176,-2.154,11,20,OK
A,283325,SHAKE,ALL,2296,31306,5394,2376,654,-223,0.140,1.911,0.329,144.878,39.878,-13.598,-4.134,0.190,-1.323,-1.307,11,24,DMP_WAIT
A,283345,SHAKE,ALL,-3354,32767,5806,1021,926,218,-0.205,2.000,0.354,62.256,56.463,13.293,5.755,0.190,-0.112,-0.083,11,20,DMP_WAIT
A,283364,SHAKE,ALL,-6836,29338,9024,-457,632,232,-0.417,1.791,0.551,-27.866,38.537,14.146,12.555,0.190,0.823,0.879,11,19,DMP_WAIT
A,283383,SHAKE,ALL,-4236,14332,12128,-1796,-56,32,-0.259,0.875,0.740,-109.512,-3.415,1.951,12.714,-0.476,0.961,1.047,11,19,OK
A,283408,SHAKE,ALL,608,-12212,15038,-2687,-403,159,0.037,-0.745,0.918,-163.841,-24.573,9.695,-1.798,-0.476,0.256,0.343,11,25,DMP_WAIT
A,283427,SHAKE,ALL,1922,-32768,17676,-2270,-229,449,0.117,-2.000,1.079,-138.415,-13.963,27.378,-2.955,-0.476,-0.104,-0.020,11,19,DMP_WAIT
A,283447,SHAKE,ALL,-1616,-32768,21076,-522,41,34,-0.099,-2.000,1.286,-31.829,2.500,2.073,2.375,-0.476,-0.043,0.050,11,20,DMP_WAIT
A,283467,SHAKE,ALL,746,-20144,17906,1204,-77,-481,0.046,-1.229,1.093,73.415,-4.695,-29.329,-1.585,-0.373,-0.204,-0.111,11,20,OK
A,283491,SHAKE,ALL,2558,1418,11338,2213,-193,-590,0.156,0.087,0.692,134.939,-11.768,-35.976,-12.619,-0.373,-0.774,-0.705,11,24,DMP_WAIT
A,283511,SHAKE,ALL,3418,26250,7360,2321,-75,-608,0.209,1.602,0.449,141.524,-4.573,-37.073,-7.146,-0.373,-1.029,-0.974,11,20,DMP_WAIT
A,283531,SHAKE,ALL,2400,32767,7002,1197,287,-304,0.146,2.000,0.427,72.988,17.500,-18.537,-4.097,-0.373,-0.785,-0.737,11,20,DMP_WAIT
A,283550,SHAKE,ALL,-2432,28648,11852,-571,625,182,-0.148,1.749,0.723,-34.817,38.110,11.098,4.485,-0.267,-0.006,0.051,11,19,OK
A,283574,SHAKE,ALL,-2078,7432,14326,-2086,360,469,-0.127,0.454,0.874,-127.195,21.951,28.598,7.337,-0.267,0.612,0.686,11,24,DMP_WAIT
A,283594,SHAKE,ALL,-4466,-23206,18478,-2608,15,873,-0.273,-1.416,1.128,-159.024,0.915,53.232,8.562,-0.267,0.751,0.845,11,20,DMP_WAIT
A,283613,SHAKE,ALL,-1850,-32768,20242,-1652,-280,579,-0.113,-2.000,1.235,-100.732,-17.073,35.305,2.750,-0.267,0.437,0.538,11,19,DMP_WAIT
A,283633,SHAKE,ALL,2024,-32768,18190,170,-205,-237,0.124,-2.000,1.110,10.366,-12.500,-14.451,-3.091,-0.628,0.083,0.181,11,20,OK
A,283658,SHAKE,ALL,1640,-11714,14550,1912,20,-429,0.100,-0.715,0.888,116.585,1.220,-26.159,-5.018,-0.628,-0.036,0.053,11,25,DMP_WAIT
A,283677,SHAKE,ALL,820,15152,10924,2657,122,-395,0.050,0.925,0.667,162.012,7.439,-24.085,-2.514,-0.628,0.017,0.101,11,19,DMP_WAIT
A,283697,SHAKE,ALL,-256,30292,7104,2074,165,-270,-0.016,1.849,0.434,126.463,10.061,-16.463,0.471,-0.628,0.185,0.271,11,20,DMP_WAIT
A,283716,SHAKE,ALL,-492,32767,6182,760,149,-99,-0.030,2.000,0.377,46.341,9.085,-6.037,0.845,-0.541,0.332,0.419,11,19,OK
A,283740,SHAKE,ALL,-1212,27404,9562,-806,41,23,-0.074,1.673,0.584,-49.146,2.500,1.402,2.391,-0.541,0.386,0.480,11,24,DMP_WAIT
A,283759,SHAKE,ALL,242,5728,13146,-2230,-144,163,0.015,0.350,0.802,-135.976,-8.780,9.939,-0.967,-0.541,0.160,0.252,11,19,DMP_WAIT
A,283778,SHAKE,ALL,320,-26088,17752,-2774,-158,469,0.020,-1.592,1.083,-169.146,-9.634,28.598,-0.581,-0.541,-0.070,0.022,11,19,DMP_WAIT
A,283798,SHAKE,ALL,-388,-32768,22238,-1795,-68,290,-0.024,-2.000,1.357,-109.451,-4.146,17.683,0.561,-0.616,-0.177,-0.082,11,20,OK
A,283822,SHAKE,ALL,1814,-15412,15002,1995,-46,-505,0.111,-0.941,0.916,121.646,-2.805,-30.793,-4.821,-0.616,-0.381,-0.295,11,24,DMP_WAIT
A,283842,SHAKE,ALL,2188,14178,10438,2946,11,-387,0.134,0.865,0.637,179.634,0.671,-23.598,-7.084,-0.616,-0.540,-0.469,11,20,DMP_WAIT
A,283862,SHAKE,ALL,874,32098,6168,2424,205,-270,0.053,1.959,0.376,147.805,12.500,-16.463,-1.532,-0.412,-0.352,-0.285,11,20,OK
A,283886,SHAKE,ALL,-1310,32767,5030,1044,359,-29,-0.080,2.000,0.307,63.659,21.890,-1.768,2.263,-0.412,0.169,0.240,12,24,DMP_WAIT
A,283905,SHAKE,ALL,-4088,31236,9360,-594,244,116,-0.250,1.906,0.571,-36.220,14.878,7.073,7.146,-0.412,0.550,0.635,12,19,DMP_WAIT
A,283924,SHAKE,ALL,-688,10514,13470,-2183,-233,95,-0.042,0.642,0.822,-133.110,-14.207,5.793,2.306,-0.412,0.285,0.375,12,19,DMP_WAIT
A,283944,SHAKE,ALL,1222,-26650,16706,-3023,-375,458,0.075,-1.627,1.020,-184.329,-22.866,27.927,-2.225,-0.591,-0.252,-0.165,12,20,OK
A,283969,SHAKE,ALL,528,-32768,21124,-2057,-174,573,0.032,-2.000,1.289,-125.427,-10.610,34.939,-0.776,-0.591,-0.569,-0.483,12,25,DMP_WAIT
A,283989,SHAKE,ALL,-1322,-32768,19974,99,-41,-78,-0.081,-2.000,1.219,6.037,-2.500,-4.756,1.973,-0.591,-0.605,-0.512,12,20,DMP_WAIT
A,284008,SHAKE,ALL,1630,-13848,13804,2187,-146,-430,0.099,-0.845,0.843,133.354,-8.902,-26.220,-4.765,-0.591,-0.890,-0.806,12,19,DMP_WAIT
A,284028,SHAKE,ALL,3414,17792,9300,3045,-138,-475,0.208,1.086,0.568,185.671,-8.415,-28.963,-9.651,-0.376,-1.268,-1.203,12,20,OK
A,284052,SHAKE,ALL,2330,32767,4336,2307,106,-361,0.142,2.000,0.265,140.671,6.463,-22.012,-4.032,-0.376,-1.217,-1.160,12,24,DMP_WAIT
A,284072,SHAKE,ALL,-776,32767,3796,811,358,-38,-0.047,2.000,0.232,49.451,21.829,-2.317,1.348,-0.376,-0.776,-0.715,12,20,DMP_WAIT
A,284091,SHAKE,ALL,-3628,31890,9766,-856,299,51,-0.221,1.946,0.596,-52.195,18.232,3.110,6.208,-0.376,-0.332,-0.259,12,19,DMP_WAIT
A,284110,SHAKE,ALL,-274,9018,14194,-2551,-167,66,-0.017,0.550,0.866,-155.549,-10.183,4.024,0.933,-0.508,-0.533,-0.456,12,19,OK
A,284135,SHAKE,ALL,56,-32768,18504,-3336,-316,540,0.003,-2.000,1.129,-203.415,-19.268,32.927,-0.085,-0.508,-1.043,-0.964,12,25,DMP_WAIT
A,284154,SHAKE,ALL,600,-32768,21496,-2063,-222,381,0.037,-2.000,1.312,-125.793,-13.537,23.232,-0.877,-0.508,-1.328,-1.248,12,19,DMP_WAIT
A,284174,SHAKE,ALL,114,-32768,19772,470,-74,-249,0.007,-2.000,1.207,28.659,-4.512,-15.183,-0.171,-0.508,-1.431,-1.348,12,20,DMP_WAIT
A,284194,SHAKE,ALL,1618,-9938,14010,2672,-84,-437,0.099,-0.607,0.855,162.927,-5.122,-26.646,-5.381,-0.355,-1.648,-1.574,12,20,OK
A,284220,SHAKE,ALL,2522,32767,3954,2297,167,-339,0.154,2.000,0.241,140.061,10.183,-20.671,-4.370,-0.355,-1.492,-1.425,12,26,DMP_WAIT
A,284240,SHAKE,ALL,2522,32767,3954,2297,167,-339,0.154,2.000,0.241,140.061,10.183,-20.671,-4.370,-0.355,-1.388,-1.329,12,20,DMP_WAIT
A,284259,SHAKE,ALL,-1442,32767,3932,721,401,13,-0.088,2.000,0.240,43.963,24.451,0.793,2.502,-0.399,-0.891,-0.825,12,19,OK
A,284283,SHAKE,ALL,-204,8628,15408,-2042,-285,-1,-0.012,0.527,0.940,-124.512,-17.378,-0.061,0.662,-0.399,-1.314,-1.244,12,24,DMP_WAIT
A,284303,SHAKE,ALL,3550,-27960,17904,-2810,-369,412,0.217,-1.707,1.093,-171.341,-22.500,25.122,-6.103,-0.399,-1.889,-1.829,12,20,DMP_WAIT
A,284323,SHAKE,ALL,954,-32768,19864,-1755,18,509,0.058,-2.000,1.212,-107.012,1.098,31.037,-1.426,-0.399,-1.896,-1.837,12,20,DMP_WAIT
A,284343,SHAKE,ALL,-1464,-30526,19870,636,227,-115,-0.089,-1.863,1.213,38.780,13.841,-7.012,2.302,-0.423,-1.578,-1.511,12,20,OK
A,284367,SHAKE,ALL,1314,-2520,14414,2232,36,-431,0.080,-0.154,0.880,136.098,2.195,-26.280,-5.131,-0.423,-1.643,-1.585,12,24,DMP_WAIT
A,284387,SHAKE,ALL,4022,23066,7874,2396,23,-569,0.245,1.408,0.481,146.098,1.402,-34.695,-9.370,-0.423,-1.808,-1.769,12,20,DMP_WAIT
A,284406,SHAKE,ALL,2612,32670,5332,1356,295,-317,0.159,1.994,0.325,82.683,17.988,-19.329,-4.512,-0.423,-1.563,-1.533,12,19,DMP_WAIT
A,284425,SHAKE,ALL,-2888,29778,7962,-110,487,108,-0.176,1.818,0.486,-6.707,29.695,6.585,5.353,-0.418,-0.908,-0.866,12,19,OK
A,284450,SHAKE,ALL,-3720,18314,13354,-1483,229,262,-0.227,1.118,0.815,-90.427,13.963,15.976,9.321,-0.418,-0.408,-0.345,12,25,DMP_WAIT
A,284469,SHAKE,ALL,-3446,-11990,17592,-2572,-114,454,-0.210,-0.732,1.074,-156.829,-6.951,27.683,9.194,-0.418,-0.382,-0.296,12,19,DMP_WAIT
A,284489,SHAKE,ALL,-1662,-32768,22360,-2322,-261,479,-0.101,-2.000,1.365,-141.585,-15.915,29.207,2.399,-0.418,-0.676,-0.582,12,20,DMP_WAIT
A,284509,SHAKE,ALL,1538,-32768,21160,-619,-246,-166,0.094,-2.000,1.292,-37.744,-15.000,-10.122,-2.258,-0.620,-1.039,-0.946,12,20,OK
A,284534,SHAKE,ALL,3710,-18030,17482,1580,-167,-482,0.226,-1.100,1.067,96.341,-10.183,-29.390,-8.403,-0.620,-1.483,-1.404,12,25,DMP_WAIT
A,284554,SHAKE,ALL,5178,9442,11288,2643,-27,-508,0.316,0.576,0.689,161.159,-1.646,-30.976,-19.385,-0.620,-1.912,-1.873,12,20,DMP_WAIT
A,284574,SHAKE,ALL,4324,27518,5368,2338,250,-362,0.264,1.680,0.328,142.561,15.244,-22.073,-8.767,-0.620,-1.788,-1.768,12,20,DMP_WAIT
A,284593,SHAKE,ALL,-230,32767,3462,1253,542,20,-0.014,2.000,0.211,76.402,33.049,1.220,0.400,-0.415,-1.165,-1.145,12,19,OK
A,284617,SHAKE,ALL,-6658,32278,9330,-134,495,247,-0.406,1.970,0.569,-8.171,30.183,15.061,11.208,-0.415,-0.253,-0.209,12,24,DMP_WAIT
A,284637,SHAKE,ALL,-4634,17694,14622,-1795,-178,13,-0.283,1.080,0.892,-109.451,-10.854,0.793,11.414,-0.415,-0.270,-0.200,12,20,DMP_WAIT
A,284657,SHAKE,ALL,904,-17612,17256,-3123,-673,46,0.055,-1.075,1.053,-190.427,-41.037,2.805,-2.100,-0.415,-1.149,-1.080,12,20,DMP_WAIT
A,284676,SHAKE,ALL,4276,-32768,20306,-2653,-552,241,0.261,-2.000,1.239,-161.768,-33.659,14.695,-6.329,-0.404,-1.915,-1.856,12,19,OK
A,284701,SHAKE,ALL,2552,-19388,16378,2098,-57,-440,0.156,-1.183,1.000,127.927,-3.476,-26.829,-5.742,-0.404,-2.124,-2.074,12,25,DMP_WAIT
A,284721,SHAKE,ALL,5050,12778,11550,3160,-18,-555,0.308,0.780,0.705,192.683,-1.098,-33.841,-16.341,-0.404,-2.468,-2.451,12,20,DMP_WAIT
A,284741,SHAKE,ALL,4124,27976,5444,2545,268,-447,0.252,1.708,0.332,155.183,16.341,-27.256,-8.233,-0.022,-2.300,-2.302,12,20,OK
A,284765,SHAKE,ALL,952,32170,2260,1377,621,-73,0.058,1.964,0.138,83.963,37.866,-4.451,-1.691,-0.022,-1.443,-1.450,12,24,DMP_WAIT
A,284784,SHAKE,ALL,-5422,32767,6630,207,755,142,-0.331,2.000,0.405,12.622,46.037,8.659,9.212,-0.022,-0.409,-0.396,12,19,DMP_WAIT
A,284804,SHAKE,ALL,-6230,23724,13060,-1354,285,0,-0.380,1.448,0.797,-82.561,17.378,0.000,12.955,-0.022,0.161,0.202,12,20,DMP_WAIT
A,284823,SHAKE,ALL,-1728,-4930,16808,-2909,-311,-96,-0.105,-0.301,1.026,-177.378,-18.963,-5.854,5.634,-0.501,-0.118,-0.064,12,19,OK
A,284848,SHAKE,ALL,2776,-32768,17834,-2962,-392,282,0.169,-2.000,1.089,-180.610,-23.902,17.195,-4.256,-0.501,-0.834,-0.787,12,25,DMP_WAIT
A,284868,SHAKE,ALL,2658,-32768,19676,-777,-136,85,0.162,-2.000,1.201,-47.378,-8.293,5.183,-3.978,-0.501,-1.097,-1.057,12,20,DMP_WAIT
A,284887,SHAKE,ALL,1612,-22572,17592,1493,98,-261,0.098,-1.378,1.074,91.037,5.976,-15.915,-3.224,-0.501,-1.064,-1.029,11,19,DMP_WAIT
A,284907,SHAKE,ALL,2920,4318,11888,2639,114,-466,0.178,0.264,0.726,160.915,6.951,-28.415,-13.000,-0.306,-1.205,-1.198,11,20,OK
A,284931,SHAKE,ALL,3290,25456,5932,2523,201,-498,0.201,1.554,0.362,153.841,12.256,-30.366,-7.174,-0.306,-1.081,-1.092,11,24,DMP_WAIT
A,284951,SHAKE,ALL,1580,32767,3460,1492,401,-257,0.096,2.000,0.211,90.976,24.451,-15.671,-2.745,-0.306,-0.673,-0.693,11,20,DMP_WAIT
