record,ms,state,mode,ax_raw,ay_raw,az_raw,gx_raw,gy_raw,gz_raw,ax_g,ay_g,az_g,gx_dps,gy_dps,gz_dps,pitch_acc,pitch_dmp,pitch_comp,pitch_kalman,dmp_hz,dt_ms,status
A,53211,STATIC,ALL,450,2950,14616,24,31,-69,0.027,0.180,0.892,1.463,1.890,-4.207,11.406,14.686,11.749,12.039,12,18,DMP_WAIT
A,53232,STATIC,ALL,458,3050,14612,32,32,-69,0.028,0.186,0.892,1.951,1.951,-4.207,11.785,14.680,11.741,12.031,12,21,OK
A,53255,STATIC,ALL,472,3096,14644,37,32,-69,0.029,0.189,0.894,2.256,1.951,-4.207,11.932,14.680,11.743,12.033,12,23,DMP_WAIT
A,53274,STATIC,ALL,406,3162,14614,40,32,-70,0.025,0.193,0.892,2.439,1.951,-4.268,12.204,14.680,11.753,12.043,12,19,DMP_WAIT
A,53293,STATIC,ALL,478,3234,14626,39,31,-70,0.029,0.197,0.893,2.378,1.890,-4.268,12.462,14.680,11.768,12.058,12,19,DMP_WAIT
A,53311,STATIC,ALL,434,3196,14668,36,31,-70,0.026,0.195,0.895,2.195,1.890,-4.268,12.287,14.687,11.775,12.065,12,18,OK
A,53335,STATIC,ALL,482,3258,14706,33,31,-69,0.029,0.199,0.898,2.012,1.890,-4.207,12.485,14.687,11.781,12.073,12,24,DMP_WAIT
A,53355,STATIC,ALL,440,3148,14672,29,31,-69,0.027,0.192,0.896,1.768,1.890,-4.207,12.104,14.687,11.776,12.068,12,20,DMP_WAIT
A,53374,STATIC,ALL,486,3108,14608,24,31,-70,0.030,0.190,0.892,1.463,1.890,-4.268,12.005,14.687,11.764,12.055,12,19,DMP_WAIT
A,53392,STATIC,ALL,470,2976,14610,23,31,-69,0.029,0.182,0.892,1.402,1.890,-4.207,11.508,14.683,11.742,12.032,12,18,OK
A,53416,STATIC,ALL,520,2976,14648,29,31,-69,0.032,0.182,0.894,1.768,1.890,-4.207,11.477,14.683,11.723,12.013,12,24,DMP_WAIT
A,53435,STATIC,ALL,488,3000,14644,39,32,-69,0.030,0.183,0.894,2.378,1.951,-4.207,11.571,14.683,11.720,12.009,12,19,DMP_WAIT
A,53453,STATIC,ALL,448,3198,14634,47,32,-70,0.027,0.195,0.893,2.866,1.951,-4.268,12.322,14.683,11.741,12.030,12,18,DMP_WAIT
A,53474,STATIC,ALL,418,3336,14580,47,32,-70,0.026,0.204,0.890,2.866,1.951,-4.268,12.883,14.689,11.774,12.064,12,21,OK
A,53498,STATIC,ALL,452,3284,14656,41,32,-69,0.028,0.200,0.895,2.500,1.951,-4.207,12.624,14.689,11.794,12.087,12,24,DMP_WAIT
A,53517,STATIC,ALL,410,3302,14642,32,31,-70,0.025,0.202,0.894,1.951,1.890,-4.268,12.704,14.689,11.805,12.098,12,19,DMP_WAIT
A,53535,STATIC,ALL,458,3196,14652,21,31,-70,0.028,0.195,0.894,1.280,1.890,-4.268,12.299,14.689,11.796,12.089,12,18,DMP_WAIT
A,53554,STATIC,ALL,476,3070,14626,11,31,-69,0.029,0.187,0.893,0.671,1.890,-4.207,11.848,14.689,11.765,12.058,12,19,OK
A,53577,STATIC,ALL,460,2930,14594,13,31,-70,0.028,0.179,0.891,0.793,1.890,-4.268,11.347,14.689,11.722,12.014,12,23,DMP_WAIT
A,53597,STATIC,ALL,506,2870,14564,26,31,-69,0.031,0.175,0.889,1.585,1.890,-4.207,11.141,14.689,11.695,11.986,12,20,DMP_WAIT
A,53616,STATIC,ALL,468,3084,14666,42,32,-69,0.029,0.188,0.895,2.561,1.951,-4.207,11.869,14.689,11.702,11.992,12,19,DMP_WAIT
A,53634,STATIC,ALL,462,3264,14624,48,32,-70,0.028,0.199,0.893,2.927,1.951,-4.268,12.576,14.682,11.730,12.020,12,18,OK
A,53658,STATIC,ALL,412,3266,14692,42,32,-70,0.025,0.199,0.897,2.561,1.951,-4.268,12.528,14.682,11.750,12.043,12,24,DMP_WAIT
A,53677,STATIC,ALL,418,3192,14672,34,31,-70,0.026,0.195,0.896,2.073,1.890,-4.268,12.269,14.682,11.755,12.048,12,19,DMP_WAIT
A,53695,STATIC,ALL,436,3136,14702,31,30,-70,0.027,0.191,0.897,1.890,1.829,-4.268,12.036,14.689,11.753,12.045,12,18,OK
A,53727,STATIC,ALL,500,2912,14624,33,30,-69,0.031,0.178,0.893,2.012,1.829,-4.207,11.255,14.689,11.732,12.026,12,32,DMP_WAIT
A,53746,STATIC,ALL,436,2958,14734,46,32,-69,0.027,0.181,0.899,2.805,1.951,-4.207,11.347,14.689,11.732,12.025,12,19,DMP_WAIT
A,53764,STATIC,ALL,436,2958,14734,46,32,-69,0.027,0.181,0.899,2.805,1.951,-4.207,11.347,14.689,11.732,12.023,12,18,DMP_WAIT
A,53783,STATIC,ALL,478,3074,14552,56,33,-69,0.029,0.188,0.888,3.415,2.012,-4.207,11.922,14.702,11.756,12.045,12,19,OK
A,53807,STATIC,ALL,460,3192,14668,56,31,-69,0.028,0.195,0.895,3.415,1.890,-4.207,12.271,14.702,11.791,12.082,12,24,DMP_WAIT
A,53825,STATIC,ALL,432,3212,14616,53,31,-69,0.026,0.196,0.892,3.232,1.890,-4.207,12.389,14.702,11.818,12.109,12,18,DMP_WAIT
A,53844,STATIC,ALL,432,3212,14616,53,31,-69,0.026,0.196,0.892,3.232,1.890,-4.207,12.389,14.702,11.846,12.136,12,19,DMP_WAIT
A,53863,STATIC,ALL,486,3300,14708,47,32,-69,0.030,0.201,0.898,2.866,1.951,-4.207,12.639,14.702,11.871,12.162,12,19,DMP_WAIT
A,53881,STATIC,ALL,494,3252,14660,40,32,-70,0.030,0.198,0.895,2.439,1.951,-4.268,12.500,14.727,11.885,12.176,12,18,OK
A,53905,STATIC,ALL,464,3130,14670,27,31,-70,0.028,0.191,0.895,1.646,1.890,-4.268,12.038,14.727,11.871,12.163,12,24,DMP_WAIT
A,53923,STATIC,ALL,464,3130,14670,27,31,-70,0.028,0.191,0.895,1.646,1.890,-4.268,12.038,14.727,11.862,12.153,12,18,DMP_WAIT
A,53942,STATIC,ALL,482,3082,14626,30,31,-70,0.029,0.188,0.893,1.829,1.890,-4.268,11.893,14.727,11.853,12.143,12,19,DMP_WAIT
A,53961,STATIC,ALL,476,3078,14658,39,32,-70,0.029,0.188,0.895,2.378,1.951,-4.268,11.853,14.728,11.853,12.142,12,19,OK
A,53984,STATIC,ALL,408,3214,14662,47,32,-69,0.025,0.196,0.895,2.866,1.951,-4.207,12.359,14.728,11.875,12.164,12,23,DMP_WAIT
A,54003,STATIC,ALL,438,3352,14630,44,32,-70,0.027,0.205,0.893,2.683,1.951,-4.268,12.899,14.728,11.901,12.192,12,19,DMP_WAIT
A,54022,STATIC,ALL,444,3206,14694,35,31,-69,0.027,0.196,0.897,2.134,1.890,-4.207,12.303,14.728,11.905,12.196,12,19,DMP_WAIT
A,54040,STATIC,ALL,494,3068,14686,32,31,-70,0.030,0.187,0.896,1.951,1.890,-4.268,11.793,14.741,11.895,12.185,12,18,OK
A,54064,STATIC,ALL,462,3150,14656,38,32,-70,0.028,0.192,0.895,2.317,1.951,-4.268,12.124,14.741,11.899,12.189,12,24,DMP_WAIT
A,54083,STATIC,ALL,484,3118,14666,39,31,-69,0.030,0.190,0.895,2.378,1.890,-4.207,11.996,14.741,11.901,12.191,12,19,DMP_WAIT
A,54101,STATIC,ALL,480,3168,14700,38,32,-70,0.029,0.193,0.897,2.317,1.951,-4.268,12.156,14.741,11.906,12.194,12,18,DMP_WAIT
A,54120,STATIC,ALL,472,3150,14646,38,32,-70,0.029,0.192,0.894,2.317,1.951,-4.268,12.132,14.747,11.909,12.198,12,19,OK
A,54144,STATIC,ALL,430,3138,14556,41,32,-70,0.026,0.192,0.888,2.500,1.951,-4.268,12.161,14.747,11.918,12.207,12,24,DMP_WAIT
A,54162,STATIC,ALL,508,3212,14644,41,32,-69,0.031,0.196,0.894,2.500,1.951,-4.207,12.364,14.747,11.929,12.218,12,18,DMP_WAIT
A,54181,STATIC,ALL,392,3312,14654,39,32,-70,0.024,0.202,0.894,2.378,1.951,-4.268,12.731,14.747,11.945,12.235,12,19,DMP_WAIT
A,54200,STATIC,ALL,454,3198,14648,34,31,-70,0.028,0.195,0.894,2.073,1.890,-4.268,12.310,14.758,11.947,12.236,12,19,OK
A,54223,STATIC,ALL,468,3094,14674,33,31,-71,0.029,0.189,0.896,2.012,1.890,-4.329,11.900,14.758,11.938,12.228,12,23,DMP_WAIT
A,54242,STATIC,ALL,502,3162,14556,38,31,-69,0.031,0.193,0.888,2.317,1.890,-4.207,12.249,14.758,11.944,12.233,12,19,DMP_WAIT
A,54261,STATIC,ALL,442,3198,14636,38,32,-70,0.027,0.195,0.893,2.317,1.951,-4.268,12.320,14.758,11.951,12.240,12,19,DMP_WAIT
A,54279,STATIC,ALL,524,3202,14584,38,31,-70,0.032,0.195,0.890,2.317,1.890,-4.268,12.375,14.764,11.958,12.247,12,18,OK
A,54303,STATIC,ALL,430,3134,14574,37,31,-70,0.026,0.191,0.890,2.256,1.890,-4.268,12.131,14.764,11.959,12.249,12,24,DMP_WAIT
A,54322,STATIC,ALL,498,3186,14574,38,32,-70,0.030,0.194,0.890,2.317,1.951,-4.268,12.324,14.764,11.966,12.255,12,19,DMP_WAIT
A,54340,STATIC,ALL,428,3154,14584,39,32,-69,0.026,0.193,0.890,2.378,1.951,-4.207,12.198,14.764,11.971,12.259,12,18,DMP_WAIT
A,54359,STATIC,ALL,498,3286,14708,40,32,-69,0.030,0.201,0.898,2.439,1.951,-4.207,12.587,14.773,11.984,12.273,12,19,OK
A,54383,STATIC,ALL,428,3292,14618,37,31,-70,0.026,0.201,0.892,2.256,1.890,-4.268,12.686,14.773,11.996,12.287,12,24,DMP_WAIT
A,54401,STATIC,ALL,500,3320,14644,30,30,-70,0.031,0.203,0.894,1.829,1.829,-4.268,12.767,14.773,12.002,12.293,12,18,DMP_WAIT
A,54420,STATIC,ALL,454,3184,14670,23,30,-70,0.028,0.194,0.895,1.402,1.829,-4.268,12.240,14.773,11.989,12.280,12,19,DMP_WAIT
A,54439,STATIC,ALL,528,3046,14672,24,30,-69,0.032,0.186,0.896,1.463,1.829,-4.207,11.721,14.774,11.967,12.257,12,19,OK
A,54462,STATIC,ALL,448,3022,14610,33,32,-70,0.027,0.184,0.892,2.012,1.951,-4.268,11.681,14.774,11.953,12.243,12,23,DMP_WAIT
A,54481,STATIC,ALL,516,3232,14640,43,32,-69,0.031,0.197,0.894,2.622,1.951,-4.207,12.442,14.774,11.968,12.258,12,19,DMP_WAIT
A,54499,STATIC,ALL,416,3330,14610,42,33,-70,0.025,0.203,0.892,2.561,2.012,-4.268,12.835,14.774,11.989,12.279,12,18,DMP_WAIT
A,54518,STATIC,ALL,436,3370,14690,34,31,-69,0.027,0.206,0.897,2.073,1.890,-4.207,12.915,14.782,12.002,12.293,12,19,OK
A,54542,STATIC,ALL,462,3260,14686,24,31,-69,0.028,0.199,0.896,1.463,1.890,-4.207,12.510,14.782,11.991,12.284,12,24,DMP_WAIT
A,54560,STATIC,ALL,506,3094,14656,25,31,-70,0.031,0.189,0.895,1.524,1.890,-4.268,11.914,14.782,11.975,12.267,12,18,DMP_WAIT
A,54579,STATIC,ALL,488,3034,14612,36,31,-70,0.030,0.185,0.892,2.195,1.890,-4.268,11.724,14.782,11.967,12.258,12,19,DMP_WAIT
A,54598,STATIC,ALL,490,3242,14698,44,31,-70,0.030,0.198,0.897,2.683,1.890,-4.268,12.432,14.783,11.982,12.273,12,19,OK
A,54621,STATIC,ALL,482,3392,14632,36,32,-70,0.029,0.207,0.893,2.195,1.951,-4.268,13.045,14.783,11.999,12.293,12,23,DMP_WAIT
A,54640,STATIC,ALL,480,3272,14694,21,30,-70,0.029,0.200,0.897,1.280,1.829,-4.268,12.547,14.783,11.990,12.284,12,19,DMP_WAIT
A,54659,STATIC,ALL,440,3064,14600,15,30,-70,0.027,0.187,0.891,0.915,1.829,-4.268,11.847,14.783,11.960,12.254,12,19,DMP_WAIT
A,54677,STATIC,ALL,486,3080,14636,25,32,-70,0.030,0.188,0.893,1.524,1.951,-4.268,11.878,14.778,11.944,12.236,12,18,OK
A,54701,STATIC,ALL,450,3196,14632,39,32,-69,0.027,0.195,0.893,2.378,1.951,-4.207,12.316,14.778,11.952,12.246,12,24,DMP_WAIT
A,54720,STATIC,ALL,458,3454,14636,41,32,-70,0.028,0.211,0.893,2.500,1.951,-4.268,13.272,14.778,11.981,12.276,12,19,DMP_WAIT
A,54738,STATIC,ALL,420,3398,14600,25,32,-70,0.026,0.207,0.891,1.524,1.951,-4.268,13.097,14.778,11.988,12.285,12,18,DMP_WAIT
A,54757,STATIC,ALL,516,3138,14656,7,29,-69,0.031,0.192,0.895,0.427,1.768,-4.207,12.078,14.779,11.954,12.250,12,19,OK
A,54781,STATIC,ALL,440,2888,14610,9,30,-70,0.027,0.176,0.892,0.549,1.829,-4.268,11.177,14.779,11.896,12.192,12,24,DMP_WAIT
A,54799,STATIC,ALL,470,2934,14670,28,32,-70,0.029,0.179,0.895,1.707,1.951,-4.268,11.304,14.779,11.873,12.167,12,18,DMP_WAIT
A,54818,STATIC,ALL,462,3134,14680,45,33,-70,0.028,0.191,0.896,2.744,2.012,-4.268,12.045,14.779,11.883,12.177,12,19,DMP_WAIT
A,54836,STATIC,ALL,472,3368,14620,50,32,-70,0.029,0.206,0.892,3.049,1.951,-4.268,12.966,14.773,11.917,12.212,12,18,OK
A,54860,STATIC,ALL,474,3384,14680,39,32,-69,0.029,0.207,0.896,2.378,1.951,-4.207,12.974,14.773,11.939,12.236,12,24,DMP_WAIT
A,54879,STATIC,ALL,450,3210,14654,24,30,-70,0.027,0.196,0.894,1.463,1.829,-4.268,12.350,14.773,11.930,12.228,12,19,DMP_WAIT
A,54897,STATIC,ALL,446,3026,14650,22,31,-70,0.027,0.185,0.894,1.341,1.890,-4.268,11.665,14.773,11.907,12.203,12,18,DMP_WAIT
A,54916,STATIC,ALL,472,3046,14670,34,31,-69,0.029,0.186,0.895,2.073,1.890,-4.207,11.724,14.775,11.898,12.193,12,19,OK
A,54940,STATIC,ALL,442,3144,14654,45,32,-70,0.027,0.192,0.894,2.744,1.951,-4.268,12.104,14.775,11.911,12.208,12,24,DMP_WAIT
A,54958,STATIC,ALL,526,3298,14674,48,32,-70,0.032,0.201,0.896,2.927,1.951,-4.268,12.659,14.775,11.936,12.233,12,18,DMP_WAIT
A,54977,STATIC,ALL,456,3290,14590,40,32,-69,0.028,0.201,0.891,2.439,1.951,-4.207,12.701,14.775,11.953,12.250,12,19,DMP_WAIT
A,54996,STATIC,ALL,450,3204,14638,28,31,-69,0.027,0.196,0.893,1.707,1.890,-4.207,12.341,14.787,11.948,12.246,12,19,OK
A,55019,STATIC,ALL,438,3066,14610,26,31,-69,0.027,0.187,0.892,1.585,1.890,-4.207,11.847,14.787,11.929,12.227,12,23,DMP_WAIT
A,55038,STATIC,ALL,506,3086,14602,36,31,-70,0.031,0.188,0.891,2.195,1.890,-4.268,11.926,14.787,11.926,12.223,12,19,DMP_WAIT
A,55057,STATIC,ALL,416,3232,14526,43,32,-70,0.025,0.197,0.887,2.622,1.951,-4.268,12.539,14.787,11.943,12.241,12,19,DMP_WAIT
A,55075,STATIC,ALL,506,3302,14656,41,33,-69,0.031,0.202,0.895,2.500,2.012,-4.207,12.689,14.792,11.960,12.259,12,18,OK
A,55099,STATIC,ALL,484,3288,14628,31,32,-70,0.030,0.201,0.893,1.890,1.951,-4.268,12.661,14.792,11.963,12.264,12,24,DMP_WAIT
A,55118,STATIC,ALL,482,3170,14706,22,31,-70,0.029,0.193,0.898,1.341,1.890,-4.268,12.158,14.792,11.948,12.249,12,19,DMP_WAIT
A,55136,STATIC,ALL,440,3012,14630,22,31,-70,0.027,0.184,0.893,1.341,1.890,-4.268,11.628,14.792,11.924,12.223,12,18,DMP_WAIT
A,55155,STATIC,ALL,478,3018,14614,33,31,-70,0.029,0.184,0.892,2.012,1.890,-4.268,11.662,14.787,11.912,12.210,12,19,OK
A,55179,STATIC,ALL,440,3244,14640,44,32,-69,0.027,0.198,0.894,2.683,1.951,-4.207,12.489,14.787,11.931,12.231,12,24,DMP_WAIT
A,55197,STATIC,ALL,478,3326,14578,40,32,-70,0.029,0.203,0.890,2.439,1.951,-4.268,12.845,14.787,11.951,12.251,12,18,DMP_WAIT
A,55216,STATIC,ALL,374,3210,14674,30,32,-70,0.023,0.196,0.896,1.829,1.951,-4.268,12.335,14.787,11.948,12.249,12,19,DMP_WAIT
A,55235,STATIC,ALL,448,3086,14628,26,31,-70,0.027,0.188,0.893,1.585,1.890,-4.268,11.907,14.793,11.933,12.233,12,19,OK
A,55258,STATIC,ALL,464,2978,14582,30,32,-69,0.028,0.182,0.890,1.829,1.951,-4.207,11.537,14.793,11.913,12.214,12,23,DMP_WAIT
A,55277,STATIC,ALL,462,3078,14672,40,32,-69,0.028,0.188,0.896,2.439,1.951,-4.207,11.842,14.793,11.913,12.213,12,19,DMP_WAIT
A,55295,STATIC,ALL,448,3272,14608,47,32,-70,0.027,0.200,0.892,2.866,1.951,-4.268,12.619,14.793,11.936,12.236,12,18,DMP_WAIT
A,55314,STATIC,ALL,536,3294,14744,42,31,-70,0.033,0.201,0.900,2.561,1.890,-4.268,12.586,14.800,11.953,12.253,12,19,OK
A,55338,STATIC,ALL,446,3226,14706,32,31,-70,0.027,0.197,0.898,1.951,1.890,-4.268,12.367,14.800,11.952,12.253,12,24,DMP_WAIT
A,55356,STATIC,ALL,428,3184,14558,27,30,-69,0.026,0.194,0.889,1.646,1.829,-4.207,12.332,14.800,11.947,12.248,12,18,DMP_WAIT
A,55375,STATIC,ALL,444,3184,14686,27,31,-69,0.027,0.194,0.896,1.646,1.890,-4.207,12.227,14.800,11.939,12.240,12,19,DMP_WAIT
A,55394,STATIC,ALL,490,3168,14672,29,31,-70,0.030,0.193,0.896,1.768,1.890,-4.268,12.178,14.798,11.933,12.233,12,19,OK
A,55417,STATIC,ALL,414,3226,14662,29,31,-69,0.025,0.197,0.895,1.768,1.890,-4.207,12.404,14.798,11.929,12.231,12,23,DMP_WAIT
A,55436,STATIC,ALL,488,3218,14696,26,32,-69,0.030,0.196,0.897,1.585,1.951,-4.207,12.345,14.798,11.923,12.225,12,19,DMP_WAIT
A,55455,STATIC,ALL,484,3040,14588,26,30,-69,0.030,0.186,0.890,1.585,1.829,-4.207,11.765,14.798,11.905,12.206,12,19,DMP_WAIT
A,55473,STATIC,ALL,456,3034,14616,34,31,-70,0.028,0.185,0.892,2.073,1.890,-4.268,11.721,14.794,11.896,12.196,12,18,OK
A,55497,STATIC,ALL,488,3146,14588,44,32,-70,0.030,0.192,0.890,2.683,1.951,-4.268,12.163,14.794,11.909,12.211,12,24,DMP_WAIT
A,55516,STATIC,ALL,420,3290,14668,46,33,-70,0.026,0.201,0.895,2.805,2.012,-4.268,12.637,14.794,11.932,12.234,12,19,DMP_WAIT
A,55534,STATIC,ALL,448,3256,14638,37,31,-70,0.027,0.199,0.893,2.256,1.890,-4.268,12.535,14.794,11.942,12.244,12,18,DMP_WAIT
A,55553,STATIC,ALL,462,3100,14648,31,31,-70,0.028,0.189,0.894,1.890,1.890,-4.268,11.944,14.804,11.934,12.235,12,19,OK
A,55577,STATIC,ALL,486,3134,14534,31,30,-70,0.030,0.191,0.887,1.890,1.829,-4.268,12.162,14.804,11.927,12.229,12,24,DMP_WAIT
A,55595,STATIC,ALL,472,3214,14640,36,32,-69,0.029,0.196,0.894,2.195,1.951,-4.207,12.376,14.804,11.933,12.235,12,18,DMP_WAIT
A,55614,STATIC,ALL,456,3202,14632,37,31,-69,0.028,0.195,0.893,2.256,1.890,-4.207,12.338,14.804,11.939,12.241,12,19,DMP_WAIT
A,55633,STATIC,ALL,416,3170,14604,36,31,-69,0.025,0.193,0.891,2.195,1.890,-4.207,12.242,14.808,11.942,12.244,12,19,OK
A,55656,STATIC,ALL,476,3184,14566,35,31,-70,0.029,0.194,0.889,2.134,1.890,-4.268,12.324,14.808,11.945,12.248,12,23,DMP_WAIT
A,55675,STATIC,ALL,472,3172,14646,35,32,-70,0.029,0.194,0.894,2.134,1.951,-4.268,12.214,14.808,11.946,12.248,12,19,DMP_WAIT
A,55694,STATIC,ALL,462,3152,14648,36,32,-69,0.028,0.192,0.894,2.195,1.951,-4.207,12.138,14.808,11.947,12.249,12,19,DMP_WAIT
A,55712,STATIC,ALL,504,3230,14600,36,31,-70,0.031,0.197,0.891,2.195,1.890,-4.268,12.468,14.813,11.954,12.256,12,18,OK
A,55736,STATIC,ALL,472,3192,14584,33,31,-69,0.029,0.195,0.890,2.012,1.890,-4.207,12.339,14.813,11.954,12.257,12,24,DMP_WAIT
A,55755,STATIC,ALL,486,3206,14692,32,31,-70,0.030,0.196,0.897,1.951,1.890,-4.268,12.303,14.813,11.953,12.256,12,19,DMP_WAIT
A,55773,STATIC,ALL,442,3138,14626,34,31,-69,0.027,0.192,0.893,2.073,1.890,-4.207,12.104,14.813,11.951,12.254,12,18,DMP_WAIT
A,55792,STATIC,ALL,710,3208,14446,34,33,-69,0.043,0.196,0.882,2.073,2.012,-4.207,12.506,14.815,11.957,12.260,12,19,OK
A,55815,STATIC,ALL,164,3358,14812,35,34,-69,0.010,0.205,0.904,2.134,2.073,-4.207,12.773,14.815,11.968,12.273,12,23,DMP_WAIT
A,55834,STATIC,ALL,728,3516,14582,36,31,-70,0.044,0.215,0.890,2.195,1.890,-4.268,13.540,14.815,11.996,12.303,12,19,DMP_WAIT
A,55853,STATIC,ALL,182,3018,14580,25,34,-69,0.011,0.184,0.890,1.524,2.073,-4.207,11.694,14.815,11.975,12.281,12,19,DMP_WAIT
A,55871,STATIC,ALL,630,3200,14678,27,28,-69,0.038,0.195,0.896,1.646,1.707,-4.207,12.288,14.820,11.968,12.274,12,18,OK
A,55895,STATIC,ALL,126,2896,14534,27,33,-70,0.008,0.177,0.887,1.646,2.012,-4.268,11.269,14.820,11.937,12.243,12,24,DMP_WAIT
A,55914,STATIC,ALL,628,3246,14884,43,29,-69,0.038,0.198,0.908,2.622,1.768,-4.207,12.292,14.820,11.949,12.255,12,19,DMP_WAIT
A,55932,STATIC,ALL,468,3208,14218,47,34,-71,0.029,0.196,0.868,2.866,2.073,-4.329,12.708,14.820,11.973,12.280,12,18,DMP_WAIT
A,55951,STATIC,ALL,674,3482,15024,41,30,-69,0.041,0.213,0.917,2.500,1.829,-4.207,13.036,14.828,11.997,12.304,12,19,OK
A,55975,STATIC,ALL,508,3208,14402,30,33,-69,0.031,0.196,0.879,1.829,2.012,-4.207,12.550,14.828,11.996,12.305,12,24,DMP_WAIT
A,55993,STATIC,ALL,592,3106,14640,21,30,-69,0.036,0.190,0.894,1.280,1.829,-4.207,11.969,14.828,11.976,12.285,12,18,DMP_WAIT
A,56012,STATIC,ALL,352,3072,14536,26,33,-70,0.021,0.188,0.887,1.585,2.012,-4.268,11.930,14.828,11.961,12.269,12,19,DMP_WAIT
A,56031,STATIC,ALL,398,3086,14610,34,31,-69,0.024,0.188,0.892,2.073,1.890,-4.207,11.923,14.825,11.955,12.262,12,19,OK
A,56054,STATIC,ALL,366,3208,14510,40,32,-69,0.022,0.196,0.886,2.439,1.951,-4.207,12.463,14.825,11.967,12.276,12,23,DMP_WAIT
A,56073,STATIC,ALL,476,3322,14626,39,31,-70,0.029,0.203,0.893,2.378,1.890,-4.268,12.790,14.825,11.983,12.293,12,19,DMP_WAIT
A,56092,STATIC,ALL,448,3216,14670,31,31,-70,0.027,0.196,0.895,1.890,1.890,-4.268,12.359,14.825,11.982,12.292,12,19,DMP_WAIT
A,56111,STATIC,ALL,538,3128,14574,31,30,-70,0.033,0.191,0.890,1.890,1.829,-4.268,12.106,14.831,11.976,12.285,12,19,OK
A,56134,STATIC,ALL,492,3138,14676,34,32,-70,0.030,0.192,0.896,2.073,1.951,-4.268,12.063,14.831,11.971,12.282,12,23,DMP_WAIT
A,56153,STATIC,ALL,502,3316,14540,36,31,-70,0.031,0.202,0.887,2.195,1.890,-4.268,12.840,14.831,11.985,12.297,12,19,DMP_WAIT
A,56171,STATIC,ALL,486,3382,14674,27,32,-69,0.030,0.206,0.896,1.646,1.951,-4.207,12.972,14.831,11.993,12.305,12,18,DMP_WAIT
A,56191,STATIC,ALL,454,3160,14600,15,31,-70,0.028,0.193,0.891,0.915,1.890,-4.268,12.207,14.830,11.969,12.281,12,20,OK
A,56214,STATIC,ALL,416,3078,14580,13,30,-69,0.025,0.188,0.890,0.793,1.829,-4.207,11.916,14.830,11.932,12.245,12,23,DMP_WAIT
A,56233,STATIC,ALL,402,3018,14624,18,32,-70,0.025,0.184,0.893,1.098,1.951,-4.268,11.656,14.830,11.903,12.216,12,19,DMP_WAIT
A,56251,STATIC,ALL,540,2854,14632,30,32,-70,0.033,0.174,0.893,1.829,1.951,-4.268,11.030,14.830,11.876,12.186,12,18,DMP_WAIT
A,56271,STATIC,ALL,418,2948,14636,53,32,-69,0.026,0.180,0.893,3.232,1.951,-4.207,11.384,14.819,11.883,12.192,12,20,OK
A,56294,STATIC,ALL,424,3262,14678,71,33,-69,0.026,0.199,0.896,4.329,2.012,-4.207,12.525,14.819,11.941,12.251,12,23,DMP_WAIT
A,56313,STATIC,ALL,462,3346,14620,70,31,-70,0.028,0.204,0.892,4.268,1.890,-4.268,12.885,14.819,11.995,12.306,12,19,DMP_WAIT
A,56331,STATIC,ALL,414,3170,14660,58,31,-70,0.025,0.193,0.895,3.537,1.890,-4.268,12.197,14.819,12.020,12.330,12,18,DMP_WAIT
A,56351,STATIC,ALL,404,3192,14618,58,32,-69,0.025,0.195,0.892,3.537,1.951,-4.207,12.313,14.858,12.049,12.359,12,20,OK
A,56374,STATIC,ALL,460,3344,14644,59,32,-70,0.028,0.204,0.894,3.598,1.951,-4.268,12.857,14.858,12.093,12.405,12,23,DMP_WAIT
A,56393,STATIC,ALL,518,3324,14594,51,31,-70,0.032,0.203,0.891,3.110,1.890,-4.268,12.823,14.858,12.121,12.433,12,19,DMP_WAIT
A,56411,STATIC,ALL,460,3306,14570,43,31,-70,0.028,0.202,0.889,2.622,1.890,-4.268,12.778,14.858,12.139,12.451,11,18,DMP_WAIT
A,56431,STATIC,ALL,434,3318,14652,36,32,-70,0.026,0.203,0.894,2.195,1.951,-4.268,12.754,14.883,12.148,12.461,11,20,OK
A,56454,STATIC,ALL,446,3310,14548,29,32,-69,0.027,0.202,0.888,1.768,1.951,-4.207,12.812,14.883,12.148,12.463,11,23,DMP_WAIT
A,56473,STATIC,ALL,406,3220,14714,22,31,-69,0.025,0.197,0.898,1.341,1.890,-4.207,12.339,14.883,12.133,12.447,11,19,DMP_WAIT
A,56491,STATIC,ALL,386,3156,14590,24,32,-70,0.024,0.193,0.891,1.463,1.951,-4.268,12.202,14.883,12.118,12.432,11,18,DMP_WAIT
A,56511,STATIC,ALL,478,3218,14600,30,31,-70,0.029,0.196,0.891,1.829,1.890,-4.268,12.423,14.879,12.114,12.428,11,20,OK
A,56534,STATIC,ALL,524,3284,14696,30,31,-70,0.032,0.200,0.897,1.829,1.890,-4.268,12.589,14.879,12.112,12.427,11,23,DMP_WAIT
A,56553,STATIC,ALL,498,3196,14548,26,31,-70,0.030,0.195,0.888,1.585,1.890,-4.268,12.383,14.879,12.103,12.418,11,19,DMP_WAIT
A,56571,STATIC,ALL,496,3112,14644,24,31,-69,0.030,0.190,0.894,1.463,1.890,-4.207,11.991,14.879,12.085,12.399,11,18,DMP_WAIT
A,56591,STATIC,ALL,466,3124,14646,27,31,-70,0.028,0.191,0.894,1.646,1.890,-4.268,12.035,14.874,12.070,12.384,11,20,OK
A,56614,STATIC,ALL,390,3066,14628,33,32,-70,0.024,0.187,0.893,2.012,1.951,-4.268,11.834,14.874,12.057,12.371,11,23,DMP_WAIT
A,56633,STATIC,ALL,526,3274,14618,39,32,-71,0.032,0.200,0.892,2.378,1.951,-4.329,12.616,14.874,12.068,12.383,11,19,DMP_WAIT
A,56651,STATIC,ALL,458,3288,14592,38,32,-69,0.028,0.201,0.891,2.317,1.951,-4.207,12.692,14.874,12.080,12.395,11,18,DMP_WAIT
A,56671,STATIC,ALL,438,3226,14820,33,32,-69,0.027,0.197,0.905,2.012,1.951,-4.207,12.275,14.879,12.077,12.392,11,20,OK
A,56694,STATIC,ALL,510,3058,14448,33,31,-70,0.031,0.187,0.882,2.012,1.890,-4.268,11.943,14.879,12.067,12.381,11,23,DMP_WAIT
A,56713,STATIC,ALL,406,3210,14888,43,31,-69,0.025,0.196,0.909,2.622,1.890,-4.207,12.163,14.879,12.073,12.387,11,19,DMP_WAIT
A,56731,STATIC,ALL,430,3224,14310,49,32,-70,0.026,0.197,0.873,2.988,1.951,-4.268,12.691,14.879,12.097,12.411,11,18,DMP_WAIT
A,56751,STATIC,ALL,430,3422,14832,44,31,-69,0.026,0.209,0.905,2.683,1.890,-4.207,12.987,14.891,12.121,12.436,11,20,OK
A,56774,STATIC,ALL,448,3304,14576,32,32,-70,0.027,0.202,0.890,1.951,1.951,-4.268,12.766,14.891,12.125,12.441,11,23,DMP_WAIT
A,56793,STATIC,ALL,500,3164,14676,25,31,-69,0.031,0.193,0.896,1.524,1.890,-4.207,12.159,14.891,12.110,12.425,11,19,DMP_WAIT
A,56811,STATIC,ALL,492,3150,14738,25,31,-69,0.030,0.192,0.900,1.524,1.890,-4.207,12.058,14.891,12.094,12.409,11,18,DMP_WAIT
A,56831,STATIC,ALL,452,3084,14542,31,30,-69,0.028,0.188,0.888,1.890,1.829,-4.207,11.968,14.889,12.082,12.396,11,20,OK
A,56854,STATIC,ALL,476,3222,14716,39,32,-70,0.029,0.197,0.898,2.378,1.951,-4.268,12.344,14.889,12.088,12.403,11,23,DMP_WAIT
A,56873,STATIC,ALL,464,3284,14626,44,32,-70,0.028,0.200,0.893,2.683,1.951,-4.268,12.649,14.889,12.105,12.420,11,19,DMP_WAIT
A,56891,STATIC,ALL,516,3302,14596,43,31,-70,0.031,0.202,0.891,2.622,1.890,-4.268,12.740,14.889,12.122,12.437,11,18,DMP_WAIT
A,56911,STATIC,ALL,450,3254,14570,38,31,-70,0.027,0.199,0.889,2.317,1.890,-4.268,12.584,14.902,12.131,12.446,11,20,OK
A,56934,STATIC,ALL,542,3244,14650,35,32,-70,0.033,0.198,0.894,2.134,1.951,-4.268,12.477,14.902,12.133,12.449,11,23,DMP_WAIT
A,56953,STATIC,ALL,462,3140,14608,33,30,-69,0.028,0.192,0.892,2.012,1.829,-4.207,12.125,14.902,12.126,12.441,11,19,DMP_WAIT
A,56971,STATIC,ALL,534,3212,14676,36,32,-69,0.033,0.196,0.896,2.195,1.951,-4.207,12.337,14.902,12.127,12.442,11,18,DMP_WAIT
A,56991,STATIC,ALL,472,3312,14684,38,32,-70,0.029,0.202,0.896,2.317,1.951,-4.268,12.704,14.908,12.138,12.453,11,20,OK
A,57014,STATIC,ALL,462,3386,14652,35,32,-69,0.028,0.207,0.894,2.134,1.951,-4.207,13.006,14.908,12.150,12.467,11,23,DMP_WAIT
A,57033,STATIC,ALL,436,3328,14578,25,32,-69,0.027,0.203,0.890,1.524,1.951,-4.207,12.854,14.908,12.149,12.466,11,19,DMP_WAIT
A,57051,STATIC,ALL,454,3148,14582,17,31,-70,0.028,0.192,0.890,1.037,1.890,-4.268,12.176,14.908,12.126,12.442,11,18,DMP_WAIT
A,57071,STATIC,ALL,472,3100,14678,22,32,-70,0.029,0.189,0.896,1.341,1.951,-4.268,11.920,14.904,12.102,12.418,11,20,OK
A,57094,STATIC,ALL,464,3130,14640,30,32,-69,0.028,0.191,0.894,1.829,1.951,-4.207,12.062,14.904,12.089,12.405,11,23,DMP_WAIT
A,57113,STATIC,ALL,472,3178,14620,34,32,-69,0.029,0.194,0.892,2.073,1.951,-4.207,12.258,14.904,12.087,12.403,11,19,DMP_WAIT
A,57131,STATIC,ALL,502,3226,14592,37,32,-70,0.031,0.197,0.891,2.256,1.951,-4.268,12.459,14.904,12.093,12.408,11,18,DMP_WAIT
A,57151,STATIC,ALL,496,3200,14654,41,32,-70,0.030,0.195,0.894,2.500,1.951,-4.268,12.311,14.907,12.100,12.415,11,20,OK
A,57174,STATIC,ALL,444,3258,14628,46,32,-70,0.027,0.199,0.893,2.805,1.951,-4.268,12.551,14.907,12.119,12.435,11,23,DMP_WAIT
A,57193,STATIC,ALL,422,3318,14576,46,31,-69,0.026,0.203,0.890,2.805,1.890,-4.207,12.819,14.907,12.141,12.457,11,19,DMP_WAIT
A,57211,STATIC,ALL,510,3268,14634,39,31,-70,0.031,0.199,0.893,2.378,1.890,-4.268,12.581,14.907,12.150,12.466,11,18,DMP_WAIT
A,57231,STATIC,ALL,432,3218,14678,34,32,-70,0.026,0.196,0.896,2.073,1.951,-4.268,12.361,14.922,12.149,12.465,11,20,OK
A,57254,STATIC,ALL,458,3192,14488,33,30,-70,0.028,0.195,0.884,2.012,1.829,-4.268,12.419,14.922,12.146,12.463,11,23,DMP_WAIT
A,57273,STATIC,ALL,506,3140,14614,36,31,-70,0.031,0.192,0.892,2.195,1.890,-4.268,12.119,14.922,12.143,12.459,11,19,DMP_WAIT
A,57291,STATIC,ALL,462,3304,14620,41,33,-69,0.028,0.202,0.892,2.500,2.012,-4.207,12.728,14.922,12.157,12.473,11,18,DMP_WAIT
A,57311,STATIC,ALL,408,3404,14680,40,33,-70,0.025,0.208,0.896,2.439,2.012,-4.268,13.050,14.930,12.176,12.493,11,20,OK
A,57334,STATIC,ALL,474,3366,14666,31,31,-70,0.029,0.205,0.895,1.890,1.890,-4.268,12.920,14.930,12.180,12.499,11,23,DMP_WAIT
A,57353,STATIC,ALL,464,3226,14670,26,31,-70,0.028,0.197,0.895,1.585,1.890,-4.268,12.396,14.930,12.170,12.489,11,19,DMP_WAIT
A,57371,STATIC,ALL,456,3154,14648,27,31,-70,0.028,0.193,0.894,1.646,1.890,-4.268,12.146,14.930,12.157,12.475,11,18,DMP_WAIT
A,57391,STATIC,ALL,478,3160,14588,34,32,-70,0.029,0.193,0.890,2.073,1.951,-4.268,12.216,14.931,12.153,12.470,11,20,OK
A,57414,STATIC,ALL,446,3242,14526,40,32,-70,0.027,0.198,0.887,2.439,1.951,-4.268,12.576,14.931,12.163,12.481,12,23,DMP_WAIT
A,57433,STATIC,ALL,462,3266,14652,41,31,-70,0.028,0.199,0.894,2.500,1.890,-4.268,12.560,14.931,12.173,12.492,12,19,DMP_WAIT
A,57451,STATIC,ALL,494,3224,14656,39,32,-69,0.030,0.197,0.895,2.378,1.951,-4.207,12.399,14.931,12.178,12.496,12,18,DMP_WAIT
A,57471,STATIC,ALL,470,3278,14564,41,31,-69,0.029,0.200,0.889,2.500,1.890,-4.207,12.678,14.942,12.191,12.509,12,20,OK
A,57494,STATIC,ALL,398,3336,14664,39,32,-70,0.024,0.204,0.895,2.378,1.951,-4.268,12.812,14.942,12.204,12.523,12,23,DMP_WAIT
A,57513,STATIC,ALL,450,3222,14580,33,31,-70,0.027,0.197,0.890,2.012,1.890,-4.268,12.456,14.942,12.202,12.522,12,19,DMP_WAIT
A,57531,STATIC,ALL,476,3106,14582,33,30,-70,0.029,0.190,0.890,2.012,1.829,-4.268,12.018,14.942,12.192,12.510,12,18,DMP_WAIT
A,57551,STATIC,ALL,484,3118,14616,42,31,-70,0.030,0.190,0.892,2.561,1.890,-4.268,12.036,14.950,12.193,12.511,12,20,OK
A,57574,STATIC,ALL,406,3232,14646,49,32,-70,0.025,0.197,0.894,2.988,1.951,-4.268,12.440,14.950,12.212,12.530,12,23,DMP_WAIT
A,57593,STATIC,ALL,478,3292,14636,51,32,-70,0.029,0.201,0.893,3.110,1.951,-4.268,12.670,14.950,12.235,12.553,12,19,DMP_WAIT
A,57611,STATIC,ALL,442,3284,14576,51,32,-69,0.027,0.200,0.890,3.110,1.951,-4.207,12.691,14.950,12.258,12.575,12,18,DMP_WAIT
A,57631,STATIC,ALL,484,3322,14618,47,32,-70,0.030,0.203,0.892,2.866,1.951,-4.268,12.796,14.973,12.278,12.596,12,20,OK
A,57654,STATIC,ALL,448,3306,14650,40,31,-70,0.027,0.202,0.894,2.439,1.890,-4.268,12.711,14.973,12.289,12.608,12,23,DMP_WAIT
A,57673,STATIC,ALL,420,3160,14582,37,32,-69,0.026,0.193,0.890,2.256,1.951,-4.207,12.222,14.973,12.286,12.604,12,19,DMP_WAIT
A,57691,STATIC,ALL,496,3146,14574,44,31,-70,0.030,0.192,0.890,2.683,1.890,-4.268,12.174,14.973,12.289,12.606,12,18,DMP_WAIT
A,57711,STATIC,ALL,470,3126,14588,50,32,-69,0.029,0.191,0.890,3.049,1.951,-4.207,12.089,14.987,12.298,12.614,12,20,OK
A,57734,STATIC,ALL,452,3348,14680,54,32,-70,0.028,0.204,0.896,3.293,1.951,-4.268,12.842,14.987,12.330,12.647,12,23,DMP_WAIT
A,57753,STATIC,ALL,442,3534,14664,52,32,-70,0.027,0.216,0.895,3.171,1.951,-4.268,13.544,14.987,12.370,12.687,12,19,DMP_WAIT
A,57771,STATIC,ALL,470,3486,14596,37,31,-69,0.029,0.213,0.891,2.256,1.890,-4.207,13.426,14.987,12.389,12.707,12,18,DMP_WAIT
A,57791,STATIC,ALL,492,3346,14676,23,30,-70,0.030,0.204,0.896,1.402,1.829,-4.268,12.836,15.007,12.379,12.698,12,20,OK
A,57814,STATIC,ALL,480,3244,14544,16,31,-70,0.029,0.198,0.888,0.976,1.890,-4.268,12.567,15.007,12.352,12.671,12,23,DMP_WAIT
A,57833,STATIC,ALL,474,3174,14602,18,31,-70,0.029,0.194,0.891,1.098,1.890,-4.268,12.257,15.007,12.326,12.645,12,19,DMP_WAIT
A,57851,STATIC,ALL,430,3116,14576,25,32,-70,0.026,0.190,0.890,1.524,1.951,-4.268,12.062,15.007,12.306,12.623,12,18,DMP_WAIT
A,57871,STATIC,ALL,474,3204,14644,34,32,-69,0.029,0.196,0.894,2.073,1.951,-4.207,12.335,14.997,12.301,12.618,12,20,OK
A,57894,STATIC,ALL,430,3312,14624,40,32,-70,0.026,0.202,0.893,2.439,1.951,-4.268,12.756,14.997,12.312,12.630,12,23,DMP_WAIT
A,57913,STATIC,ALL,404,3360,14556,39,32,-70,0.025,0.205,0.888,2.378,1.951,-4.268,12.993,14.997,12.326,12.644,12,19,DMP_WAIT
A,57931,STATIC,ALL,476,3418,14676,31,31,-70,0.029,0.209,0.896,1.890,1.890,-4.268,13.104,14.997,12.333,12.651,12,18,DMP_WAIT
A,57951,STATIC,ALL,382,3314,14680,24,31,-70,0.023,0.202,0.896,1.463,1.890,-4.268,12.717,15.004,12.323,12.642,12,20,OK
A,57974,STATIC,ALL,456,3252,14530,23,31,-69,0.028,0.198,0.887,1.402,1.890,-4.207,12.610,15.004,12.307,12.627,12,23,DMP_WAIT
A,57993,STATIC,ALL,470,3194,14728,24,31,-70,0.029,0.195,0.899,1.463,1.890,-4.268,12.230,15.004,12.289,12.608,12,19,DMP_WAIT
A,58011,STATIC,ALL,512,3192,14606,27,31,-70,0.031,0.195,0.891,1.646,1.890,-4.268,12.320,15.004,12.277,12.595,12,18,DMP_WAIT
A,58031,STATIC,ALL,476,3198,14658,33,31,-69,0.029,0.195,0.895,2.012,1.890,-4.207,12.301,14.999,12.271,12.588,12,20,OK
A,58054,STATIC,ALL,508,3218,14626,37,32,-70,0.031,0.196,0.893,2.256,1.951,-4.268,12.401,14.999,12.271,12.589,12,23,DMP_WAIT
A,58073,STATIC,ALL,418,3260,14628,38,31,-70,0.026,0.199,0.893,2.317,1.890,-4.268,12.559,14.999,12.276,12.593,12,19,DMP_WAIT
A,58091,STATIC,ALL,456,3306,14650,40,31,-70,0.028,0.202,0.894,2.439,1.890,-4.268,12.711,14.999,12.286,12.602,12,18,DMP_WAIT
A,58111,STATIC,ALL,466,3284,14626,37,32,-70,0.028,0.200,0.893,2.256,1.951,-4.268,12.649,15.007,12.291,12.608,12,20,OK
A,58134,STATIC,ALL,458,3294,14630,33,31,-70,0.028,0.201,0.893,2.012,1.890,-4.268,12.683,15.007,12.291,12.609,12,23,DMP_WAIT
A,58153,STATIC,ALL,458,3296,14626,30,31,-70,0.028,0.201,0.893,1.829,1.890,-4.268,12.694,15.007,12.289,12.606,12,19,DMP_WAIT
A,58171,STATIC,ALL,482,3248,14622,26,32,-69,0.029,0.198,0.892,1.585,1.951,-4.207,12.517,15.007,12.280,12.597,12,18,DMP_WAIT
A,58191,STATIC,ALL,494,3190,14682,25,31,-70,0.030,0.195,0.896,1.524,1.890,-4.268,12.252,15.006,12.263,12.579,12,20,OK
A,58214,STATIC,ALL,448,3240,14584,28,32,-70,0.027,0.198,0.890,1.707,1.951,-4.268,12.520,15.006,12.254,12.570,12,23,DMP_WAIT
A,58233,STATIC,ALL,482,3248,14600,30,31,-70,0.029,0.198,0.891,1.829,1.890,-4.268,12.535,15.006,12.249,12.565,12,19,DMP_WAIT
A,58251,STATIC,ALL,476,3290,14608,31,31,-70,0.029,0.201,0.892,1.890,1.890,-4.268,12.686,15.006,12.250,12.565,12,18,DMP_WAIT
A,58271,STATIC,ALL,526,3288,14608,30,31,-70,0.032,0.201,0.892,1.829,1.890,-4.268,12.677,15.005,12.248,12.563,12,20,OK
A,58294,STATIC,ALL,458,3250,14614,30,31,-70,0.028,0.198,0.892,1.829,1.890,-4.268,12.532,15.005,12.242,12.558,12,23,DMP_WAIT
A,58313,STATIC,ALL,470,3220,14694,30,31,-69,0.029,0.197,0.897,1.829,1.890,-4.207,12.354,15.005,12.234,12.550,12,19,DMP_WAIT
A,58331,STATIC,ALL,446,3228,14654,30,31,-70,0.027,0.197,0.894,1.829,1.890,-4.268,12.417,15.005,12.228,12.543,12,18,DMP_WAIT
A,58351,STATIC,ALL,466,3142,14594,31,32,-69,0.028,0.192,0.891,1.890,1.951,-4.207,12.144,15.004,12.217,12.531,12,20,OK
A,58374,STATIC,ALL,418,3308,14684,36,32,-70,0.026,0.202,0.896,2.195,1.951,-4.268,12.691,15.004,12.223,12.538,12,23,DMP_WAIT
A,58393,STATIC,ALL,484,3336,14550,36,32,-70,0.030,0.204,0.888,2.195,1.951,-4.268,12.907,15.004,12.234,12.549,12,19,DMP_WAIT
A,58411,STATIC,ALL,386,3400,14646,31,32,-70,0.024,0.208,0.894,1.890,1.951,-4.268,13.065,15.004,12.242,12.557,12,18,DMP_WAIT
A,58431,STATIC,ALL,468,3238,14600,26,31,-70,0.029,0.198,0.891,1.585,1.890,-4.268,12.498,15.008,12.232,12.547,12,20,OK
A,58454,STATIC,ALL,414,3144,14616,27,31,-70,0.025,0.192,0.892,1.646,1.890,-4.268,12.135,15.008,12.214,12.529,12,23,DMP_WAIT
A,58473,STATIC,ALL,508,3192,14678,36,32,-69,0.031,0.195,0.896,2.195,1.951,-4.207,12.262,15.008,12.212,12.526,12,19,DMP_WAIT
A,58491,STATIC,ALL,488,3264,14634,42,32,-69,0.030,0.199,0.893,2.561,1.951,-4.207,12.567,15.008,12.222,12.536,12,18,DMP_WAIT
A,58511,STATIC,ALL,418,3384,14630,40,32,-69,0.026,0.207,0.893,2.439,1.951,-4.207,13.019,15.013,12.240,12.554,12,20,OK
A,58534,STATIC,ALL,486,3350,14544,31,32,-69,0.030,0.204,0.888,1.890,1.951,-4.207,12.964,15.013,12.244,12.559,12,23,DMP_WAIT
A,58553,STATIC,ALL,482,3192,14552,24,31,-70,0.029,0.195,0.888,1.463,1.890,-4.268,12.365,15.013,12.229,12.545,12,19,DMP_WAIT
A,58571,STATIC,ALL,420,3144,14614,27,31,-70,0.026,0.192,0.892,1.646,1.890,-4.268,12.136,15.013,12.215,12.529,12,18,DMP_WAIT
A,58591,STATIC,ALL,484,3216,14684,36,32,-69,0.030,0.196,0.896,2.195,1.951,-4.207,12.347,15.013,12.214,12.528,12,20,OK
A,58614,STATIC,ALL,432,3352,14608,40,33,-69,0.026,0.205,0.892,2.439,2.012,-4.207,12.918,15.013,12.230,12.545,12,23,DMP_WAIT
A,58633,STATIC,ALL,482,3378,14686,32,31,-69,0.029,0.206,0.896,1.951,1.890,-4.207,12.947,15.013,12.237,12.552,12,19,DMP_WAIT
A,58651,STATIC,ALL,474,3200,14552,23,31,-70,0.029,0.195,0.888,1.402,1.890,-4.268,12.396,15.013,12.223,12.538,12,18,DMP_WAIT
A,58671,STATIC,ALL,496,3108,14588,24,30,-70,0.030,0.190,0.890,1.463,1.829,-4.268,12.020,15.014,12.202,12.515,12,20,OK
A,58694,STATIC,ALL,412,3142,14506,32,31,-70,0.025,0.192,0.885,1.951,1.890,-4.268,12.217,15.014,12.193,12.507,12,23,DMP_WAIT
A,58713,STATIC,ALL,484,3338,14610,39,32,-70,0.030,0.204,0.892,2.378,1.951,-4.268,12.863,15.014,12.206,12.520,12,19,DMP_WAIT
A,58731,STATIC,ALL,466,3350,14576,34,32,-69,0.028,0.204,0.890,2.073,1.951,-4.207,12.937,15.014,12.216,12.530,12,18,DMP_WAIT
A,58751,STATIC,ALL,438,3310,14598,24,31,-69,0.027,0.202,0.891,1.463,1.890,-4.207,12.770,15.015,12.209,12.524,12,20,OK
A,58774,STATIC,ALL,528,3210,14612,19,32,-69,0.032,0.196,0.892,1.159,1.951,-4.207,12.382,15.015,12.186,12.501,12,23,DMP_WAIT
A,58793,STATIC,ALL,420,3064,14586,23,31,-70,0.026,0.187,0.890,1.402,1.890,-4.268,11.859,15.015,12.161,12.475,12,19,DMP_WAIT
A,58811,STATIC,ALL,468,3182,14666,33,31,-69,0.029,0.194,0.895,2.012,1.890,-4.207,12.235,15.015,12.157,12.470,12,18,DMP_WAIT
A,58831,STATIC,ALL,486,3254,14466,38,32,-69,0.030,0.199,0.883,2.317,1.951,-4.207,12.670,15.010,12.166,12.479,12,20,OK
A,58854,STATIC,ALL,456,3292,14704,35,32,-69,0.028,0.201,0.897,2.134,1.951,-4.207,12.614,15.010,12.170,12.484,12,23,DMP_WAIT
A,58873,STATIC,ALL,404,3178,14600,32,32,-69,0.025,0.194,0.891,1.951,1.951,-4.207,12.276,15.010,12.164,12.478,12,19,DMP_WAIT
A,58891,STATIC,ALL,488,3110,14624,36,31,-70,0.030,0.190,0.893,2.195,1.890,-4.268,11.999,15.010,12.158,12.470,12,18,DMP_WAIT
A,58911,STATIC,ALL,514,3140,14612,45,33,-69,0.031,0.192,0.892,2.744,2.012,-4.207,12.121,15.015,12.165,12.476,12,20,OK
A,58934,STATIC,ALL,484,3234,14644,54,32,-70,0.030,0.197,0.894,3.293,1.951,-4.268,12.447,15.015,12.192,12.503,12,23,DMP_WAIT
A,58953,STATIC,ALL,492,3390,14612,53,32,-69,0.030,0.207,0.892,3.232,1.951,-4.207,13.054,15.015,12.225,12.537,12,19,DMP_WAIT
A,58971,STATIC,ALL,436,3470,14608,42,32,-69,0.027,0.212,0.892,2.561,1.951,-4.207,13.357,15.015,12.251,12.564,12,18,DMP_WAIT
A,58991,STATIC,ALL,470,3260,14592,28,31,-70,0.029,0.199,0.891,1.707,1.890,-4.268,12.587,15.035,12.245,12.558,12,20,OK
A,59014,STATIC,ALL,462,3076,14688,25,31,-69,0.028,0.188,0.896,1.524,1.890,-4.207,11.822,15.035,12.218,12.530,12,23,DMP_WAIT
A,59033,STATIC,ALL,426,3148,14576,33,32,-70,0.026,0.192,0.890,2.012,1.951,-4.268,12.182,15.035,12.211,12.522,12,19,DMP_WAIT
A,59051,STATIC,ALL,458,3374,14716,38,32,-69,0.028,0.206,0.898,2.317,1.951,-4.207,12.907,15.035,12.224,12.535,12,18,DMP_WAIT
A,59071,STATIC,ALL,468,3384,14568,33,32,-69,0.029,0.207,0.889,2.012,1.951,-4.207,13.071,15.034,12.234,12.546,12,20,OK
A,59094,STATIC,ALL,462,3240,14674,24,32,-69,0.028,0.198,0.896,1.463,1.951,-4.207,12.445,15.034,12.218,12.531,12,23,DMP_WAIT
A,59113,STATIC,ALL,462,3038,14542,24,31,-70,0.028,0.185,0.888,1.463,1.890,-4.268,11.794,15.034,12.193,12.504,12,19,DMP_WAIT
A,59131,STATIC,ALL,428,3116,14668,35,32,-69,0.026,0.190,0.895,2.134,1.951,-4.207,11.988,15.034,12.185,12.494,12,18,DMP_WAIT
A,59151,STATIC,ALL,452,3266,14550,45,32,-70,0.028,0.199,0.888,2.744,1.951,-4.268,12.645,15.033,12.201,12.511,12,20,OK
A,59174,STATIC,ALL,396,3388,14584,43,33,-70,0.024,0.207,0.890,2.622,2.012,-4.268,13.074,15.033,12.225,12.536,12,23,DMP_WAIT
A,59193,STATIC,ALL,504,3328,14602,36,31,-70,0.031,0.203,0.891,2.195,1.890,-4.268,12.832,15.033,12.234,12.545,12,19,DMP_WAIT
A,59211,STATIC,ALL,466,3180,14560,32,30,-70,0.028,0.194,0.889,1.951,1.829,-4.268,12.314,15.033,12.228,12.538,12,18,DMP_WAIT
A,59231,STATIC,ALL,454,3138,14690,36,31,-69,0.028,0.192,0.897,2.195,1.890,-4.207,12.052,15.043,12.221,12.531,12,20,OK
A,59254,STATIC,ALL,498,3202,14612,40,32,-70,0.030,0.195,0.892,2.439,1.951,-4.268,12.353,15.043,12.226,12.535,12,23,DMP_WAIT
A,59273,STATIC,ALL,424,3266,14638,42,32,-69,0.026,0.199,0.893,2.561,1.951,-4.207,12.573,15.043,12.236,12.546,12,19,DMP_WAIT
A,59291,STATIC,ALL,436,3240,14600,42,31,-69,0.027,0.198,0.891,2.561,1.890,-4.207,12.507,15.043,12.245,12.554,12,18,DMP_WAIT
A,59311,STATIC,ALL,500,3176,14584,46,30,-70,0.031,0.194,0.890,2.805,1.829,-4.268,12.279,15.055,12.255,12.562,12,20,OK
A,59334,STATIC,ALL,512,3320,14604,51,31,-70,0.031,0.203,0.891,3.110,1.890,-4.268,12.800,15.055,12.282,12.591,12,23,DMP_WAIT
A,59353,STATIC,ALL,490,3402,14678,48,32,-69,0.030,0.208,0.896,2.927,1.951,-4.207,13.042,15.055,12.308,12.617,12,19,DMP_WAIT
A,59371,STATIC,ALL,438,3422,14582,37,32,-69,0.027,0.209,0.890,2.256,1.951,-4.207,13.201,15.055,12.324,12.633,12,18,DMP_WAIT
A,59391,STATIC,ALL,464,3340,14626,24,31,-70,0.028,0.204,0.893,1.463,1.890,-4.268,12.857,15.070,12.317,12.627,12,20,OK
A,59414,STATIC,ALL,430,3174,14596,18,31,-70,0.026,0.194,0.891,1.098,1.890,-4.268,12.263,15.070,12.288,12.597,12,23,DMP_WAIT
A,59433,STATIC,ALL,490,3094,14606,25,31,-70,0.030,0.189,0.891,1.524,1.890,-4.268,11.954,15.070,12.265,12.574,11,19,DMP_WAIT
A,59451,STATIC,ALL,416,3198,14670,38,32,-70,0.025,0.195,0.895,2.317,1.951,-4.268,12.293,15.070,12.265,12.572,11,18,DMP_WAIT
A,59471,STATIC,ALL,468,3396,14690,43,33,-70,0.029,0.207,0.897,2.622,2.012,-4.268,13.010,15.067,12.285,12.593,11,20,OK
A,59494,STATIC,ALL,476,3460,14652,34,32,-70,0.029,0.211,0.894,2.073,1.951,-4.268,13.280,15.067,12.299,12.608,11,23,DMP_WAIT
A,59513,STATIC,ALL,490,3244,14698,22,31,-70,0.030,0.198,0.897,1.341,1.890,-4.268,12.440,15.067,12.282,12.591,11,19,DMP_WAIT
A,59531,STATIC,ALL,482,3038,14518,24,31,-69,0.029,0.185,0.886,1.463,1.890,-4.207,11.813,15.067,12.257,12.564,11,18,DMP_WAIT
A,59551,STATIC,ALL,470,3222,14640,39,31,-69,0.029,0.197,0.894,2.378,1.890,-4.207,12.406,15.066,12.261,12.567,11,20,OK
A,59574,STATIC,ALL,434,3420,14558,46,32,-70,0.026,0.209,0.889,2.805,1.951,-4.268,13.215,15.066,12.290,12.598,11,23,DMP_WAIT
A,59593,STATIC,ALL,490,3438,14586,39,31,-70,0.030,0.210,0.890,2.378,1.890,-4.268,13.256,15.066,12.309,12.618,11,19,DMP_WAIT
A,59611,STATIC,ALL,472,3322,14642,28,30,-70,0.029,0.203,0.894,1.707,1.829,-4.268,12.777,15.066,12.307,12.616,11,18,DMP_WAIT
A,59631,STATIC,ALL,454,3138,14536,24,30,-70,0.028,0.192,0.887,1.463,1.829,-4.268,12.176,15.075,12.287,12.595,11,20,OK
A,59654,STATIC,ALL,450,3146,14636,31,31,-70,0.027,0.192,0.893,1.890,1.890,-4.268,12.126,15.075,12.273,12.581,11,23,DMP_WAIT
A,59673,STATIC,ALL,468,3240,14574,39,31,-69,0.029,0.198,0.890,2.378,1.890,-4.207,12.528,15.075,12.278,12.586,11,19,DMP_WAIT
A,59691,STATIC,ALL,444,3352,14600,41,32,-70,0.027,0.205,0.891,2.500,1.951,-4.268,12.925,15.075,12.294,12.602,11,18,DMP_WAIT
A,59711,STATIC,ALL,438,3320,14648,35,31,-70,0.027,0.203,0.894,2.134,1.890,-4.268,12.765,15.080,12.299,12.607,11,20,OK
A,59734,STATIC,ALL,484,3252,14588,30,31,-70,0.030,0.198,0.890,1.829,1.890,-4.268,12.560,15.080,12.292,12.601,11,23,DMP_WAIT
A,59753,STATIC,ALL,474,3222,14648,29,31,-70,0.029,0.197,0.894,1.768,1.890,-4.268,12.399,15.080,12.283,12.591,11,19,DMP_WAIT
A,59771,STATIC,ALL,462,3222,14578,31,31,-70,0.028,0.197,0.890,1.890,1.890,-4.268,12.457,15.080,12.278,12.586,11,18,DMP_WAIT
A,59791,STATIC,ALL,452,3266,14530,32,31,-70,0.028,0.199,0.887,1.951,1.890,-4.268,12.662,15.079,12.278,12.585,11,20,OK
A,59814,STATIC,ALL,460,3286,14684,31,31,-69,0.028,0.201,0.896,1.890,1.890,-4.207,12.608,15.079,12.274,12.582,11,23,DMP_WAIT
A,59833,STATIC,ALL,500,3292,14610,32,32,-71,0.031,0.201,0.892,1.951,1.951,-4.329,12.691,15.079,12.275,12.583,11,19,DMP_WAIT
A,59851,STATIC,ALL,482,3300,14592,32,32,-70,0.029,0.201,0.891,1.951,1.951,-4.268,12.736,15.079,12.277,12.584,11,18,DMP_WAIT
A,59871,STATIC,ALL,450,3290,14624,32,31,-70,0.027,0.201,0.893,1.951,1.890,-4.268,12.673,15.082,12.277,12.584,11,20,OK
A,59894,STATIC,ALL,482,3280,14618,32,31,-70,0.029,0.200,0.892,1.951,1.890,-4.268,12.640,15.082,12.275,12.583,11,23,DMP_WAIT
A,59913,STATIC,ALL,466,3274,14646,31,31,-70,0.028,0.200,0.894,1.890,1.890,-4.268,12.595,15.082,12.272,12.581,11,19,DMP_WAIT
A,59931,STATIC,ALL,430,3218,14558,27,32,-70,0.026,0.196,0.889,1.646,1.951,-4.268,12.459,15.082,12.263,12.571,11,18,DMP_WAIT
A,59951,STATIC,ALL,466,3176,14596,27,31,-70,0.028,0.194,0.891,1.646,1.890,-4.268,12.270,15.080,12.249,12.557,11,20,OK
A,59974,STATIC,ALL,490,3102,14570,32,32,-69,0.030,0.189,0.889,1.951,1.951,-4.207,12.012,15.080,12.236,12.543,11,23,DMP_WAIT
A,59993,STATIC,ALL,490,3270,14644,40,32,-70,0.030,0.200,0.894,2.439,1.951,-4.268,12.581,15.080,12.244,12.551,11,19,DMP_WAIT
A,60011,STATIC,ALL,454,3310,14684,40,31,-70,0.028,0.202,0.896,2.439,1.890,-4.268,12.697,15.080,12.254,12.561,11,18,DMP_WAIT
A,60031,STATIC,ALL,476,3376,14596,35,32,-70,0.029,0.206,0.891,2.134,1.951,-4.268,13.017,15.085,12.265,12.572,11,20,OK
A,60054,STATIC,ALL,452,3258,14678,28,31,-70,0.028,0.199,0.896,1.707,1.890,-4.268,12.509,15.085,12.255,12.563,11,23,DMP_WAIT
A,60073,STATIC,ALL,454,3174,14634,25,32,-70,0.028,0.194,0.893,1.524,1.951,-4.268,12.232,15.085,12.239,12.546,11,19,DMP_WAIT
A,60091,STATIC,ALL,460,3176,14554,30,31,-70,0.028,0.194,0.888,1.829,1.890,-4.268,12.304,15.085,12.231,12.537,11,18,DMP_WAIT
A,60111,STATIC,ALL,446,3166,14592,37,32,-69,0.027,0.193,0.891,2.256,1.951,-4.207,12.236,15.083,12.229,12.534,11,20,OK
A,60134,STATIC,ALL,514,3284,14472,44,32,-70,0.031,0.200,0.883,2.683,1.951,-4.268,12.777,15.083,12.247,12.554,11,23,DMP_WAIT
A,60153,STATIC,ALL,420,3352,14650,41,32,-70,0.026,0.205,0.894,2.500,1.951,-4.268,12.883,15.083,12.263,12.569,11,19,DMP_WAIT
A,60171,STATIC,ALL,494,3378,14660,34,32,-70,0.030,0.206,0.895,2.073,1.951,-4.268,12.969,15.083,12.272,12.578,11,18,DMP_WAIT
A,60191,STATIC,ALL,460,3248,14530,25,31,-69,0.028,0.198,0.887,1.524,1.890,-4.207,12.594,15.091,12.262,12.568,11,20,OK
A,60214,STATIC,ALL,494,3236,14684,23,31,-69,0.030,0.198,0.896,1.402,1.890,-4.207,12.421,15.091,12.243,12.550,11,23,DMP_WAIT
A,60233,STATIC,ALL,494,3150,14574,26,31,-70,0.030,0.192,0.890,1.585,1.890,-4.268,12.189,15.091,12.228,12.534,11,19,DMP_WAIT
A,60251,STATIC,ALL,516,3230,14652,33,31,-69,0.031,0.197,0.894,2.012,1.890,-4.207,12.424,15.091,12.226,12.531,11,18,DMP_WAIT
A,60271,STATIC,ALL,426,3320,14636,36,32,-70,0.026,0.203,0.893,2.195,1.951,-4.268,12.775,15.087,12.233,12.539,11,20,OK
A,60294,STATIC,ALL,508,3262,14568,34,31,-70,0.031,0.199,0.889,2.073,1.890,-4.268,12.614,15.087,12.234,12.541,11,23,DMP_WAIT
A,60313,STATIC,ALL,476,3294,14672,36,31,-69,0.029,0.201,0.896,2.195,1.890,-4.207,12.647,15.087,12.240,12.546,11,19,DMP_WAIT
A,60331,STATIC,ALL,510,3362,14654,35,32,-70,0.031,0.205,0.894,2.134,1.951,-4.268,12.914,15.087,12.249,12.556,11,18,DMP_WAIT
A,60351,STATIC,ALL,436,3288,14558,29,31,-70,0.027,0.201,0.889,1.768,1.890,-4.268,12.721,15.092,12.247,12.554,11,20,OK
A,60374,STATIC,ALL,462,3258,14590,26,31,-70,0.028,0.199,0.891,1.585,1.890,-4.268,12.582,15.092,12.236,12.544,11,23,DMP_WAIT
A,60393,STATIC,ALL,464,3230,14598,27,32,-69,0.028,0.197,0.891,1.646,1.951,-4.207,12.470,15.092,12.228,12.535,11,19,DMP_WAIT
A,60411,STATIC,ALL,480,3138,14622,31,31,-69,0.029,0.192,0.892,1.890,1.890,-4.207,12.106,15.092,12.217,12.523,11,18,DMP_WAIT
A,60431,STATIC,ALL,478,3152,14678,38,31,-69,0.029,0.192,0.896,2.317,1.890,-4.207,12.114,15.090,12.214,12.519,11,20,OK
A,60454,STATIC,ALL,482,3222,14650,45,31,-70,0.029,0.197,0.894,2.744,1.890,-4.268,12.397,15.090,12.226,12.532,12,23,DMP_WAIT
A,60473,STATIC,ALL,420,3304,14620,47,31,-70,0.026,0.202,0.892,2.866,1.890,-4.268,12.729,15.090,12.246,12.552,12,19,DMP_WAIT
A,60491,STATIC,ALL,466,3254,14654,45,32,-70,0.028,0.199,0.894,2.744,1.951,-4.268,12.514,15.090,12.258,12.563,12,18,DMP_WAIT
A,60511,STATIC,ALL,480,3268,14624,42,32,-70,0.029,0.199,0.893,2.561,1.951,-4.268,12.590,15.105,12.268,12.573,12,20,OK
A,60534,STATIC,ALL,494,3294,14580,40,32,-70,0.030,0.201,0.890,2.439,1.951,-4.268,12.724,15.105,12.279,12.585,12,23,DMP_WAIT
A,60553,STATIC,ALL,486,3296,14624,38,31,-70,0.030,0.201,0.893,2.317,1.890,-4.268,12.694,15.105,12.287,12.593,12,19,DMP_WAIT
A,60571,STATIC,ALL,462,3216,14616,37,31,-70,0.028,0.196,0.892,2.256,1.890,-4.268,12.403,15.105,12.287,12.592,12,18,DMP_WAIT
A,60591,STATIC,ALL,472,3190,14608,42,31,-69,0.029,0.195,0.892,2.561,1.890,-4.207,12.312,15.115,12.292,12.596,12,20,OK
A,60614,STATIC,ALL,440,3226,14562,51,32,-69,0.027,0.197,0.889,3.110,1.951,-4.207,12.486,15.115,12.312,12.617,12,23,DMP_WAIT
A,60633,STATIC,ALL,480,3464,14594,54,32,-70,0.029,0.211,0.891,3.293,1.951,-4.268,13.346,15.115,12.350,12.656,12,19,DMP_WAIT
A,60651,STATIC,ALL,430,3544,14688,44,32,-69,0.026,0.216,0.896,2.683,1.951,-4.207,13.560,15.115,12.380,12.687,12,18,DMP_WAIT
A,60671,STATIC,ALL,486,3390,14582,28,30,-69,0.030,0.207,0.890,1.707,1.829,-4.207,13.081,15.136,12.381,12.689,12,20,OK
A,60694,STATIC,ALL,462,3118,14626,23,31,-70,0.028,0.190,0.893,1.402,1.890,-4.268,12.028,15.136,12.353,12.660,12,23,DMP_WAIT
A,60713,STATIC,ALL,472,3090,14564,33,31,-70,0.029,0.189,0.889,2.012,1.890,-4.268,11.973,15.136,12.339,12.645,12,19,DMP_WAIT
A,60731,STATIC,ALL,450,3208,14598,48,32,-69,0.027,0.196,0.891,2.927,1.951,-4.207,12.388,15.136,12.350,12.655,12,18,DMP_WAIT
A,60751,STATIC,ALL,430,3356,14646,54,32,-70,0.026,0.205,0.894,3.293,1.951,-4.268,12.901,15.142,12.379,12.684,12,20,OK
A,60774,STATIC,ALL,410,3374,14638,50,32,-69,0.025,0.206,0.893,3.049,1.951,-4.207,12.975,15.142,12.406,12.713,12,23,DMP_WAIT
A,60793,STATIC,ALL,500,3292,14590,42,31,-69,0.031,0.201,0.891,2.561,1.890,-4.207,12.708,15.142,12.416,12.722,12,19,DMP_WAIT
A,60811,STATIC,ALL,486,3336,14588,40,31,-70,0.030,0.204,0.890,2.439,1.890,-4.268,12.874,15.142,12.427,12.733,12,18,DMP_WAIT
A,60831,STATIC,ALL,446,3332,14606,39,31,-70,0.027,0.203,0.891,2.378,1.890,-4.268,12.845,15.160,12.435,12.742,12,20,OK
A,60854,STATIC,ALL,454,3434,14616,34,32,-70,0.028,0.210,0.892,2.073,1.951,-4.268,13.216,15.160,12.444,12.752,12,23,DMP_WAIT
A,60873,STATIC,ALL,464,3348,14622,23,31,-69,0.028,0.204,0.892,1.402,1.890,-4.207,12.890,15.160,12.436,12.744,12,19,DMP_WAIT
A,60891,STATIC,ALL,528,3268,14564,23,30,-69,0.032,0.199,0.889,1.402,1.829,-4.207,12.639,15.160,12.423,12.730,12,18,DMP_WAIT
A,60911,STATIC,ALL,384,3136,14632,29,31,-69,0.023,0.191,0.893,1.768,1.890,-4.207,12.093,15.159,12.404,12.711,12,20,OK
A,60934,STATIC,ALL,530,3268,14502,40,31,-70,0.032,0.199,0.885,2.439,1.890,-4.268,12.691,15.159,12.412,12.719,12,23,DMP_WAIT
A,60953,STATIC,ALL,414,3352,14708,38,32,-69,0.025,0.205,0.898,2.317,1.951,-4.207,12.834,15.159,12.420,12.727,12,19,DMP_WAIT
A,60971,STATIC,ALL,508,3406,14590,34,31,-70,0.031,0.208,0.891,2.073,1.890,-4.268,13.133,15.159,12.429,12.736,12,18,DMP_WAIT
A,60991,STATIC,ALL,108,3398,14568,29,31,-69,0.007,0.207,0.889,1.768,1.890,-4.207,13.129,15.165,12.431,12.739,12,20,OK
A,61014,STATIC,ALL,870,3490,15054,20,26,-70,0.053,0.213,0.919,1.220,1.585,-4.268,13.031,15.165,12.417,12.727,12,23,DMP_WAIT
A,61033,STATIC,ALL,222,3006,14410,18,34,-71,0.014,0.183,0.880,1.098,2.073,-4.329,11.782,15.165,12.381,12.689,12,19,DMP_WAIT
A,61051,STATIC,ALL,832,3270,15172,30,27,-69,0.051,0.200,0.926,1.829,1.646,-4.207,12.145,15.165,12.367,12.674,12,18,DMP_WAIT
A,61071,STATIC,ALL,300,3160,14234,44,34,-70,0.018,0.193,0.869,2.683,2.073,-4.268,12.514,15.159,12.376,12.683,12,20,OK
A,61094,STATIC,ALL,648,3442,14862,50,29,-69,0.040,0.210,0.907,3.049,1.768,-4.207,13.028,15.159,12.405,12.713,12,23,DMP_WAIT
A,61113,STATIC,ALL,268,3418,14448,41,35,-70,0.016,0.209,0.882,2.500,2.134,-4.268,13.308,15.159,12.426,12.734,12,19,DMP_WAIT
A,61131,STATIC,ALL,426,3318,14668,27,31,-69,0.026,0.203,0.895,1.646,1.890,-4.207,12.741,15.159,12.419,12.727,12,18,DMP_WAIT
A,61151,STATIC,ALL,290,3180,14608,27,32,-70,0.018,0.194,0.892,1.646,1.951,-4.268,12.279,15.169,12.402,12.710,12,20,OK
A,61174,STATIC,ALL,344,3228,14656,42,33,-70,0.021,0.197,0.895,2.561,2.012,-4.268,12.418,15.169,12.407,12.715,12,23,DMP_WAIT
A,61193,STATIC,ALL,344,3228,14656,42,33,-70,0.021,0.197,0.895,2.561,2.012,-4.268,12.418,15.169,12.411,12.718,12,19,DMP_WAIT
A,61211,STATIC,ALL,594,3492,14648,46,31,-70,0.036,0.213,0.894,2.805,1.890,-4.268,13.398,15.169,12.439,12.746,12,18,DMP_WAIT
A,61231,STATIC,ALL,462,3394,14510,32,32,-70,0.028,0.207,0.886,1.951,1.951,-4.268,13.159,15.179,12.445,12.753,12,20,OK
A,61254,STATIC,ALL,396,3044,14390,21,31,-70,0.024,0.186,0.878,1.280,1.890,-4.268,11.940,15.179,12.411,12.718,12,23,DMP_WAIT
A,61273,STATIC,ALL,396,3044,14390,21,31,-70,0.024,0.186,0.878,1.280,1.890,-4.268,11.940,15.179,12.381,12.687,12,19,DMP_WAIT
A,61291,STATIC,ALL,472,3146,14690,35,31,-70,0.029,0.192,0.897,2.134,1.890,-4.268,12.082,15.179,12.371,12.676,12,18,DMP_WAIT
A,61311,STATIC,ALL,424,3300,14614,46,33,-70,0.026,0.201,0.892,2.805,2.012,-4.268,12.719,15.175,12.387,12.691,12,20,OK
A,61334,STATIC,ALL,492,3486,14662,42,32,-70,0.030,0.213,0.895,2.561,1.951,-4.268,13.367,15.175,12.411,12.717,12,23,DMP_WAIT
A,61353,STATIC,ALL,492,3486,14662,42,32,-70,0.030,0.213,0.895,2.561,1.951,-4.268,13.367,15.175,12.434,12.740,12,19,DMP_WAIT
A,61371,STATIC,ALL,442,3396,14644,33,31,-69,0.027,0.207,0.894,2.012,1.890,-4.207,13.051,15.175,12.440,12.746,12,18,DMP_WAIT
A,61391,STATIC,ALL,482,3356,14566,23,30,-69,0.029,0.205,0.889,1.402,1.829,-4.207,12.968,15.186,12.432,12.738,12,20,OK
A,61414,STATIC,ALL,412,3130,14592,25,32,-70,0.025,0.191,0.891,1.524,1.951,-4.268,12.102,15.186,12.406,12.713,12,23,DMP_WAIT
A,61433,STATIC,ALL,412,3130,14592,25,32,-70,0.025,0.191,0.891,1.524,1.951,-4.268,12.102,15.186,12.385,12.690,12,19,DMP_WAIT
A,61451,STATIC,ALL,456,3238,14654,38,31,-70,0.028,0.198,0.894,2.317,1.890,-4.268,12.454,15.186,12.385,12.689,12,18,DMP_WAIT
A,61471,STATIC,ALL,556,3470,14640,41,32,-70,0.034,0.212,0.894,2.500,1.951,-4.268,13.325,15.184,12.407,12.712,12,20,OK
A,61494,STATIC,ALL,512,3376,14554,12,31,-69,0.031,0.206,0.888,0.732,1.890,-4.207,13.052,15.184,12.383,12.689,12,23,DMP_WAIT
A,61513,STATIC,ALL,512,3376,14554,12,31,-69,0.031,0.206,0.888,0.732,1.890,-4.207,13.052,15.184,12.366,12.673,12,19,DMP_WAIT
A,61531,STATIC,ALL,440,3246,14544,4,31,-70,0.027,0.198,0.888,0.244,1.890,-4.268,12.576,15.184,12.333,12.639,12,18,DMP_WAIT
A,61551,STATIC,ALL,488,2990,14602,7,31,-69,0.030,0.182,0.891,0.427,1.890,-4.207,11.566,15.167,12.280,12.584,12,20,OK
A,61574,STATIC,ALL,444,3206,14688,50,32,-69,0.027,0.196,0.896,3.049,1.951,-4.207,12.308,15.167,12.296,12.600,12,23,DMP_WAIT
A,61593,STATIC,ALL,444,3206,14688,50,32,-69,0.027,0.196,0.896,3.049,1.951,-4.207,12.308,15.167,12.309,12.613,12,19,DMP_WAIT
A,61611,STATIC,ALL,466,3412,14632,56,32,-70,0.028,0.208,0.893,3.415,1.951,-4.268,13.120,15.167,12.343,12.647,12,18,DMP_WAIT
A,61631,STATIC,ALL,498,3466,14650,46,31,-70,0.030,0.212,0.894,2.805,1.890,-4.268,13.303,15.176,12.371,12.676,12,20,OK
A,61654,STATIC,ALL,534,3222,14612,24,31,-69,0.033,0.197,0.892,1.463,1.890,-4.207,12.427,15.176,12.352,12.657,12,23,DMP_WAIT
A,61673,STATIC,ALL,534,3222,14612,24,31,-69,0.033,0.197,0.892,1.463,1.890,-4.207,12.427,15.176,12.337,12.641,12,19,DMP_WAIT
A,61691,STATIC,ALL,450,3206,14588,27,31,-69,0.027,0.196,0.890,1.646,1.890,-4.207,12.389,15.174,12.325,12.629,12,18,OK
A,61715,STATIC,ALL,462,3342,14642,31,32,-69,0.028,0.204,0.894,1.890,1.951,-4.207,12.851,15.174,12.325,12.630,12,24,DMP_WAIT
A,61734,STATIC,ALL,472,3254,14548,25,31,-70,0.029,0.199,0.888,1.524,1.890,-4.268,12.602,15.174,12.315,12.619,12,19,DMP_WAIT
A,61752,STATIC,ALL,472,3254,14548,25,31,-70,0.029,0.199,0.888,1.524,1.890,-4.268,12.602,15.174,12.306,12.609,12,18,DMP_WAIT
A,61771,STATIC,ALL,440,3124,14610,25,31,-70,0.027,0.191,0.892,1.524,1.890,-4.268,12.064,15.174,12.285,12.588,12,19,DMP_WAIT
A,61791,STATIC,ALL,512,3168,14618,34,31,-70,0.031,0.193,0.892,2.073,1.890,-4.268,12.221,15.171,12.278,12.580,12,20,OK
A,61814,STATIC,ALL,470,3286,14636,50,32,-70,0.029,0.201,0.893,3.049,1.951,-4.268,12.648,15.171,12.301,12.604,12,23,DMP_WAIT
A,61833,STATIC,ALL,470,3286,14636,50,32,-70,0.029,0.201,0.893,3.049,1.951,-4.268,12.648,15.171,12.321,12.623,12,19,DMP_WAIT
A,61851,STATIC,ALL,428,3376,14628,50,32,-70,0.026,0.206,0.893,3.049,1.951,-4.268,12.990,15.190,12.347,12.648,12,18,OK
A,61875,STATIC,ALL,416,3284,14572,41,31,-69,0.025,0.200,0.889,2.500,1.890,-4.207,12.695,15.190,12.357,12.659,12,24,DMP_WAIT
A,61894,STATIC,ALL,496,3214,14572,41,31,-70,0.030,0.196,0.889,2.500,1.890,-4.268,12.431,15.190,12.361,12.663,12,19,DMP_WAIT
A,61912,STATIC,ALL,496,3214,14572,41,31,-70,0.030,0.196,0.889,2.500,1.890,-4.268,12.431,15.190,12.365,12.665,12,18,DMP_WAIT
A,61931,STATIC,ALL,478,3312,14618,45,32,-69,0.029,0.202,0.892,2.744,1.951,-4.207,12.759,15.206,12.380,12.680,12,19,OK
A,61955,STATIC,ALL,444,3422,14604,39,33,-69,0.027,0.209,0.891,2.378,2.012,-4.207,13.182,15.206,12.396,12.698,12,24,DMP_WAIT
A,61973,STATIC,ALL,464,3278,14670,32,31,-70,0.028,0.200,0.895,1.951,1.890,-4.268,12.590,15.206,12.393,12.694,12,18,DMP_WAIT
A,61992,STATIC,ALL,464,3278,14670,32,31,-70,0.028,0.200,0.895,1.951,1.890,-4.268,12.590,15.206,12.389,12.689,12,19,DMP_WAIT
A,62011,STATIC,ALL,464,3224,14622,32,30,-70,0.028,0.197,0.892,1.951,1.829,-4.268,12.428,15.206,12.382,12.682,12,19,DMP_WAIT
A,62031,STATIC,ALL,442,3226,14536,37,31,-70,0.027,0.197,0.887,2.256,1.890,-4.268,12.507,15.212,12.383,12.682,12,20,OK
A,62054,STATIC,ALL,426,3358,14640,38,32,-70,0.026,0.205,0.894,2.317,1.951,-4.268,12.913,15.212,12.392,12.692,12,23,DMP_WAIT
A,62073,STATIC,ALL,526,3400,14694,31,31,-69,0.032,0.208,0.897,1.890,1.890,-4.207,13.020,15.212,12.396,12.696,12,19,DMP_WAIT
A,62091,STATIC,ALL,526,3400,14694,31,31,-69,0.032,0.208,0.897,1.890,1.890,-4.207,13.020,15.217,12.400,12.700,12,18,OK
A,62115,STATIC,ALL,500,3112,14532,29,31,-70,0.031,0.190,0.887,1.768,1.890,-4.268,12.080,15.217,12.380,12.680,12,24,DMP_WAIT
A,62134,STATIC,ALL,412,3234,14590,41,32,-69,0.025,0.197,0.891,2.500,1.951,-4.207,12.493,15.217,12.385,12.684,12,19,DMP_WAIT
A,62152,STATIC,ALL,412,3234,14590,41,32,-69,0.025,0.197,0.891,2.500,1.951,-4.207,12.493,15.217,12.390,12.688,12,18,DMP_WAIT
A,62171,STATIC,ALL,458,3282,14584,49,32,-70,0.028,0.200,0.890,2.988,1.951,-4.268,12.677,15.226,12.407,12.704,12,19,OK
A,62195,STATIC,ALL,508,3378,14588,40,31,-70,0.031,0.206,0.890,2.439,1.890,-4.268,13.030,15.226,12.421,12.720,12,24,DMP_WAIT
A,62213,STATIC,ALL,460,3276,14624,32,32,-69,0.028,0.200,0.893,1.951,1.951,-4.207,12.621,15.226,12.418,12.716,12,18,DMP_WAIT
A,62232,STATIC,ALL,460,3276,14624,32,32,-69,0.028,0.200,0.893,1.951,1.951,-4.207,12.621,15.226,12.414,12.712,12,19,DMP_WAIT
A,62251,STATIC,ALL,434,3280,14586,34,31,-70,0.026,0.200,0.890,2.073,1.890,-4.268,12.668,15.234,12.414,12.711,12,19,OK
A,62274,STATIC,ALL,430,3406,14584,42,32,-70,0.026,0.208,0.890,2.561,1.951,-4.268,13.140,15.234,12.433,12.731,12,23,DMP_WAIT
A,62293,STATIC,ALL,452,3394,14604,37,32,-70,0.028,0.207,0.891,2.256,1.951,-4.268,13.077,15.234,12.444,12.742,12,19,DMP_WAIT
A,62312,STATIC,ALL,452,3394,14604,37,32,-70,0.028,0.207,0.891,2.256,1.951,-4.268,13.077,15.234,12.455,12.753,12,19,DMP_WAIT
A,62331,STATIC,ALL,482,3334,14636,28,31,-70,0.029,0.203,0.893,1.707,1.890,-4.268,12.826,15.239,12.450,12.748,12,19,OK
A,62354,STATIC,ALL,462,3142,14678,27,30,-69,0.028,0.192,0.896,1.646,1.829,-4.207,12.077,15.239,12.426,12.725,12,23,DMP_WAIT
A,62373,STATIC,ALL,454,3240,14620,39,32,-69,0.028,0.198,0.892,2.378,1.951,-4.207,12.490,15.239,12.428,12.725,12,19,DMP_WAIT
A,62391,STATIC,ALL,454,3240,14620,39,32,-69,0.028,0.198,0.892,2.378,1.951,-4.207,12.490,15.239,12.430,12.726,12,18,DMP_WAIT
A,62411,STATIC,ALL,504,3416,14588,48,32,-70,0.031,0.208,0.890,2.927,1.951,-4.268,13.172,15.246,12.456,12.752,12,20,OK
A,62434,STATIC,ALL,464,3432,14634,29,31,-70,0.028,0.209,0.893,1.768,1.890,-4.268,13.192,15.246,12.457,12.755,12,23,DMP_WAIT
A,62453,STATIC,ALL,492,3310,14510,19,31,-70,0.030,0.202,0.886,1.159,1.890,-4.268,12.843,15.246,12.442,12.740,12,19,DMP_WAIT
A,62471,STATIC,ALL,492,3310,14510,19,31,-70,0.030,0.202,0.886,1.159,1.890,-4.268,12.843,15.246,12.429,12.727,12,18,DMP_WAIT
A,62491,STATIC,ALL,460,3248,14572,20,30,-69,0.028,0.198,0.889,1.220,1.829,-4.207,12.559,15.241,12.409,12.707,12,20,OK
A,62514,STATIC,ALL,464,3264,14720,34,32,-69,0.028,0.199,0.898,2.073,1.951,-4.207,12.496,15.241,12.405,12.702,12,23,DMP_WAIT
A,62533,STATIC,ALL,472,3306,14646,40,32,-69,0.029,0.202,0.894,2.439,1.951,-4.207,12.714,15.241,12.412,12.710,12,19,DMP_WAIT
A,62551,STATIC,ALL,472,3306,14646,40,32,-69,0.029,0.202,0.894,2.439,1.951,-4.207,12.714,15.241,12.420,12.717,12,18,DMP_WAIT
A,62571,STATIC,ALL,492,3384,14608,40,32,-69,0.030,0.207,0.892,2.439,1.951,-4.207,13.036,15.247,12.433,12.731,12,20,OK
A,62594,STATIC,ALL,462,3254,14606,30,31,-69,0.028,0.199,0.891,1.829,1.890,-4.207,12.553,15.247,12.424,12.722,12,23,DMP_WAIT
A,62613,STATIC,ALL,394,3280,14590,28,31,-69,0.024,0.200,0.891,1.707,1.890,-4.207,12.666,15.247,12.416,12.714,12,19,DMP_WAIT
A,62631,STATIC,ALL,394,3280,14590,28,31,-69,0.024,0.200,0.891,1.707,1.890,-4.207,12.666,15.247,12.410,12.707,12,18,DMP_WAIT
A,62651,STATIC,ALL,452,3216,14674,33,31,-70,0.028,0.196,0.896,2.012,1.890,-4.268,12.356,15.247,12.402,12.698,12,20,OK
A,62674,STATIC,ALL,494,3360,14610,40,31,-69,0.030,0.205,0.892,2.439,1.890,-4.207,12.945,15.247,12.415,12.712,12,23,DMP_WAIT
A,62693,STATIC,ALL,418,3358,14612,38,32,-70,0.026,0.205,0.892,2.317,1.951,-4.268,12.937,15.247,12.424,12.722,12,19,DMP_WAIT
A,62711,STATIC,ALL,418,3358,14612,38,32,-70,0.026,0.205,0.892,2.317,1.951,-4.268,12.937,15.247,12.434,12.731,12,18,DMP_WAIT
A,62731,STATIC,ALL,456,3350,14632,37,31,-70,0.028,0.204,0.893,2.256,1.890,-4.268,12.890,15.257,12.441,12.738,12,20,OK
A,62754,STATIC,ALL,486,3298,14638,34,31,-70,0.030,0.201,0.893,2.073,1.890,-4.268,12.690,15.257,12.439,12.738,12,23,DMP_WAIT
A,62773,STATIC,ALL,438,3374,14592,31,32,-70,0.027,0.206,0.891,1.890,1.951,-4.268,13.014,15.257,12.442,12.741,12,19,DMP_WAIT
A,62791,STATIC,ALL,438,3374,14592,31,32,-70,0.027,0.206,0.891,1.890,1.951,-4.268,13.014,15.257,12.445,12.744,12,18,DMP_WAIT
A,62811,STATIC,ALL,492,3292,14608,25,31,-70,0.030,0.201,0.892,1.524,1.890,-4.268,12.693,15.255,12.434,12.732,12,20,OK
A,62834,STATIC,ALL,490,3194,14542,30,31,-69,0.030,0.195,0.888,1.829,1.890,-4.207,12.381,15.255,12.421,12.720,12,23,DMP_WAIT
A,62853,STATIC,ALL,402,3252,14612,38,31,-70,0.025,0.198,0.892,2.317,1.890,-4.268,12.542,15.255,12.422,12.721,12,19,DMP_WAIT
A,62871,STATIC,ALL,402,3252,14612,38,31,-70,0.025,0.198,0.892,2.317,1.890,-4.268,12.542,15.255,12.424,12.722,12,18,DMP_WAIT
A,62891,STATIC,ALL,508,3394,14658,42,32,-70,0.031,0.207,0.895,2.561,1.951,-4.268,13.029,15.261,12.440,12.738,12,20,OK
A,62914,STATIC,ALL,424,3360,14616,30,32,-69,0.026,0.205,0.892,1.829,1.951,-4.207,12.941,15.261,12.438,12.738,12,23,DMP_WAIT
A,62933,STATIC,ALL,516,3258,14624,24,31,-69,0.031,0.199,0.893,1.463,1.890,-4.207,12.552,15.261,12.424,12.723,12,19,DMP_WAIT
A,62951,STATIC,ALL,516,3258,14624,24,31,-69,0.031,0.199,0.893,1.463,1.890,-4.207,12.552,15.261,12.410,12.708,12,18,DMP_WAIT
A,62971,STATIC,ALL,446,3160,14562,27,31,-69,0.027,0.193,0.889,1.646,1.890,-4.207,12.238,15.258,12.393,12.690,12,20,OK
A,62994,STATIC,ALL,474,3248,14576,39,33,-69,0.029,0.198,0.890,2.378,2.012,-4.207,12.556,15.258,12.396,12.695,12,23,DMP_WAIT
A,63013,STATIC,ALL,466,3346,14556,41,32,-70,0.028,0.204,0.888,2.500,1.951,-4.268,12.939,15.258,12.410,12.708,12,19,DMP_WAIT
A,63031,STATIC,ALL,428,3368,14662,39,31,-69,0.026,0.206,0.895,2.378,1.890,-4.207,12.932,15.258,12.421,12.718,12,18,DMP_WAIT
A,63051,STATIC,ALL,428,3368,14662,39,31,-69,0.026,0.206,0.895,2.378,1.890,-4.207,12.932,15.267,12.431,12.729,12,20,OK
A,63074,STATIC,ALL,446,3214,14644,32,32,-69,0.027,0.196,0.894,1.951,1.951,-4.207,12.373,15.267,12.421,12.719,12,23,DMP_WAIT
A,63093,STATIC,ALL,518,3302,14684,35,31,-70,0.032,0.202,0.896,2.134,1.890,-4.268,12.666,15.267,12.422,12.720,12,19,DMP_WAIT
A,63111,STATIC,ALL,464,3296,14538,35,32,-70,0.028,0.201,0.887,2.134,1.951,-4.268,12.768,15.267,12.424,12.722,12,18,DMP_WAIT
A,63131,STATIC,ALL,464,3296,14538,35,32,-70,0.028,0.201,0.887,2.134,1.951,-4.268,12.768,15.269,12.427,12.724,12,20,OK
A,63154,STATIC,ALL,446,3204,14584,37,31,-70,0.027,0.196,0.890,2.256,1.890,-4.268,12.385,15.269,12.424,12.721,12,23,DMP_WAIT
A,63173,STATIC,ALL,520,3420,14664,42,31,-70,0.032,0.209,0.895,2.561,1.890,-4.268,13.120,15.269,12.441,12.739,12,19,DMP_WAIT
A,63191,STATIC,ALL,424,3402,14570,40,32,-70,0.026,0.208,0.889,2.439,1.951,-4.268,13.137,15.269,12.457,12.755,12,18,DMP_WAIT
A,63211,STATIC,ALL,424,3402,14570,40,32,-70,0.026,0.208,0.889,2.439,1.951,-4.268,13.137,15.278,12.472,12.771,12,20,OK
A,63234,STATIC,ALL,424,3308,14690,29,31,-70,0.026,0.202,0.897,1.768,1.890,-4.268,12.685,15.278,12.463,12.762,12,23,DMP_WAIT
A,63253,STATIC,ALL,458,3250,14684,30,32,-70,0.028,0.198,0.896,1.829,1.951,-4.268,12.474,15.278,12.453,12.752,12,19,DMP_WAIT
A,63271,STATIC,ALL,458,3240,14572,34,31,-69,0.028,0.198,0.889,2.073,1.890,-4.207,12.529,15.278,12.449,12.748,12,18,DMP_WAIT
A,63291,STATIC,ALL,458,3240,14572,34,31,-69,0.028,0.198,0.889,2.073,1.890,-4.207,12.529,15.279,12.445,12.743,12,20,OK
A,63314,STATIC,ALL,438,3396,14580,39,32,-70,0.027,0.207,0.890,2.378,1.951,-4.268,13.106,15.279,12.459,12.758,12,23,DMP_WAIT
A,63333,STATIC,ALL,434,3422,14648,31,31,-69,0.026,0.209,0.894,1.890,1.890,-4.207,13.144,15.279,12.464,12.764,12,19,DMP_WAIT
A,63351,STATIC,ALL,468,3246,14680,25,30,-70,0.029,0.198,0.896,1.524,1.829,-4.268,12.462,15.279,12.449,12.748,12,18,DMP_WAIT
A,63371,STATIC,ALL,468,3246,14680,25,30,-70,0.029,0.198,0.896,1.524,1.829,-4.268,12.462,15.280,12.433,12.731,12,20,OK
A,63394,STATIC,ALL,476,3306,14632,37,32,-70,0.029,0.202,0.893,2.256,1.951,-4.268,12.725,15.280,12.436,12.736,12,23,DMP_WAIT
A,63413,STATIC,ALL,450,3362,14628,41,32,-70,0.027,0.205,0.893,2.500,1.951,-4.268,12.938,15.280,12.449,12.748,12,19,DMP_WAIT
A,63431,STATIC,ALL,438,3338,14540,37,32,-69,0.027,0.204,0.887,2.256,1.951,-4.207,12.924,15.280,12.457,12.756,12,18,DMP_WAIT
A,63451,STATIC,ALL,438,3338,14540,37,32,-69,0.027,0.204,0.887,2.256,1.951,-4.207,12.924,15.286,12.464,12.763,12,20,OK
A,63474,STATIC,ALL,424,3226,14522,31,31,-70,0.026,0.197,0.886,1.890,1.890,-4.268,12.519,15.286,12.455,12.754,12,23,DMP_WAIT
A,63493,STATIC,ALL,532,3372,14708,36,32,-69,0.032,0.206,0.898,2.195,1.951,-4.207,12.904,15.286,12.460,12.760,12,19,DMP_WAIT
A,63511,STATIC,ALL,466,3236,14456,37,31,-70,0.028,0.198,0.882,2.256,1.890,-4.268,12.611,15.286,12.462,12.761,12,18,DMP_WAIT
A,63531,STATIC,ALL,466,3236,14456,37,31,-70,0.028,0.198,0.882,2.256,1.890,-4.268,12.611,15.291,12.463,12.761,12,20,OK
A,63554,STATIC,ALL,488,3332,14436,43,31,-71,0.030,0.203,0.881,2.622,1.890,-4.329,12.990,15.291,12.479,12.779,12,23,DMP_WAIT
A,63573,STATIC,ALL,424,3454,14650,40,31,-70,0.026,0.211,0.894,2.439,1.890,-4.268,13.261,15.291,12.496,12.797,12,19,DMP_WAIT
A,63591,STATIC,ALL,496,3390,14582,32,31,-70,0.030,0.207,0.890,1.951,1.890,-4.268,13.080,15.291,12.501,12.801,12,18,DMP_WAIT
A,63611,STATIC,ALL,496,3390,14582,32,31,-70,0.030,0.207,0.890,1.951,1.890,-4.268,13.080,15.299,12.504,12.805,12,20,OK
A,63634,STATIC,ALL,484,3278,14714,31,30,-70,0.030,0.200,0.898,1.890,1.829,-4.268,12.553,15.299,12.494,12.797,12,23,DMP_WAIT
A,63653,STATIC,ALL,386,3332,14574,35,32,-70,0.024,0.203,0.890,2.134,1.951,-4.268,12.874,15.299,12.498,12.800,12,19,DMP_WAIT
A,63671,STATIC,ALL,472,3438,14778,37,31,-69,0.029,0.210,0.902,2.256,1.890,-4.207,13.090,15.299,12.508,12.810,12,18,DMP_WAIT
A,63691,STATIC,ALL,354,3306,14536,35,33,-70,0.022,0.202,0.887,2.134,2.012,-4.268,12.809,15.303,12.509,12.812,12,20,OK
A,63714,STATIC,ALL,570,3400,14704,33,30,-70,0.035,0.208,0.897,2.012,1.829,-4.268,13.010,15.303,12.512,12.815,12,23,DMP_WAIT
A,63733,STATIC,ALL,360,3214,14470,28,32,-70,0.022,0.196,0.883,1.707,1.951,-4.268,12.519,15.303,12.500,12.803,12,19,DMP_WAIT
A,63751,STATIC,ALL,562,3266,14656,32,31,-69,0.034,0.199,0.895,1.951,1.890,-4.207,12.554,15.303,12.493,12.796,12,18,DMP_WAIT
A,63771,STATIC,ALL,428,3184,14490,40,31,-70,0.026,0.194,0.884,2.439,1.890,-4.268,12.388,15.305,12.493,12.795,12,20,OK
A,63794,STATIC,ALL,520,3412,14642,42,31,-69,0.032,0.208,0.894,2.561,1.890,-4.207,13.109,15.305,12.510,12.813,12,23,DMP_WAIT
A,63813,STATIC,ALL,362,3432,14570,38,32,-70,0.022,0.209,0.889,2.317,1.951,-4.268,13.251,15.305,12.524,12.828,12,19,DMP_WAIT
A,63831,STATIC,ALL,486,3366,14640,30,31,-69,0.030,0.205,0.894,1.829,1.890,-4.207,12.941,15.305,12.523,12.826,12,18,DMP_WAIT
A,63851,STATIC,ALL,444,3264,14634,29,32,-69,0.027,0.199,0.893,1.768,1.951,-4.207,12.568,15.311,12.512,12.816,12,20,OK
A,63874,STATIC,ALL,474,3254,14594,33,32,-69,0.029,0.199,0.891,2.012,1.951,-4.207,12.563,15.311,12.505,12.809,12,23,DMP_WAIT
A,63893,STATIC,ALL,460,3344,14472,36,32,-70,0.028,0.204,0.883,2.195,1.951,-4.268,13.004,15.311,12.512,12.817,12,19,DMP_WAIT
A,63911,STATIC,ALL,480,3354,14640,33,32,-70,0.029,0.205,0.894,2.012,1.951,-4.268,12.897,15.311,12.514,12.818,12,18,DMP_WAIT
A,63931,STATIC,ALL,508,3254,14576,30,32,-70,0.031,0.199,0.890,1.829,1.951,-4.268,12.577,15.313,12.504,12.808,12,20,OK
A,63954,STATIC,ALL,492,3278,14600,32,31,-69,0.030,0.200,0.891,1.951,1.890,-4.207,12.647,15.313,12.498,12.803,12,23,DMP_WAIT
A,63973,STATIC,ALL,436,3278,14600,33,32,-69,0.027,0.200,0.891,2.012,1.951,-4.207,12.649,15.313,12.495,12.799,12,19,DMP_WAIT
A,63991,STATIC,ALL,462,3270,14562,36,32,-69,0.028,0.200,0.889,2.195,1.951,-4.207,12.650,15.313,12.495,12.798,12,18,DMP_WAIT
A,64011,STATIC,ALL,524,3388,14674,37,31,-70,0.032,0.207,0.896,2.256,1.890,-4.268,12.993,15.315,12.503,12.807,12,20,OK
A,64034,STATIC,ALL,378,3384,14612,36,32,-69,0.023,0.207,0.892,2.195,1.951,-4.207,13.035,15.315,12.510,12.815,12,23,DMP_WAIT
A,64053,STATIC,ALL,480,3340,14584,31,32,-69,0.029,0.204,0.890,1.890,1.951,-4.207,12.893,15.315,12.508,12.814,12,19,DMP_WAIT
A,64071,STATIC,ALL,450,3264,14526,29,31,-70,0.027,0.199,0.887,1.768,1.890,-4.268,12.658,15.315,12.501,12.805,12,18,DMP_WAIT
A,64091,STATIC,ALL,460,3184,14506,31,32,-70,0.028,0.194,0.885,1.890,1.951,-4.268,12.374,15.317,12.489,12.793,12,20,OK
A,64114,STATIC,ALL,472,3312,14752,37,32,-70,0.029,0.202,0.900,2.256,1.951,-4.268,12.648,15.317,12.490,12.795,12,23,DMP_WAIT
A,64133,STATIC,ALL,492,3408,14546,38,31,-70,0.030,0.208,0.888,2.317,1.890,-4.268,13.179,15.317,12.503,12.808,12,19,DMP_WAIT
A,64151,STATIC,ALL,480,3390,14586,31,32,-69,0.029,0.207,0.890,1.890,1.951,-4.207,13.077,15.317,12.506,12.811,12,18,DMP_WAIT
A,64171,STATIC,ALL,462,3364,14586,24,31,-70,0.028,0.205,0.890,1.463,1.890,-4.268,12.981,15.319,12.498,12.803,12,20,OK
A,64194,STATIC,ALL,468,3270,14574,22,30,-70,0.029,0.200,0.890,1.341,1.829,-4.268,12.640,15.319,12.478,12.784,12,23,DMP_WAIT
A,64213,STATIC,ALL,484,3200,14610,25,32,-69,0.030,0.195,0.892,1.524,1.951,-4.207,12.348,15.319,12.460,12.765,12,19,DMP_WAIT
A,64231,STATIC,ALL,462,3242,14598,36,32,-70,0.028,0.198,0.891,2.195,1.951,-4.268,12.515,15.319,12.458,12.762,12,18,DMP_WAIT
A,64251,STATIC,ALL,422,3328,14542,43,31,-70,0.026,0.203,0.888,2.622,1.890,-4.268,12.885,15.317,12.472,12.776,12,20,OK
A,64274,STATIC,ALL,490,3400,14604,42,31,-70,0.030,0.208,0.891,2.561,1.890,-4.268,13.099,15.317,12.489,12.794,12,23,DMP_WAIT
A,64293,STATIC,ALL,506,3352,14554,37,31,-70,0.031,0.205,0.888,2.256,1.890,-4.268,12.962,15.317,12.496,12.802,12,19,DMP_WAIT
A,64311,STATIC,ALL,500,3342,14632,34,31,-70,0.031,0.204,0.893,2.073,1.890,-4.268,12.859,15.317,12.498,12.804,12,18,DMP_WAIT
A,64331,STATIC,ALL,426,3276,14606,34,31,-70,0.026,0.200,0.891,2.073,1.890,-4.268,12.637,15.326,12.495,12.800,12,20,OK
A,64354,STATIC,ALL,476,3264,14608,37,32,-70,0.029,0.199,0.892,2.256,1.951,-4.268,12.589,15.326,12.495,12.801,12,23,DMP_WAIT
A,64373,STATIC,ALL,418,3344,14628,42,32,-70,0.026,0.204,0.893,2.561,1.951,-4.268,12.872,15.326,12.506,12.812,12,19,DMP_WAIT
A,64391,STATIC,ALL,446,3422,14616,41,32,-69,0.027,0.209,0.892,2.500,1.951,-4.207,13.171,15.326,12.522,12.827,12,18,DMP_WAIT
A,64411,STATIC,ALL,484,3456,14598,32,31,-70,0.030,0.211,0.891,1.951,1.890,-4.268,13.312,15.335,12.530,12.836,12,20,OK
A,64434,STATIC,ALL,540,3268,14546,25,31,-70,0.033,0.199,0.888,1.524,1.890,-4.268,12.654,15.335,12.513,12.821,12,23,DMP_WAIT
A,64453,STATIC,ALL,448,3170,14534,28,31,-69,0.027,0.193,0.887,1.707,1.890,-4.207,12.298,15.335,12.497,12.803,12,19,DMP_WAIT
A,64471,STATIC,ALL,476,3302,14584,36,31,-70,0.029,0.202,0.890,2.195,1.890,-4.268,12.751,15.335,12.499,12.805,12,18,DMP_WAIT
A,64491,STATIC,ALL,434,3372,14506,39,32,-70,0.026,0.206,0.885,2.378,1.951,-4.268,13.081,15.335,12.511,12.817,12,20,OK
A,64514,STATIC,ALL,496,3474,14716,34,32,-69,0.030,0.212,0.898,2.073,1.951,-4.207,13.275,15.335,12.520,12.828,12,23,DMP_WAIT
A,64533,STATIC,ALL,488,3278,14462,26,31,-70,0.030,0.200,0.883,1.585,1.890,-4.268,12.764,15.335,12.510,12.818,12,19,DMP_WAIT
A,64551,STATIC,ALL,474,3244,14724,25,31,-70,0.029,0.198,0.899,1.524,1.890,-4.268,12.419,15.335,12.494,12.800,12,18,DMP_WAIT
A,64571,STATIC,ALL,432,3204,14450,34,31,-70,0.026,0.196,0.882,2.073,1.890,-4.268,12.497,15.335,12.488,12.794,12,20,OK
A,64594,STATIC,ALL,504,3296,14596,42,32,-69,0.031,0.201,0.891,2.561,1.951,-4.207,12.718,15.335,12.497,12.804,12,23,DMP_WAIT
A,64613,STATIC,ALL,430,3378,14626,47,32,-69,0.026,0.206,0.893,2.866,1.951,-4.207,12.999,15.335,12.517,12.823,12,19,DMP_WAIT
A,64631,STATIC,ALL,440,3380,14516,43,32,-69,0.027,0.206,0.886,2.622,1.951,-4.207,13.102,15.335,12.533,12.840,12,18,DMP_WAIT
A,64651,STATIC,ALL,470,3366,14642,38,31,-70,0.029,0.205,0.894,2.317,1.890,-4.268,12.940,15.349,12.540,12.847,12,20,OK
A,64674,STATIC,ALL,482,3344,14730,37,31,-70,0.029,0.204,0.899,2.256,1.890,-4.268,12.784,15.349,12.543,12.851,12,23,DMP_WAIT
A,64693,STATIC,ALL,472,3360,14562,37,32,-70,0.029,0.205,0.889,2.256,1.951,-4.268,12.986,15.349,12.550,12.857,12,19,DMP_WAIT
A,64711,STATIC,ALL,472,3384,14634,35,31,-69,0.029,0.207,0.893,2.134,1.890,-4.207,13.014,15.349,12.555,12.862,12,18,DMP_WAIT
A,64731,STATIC,ALL,390,3324,14574,31,32,-70,0.024,0.203,0.890,1.890,1.951,-4.268,12.844,15.355,12.551,12.859,12,20,OK
A,64754,STATIC,ALL,468,3298,14590,29,31,-70,0.029,0.201,0.891,1.768,1.890,-4.268,12.731,15.355,12.542,12.850,12,23,DMP_WAIT
A,64773,STATIC,ALL,476,3290,14690,30,31,-70,0.029,0.201,0.897,1.829,1.890,-4.268,12.617,15.355,12.533,12.841,12,19,DMP_WAIT
A,64791,STATIC,ALL,456,3370,14628,32,31,-70,0.028,0.206,0.893,1.951,1.890,-4.268,12.967,15.355,12.535,12.842,12,18,DMP_WAIT
A,64811,STATIC,ALL,462,3342,14626,28,31,-69,0.028,0.204,0.893,1.707,1.890,-4.207,12.865,15.353,12.529,12.836,12,20,OK
A,64834,STATIC,ALL,456,3260,14650,27,30,-69,0.028,0.199,0.894,1.646,1.829,-4.207,12.539,15.353,12.513,12.821,12,23,DMP_WAIT
A,64853,STATIC,ALL,486,3220,14590,30,32,-69,0.030,0.197,0.891,1.829,1.951,-4.207,12.439,15.353,12.501,12.809,12,19,DMP_WAIT
A,64871,STATIC,ALL,444,3286,14664,34,31,-70,0.027,0.201,0.895,2.073,1.890,-4.268,12.625,15.353,12.499,12.805,12,18,DMP_WAIT
A,64891,STATIC,ALL,462,3260,14562,38,31,-70,0.028,0.199,0.889,2.317,1.890,-4.268,12.613,15.351,12.500,12.806,12,20,OK
A,64914,STATIC,ALL,456,3366,14616,40,31,-70,0.028,0.205,0.892,2.439,1.890,-4.268,12.963,15.351,12.511,12.818,12,23,DMP_WAIT
A,64933,STATIC,ALL,442,3450,14576,36,32,-70,0.027,0.211,0.890,2.195,1.951,-4.268,13.310,15.351,12.524,12.832,12,19,DMP_WAIT
A,64951,STATIC,ALL,442,3402,14592,26,31,-69,0.027,0.208,0.891,1.585,1.890,-4.207,13.118,15.351,12.522,12.830,12,18,DMP_WAIT
A,64971,STATIC,ALL,454,3244,14680,19,30,-69,0.028,0.198,0.896,1.159,1.829,-4.207,12.455,15.353,12.497,12.804,12,20,OK
A,64994,STATIC,ALL,484,3190,14510,21,31,-69,0.030,0.195,0.886,1.280,1.890,-4.207,12.392,15.353,12.471,12.778,12,23,DMP_WAIT
A,65013,STATIC,ALL,490,3148,14658,31,32,-70,0.030,0.192,0.895,1.890,1.951,-4.268,12.114,15.353,12.455,12.761,12,19,DMP_WAIT
A,65031,STATIC,ALL,490,3334,14634,40,32,-69,0.030,0.203,0.893,2.439,1.951,-4.207,12.827,15.353,12.464,12.769,12,18,DMP_WAIT
A,65051,STATIC,ALL,454,3348,14532,40,32,-69,0.028,0.204,0.887,2.439,1.951,-4.207,12.968,15.350,12.475,12.781,12,20,OK
A,65074,STATIC,ALL,408,3402,14684,34,32,-70,0.025,0.208,0.896,2.073,1.951,-4.268,13.039,15.350,12.480,12.787,12,23,DMP_WAIT
A,65093,STATIC,ALL,464,3212,14514,29,31,-69,0.028,0.196,0.886,1.768,1.890,-4.207,12.472,15.350,12.469,12.775,12,19,DMP_WAIT
A,65111,STATIC,ALL,450,3248,14688,33,32,-69,0.027,0.198,0.896,2.012,1.951,-4.207,12.464,15.350,12.463,12.767,12,18,DMP_WAIT
A,65131,STATIC,ALL,450,3298,14606,40,32,-69,0.027,0.201,0.891,2.439,1.951,-4.207,12.718,15.352,12.469,12.773,12,20,OK
A,65154,STATIC,ALL,426,3394,14674,42,31,-69,0.026,0.207,0.896,2.561,1.890,-4.207,13.018,15.352,12.485,12.790,12,23,DMP_WAIT
A,65173,STATIC,ALL,448,3460,14682,39,31,-70,0.027,0.211,0.896,2.378,1.890,-4.268,13.255,15.352,12.501,12.806,12,19,DMP_WAIT
A,65191,STATIC,ALL,486,3326,14570,32,31,-70,0.030,0.203,0.889,1.951,1.890,-4.268,12.852,15.352,12.500,12.805,12,18,DMP_WAIT
A,65211,STATIC,ALL,456,3334,14602,29,32,-70,0.028,0.203,0.891,1.768,1.951,-4.268,12.856,15.359,12.496,12.801,12,20,OK
A,65234,STATIC,ALL,526,3350,14596,28,32,-70,0.032,0.204,0.891,1.707,1.951,-4.268,12.918,15.359,12.490,12.795,12,23,DMP_WAIT
A,65253,STATIC,ALL,454,3328,14620,27,32,-70,0.028,0.203,0.892,1.646,1.951,-4.268,12.818,15.359,12.483,12.788,12,19,DMP_WAIT
A,65271,STATIC,ALL,454,3274,14548,30,32,-70,0.028,0.200,0.888,1.829,1.951,-4.268,12.677,15.359,12.477,12.782,12,18,DMP_WAIT
A,65291,STATIC,ALL,482,3236,14526,36,32,-70,0.029,0.198,0.887,2.195,1.951,-4.268,12.552,15.358,12.476,12.780,12,20,OK
A,65314,STATIC,ALL,502,3410,14668,42,31,-69,0.031,0.208,0.895,2.561,1.890,-4.207,13.080,15.358,12.492,12.798,12,23,DMP_WAIT
A,65333,STATIC,ALL,456,3416,14544,39,32,-69,0.028,0.208,0.888,2.378,1.951,-4.207,13.211,15.358,12.507,12.813,12,19,DMP_WAIT
A,65351,STATIC,ALL,434,3368,14612,31,31,-69,0.026,0.206,0.892,1.890,1.890,-4.207,12.974,15.358,12.508,12.814,12,18,DMP_WAIT
A,65371,STATIC,ALL,452,3212,14572,29,32,-70,0.028,0.196,0.889,1.768,1.951,-4.268,12.425,15.364,12.495,12.800,12,20,OK
A,65394,STATIC,ALL,488,3232,14626,34,31,-69,0.030,0.197,0.893,2.073,1.890,-4.207,12.454,15.364,12.487,12.793,12,23,DMP_WAIT
A,65413,STATIC,ALL,462,3386,14594,41,32,-69,0.028,0.207,0.891,2.500,1.951,-4.207,13.056,15.364,12.501,12.807,12,19,DMP_WAIT
A,65431,STATIC,ALL,482,3434,14632,41,32,-70,0.029,0.210,0.893,2.500,1.951,-4.268,13.201,15.364,12.518,12.823,12,18,DMP_WAIT
A,65451,STATIC,ALL,506,3400,14690,32,31,-70,0.031,0.208,0.897,1.951,1.890,-4.268,13.024,15.371,12.520,12.826,12,20,OK
A,65474,STATIC,ALL,472,3292,14622,27,31,-70,0.029,0.201,0.892,1.646,1.890,-4.268,12.682,15.371,12.507,12.814,12,23,DMP_WAIT
A,65493,STATIC,ALL,458,3236,14590,28,31,-69,0.028,0.198,0.891,1.707,1.890,-4.207,12.500,15.371,12.495,12.801,11,19,DMP_WAIT
A,65511,STATIC,ALL,496,3204,14708,35,31,-70,0.030,0.196,0.898,2.134,1.890,-4.268,12.283,15.371,12.486,12.791,11,18,DMP_WAIT
A,65531,STATIC,ALL,496,3410,14560,41,32,-70,0.030,0.208,0.889,2.500,1.951,-4.268,13.174,15.370,12.503,12.808,11,20,OK
A,65554,STATIC,ALL,468,3396,14638,36,31,-70,0.029,0.207,0.893,2.195,1.890,-4.268,13.055,15.370,12.510,12.817,11,23,DMP_WAIT
A,65573,STATIC,ALL,472,3346,14654,29,31,-70,0.029,0.204,0.894,1.768,1.890,-4.268,12.856,15.370,12.506,12.812,11,19,DMP_WAIT
A,65591,STATIC,ALL,390,3250,14520,31,31,-70,0.024,0.198,0.886,1.890,1.890,-4.268,12.612,15.370,12.500,12.805,11,18,DMP_WAIT
A,65611,STATIC,ALL,502,3358,14684,38,31,-69,0.031,0.205,0.896,2.317,1.890,-4.207,12.874,15.374,12.506,12.812,11,20,OK
A,65634,STATIC,ALL,400,3384,14528,39,32,-70,0.024,0.207,0.887,2.378,1.951,-4.268,13.107,15.374,12.519,12.826,11,23,DMP_WAIT
A,65653,STATIC,ALL,560,3322,14562,33,31,-69,0.034,0.203,0.889,2.012,1.890,-4.207,12.842,15.374,12.519,12.826,11,19,DMP_WAIT
A,65671,STATIC,ALL,408,3312,14616,28,32,-70,0.025,0.202,0.892,1.707,1.951,-4.268,12.763,15.374,12.512,12.818,11,18,DMP_WAIT
A,65691,STATIC,ALL,496,3278,14558,30,31,-70,0.030,0.200,0.889,1.829,1.890,-4.268,12.682,15.376,12.505,12.811,11,20,OK
A,65714,STATIC,ALL,506,3380,14624,34,32,-70,0.031,0.206,0.893,2.073,1.951,-4.268,13.007,15.376,12.509,12.816,11,23,DMP_WAIT
A,65733,STATIC,ALL,476,3316,14684,35,33,-70,0.029,0.202,0.896,2.134,2.012,-4.268,12.719,15.376,12.509,12.816,11,19,DMP_WAIT
A,65751,STATIC,ALL,486,3406,14596,34,32,-69,0.030,0.208,0.891,2.073,1.951,-4.207,13.128,15.376,12.516,12.823,11,18,DMP_WAIT
A,65771,STATIC,ALL,446,3390,14518,28,31,-69,0.027,0.207,0.886,1.707,1.890,-4.207,13.137,15.378,12.516,12.823,11,20,OK
A,65794,STATIC,ALL,472,3296,14616,24,31,-69,0.029,0.201,0.892,1.463,1.890,-4.207,12.702,15.378,12.499,12.807,11,23,DMP_WAIT
A,65813,STATIC,ALL,458,3228,14646,26,31,-69,0.028,0.197,0.894,1.585,1.890,-4.207,12.423,15.378,12.483,12.791,11,19,DMP_WAIT
A,65831,STATIC,ALL,484,3240,14582,34,31,-70,0.030,0.198,0.890,2.073,1.890,-4.268,12.520,15.378,12.479,12.785,11,18,DMP_WAIT
A,65851,STATIC,ALL,464,3350,14576,39,32,-70,0.028,0.204,0.890,2.378,1.951,-4.268,12.937,15.376,12.488,12.795,11,20,OK
A,65874,STATIC,ALL,478,3356,14644,37,31,-70,0.029,0.205,0.894,2.256,1.890,-4.268,12.901,15.376,12.494,12.802,11,23,DMP_WAIT
A,65893,STATIC,ALL,468,3282,14664,34,31,-70,0.029,0.200,0.895,2.073,1.890,-4.268,12.609,15.376,12.491,12.799,11,19,DMP_WAIT
A,65911,STATIC,ALL,470,3324,14546,35,32,-70,0.029,0.203,0.888,2.134,1.951,-4.268,12.866,15.376,12.495,12.802,11,18,DMP_WAIT
A,65931,STATIC,ALL,392,3360,14586,36,31,-70,0.024,0.205,0.890,2.195,1.890,-4.268,12.968,15.381,12.501,12.808,11,20,OK
A,65954,STATIC,ALL,432,3306,14588,38,31,-69,0.026,0.202,0.890,2.317,1.890,-4.207,12.764,15.381,12.505,12.813,11,23,DMP_WAIT
A,65973,STATIC,ALL,418,3288,14642,41,32,-70,0.026,0.201,0.894,2.500,1.951,-4.268,12.651,15.381,12.511,12.818,11,19,DMP_WAIT
A,65991,STATIC,ALL,434,3400,14656,40,32,-70,0.026,0.208,0.895,2.439,1.951,-4.268,13.055,15.381,12.523,12.830,11,18,DMP_WAIT
A,66011,STATIC,ALL,450,3402,14604,34,32,-69,0.027,0.208,0.891,2.073,1.951,-4.207,13.107,15.389,12.529,12.837,11,20,OK
A,66034,STATIC,ALL,444,3328,14586,26,32,-70,0.027,0.203,0.890,1.585,1.951,-4.268,12.847,15.389,12.518,12.827,11,23,DMP_WAIT
A,66053,STATIC,ALL,500,3280,14574,25,31,-69,0.031,0.200,0.890,1.524,1.890,-4.207,12.676,15.389,12.505,12.814,11,19,DMP_WAIT
A,66071,STATIC,ALL,484,3184,14532,31,31,-69,0.030,0.194,0.887,1.890,1.890,-4.207,12.352,15.389,12.494,12.801,11,18,DMP_WAIT
A,66091,STATIC,ALL,450,3274,14592,40,31,-69,0.027,0.200,0.891,2.439,1.890,-4.207,12.640,15.387,12.499,12.805,11,20,OK
A,66114,STATIC,ALL,438,3442,14646,42,32,-70,0.027,0.210,0.894,2.561,1.951,-4.268,13.220,15.387,12.517,12.826,11,23,DMP_WAIT
A,66133,STATIC,ALL,434,3430,14602,37,32,-70,0.026,0.209,0.891,2.256,1.951,-4.268,13.213,15.387,12.529,12.838,11,19,DMP_WAIT
A,66151,STATIC,ALL,442,3336,14674,30,31,-69,0.027,0.204,0.896,1.829,1.890,-4.207,12.802,15.387,12.525,12.834,11,18,DMP_WAIT
A,66171,STATIC,ALL,426,3288,14596,29,32,-70,0.026,0.201,0.891,1.768,1.951,-4.268,12.690,15.393,12.517,12.825,11,20,OK
A,66194,STATIC,ALL,508,3292,14648,31,31,-70,0.031,0.201,0.894,1.890,1.890,-4.268,12.659,15.393,12.509,12.818,11,23,DMP_WAIT
A,66213,STATIC,ALL,504,3240,14656,33,32,-70,0.031,0.198,0.895,2.012,1.951,-4.268,12.459,15.393,12.502,12.810,11,19,DMP_WAIT
A,66231,STATIC,ALL,472,3284,14548,38,32,-70,0.029,0.200,0.888,2.317,1.951,-4.268,12.714,15.393,12.505,12.813,11,18,DMP_WAIT
A,66251,STATIC,ALL,478,3408,14586,39,32,-69,0.029,0.208,0.890,2.378,1.951,-4.207,13.144,15.394,12.518,12.826,11,20,OK
A,66274,STATIC,ALL,444,3364,14602,35,32,-70,0.027,0.205,0.891,2.134,1.951,-4.268,12.968,15.394,12.522,12.831,11,23,DMP_WAIT
A,66293,STATIC,ALL,438,3358,14700,31,31,-70,0.027,0.205,0.897,1.890,1.890,-4.268,12.862,15.394,12.520,12.829,11,19,DMP_WAIT
A,66311,STATIC,ALL,430,3334,14584,30,31,-70,0.026,0.203,0.890,1.829,1.890,-4.268,12.872,15.394,12.518,12.826,11,18,DMP_WAIT
A,66331,STATIC,ALL,454,3298,14570,31,31,-69,0.028,0.201,0.889,1.890,1.890,-4.207,12.748,15.396,12.513,12.822,11,20,OK
A,66354,STATIC,ALL,438,3288,14624,34,31,-69,0.027,0.201,0.893,2.073,1.890,-4.207,12.666,15.396,12.510,12.819,11,23,DMP_WAIT
A,66373,STATIC,ALL,446,3322,14564,37,31,-70,0.027,0.203,0.889,2.256,1.890,-4.268,12.843,15.396,12.515,12.823,11,19,DMP_WAIT
A,66391,STATIC,ALL,458,3370,14632,36,31,-69,0.028,0.206,0.893,2.195,1.890,-4.207,12.964,15.396,12.521,12.829,11,18,DMP_WAIT
A,66411,STATIC,ALL,436,3298,14588,33,31,-69,0.027,0.201,0.890,2.012,1.890,-4.207,12.734,15.400,12.518,12.826,11,20,OK
A,66434,STATIC,ALL,472,3278,14572,33,32,-70,0.029,0.200,0.889,2.012,1.951,-4.268,12.671,15.400,12.513,12.822,11,23,DMP_WAIT
A,66453,STATIC,ALL,442,3336,14602,37,32,-70,0.027,0.204,0.891,2.256,1.951,-4.268,12.863,15.400,12.518,12.827,11,19,DMP_WAIT
A,66471,STATIC,ALL,494,3396,14566,39,32,-70,0.030,0.207,0.889,2.378,1.951,-4.268,13.117,15.400,12.531,12.839,11,18,DMP_WAIT
A,66491,STATIC,ALL,378,3402,14640,38,32,-69,0.023,0.208,0.894,2.317,1.951,-4.207,13.078,15.407,12.541,12.850,11,20,OK
A,66514,STATIC,ALL,476,3388,14672,33,32,-69,0.029,0.207,0.896,2.012,1.951,-4.207,12.996,15.407,12.542,12.852,12,23,DMP_WAIT
A,66533,STATIC,ALL,522,3346,14572,29,31,-69,0.032,0.204,0.889,1.768,1.890,-4.207,12.924,15.407,12.539,12.849,12,19,DMP_WAIT
A,66551,STATIC,ALL,458,3340,14622,26,32,-70,0.028,0.204,0.892,1.585,1.951,-4.268,12.861,15.407,12.531,12.841,12,18,DMP_WAIT
A,66571,STATIC,ALL,528,3260,14628,28,31,-69,0.032,0.199,0.893,1.707,1.890,-4.207,12.556,15.405,12.519,12.828,12,20,OK
A,66594,STATIC,ALL,430,3222,14604,32,31,-69,0.026,0.197,0.891,1.951,1.890,-4.207,12.436,15.405,12.508,12.818,12,23,DMP_WAIT
A,66613,STATIC,ALL,500,3344,14762,39,32,-70,0.031,0.204,0.901,2.378,1.951,-4.268,12.757,15.405,12.513,12.823,12,19,DMP_WAIT
A,66631,STATIC,ALL,382,3420,14530,38,32,-70,0.023,0.209,0.887,2.317,1.951,-4.268,13.241,15.405,12.527,12.836,12,18,DMP_WAIT
A,66651,STATIC,ALL,492,3372,14554,32,31,-70,0.030,0.206,0.888,1.951,1.890,-4.268,13.037,15.408,12.529,12.839,12,20,OK
A,66674,STATIC,ALL,436,3290,14600,28,31,-70,0.027,0.201,0.891,1.707,1.890,-4.268,12.694,15.408,12.518,12.828,12,23,DMP_WAIT
A,66693,STATIC,ALL,548,3252,14632,33,31,-70,0.033,0.198,0.893,2.012,1.890,-4.268,12.522,15.408,12.511,12.821,12,19,DMP_WAIT
A,66711,STATIC,ALL,432,3276,14614,38,32,-70,0.026,0.200,0.892,2.317,1.951,-4.268,12.630,15.408,12.513,12.822,12,18,DMP_WAIT
A,66731,STATIC,ALL,494,3370,14632,43,31,-69,0.030,0.206,0.893,2.622,1.890,-4.207,12.963,15.411,12.527,12.836,12,20,OK
A,66754,STATIC,ALL,438,3384,14640,39,31,-70,0.027,0.207,0.894,2.378,1.890,-4.268,13.010,15.411,12.537,12.847,12,23,DMP_WAIT
A,66773,STATIC,ALL,506,3346,14650,34,31,-69,0.031,0.204,0.894,2.073,1.890,-4.207,12.858,15.411,12.538,12.848,12,19,DMP_WAIT
A,66791,STATIC,ALL,412,3312,14612,32,32,-69,0.025,0.202,0.892,1.951,1.951,-4.207,12.766,15.411,12.536,12.845,12,18,DMP_WAIT
A,66811,STATIC,ALL,448,3300,14644,34,31,-70,0.027,0.201,0.894,2.073,1.890,-4.268,12.694,15.416,12.533,12.842,12,20,OK
A,66834,STATIC,ALL,466,3418,14624,35,32,-70,0.028,0.209,0.893,2.134,1.951,-4.268,13.149,15.416,12.540,12.851,12,23,DMP_WAIT
A,66853,STATIC,ALL,460,3388,14564,31,31,-70,0.028,0.207,0.889,1.890,1.890,-4.268,13.089,15.416,12.543,12.853,12,19,DMP_WAIT
A,66871,STATIC,ALL,484,3304,14660,27,31,-70,0.030,0.202,0.895,1.646,1.890,-4.268,12.694,15.416,12.533,12.843,12,18,DMP_WAIT
A,66891,STATIC,ALL,456,3234,14550,28,31,-70,0.028,0.197,0.888,1.707,1.890,-4.268,12.525,15.415,12.520,12.829,12,20,OK
A,66914,STATIC,ALL,426,3236,14574,34,31,-70,0.026,0.198,0.890,2.073,1.890,-4.268,12.514,15.415,12.513,12.823,12,23,DMP_WAIT
A,66933,STATIC,ALL,428,3300,14528,39,31,-70,0.026,0.201,0.887,2.378,1.890,-4.268,12.792,15.415,12.519,12.829,12,19,DMP_WAIT
A,66951,STATIC,ALL,454,3380,14570,38,31,-70,0.028,0.206,0.889,2.317,1.890,-4.268,13.055,15.415,12.529,12.838,12,18,DMP_WAIT
A,66971,STATIC,ALL,406,3356,14624,35,31,-70,0.025,0.205,0.893,2.134,1.890,-4.268,12.920,15.419,12.533,12.842,12,20,OK
A,66994,STATIC,ALL,462,3328,14578,32,31,-70,0.028,0.203,0.890,1.951,1.890,-4.268,12.853,15.419,12.530,12.840,12,23,DMP_WAIT
A,67013,STATIC,ALL,470,3238,14536,33,31,-70,0.029,0.198,0.887,2.012,1.890,-4.268,12.552,15.419,12.524,12.833,12,19,DMP_WAIT
A,67031,STATIC,ALL,498,3340,14670,38,31,-71,0.030,0.204,0.895,2.317,1.890,-4.329,12.819,15.419,12.529,12.838,12,18,DMP_WAIT
A,67051,STATIC,ALL,434,3398,14540,37,32,-70,0.026,0.207,0.887,2.256,1.951,-4.268,13.148,15.422,12.539,12.848,12,20,OK
A,67074,STATIC,ALL,456,3378,14570,31,31,-70,0.028,0.206,0.889,1.890,1.890,-4.268,13.047,15.422,12.539,12.849,12,23,DMP_WAIT
A,67093,STATIC,ALL,454,3234,14572,27,32,-70,0.028,0.197,0.889,1.646,1.951,-4.268,12.507,15.422,12.525,12.834,12,19,DMP_WAIT
A,67111,STATIC,ALL,532,3186,14662,31,31,-70,0.032,0.194,0.895,1.890,1.890,-4.268,12.252,15.422,12.511,12.819,12,18,DMP_WAIT
A,67131,STATIC,ALL,434,3290,14640,38,32,-70,0.026,0.201,0.894,2.317,1.951,-4.268,12.660,15.421,12.513,12.821,12,20,OK
A,67154,STATIC,ALL,416,3418,14598,42,31,-70,0.025,0.209,0.891,2.561,1.890,-4.268,13.173,15.421,12.531,12.840,12,23,DMP_WAIT
A,67173,STATIC,ALL,404,3400,14642,37,32,-69,0.025,0.208,0.894,2.256,1.951,-4.207,13.068,15.421,12.540,12.849,12,19,DMP_WAIT
A,67191,STATIC,ALL,456,3360,14580,31,31,-70,0.028,0.205,0.890,1.890,1.890,-4.268,12.971,15.421,12.540,12.848,12,18,DMP_WAIT
A,67211,STATIC,ALL,432,3240,14600,26,31,-70,0.026,0.198,0.891,1.585,1.890,-4.268,12.507,15.425,12.524,12.832,12,20,OK
A,67234,STATIC,ALL,506,3220,14602,30,30,-70,0.031,0.197,0.891,1.829,1.829,-4.268,12.428,15.425,12.510,12.818,12,23,DMP_WAIT
A,67253,STATIC,ALL,432,3288,14598,36,32,-69,0.026,0.201,0.891,2.195,1.951,-4.207,12.688,15.425,12.511,12.818,12,19,DMP_WAIT
A,67271,STATIC,ALL,496,3388,14584,37,31,-69,0.030,0.207,0.890,2.256,1.890,-4.207,13.071,15.425,12.520,12.827,12,18,DMP_WAIT
A,67291,STATIC,ALL,438,3352,14610,37,32,-70,0.027,0.205,0.892,2.256,1.951,-4.268,12.916,15.427,12.526,12.833,12,20,OK
A,67314,STATIC,ALL,530,3360,14620,35,31,-69,0.032,0.205,0.892,2.134,1.890,-4.207,12.935,15.427,12.529,12.837,12,23,DMP_WAIT
A,67333,STATIC,ALL,452,3406,14592,34,32,-69,0.028,0.208,0.891,2.073,1.951,-4.207,13.132,15.427,12.536,12.844,12,19,DMP_WAIT
A,67351,STATIC,ALL,412,3440,14636,30,31,-69,0.025,0.210,0.893,1.829,1.890,-4.207,13.222,15.427,12.540,12.848,12,18,DMP_WAIT
A,67371,STATIC,ALL,472,3370,14668,25,31,-69,0.029,0.206,0.895,1.524,1.890,-4.207,12.933,15.429,12.531,12.840,12,20,OK
A,67394,STATIC,ALL,472,3286,14588,22,31,-70,0.029,0.201,0.890,1.341,1.890,-4.268,12.688,15.429,12.512,12.821,12,23,DMP_WAIT
A,67413,STATIC,ALL,450,3246,14640,23,31,-70,0.027,0.198,0.894,1.402,1.890,-4.268,12.496,15.429,12.493,12.802,12,19,DMP_WAIT
A,67431,STATIC,ALL,478,3210,14670,26,31,-70,0.029,0.196,0.895,1.585,1.890,-4.268,12.336,15.429,12.477,12.784,12,18,DMP_WAIT
A,67451,STATIC,ALL,454,3242,14610,32,31,-69,0.028,0.198,0.892,1.951,1.890,-4.207,12.506,15.418,12.469,12.776,12,20,OK
A,67474,STATIC,ALL,416,3324,14560,38,31,-70,0.025,0.203,0.889,2.317,1.890,-4.268,12.855,15.418,12.476,12.783,12,23,DMP_WAIT
A,67493,STATIC,ALL,452,3448,14588,37,32,-70,0.028,0.210,0.890,2.256,1.951,-4.268,13.292,15.418,12.490,12.798,12,19,DMP_WAIT
A,67511,STATIC,ALL,410,3430,14566,31,32,-70,0.025,0.209,0.889,1.890,1.951,-4.268,13.246,15.418,12.497,12.805,12,18,DMP_WAIT
A,67531,STATIC,ALL,462,3322,14544,27,31,-69,0.028,0.203,0.888,1.646,1.890,-4.207,12.860,15.422,12.490,12.798,12,20,OK
A,67554,STATIC,ALL,444,3230,14634,25,31,-69,0.027,0.197,0.893,1.524,1.890,-4.207,12.441,15.422,12.470,12.779,12,23,DMP_WAIT
A,67573,STATIC,ALL,494,3256,14552,29,31,-70,0.030,0.199,0.888,1.768,1.890,-4.268,12.605,15.422,12.462,12.770,12,19,DMP_WAIT
A,67591,STATIC,ALL,488,3314,14608,28,31,-70,0.030,0.202,0.892,1.707,1.890,-4.268,12.775,15.422,12.457,12.764,12,18,DMP_WAIT
A,67611,STATIC,ALL,452,3338,14598,25,31,-70,0.028,0.204,0.891,1.524,1.890,-4.268,12.874,15.413,12.449,12.756,12,20,OK
A,67634,STATIC,ALL,416,3306,14584,24,31,-70,0.025,0.202,0.890,1.463,1.890,-4.268,12.767,15.413,12.435,12.743,12,23,DMP_WAIT
A,67653,STATIC,ALL,476,3168,14610,28,32,-70,0.029,0.193,0.892,1.707,1.951,-4.268,12.228,15.413,12.419,12.726,12,19,DMP_WAIT
A,67671,STATIC,ALL,442,3216,14600,40,31,-69,0.027,0.196,0.891,2.439,1.890,-4.207,12.417,15.413,12.420,12.726,12,18,DMP_WAIT
A,67691,STATIC,ALL,490,3264,14664,48,32,-70,0.030,0.199,0.895,2.927,1.951,-4.268,12.542,15.414,12.434,12.739,12,20,OK
A,67714,STATIC,ALL,470,3388,14556,51,32,-70,0.029,0.207,0.888,3.110,1.951,-4.268,13.096,15.414,12.464,12.770,12,23,DMP_WAIT
A,67733,STATIC,ALL,480,3508,14658,47,32,-70,0.029,0.214,0.895,2.866,1.951,-4.268,13.452,15.414,12.493,12.800,12,19,DMP_WAIT
A,67751,STATIC,ALL,500,3490,14536,34,32,-69,0.031,0.213,0.887,2.073,1.951,-4.207,13.493,15.414,12.508,12.815,12,18,DMP_WAIT
A,67771,STATIC,ALL,394,3296,14612,19,31,-69,0.024,0.201,0.892,1.159,1.890,-4.207,12.707,15.425,12.488,12.796,12,20,OK
A,67794,STATIC,ALL,438,3080,14584,19,30,-69,0.027,0.188,0.890,1.159,1.829,-4.207,11.920,15.425,12.450,12.757,12,23,DMP_WAIT
A,67813,STATIC,ALL,440,3150,14542,37,32,-70,0.027,0.192,0.888,2.256,1.951,-4.268,12.217,15.425,12.443,12.749,12,19,DMP_WAIT
A,67831,STATIC,ALL,356,3360,14650,47,32,-69,0.022,0.205,0.894,2.866,1.951,-4.207,12.914,15.425,12.461,12.767,12,18,DMP_WAIT
A,67851,STATIC,ALL,476,3464,14550,44,32,-70,0.029,0.211,0.888,2.683,1.951,-4.268,13.385,15.426,12.486,12.792,12,20,OK
A,67874,STATIC,ALL,428,3334,14536,33,31,-69,0.026,0.203,0.887,2.012,1.890,-4.207,12.913,15.426,12.487,12.794,12,23,DMP_WAIT
A,67893,STATIC,ALL,478,3230,14672,29,30,-69,0.029,0.197,0.896,1.768,1.829,-4.207,12.409,15.426,12.474,12.781,12,19,DMP_WAIT
A,67911,STATIC,ALL,466,3262,14574,33,32,-69,0.028,0.199,0.890,2.012,1.951,-4.207,12.610,15.426,12.471,12.776,12,18,DMP_WAIT
A,67931,STATIC,ALL,548,3274,14628,39,32,-69,0.033,0.200,0.893,2.378,1.951,-4.207,12.607,15.428,12.474,12.779,12,20,OK
A,67954,STATIC,ALL,448,3348,14652,40,32,-70,0.027,0.204,0.894,2.439,1.951,-4.268,12.865,15.428,12.483,12.790,12,23,DMP_WAIT
A,67973,STATIC,ALL,528,3352,14662,39,31,-70,0.032,0.205,0.895,2.378,1.890,-4.268,12.869,15.428,12.491,12.797,12,19,DMP_WAIT
A,67991,STATIC,ALL,430,3360,14650,37,32,-70,0.026,0.205,0.894,2.256,1.951,-4.268,12.912,15.428,12.498,12.803,12,18,DMP_WAIT
A,68011,STATIC,ALL,420,3320,14648,35,31,-70,0.026,0.203,0.894,2.134,1.890,-4.268,12.765,15.434,12.499,12.804,12,20,OK
A,68034,STATIC,ALL,442,3278,14618,37,31,-70,0.027,0.200,0.892,2.256,1.890,-4.268,12.634,15.434,12.499,12.805,12,23,DMP_WAIT
A,68053,STATIC,ALL,496,3316,14612,43,32,-69,0.030,0.202,0.892,2.622,1.951,-4.207,12.779,15.434,12.510,12.815,12,19,DMP_WAIT
A,68071,STATIC,ALL,468,3344,14658,45,32,-69,0.029,0.204,0.895,2.744,1.951,-4.207,12.845,15.434,12.523,12.828,12,18,DMP_WAIT
A,68091,STATIC,ALL,488,3344,14570,42,32,-69,0.030,0.204,0.889,2.561,1.951,-4.207,12.919,15.445,12.535,12.840,12,20,OK
A,68114,STATIC,ALL,426,3322,14620,43,33,-69,0.026,0.203,0.892,2.622,2.012,-4.207,12.796,15.445,12.546,12.851,12,23,DMP_WAIT
A,68133,STATIC,ALL,454,3324,14568,46,31,-70,0.028,0.203,0.889,2.805,1.890,-4.268,12.847,15.445,12.560,12.865,12,19,DMP_WAIT
A,68151,STATIC,ALL,486,3406,14612,46,32,-70,0.030,0.208,0.892,2.805,1.951,-4.268,13.114,15.445,12.579,12.884,12,18,DMP_WAIT
A,68171,STATIC,ALL,466,3482,14596,37,32,-70,0.028,0.213,0.891,2.256,1.951,-4.268,13.411,15.460,12.594,12.899,12,20,OK
A,68194,STATIC,ALL,458,3464,14610,25,31,-70,0.028,0.211,0.892,1.524,1.890,-4.268,13.332,15.460,12.590,12.897,12,23,DMP_WAIT
A,68213,STATIC,ALL,450,3278,14560,22,31,-69,0.027,0.200,0.889,1.341,1.890,-4.207,12.682,15.460,12.573,12.879,12,19,DMP_WAIT
A,68231,STATIC,ALL,458,3248,14610,27,30,-70,0.028,0.198,0.892,1.646,1.829,-4.268,12.528,15.460,12.559,12.865,12,18,DMP_WAIT
A,68251,STATIC,ALL,436,3308,14624,34,31,-70,0.027,0.202,0.893,2.073,1.890,-4.268,12.741,15.455,12.557,12.862,12,20,OK
A,68274,STATIC,ALL,500,3374,14580,32,32,-69,0.031,0.206,0.890,1.951,1.951,-4.207,13.022,15.455,12.557,12.864,12,23,DMP_WAIT
A,68293,STATIC,ALL,486,3280,14522,28,32,-70,0.030,0.200,0.886,1.707,1.951,-4.268,12.721,15.455,12.548,12.854,12,19,DMP_WAIT
A,68311,STATIC,ALL,458,3216,14588,31,31,-70,0.028,0.196,0.890,1.890,1.890,-4.268,12.426,15.455,12.538,12.842,12,18,DMP_WAIT
A,68331,STATIC,ALL,456,3292,14604,40,32,-69,0.028,0.201,0.891,2.439,1.951,-4.207,12.697,15.454,12.542,12.847,12,20,OK
A,68354,STATIC,ALL,594,3796,14512,57,33,-60,0.036,0.232,0.886,3.476,2.012,-3.659,14.647,15.454,12.610,12.918,12,23,DMP_WAIT
A,68373,STATIC,ALL,180,3470,14824,42,35,-48,0.011,0.212,0.905,2.561,2.134,-2.927,13.174,15.454,12.625,12.933,12,19,DMP_WAIT
A,68391,STATIC,ALL,598,3004,14464,12,28,-74,0.036,0.183,0.883,0.732,1.707,-4.512,11.723,15.454,12.578,12.884,12,18,DMP_WAIT
A,68411,STATIC,ALL,616,2984,14480,33,29,-85,0.038,0.182,0.884,2.012,1.768,-5.183,11.634,15.462,12.552,12.856,12,20,OK
A,68434,STATIC,ALL,512,3130,14632,52,31,-75,0.031,0.191,0.893,3.171,1.890,-4.573,12.067,15.462,12.561,12.864,12,23,DMP_WAIT
A,68453,STATIC,ALL,400,3570,14664,64,33,-71,0.024,0.218,0.895,3.902,2.012,-4.329,13.678,15.462,12.612,12.916,12,19,DMP_WAIT
A,68471,STATIC,ALL,546,3620,14558,49,33,-70,0.033,0.221,0.889,2.988,2.012,-4.268,13.955,15.462,12.650,12.955,12,18,DMP_WAIT
A,68491,STATIC,ALL,434,3498,14620,26,31,-70,0.026,0.214,0.892,1.585,1.890,-4.268,13.450,15.481,12.650,12.956,12,20,OK
A,68514,STATIC,ALL,500,3394,14620,14,30,-69,0.031,0.207,0.892,0.854,1.829,-4.207,13.062,15.481,12.625,12.932,12,23,DMP_WAIT
A,68533,STATIC,ALL,482,3170,14564,13,31,-70,0.029,0.193,0.889,0.793,1.890,-4.268,12.273,15.481,12.588,12.894,11,19,DMP_WAIT
A,68551,STATIC,ALL,498,3074,14708,30,30,-69,0.030,0.188,0.898,1.829,1.829,-4.207,11.798,15.481,12.563,12.867,11,18,DMP_WAIT
A,68571,STATIC,ALL,526,3210,14480,57,32,-70,0.032,0.196,0.884,3.476,1.951,-4.268,12.491,15.474,12.584,12.886,11,20,OK
A,68594,STATIC,ALL,414,3440,14722,69,33,-69,0.025,0.210,0.899,4.207,2.012,-4.207,13.147,15.474,12.637,12.940,11,23,DMP_WAIT
A,68613,STATIC,ALL,428,3534,14600,62,32,-69,0.026,0.216,0.891,3.780,1.951,-4.207,13.601,15.474,12.682,12.986,11,19,DMP_WAIT
A,68631,STATIC,ALL,468,3536,14698,48,32,-70,0.029,0.216,0.897,2.927,1.951,-4.268,13.520,15.474,12.709,13.013,11,18,DMP_WAIT
A,68651,STATIC,ALL,464,3500,14544,34,32,-70,0.028,0.214,0.888,2.073,1.951,-4.268,13.524,15.504,12.720,13.025,11,20,OK
A,68674,STATIC,ALL,448,3404,14584,23,31,-70,0.027,0.208,0.890,1.402,1.890,-4.268,13.132,15.504,12.706,13.013,11,23,DMP_WAIT
A,68693,STATIC,ALL,504,3506,14516,21,31,-70,0.031,0.214,0.886,1.280,1.890,-4.268,13.571,15.504,12.703,13.011,11,19,DMP_WAIT
A,68711,STATIC,ALL,458,3496,14586,14,31,-70,0.028,0.213,0.890,0.854,1.890,-4.268,13.472,15.504,12.692,13.000,11,18,DMP_WAIT
A,68731,STATIC,ALL,544,3334,14632,5,31,-70,0.033,0.203,0.893,0.305,1.890,-4.268,12.828,15.491,12.655,12.962,11,20,OK
A,68754,STATIC,ALL,454,3176,14592,7,30,-69,0.028,0.194,0.891,0.427,1.829,-4.207,12.273,15.491,12.603,12.911,11,23,DMP_WAIT
A,68773,STATIC,ALL,496,3146,14560,20,31,-69,0.030,0.192,0.889,1.220,1.890,-4.207,12.186,15.491,12.574,12.880,11,19,DMP_WAIT
A,68791,STATIC,ALL,452,3158,14548,36,32,-69,0.028,0.193,0.888,2.195,1.951,-4.207,12.242,15.491,12.564,12.869,11,18,DMP_WAIT
A,68811,STATIC,ALL,512,3198,14626,51,33,-70,0.031,0.195,0.893,3.110,2.012,-4.268,12.326,15.480,12.574,12.878,11,20,OK
A,68834,STATIC,ALL,480,3340,14624,62,32,-70,0.029,0.204,0.893,3.780,1.951,-4.268,12.859,15.480,12.612,12.916,11,23,DMP_WAIT
A,68853,STATIC,ALL,488,3536,14590,62,32,-70,0.030,0.216,0.891,3.780,1.951,-4.268,13.616,15.480,12.658,12.963,11,19,DMP_WAIT
A,68871,STATIC,ALL,416,3528,14596,52,32,-70,0.025,0.215,0.891,3.171,1.951,-4.268,13.583,15.480,12.691,12.996,11,18,DMP_WAIT
A,68891,STATIC,ALL,478,3466,14554,42,32,-70,0.029,0.212,0.888,2.561,1.951,-4.268,13.388,15.510,12.709,13.015,11,20,OK
A,68914,STATIC,ALL,440,3478,14590,34,31,-70,0.027,0.212,0.891,2.073,1.890,-4.268,13.402,15.510,12.716,13.024,11,23,DMP_WAIT
A,68933,STATIC,ALL,468,3320,14620,29,31,-70,0.029,0.203,0.892,1.768,1.890,-4.268,12.788,15.510,12.707,13.014,11,19,DMP_WAIT
A,68951,STATIC,ALL,492,3326,14666,29,30,-70,0.030,0.203,0.895,1.768,1.829,-4.268,12.771,15.510,12.698,13.003,11,18,DMP_WAIT
A,68971,STATIC,ALL,436,3380,14600,33,31,-70,0.027,0.206,0.891,2.012,1.890,-4.268,13.029,15.512,12.697,13.003,11,20,OK
A,68994,STATIC,ALL,424,3454,14566,32,32,-70,0.026,0.211,0.889,1.951,1.951,-4.268,13.335,15.512,12.701,13.008,11,23,DMP_WAIT
A,69013,STATIC,ALL,508,3420,14606,26,32,-70,0.031,0.209,0.891,1.585,1.951,-4.268,13.171,15.512,12.696,13.004,11,19,DMP_WAIT
A,69031,STATIC,ALL,416,3390,14566,22,32,-70,0.025,0.207,0.889,1.341,1.951,-4.268,13.096,15.512,12.686,12.993,11,18,DMP_WAIT
A,69051,STATIC,ALL,506,3382,14508,19,30,-70,0.031,0.206,0.885,1.159,1.829,-4.268,13.114,15.506,12.671,12.979,11,20,OK
A,69074,STATIC,ALL,424,3360,14534,19,31,-70,0.026,0.205,0.887,1.159,1.890,-4.268,13.012,15.506,12.651,12.960,11,23,DMP_WAIT
A,69093,STATIC,ALL,492,3240,14660,20,31,-70,0.030,0.198,0.895,1.220,1.890,-4.268,12.456,15.506,12.625,12.934,11,19,DMP_WAIT
A,69111,STATIC,ALL,476,3178,14564,26,31,-70,0.029,0.194,0.889,1.585,1.890,-4.268,12.303,15.506,12.605,12.912,11,18,DMP_WAIT
A,69131,STATIC,ALL,396,3306,14528,37,31,-69,0.024,0.202,0.887,2.256,1.890,-4.207,12.815,15.496,12.607,12.914,11,20,OK
A,69154,STATIC,ALL,506,3510,14640,38,31,-70,0.031,0.214,0.894,2.317,1.890,-4.268,13.475,15.496,12.624,12.932,11,23,DMP_WAIT
A,69173,STATIC,ALL,408,3424,14680,27,31,-70,0.025,0.209,0.896,1.646,1.890,-4.268,13.124,15.496,12.621,12.929,11,19,DMP_WAIT
A,69191,STATIC,ALL,492,3278,14636,19,30,-69,0.030,0.200,0.893,1.159,1.829,-4.207,12.617,15.496,12.599,12.907,11,18,DMP_WAIT
A,69211,STATIC,ALL,422,3122,14578,24,31,-69,0.026,0.191,0.890,1.463,1.890,-4.207,12.083,15.491,12.571,12.877,11,20,OK
A,69234,STATIC,ALL,518,3230,14578,39,31,-70,0.032,0.197,0.890,2.378,1.890,-4.268,12.485,15.491,12.570,12.876,11,23,DMP_WAIT
A,69253,STATIC,ALL,446,3400,14640,46,31,-70,0.027,0.208,0.894,2.805,1.890,-4.268,13.069,15.491,12.588,12.894,11,19,DMP_WAIT
A,69271,STATIC,ALL,476,3266,14556,45,31,-70,0.029,0.199,0.888,2.744,1.890,-4.268,12.640,15.491,12.596,12.901,11,18,DMP_WAIT
A,69291,STATIC,ALL,514,3308,14470,47,32,-70,0.031,0.202,0.883,2.866,1.951,-4.268,12.869,15.502,12.611,12.916,11,20,OK
A,69314,STATIC,ALL,348,3288,14696,53,33,-69,0.021,0.201,0.897,3.232,2.012,-4.207,12.608,15.502,12.631,12.936,11,23,DMP_WAIT
A,69333,STATIC,ALL,516,3876,14590,51,32,-70,0.031,0.237,0.891,3.110,1.951,-4.268,14.869,15.502,12.690,12.997,11,19,DMP_WAIT
A,69351,STATIC,ALL,428,3758,14476,20,32,-69,0.026,0.229,0.884,1.220,1.951,-4.207,14.547,15.502,12.707,13.016,11,18,DMP_WAIT
A,69371,STATIC,ALL,446,3354,14626,-11,30,-69,0.027,0.205,0.893,-0.671,1.829,-4.207,12.910,15.509,12.651,12.961,11,20,OK
A,69394,STATIC,ALL,442,2970,14594,-10,29,-69,0.027,0.181,0.891,-0.610,1.768,-4.207,11.498,15.509,12.561,12.870,11,23,DMP_WAIT
A,69413,STATIC,ALL,484,2996,14582,19,30,-69,0.030,0.183,0.890,1.159,1.829,-4.207,11.604,15.509,12.520,12.826,11,19,DMP_WAIT
A,69432,STATIC,ALL,434,3136,14588,47,32,-70,0.026,0.191,0.890,2.866,1.951,-4.268,12.127,15.509,12.521,12.826,11,19,DMP_WAIT
A,69451,STATIC,ALL,478,3430,14564,62,32,-70,0.029,0.209,0.889,3.780,1.951,-4.268,13.245,15.494,12.562,12.867,11,19,OK
A,69474,STATIC,ALL,476,3662,14654,58,33,-70,0.029,0.224,0.894,3.537,2.012,-4.268,14.024,15.494,12.618,12.926,11,23,DMP_WAIT
A,69493,STATIC,ALL,476,3662,14594,31,32,-70,0.029,0.224,0.891,1.890,1.951,-4.268,14.079,15.494,12.638,12.948,11,19,DMP_WAIT
A,69511,STATIC,ALL,432,3302,14548,5,30,-70,0.026,0.202,0.888,0.305,1.829,-4.268,12.782,15.494,12.605,12.914,11,18,DMP_WAIT
A,69531,STATIC,ALL,510,2972,14516,5,30,-70,0.031,0.181,0.886,0.305,1.829,-4.268,11.564,15.494,12.544,12.851,11,20,OK
A,69554,STATIC,ALL,370,3038,14594,27,31,-70,0.023,0.185,0.891,1.646,1.890,-4.268,11.756,15.494,12.512,12.818,12,23,DMP_WAIT
A,69573,STATIC,ALL,498,3346,14536,51,32,-70,0.030,0.204,0.887,3.110,1.951,-4.268,12.956,15.494,12.535,12.840,12,19,DMP_WAIT
A,69591,STATIC,ALL,418,3602,14588,52,32,-70,0.026,0.220,0.890,3.171,1.951,-4.268,13.864,15.494,12.576,12.882,12,18,DMP_WAIT
A,69611,STATIC,ALL,480,3502,14604,34,31,-69,0.029,0.214,0.891,2.073,1.890,-4.207,13.478,15.500,12.588,12.895,12,20,OK
A,69634,STATIC,ALL,446,3270,14606,20,30,-69,0.027,0.200,0.891,1.220,1.829,-4.207,12.614,15.500,12.563,12.871,12,23,DMP_WAIT
A,69653,STATIC,ALL,486,3180,14606,22,31,-70,0.030,0.194,0.891,1.341,1.890,-4.268,12.276,15.500,12.538,12.845,12,19,DMP_WAIT
A,69671,STATIC,ALL,472,3230,14592,32,31,-70,0.029,0.197,0.891,1.951,1.890,-4.268,12.475,15.500,12.530,12.835,12,18,DMP_WAIT
A,69691,STATIC,ALL,496,3334,14590,41,31,-70,0.030,0.203,0.891,2.500,1.890,-4.268,12.865,15.494,12.539,12.844,12,20,OK
A,69714,STATIC,ALL,422,3356,14652,44,32,-70,0.026,0.205,0.894,2.683,1.951,-4.268,12.896,15.494,12.553,12.860,12,23,DMP_WAIT
A,69733,STATIC,ALL,498,3362,14552,42,32,-69,0.030,0.205,0.888,2.561,1.951,-4.207,13.002,15.494,12.566,12.872,12,19,DMP_WAIT
A,69751,STATIC,ALL,426,3454,14576,42,32,-70,0.026,0.211,0.890,2.561,1.951,-4.268,13.326,15.494,12.585,12.891,12,18,DMP_WAIT
A,69771,STATIC,ALL,520,3560,14626,31,32,-70,0.032,0.217,0.893,1.890,1.951,-4.268,13.672,15.505,12.597,12.905,12,20,OK
A,69794,STATIC,ALL,456,3276,14628,16,31,-69,0.028,0.200,0.893,0.976,1.890,-4.207,12.617,15.505,12.567,12.874,12,23,DMP_WAIT
A,69813,STATIC,ALL,522,3136,14602,17,30,-69,0.032,0.191,0.891,1.037,1.829,-4.207,12.114,15.505,12.533,12.839,12,19,DMP_WAIT
A,69831,STATIC,ALL,384,3200,14576,31,32,-70,0.023,0.195,0.890,1.890,1.951,-4.268,12.378,15.505,12.521,12.827,12,18,DMP_WAIT
A,69851,STATIC,ALL,570,3378,14608,44,31,-70,0.035,0.206,0.892,2.683,1.890,-4.268,13.011,15.496,12.538,12.843,12,20,OK
A,69874,STATIC,ALL,412,3382,14540,44,33,-70,0.025,0.206,0.887,2.683,2.012,-4.268,13.089,15.496,12.556,12.862,12,23,DMP_WAIT
A,69893,STATIC,ALL,470,3460,14660,36,31,-70,0.029,0.211,0.895,2.195,1.890,-4.268,13.273,15.496,12.567,12.874,12,19,DMP_WAIT
A,69911,STATIC,ALL,402,3372,14606,25,31,-70,0.025,0.206,0.891,1.524,1.890,-4.268,12.995,15.496,12.561,12.867,12,18,DMP_WAIT
A,69931,STATIC,ALL,528,3222,14616,21,30,-70,0.032,0.197,0.892,1.280,1.829,-4.268,12.424,15.498,12.537,12.843,12,20,OK
A,69954,STATIC,ALL,438,3166,14636,30,31,-70,0.027,0.193,0.893,1.829,1.890,-4.268,12.201,15.498,12.518,12.824,12,23,DMP_WAIT
A,69973,STATIC,ALL,504,3230,14620,45,32,-70,0.031,0.197,0.892,2.744,1.951,-4.268,12.451,15.498,12.524,12.829,12,19,DMP_WAIT
A,69991,STATIC,ALL,392,3408,14590,54,33,-71,0.024,0.208,0.891,3.293,2.012,-4.329,13.143,15.498,12.553,12.857,12,18,DMP_WAIT
A,70011,STATIC,ALL,510,3550,14666,50,32,-70,0.031,0.217,0.895,3.049,1.951,-4.268,13.599,15.509,12.587,12.892,12,20,OK
A,70034,STATIC,ALL,440,3466,14596,35,31,-70,0.027,0.212,0.891,2.134,1.890,-4.268,13.352,15.509,12.597,12.904,12,23,DMP_WAIT
A,70053,STATIC,ALL,446,3382,14586,24,30,-70,0.027,0.206,0.890,1.463,1.829,-4.268,13.048,15.509,12.590,12.897,12,19,DMP_WAIT
A,70071,STATIC,ALL,476,3194,14434,23,30,-69,0.029,0.195,0.881,1.402,1.829,-4.207,12.471,15.509,12.570,12.876,12,18,DMP_WAIT
A,70091,STATIC,ALL,448,3222,14642,30,32,-70,0.027,0.197,0.894,1.829,1.951,-4.268,12.405,15.507,12.557,12.862,12,20,OK
A,70114,STATIC,ALL,472,3286,14538,38,32,-70,0.029,0.201,0.887,2.317,1.951,-4.268,12.730,15.507,12.559,12.865,12,23,DMP_WAIT
A,70133,STATIC,ALL,466,3446,14672,42,32,-70,0.028,0.210,0.896,2.561,1.951,-4.268,13.211,15.507,12.576,12.882,12,19,DMP_WAIT
A,70151,STATIC,ALL,436,3446,14604,34,31,-70,0.027,0.210,0.891,2.073,1.890,-4.268,13.271,15.507,12.585,12.890,12,18,DMP_WAIT
A,70171,STATIC,ALL,426,3366,14632,22,31,-70,0.026,0.205,0.893,1.341,1.890,-4.268,12.950,15.509,12.572,12.878,12,20,OK
A,70194,STATIC,ALL,452,3224,14582,19,31,-69,0.028,0.197,0.890,1.159,1.890,-4.207,12.461,15.509,12.543,12.849,12,23,DMP_WAIT
A,70213,STATIC,ALL,414,3236,14630,25,32,-69,0.025,0.198,0.893,1.524,1.951,-4.207,12.468,15.509,12.526,12.831,12,19,DMP_WAIT
A,70231,STATIC,ALL,504,3138,14576,36,31,-70,0.031,0.192,0.890,2.195,1.890,-4.268,12.142,15.509,12.515,12.819,12,18,DMP_WAIT
A,70251,STATIC,ALL,420,3270,14634,48,32,-70,0.026,0.200,0.893,2.927,1.951,-4.268,12.591,15.504,12.528,12.831,12,20,OK
A,70274,STATIC,ALL,474,3492,14580,53,32,-69,0.029,0.213,0.890,3.232,1.951,-4.207,13.462,15.504,12.566,12.871,12,23,DMP_WAIT
A,70293,STATIC,ALL,464,3482,14562,43,32,-69,0.028,0.213,0.889,2.622,1.951,-4.207,13.441,15.504,12.588,12.893,12,19,DMP_WAIT
A,70311,STATIC,ALL,438,3450,14670,31,31,-70,0.027,0.211,0.895,1.890,1.890,-4.268,13.228,15.504,12.593,12.898,12,18,DMP_WAIT
A,70331,STATIC,ALL,424,3402,14602,24,32,-70,0.026,0.208,0.891,1.463,1.951,-4.268,13.110,15.514,12.586,12.891,12,20,OK
A,70354,STATIC,ALL,466,3348,14576,22,31,-69,0.028,0.204,0.890,1.341,1.890,-4.207,12.930,15.514,12.570,12.876,12,23,DMP_WAIT
A,70373,STATIC,ALL,400,3276,14680,22,31,-70,0.024,0.200,0.896,1.341,1.890,-4.268,12.576,15.514,12.551,12.856,12,19,DMP_WAIT
A,70391,STATIC,ALL,498,3316,14578,25,31,-70,0.030,0.202,0.890,1.524,1.890,-4.268,12.808,15.514,12.541,12.846,12,18,DMP_WAIT
A,70411,STATIC,ALL,408,2974,14536,29,31,-69,0.025,0.182,0.887,1.768,1.890,-4.207,11.558,15.504,12.510,12.813,12,20,OK
A,70434,STATIC,ALL,538,2582,14306,56,29,-71,0.033,0.158,0.873,3.415,1.768,-4.329,10.224,15.504,12.488,12.787,12,23,DMP_WAIT
A,70453,STATIC,ALL,410,3490,15006,109,33,-77,0.025,0.213,0.916,6.646,2.012,-4.695,13.088,15.504,12.580,12.878,12,19,DMP_WAIT
A,70472,STATIC,ALL,538,4574,14510,103,37,-71,0.033,0.279,0.886,6.280,2.256,-4.329,17.485,15.504,12.751,13.056,12,19,DMP_WAIT
A,70491,STATIC,ALL,360,4242,14654,23,31,-69,0.022,0.259,0.894,1.402,1.890,-4.207,16.140,15.557,12.801,13.111,12,19,OK
A,70514,STATIC,ALL,602,3166,14618,-40,26,-69,0.037,0.193,0.892,-2.439,1.585,-4.207,12.210,15.557,12.681,12.991,12,23,DMP_WAIT
A,70533,STATIC,ALL,324,2688,14560,-29,29,-70,0.020,0.164,0.889,-1.768,1.768,-4.268,10.457,15.557,12.559,12.866,12,19,DMP_WAIT
A,70552,STATIC,ALL,618,2918,14560,20,30,-72,0.038,0.178,0.889,1.220,1.829,-4.390,11.323,15.557,12.513,12.817,12,19,DMP_WAIT
A,70571,STATIC,ALL,212,3184,14700,51,35,-69,0.013,0.194,0.897,3.110,2.134,-4.207,12.220,15.513,12.521,12.824,12,19,OK
A,70594,STATIC,ALL,624,3546,14480,57,32,-70,0.038,0.216,0.884,3.476,1.951,-4.268,13.748,15.513,12.571,12.876,12,23,DMP_WAIT
A,70613,STATIC,ALL,302,3538,14718,40,33,-69,0.018,0.216,0.898,2.439,2.012,-4.207,13.514,15.513,12.591,12.897,12,19,DMP_WAIT
A,70631,STATIC,ALL,608,3338,14592,24,29,-69,0.037,0.204,0.891,1.463,1.768,-4.207,12.874,15.513,12.581,12.886,12,18,DMP_WAIT
A,70651,STATIC,ALL,294,3256,14592,23,32,-70,0.018,0.199,0.891,1.402,1.951,-4.268,12.576,15.520,12.562,12.867,12,20,OK
A,70674,STATIC,ALL,634,3252,14548,29,31,-70,0.039,0.198,0.888,1.768,1.890,-4.268,12.589,15.520,12.549,12.854,12,23,DMP_WAIT
A,70693,STATIC,ALL,340,3256,14590,34,33,-70,0.021,0.199,0.891,2.073,2.012,-4.268,12.577,15.520,12.545,12.849,12,19,DMP_WAIT
A,70711,STATIC,ALL,606,3322,14570,39,32,-69,0.037,0.203,0.889,2.378,1.951,-4.207,12.833,15.520,12.551,12.854,12,18,DMP_WAIT
A,70731,STATIC,ALL,346,3376,14648,40,33,-69,0.021,0.206,0.894,2.439,2.012,-4.207,12.975,15.521,12.561,12.864,12,20,OK
A,70754,STATIC,ALL,570,3356,14552,39,31,-69,0.035,0.205,0.888,2.378,1.890,-4.207,12.977,15.521,12.569,12.874,12,23,DMP_WAIT
A,70773,STATIC,ALL,388,3264,14550,37,32,-70,0.024,0.199,0.888,2.256,1.951,-4.268,12.639,15.521,12.569,12.872,12,19,DMP_WAIT
A,70791,STATIC,ALL,542,3370,14588,39,31,-69,0.033,0.206,0.890,2.378,1.890,-4.207,12.999,15.521,12.578,12.881,12,18,DMP_WAIT
A,70811,STATIC,ALL,386,3404,14602,40,33,-69,0.024,0.208,0.891,2.439,2.012,-4.207,13.118,15.529,12.590,12.893,12,20,OK
A,70834,STATIC,ALL,572,3450,14580,37,32,-69,0.035,0.211,0.890,2.256,1.951,-4.207,13.303,15.529,12.602,12.907,12,23,DMP_WAIT
A,70853,STATIC,ALL,390,3344,14348,32,33,-69,0.024,0.204,0.876,1.951,2.012,-4.207,13.115,15.529,12.605,12.909,12,19,DMP_WAIT
A,70871,STATIC,ALL,494,3288,14788,33,29,-70,0.030,0.201,0.903,2.012,1.768,-4.268,12.529,15.529,12.597,12.901,12,18,DMP_WAIT
A,70891,STATIC,ALL,384,3390,14518,40,32,-70,0.023,0.207,0.886,2.439,1.951,-4.268,13.139,15.534,12.609,12.913,12,20,OK
A,70914,STATIC,ALL,532,3452,14598,42,31,-69,0.032,0.211,0.891,2.561,1.890,-4.207,13.296,15.534,12.628,12.933,12,23,DMP_WAIT
A,70933,STATIC,ALL,370,3590,14498,33,34,-69,0.023,0.219,0.885,2.012,2.073,-4.207,13.903,15.534,12.647,12.954,12,19,DMP_WAIT
A,70951,STATIC,ALL,522,3472,14730,14,30,-69,0.032,0.212,0.899,0.854,1.829,-4.207,13.255,15.534,12.632,12.939,12,18,DMP_WAIT
A,70971,STATIC,ALL,386,3114,14508,4,31,-70,0.024,0.190,0.885,0.244,1.890,-4.268,12.110,15.530,12.580,12.886,12,20,OK
A,70994,STATIC,ALL,558,3006,14676,17,29,-70,0.034,0.183,0.896,1.037,1.768,-4.268,11.567,15.530,12.530,12.835,12,23,DMP_WAIT
A,71013,STATIC,ALL,360,3040,14530,43,33,-70,0.022,0.186,0.887,2.622,2.012,-4.268,11.814,15.530,12.521,12.824,12,19,DMP_WAIT
A,71031,STATIC,ALL,554,3474,14624,63,32,-70,0.034,0.212,0.893,3.841,1.951,-4.268,13.354,15.530,12.563,12.866,12,18,DMP_WAIT
A,71051,STATIC,ALL,396,3558,14598,58,34,-70,0.024,0.217,0.891,3.537,2.073,-4.268,13.693,15.536,12.609,12.913,12,20,OK
A,71074,STATIC,ALL,518,3596,14710,38,30,-69,0.032,0.219,0.898,2.317,1.829,-4.207,13.729,15.536,12.630,12.937,12,23,DMP_WAIT
A,71093,STATIC,ALL,418,3310,14606,21,31,-69,0.026,0.202,0.891,1.280,1.890,-4.207,12.764,15.536,12.613,12.919,12,19,DMP_WAIT
A,71111,STATIC,ALL,542,3144,14598,22,30,-70,0.033,0.192,0.891,1.341,1.829,-4.268,12.146,15.536,12.586,12.890,12,18,DMP_WAIT
A,71131,STATIC,ALL,456,3140,14560,37,32,-69,0.028,0.192,0.889,2.256,1.951,-4.207,12.164,15.535,12.575,12.878,12,20,OK
A,71154,STATIC,ALL,522,3356,14614,50,32,-70,0.032,0.205,0.892,3.049,1.951,-4.268,12.925,15.535,12.598,12.901,12,23,DMP_WAIT
A,71173,STATIC,ALL,418,3448,14580,50,32,-70,0.026,0.210,0.890,3.049,1.951,-4.268,13.300,15.535,12.625,12.928,12,19,DMP_WAIT
A,71191,STATIC,ALL,478,3478,14676,41,31,-69,0.029,0.212,0.896,2.500,1.890,-4.207,13.326,15.535,12.641,12.945,12,18,DMP_WAIT
A,71211,STATIC,ALL,446,3400,14576,31,31,-70,0.027,0.208,0.890,1.890,1.890,-4.268,13.124,15.549,12.641,12.946,12,20,OK
A,71234,STATIC,ALL,524,3260,14596,26,31,-70,0.032,0.199,0.891,1.585,1.890,-4.268,12.582,15.549,12.623,12.927,12,23,DMP_WAIT
A,71253,STATIC,ALL,438,3222,14578,34,32,-69,0.027,0.197,0.890,2.073,1.951,-4.207,12.458,15.549,12.614,12.918,12,19,DMP_WAIT
A,71271,STATIC,ALL,490,3320,14514,44,32,-70,0.030,0.203,0.886,2.683,1.951,-4.268,12.877,15.549,12.625,12.928,12,18,DMP_WAIT
A,71291,STATIC,ALL,412,3314,14664,48,33,-69,0.025,0.202,0.895,2.927,2.012,-4.207,12.730,15.553,12.638,12.940,12,20,OK
A,71314,STATIC,ALL,442,3330,14486,53,32,-70,0.027,0.203,0.884,3.232,1.951,-4.268,12.940,15.553,12.664,12.967,12,23,DMP_WAIT
A,71333,STATIC,ALL,518,3564,14572,54,33,-70,0.032,0.218,0.889,3.293,2.012,-4.268,13.735,15.553,12.703,13.006,12,19,DMP_WAIT
A,71351,STATIC,ALL,424,3636,14652,40,32,-70,0.026,0.222,0.894,2.439,1.951,-4.268,13.931,15.553,12.729,13.033,12,18,DMP_WAIT
A,71371,STATIC,ALL,454,3334,14656,24,32,-69,0.028,0.203,0.895,1.463,1.951,-4.207,12.810,15.572,12.713,13.017,12,20,OK
A,71394,STATIC,ALL,480,3138,14630,27,31,-70,0.029,0.192,0.893,1.646,1.890,-4.268,12.100,15.572,12.684,12.988,12,23,DMP_WAIT
A,71413,STATIC,ALL,470,3248,14626,44,31,-69,0.029,0.198,0.893,2.683,1.890,-4.207,12.514,15.572,12.687,12.989,12,19,DMP_WAIT
A,71431,STATIC,ALL,464,3414,14510,52,32,-69,0.028,0.208,0.886,3.171,1.951,-4.207,13.234,15.572,12.712,13.014,12,18,DMP_WAIT
A,71451,STATIC,ALL,512,3520,14648,50,32,-69,0.031,0.215,0.894,3.049,1.951,-4.207,13.504,15.581,12.741,13.044,12,20,OK
A,71474,STATIC,ALL,466,3310,14514,43,32,-69,0.028,0.202,0.886,2.622,1.951,-4.207,12.841,15.581,12.749,13.053,12,23,DMP_WAIT
A,71493,STATIC,ALL,472,3416,14684,42,32,-69,0.029,0.208,0.896,2.561,1.951,-4.207,13.089,15.581,12.760,13.063,12,19,DMP_WAIT
A,71511,STATIC,ALL,436,3426,14558,41,32,-69,0.027,0.209,0.889,2.500,1.951,-4.207,13.237,15.581,12.772,13.074,12,18,DMP_WAIT
A,71531,STATIC,ALL,448,3528,14606,39,32,-69,0.027,0.215,0.891,2.378,1.951,-4.207,13.573,15.595,12.788,13.092,12,20,OK
A,71554,STATIC,ALL,432,3440,14562,30,31,-69,0.026,0.210,0.889,1.829,1.890,-4.207,13.286,15.595,12.786,13.091,12,23,DMP_WAIT
A,71573,STATIC,ALL,482,3204,14686,24,30,-69,0.029,0.196,0.896,1.463,1.829,-4.207,12.301,15.595,12.760,13.063,11,19,DMP_WAIT
A,71591,STATIC,ALL,470,2916,14514,37,30,-70,0.029,0.178,0.886,2.256,1.829,-4.268,11.354,15.595,12.730,13.030,11,18,DMP_WAIT
A,71611,STATIC,ALL,474,3428,14670,68,32,-70,0.029,0.209,0.895,4.146,1.951,-4.268,13.146,15.600,12.773,13.073,11,20,OK
A,71634,STATIC,ALL,408,3862,14540,71,34,-70,0.025,0.236,0.887,4.329,2.073,-4.268,14.869,15.600,12.859,13.162,11,23,DMP_WAIT
A,71653,STATIC,ALL,434,3804,14712,38,32,-69,0.026,0.232,0.898,2.317,1.951,-4.207,14.491,15.600,12.891,13.196,11,19,DMP_WAIT
A,71671,STATIC,ALL,516,3536,14568,6,30,-69,0.031,0.216,0.889,0.366,1.829,-4.207,13.635,15.600,12.871,13.176,11,18,DMP_WAIT
A,71691,STATIC,ALL,488,3124,14592,-3,29,-70,0.030,0.191,0.891,-0.183,1.768,-4.268,12.077,15.609,12.805,13.109,11,20,OK
A,71714,STATIC,ALL,534,3126,14540,14,31,-69,0.033,0.191,0.887,0.854,1.890,-4.207,12.126,15.609,12.758,13.061,11,23,DMP_WAIT
A,71733,STATIC,ALL,432,3278,14522,36,33,-69,0.026,0.200,0.886,2.195,2.012,-4.207,12.715,15.609,12.754,13.056,11,19,DMP_WAIT
A,71752,STATIC,ALL,504,3452,14628,45,32,-69,0.031,0.211,0.893,2.744,1.951,-4.207,13.270,15.609,12.771,13.073,11,19,DMP_WAIT
A,71771,STATIC,ALL,466,3508,14526,42,32,-69,0.028,0.214,0.887,2.561,1.951,-4.207,13.570,15.605,12.791,13.093,11,19,OK
A,71794,STATIC,ALL,528,3482,14632,34,32,-70,0.032,0.213,0.893,2.073,1.951,-4.268,13.377,15.605,12.796,13.100,11,23,DMP_WAIT
A,71813,STATIC,ALL,422,3352,14590,29,32,-70,0.026,0.205,0.891,1.768,1.951,-4.268,12.934,15.605,12.788,13.091,11,19,DMP_WAIT
A,71831,STATIC,ALL,568,3316,14582,35,31,-70,0.035,0.202,0.890,2.134,1.890,-4.268,12.802,15.605,12.784,13.086,11,18,DMP_WAIT
A,71851,STATIC,ALL,436,3438,14652,41,32,-70,0.027,0.210,0.894,2.500,1.951,-4.268,13.200,15.611,12.795,13.098,11,20,OK
A,71874,STATIC,ALL,478,3462,14532,40,31,-69,0.029,0.211,0.887,2.439,1.890,-4.207,13.393,15.611,12.809,13.113,11,23,DMP_WAIT
A,71893,STATIC,ALL,422,3444,14596,34,31,-70,0.026,0.210,0.891,2.073,1.890,-4.268,13.271,15.611,12.813,13.117,11,19,DMP_WAIT
A,71911,STATIC,ALL,472,3504,14486,29,31,-70,0.029,0.214,0.884,1.768,1.890,-4.268,13.591,15.611,12.818,13.122,11,18,DMP_WAIT
A,71931,STATIC,ALL,462,3446,14698,23,31,-69,0.028,0.210,0.897,1.402,1.890,-4.207,13.189,15.615,12.806,13.111,11,20,OK
A,71954,STATIC,ALL,464,3202,14476,22,30,-70,0.028,0.195,0.884,1.341,1.829,-4.268,12.466,15.615,12.777,13.081,11,23,DMP_WAIT
A,71973,STATIC,ALL,496,3292,14644,30,31,-70,0.030,0.201,0.894,1.829,1.890,-4.268,12.663,15.615,12.764,13.068,11,19,DMP_WAIT
A,71991,STATIC,ALL,436,3336,14592,39,32,-70,0.027,0.204,0.891,2.378,1.951,-4.268,12.872,15.615,12.767,13.069,11,18,DMP_WAIT
A,72011,STATIC,ALL,510,3508,14638,42,32,-69,0.031,0.214,0.893,2.561,1.951,-4.207,13.469,15.614,12.785,13.088,11,20,OK
A,72034,STATIC,ALL,434,3532,14540,32,32,-69,0.026,0.216,0.887,1.951,1.951,-4.207,13.648,15.614,12.793,13.098,11,23,DMP_WAIT
A,72053,STATIC,ALL,490,3456,14656,21,31,-69,0.030,0.211,0.895,1.280,1.890,-4.207,13.261,15.614,12.782,13.087,11,19,DMP_WAIT
A,72071,STATIC,ALL,476,3244,14494,18,32,-70,0.029,0.198,0.885,1.098,1.951,-4.268,12.609,15.614,12.756,13.060,11,18,DMP_WAIT
A,72091,STATIC,ALL,478,3248,14600,28,30,-69,0.029,0.198,0.891,1.707,1.829,-4.207,12.536,15.608,12.739,13.042,11,20,OK
A,72114,STATIC,ALL,450,3336,14488,40,32,-69,0.027,0.204,0.884,2.439,1.951,-4.207,12.961,15.608,12.745,13.049,11,23,DMP_WAIT
A,72133,STATIC,ALL,448,3472,14606,42,33,-69,0.027,0.212,0.891,2.561,2.012,-4.207,13.366,15.608,12.762,13.065,11,19,DMP_WAIT
A,72151,STATIC,ALL,524,3346,14634,37,31,-69,0.032,0.204,0.893,2.256,1.890,-4.207,12.871,15.608,12.762,13.065,11,18,DMP_WAIT
A,72171,STATIC,ALL,416,3110,14574,40,32,-69,0.025,0.190,0.890,2.439,1.951,-4.207,12.041,15.617,12.749,13.050,11,20,OK
A,72194,STATIC,ALL,544,3184,14646,58,31,-69,0.033,0.194,0.894,3.537,1.890,-4.207,12.257,15.617,12.766,13.066,11,23,DMP_WAIT
A,72213,STATIC,ALL,354,3322,14556,78,33,-70,0.022,0.203,0.888,4.756,2.012,-4.268,12.852,15.617,12.812,13.111,11,19,DMP_WAIT
A,72231,STATIC,ALL,506,3412,14626,88,32,-69,0.031,0.208,0.893,5.366,1.951,-4.207,13.124,15.617,12.871,13.170,11,18,DMP_WAIT
A,72251,STATIC,ALL,456,3358,14582,97,33,-70,0.028,0.205,0.890,5.915,2.012,-4.268,12.962,15.669,12.943,13.240,11,20,OK
A,72274,STATIC,ALL,432,3690,14534,103,33,-70,0.026,0.225,0.887,6.280,2.012,-4.268,14.240,15.669,13.057,13.356,11,23,DMP_WAIT
A,72293,STATIC,ALL,518,3836,14554,88,33,-70,0.032,0.234,0.888,5.366,2.012,-4.268,14.757,15.669,13.147,13.448,11,19,DMP_WAIT
A,72312,STATIC,ALL,446,3798,14570,63,32,-70,0.027,0.232,0.889,3.841,1.951,-4.268,14.604,15.669,13.204,13.506,11,19,DMP_WAIT
A,72331,STATIC,ALL,442,3504,14546,42,30,-69,0.027,0.214,0.888,2.561,1.829,-4.207,13.538,15.735,13.214,13.517,11,19,OK
A,72354,STATIC,ALL,468,3162,14556,44,29,-70,0.029,0.193,0.888,2.683,1.768,-4.268,12.250,15.735,13.202,13.503,11,23,DMP_WAIT
A,72373,STATIC,ALL,482,3270,14542,68,31,-70,0.029,0.200,0.888,4.146,1.890,-4.268,12.666,15.735,13.225,13.524,11,19,DMP_WAIT
A,72391,STATIC,ALL,496,3572,14596,91,33,-70,0.030,0.218,0.891,5.549,2.012,-4.268,13.744,15.735,13.291,13.590,11,18,DMP_WAIT
A,72411,STATIC,ALL,526,3806,14404,91,33,-69,0.032,0.232,0.879,5.549,2.012,-4.207,14.792,15.784,13.384,13.684,11,20,OK
A,72434,STATIC,ALL,428,3944,14598,72,32,-70,0.026,0.241,0.891,4.390,1.951,-4.268,15.113,15.784,13.464,13.768,11,23,DMP_WAIT
A,72453,STATIC,ALL,466,3842,14466,44,32,-70,0.028,0.234,0.883,2.683,1.951,-4.268,14.866,15.784,13.498,13.804,11,19,DMP_WAIT
A,72471,STATIC,ALL,376,3588,14586,25,30,-70,0.023,0.219,0.890,1.524,1.829,-4.268,13.815,15.784,13.490,13.795,11,18,DMP_WAIT
A,72491,STATIC,ALL,544,3368,14350,25,30,-70,0.033,0.206,0.876,1.524,1.829,-4.268,13.199,15.816,13.467,13.772,11,20,OK
A,72514,STATIC,ALL,432,3460,14564,39,33,-70,0.026,0.211,0.889,2.378,2.012,-4.268,13.358,15.816,13.466,13.771,11,23,DMP_WAIT
A,72533,STATIC,ALL,444,3660,14490,49,32,-69,0.027,0.223,0.884,2.988,1.951,-4.207,14.169,15.816,13.491,13.798,11,19,DMP_WAIT
A,72551,STATIC,ALL,454,3732,14698,42,31,-69,0.028,0.228,0.897,2.561,1.890,-4.207,14.240,15.816,13.510,13.816,11,18,DMP_WAIT
A,72571,STATIC,ALL,494,3478,14488,34,31,-69,0.030,0.212,0.884,2.073,1.890,-4.207,13.491,15.834,13.504,13.810,11,20,OK
A,72594,STATIC,ALL,436,3430,14606,38,31,-69,0.027,0.209,0.891,2.317,1.890,-4.207,13.210,15.834,13.497,13.804,12,23,DMP_WAIT
A,72613,STATIC,ALL,494,3656,14518,46,32,-70,0.030,0.223,0.886,2.805,1.951,-4.268,14.127,15.834,13.518,13.825,12,19,DMP_WAIT
A,72631,STATIC,ALL,466,3748,14592,43,32,-70,0.028,0.229,0.891,2.622,1.951,-4.268,14.398,15.834,13.540,13.848,12,18,DMP_WAIT
A,72651,STATIC,ALL,472,3666,14588,31,31,-70,0.029,0.224,0.890,1.890,1.890,-4.268,14.099,15.851,13.542,13.850,12,20,OK
A,72674,STATIC,ALL,432,3594,14582,24,32,-69,0.026,0.219,0.890,1.463,1.951,-4.207,13.840,15.851,13.528,13.838,12,23,DMP_WAIT
A,72693,STATIC,ALL,478,3554,14554,23,31,-69,0.029,0.217,0.888,1.402,1.890,-4.207,13.716,15.851,13.514,13.823,12,19,DMP_WAIT
A,72711,STATIC,ALL,412,3396,14560,29,31,-70,0.025,0.207,0.889,1.768,1.890,-4.268,13.124,15.851,13.495,13.804,12,18,DMP_WAIT
A,72731,STATIC,ALL,530,3436,14564,42,32,-70,0.032,0.210,0.889,2.561,1.951,-4.268,13.266,15.854,13.495,13.802,12,20,OK
A,72754,STATIC,ALL,440,3598,14448,53,32,-70,0.027,0.220,0.882,3.232,1.951,-4.268,13.978,15.854,13.524,13.833,12,23,DMP_WAIT
A,72773,STATIC,ALL,440,3722,14516,51,32,-70,0.027,0.227,0.886,3.110,1.951,-4.268,14.375,15.854,13.555,13.865,12,19,DMP_WAIT
A,72791,STATIC,ALL,466,3752,14562,42,32,-70,0.028,0.229,0.889,2.561,1.951,-4.268,14.441,15.854,13.576,13.886,12,18,DMP_WAIT
A,72811,STATIC,ALL,462,3628,14542,34,31,-70,0.028,0.221,0.888,2.073,1.890,-4.268,14.002,15.880,13.579,13.890,12,20,OK
A,72834,STATIC,ALL,426,3586,14622,30,31,-69,0.026,0.219,0.892,1.829,1.890,-4.207,13.774,15.880,13.571,13.883,12,23,DMP_WAIT
A,72853,STATIC,ALL,470,3514,14526,32,32,-69,0.029,0.214,0.887,1.951,1.951,-4.207,13.592,15.880,13.564,13.875,12,19,DMP_WAIT
A,72871,STATIC,ALL,472,3662,14570,35,33,-69,0.029,0.224,0.889,2.134,2.012,-4.207,14.101,15.880,13.571,13.882,12,18,DMP_WAIT
A,72891,STATIC,ALL,464,3784,14598,30,32,-69,0.028,0.231,0.891,1.829,1.951,-4.207,14.525,15.888,13.579,13.892,12,20,OK
A,72914,STATIC,ALL,424,3520,14468,22,31,-69,0.026,0.215,0.883,1.341,1.890,-4.207,13.668,15.888,13.558,13.872,12,23,DMP_WAIT
A,72933,STATIC,ALL,482,3456,14618,23,31,-70,0.029,0.211,0.892,1.402,1.890,-4.268,13.295,15.888,13.535,13.848,12,19,DMP_WAIT
A,72951,STATIC,ALL,446,3362,14530,35,32,-70,0.027,0.205,0.887,2.134,1.951,-4.268,13.022,15.888,13.521,13.832,12,18,DMP_WAIT
A,72971,STATIC,ALL,460,3608,14572,47,32,-70,0.028,0.220,0.889,2.866,1.951,-4.268,13.900,15.893,13.538,13.849,12,20,OK
A,72994,STATIC,ALL,428,3758,14490,45,33,-70,0.026,0.229,0.884,2.744,2.012,-4.268,14.533,15.893,13.567,13.880,12,23,DMP_WAIT
A,73013,STATIC,ALL,496,3790,14564,31,31,-70,0.030,0.231,0.889,1.890,1.890,-4.268,14.579,15.893,13.578,13.893,12,19,DMP_WAIT
A,73031,STATIC,ALL,456,3576,14462,16,30,-70,0.028,0.218,0.883,0.976,1.829,-4.268,13.882,15.893,13.560,13.874,12,18,DMP_WAIT
A,73051,STATIC,ALL,474,3392,14510,16,30,-70,0.029,0.207,0.886,0.976,1.829,-4.268,13.151,15.899,13.524,13.838,12,20,OK
A,73074,STATIC,ALL,436,3386,14492,30,31,-69,0.027,0.207,0.885,1.829,1.890,-4.207,13.145,15.899,13.505,13.818,12,23,DMP_WAIT
A,73093,STATIC,ALL,484,3648,14526,44,33,-70,0.030,0.223,0.887,2.683,2.012,-4.268,14.090,15.899,13.523,13.836,12,19,DMP_WAIT
A,73111,STATIC,ALL,490,3800,14494,43,32,-70,0.030,0.232,0.885,2.622,1.951,-4.268,14.683,15.899,13.550,13.865,12,18,DMP_WAIT
A,73131,STATIC,ALL,476,3714,14494,29,31,-70,0.029,0.227,0.885,1.768,1.890,-4.268,14.365,15.911,13.555,13.871,12,20,OK
A,73154,STATIC,ALL,454,3574,14472,20,30,-70,0.028,0.218,0.883,1.220,1.829,-4.268,13.866,15.911,13.536,13.853,12,23,DMP_WAIT
A,73173,STATIC,ALL,472,3532,14538,22,30,-70,0.029,0.216,0.887,1.341,1.829,-4.268,13.648,15.911,13.519,13.835,12,19,DMP_WAIT
A,73191,STATIC,ALL,482,3546,14554,29,31,-70,0.029,0.216,0.888,1.768,1.890,-4.268,13.686,15.911,13.512,13.828,12,18,DMP_WAIT
A,73211,STATIC,ALL,414,3740,14544,29,33,-70,0.025,0.228,0.888,1.768,2.012,-4.268,14.416,15.911,13.518,13.835,12,20,OK
A,73234,STATIC,ALL,482,3658,14628,17,31,-69,0.029,0.223,0.893,1.037,1.890,-4.207,14.033,15.911,13.499,13.818,12,23,DMP_WAIT
A,73253,STATIC,ALL,420,3398,14534,12,31,-70,0.026,0.207,0.887,0.732,1.890,-4.268,13.154,15.911,13.461,13.779,12,19,DMP_WAIT
A,73271,STATIC,ALL,492,3336,14568,22,31,-70,0.030,0.204,0.889,1.341,1.890,-4.268,12.891,15.911,13.432,13.748,12,18,DMP_WAIT
A,73291,STATIC,ALL,438,3488,14516,41,32,-69,0.027,0.213,0.886,2.500,1.951,-4.207,13.505,15.904,13.436,13.752,12,20,OK
A,73314,STATIC,ALL,456,3834,14594,44,33,-70,0.028,0.234,0.891,2.683,2.012,-4.268,14.713,15.904,13.469,13.788,12,23,DMP_WAIT
A,73333,STATIC,ALL,438,3802,14564,28,32,-69,0.027,0.232,0.889,1.707,1.951,-4.207,14.624,15.904,13.480,13.800,12,19,DMP_WAIT
A,73351,STATIC,ALL,448,3558,14444,12,31,-69,0.027,0.217,0.882,0.732,1.890,-4.207,13.832,15.904,13.458,13.778,12,18,DMP_WAIT
A,73371,STATIC,ALL,484,3400,14570,10,31,-70,0.030,0.208,0.889,0.610,1.890,-4.268,13.128,15.906,13.417,13.736,12,20,OK
A,73394,STATIC,ALL,424,3492,14582,22,32,-70,0.026,0.213,0.890,1.341,1.951,-4.268,13.462,15.906,13.395,13.715,12,23,DMP_WAIT
A,73413,STATIC,ALL,454,3588,14524,28,32,-70,0.028,0.219,0.886,1.707,1.951,-4.268,13.870,15.906,13.393,13.713,12,19,DMP_WAIT
A,73431,STATIC,ALL,482,3676,14640,22,31,-70,0.029,0.224,0.894,1.341,1.890,-4.268,14.088,15.906,13.388,13.709,12,18,DMP_WAIT
A,73451,STATIC,ALL,420,3548,14560,12,30,-69,0.026,0.217,0.889,0.732,1.829,-4.207,13.690,15.897,13.363,13.683,12,20,OK
A,73474,STATIC,ALL,466,3326,14544,11,31,-69,0.028,0.203,0.888,0.671,1.890,-4.207,12.875,15.897,13.315,13.635,12,23,DMP_WAIT
A,73493,STATIC,ALL,474,3358,14500,26,31,-69,0.029,0.205,0.885,1.585,1.890,-4.207,13.032,15.897,13.295,13.614,12,19,DMP_WAIT
A,73511,STATIC,ALL,460,3542,14504,40,33,-70,0.028,0.216,0.885,2.439,2.012,-4.268,13.717,15.897,13.304,13.624,12,18,DMP_WAIT
A,73531,STATIC,ALL,436,3474,14484,43,31,-69,0.027,0.212,0.884,2.622,1.890,-4.207,13.482,15.895,13.313,13.632,12,20,OK
A,73554,STATIC,ALL,526,3486,14554,47,31,-69,0.032,0.213,0.888,2.866,1.890,-4.207,13.461,15.895,13.327,13.647,12,23,DMP_WAIT
A,73573,STATIC,ALL,444,3564,14540,51,32,-70,0.027,0.218,0.887,3.110,1.951,-4.268,13.766,15.895,13.350,13.670,12,19,DMP_WAIT
A,73591,STATIC,ALL,516,3734,14610,46,32,-70,0.031,0.228,0.892,2.805,1.951,-4.268,14.328,15.895,13.378,13.697,12,18,DMP_WAIT
A,73611,STATIC,ALL,434,3730,14560,32,31,-69,0.026,0.228,0.889,1.951,1.890,-4.207,14.363,15.916,13.389,13.710,12,20,OK
A,73634,STATIC,ALL,460,3534,14532,18,31,-69,0.028,0.216,0.887,1.098,1.890,-4.207,13.662,15.916,13.366,13.689,12,23,DMP_WAIT
A,73653,STATIC,ALL,452,3340,14566,16,31,-69,0.028,0.204,0.889,0.976,1.890,-4.207,12.909,15.916,13.331,13.652,12,19,DMP_WAIT
A,73671,STATIC,ALL,438,3398,14550,29,32,-70,0.027,0.207,0.888,1.768,1.951,-4.268,13.139,15.916,13.317,13.637,12,18,DMP_WAIT
A,73691,STATIC,ALL,432,3594,14572,39,33,-70,0.026,0.219,0.889,2.378,2.012,-4.268,13.849,15.911,13.328,13.648,12,20,OK
A,73714,STATIC,ALL,564,3562,14552,37,31,-70,0.034,0.217,0.888,2.256,1.890,-4.268,13.744,15.911,13.334,13.655,12,23,DMP_WAIT
A,73733,STATIC,ALL,392,3562,14544,35,31,-70,0.024,0.217,0.888,2.134,1.890,-4.268,13.757,15.911,13.338,13.659,12,19,DMP_WAIT
A,73751,STATIC,ALL,524,3456,14526,37,31,-70,0.032,0.211,0.887,2.256,1.890,-4.268,13.375,15.911,13.337,13.657,12,18,DMP_WAIT
A,73771,STATIC,ALL,410,3464,14630,43,32,-70,0.025,0.211,0.893,2.622,1.951,-4.268,13.316,15.924,13.342,13.661,12,20,OK
A,73794,STATIC,ALL,478,3618,14566,50,32,-70,0.029,0.221,0.889,3.049,1.951,-4.268,13.942,15.924,13.369,13.690,12,23,DMP_WAIT
