record,ms,state,mode,ax_raw,ay_raw,az_raw,gx_raw,gy_raw,gz_raw,ax_g,ay_g,az_g,gx_dps,gy_dps,gz_dps,pitch_acc,pitch_dmp,pitch_comp,pitch_kalman,dmp_hz,dt_ms,status
A,200016,SHAKE,ALL,926,-24628,19968,451,-168,-321,0.057,-1.503,1.219,27.500,-10.244,-19.573,-50.935,3.996,5.181,5.758,12,20,DMP_WAIT
A,200036,SHAKE,ALL,1910,-4564,16254,1589,-185,-373,0.117,-0.279,0.992,96.890,-11.280,-22.744,-15.582,3.996,6.618,7.134,12,20,DMP_WAIT
A,200056,SHAKE,ALL,1732,12578,10726,1820,-124,-251,0.106,0.768,0.655,110.976,-7.561,-15.305,49.179,3.713,9.598,10.153,12,20,OK
A,200080,SHAKE,ALL,932,23984,7918,1374,9,-172,0.057,1.464,0.483,83.780,0.549,-10.488,71.612,3.713,12.754,13.390,12,24,DMP_WAIT
A,200099,SHAKE,ALL,140,29544,8164,469,88,-127,0.009,1.803,0.498,28.598,5.366,-7.744,74.551,3.713,14.478,15.210,12,19,DMP_WAIT
A,200118,SHAKE,ALL,-712,21554,9898,-680,67,-22,-0.043,1.316,0.604,-41.463,4.085,-1.341,65.278,3.713,14.678,15.497,12,19,DMP_WAIT
A,200137,SHAKE,ALL,-328,3126,13774,-1697,-28,0,-0.020,0.191,0.841,-103.476,-1.707,0.000,12.783,4.668,12.670,13.498,12,19,OK
A,200169,SHAKE,ALL,2602,-21138,17980,-2010,-144,48,0.159,-1.290,1.097,-122.561,-8.780,2.927,-49.322,4.668,7.512,8.256,12,32,DMP_WAIT
A,200188,SHAKE,ALL,2266,-32768,19988,-1169,19,139,0.138,-2.000,1.220,-71.280,1.159,8.476,-58.455,4.668,4.822,5.442,12,19,DMP_WAIT
A,200208,SHAKE,ALL,1316,-23514,20694,541,200,55,0.080,-1.435,1.263,32.988,12.195,3.354,-48.593,4.668,4.354,4.860,12,20,DMP_WAIT
A,200227,SHAKE,ALL,-630,-4342,18030,1611,223,-48,-0.038,-0.265,1.100,98.232,13.598,-2.927,-13.532,3.311,5.781,6.230,12,19,OK
A,200251,SHAKE,ALL,-1194,9824,13084,1748,99,-149,-0.073,0.600,0.799,106.585,6.037,-9.085,36.787,3.311,8.853,9.330,12,24,DMP_WAIT
A,200270,SHAKE,ALL,158,21318,9154,1404,-66,-317,0.010,1.301,0.559,85.610,-4.024,-19.329,66.758,3.311,11.561,12.128,12,19,DMP_WAIT
A,200289,SHAKE,ALL,930,25588,7482,638,-104,-293,0.057,1.562,0.457,38.902,-6.341,-17.866,73.582,3.311,13.482,14.155,12,19,DMP_WAIT
A,200309,SHAKE,ALL,1438,22916,8736,-495,1,-164,0.088,1.399,0.533,-30.183,0.061,-10.000,68.876,4.961,13.952,14.733,12,20,OK
A,200333,SHAKE,ALL,1542,-20694,16902,-1931,119,62,0.094,-1.263,1.032,-117.744,7.256,3.780,-50.643,4.961,9.835,10.512,12,24,DMP_WAIT
A,200352,SHAKE,ALL,2298,-32022,19742,-1001,147,257,0.140,-1.954,1.205,-61.037,8.963,15.671,-58.173,4.961,7.294,7.842,12,19,DMP_WAIT
A,200372,SHAKE,ALL,2298,-32022,19742,-1001,147,257,0.140,-1.954,1.205,-61.037,8.963,15.671,-58.173,3.304,4.742,5.155,12,20,OK
A,200396,SHAKE,ALL,-626,-5820,15284,1453,148,-102,-0.038,-0.355,0.933,88.598,9.024,-6.220,-20.830,3.304,6.259,6.591,12,24,DMP_WAIT
A,200415,SHAKE,ALL,-1354,13984,10978,1772,-36,-235,-0.083,0.854,0.670,108.049,-2.195,-14.329,51.656,3.304,9.135,9.527,12,19,DMP_WAIT
A,200435,SHAKE,ALL,-178,28038,9122,1224,-221,-338,-0.011,1.711,0.557,74.634,-13.476,-20.610,71.975,3.304,11.808,12.303,12,20,DMP_WAIT
A,200454,SHAKE,ALL,1074,25880,8396,-78,-202,-279,0.066,1.580,0.512,-4.756,-12.317,-17.012,71.889,4.764,12.877,13.481,12,19,OK
A,200479,SHAKE,ALL,1246,13548,10636,-1292,-9,-100,0.076,0.827,0.649,-78.780,-0.549,-6.098,51.676,4.764,11.665,12.359,12,25,DMP_WAIT
A,200498,SHAKE,ALL,830,-6642,15650,-1921,112,161,0.051,-0.405,0.955,-117.134,6.829,9.817,-22.968,4.764,8.748,9.384,12,19,DMP_WAIT
A,200518,SHAKE,ALL,558,-28584,19334,-1688,121,279,0.034,-1.745,1.180,-102.927,7.378,17.012,-55.915,4.764,5.391,5.905,12,20,DMP_WAIT
A,200537,SHAKE,ALL,-322,-31790,20690,-397,140,235,-0.020,-1.940,1.263,-24.207,8.537,14.329,-56.939,3.152,3.650,4.035,12,19,OK
A,200561,SHAKE,ALL,-332,-13554,20252,1060,63,73,-0.020,-0.827,1.236,64.634,3.841,4.451,-33.790,3.152,4.365,4.651,12,24,DMP_WAIT
A,200580,SHAKE,ALL,-660,2118,16504,1568,6,-143,-0.040,0.129,1.007,95.610,0.366,-8.720,7.307,3.152,6.161,6.425,12,19,DMP_WAIT
A,200599,SHAKE,ALL,176,13740,12842,1438,-29,-300,0.011,0.839,0.784,87.683,-1.768,-18.293,46.932,3.152,8.565,8.884,12,19,DMP_WAIT
A,200618,SHAKE,ALL,796,20846,10498,955,-21,-288,0.049,1.272,0.641,58.232,-1.280,-17.561,63.204,4.238,10.698,11.106,12,19,OK
A,200642,SHAKE,ALL,32,22634,10250,236,26,-120,0.002,1.381,0.626,14.390,1.585,-7.317,65.636,4.238,12.079,12.592,12,24,DMP_WAIT
A,200661,SHAKE,ALL,-450,13886,11410,-686,-6,8,-0.027,0.848,0.696,-41.829,-0.366,0.488,50.569,4.238,12.026,12.620,12,19,DMP_WAIT
A,200680,SHAKE,ALL,-336,-3546,14768,-1369,-78,85,-0.021,-0.216,0.901,-83.476,-4.756,5.183,-13.499,4.238,9.918,10.472,12,19,DMP_WAIT
A,200700,SHAKE,ALL,-186,-25398,18854,-1427,-164,-5,-0.011,-1.550,1.151,-87.012,-10.000,-0.305,-53.411,3.909,6.899,7.337,12,20,OK
A,200724,SHAKE,ALL,1126,-30636,19318,-492,-256,-303,0.069,-1.870,1.179,-30.000,-15.610,-18.476,-57.722,3.909,4.846,5.148,12,24,DMP_WAIT
A,200744,SHAKE,ALL,6054,-14266,15962,1033,-303,-569,0.370,-0.871,0.974,62.988,-18.476,-34.695,-39.884,3.909,5.140,5.331,12,20,DMP_WAIT
A,200764,SHAKE,ALL,6528,6598,11562,1864,35,-276,0.398,0.403,0.706,113.659,2.134,-16.829,26.424,3.909,7.747,7.952,12,20,DMP_WAIT
A,200783,SHAKE,ALL,1292,21164,9506,1696,488,213,0.079,1.292,0.580,103.415,29.756,12.988,65.616,4.260,10.786,11.082,12,19,OK
A,200807,SHAKE,ALL,-1964,25336,8846,805,604,357,-0.120,1.546,0.540,49.085,36.829,21.768,70.320,4.260,13.075,13.481,12,24,DMP_WAIT
A,200826,SHAKE,ALL,-2484,22518,9162,-303,376,343,-0.152,1.374,0.559,-18.476,22.927,20.915,67.142,4.260,13.769,14.284,12,19,DMP_WAIT
A,200846,SHAKE,ALL,-2032,9188,10628,-1295,73,206,-0.124,0.561,0.649,-78.963,4.451,12.561,40.336,4.260,12.706,13.287,12,20,DMP_WAIT
A,200865,SHAKE,ALL,114,-10192,13986,-1838,-84,-52,0.007,-0.622,0.854,-112.073,-5.122,-3.171,-36.081,4.452,9.600,10.099,12,19,OK
A,200890,SHAKE,ALL,626,-27426,17982,-1521,-50,-120,0.038,-1.674,1.098,-92.744,-3.049,-7.317,-56.733,4.452,5.943,6.317,12,25,DMP_WAIT
A,200909,SHAKE,ALL,74,-29748,20386,-448,-9,-197,0.005,-1.816,1.244,-27.317,-0.549,-12.012,-55.577,4.452,4.160,4.402,12,19,DMP_WAIT
A,200929,SHAKE,ALL,2004,-13554,18752,842,-83,-348,0.122,-0.827,1.145,51.341,-5.061,-21.220,-35.705,4.452,4.322,4.464,12,20,DMP_WAIT
A,200948,SHAKE,ALL,1134,3646,15826,1483,-24,-242,0.069,0.223,0.966,90.427,-1.463,-14.756,12.941,3.427,6.135,6.268,12,19,OK
A,200972,SHAKE,ALL,-2120,22790,11050,806,79,-321,-0.129,1.391,0.674,49.146,4.817,-19.573,63.724,3.427,8.387,8.613,12,24,DMP_WAIT
A,200991,SHAKE,ALL,-660,25016,10856,42,-37,-326,-0.040,1.527,0.663,2.561,-2.256,-19.878,66.502,3.427,9.553,9.887,12,19,DMP_WAIT
A,201010,SHAKE,ALL,-660,25016,10856,42,-37,-326,-0.040,1.527,0.663,2.561,-2.256,-19.878,66.502,4.663,10.696,11.143,12,19,OK
A,201035,SHAKE,ALL,762,-3940,14066,-1630,-52,157,0.047,-0.240,0.859,-99.390,-3.171,9.573,-15.626,4.663,7.676,8.086,12,25,DMP_WAIT
A,201054,SHAKE,ALL,424,-24012,16982,-1568,-16,120,0.026,-1.466,1.036,-95.610,-0.976,7.317,-54.722,4.663,4.604,4.890,12,19,DMP_WAIT
A,201073,SHAKE,ALL,382,-28190,20280,-571,12,-55,0.023,-1.721,1.238,-34.817,0.732,-3.354,-54.264,4.663,2.734,2.894,12,19,DMP_WAIT
A,201092,SHAKE,ALL,3318,-17098,18916,580,-79,-250,0.203,-1.044,1.155,35.366,-4.817,-15.244,-41.679,3.098,2.461,2.514,12,19,OK
A,201117,SHAKE,ALL,4488,-3290,14970,1263,52,-301,0.274,-0.201,0.914,77.012,3.171,-18.354,-11.888,3.098,4.003,3.992,12,25,DMP_WAIT
A,201137,SHAKE,ALL,1108,10322,12062,1433,343,-208,0.068,0.630,0.736,87.378,20.915,-12.683,40.436,3.098,6.398,6.434,12,20,DMP_WAIT
A,201157,SHAKE,ALL,-1990,22902,11238,1111,452,-201,-0.121,1.398,0.686,67.744,27.561,-12.256,63.511,3.098,8.822,8.955,12,20,DMP_WAIT
A,201177,SHAKE,ALL,-2884,24792,11416,205,278,-102,-0.176,1.513,0.697,12.500,16.951,-6.220,64.595,4.442,10.136,10.376,12,20,OK
A,201201,SHAKE,ALL,-1360,12880,12300,-925,5,79,-0.083,0.786,0.751,-56.402,0.305,4.817,46.146,4.442,9.474,9.796,12,24,DMP_WAIT
A,201220,SHAKE,ALL,108,-9478,15868,-1621,-140,177,0.007,-0.578,0.969,-98.841,-8.537,10.793,-30.849,4.442,6.783,7.029,12,19,DMP_WAIT
A,201239,SHAKE,ALL,-74,-31962,20300,-1370,-148,209,-0.005,-1.951,1.239,-83.537,-9.024,12.744,-57.579,4.442,3.896,4.010,12,19,DMP_WAIT
A,201259,SHAKE,ALL,788,-32768,18350,-12,-157,31,0.048,-2.000,1.120,-0.732,-9.573,1.890,-60.729,3.140,2.543,2.512,12,20,OK
A,201283,SHAKE,ALL,2302,-9570,16780,1750,-193,-223,0.141,-0.584,1.024,106.707,-11.768,-13.598,-29.468,3.140,4.357,4.225,12,24,DMP_WAIT
A,201303,SHAKE,ALL,1766,11174,12544,2179,-128,-226,0.108,0.682,0.766,132.866,-7.805,-13.780,41.415,3.140,7.656,7.571,12,20,DMP_WAIT
A,201322,SHAKE,ALL,1016,21666,8982,1613,15,-183,0.062,1.322,0.548,98.354,0.915,-11.159,67.354,3.140,10.638,10.654,12,19,DMP_WAIT
A,201341,SHAKE,ALL,62,26620,8216,723,129,-122,0.004,1.625,0.501,44.085,7.866,-7.439,72.847,4.876,12.659,12.792,12,19,OK
A,201365,SHAKE,ALL,-1452,22736,9118,-325,132,-21,-0.089,1.388,0.557,-19.817,8.049,-1.280,67.898,4.876,13.242,13.496,12,24,DMP_WAIT
A,201384,SHAKE,ALL,-1574,6258,12242,-1300,-26,-8,-0.096,0.382,0.747,-79.268,-1.585,-0.488,26.886,4.876,11.995,12.290,12,19,DMP_WAIT
A,201404,SHAKE,ALL,1912,-14496,17574,-1623,-218,-65,0.117,-0.885,1.073,-98.963,-13.293,-3.963,-39.352,4.876,8.982,9.185,12,20,DMP_WAIT
A,201423,SHAKE,ALL,3450,-31690,18772,-1022,-85,70,0.211,-1.934,1.146,-62.317,-5.183,4.268,-58.940,4.062,6.419,6.488,12,19,OK
A,201448,SHAKE,ALL,2592,-20494,19642,403,168,109,0.158,-1.251,1.199,24.573,10.244,6.646,-45.969,4.062,5.916,5.861,12,25,DMP_WAIT
A,201467,SHAKE,ALL,742,-2468,17202,1403,285,37,0.045,-0.151,1.050,85.549,17.378,2.256,-8.157,4.062,7.183,7.079,12,19,DMP_WAIT
A,201486,SHAKE,ALL,-1218,11560,13330,1516,248,35,-0.074,0.706,0.814,92.439,15.122,2.134,40.815,4.062,9.533,9.477,12,19,DMP_WAIT
A,201505,SHAKE,ALL,-1452,20866,10516,1029,72,-157,-0.089,1.274,0.642,62.744,4.390,-9.573,63.035,4.757,11.727,11.766,12,19,OK
A,201529,SHAKE,ALL,-496,24890,9038,202,-86,-315,-0.030,1.519,0.552,12.317,-5.244,-19.207,70.015,4.757,13.127,13.285,12,24,DMP_WAIT
A,201548,SHAKE,ALL,1294,18344,9942,-766,-89,-249,0.079,1.120,0.607,-46.707,-5.427,-15.183,61.341,4.757,13.178,13.443,12,19,DMP_WAIT
A,201568,SHAKE,ALL,476,386,15832,-1599,13,-43,0.029,0.024,0.966,-97.500,0.793,-2.622,1.396,4.757,10.985,11.244,12,20,DMP_WAIT
A,201587,SHAKE,ALL,830,-29270,20886,-1867,-16,-13,0.051,-1.786,1.275,-113.841,-0.976,-0.793,-54.468,4.322,7.512,7.653,12,19,OK
A,201611,SHAKE,ALL,3770,-16096,17372,1512,24,-38,0.230,-0.982,1.060,92.195,1.463,-2.317,-42.160,4.322,8.632,8.664,12,24,DMP_WAIT
A,201630,SHAKE,ALL,-116,9308,13516,2385,229,69,-0.007,0.568,0.825,145.427,13.963,4.207,34.553,4.322,11.814,11.887,12,19,DMP_WAIT
A,201649,SHAKE,ALL,-116,9308,13516,2385,229,69,-0.007,0.568,0.825,145.427,13.963,4.207,34.553,4.912,14.933,15.043,12,19,OK
A,201673,SHAKE,ALL,-1798,28152,7740,906,186,-87,-0.110,1.718,0.472,55.244,11.341,-5.305,74.238,4.912,17.363,17.596,12,24,DMP_WAIT
A,201693,SHAKE,ALL,-1418,25666,7060,-171,-29,-113,-0.087,1.567,0.431,-10.427,-1.768,-6.890,74.328,4.912,18.251,18.615,12,20,DMP_WAIT
A,201712,SHAKE,ALL,-154,16724,10222,-1200,-162,-210,-0.009,1.021,0.624,-73.171,-9.878,-12.805,58.563,4.912,17.651,18.119,12,19,DMP_WAIT
A,201732,SHAKE,ALL,2484,-5432,14656,-2025,-224,-213,0.152,-0.332,0.895,-123.476,-13.659,-12.988,-20.073,5.330,14.430,14.850,12,20,OK
A,201757,SHAKE,ALL,4110,-31644,17472,-1897,-119,-17,0.251,-1.931,1.066,-115.671,-7.256,-1.037,-60.438,5.330,10.041,10.331,12,25,DMP_WAIT
A,201777,SHAKE,ALL,2462,-32768,19726,-382,161,258,0.150,-2.000,1.204,-23.293,9.817,15.732,-58.756,5.330,8.162,8.312,12,20,DMP_WAIT
A,201796,SHAKE,ALL,568,-10384,20040,1257,280,120,0.035,-0.634,1.223,76.646,17.073,7.317,-27.382,5.330,8.835,8.900,12,19,DMP_WAIT
A,201815,SHAKE,ALL,-1446,4552,15018,1608,231,-25,-0.088,0.278,0.917,98.049,14.085,-1.524,16.789,4.378,10.775,10.843,12,19,OK
A,201840,SHAKE,ALL,-1040,17672,10698,1392,64,-155,-0.063,1.079,0.653,84.878,3.902,-9.451,58.691,4.378,13.755,13.909,12,25,DMP_WAIT
A,201859,SHAKE,ALL,-1244,25454,9106,761,-49,-255,-0.076,1.554,0.556,46.402,-2.988,-15.549,70.147,4.378,15.703,15.973,12,19,DMP_WAIT
A,201879,SHAKE,ALL,84,25992,9158,-254,-122,-320,0.005,1.586,0.559,-15.488,-7.439,-19.512,70.590,4.378,16.451,16.845,12,20,DMP_WAIT
A,201898,SHAKE,ALL,890,13750,11322,-1374,-100,-179,0.054,0.839,0.691,-83.780,-6.098,-10.915,50.445,5.454,15.527,16.010,12,19,OK
A,201922,SHAKE,ALL,2394,-10514,14832,-2048,-56,60,0.146,-0.642,0.905,-124.878,-3.415,3.659,-34.985,5.454,11.524,11.932,12,24,DMP_WAIT
A,201942,SHAKE,ALL,1820,-31908,18454,-1577,97,266,0.111,-1.948,1.126,-96.159,5.915,16.220,-59.837,5.454,8.166,8.437,12,20,DMP_WAIT
A,201961,SHAKE,ALL,-218,-30900,21790,-91,205,329,-0.013,-1.886,1.330,-5.549,12.500,20.061,-54.808,5.454,6.759,6.899,12,19,DMP_WAIT
A,201981,SHAKE,ALL,-358,-12254,19780,1277,87,58,-0.022,-0.748,1.207,77.866,5.305,3.537,-31.775,3.857,7.468,7.514,12,20,OK
A,202005,SHAKE,ALL,418,4342,14618,1707,-23,-140,0.026,0.265,0.892,104.085,-1.402,-8.537,16.537,3.857,10.042,10.083,12,24,DMP_WAIT
A,202024,SHAKE,ALL,338,17334,10550,1503,-27,-243,0.021,1.058,0.644,91.646,-1.646,-14.817,58.661,3.857,12.677,12.803,12,19,DMP_WAIT
A,202043,SHAKE,ALL,-666,25074,8548,879,15,-250,-0.041,1.530,0.522,53.598,0.915,-15.244,71.122,3.857,14.800,15.040,12,19,DMP_WAIT
A,202062,SHAKE,ALL,-902,26820,8726,-43,5,-215,-0.055,1.637,0.533,-2.622,0.305,-13.110,71.888,5.489,15.849,16.209,12,19,OK
A,202086,SHAKE,ALL,-244,16700,11096,-1181,-76,-152,-0.015,1.019,0.677,-72.012,-4.634,-9.268,56.392,5.489,14.911,15.378,12,24,DMP_WAIT
A,202106,SHAKE,ALL,1946,-7378,16024,-2033,-159,-26,0.119,-0.450,0.978,-123.963,-9.695,-1.585,-24.564,5.489,11.645,12.053,12,20,DMP_WAIT
A,202126,SHAKE,ALL,4136,-32768,20926,-1963,-7,211,0.252,-2.000,1.277,-119.695,-0.427,12.866,-56.937,5.489,7.881,8.163,12,20,DMP_WAIT
A,202145,SHAKE,ALL,1038,-32768,20692,-386,319,521,0.063,-2.000,1.263,-23.537,19.451,31.768,-57.696,3.773,6.088,6.235,12,19,OK
A,202170,SHAKE,ALL,-2920,20208,13368,3098,26,-158,-0.178,1.233,0.816,188.902,1.585,-9.634,55.897,3.773,11.654,11.887,12,25,DMP_WAIT
A,202189,SHAKE,ALL,-168,32767,6152,2133,-259,-352,-0.010,2.000,0.375,130.061,-15.793,-21.463,79.363,3.773,15.386,15.756,12,19,DMP_WAIT
A,202209,SHAKE,ALL,-168,32767,6152,2133,-259,-352,-0.010,2.000,0.375,130.061,-15.793,-21.463,79.363,6.148,19.168,19.677,12,20,OK
A,202234,SHAKE,ALL,1746,22480,4504,-954,-23,-357,0.107,1.372,0.275,-58.171,-1.402,-21.768,77.873,6.148,18.859,19.528,12,25,DMP_WAIT
A,202253,SHAKE,ALL,-532,7542,11320,-1709,112,5,-0.032,0.460,0.691,-104.207,6.829,0.305,33.645,6.148,17.171,17.902,12,19,DMP_WAIT
A,202272,SHAKE,ALL,1202,-14960,17454,-2050,-21,43,0.073,-0.913,1.065,-125.000,-1.280,2.622,-40.533,6.148,13.645,14.286,12,19,DMP_WAIT
A,202292,SHAKE,ALL,1938,-32768,19158,-1526,2,59,0.118,-2.000,1.169,-93.049,0.122,3.598,-59.560,4.822,10.311,10.821,12,20,OK
A,202316,SHAKE,ALL,2722,-27152,19670,115,106,155,0.166,-1.657,1.201,7.012,6.463,9.451,-53.820,4.822,9.138,9.517,12,24,DMP_WAIT
A,202335,SHAKE,ALL,-274,-4656,18064,1438,235,92,-0.017,-0.284,1.103,87.683,14.329,5.610,-14.452,4.822,10.255,10.576,12,19,DMP_WAIT
A,202354,SHAKE,ALL,-3444,9312,12656,1558,205,0,-0.210,0.568,0.772,95.000,12.500,0.000,35.373,4.822,12.482,12.845,12,19,DMP_WAIT
A,202373,SHAKE,ALL,-3188,24134,9748,1187,-118,-341,-0.195,1.473,0.595,72.378,-7.195,-20.793,66.976,5.330,14.876,15.345,12,19,OK
A,202398,SHAKE,ALL,2090,31810,8722,209,-447,-675,0.128,1.942,0.532,12.744,-27.256,-41.159,74.254,5.330,16.318,16.926,12,25,DMP_WAIT
A,202418,SHAKE,ALL,5840,20042,11048,-1257,-284,-489,0.356,1.223,0.674,-76.646,-17.317,-29.817,58.056,5.330,15.604,16.321,12,20,DMP_WAIT
A,202438,SHAKE,ALL,6610,-9596,16650,-2289,186,130,0.403,-0.586,1.016,-139.573,11.341,7.927,-28.177,5.330,11.946,12.597,12,20,DMP_WAIT
A,202458,SHAKE,ALL,8,-32768,19866,-1891,686,666,0.000,-2.000,1.213,-115.305,41.829,40.610,-58.773,4.548,8.226,8.744,12,20,OK
A,202482,SHAKE,ALL,-6668,-32768,21504,263,638,656,-0.407,-2.000,1.313,16.037,38.902,40.000,-55.508,4.548,7.273,7.654,12,24,DMP_WAIT
A,202501,SHAKE,ALL,-5424,-3022,18640,2042,7,4,-0.331,-0.184,1.138,124.512,0.427,0.244,-8.848,4.548,9.225,9.557,12,19,DMP_WAIT
A,202520,SHAKE,ALL,364,15384,11100,2069,-415,-495,0.022,0.939,0.677,126.159,-25.305,-30.183,54.174,4.548,12.429,12.840,12,19,DMP_WAIT
A,202540,SHAKE,ALL,2744,24958,7494,1288,-324,-497,0.167,1.523,0.457,78.537,-19.756,-30.305,72.268,5.499,15.119,15.649,12,20,OK
A,202564,SHAKE,ALL,2508,25896,7708,186,47,-234,0.153,1.581,0.470,11.341,2.866,-14.268,72.619,5.499,16.480,17.145,12,24,DMP_WAIT
A,202583,SHAKE,ALL,-508,17556,11704,-904,303,147,-0.031,1.072,0.714,-55.122,18.476,8.963,56.285,5.499,16.206,16.973,12,19,DMP_WAIT
A,202603,SHAKE,ALL,-2212,-3716,16620,-1679,136,350,-0.135,-0.227,1.014,-102.378,8.293,21.341,-12.497,5.499,13.579,14.310,12,20,DMP_WAIT
A,202622,SHAKE,ALL,-1598,-27002,18310,-1560,-259,65,-0.098,-1.648,1.118,-95.122,-15.793,3.963,-55.758,5.088,10.377,10.980,12,19,OK
A,202647,SHAKE,ALL,1766,-25492,17938,-239,-392,-287,0.108,-1.556,1.095,-14.573,-23.902,-17.500,-54.737,5.088,8.660,9.129,12,25,DMP_WAIT
A,202667,SHAKE,ALL,3738,-7086,15592,1031,-185,-455,0.228,-0.432,0.952,62.866,-11.280,-27.744,-23.843,5.088,9.196,9.584,12,20,DMP_WAIT
A,202687,SHAKE,ALL,1614,8074,11406,1386,176,-368,0.099,0.493,0.696,84.512,10.732,-22.439,35.026,5.351,11.322,11.751,12,20,OK
A,202711,SHAKE,ALL,-690,24234,10974,275,305,-104,-0.042,1.479,0.670,16.768,18.598,-6.341,65.595,5.351,12.747,13.288,12,24,DMP_WAIT
A,202730,SHAKE,ALL,904,14076,12118,-984,30,-27,0.055,0.859,0.740,-60.000,1.829,-1.646,49.196,5.351,12.314,12.939,12,19,DMP_WAIT
A,202749,SHAKE,ALL,2898,-4964,15988,-1795,-98,46,0.177,-0.303,0.976,-109.451,-5.976,2.805,-16.988,5.351,9.647,10.218,12,19,DMP_WAIT
A,202769,SHAKE,ALL,2610,-30476,18748,-1773,19,221,0.159,-1.860,1.144,-108.110,1.159,13.476,-58.155,4.701,6.125,6.558,12,20,OK
A,202793,SHAKE,ALL,672,-32768,18648,-384,219,254,0.041,-2.000,1.138,-23.415,13.354,15.488,-60.340,4.701,4.190,4.466,12,24,DMP_WAIT
A,202812,SHAKE,ALL,-2,-12298,18486,1371,249,52,0.000,-0.751,1.128,83.598,15.183,3.171,-33.634,4.701,4.946,5.117,12,19,DMP_WAIT
A,202831,SHAKE,ALL,-208,6968,13630,1945,246,-86,-0.013,0.425,0.832,118.598,15.000,-5.244,27.075,4.701,7.553,7.742,11,19,DMP_WAIT
A,202851,SHAKE,ALL,-1210,20114,10300,1659,249,-114,-0.074,1.228,0.629,101.159,15.183,-6.951,62.724,5.128,10.593,10.873,11,20,OK
A,202875,SHAKE,ALL,-1332,22474,7714,846,189,-93,-0.081,1.372,0.471,51.585,11.524,-5.671,70.796,5.128,12.954,13.350,11,24,DMP_WAIT
A,202894,SHAKE,ALL,-2952,24832,9172,-33,72,-117,-0.180,1.516,0.560,-2.012,4.390,-7.134,68.793,5.128,13.990,14.504,11,19,DMP_WAIT
A,202914,SHAKE,ALL,-2114,15010,12310,-1128,-218,-255,-0.129,0.916,0.751,-68.780,-13.293,-15.549,50.235,5.128,13.320,13.922,11,20,DMP_WAIT
A,202934,SHAKE,ALL,2352,-6674,16942,-2031,-497,-445,0.144,-0.407,1.034,-123.841,-30.305,-27.134,-21.315,5.440,10.154,10.700,11,20,OK
A,202959,SHAKE,ALL,7546,-28848,18642,-1961,-335,-235,0.461,-1.761,1.138,-119.573,-20.427,-14.329,-55.118,5.440,5.861,6.279,11,25,DMP_WAIT
A,202979,SHAKE,ALL,4646,-32768,19826,-594,342,530,0.284,-2.000,1.210,-36.220,20.854,32.317,-58.142,5.440,3.825,4.099,11,20,DMP_WAIT
A,202998,SHAKE,ALL,-4026,-17676,20672,1397,694,713,-0.246,-1.079,1.262,85.183,42.317,43.476,-40.007,5.440,4.490,4.651,11,19,DMP_WAIT
A,203018,SHAKE,ALL,-6802,6128,16792,2289,323,279,-0.415,0.374,1.025,139.573,19.695,17.012,18.688,4.579,7.464,7.627,11,20,OK
A,203042,SHAKE,ALL,-1286,18978,9130,1986,-282,-289,-0.078,1.158,0.557,121.098,-17.195,-17.622,64.088,4.579,11.389,11.650,11,24,DMP_WAIT
A,203062,SHAKE,ALL,1360,27320,4964,1324,-423,-450,0.083,1.667,0.303,80.732,-25.793,-27.439,79.331,4.579,14.284,14.682,11,20,DMP_WAIT
A,203081,SHAKE,ALL,242,31298,6276,348,-191,-330,0.015,1.910,0.383,21.220,-11.646,-20.122,78.653,4.579,15.922,16.461,11,19,DMP_WAIT
A,203100,SHAKE,ALL,-538,20782,9120,-1035,-93,-156,-0.033,1.268,0.557,-63.110,-5.671,-9.512,66.270,6.428,15.710,16.370,11,19,OK
A,203125,SHAKE,ALL,842,-1168,12720,-2111,-261,-21,0.051,-0.071,0.776,-128.720,-15.915,-1.280,-5.235,6.428,12.080,12.729,11,25,DMP_WAIT
A,203145,SHAKE,ALL,2420,-24498,16696,-2198,-351,25,0.148,-1.495,1.019,-134.024,-21.402,1.524,-55.447,6.428,8.056,8.577,11,20,DMP_WAIT
A,203164,SHAKE,ALL,1116,-32768,19416,-1195,-250,2,0.068,-2.000,1.185,-72.866,-15.244,0.122,-59.311,6.428,5.308,5.690,11,19,DMP_WAIT
A,203184,SHAKE,ALL,3724,-24708,19684,352,-173,-294,0.227,-1.508,1.201,21.463,-10.549,-17.927,-50.965,4.284,4.557,4.810,11,20,OK
A,203208,SHAKE,ALL,1092,8040,14050,1659,273,-257,0.067,0.491,0.858,101.159,16.646,-15.671,29.706,4.284,7.384,7.670,11,24,DMP_WAIT
A,203227,SHAKE,ALL,1092,8040,14050,1659,273,-257,0.067,0.491,0.858,101.159,16.646,-15.671,29.706,4.284,9.670,9.990,11,19,DMP_WAIT
A,203247,SHAKE,ALL,-230,17428,9850,1371,311,-196,-0.014,1.064,0.601,83.598,18.963,-11.951,60.519,5.725,12.279,12.698,11,20,OK
A,203271,SHAKE,ALL,-778,27642,8716,-135,157,-56,-0.047,1.687,0.532,-8.232,9.573,-3.415,72.434,5.725,13.233,13.791,11,24,DMP_WAIT
A,203290,SHAKE,ALL,70,14642,10152,-1284,102,9,0.004,0.894,0.620,-78.293,6.220,0.549,55.264,5.725,12.572,13.236,11,19,DMP_WAIT
A,203309,SHAKE,ALL,1164,-5758,15222,-1964,111,143,0.071,-0.351,0.929,-119.756,6.768,8.720,-20.665,5.725,9.633,10.246,11,19,DMP_WAIT
A,203329,SHAKE,ALL,1752,-29632,19074,-1805,208,293,0.107,-1.809,1.164,-110.061,12.683,17.866,-57.121,4.921,6.095,6.579,11,20,OK
A,203353,SHAKE,ALL,-324,-32768,21910,-565,367,299,-0.020,-2.000,1.337,-34.451,22.378,18.232,-56.229,4.921,3.982,4.332,11,24,DMP_WAIT
A,203373,SHAKE,ALL,-362,-17846,21226,1026,257,-4,-0.022,-1.089,1.296,62.561,15.671,-0.244,-40.052,4.921,4.282,4.521,11,20,DMP_WAIT
A,203392,SHAKE,ALL,-348,436,16948,1800,117,-113,-0.021,0.027,1.034,109.756,7.134,-6.890,1.473,4.921,6.225,6.437,11,19,DMP_WAIT
A,203411,SHAKE,ALL,262,14790,12680,1744,44,-182,0.016,0.903,0.774,106.341,2.683,-11.098,49.386,5.008,9.025,9.307,11,19,OK
A,203435,SHAKE,ALL,-66,21842,10390,1145,91,-263,-0.004,1.333,0.634,69.817,5.549,-16.037,64.560,5.008,11.722,12.113,11,24,DMP_WAIT
A,203454,SHAKE,ALL,-1320,21492,9658,324,149,-318,-0.081,1.312,0.589,19.756,9.085,-19.390,65.603,5.008,13.123,13.629,11,19,DMP_WAIT
A,203473,SHAKE,ALL,-1092,15582,10270,-412,83,-369,-0.067,0.951,0.627,-25.122,5.061,-22.500,56.463,5.008,13.478,14.084,11,19,DMP_WAIT
A,203493,SHAKE,ALL,170,3506,13638,-976,-10,-247,0.010,0.214,0.832,-59.512,-0.610,-15.061,14.416,5.940,12.284,12.909,11,20,OK
A,203517,SHAKE,ALL,1836,-14392,17050,-1190,26,-15,0.112,-0.878,1.041,-72.561,1.585,-0.915,-40.005,5.940,9.476,10.010,11,24,DMP_WAIT
A,203537,SHAKE,ALL,-972,-26308,18976,-596,213,285,-0.059,-1.606,1.158,-36.341,12.988,17.378,-54.161,5.940,7.445,7.847,11,20,DMP_WAIT
A,203556,SHAKE,ALL,-3270,-16474,19742,584,157,291,-0.200,-1.005,1.205,35.610,9.573,17.744,-39.463,5.940,7.126,7.421,11,19,DMP_WAIT
A,203576,SHAKE,ALL,-2104,-2822,16534,1274,-116,-8,-0.128,-0.172,1.009,77.683,-7.073,-0.488,-9.610,5.172,8.268,8.511,11,20,OK
A,203600,SHAKE,ALL,50,8496,12274,1323,-305,-291,0.003,0.519,0.749,80.671,-18.598,-17.744,34.691,5.172,10.638,10.917,11,24,DMP_WAIT
A,203620,SHAKE,ALL,1596,17114,8988,1008,-306,-425,0.097,1.045,0.549,61.463,-18.659,-25.915,61.925,5.172,12.822,13.199,11,20,DMP_WAIT
A,203640,SHAKE,ALL,1962,22814,7674,447,-154,-409,0.120,1.392,0.468,27.256,-9.390,-24.939,70.853,5.172,14.471,14.969,11,20,DMP_WAIT
A,203660,SHAKE,ALL,1182,24264,8978,-351,3,-188,0.072,1.481,0.548,-21.402,0.183,-11.463,69.534,6.444,15.106,15.731,11,20,OK
A,203684,SHAKE,ALL,1092,11848,10920,-1354,82,132,0.067,0.723,0.667,-82.561,5.000,8.049,47.192,6.444,13.751,14.473,11,24,DMP_WAIT
A,203703,SHAKE,ALL,932,-9040,14304,-1945,164,307,0.057,-0.552,0.873,-118.598,10.000,18.720,-32.238,6.444,10.579,11.224,11,19,DMP_WAIT
A,203722,SHAKE,ALL,-1872,-25846,18424,-1574,294,428,-0.114,-1.578,1.125,-95.976,17.927,26.098,-54.378,6.444,7.448,7.970,11,19,DMP_WAIT
A,203742,SHAKE,ALL,-4926,-29710,22160,-430,171,266,-0.301,-1.813,1.353,-26.220,10.427,16.220,-52.617,4.779,5.687,6.083,11,20,OK
A,203767,SHAKE,ALL,-2072,-16568,20292,765,-256,-294,-0.126,-1.011,1.239,46.646,-15.610,-17.927,-39.085,4.779,5.876,6.162,11,25,DMP_WAIT
A,203786,SHAKE,ALL,2376,-790,15618,1416,-466,-591,0.145,-0.048,0.953,86.341,-28.415,-36.037,-2.863,4.779,7.265,7.513,11,19,DMP_WAIT
A,203806,SHAKE,ALL,3052,11996,11982,1456,-309,-589,0.186,0.732,0.731,88.780,-18.841,-35.915,44.133,5.657,9.697,10.003,11,20,OK
A,203830,SHAKE,ALL,730,24910,9130,333,107,-240,0.045,1.520,0.557,20.305,6.524,-14.634,69.812,5.657,11.321,11.750,11,24,DMP_WAIT
A,203849,SHAKE,ALL,750,21678,9968,-615,166,3,0.046,1.323,0.608,-37.500,10.122,0.183,65.245,5.657,11.657,12.206,12,19,DMP_WAIT
A,203868,SHAKE,ALL,1134,6564,13920,-1574,230,298,0.069,0.401,0.850,-95.976,14.024,18.171,25.173,5.657,10.096,10.686,12,19,DMP_WAIT
A,203888,SHAKE,ALL,382,-22102,19264,-2059,305,501,0.023,-1.349,1.176,-125.549,18.598,30.549,-48.919,5.395,6.409,6.887,12,20,OK
A,203912,SHAKE,ALL,-4946,-32768,22036,-1218,379,529,-0.302,-2.000,1.345,-74.268,23.110,32.256,-55.425,5.395,3.370,3.717,12,24,DMP_WAIT
A,203932,SHAKE,ALL,-3144,-27240,20692,851,-22,112,-0.192,-1.663,1.263,51.890,-1.341,6.829,-52.464,5.395,3.224,3.436,12,20,DMP_WAIT
A,203951,SHAKE,ALL,934,-328,16476,2163,-346,-405,0.057,-0.020,1.006,131.890,-21.098,-24.695,-1.139,5.395,5.549,5.727,12,19,DMP_WAIT
A,203971,SHAKE,ALL,3344,16180,11294,2070,-299,-503,0.204,0.988,0.689,126.220,-18.232,-30.671,53.946,5.397,8.944,9.202,12,20,OK
A,203995,SHAKE,ALL,4092,22078,8122,1322,-9,-317,0.250,1.348,0.496,80.610,-0.549,-19.329,67.612,5.397,11.958,12.330,12,24,DMP_WAIT
A,204014,SHAKE,ALL,1690,23454,8076,497,348,-26,0.103,1.432,0.493,30.305,21.220,-1.585,70.619,5.397,13.652,14.149,12,19,DMP_WAIT
A,204033,SHAKE,ALL,-1660,18886,9100,-258,468,312,-0.101,1.153,0.555,-15.732,28.537,19.024,63.905,5.397,14.320,14.932,12,19,DMP_WAIT
A,204053,SHAKE,ALL,-4530,10804,12296,-879,269,343,-0.276,0.659,0.750,-53.598,16.402,20.915,39.505,6.618,13.727,14.411,12,20,OK
A,204077,SHAKE,ALL,-2232,-5868,15492,-1383,-96,-39,-0.136,-0.358,0.946,-84.329,-5.854,-2.378,-20.551,6.618,11.002,11.643,12,24,DMP_WAIT
A,204097,SHAKE,ALL,614,-22914,17976,-1243,-274,-298,0.037,-1.399,1.097,-75.793,-16.707,-18.171,-51.870,6.618,8.213,8.732,12,20,DMP_WAIT
A,204117,SHAKE,ALL,2140,-23296,19306,-268,-183,-280,0.131,-1.422,1.178,-16.341,-11.159,-17.073,-50.179,6.618,6.679,7.075,12,20,DMP_WAIT
A,204137,SHAKE,ALL,1956,-11354,18016,794,-78,-184,0.119,-0.693,1.100,48.415,-4.756,-11.220,-32.069,5.337,6.806,7.110,12,20,OK
A,204161,SHAKE,ALL,-38,374,14018,1304,12,-113,-0.002,0.023,0.856,79.512,0.732,-6.890,1.528,5.337,8.515,8.788,12,24,DMP_WAIT
A,204180,SHAKE,ALL,-130,14828,10044,1394,-1,-208,-0.008,0.905,0.613,85.000,-0.061,-12.683,55.885,5.337,11.001,11.361,12,19,DMP_WAIT
A,204199,SHAKE,ALL,502,26456,8608,929,-41,-255,0.031,1.615,0.525,56.646,-2.500,-15.549,71.948,5.337,13.231,13.714,12,19,DMP_WAIT
A,204218,SHAKE,ALL,1366,28058,8648,-114,-22,-128,0.083,1.713,0.528,-6.951,-1.341,-7.805,72.670,6.735,14.247,14.858,12,19,OK
A,204242,SHAKE,ALL,1168,15140,10084,-1317,80,57,0.071,0.924,0.615,-80.305,4.878,3.476,56.158,6.735,13.140,13.867,12,24,DMP_WAIT
A,204262,SHAKE,ALL,-146,-5844,14642,-2066,173,184,-0.009,-0.357,0.894,-125.976,10.549,11.220,-21.757,6.735,9.927,10.604,12,20,DMP_WAIT
A,204281,SHAKE,ALL,-558,-27150,18890,-1901,130,141,-0.034,-1.657,1.153,-115.915,7.927,8.598,-55.159,6.735,6.423,6.978,12,19,DMP_WAIT
A,204301,SHAKE,ALL,-1342,-32768,20912,-745,64,3,-0.082,-2.000,1.276,-45.427,3.902,0.183,-57.401,4.958,4.210,4.635,12,20,OK
A,204325,SHAKE,ALL,536,-18540,19966,792,-132,-228,0.033,-1.132,1.219,48.293,-8.049,-13.902,-42.869,4.958,4.349,4.661,12,24,DMP_WAIT
A,204344,SHAKE,ALL,1586,-456,16342,1566,-167,-340,0.097,-0.028,0.997,95.488,-10.183,-20.732,-1.591,4.958,5.964,6.244,12,19,DMP_WAIT
A,204364,SHAKE,ALL,1134,12730,12420,1542,-54,-338,0.069,0.777,0.758,94.024,-3.293,-20.610,45.587,4.958,8.553,8.898,12,20,DMP_WAIT
A,204383,SHAKE,ALL,1342,21408,9518,1071,75,-301,0.082,1.307,0.581,65.305,4.573,-18.354,65.820,5.871,10.870,11.324,12,19,OK
A,204407,SHAKE,ALL,-1408,20748,11414,-557,260,205,-0.086,1.266,0.697,-33.963,15.854,12.500,61.001,5.871,11.019,11.585,12,24,DMP_WAIT
A,204427,SHAKE,ALL,-1308,2472,14142,-1474,117,276,-0.080,0.151,0.863,-89.878,7.134,16.829,9.874,5.871,9.188,9.764,12,20,DMP_WAIT
A,204446,SHAKE,ALL,-1308,2472,14142,-1474,117,276,-0.080,0.151,0.863,-89.878,7.134,16.829,9.874,5.717,7.484,8.072,12,19,OK
A,204470,SHAKE,ALL,-2168,-32768,20460,-847,53,228,-0.132,-2.000,1.249,-51.646,3.232,13.902,-57.876,5.717,4.907,5.366,12,24,DMP_WAIT
A,204489,SHAKE,ALL,-1222,-22068,20104,649,-70,-148,-0.075,-1.347,1.227,39.573,-4.268,-9.024,-47.614,5.717,4.549,4.890,12,19,DMP_WAIT
A,204509,SHAKE,ALL,1288,-2438,16240,1670,-221,-439,0.079,-0.149,0.991,101.829,-13.476,-26.768,-8.511,5.717,6.237,6.534,12,20,DMP_WAIT
A,204528,SHAKE,ALL,2224,12548,11418,1786,-190,-453,0.136,0.766,0.697,108.902,-11.585,-27.622,47.168,5.596,9.040,9.404,12,19,OK
A,204553,SHAKE,ALL,1496,22332,8484,1335,-30,-412,0.091,1.363,0.518,81.402,-1.829,-25.122,68.905,5.596,12.174,12.659,12,25,DMP_WAIT
A,204572,SHAKE,ALL,720,27410,6890,602,115,-253,0.044,1.673,0.421,36.707,7.012,-15.427,75.816,5.596,14.086,14.710,12,19,DMP_WAIT
A,204591,SHAKE,ALL,-160,26016,7942,-372,185,-50,-0.010,1.588,0.485,-22.683,11.280,-3.049,73.021,5.596,14.798,15.560,12,19,DMP_WAIT
A,204611,SHAKE,ALL,1252,13712,9100,-1452,166,172,0.076,0.837,0.555,-88.537,10.122,10.488,56.182,6.739,13.845,14.720,12,20,OK
A,204635,SHAKE,ALL,828,-4172,14014,-2125,224,332,0.051,-0.255,0.855,-129.573,13.659,20.244,-16.551,6.739,10.134,10.987,12,24,DMP_WAIT
A,204655,SHAKE,ALL,-820,-27796,18512,-2129,291,482,-0.050,-1.697,1.130,-129.817,17.744,29.390,-56.311,6.739,6.214,6.952,12,20,DMP_WAIT
A,204674,SHAKE,ALL,-4258,-32768,21918,-1113,272,352,-0.260,-2.000,1.338,-67.866,16.585,21.463,-55.730,6.739,3.667,4.286,12,19,DMP_WAIT
A,204694,SHAKE,ALL,-2046,-25958,21454,575,-74,-161,-0.125,-1.584,1.309,35.061,-4.512,-9.817,-50.299,4.530,3.229,3.733,12,20,OK
A,204718,SHAKE,ALL,1560,-4732,17302,1717,-324,-430,0.095,-0.289,1.056,104.695,-19.756,-26.220,-15.237,4.530,5.267,5.718,12,24,DMP_WAIT
A,204738,SHAKE,ALL,1440,11318,13256,1898,-257,-476,0.088,0.691,0.809,115.732,-15.671,-29.024,40.325,4.530,8.190,8.701,12,20,DMP_WAIT
A,204758,SHAKE,ALL,984,20334,9982,1475,-122,-534,0.060,1.241,0.609,89.939,-7.439,-32.561,63.744,4.530,11.017,11.639,12,20,DMP_WAIT
A,204777,SHAKE,ALL,1392,26730,7830,877,-13,-429,0.085,1.631,0.478,53.476,-0.793,-26.159,73.431,6.277,13.217,13.972,12,19,OK
A,204801,SHAKE,ALL,948,28370,7860,57,113,-109,0.058,1.732,0.480,3.476,6.890,-6.646,74.408,6.277,14.468,15.376,12,24,DMP_WAIT
A,204821,SHAKE,ALL,558,18084,9464,-1070,221,211,0.034,1.104,0.578,-65.244,13.476,12.866,62.334,6.277,14.100,15.139,12,20,DMP_WAIT
A,204841,SHAKE,ALL,-702,-2830,13568,-2013,280,400,-0.043,-0.173,0.828,-122.744,17.073,24.390,-11.766,6.277,11.130,12.150,12,20,DMP_WAIT
A,204861,SHAKE,ALL,-1554,-30248,16880,-2154,273,448,-0.095,-1.846,1.030,-131.341,16.646,27.317,-60.733,5.573,7.073,7.968,12,20,OK
A,204885,SHAKE,ALL,-1620,-19066,20388,736,-106,-144,-0.099,-1.164,1.244,44.878,-6.463,-8.780,-42.991,5.573,7.071,7.873,12,24,DMP_WAIT
A,204905,SHAKE,ALL,-1620,-19066,20388,736,-106,-144,-0.099,-1.164,1.244,44.878,-6.463,-8.780,-42.991,5.573,6.903,7.596,12,20,DMP_WAIT
A,204925,SHAKE,ALL,354,-3422,16702,1470,-279,-388,0.022,-0.209,1.019,89.634,-17.012,-23.659,-11.576,5.228,8.244,8.888,12,20,OK
A,204949,SHAKE,ALL,1026,20890,11068,1255,-228,-553,0.063,1.275,0.676,76.524,-13.902,-33.720,61.983,5.228,11.063,11.818,12,24,DMP_WAIT
A,204969,SHAKE,ALL,1934,24096,9232,564,-138,-451,0.118,1.471,0.563,34.390,-8.415,-27.500,68.622,5.228,12.842,13.726,12,20,DMP_WAIT
A,204988,SHAKE,ALL,2606,21594,8550,-242,15,-142,0.159,1.318,0.522,-14.756,0.915,-8.659,67.514,5.228,13.617,14.631,12,19,DMP_WAIT
A,205007,SHAKE,ALL,1912,13550,10226,-1077,238,206,0.117,0.827,0.624,-65.671,14.512,12.561,52.484,6.336,13.128,14.245,12,19,OK
A,205031,SHAKE,ALL,246,-4538,14220,-1788,397,441,0.015,-0.277,0.868,-109.024,24.207,26.890,-17.697,6.336,9.891,10.980,12,24,DMP_WAIT
A,205051,SHAKE,ALL,-1676,-27654,18148,-1868,402,510,-0.102,-1.688,1.108,-113.902,24.512,31.098,-56.613,6.336,6.283,7.247,12,20,DMP_WAIT
A,205071,SHAKE,ALL,-3664,-32768,20026,-847,270,314,-0.224,-2.000,1.222,-51.646,16.463,19.146,-58.148,6.336,3.935,4.767,12,20,DMP_WAIT
A,205090,SHAKE,ALL,-2064,-19492,20576,711,-29,-64,-0.126,-1.190,1.256,43.354,-1.768,-3.902,-43.307,4.432,3.754,4.477,12,19,OK
A,205115,SHAKE,ALL,234,-1520,17152,1536,-224,-347,0.014,-0.093,1.047,93.659,-13.659,-21.159,-5.064,4.432,5.814,6.502,12,25,DMP_WAIT
A,205134,SHAKE,ALL,574,11756,13356,1641,-201,-454,0.035,0.718,0.815,100.061,-12.256,-27.683,41.328,4.432,8.344,9.093,12,19,DMP_WAIT
A,205154,SHAKE,ALL,1536,21102,9976,1347,-135,-453,0.094,1.288,0.609,82.134,-8.232,-27.622,64.437,4.432,11.029,11.892,12,20,DMP_WAIT
A,205173,SHAKE,ALL,1502,27418,9004,734,1,-321,0.092,1.673,0.550,44.756,0.061,-19.573,71.586,6.110,13.030,14.023,12,19,OK
A,205197,SHAKE,ALL,1352,25050,9322,-242,127,-40,0.083,1.529,0.569,-14.756,7.744,-2.439,69.392,6.110,13.754,14.893,12,24,DMP_WAIT
A,205216,SHAKE,ALL,214,11096,11168,-1365,203,198,0.013,0.677,0.682,-83.232,12.378,12.073,44.809,6.110,12.782,14.010,12,19,DMP_WAIT
A,205235,SHAKE,ALL,-646,-12770,14944,-2020,194,319,-0.039,-0.779,0.912,-123.171,11.829,19.451,-40.488,6.110,9.379,10.520,12,19,DMP_WAIT
A,205255,SHAKE,ALL,-1292,-32768,18836,-1656,162,267,-0.079,-2.000,1.150,-100.976,9.878,16.280,-60.050,5.111,5.965,6.977,12,20,OK
A,205280,SHAKE,ALL,-1332,-32768,21050,-311,103,73,-0.081,-2.000,1.285,-18.963,6.280,4.451,-57.231,5.111,4.179,5.060,12,25,DMP_WAIT
A,205299,SHAKE,ALL,-282,-15868,19332,1203,-89,-248,-0.017,-0.969,1.180,73.354,-5.427,-15.122,-39.377,5.111,4.629,5.404,12,19,DMP_WAIT
A,205319,SHAKE,ALL,354,1888,14932,1845,-195,-404,0.022,0.115,0.911,112.500,-11.890,-24.634,7.204,5.111,6.840,7.600,12,20,DMP_WAIT
A,205338,SHAKE,ALL,240,16932,10936,1864,-209,-475,0.015,1.033,0.667,113.659,-12.744,-28.963,57.136,5.375,9.918,10.768,12,19,OK
A,205363,SHAKE,ALL,970,26412,7824,1369,-180,-474,0.059,1.612,0.478,83.476,-10.976,-28.902,73.380,5.375,13.174,14.160,12,25,DMP_WAIT
A,205382,SHAKE,ALL,1038,31394,7264,439,-69,-326,0.063,1.916,0.443,26.768,-4.207,-19.878,76.844,5.375,14.902,16.030,12,19,DMP_WAIT
A,205401,SHAKE,ALL,2392,23690,7706,-840,87,-49,0.146,1.446,0.470,-51.220,5.305,-2.988,71.191,5.375,15.030,16.295,12,19,DMP_WAIT
A,205420,SHAKE,ALL,2182,5318,10520,-1950,300,354,0.133,0.325,0.642,-118.902,18.293,21.585,26.334,6.320,12.999,14.313,12,19,OK
A,205445,SHAKE,ALL,-4904,-32768,20914,-1639,489,714,-0.299,-2.000,1.276,-99.939,29.817,43.537,-56.753,6.320,9.097,10.300,12,25,DMP_WAIT
A,205465,SHAKE,ALL,-5046,-32768,21906,-64,158,112,-0.308,-2.000,1.337,-3.902,9.634,6.829,-55.549,6.320,7.681,8.754,12,20,DMP_WAIT
A,205484,SHAKE,ALL,-5046,-32768,21906,-64,158,112,-0.308,-2.000,1.337,-3.902,9.634,6.829,-55.549,4.363,6.300,7.235,12,19,OK
A,205508,SHAKE,ALL,918,6296,15384,1944,-427,-698,0.056,0.384,0.939,118.537,-26.037,-42.561,22.221,4.363,9.351,10.308,12,24,DMP_WAIT
A,205527,SHAKE,ALL,1548,16210,11248,1689,-384,-696,0.094,0.989,0.687,102.988,-23.415,-42.439,54.991,4.363,12.138,13.183,12,19,DMP_WAIT
A,205547,SHAKE,ALL,2490,22900,8180,1159,-232,-689,0.152,1.398,0.499,70.671,-14.146,-42.012,69.525,4.363,14.624,15.793,12,20,DMP_WAIT
A,205567,SHAKE,ALL,2298,28160,7098,520,13,-380,0.140,1.719,0.433,31.707,0.793,-23.171,75.161,6.318,16.410,17.718,12,20,OK
A,205591,SHAKE,ALL,1370,25906,8100,-416,259,89,0.084,1.581,0.494,-25.366,15.793,5.427,72.406,6.318,16.878,18.341,12,24,DMP_WAIT
A,205610,SHAKE,ALL,394,12306,10630,-1536,422,473,0.024,0.751,0.649,-93.659,25.732,28.841,49.160,6.318,15.736,17.298,12,19,DMP_WAIT
A,205629,SHAKE,ALL,-370,-11484,14842,-2255,472,659,-0.023,-0.701,0.906,-137.500,28.780,40.183,-37.722,6.318,12.062,13.543,12,19,DMP_WAIT
A,205649,SHAKE,ALL,-5166,-32768,19578,-1898,479,734,-0.315,-2.000,1.195,-115.732,29.207,44.756,-58.287,5.139,8.341,9.698,12,20,OK
A,205674,SHAKE,ALL,-6396,-32768,22810,-551,187,322,-0.390,-2.000,1.392,-33.598,11.402,19.634,-54.135,5.139,6.210,7.449,12,25,DMP_WAIT
A,205693,SHAKE,ALL,-2700,-20492,20712,815,-290,-435,-0.165,-1.251,1.264,49.695,-17.683,-26.524,-44.453,5.139,6.078,7.201,12,19,DMP_WAIT
A,205713,SHAKE,ALL,1156,-3578,15994,1598,-523,-750,0.071,-0.218,0.976,97.439,-31.890,-45.732,-12.578,5.139,7.569,8.636,12,20,DMP_WAIT
A,205733,SHAKE,ALL,1334,11826,13214,1789,-448,-753,0.081,0.722,0.807,109.085,-27.317,-45.915,41.683,4.968,10.343,11.467,12,20,OK
A,205757,SHAKE,ALL,1158,19930,10718,1382,-340,-717,0.071,1.216,0.654,84.268,-20.732,-43.720,61.591,4.968,13.294,14.525,12,24,DMP_WAIT
A,205777,SHAKE,ALL,1932,23432,8690,739,-248,-565,0.118,1.430,0.530,45.061,-15.122,-34.451,69.197,4.968,15.249,16.603,12,20,DMP_WAIT
A,205796,SHAKE,ALL,2780,23420,7656,-27,-61,-270,0.170,1.429,0.467,-1.646,-3.720,-16.463,70.823,4.968,16.286,17.770,12,19,DMP_WAIT
A,205816,SHAKE,ALL,2266,17378,8512,-873,194,123,0.138,1.061,0.520,-53.232,11.829,7.500,63.121,6.310,16.133,17.739,12,20,OK
A,205840,SHAKE,ALL,2070,3826,10066,-1592,364,533,0.126,0.234,0.614,-97.073,22.195,32.500,20.420,6.310,13.880,15.539,12,24,DMP_WAIT
A,205859,SHAKE,ALL,1270,-13528,13270,-1828,500,869,0.078,-0.826,0.810,-111.463,30.488,52.988,-45.421,6.310,10.575,12.129,12,19,DMP_WAIT
A,205879,SHAKE,ALL,-4692,-25658,19654,-1440,724,961,-0.286,-1.566,1.200,-87.805,44.146,58.598,-51.779,6.310,7.560,8.997,11,20,DMP_WAIT
A,205899,SHAKE,ALL,-7474,-32768,22474,-771,500,451,-0.456,-2.000,1.372,-47.012,30.488,27.500,-54.141,4.318,5.359,6.667,11,20,OK
A,205923,SHAKE,ALL,-4152,-25466,20398,340,-110,-370,-0.253,-1.554,1.245,20.732,-6.707,-22.561,-50.737,4.318,4.669,5.848,11,24,DMP_WAIT
A,205943,SHAKE,ALL,1706,-5062,17028,1475,-517,-721,0.104,-0.309,1.039,89.939,-31.524,-43.963,-16.478,4.318,5.962,7.074,11,20,DMP_WAIT
A,205963,SHAKE,ALL,3680,12446,13414,1840,-383,-695,0.225,0.760,0.819,112.195,-23.354,-42.378,41.821,5.120,8.832,9.998,11,20,OK
A,205987,SHAKE,ALL,-498,24404,9632,852,192,-169,-0.030,1.490,0.588,51.951,11.707,-10.305,68.435,5.120,11.191,12.479,11,24,DMP_WAIT
A,206006,SHAKE,ALL,-1026,25102,8860,119,132,39,-0.063,1.532,0.541,7.256,8.049,2.378,70.439,5.120,12.467,13.883,11,19,DMP_WAIT
A,206025,SHAKE,ALL,-252,15894,10072,-870,38,149,-0.015,0.970,0.615,-53.049,2.317,9.085,57.630,5.120,12.338,13.860,11,19,DMP_WAIT
A,206044,SHAKE,ALL,408,-4218,14244,-1803,41,214,0.025,-0.257,0.869,-109.939,2.500,13.049,-16.489,5.698,9.671,11.145,11,19,OK
A,206069,SHAKE,ALL,-538,-32768,18490,-2013,96,257,-0.033,-2.000,1.129,-122.744,5.854,15.671,-60.555,5.698,5.201,6.541,11,25,DMP_WAIT
A,206088,SHAKE,ALL,-1402,-32768,20816,-729,21,27,-0.086,-2.000,1.271,-44.451,1.280,1.646,-57.515,5.698,3.075,4.271,11,19,DMP_WAIT
A,206107,SHAKE,ALL,846,-23702,19140,1049,-195,-341,0.052,-1.447,1.168,63.963,-11.890,-20.793,-51.051,5.698,3.140,4.200,11,19,DMP_WAIT
A,206127,SHAKE,ALL,1300,-188,16214,2073,-212,-493,0.079,-0.011,0.990,126.402,-12.927,-30.061,-0.662,4.495,5.495,6.518,11,20,OK
A,206152,SHAKE,ALL,858,15740,11736,2123,-127,-491,0.052,0.961,0.716,129.451,-7.744,-29.939,53.218,4.495,9.563,10.662,11,25,DMP_WAIT
A,206171,SHAKE,ALL,696,25048,8544,1585,-21,-447,0.042,1.529,0.521,96.646,-1.280,-27.256,71.107,4.495,12.550,13.764,11,19,DMP_WAIT
A,206190,SHAKE,ALL,158,29440,6926,794,95,-192,0.010,1.797,0.423,48.415,5.793,-11.707,76.758,4.495,14.691,16.036,11,19,DMP_WAIT
A,206209,SHAKE,ALL,-378,26828,6600,-204,195,132,-0.023,1.637,0.403,-12.439,11.890,8.049,76.157,6.667,15.645,17.124,11,19,OK
A,206233,SHAKE,ALL,-1262,16480,9256,-1293,270,322,-0.077,1.006,0.565,-78.841,16.463,19.634,60.453,6.667,14.631,16.237,11,24,DMP_WAIT
A,206253,SHAKE,ALL,-1356,-5526,13582,-2181,233,399,-0.083,-0.337,0.829,-132.988,14.207,24.329,-22.041,6.667,11.245,12.797,11,20,DMP_WAIT
A,206273,SHAKE,ALL,-1530,-29340,17988,-2197,149,366,-0.093,-1.791,1.098,-133.963,9.085,22.317,-58.396,6.667,7.180,8.600,11,20,DMP_WAIT
A,206292,SHAKE,ALL,-1096,-32768,20800,-1079,23,161,-0.067,-2.000,1.270,-65.793,1.402,9.817,-57.558,4.666,4.616,5.901,11,19,OK
A,206317,SHAKE,ALL,-250,-24732,20204,426,-174,-205,-0.015,-1.510,1.233,25.976,-10.610,-12.500,-50.752,4.666,4.088,5.242,11,25,DMP_WAIT
A,206337,SHAKE,ALL,1588,-7096,16930,1412,-240,-467,0.097,-0.433,1.033,86.098,-14.634,-28.476,-22.651,4.666,5.194,6.267,11,20,DMP_WAIT
A,206356,SHAKE,ALL,1660,9602,13588,1722,-173,-536,0.101,0.586,0.829,105.000,-10.549,-32.683,35.047,4.666,7.702,8.814,11,19,DMP_WAIT
A,206376,SHAKE,ALL,1788,20048,10404,1412,-66,-480,0.109,1.224,0.635,86.098,-4.024,-29.268,62.230,5.363,10.434,11.643,11,20,OK
A,206400,SHAKE,ALL,452,24468,8704,754,77,-271,0.028,1.493,0.531,45.976,4.695,-16.524,70.394,5.363,12.659,13.995,11,24,DMP_WAIT
A,206419,SHAKE,ALL,-714,24074,8344,-77,163,-30,-0.044,1.469,0.509,-4.695,9.939,-1.829,70.819,5.363,13.691,15.155,11,19,DMP_WAIT
A,206438,SHAKE,ALL,-406,15836,10030,-1006,170,175,-0.025,0.967,0.612,-61.341,10.366,10.671,57.630,5.363,13.384,14.953,11,19,DMP_WAIT
A,206458,SHAKE,ALL,-102,-3280,14876,-1864,182,338,-0.006,-0.200,0.908,-113.659,11.098,20.610,-12.434,5.759,10.593,12.130,11,20,OK
A,206482,SHAKE,ALL,-178,-30776,19812,-2107,221,444,-0.011,-1.878,1.209,-128.476,13.476,27.073,-57.228,5.759,6.160,7.574,11,24,DMP_WAIT
A,206502,SHAKE,ALL,-2914,-32768,20980,-987,172,351,-0.178,-2.000,1.281,-60.183,10.488,21.402,-57.121,5.759,3.668,4.947,11,20,DMP_WAIT
A,206522,SHAKE,ALL,-1482,-23402,19842,949,-156,-136,-0.090,-1.428,1.211,57.866,-9.512,-8.293,-49.628,4.452,3.690,4.840,11,20,OK
A,206546,SHAKE,ALL,3002,19386,11112,2025,-251,-676,0.183,1.183,0.678,123.476,-15.305,-41.220,59.300,4.452,7.651,8.903,11,24,DMP_WAIT
A,206566,SHAKE,ALL,3146,27674,7766,1360,1,-385,0.192,1.689,0.474,82.927,0.061,-23.476,73.155,4.452,10.540,11.926,11,20,DMP_WAIT
A,206585,SHAKE,ALL,738,29938,7404,417,306,72,0.045,1.827,0.452,25.427,18.659,4.390,76.043,4.452,12.280,13.808,11,19,DMP_WAIT
A,206604,SHAKE,ALL,-1814,20848,9446,-730,435,376,-0.111,1.272,0.577,-44.512,26.524,22.927,65.233,6.366,12.466,14.120,11,19,OK
A,206628,SHAKE,ALL,-2376,1676,14030,-1734,285,408,-0.145,0.102,0.856,-105.732,17.378,24.878,6.717,6.366,9.809,11.486,11,24,DMP_WAIT
A,206647,SHAKE,ALL,-1114,-26278,18072,-2065,64,303,-0.068,-1.604,1.103,-125.915,3.902,18.476,-55.432,6.366,6.115,7.670,11,19,DMP_WAIT
A,206667,SHAKE,ALL,-3158,-32768,20358,-1120,-35,92,-0.193,-2.000,1.243,-68.293,-2.134,5.610,-57.842,6.366,3.451,4.877,11,20,DMP_WAIT
A,206686,SHAKE,ALL,-634,-25534,19994,561,-267,-430,-0.039,-1.558,1.220,34.207,-16.280,-26.220,-51.924,4.479,2.937,4.237,11,19,OK
A,206711,SHAKE,ALL,2760,-4652,15644,1674,-355,-723,0.168,-0.284,0.955,102.073,-21.646,-44.085,-16.322,4.479,4.995,6.236,11,25,DMP_WAIT
A,206731,SHAKE,ALL,2280,13230,11364,1931,-190,-609,0.139,0.807,0.694,117.744,-11.585,-37.134,48.779,4.479,8.132,9.448,11,20,DMP_WAIT
A,206750,SHAKE,ALL,116,25860,8914,1542,-6,-394,0.007,1.578,0.544,94.024,-0.366,-24.024,70.979,4.479,11.095,12.534,11,19,DMP_WAIT
A,206770,SHAKE,ALL,-174,30836,8190,626,65,-185,-0.011,1.882,0.500,38.171,3.963,-11.280,75.123,6.273,13.078,14.654,11,20,OK
A,206794,SHAKE,ALL,252,24118,8880,-563,119,38,0.015,1.472,0.542,-34.329,7.256,2.317,69.779,6.273,13.349,15.073,11,24,DMP_WAIT
A,206812,SHAKE,ALL,-696,4974,12398,-1646,159,248,-0.042,0.304,0.757,-100.366,9.695,15.122,21.829,6.273,11.706,13.467,11,18,DMP_WAIT
A,206832,SHAKE,ALL,-234,-19586,17544,-2048,65,314,-0.014,-1.195,1.071,-124.878,3.963,19.146,-48.145,6.273,8.016,9.672,11,20,DMP_WAIT
A,206851,SHAKE,ALL,-1536,-32768,19468,-1402,-28,197,-0.094,-2.000,1.188,-85.488,-1.707,12.012,-59.207,5.020,5.035,6.560,11,19,OK
A,206876,SHAKE,ALL,684,-31006,19730,209,-167,-204,0.042,-1.892,1.204,12.744,-10.183,-12.439,-57.515,5.020,4.039,5.430,11,25,DMP_WAIT
A,206896,SHAKE,ALL,2566,-9260,16490,1570,-184,-536,0.157,-0.565,1.006,95.732,-11.220,-32.683,-29.025,5.020,5.208,6.508,12,20,DMP_WAIT
A,206915,SHAKE,ALL,742,10694,13890,1960,-56,-487,0.045,0.653,0.848,119.512,-3.415,-29.695,37.553,5.020,8.036,9.383,12,19,DMP_WAIT
A,206935,SHAKE,ALL,72,20676,10358,1523,-9,-435,0.004,1.262,0.632,92.866,-0.549,-26.524,63.390,5.707,10.917,12.366,12,20,OK
A,206959,SHAKE,ALL,772,25922,7908,811,5,-390,0.047,1.582,0.483,49.451,0.305,-23.780,72.959,5.707,13.265,14.851,12,24,DMP_WAIT
A,206977,SHAKE,ALL,1160,28578,6722,-5,102,-94,0.071,1.744,0.410,-0.305,6.220,-5.732,76.575,5.707,14.484,16.208,12,18,DMP_WAIT
A,206996,SHAKE,ALL,338,19848,8498,-1059,294,260,0.021,1.211,0.519,-64.573,17.927,15.854,66.805,5.707,14.284,16.135,12,19,DMP_WAIT
A,207016,SHAKE,ALL,-1114,2224,13260,-1993,384,527,-0.068,0.136,0.809,-121.524,23.415,32.134,9.488,6.229,11.760,13.630,12,20,OK
A,207040,SHAKE,ALL,-1782,-23228,17900,-2343,311,579,-0.109,-1.418,1.093,-142.866,18.963,35.305,-52.245,6.229,7.065,8.837,12,24,DMP_WAIT
A,207060,SHAKE,ALL,-3596,-32768,20632,-1618,191,386,-0.219,-2.000,1.259,-98.659,11.646,23.537,-57.416,6.229,3.795,5.443,12,20,DMP_WAIT
A,207080,SHAKE,ALL,-1956,-32768,21284,20,-60,-118,-0.119,-2.000,1.299,1.220,-3.659,-7.195,-56.885,6.229,2.559,4.077,12,20,DMP_WAIT
A,207099,SHAKE,ALL,260,-13688,17352,1476,-307,-542,0.016,-0.835,1.059,90.000,-18.720,-33.049,-38.265,4.253,3.374,4.791,12,19,OK
A,207123,SHAKE,ALL,850,23244,8942,1916,-342,-685,0.052,1.419,0.546,116.829,-20.854,-41.768,68.872,4.253,7.377,8.916,12,24,DMP_WAIT
A,207143,SHAKE,ALL,1932,32010,5942,1193,-199,-537,0.118,1.954,0.363,72.744,-12.134,-32.744,78.955,4.253,10.188,11.872,12,20,DMP_WAIT
A,207163,SHAKE,ALL,-186,32767,6804,97,94,-21,-0.011,2.000,0.415,5.915,5.732,-1.280,78.265,6.439,11.619,13.455,12,20,OK
A,207186,SHAKE,ALL,1618,18924,6740,-1403,255,421,0.099,1.155,0.411,-85.549,15.549,25.671,69.883,6.439,10.803,12.796,12,23,DMP_WAIT
A,207206,SHAKE,ALL,862,-2812,12718,-2366,501,733,0.053,-0.172,0.776,-144.268,30.549,44.695,-12.440,6.439,7.464,9.437,12,20,DMP_WAIT
A,207225,SHAKE,ALL,-2230,-28626,20236,-2422,567,876,-0.136,-1.747,1.235,-147.683,34.573,53.415,-54.580,6.439,3.429,5.292,12,19,DMP_WAIT
A,207245,SHAKE,ALL,-5590,-32768,24434,-1481,251,466,-0.341,-2.000,1.491,-90.305,15.305,28.415,-52.586,4.331,0.493,2.249,12,20,OK
A,207269,SHAKE,ALL,-1146,-32768,21568,94,-297,-331,-0.070,-2.000,1.316,5.732,-18.110,-20.183,-56.610,4.331,-0.570,1.066,12,24,DMP_WAIT
A,207289,SHAKE,ALL,4214,-11840,17052,1536,-479,-808,0.257,-0.723,1.041,93.659,-29.207,-49.268,-33.983,4.331,0.551,2.099,12,20,DMP_WAIT
A,207309,SHAKE,ALL,4828,9232,13372,2060,-244,-782,0.295,0.563,0.816,125.610,-14.878,-47.683,32.998,4.331,3.616,5.213,12,20,DMP_WAIT
A,207328,SHAKE,ALL,2152,21704,10462,1777,95,-454,0.131,1.325,0.639,108.354,5.793,-27.683,63.797,4.999,6.793,8.502,12,19,OK
A,207352,SHAKE,ALL,-94,26666,8608,1072,261,-87,-0.006,1.628,0.525,65.366,15.915,-5.305,72.109,4.999,9.581,11.438,12,24,DMP_WAIT
A,207371,SHAKE,ALL,-1960,26356,8584,114,287,152,-0.120,1.609,0.524,6.951,17.500,9.268,71.527,4.999,10.905,12.903,12,19,DMP_WAIT
A,207390,SHAKE,ALL,-2048,15294,10260,-987,205,222,-0.125,0.933,0.626,-60.183,12.500,13.537,55.625,4.999,10.635,12.746,12,19,DMP_WAIT
A,207410,SHAKE,ALL,78,-4664,13390,-1780,83,187,0.005,-0.285,0.817,-108.537,5.061,11.402,-19.204,5.660,7.865,9.942,12,20,OK
A,207434,SHAKE,ALL,1012,-27698,16648,-1778,78,220,0.062,-1.691,1.016,-108.415,4.756,13.415,-58.945,5.660,3.923,5.892,12,24,DMP_WAIT
A,207454,SHAKE,ALL,-124,-32768,18872,-748,119,149,-0.008,-2.000,1.152,-45.610,7.256,9.085,-60.061,5.660,1.703,3.542,12,20,DMP_WAIT
A,207473,SHAKE,ALL,-44,-19746,18868,662,-8,-143,-0.003,-1.205,1.152,40.366,-0.488,-8.720,-46.302,5.660,1.451,3.179,12,19,DMP_WAIT
A,207492,SHAKE,ALL,654,-3648,15438,1414,-136,-345,0.040,-0.223,0.942,86.220,-8.293,-21.037,-13.284,4.326,2.718,4.399,12,19,OK
A,207516,SHAKE,ALL,1248,12064,10416,1588,-134,-365,0.076,0.736,0.636,96.829,-8.171,-22.256,48.991,4.326,5.865,7.632,12,24,DMP_WAIT
A,207536,SHAKE,ALL,-520,25792,9204,1250,41,-247,-0.032,1.574,0.562,76.220,2.500,-15.061,70.332,4.326,8.602,10.498,12,20,DMP_WAIT
A,207555,SHAKE,ALL,-1512,29516,10020,229,118,-117,-0.092,1.802,0.612,13.963,7.195,-7.134,71.052,4.326,10.067,12.096,12,19,DMP_WAIT
A,207574,SHAKE,ALL,-276,18736,10182,-1029,24,-53,-0.017,1.144,0.621,-62.744,1.463,-3.232,61.469,5.728,9.883,12.031,12,19,OK
A,207599,SHAKE,ALL,1630,556,12784,-1895,-2,125,0.099,0.034,0.780,-115.549,-0.122,7.622,2.470,5.728,6.846,9.023,12,25,DMP_WAIT
A,207617,SHAKE,ALL,1742,-21660,16680,-2011,77,357,0.106,-1.322,1.018,-122.622,4.695,21.768,-52.250,5.728,3.459,5.527,12,18,DMP_WAIT
A,207637,SHAKE,ALL,-258,-32768,19948,-1227,222,352,-0.016,-2.000,1.218,-74.817,13.537,21.463,-58.666,5.728,0.704,2.653,12,20,DMP_WAIT
A,207656,SHAKE,ALL,-1156,-29996,20890,223,213,64,-0.071,-1.831,1.275,13.598,12.988,3.902,-55.105,3.710,-0.203,1.625,12,19,OK
A,207681,SHAKE,ALL,-990,-10926,19506,1457,49,-244,-0.060,-0.667,1.191,88.841,2.988,-14.878,-29.223,3.710,1.335,3.091,12,25,DMP_WAIT
A,207700,SHAKE,ALL,-296,5294,16632,1761,-96,-408,-0.018,0.323,1.015,107.378,-5.854,-24.878,17.654,3.710,3.617,5.385,12,19,DMP_WAIT
A,207719,SHAKE,ALL,600,12772,13032,1415,-143,-523,0.037,0.780,0.795,86.280,-8.720,-31.890,44.392,5.045,5.995,7.829,12,19,OK
A,207744,SHAKE,ALL,1030,23114,8704,576,83,-219,0.063,1.411,0.531,35.122,5.061,-13.354,69.233,5.045,8.063,10.033,12,25,DMP_WAIT
A,207763,SHAKE,ALL,128,23138,9450,-112,221,125,0.008,1.412,0.577,-6.829,13.476,7.622,67.782,5.045,9.086,11.185,12,19,DMP_WAIT
A,207781,SHAKE,ALL,-324,11612,11772,-1080,269,374,-0.020,0.709,0.719,-65.854,16.402,22.805,44.597,5.045,8.593,10.775,12,18,DMP_WAIT
A,207801,SHAKE,ALL,296,-9368,15264,-1794,262,474,0.018,-0.572,0.932,-109.390,15.976,28.902,-31.534,5.274,5.600,7.720,12,20,OK
A,207825,SHAKE,ALL,-1176,-32560,17936,-1685,301,497,-0.072,-1.987,1.095,-102.744,18.354,30.305,-61.099,5.274,1.794,3.795,12,24,DMP_WAIT
A,207845,SHAKE,ALL,-3098,-32768,20122,-448,231,211,-0.189,-2.000,1.228,-27.317,14.085,12.866,-58.147,5.274,0.013,1.885,12,20,DMP_WAIT
A,207865,SHAKE,ALL,-2030,-18296,19272,1016,-91,-343,-0.124,-1.117,1.176,61.951,-5.549,-20.915,-43.354,5.274,0.314,2.078,12,20,DMP_WAIT
A,207884,SHAKE,ALL,-678,-1546,15290,1699,-326,-614,-0.041,-0.094,0.933,103.598,-19.878,-37.439,-5.768,4.146,2.077,3.804,12,19,OK
A,207909,SHAKE,ALL,-2062,10698,10574,1779,-420,-729,-0.126,0.653,0.645,108.476,-25.610,-44.451,44.799,4.146,5.532,7.329,12,25,DMP_WAIT
A,207929,SHAKE,ALL,-3126,23600,7570,1547,-568,-867,-0.191,1.440,0.462,94.329,-34.634,-52.866,70.861,4.146,8.641,10.562,12,20,DMP_WAIT
A,207948,SHAKE,ALL,2026,31162,5758,790,-677,-904,0.124,1.902,0.351,48.171,-41.280,-55.122,78.917,4.146,10.899,12.963,12,19,DMP_WAIT
A,207968,SHAKE,ALL,5554,27950,6658,-584,-307,-484,0.339,1.706,0.406,-35.610,-18.720,-29.512,72.766,5.985,11.392,13.596,12,20,OK
A,207992,SHAKE,ALL,5544,8574,9890,-1901,302,350,0.338,0.523,0.604,-115.915,18.415,21.341,37.097,5.985,9.125,11.421,12,24,DMP_WAIT
A,208012,SHAKE,ALL,1184,-18712,17424,-2371,741,1070,0.072,-1.142,1.063,-144.573,45.183,65.244,-46.976,5.985,5.123,7.324,12,20,DMP_WAIT
A,208031,SHAKE,ALL,-4810,-32768,22362,-1691,702,1139,-0.294,-2.000,1.365,-103.110,42.805,69.451,-55.083,5.985,1.955,4.039,12,19,DMP_WAIT
A,208051,SHAKE,ALL,-5302,-32768,21400,-270,229,463,-0.324,-2.000,1.306,-16.463,13.963,28.232,-56.066,3.856,0.425,2.387,12,20,OK
A,208076,SHAKE,ALL,-126,-16604,16462,1240,-219,-463,-0.008,-1.013,1.005,75.610,-13.354,-28.232,-45.245,3.856,1.307,3.161,12,25,DMP_WAIT
A,208096,SHAKE,ALL,1528,7454,11944,1979,-200,-748,0.093,0.455,0.729,120.671,-12.195,-45.610,31.759,3.856,4.235,6.133,12,20,DMP_WAIT
A,208115,SHAKE,ALL,174,25294,9108,1771,20,-605,0.011,1.544,0.556,107.988,1.220,-36.890,70.193,3.856,7.520,9.543,12,19,DMP_WAIT
A,208134,SHAKE,ALL,-672,32767,9404,763,166,-390,-0.041,2.000,0.574,46.524,10.122,-23.780,73.948,5.308,9.671,11.829,12,19,OK
A,208158,SHAKE,ALL,-540,26130,10834,-605,133,-57,-0.033,1.595,0.661,-36.890,8.110,-3.476,67.455,5.308,9.904,12.210,12,24,DMP_WAIT
A,208177,SHAKE,ALL,194,5042,14566,-1861,24,199,0.012,0.308,0.889,-113.476,1.463,12.134,19.092,5.308,7.931,10.275,12,19,DMP_WAIT
A,208197,SHAKE,ALL,1628,-25994,19120,-2328,-83,319,0.099,-1.587,1.167,-141.951,-5.061,19.451,-53.565,5.308,3.872,6.108,12,20,DMP_WAIT
A,208216,SHAKE,ALL,1888,-32768,20328,-1354,-52,241,0.115,-2.000,1.241,-82.561,-3.171,14.695,-58.076,3.877,1.052,3.165,12,19,OK
A,208241,SHAKE,ALL,-564,-3094,15248,2175,221,-83,-0.034,-0.189,0.931,132.622,13.476,-5.061,-11.463,3.877,3.993,6.078,12,25,DMP_WAIT
A,208260,SHAKE,ALL,-564,-3094,15248,2175,221,-83,-0.034,-0.189,0.931,132.622,13.476,-5.061,-11.463,3.877,6.110,8.147,12,19,DMP_WAIT
A,208279,SHAKE,ALL,-2276,17704,10740,2365,244,-115,-0.139,1.081,0.656,144.207,14.878,-7.012,58.196,5.270,9.792,11.923,12,19,OK
A,208304,SHAKE,ALL,-1008,31400,7980,429,-63,-220,-0.062,1.917,0.487,26.159,-3.841,-13.415,75.632,5.270,11.692,13.979,12,25,DMP_WAIT
A,208324,SHAKE,ALL,662,21518,10652,-1004,-120,-176,0.040,1.313,0.650,-61.220,-7.317,-10.732,63.619,5.270,11.485,13.897,12,20,DMP_WAIT
A,208344,SHAKE,ALL,1864,-4304,15066,-2145,-120,-44,0.114,-0.263,0.920,-130.793,-7.317,-2.683,-15.829,5.270,8.329,10.703,12,20,DMP_WAIT
A,208364,SHAKE,ALL,2612,-31918,18270,-2170,-80,183,0.159,-1.948,1.115,-132.317,-4.878,11.159,-59.962,4.754,4.323,6.565,12,20,OK
A,208388,SHAKE,ALL,1306,-32768,17634,-849,62,253,0.080,-2.000,1.076,-51.768,3.780,15.427,-61.648,4.754,1.730,3.836,12,24,DMP_WAIT
A,208407,SHAKE,ALL,-126,-21626,17538,1264,163,-36,-0.008,-1.320,1.070,77.073,9.939,-2.195,-50.958,4.754,2.068,4.039,12,19,DMP_WAIT
A,208427,SHAKE,ALL,-2628,2526,13994,2298,124,-213,-0.160,0.154,0.854,140.122,7.561,-12.988,10.060,4.754,4.928,6.890,12,20,DMP_WAIT
A,208446,SHAKE,ALL,-2560,22204,8642,2239,-92,-358,-0.156,1.355,0.527,136.524,-5.610,-21.829,67.906,5.087,8.686,10.757,12,19,OK
A,208470,SHAKE,ALL,-2444,32767,6190,1365,-211,-559,-0.149,2.000,0.378,83.232,-12.866,-34.085,78.519,5.087,11.984,14.205,12,24,DMP_WAIT
A,208490,SHAKE,ALL,-1346,32767,7250,-132,-218,-552,-0.082,2.000,0.443,-8.049,-13.293,-33.659,77.317,5.087,13.087,15.454,12,20,DMP_WAIT
A,208510,SHAKE,ALL,876,15002,9294,-1709,-145,-264,0.053,0.916,0.567,-104.207,-8.841,-16.098,58.108,5.087,11.899,14.381,12,20,DMP_WAIT
A,208529,SHAKE,ALL,2018,-10936,15622,-2387,-86,319,0.123,-0.667,0.953,-145.549,-5.244,19.451,-34.771,5.512,8.211,10.613,12,19,OK
A,208554,SHAKE,ALL,604,-32768,21216,-2069,-123,632,0.037,-2.000,1.295,-126.159,-7.500,38.537,-57.068,5.512,3.757,6.044,12,25,DMP_WAIT
A,208574,SHAKE,ALL,1012,-32768,19442,-831,-296,312,0.062,-2.000,1.187,-50.671,-18.049,19.024,-59.284,5.512,1.457,3.603,12,20,DMP_WAIT
A,208593,SHAKE,ALL,4550,-23082,16036,1176,-359,-367,0.278,-1.409,0.979,71.707,-21.890,-22.378,-54.165,5.512,1.635,3.643,12,19,DMP_WAIT
A,208613,SHAKE,ALL,4218,7362,14844,2218,-71,-658,0.257,0.449,0.906,135.244,-4.329,-40.122,25.504,4.272,4.717,6.750,12,20,OK
A,208637,SHAKE,ALL,1812,21082,10024,1828,285,-561,0.111,1.287,0.612,111.463,17.378,-34.207,64.211,4.272,8.473,10.622,12,24,DMP_WAIT
A,208657,SHAKE,ALL,-1744,28344,9536,946,516,-324,-0.106,1.730,0.582,57.683,31.463,-19.756,71.118,4.272,10.810,13.088,12,20,DMP_WAIT
A,208676,SHAKE,ALL,-2464,27284,10892,-173,456,-55,-0.150,1.665,0.665,-10.549,27.805,-3.354,67.741,4.272,11.709,14.111,12,19,DMP_WAIT
A,208696,SHAKE,ALL,-2016,10968,13406,-1404,268,192,-0.123,0.669,0.818,-85.610,16.341,11.707,38.974,5.687,10.530,13.006,12,20,OK
A,208720,SHAKE,ALL,-1210,-32768,18266,-1403,-132,175,-0.074,-2.000,1.115,-85.549,-8.049,10.671,-60.810,5.687,7.035,9.383,12,24,DMP_WAIT
A,208740,SHAKE,ALL,64,-26232,17392,92,-208,-200,0.004,-1.601,1.062,5.610,-12.683,-12.195,-56.455,5.687,5.829,8.035,12,20,DMP_WAIT
A,208759,SHAKE,ALL,64,-26232,17392,92,-208,-200,0.004,-1.601,1.062,5.610,-12.683,-12.195,-56.455,4.147,4.644,6.701,12,19,OK
A,208784,SHAKE,ALL,716,10314,13114,1521,-173,-531,0.044,0.630,0.800,92.744,-10.549,-32.378,38.143,4.147,7.528,9.643,12,25,DMP_WAIT
A,208803,SHAKE,ALL,770,19770,10596,1057,-103,-584,0.047,1.207,0.647,64.451,-6.280,-35.610,61.747,4.147,9.769,11.987,12,19,DMP_WAIT
A,208822,SHAKE,ALL,1876,23448,10058,289,-17,-507,0.115,1.431,0.614,17.622,-1.037,-30.915,66.426,4.147,11.186,13.521,12,19,DMP_WAIT
A,208842,SHAKE,ALL,2478,17630,11828,-657,118,-100,0.151,1.076,0.722,-40.061,7.195,-6.098,55.571,5.384,11.242,13.679,12,20,OK
A,208866,SHAKE,ALL,1534,244,15554,-1473,234,415,0.094,0.015,0.949,-89.817,14.268,25.305,0.894,5.384,8.867,11.308,12,24,DMP_WAIT
A,208885,SHAKE,ALL,-594,-25008,19348,-1716,282,625,-0.036,-1.526,1.181,-104.634,17.195,38.110,-52.259,5.384,5.653,7.965,12,19,DMP_WAIT
A,208905,SHAKE,ALL,-3748,-32768,20790,-835,168,325,-0.229,-2.000,1.269,-50.915,10.244,19.817,-57.191,5.384,3.352,5.524,12,20,DMP_WAIT
A,208924,SHAKE,ALL,-1560,-21366,17652,906,-172,-291,-0.095,-1.304,1.077,55.244,-10.488,-17.744,-50.328,3.844,3.263,5.301,12,19,OK
A,208949,SHAKE,ALL,1146,1448,14228,1962,-309,-535,0.070,0.088,0.868,119.634,-18.841,-32.622,5.792,3.844,6.186,8.206,12,25,DMP_WAIT
A,208968,SHAKE,ALL,1370,15000,9312,1846,-167,-540,0.084,0.916,0.568,112.561,-10.183,-32.927,57.892,3.844,9.272,11.378,12,19,DMP_WAIT
A,208988,SHAKE,ALL,332,23370,6934,1222,127,-478,0.020,1.426,0.423,74.512,7.744,-29.146,73.456,3.844,11.970,14.200,12,20,DMP_WAIT
A,209007,SHAKE,ALL,-1426,28800,7930,383,306,-274,-0.087,1.758,0.484,23.354,18.659,-16.707,74.370,5.671,13.609,15.967,12,19,OK
A,209031,SHAKE,ALL,-1268,21502,9454,-794,233,65,-0.077,1.312,0.577,-48.415,14.207,3.963,66.077,5.671,13.464,15.960,12,24,DMP_WAIT
A,209051,SHAKE,ALL,-816,4068,12538,-1767,93,426,-0.050,0.248,0.765,-107.744,5.671,25.976,17.940,5.671,11.396,13.920,12,20,DMP_WAIT
A,209070,SHAKE,ALL,-92,-18318,17314,-2087,-4,657,-0.006,-1.118,1.057,-127.256,-0.244,40.061,-46.614,5.671,7.822,10.235,12,19,DMP_WAIT
A,209090,SHAKE,ALL,-1444,-32768,20024,-1576,-77,446,-0.088,-2.000,1.222,-96.098,-4.695,27.195,-58.505,4.207,4.566,6.842,12,20,OK
A,209114,SHAKE,ALL,530,-31954,18628,-178,-281,-168,0.032,-1.950,1.137,-10.854,-17.134,-10.244,-59.749,4.207,2.969,5.101,12,24,DMP_WAIT
A,209134,SHAKE,ALL,3686,-10528,15840,1296,-366,-589,0.225,-0.643,0.967,79.024,-22.317,-35.915,-32.917,4.207,3.754,5.784,12,20,DMP_WAIT
A,209154,SHAKE,ALL,3354,9994,12754,1750,-153,-642,0.205,0.610,0.778,106.707,-9.329,-39.146,37.156,4.207,6.467,8.541,12,20,DMP_WAIT
A,209173,SHAKE,ALL,1446,22768,10680,1315,164,-557,0.088,1.390,0.652,80.183,10.000,-33.963,64.669,4.539,9.080,11.257,12,19,OK
A,209197,SHAKE,ALL,24,26042,10710,404,347,-288,0.001,1.589,0.654,24.634,21.159,-17.561,67.645,4.539,10.775,13.080,12,24,DMP_WAIT
A,209216,SHAKE,ALL,-268,20690,12014,-636,326,143,-0.016,1.263,0.733,-38.780,19.878,8.720,59.851,4.539,10.991,13.402,12,19,DMP_WAIT
A,209236,SHAKE,ALL,-410,4318,15574,-1566,243,524,-0.025,0.264,0.951,-95.488,14.817,31.951,15.491,4.539,9.163,11.595,12,20,DMP_WAIT
A,209255,SHAKE,ALL,906,-22680,18530,-1993,180,629,0.055,-1.384,1.131,-121.524,10.976,38.354,-50.717,4.314,5.658,7.971,12,19,OK
A,209280,SHAKE,ALL,-2050,-27628,20314,564,105,-55,-0.125,-1.686,1.240,34.390,6.402,-3.354,-53.535,4.314,5.259,7.445,12,25,DMP_WAIT
A,209299,SHAKE,ALL,-884,-7070,16902,1829,-137,-452,-0.054,-0.432,1.032,111.524,-8.354,-27.561,-22.671,4.314,6.733,8.838,12,19,DMP_WAIT
A,209319,SHAKE,ALL,-884,-7070,16902,1829,-137,-452,-0.054,-0.432,1.032,111.524,-8.354,-27.561,-22.671,4.052,8.285,10.301,12,20,OK
A,209343,SHAKE,ALL,2588,18958,8030,1634,-167,-677,0.158,1.157,0.490,99.634,-10.183,-41.280,66.010,4.052,11.727,13.849,12,24,DMP_WAIT
A,209363,SHAKE,ALL,1168,25820,6778,1033,118,-417,0.071,1.576,0.414,62.988,7.195,-25.427,75.084,4.052,14.183,16.429,12,20,DMP_WAIT
A,209382,SHAKE,ALL,-1102,29584,9682,137,291,-1,-0.067,1.806,0.591,8.354,17.744,-0.061,71.769,4.052,15.446,17.812,12,19,DMP_WAIT
A,209401,SHAKE,ALL,-1992,13258,12354,-1218,209,340,-0.122,0.809,0.754,-74.268,12.744,20.732,46.655,5.595,14.643,17.082,12,19,OK
A,209426,SHAKE,ALL,80,-12858,15940,-2060,14,395,0.005,-0.785,0.973,-125.610,0.854,24.085,-38.891,5.595,10.437,12.787,12,25,DMP_WAIT
A,209446,SHAKE,ALL,-410,-32768,20100,-1744,-78,322,-0.025,-2.000,1.227,-106.341,-4.756,19.634,-58.470,5.595,6.928,9.128,12,20,DMP_WAIT
A,209466,SHAKE,ALL,-2,-32768,20472,-370,-186,-140,0.000,-2.000,1.250,-22.561,-11.341,-8.537,-58.005,5.595,5.141,7.185,12,20,DMP_WAIT
A,209486,SHAKE,ALL,2488,-19030,16362,1386,-287,-648,0.152,-1.161,0.999,84.512,-17.500,-39.512,-48.987,3.809,5.669,7.567,12,20,OK
A,209510,SHAKE,ALL,3872,5126,11258,2321,-181,-645,0.236,0.313,0.687,141.524,-11.037,-39.329,23.295,3.809,9.295,11.195,12,24,DMP_WAIT
A,209530,SHAKE,ALL,664,23218,7110,2224,149,-367,0.041,1.417,0.434,135.610,9.085,-22.378,72.904,3.809,13.178,15.188,12,20,DMP_WAIT
A,209549,SHAKE,ALL,-1748,32678,5758,1339,416,-159,-0.107,1.995,0.351,81.646,25.366,-9.695,79.566,3.809,15.983,18.116,12,19,DMP_WAIT
A,209568,SHAKE,ALL,-4590,32767,8906,-53,427,93,-0.280,2.000,0.544,-3.232,26.037,5.671,72.998,6.089,17.019,19.267,12,19,OK
A,209592,SHAKE,ALL,-2846,15578,11010,-1657,56,257,-0.174,0.951,0.672,-101.037,3.415,15.671,53.871,6.089,15.324,17.672,12,24,DMP_WAIT
A,209612,SHAKE,ALL,1780,-11700,14416,-2517,-284,280,0.109,-0.714,0.880,-153.476,-17.317,17.073,-38.851,6.089,11.186,13.427,12,20,DMP_WAIT
A,209632,SHAKE,ALL,2398,-32768,17654,-2204,-214,314,0.146,-2.000,1.078,-134.390,-13.049,19.146,-61.467,6.089,7.053,9.136,12,20,DMP_WAIT
A,209652,SHAKE,ALL,480,-32768,19516,-669,-29,71,0.029,-2.000,1.191,-40.793,-1.768,4.329,-59.215,3.935,4.881,6.806,12,20,OK
A,209676,SHAKE,ALL,992,-16684,17572,1212,-78,-296,0.061,-1.018,1.073,73.902,-4.756,-18.049,-43.470,3.935,5.597,7.385,12,24,DMP_WAIT
A,209695,SHAKE,ALL,994,5598,13664,1965,-128,-366,0.061,0.342,0.834,119.817,-7.805,-22.317,22.225,3.935,8.117,9.903,12,19,DMP_WAIT
A,209714,SHAKE,ALL,-20,23090,10078,1734,-34,-499,-0.001,1.409,0.615,105.732,-2.073,-30.427,66.420,3.935,11.207,13.086,12,19,DMP_WAIT
A,209734,SHAKE,ALL,-416,30630,10044,770,67,-477,-0.025,1.870,0.613,46.951,4.085,-29.085,71.830,5.318,13.294,15.282,12,20,OK
A,209758,SHAKE,ALL,1416,8844,13384,-1706,109,148,0.086,0.540,0.817,-104.024,6.646,9.024,33.310,5.318,11.192,13.227,12,24,DMP_WAIT
A,209777,SHAKE,ALL,1416,8844,13384,-1706,109,148,0.086,0.540,0.817,-104.024,6.646,9.024,33.310,5.318,9.653,11.732,12,19,DMP_WAIT
A,209797,SHAKE,ALL,2652,-16550,16620,-2210,107,396,0.162,-1.010,1.014,-134.756,6.524,24.146,-44.519,4.032,5.883,7.844,12,20,OK
A,209821,SHAKE,ALL,-1332,-32768,19284,-94,291,345,-0.081,-2.000,1.177,-5.732,17.744,21.037,-59.464,4.032,4.385,6.192,12,24,DMP_WAIT
A,209840,SHAKE,ALL,-2274,-11664,18596,1433,194,-106,-0.139,-0.712,1.135,87.378,11.829,-6.463,-31.906,4.032,5.242,6.940,12,19,DMP_WAIT
A,209860,SHAKE,ALL,-1202,5984,14774,1862,23,-378,-0.073,0.365,0.902,113.537,1.402,-23.049,21.984,4.032,7.756,9.456,12,20,DMP_WAIT
A,209879,SHAKE,ALL,-242,18378,10746,1633,-39,-456,-0.015,1.122,0.656,99.573,-2.378,-27.805,59.678,4.497,10.605,12.385,12,19,OK
A,209904,SHAKE,ALL,-1090,26902,10216,1065,28,-278,-0.067,1.642,0.624,64.939,1.707,-16.951,69.098,4.497,13.308,15.204,12,25,DMP_WAIT
A,209923,SHAKE,ALL,-898,26258,11822,70,-19,-2,-0.055,1.603,0.722,4.268,-1.159,-0.122,65.700,4.497,14.391,16.393,12,19,DMP_WAIT
A,209942,SHAKE,ALL,1048,9844,12928,-1118,-179,106,0.064,0.601,0.789,-68.171,-10.915,6.463,37.197,4.497,13.534,15.586,11,19,DMP_WAIT
A,209962,SHAKE,ALL,3794,-12866,15714,-1656,-219,219,0.232,-0.785,0.959,-100.976,-13.354,13.354,-38.516,5.017,10.468,12.414,11,20,OK
A,209987,SHAKE,ALL,2246,-32550,18854,-1291,-53,269,0.137,-1.987,1.151,-78.720,-3.232,16.402,-59.744,5.017,7.077,8.871,11,25,DMP_WAIT
A,210006,SHAKE,ALL,1300,-32768,18478,-102,25,-29,0.079,-2.000,1.128,-6.220,1.524,-1.768,-60.521,5.017,5.565,7.190,11,19,DMP_WAIT
A,210025,SHAKE,ALL,2092,-13708,15358,1417,-10,-379,0.128,-0.837,0.937,86.402,-0.610,-23.110,-41.489,5.017,6.189,7.678,11,19,DMP_WAIT
A,210045,SHAKE,ALL,1280,7242,11982,2039,54,-330,0.078,0.442,0.731,124.329,3.293,-20.122,31.005,4.359,9.076,10.577,11,20,OK
A,210069,SHAKE,ALL,14,21278,8270,1769,217,-187,0.001,1.299,0.505,107.866,13.232,-11.402,68.761,4.359,12.751,14.348,11,24,DMP_WAIT
A,210088,SHAKE,ALL,-1900,28150,7354,962,401,-46,-0.116,1.718,0.449,58.659,24.451,-2.805,74.900,4.359,15.042,16.750,11,19,DMP_WAIT
A,210107,SHAKE,ALL,-4678,26510,9456,-161,374,170,-0.286,1.618,0.577,-9.817,22.805,10.366,68.300,4.359,15.881,17.691,11,19,DMP_WAIT
A,210127,SHAKE,ALL,-4872,12306,12458,-1296,44,259,-0.297,0.751,0.760,-79.024,2.683,15.793,42.613,5.805,14.820,16.688,11,20,OK
A,210151,SHAKE,ALL,-1790,-11540,17390,-2040,-470,13,-0.109,-0.704,1.061,-124.390,-28.659,0.793,-33.429,5.805,10.874,12.650,11,24,DMP_WAIT
A,210171,SHAKE,ALL,5552,-32768,17490,-1843,-820,-381,0.339,-2.000,1.068,-112.378,-50.000,-23.232,-60.751,5.805,7.193,8.809,11,20,DMP_WAIT
A,210191,SHAKE,ALL,10472,-32768,15250,-337,-467,-473,0.639,-2.000,0.931,-20.549,-28.476,-28.841,-60.553,5.805,5.389,6.838,11,20,DMP_WAIT
A,210211,SHAKE,ALL,5682,-10306,17240,1321,337,-188,0.347,-0.629,1.052,80.549,20.549,-11.463,-29.586,3.981,6.222,7.562,11,20,OK
A,210235,SHAKE,ALL,-1520,8794,16924,1804,712,150,-0.093,0.537,1.033,110.000,43.415,9.146,27.363,3.981,9.176,10.521,11,24,DMP_WAIT
A,210255,SHAKE,ALL,-2940,17356,13440,1374,516,160,-0.179,1.059,0.820,83.780,31.463,9.756,51.597,3.981,11.620,13.024,11,20,DMP_WAIT
A,210274,SHAKE,ALL,-644,21828,9618,757,184,-85,-0.039,1.332,0.587,46.159,11.220,-5.183,66.173,3.981,13.527,15.023,11,19,DMP_WAIT
A,210293,SHAKE,ALL,80,24280,9736,35,129,-121,0.005,1.482,0.594,2.134,7.866,-7.378,68.149,5.632,14.615,16.212,11,19,OK
A,210317,SHAKE,ALL,-884,15334,13120,-999,254,-36,-0.054,0.936,0.801,-60.915,15.488,-2.195,49.385,5.632,13.822,15.499,11,24,DMP_WAIT
A,210336,SHAKE,ALL,-256,-9450,15516,-1865,234,91,-0.016,-0.577,0.947,-113.720,14.268,5.549,-31.340,5.632,10.758,12.337,11,19,DMP_WAIT
A,210356,SHAKE,ALL,-286,-31126,17890,-1572,131,218,-0.017,-1.900,1.092,-95.854,7.988,13.293,-60.108,4.138,7.415,8.837,11,20,OK
A,210380,SHAKE,ALL,878,-13280,17426,1135,-120,-262,0.054,-0.811,1.064,69.207,-7.317,-15.976,-37.275,4.138,8.094,9.394,11,24,DMP_WAIT
A,210400,SHAKE,ALL,1016,4294,14104,1680,-87,-376,0.062,0.262,0.861,102.439,-5.305,-22.927,16.892,4.138,10.231,11.519,11,20,DMP_WAIT
A,210419,SHAKE,ALL,-670,15986,10344,1582,-2,-307,-0.041,0.976,0.631,96.463,-0.122,-18.720,57.040,4.138,12.920,14.279,11,19,DMP_WAIT
A,210439,SHAKE,ALL,-1260,27034,8978,1108,5,-343,-0.077,1.650,0.548,67.561,0.305,-20.915,71.461,5.423,15.368,16.834,11,20,OK
A,210463,SHAKE,ALL,1170,32767,10122,92,-27,-349,0.071,2.000,0.618,5.610,-1.646,-21.280,72.726,5.423,16.592,18.182,11,24,DMP_WAIT
A,210482,SHAKE,ALL,3388,14224,10624,-1449,88,37,0.207,0.868,0.648,-88.354,5.366,2.256,51.905,5.423,15.609,17.279,11,19,DMP_WAIT
A,210501,SHAKE,ALL,3260,-13168,15028,-2274,364,559,0.199,-0.804,0.917,-138.659,22.195,34.085,-40.574,5.423,11.860,13.418,11,19,DMP_WAIT
A,210521,SHAKE,ALL,-5720,-32768,22752,-1934,515,694,-0.349,-2.000,1.389,-117.927,31.402,42.317,-54.400,4.483,8.177,9.596,11,20,OK
A,210546,SHAKE,ALL,-5332,-32768,19570,-428,-14,-50,-0.325,-2.000,1.194,-26.098,-0.854,-3.049,-58.243,4.483,6.151,7.412,11,25,DMP_WAIT
A,210566,SHAKE,ALL,2490,-15720,14674,1672,-450,-678,0.152,-0.959,0.896,101.951,-27.439,-41.341,-46.565,4.483,7.049,8.163,11,20,DMP_WAIT
A,210586,SHAKE,ALL,2566,14144,11980,2556,-217,-491,0.157,0.863,0.731,155.854,-13.232,-29.939,49.100,4.483,10.898,12.065,11,20,DMP_WAIT
A,210606,SHAKE,ALL,-2464,24154,9508,1921,227,-111,-0.150,1.474,0.580,117.134,13.841,-6.768,67.871,5.257,14.287,15.547,11,20,OK
A,210630,SHAKE,ALL,-3442,28568,8808,871,292,-131,-0.210,1.744,0.538,53.110,17.805,-7.988,71.684,5.257,16.629,18.001,11,24,DMP_WAIT
A,210649,SHAKE,ALL,-2564,25596,8752,-182,-6,-62,-0.156,1.562,0.534,-11.098,-0.366,-3.780,70.389,5.257,17.453,18.937,11,19,DMP_WAIT
A,210669,SHAKE,ALL,1120,16050,10374,-1196,-305,31,0.068,0.980,0.633,-72.927,-18.598,1.890,56.972,5.257,16.768,18.343,11,20,DMP_WAIT
A,210688,SHAKE,ALL,4590,-4704,14302,-2022,-240,153,0.280,-0.287,0.873,-123.293,-14.634,9.329,-17.389,5.678,13.745,15.257,11,19,OK
A,210713,SHAKE,ALL,3248,-32768,17610,-2106,83,311,0.198,-2.000,1.075,-128.415,5.061,18.963,-61.344,5.678,9.040,10.398,11,25,DMP_WAIT
A,210732,SHAKE,ALL,1592,-32768,18608,-796,251,153,0.097,-2.000,1.136,-48.537,15.305,9.329,-60.319,5.678,6.705,7.899,11,19,DMP_WAIT
A,210752,SHAKE,ALL,718,-17322,18960,1041,236,-167,0.044,-1.057,1.157,63.476,14.390,-10.183,-42.395,5.678,6.921,7.981,11,20,DMP_WAIT
A,210771,SHAKE,ALL,-670,2854,15804,1798,184,-237,-0.041,0.174,0.965,109.634,11.220,-14.451,10.228,4.428,8.984,10.018,11,19,OK
A,210796,SHAKE,ALL,-1960,15598,11492,1656,151,-242,-0.120,0.952,0.701,100.976,9.207,-14.756,53.226,4.428,12.285,13.382,11,25,DMP_WAIT
A,210815,SHAKE,ALL,-3808,24852,9470,1134,126,-345,-0.232,1.517,0.578,69.146,7.683,-21.037,67.672,4.428,14.636,15.831,11,19,DMP_WAIT
A,210835,SHAKE,ALL,-2594,30668,9660,306,-46,-337,-0.158,1.872,0.590,18.659,-2.805,-20.549,71.937,6.007,16.102,17.409,11,20,OK
A,210859,SHAKE,ALL,2534,1170,11358,-1868,-218,220,0.155,0.071,0.693,-113.902,-13.293,13.415,5.741,6.007,13.160,14.452,11,24,DMP_WAIT
A,210878,SHAKE,ALL,2050,-19662,17026,-2069,-76,321,0.125,-1.200,1.039,-126.159,-4.634,19.573,-48.905,6.007,9.526,10.677,11,19,DMP_WAIT
A,210898,SHAKE,ALL,714,-32768,20086,-1463,-8,131,0.044,-2.000,1.226,-89.207,-0.488,7.988,-58.477,6.007,6.371,7.360,11,20,DMP_WAIT
A,210917,SHAKE,ALL,1580,-29924,18998,7,-122,-174,0.096,-1.826,1.160,0.427,-7.439,-10.610,-57.500,3.893,5.057,5.882,11,19,OK
A,210942,SHAKE,ALL,1862,-10298,15962,1319,-173,-403,0.114,-0.629,0.974,80.427,-10.549,-24.573,-32.652,3.893,6.216,6.908,13,25,DMP_WAIT
A,210961,SHAKE,ALL,436,9726,12448,1799,-66,-427,0.027,0.594,0.760,109.695,-4.024,-26.037,37.985,3.893,8.850,9.568,13,19,DMP_WAIT
A,210980,SHAKE,ALL,-2112,23670,10290,1472,119,-464,-0.129,1.445,0.628,89.756,7.256,-28.293,66.069,3.893,11.621,12.426,13,19,DMP_WAIT
A,211000,SHAKE,ALL,-3128,30446,10734,568,162,-396,-0.191,1.858,0.655,34.634,9.878,-24.146,69.836,5.301,13.418,14.322,13,20,OK
A,211024,SHAKE,ALL,-1250,23608,11820,-719,28,-67,-0.076,1.441,0.721,-43.841,1.707,-4.085,63.276,5.301,13.329,14.332,13,24,DMP_WAIT
A,211044,SHAKE,ALL,856,1336,14328,-1874,-114,316,0.052,0.082,0.875,-114.268,-6.951,19.268,5.318,5.301,10.883,11.865,13,20,DMP_WAIT
A,211063,SHAKE,ALL,3324,-27020,17018,-2130,-111,550,0.203,-1.649,1.039,-129.878,-6.768,33.537,-57.310,5.301,7.056,7.885,13,19,DMP_WAIT
A,211083,SHAKE,ALL,1222,-32768,18964,-1055,122,544,0.075,-2.000,1.157,-64.329,7.439,33.171,-59.889,3.865,4.410,5.076,13,20,OK
A,211107,SHAKE,ALL,-544,-25738,19276,739,157,84,-0.033,-1.571,1.177,45.061,9.573,5.122,-53.158,3.865,4.263,4.763,13,24,DMP_WAIT
A,211126,SHAKE,ALL,62,-3258,16646,1808,81,-441,0.004,-0.199,1.016,110.244,4.939,-26.890,-11.074,3.865,5.965,6.388,13,19,DMP_WAIT
A,211145,SHAKE,ALL,1294,12260,12548,1892,46,-502,0.079,0.748,0.766,115.366,2.805,-30.610,44.183,3.865,8.834,9.294,13,19,DMP_WAIT
A,211164,SHAKE,ALL,-14,21812,10742,1422,144,-299,-0.001,1.331,0.656,86.707,8.780,-18.232,63.781,4.924,11.503,12.044,13,19,OK
A,211189,SHAKE,ALL,-1958,23964,10042,644,213,-79,-0.120,1.463,0.613,39.268,12.988,-4.817,66.881,4.924,13.515,14.149,13,25,DMP_WAIT
A,211208,SHAKE,ALL,-2188,20668,10762,-228,131,82,-0.134,1.261,0.657,-13.902,7.988,5.000,62.016,4.924,14.182,14.907,13,19,DMP_WAIT
A,211227,SHAKE,ALL,-1000,8026,13144,-1128,-50,208,-0.061,0.490,0.802,-68.780,-3.049,12.683,31.336,4.924,13.201,13.957,13,19,DMP_WAIT
A,211247,SHAKE,ALL,912,-14194,16604,-1666,-161,281,0.056,-0.866,1.013,-101.585,-9.817,17.134,-40.483,5.132,10.090,10.732,13,20,OK
A,211272,SHAKE,ALL,-1548,-32768,20002,-1384,-204,127,-0.094,-2.000,1.221,-84.390,-12.439,7.744,-58.523,5.132,6.592,7.073,13,25,DMP_WAIT
A,211291,SHAKE,ALL,1924,-32768,17014,44,-437,-465,0.117,-2.000,1.038,2.683,-26.646,-28.354,-62.411,5.132,5.218,5.524,13,19,DMP_WAIT
A,211311,SHAKE,ALL,5680,-7604,14562,1680,-389,-764,0.347,-0.464,0.889,102.439,-23.720,-46.585,-25.942,5.132,6.556,6.754,13,20,DMP_WAIT
A,211331,SHAKE,ALL,4134,13362,11404,2102,-14,-490,0.252,0.816,0.696,128.171,-0.854,-29.878,47.766,4.634,9.846,10.088,13,20,OK
A,211355,SHAKE,ALL,56,23188,8730,1627,393,-89,0.003,1.415,0.533,99.207,23.963,-5.427,69.369,4.634,13.315,13.647,13,24,DMP_WAIT
A,211374,SHAKE,ALL,-4874,27666,8860,795,494,97,-0.297,1.689,0.541,48.476,30.122,5.915,69.922,4.634,15.305,15.738,13,19,DMP_WAIT
A,211393,SHAKE,ALL,-5784,25158,10598,-324,194,21,-0.353,1.536,0.647,-19.756,11.829,1.280,64.363,4.634,15.875,16.402,13,19,DMP_WAIT
A,211412,SHAKE,ALL,-2280,9182,12648,-1495,-265,-147,-0.139,0.560,0.772,-91.159,-16.159,-8.963,35.544,5.946,14.527,15.095,13,19,OK
A,211437,SHAKE,ALL,3538,-32768,19586,-1717,-464,-276,0.216,-2.000,1.195,-104.695,-28.293,-16.829,-58.726,5.946,10.439,10.853,13,25,DMP_WAIT
A,211457,SHAKE,ALL,5936,-32324,18844,-135,-431,-559,0.362,-1.973,1.150,-8.232,-26.280,-34.085,-58.566,5.946,8.851,9.101,13,20,DMP_WAIT
A,211477,SHAKE,ALL,8422,-10416,14524,1456,-225,-753,0.514,-0.636,0.886,88.780,-13.720,-45.915,-31.815,4.175,9.732,9.865,13,20,OK
A,211502,SHAKE,ALL,6068,10608,10490,2014,292,-474,0.370,0.647,0.640,122.805,17.805,-28.902,41.197,4.175,13.312,13.473,13,25,DMP_WAIT
A,211521,SHAKE,ALL,-690,24366,9420,1619,845,-97,-0.042,1.487,0.575,98.720,51.524,-5.915,68.812,4.175,16.216,16.474,13,19,DMP_WAIT
A,211540,SHAKE,ALL,-3860,29106,9620,639,967,211,-0.236,1.776,0.587,38.963,58.963,12.866,70.398,4.175,17.981,18.342,13,19,DMP_WAIT
A,211560,SHAKE,ALL,-4910,23484,11342,-608,718,449,-0.300,1.433,0.692,-37.073,43.780,27.378,62.243,5.957,18.094,18.547,13,20,OK
A,211584,SHAKE,ALL,-2812,6022,12984,-1717,305,522,-0.172,0.368,0.792,-104.695,18.598,31.829,24.384,5.957,15.701,16.178,13,24,DMP_WAIT
A,211604,SHAKE,ALL,-1018,-18326,16170,-2123,80,549,-0.062,-1.119,0.987,-129.451,4.878,33.476,-48.520,5.957,11.833,12.175,13,20,DMP_WAIT
A,211624,SHAKE,ALL,-1288,-32768,18628,-1459,51,426,-0.079,-2.000,1.137,-88.963,3.110,25.976,-60.324,5.957,8.600,8.777,13,20,DMP_WAIT
A,211643,SHAKE,ALL,-938,-29654,19932,29,-10,-88,-0.057,-1.810,1.217,1.768,-0.610,-5.366,-56.064,4.011,7.296,7.313,13,19,OK
A,211667,SHAKE,ALL,1090,-10738,17102,1304,-142,-475,0.067,-0.655,1.044,79.512,-8.659,-28.963,-32.072,4.011,8.323,8.212,13,24,DMP_WAIT
A,211687,SHAKE,ALL,1914,7010,13594,1775,-140,-421,0.117,0.428,0.830,108.232,-8.537,-25.671,27.050,4.011,10.773,10.663,13,20,DMP_WAIT
A,211707,SHAKE,ALL,1750,20140,9830,1583,19,-275,0.107,1.229,0.600,96.524,1.159,-16.768,63.630,4.011,13.676,13.647,13,20,DMP_WAIT
A,211727,SHAKE,ALL,-238,28178,9038,914,250,-86,-0.015,1.720,0.552,55.732,15.244,-5.244,72.211,5.461,15.892,15.967,13,20,OK
A,211751,SHAKE,ALL,-2256,27548,11246,-199,317,146,-0.138,1.681,0.686,-12.134,19.329,8.902,67.395,5.461,16.582,16.759,13,24,DMP_WAIT
A,211770,SHAKE,ALL,-2000,8726,13460,-1549,114,217,-0.122,0.533,0.822,-94.451,6.951,13.232,32.670,5.461,15.101,15.315,13,19,DMP_WAIT
A,211789,SHAKE,ALL,982,-18390,16430,-2123,-100,193,0.060,-1.122,1.003,-129.451,-6.098,11.768,-48.171,5.461,11.381,11.460,13,19,DMP_WAIT
A,211809,SHAKE,ALL,848,-32768,20322,-1425,-63,179,0.052,-2.000,1.240,-86.890,-3.841,10.915,-58.171,4.400,8.241,8.161,13,20,OK
A,211834,SHAKE,ALL,1266,-32700,20234,55,-20,-187,0.077,-1.996,1.235,3.354,-1.220,-11.402,-58.202,4.400,6.936,6.677,13,25,DMP_WAIT
A,211853,SHAKE,ALL,2442,-10916,16418,1564,-15,-384,0.149,-0.666,1.002,95.366,-0.915,-23.415,-33.331,4.400,7.862,7.479,13,19,DMP_WAIT
A,211872,SHAKE,ALL,1912,9728,10596,2198,76,-97,0.117,0.594,0.647,134.024,4.634,-5.915,42.098,4.400,10.999,10.648,13,19,DMP_WAIT
A,211891,SHAKE,ALL,-2520,25394,8082,1936,329,170,-0.154,1.550,0.493,118.049,20.061,10.366,71.563,5.203,14.364,14.109,13,19,OK
A,211916,SHAKE,ALL,-2548,25578,9626,-526,118,-123,-0.156,1.561,0.588,-32.073,7.195,-7.500,68.729,5.203,14.608,14.448,13,25,DMP_WAIT
A,211935,SHAKE,ALL,80,8172,12126,-1687,-197,-52,0.005,0.499,0.740,-102.866,-12.012,-3.171,33.976,5.203,13.036,12.912,13,19,DMP_WAIT
A,211955,SHAKE,ALL,80,8172,12126,-1687,-197,-52,0.005,0.499,0.740,-102.866,-12.012,-3.171,33.976,5.294,11.392,11.310,12,20,OK
A,211979,SHAKE,ALL,2640,-32768,17534,-1559,-59,359,0.161,-2.000,1.070,-95.061,-3.598,21.890,-61.581,5.294,7.641,7.393,12,24,DMP_WAIT
A,211999,SHAKE,ALL,1160,-29774,19386,43,242,168,0.071,-1.817,1.183,2.622,14.756,10.244,-56.885,5.294,6.356,5.947,12,20,DMP_WAIT
A,212018,SHAKE,ALL,-412,-8950,18130,1360,344,-99,-0.025,-0.546,1.107,82.927,20.976,-6.037,-26.268,5.294,7.204,6.694,12,19,DMP_WAIT
A,212037,SHAKE,ALL,-1580,7484,13978,1733,200,-29,-0.096,0.457,0.853,105.671,12.195,-1.768,28.014,4.542,9.543,9.046,12,19,OK
A,212061,SHAKE,ALL,-2338,18534,9598,1485,28,-1,-0.143,1.131,0.586,90.549,1.707,-0.061,61.942,4.542,12.666,12.246,12,24,DMP_WAIT
A,212080,SHAKE,ALL,-2712,26224,8626,834,-21,-162,-0.166,1.601,0.526,50.854,-1.280,-9.878,70.975,4.542,14.735,14.425,12,19,DMP_WAIT
A,212100,SHAKE,ALL,-1574,26206,10182,-232,-65,-312,-0.096,1.599,0.621,-14.146,-3.963,-19.024,68.538,4.542,15.487,15.288,12,20,DMP_WAIT
A,212119,SHAKE,ALL,1720,12674,11794,-1427,-163,-185,0.105,0.774,0.720,-87.012,-9.939,-11.280,46.759,5.717,14.449,14.322,12,19,OK
A,212144,SHAKE,ALL,3682,-11938,14942,-2105,-83,155,0.225,-0.729,0.912,-128.354,-5.061,9.451,-37.803,5.717,10.201,9.972,12,25,DMP_WAIT
A,212164,SHAKE,ALL,392,-32768,18042,-1736,103,314,0.024,-2.000,1.101,-105.854,6.280,19.146,-61.157,5.717,6.653,6.268,12,20,DMP_WAIT
A,212183,SHAKE,ALL,-1686,-32768,19796,-379,26,-85,-0.103,-2.000,1.208,-23.110,1.585,-5.183,-58.771,5.717,4.870,4.331,12,19,DMP_WAIT
A,212202,SHAKE,ALL,1092,-14222,16312,1094,-219,-539,0.067,-0.868,0.996,66.707,-13.354,-32.866,-41.021,3.834,5.150,4.488,12,19,OK
A,212227,SHAKE,ALL,1506,5224,12732,1724,-166,-555,0.092,0.319,0.777,105.122,-10.122,-33.841,22.169,3.834,8.008,7.337,12,25,DMP_WAIT
A,212247,SHAKE,ALL,-1350,19762,10692,1553,123,-385,-0.082,1.206,0.653,94.695,7.500,-23.476,61.395,3.834,10.886,10.302,12,20,DMP_WAIT
A,212266,SHAKE,ALL,-2814,27352,10600,783,278,-332,-0.172,1.669,0.647,47.744,16.951,-20.244,68.151,3.834,12.876,12.400,12,19,DMP_WAIT
A,212286,SHAKE,ALL,-1392,25884,11056,-360,136,-161,-0.085,1.580,0.675,-21.951,8.293,-9.817,66.708,5.395,13.476,13.110,12,20,OK
A,212310,SHAKE,ALL,450,12038,12460,-1490,-35,259,0.027,0.735,0.760,-90.854,-2.134,15.793,43.994,5.395,11.894,11.601,12,24,DMP_WAIT
A,212329,SHAKE,ALL,984,-13906,15478,-2145,-81,600,0.060,-0.849,0.945,-130.793,-4.939,36.585,-41.880,5.395,8.339,7.940,12,19,DMP_WAIT
A,212349,SHAKE,ALL,-202,-32768,18836,-1695,19,586,-0.012,-2.000,1.150,-103.354,1.159,35.732,-60.107,5.395,4.899,4.352,12,20,DMP_WAIT
A,212368,SHAKE,ALL,-1122,-32768,20162,-375,80,214,-0.068,-2.000,1.231,-22.866,4.878,13.049,-58.357,3.498,3.164,2.471,12,19,OK
A,212393,SHAKE,ALL,10,-18478,18262,1231,-20,-246,0.001,-1.128,1.115,75.061,-1.220,-15.000,-45.337,3.498,3.975,3.137,12,25,DMP_WAIT
A,212412,SHAKE,ALL,608,3610,16088,2028,-73,-309,0.037,0.220,0.982,123.659,-4.451,-18.841,12.638,3.498,6.407,5.555,12,19,DMP_WAIT
A,212431,SHAKE,ALL,132,15338,11406,1855,-44,-245,0.008,0.936,0.696,113.110,-2.683,-14.939,53.362,3.498,9.408,8.627,12,19,DMP_WAIT
A,212451,SHAKE,ALL,-690,23386,8502,1313,69,-280,-0.042,1.427,0.519,80.061,4.207,-17.073,69.961,4.960,12.142,11.468,12,20,OK
A,212475,SHAKE,ALL,-716,25580,9920,-511,23,-7,-0.044,1.561,0.605,-31.159,1.402,-0.427,68.753,4.960,12.486,11.925,12,24,DMP_WAIT
A,212494,SHAKE,ALL,-716,25580,9920,-511,23,-7,-0.044,1.561,0.605,-31.159,1.402,-0.427,68.753,4.960,12.987,12.552,12,19,DMP_WAIT
A,212513,SHAKE,ALL,494,4810,12486,-1774,-74,198,0.030,0.294,0.762,-108.171,-4.512,12.073,21.053,4.809,11.090,10.687,12,19,OK
A,212537,SHAKE,ALL,-58,-32768,19084,-1436,127,327,-0.004,-2.000,1.165,-87.561,7.744,19.939,-59.783,4.809,7.558,7.014,12,24,DMP_WAIT
A,212557,SHAKE,ALL,56,-29082,19496,340,27,-126,0.003,-1.775,1.190,20.732,1.646,-7.683,-56.163,4.809,6.643,5.958,12,20,DMP_WAIT
A,212575,SHAKE,ALL,514,-7896,16852,1634,-75,-368,0.031,-0.482,1.029,99.634,-4.573,-22.439,-25.095,4.809,7.725,6.959,12,18,DMP_WAIT
A,212595,SHAKE,ALL,76,10090,12902,1909,-98,-373,0.005,0.616,0.787,116.402,-5.976,-22.744,38.027,4.249,10.566,9.844,12,20,OK
A,212619,SHAKE,ALL,-564,22204,9862,1496,-7,-427,-0.034,1.355,0.602,91.220,-0.427,-26.037,66.017,4.249,13.765,13.145,12,24,DMP_WAIT
A,212638,SHAKE,ALL,-308,26838,7990,737,64,-315,-0.019,1.638,0.488,44.939,3.902,-19.207,73.409,4.249,15.750,15.257,12,19,DMP_WAIT
A,212657,SHAKE,ALL,-1026,27106,9092,-225,85,-57,-0.063,1.654,0.555,-13.720,5.183,-3.476,71.348,4.249,16.563,16.197,12,19,DMP_WAIT
A,212677,SHAKE,ALL,-592,10996,12372,-1413,49,172,-0.036,0.671,0.755,-86.159,2.988,10.488,41.598,5.515,15.329,15.037,12,20,OK
A,212701,SHAKE,ALL,1190,-15226,16200,-2126,8,247,0.073,-0.929,0.989,-129.634,0.488,15.061,-43.148,5.515,11.055,10.668,12,24,DMP_WAIT
A,212721,SHAKE,ALL,480,-32768,19416,-1609,51,227,0.029,-2.000,1.185,-98.110,3.110,13.841,-59.344,5.515,7.677,7.154,12,20,DMP_WAIT
A,212740,SHAKE,ALL,892,-30280,20898,-72,-3,-74,0.054,-1.848,1.276,-4.390,-0.183,-4.512,-55.364,5.515,6.291,5.635,12,19,DMP_WAIT
A,212759,SHAKE,ALL,2600,-13036,17738,1273,-47,-402,0.159,-0.796,1.083,77.622,-2.866,-24.512,-36.023,3.780,6.846,6.090,12,19,OK
A,212783,SHAKE,ALL,1754,6240,14392,1842,61,-396,0.107,0.381,0.878,112.317,3.720,-24.146,23.287,3.780,9.761,9.012,12,24,DMP_WAIT
A,212802,SHAKE,ALL,84,19504,10322,1661,196,-267,0.005,1.190,0.630,101.280,11.951,-16.280,62.110,3.780,12.650,11.996,12,19,DMP_WAIT
A,212822,SHAKE,ALL,-1802,27330,9072,979,323,-95,-0.110,1.668,0.554,59.695,19.695,-5.793,71.303,3.780,14.947,14.410,12,20,DMP_WAIT
A,212841,SHAKE,ALL,-2788,25180,10322,-98,307,82,-0.170,1.537,0.630,-5.976,18.720,5.000,66.993,5.586,15.832,15.409,12,19,OK
A,212865,SHAKE,ALL,-1284,10752,12398,-1264,118,162,-0.078,0.656,0.757,-77.073,7.195,9.878,40.782,5.586,14.463,14.113,12,24,DMP_WAIT
A,212884,SHAKE,ALL,-870,-13300,16500,-1882,11,314,-0.053,-0.812,1.007,-114.756,0.671,19.146,-38.832,5.586,11.216,10.776,12,19,DMP_WAIT
A,212904,SHAKE,ALL,-1950,-32768,19806,-1465,-50,378,-0.119,-2.000,1.209,-89.329,-3.049,23.049,-58.727,5.586,8.020,7.446,12,20,DMP_WAIT
A,212924,SHAKE,ALL,-1548,-32768,20662,-94,-191,-143,-0.094,-2.000,1.261,-5.732,-11.646,-8.720,-57.694,3.958,6.548,5.834,12,20,OK
A,212949,SHAKE,ALL,1830,-15126,16702,1366,-358,-627,0.112,-0.923,1.019,83.293,-21.829,-38.232,-41.995,3.958,7.559,6.714,12,25,DMP_WAIT
A,212969,SHAKE,ALL,3244,6928,12856,2070,-359,-558,0.198,0.423,0.785,126.220,-21.890,-34.024,27.588,3.958,10.388,9.560,11,20,DMP_WAIT
A,212989,SHAKE,ALL,1396,20970,9204,1825,-150,-359,0.085,1.280,0.562,111.280,-9.146,-21.890,66.062,3.958,13.636,12.906,11,20,DMP_WAIT
A,213009,SHAKE,ALL,1386,26376,5862,1052,69,-215,0.085,1.610,0.358,64.146,4.207,-13.110,77.136,5.536,16.117,15.513,11,20,OK
A,213033,SHAKE,ALL,-632,31070,7380,106,294,-18,-0.039,1.896,0.450,6.463,17.927,-1.098,76.591,5.536,17.423,16.953,11,24,DMP_WAIT
A,213052,SHAKE,ALL,-1478,17054,10534,-1140,304,287,-0.090,1.041,0.643,-69.512,18.537,17.500,58.047,5.536,16.897,16.532,11,19,DMP_WAIT
A,213071,SHAKE,ALL,-736,-8938,15256,-2039,122,374,-0.045,-0.546,0.931,-124.329,7.439,22.805,-30.336,4.867,13.594,13.152,11,19,OK
A,213096,SHAKE,ALL,-1590,-32768,21456,-461,35,107,-0.097,-2.000,1.310,-28.110,2.134,6.524,-56.712,4.867,11.441,10.856,11,25,DMP_WAIT
A,213115,SHAKE,ALL,-88,-18716,19042,1106,-96,-439,-0.005,-1.142,1.162,67.439,-5.854,-26.768,-44.505,4.867,11.534,10.824,11,19,DMP_WAIT
A,213135,SHAKE,ALL,1268,4370,15150,1884,-120,-612,0.077,0.267,0.925,114.878,-7.317,-37.317,16.037,4.867,13.829,13.115,11,20,DMP_WAIT
A,213155,SHAKE,ALL,874,21094,10830,1692,-58,-521,0.053,1.287,0.661,103.171,-3.537,-31.768,62.748,5.002,16.783,16.163,11,20,OK
A,213179,SHAKE,ALL,860,28590,8218,858,41,-293,0.052,1.745,0.502,52.317,2.500,-17.866,73.880,5.002,19.100,18.602,11,24,DMP_WAIT
A,213198,SHAKE,ALL,-98,25892,8314,-185,179,59,-0.006,1.580,0.507,-11.280,10.915,3.598,72.197,5.002,19.908,19.537,11,19,DMP_WAIT
A,213217,SHAKE,ALL,-1236,13568,12232,-1174,249,343,-0.075,0.828,0.747,-71.585,15.183,20.915,47.820,5.002,19.090,18.799,11,19,DMP_WAIT
A,213237,SHAKE,ALL,-706,-9316,17152,-1866,203,376,-0.043,-0.569,1.047,-113.780,12.378,22.927,-28.488,5.413,15.862,15.497,11,20,OK
A,213261,SHAKE,ALL,-2958,-32768,20852,-1646,154,348,-0.181,-2.000,1.273,-100.366,9.390,21.220,-57.270,5.413,11.983,11.477,11,24,DMP_WAIT
A,213281,SHAKE,ALL,-2272,-32768,20574,-204,-62,-55,-0.139,-2.000,1.256,-12.439,-3.780,-3.354,-57.720,5.413,10.299,9.643,11,20,DMP_WAIT
A,213301,SHAKE,ALL,222,-13564,17788,1367,-274,-537,0.014,-0.828,1.086,83.354,-16.707,-32.744,-37.325,5.413,10.934,10.161,11,20,DMP_WAIT
A,213321,SHAKE,ALL,2494,7958,13856,1919,-340,-623,0.152,0.486,0.846,117.012,-20.732,-37.988,29.477,4.588,13.552,12.797,11,20,OK
A,213346,SHAKE,ALL,3002,19298,9142,1588,-219,-443,0.183,1.178,0.558,96.829,-13.354,-27.012,63.498,4.588,16.865,16.198,11,25,DMP_WAIT
A,213365,SHAKE,ALL,1438,25524,7092,929,-14,-132,0.088,1.558,0.433,56.646,-0.854,-8.049,74.171,4.588,19.022,18.476,11,19,DMP_WAIT
A,213384,SHAKE,ALL,-164,27830,8274,73,136,138,-0.010,1.699,0.505,4.451,8.293,8.415,73.439,4.588,20.149,19.728,11,19,DMP_WAIT
A,213403,SHAKE,ALL,-506,15070,10990,-1046,125,295,-0.031,0.920,0.671,-63.780,7.622,17.988,53.869,6.074,19.592,19.259,11,19,OK
A,213427,SHAKE,ALL,444,-8298,15410,-1827,59,317,0.027,-0.506,0.941,-111.402,3.598,19.329,-28.292,6.074,15.959,15.547,11,24,DMP_WAIT
A,213447,SHAKE,ALL,-1062,-31194,18596,-1645,68,185,-0.065,-1.904,1.135,-100.305,4.146,11.280,-59.158,6.074,12.444,11.883,11,20,DMP_WAIT
A,213467,SHAKE,ALL,-514,-30080,20258,-352,-24,-179,-0.031,-1.836,1.236,-21.463,-1.463,-10.915,-56.032,6.074,10.608,9.896,11,20,DMP_WAIT
A,213486,SHAKE,ALL,1850,-13288,17632,899,-141,-576,0.113,-0.811,1.076,54.817,-8.598,-35.122,-36.852,4.379,10.635,9.809,11,19,OK
A,213511,SHAKE,ALL,1378,3256,14384,1426,-98,-585,0.084,0.199,0.878,86.951,-5.976,-35.671,12.698,4.379,12.749,11.893,11,25,DMP_WAIT
A,213530,SHAKE,ALL,644,16792,10610,1337,-55,-447,0.039,1.025,0.648,81.524,-3.354,-27.256,57.666,4.379,15.121,14.344,11,19,DMP_WAIT
A,213550,SHAKE,ALL,888,24894,8866,723,3,-280,0.054,1.519,0.541,44.085,0.183,-17.073,70.306,4.379,17.043,16.374,11,20,DMP_WAIT
A,213568,SHAKE,ALL,214,22950,9124,-194,143,82,0.013,1.401,0.557,-11.829,8.720,5.000,68.314,5.728,17.818,17.258,11,18,OK
A,213592,SHAKE,ALL,-888,13006,12454,-1104,228,333,-0.054,0.794,0.760,-67.317,13.902,20.305,46.169,5.728,16.746,16.259,11,24,DMP_WAIT
A,213612,SHAKE,ALL,-820,-8522,16254,-1795,199,372,-0.050,-0.520,0.992,-109.451,12.134,22.683,-27.638,5.728,13.667,13.100,11,20,DMP_WAIT
A,213632,SHAKE,ALL,-2130,-28754,20110,-1625,128,306,-0.130,-1.755,1.227,-99.085,7.805,18.659,-54.882,4.114,10.308,9.600,11,20,OK
A,213656,SHAKE,ALL,770,-16846,18178,920,-257,-533,0.047,-1.028,1.109,56.098,-15.671,-32.500,-42.796,4.114,10.509,9.669,11,24,DMP_WAIT
A,213676,SHAKE,ALL,2438,2952,14874,1683,-267,-655,0.149,0.180,0.908,102.622,-16.280,-39.939,11.081,4.114,12.486,11.628,11,20,DMP_WAIT
A,213696,SHAKE,ALL,2226,15572,9790,1619,-128,-586,0.136,0.950,0.598,98.720,-7.805,-35.732,57.189,4.114,15.269,14.491,11,20,DMP_WAIT
A,213715,SHAKE,ALL,1586,25408,6202,1210,103,-331,0.097,1.551,0.379,73.780,6.280,-20.183,75.859,5.270,17.810,17.155,11,19,OK
A,213739,SHAKE,ALL,-1002,32272,7486,478,363,60,-0.061,1.970,0.457,29.146,22.134,3.659,76.828,5.270,19.621,19.098,11,24,DMP_WAIT
A,213758,SHAKE,ALL,-60,22230,8322,-785,383,354,-0.004,1.357,0.508,-47.866,23.354,21.585,69.476,5.270,19.682,19.285,11,19,DMP_WAIT
A,213777,SHAKE,ALL,-928,1634,11734,-1787,306,583,-0.057,0.100,0.716,-108.963,18.659,35.549,7.903,5.270,17.374,16.977,11,19,DMP_WAIT
A,213797,SHAKE,ALL,-978,-19224,18012,-2004,182,461,-0.060,-1.173,1.099,-122.195,11.098,28.110,-46.822,5.073,13.649,13.138,11,20,OK
A,213822,SHAKE,ALL,-1264,-32768,22560,-1431,43,8,-0.077,-2.000,1.377,-87.256,2.622,0.488,-55.412,5.073,10.072,9.419,11,25,DMP_WAIT
A,213841,SHAKE,ALL,2888,-32270,20774,-116,-174,-450,0.176,-1.970,1.268,-7.073,-10.610,-27.439,-56.978,5.073,8.555,7.752,11,19,DMP_WAIT
A,213861,SHAKE,ALL,4596,-12964,16850,1296,-113,-567,0.281,-0.791,1.028,79.024,-6.890,-34.573,-36.585,5.073,9.155,8.236,11,20,DMP_WAIT
A,213880,SHAKE,ALL,1408,7434,13294,1894,163,-341,0.086,0.454,0.811,115.488,9.939,-20.793,29.078,4.193,11.660,10.761,11,19,OK
A,213905,SHAKE,ALL,-3136,23454,11684,1658,273,-134,-0.191,1.432,0.713,101.098,16.646,-8.171,62.715,4.193,15.100,14.284,11,25,DMP_WAIT
A,213924,SHAKE,ALL,-3162,27772,9902,706,60,-116,-0.193,1.695,0.604,43.049,3.659,-7.073,69.480,4.193,16.945,16.241,11,19,DMP_WAIT
A,213943,SHAKE,ALL,-314,22008,9436,-455,-104,-76,-0.019,1.343,0.576,-27.744,-6.341,-4.634,66.781,4.193,17.382,16.788,11,19,DMP_WAIT
A,213963,SHAKE,ALL,148,6656,13000,-1439,-44,81,0.009,0.406,0.793,-87.744,-2.683,4.939,27.111,5.348,15.810,15.251,11,20,OK
A,213987,SHAKE,ALL,1064,-17386,17214,-1941,0,212,0.065,-1.061,1.051,-118.354,0.000,12.927,-45.230,5.348,11.750,11.073,12,24,DMP_WAIT
A,214006,SHAKE,ALL,32,-32768,17998,-1324,55,267,0.002,-2.000,1.099,-80.732,3.354,16.280,-61.222,5.348,8.743,7.912,12,19,DMP_WAIT
A,214026,SHAKE,ALL,-154,-23430,18794,354,6,-20,-0.009,-1.430,1.147,21.585,0.366,-1.220,-51.265,5.348,7.920,6.947,12,20,DMP_WAIT
A,214045,SHAKE,ALL,412,-4162,16632,1401,-55,-385,0.025,-0.254,1.015,85.427,-3.354,-23.476,-14.045,3.934,9.027,7.986,12,19,OK
A,214069,SHAKE,ALL,994,8416,12432,1461,-57,-467,0.061,0.514,0.759,89.085,-3.476,-28.476,34.012,3.934,11.567,10.544,12,24,DMP_WAIT
A,214089,SHAKE,ALL,394,18726,9578,1152,21,-465,0.024,1.143,0.585,70.244,1.280,-28.354,62.891,3.934,13.924,12.992,12,20,DMP_WAIT
A,214109,SHAKE,ALL,-628,25596,9302,591,121,-303,-0.038,1.562,0.568,36.037,7.378,-18.476,69.986,3.934,15.705,14.884,12,20,DMP_WAIT
A,214129,SHAKE,ALL,-810,24746,10762,-334,143,-28,-0.049,1.510,0.657,-20.366,8.720,-1.707,66.437,5.385,16.274,15.564,12,20,OK
A,214153,SHAKE,ALL,1372,-13852,15638,-1988,155,404,0.084,-0.845,0.954,-121.220,9.451,24.634,-41.425,5.385,12.214,11.389,12,24,DMP_WAIT
A,214173,SHAKE,ALL,-570,-32768,18224,-1579,273,464,-0.035,-2.000,1.112,-96.280,16.646,28.293,-60.907,5.385,8.818,7.835,12,20,DMP_WAIT
A,214192,SHAKE,ALL,-1408,-30988,19224,-206,200,79,-0.086,-1.891,1.173,-12.561,12.195,4.817,-58.117,3.572,7.201,6.063,12,19,OK
A,214217,SHAKE,ALL,794,-12736,16464,1162,-6,-214,0.048,-0.777,1.005,70.854,-0.366,-13.049,-37.692,3.572,7.982,6.702,12,25,DMP_WAIT
A,214236,SHAKE,ALL,478,5382,13206,1706,-82,-287,0.029,0.328,0.806,104.024,-5.000,-17.500,22.160,3.572,10.158,8.880,12,19,DMP_WAIT
A,214255,SHAKE,ALL,-1314,21344,11264,1487,-42,-572,-0.080,1.303,0.688,90.671,-2.561,-34.878,62.018,3.572,12.840,11.648,12,19,DMP_WAIT
A,214275,SHAKE,ALL,-1174,27528,10550,686,-80,-658,-0.072,1.680,0.644,41.829,-4.878,-40.122,68.913,4.807,14.735,13.646,12,20,OK
A,214299,SHAKE,ALL,1118,25420,10452,-389,-117,-376,0.068,1.552,0.638,-23.720,-7.134,-22.927,67.534,4.807,15.177,14.196,12,24,DMP_WAIT
A,214319,SHAKE,ALL,1302,11766,12276,-1451,61,82,0.079,0.718,0.749,-88.476,3.720,5.000,43.625,4.807,13.966,13.054,12,20,DMP_WAIT
A,214338,SHAKE,ALL,-1556,-14142,16300,-2144,259,493,-0.095,-0.863,0.995,-130.732,15.793,30.061,-40.817,4.807,10.392,9.374,12,19,DMP_WAIT
A,214358,SHAKE,ALL,-4010,-32768,18770,-1745,151,511,-0.245,-2.000,1.146,-106.402,9.207,31.159,-59.641,3.683,6.860,5.692,12,20,OK
A,214382,SHAKE,ALL,-1232,-32768,20348,-187,-212,-20,-0.075,-2.000,1.242,-11.402,-12.927,-1.220,-58.114,3.683,5.236,3.903,12,24,DMP_WAIT
A,214402,SHAKE,ALL,2694,-17862,17210,1223,-378,-528,0.164,-1.090,1.050,74.573,-23.049,-32.195,-45.718,3.683,5.633,4.159,12,20,DMP_WAIT
A,214422,SHAKE,ALL,4302,4152,14446,1942,-203,-683,0.263,0.253,0.882,118.415,-12.378,-41.646,15.401,3.683,8.103,6.616,12,20,DMP_WAIT
A,214441,SHAKE,ALL,2186,19642,12340,1805,149,-531,0.133,1.199,0.753,110.061,9.085,-32.378,57.461,4.013,11.095,9.686,12,19,OK
A,214466,SHAKE,ALL,-38,25502,10494,1109,362,-144,-0.002,1.557,0.641,67.622,22.073,-8.780,67.633,4.013,13.825,12.509,12,25,DMP_WAIT
A,214485,SHAKE,ALL,-2966,24136,9948,228,386,200,-0.181,1.473,0.607,13.902,23.537,12.195,66.728,4.013,15.098,13.892,12,19,DMP_WAIT
A,214504,SHAKE,ALL,-3256,16136,10372,-685,239,293,-0.199,0.985,0.633,-41.768,14.573,17.866,56.031,4.013,15.095,13.982,12,19,DMP_WAIT
A,214524,SHAKE,ALL,-2804,-82,13216,-1413,41,179,-0.171,-0.005,0.807,-86.159,2.500,10.915,-0.348,4.872,13.051,11.916,12,20,OK
A,214548,SHAKE,ALL,-78,-19614,16122,-1617,-181,0,-0.005,-1.197,0.984,-98.598,-11.037,0.000,-50.581,4.872,9.404,8.132,12,24,DMP_WAIT
A,214567,SHAKE,ALL,3590,-28010,17972,-1008,-236,-276,0.219,-1.710,1.097,-61.463,-14.390,-16.829,-56.803,4.872,6.891,5.472,12,19,DMP_WAIT
A,214587,SHAKE,ALL,5230,-21916,18178,53,-59,-387,0.319,-1.338,1.109,3.232,-3.598,-23.598,-49.203,4.872,5.786,4.229,12,20,DMP_WAIT
A,214607,SHAKE,ALL,3470,-10102,15634,918,172,-197,0.212,-0.617,0.954,55.976,10.488,-12.012,-32.244,3.372,6.077,4.410,12,20,OK
A,214631,SHAKE,ALL,-4690,15432,12132,1282,303,-59,-0.286,0.942,0.740,78.171,18.476,-3.598,49.874,3.372,8.736,7.120,12,24,DMP_WAIT
A,214650,SHAKE,ALL,-4690,15432,12132,1282,303,-59,-0.286,0.942,0.740,78.171,18.476,-3.598,49.874,3.372,10.970,9.424,12,19,DMP_WAIT
A,214670,SHAKE,ALL,-3426,23668,10710,805,42,-186,-0.209,1.445,0.654,49.085,2.561,-11.341,64.588,4.776,12.958,11.514,12,20,OK
A,214694,SHAKE,ALL,-780,11178,12000,-1183,-268,116,-0.048,0.682,0.732,-72.134,-16.341,7.073,42.909,4.776,11.805,10.421,12,24,DMP_WAIT
A,214713,SHAKE,ALL,1230,-10924,14458,-1918,-278,186,0.075,-0.667,0.882,-116.951,-16.951,11.341,-36.974,4.776,8.608,7.123,12,19,DMP_WAIT
A,214733,SHAKE,ALL,2090,-32768,16634,-1612,-239,276,0.128,-2.000,1.015,-98.293,-14.573,16.829,-62.905,4.776,5.205,3.560,12,20,DMP_WAIT
A,214753,SHAKE,ALL,1092,-32768,20004,-345,-180,39,0.067,-2.000,1.221,-21.037,-10.976,2.378,-58.559,3.095,3.471,1.670,12,20,OK
A,214777,SHAKE,ALL,2468,-18008,18286,970,-234,-391,0.151,-1.099,1.116,59.146,-14.268,-23.841,-44.303,3.095,3.851,1.898,12,24,DMP_WAIT
A,214797,SHAKE,ALL,3278,-186,15012,1651,-147,-493,0.200,-0.011,0.916,100.671,-8.963,-30.061,-0.694,3.095,5.687,3.685,12,20,DMP_WAIT
A,214816,SHAKE,ALL,1020,14080,12908,1679,86,-416,0.062,0.859,0.788,102.378,5.244,-25.366,47.398,3.095,8.384,6.440,12,19,DMP_WAIT
A,214836,SHAKE,ALL,-1144,22802,11036,1253,220,-275,-0.070,1.392,0.674,76.402,13.415,-16.768,64.053,4.231,10.948,9.097,12,20,OK
A,214860,SHAKE,ALL,-1826,25124,9508,599,225,-30,-0.111,1.533,0.580,36.524,13.720,-1.829,68.925,4.231,12.911,11.162,12,24,DMP_WAIT
A,214879,SHAKE,ALL,-2344,21400,10578,-295,184,223,-0.143,1.306,0.646,-17.988,11.220,13.598,63.147,4.231,13.537,11.897,12,19,DMP_WAIT
A,214899,SHAKE,ALL,-1466,3928,13236,-1295,59,351,-0.089,0.240,0.808,-78.963,3.598,21.402,16.434,4.231,12.001,10.375,12,20,DMP_WAIT
A,214918,SHAKE,ALL,270,-21320,16404,-1740,-90,344,0.016,-1.301,1.001,-106.098,-5.488,20.976,-52.421,4.330,8.693,6.937,12,19,OK
A,214943,SHAKE,ALL,2968,-32768,16722,-1090,-118,177,0.181,-2.000,1.021,-66.463,-7.195,10.793,-62.603,4.330,5.581,3.650,12,25,DMP_WAIT
A,214962,SHAKE,ALL,4324,-24406,17504,382,70,-225,0.264,-1.490,1.068,23.293,4.268,-13.720,-53.545,4.330,4.788,2.711,12,19,DMP_WAIT
A,214982,SHAKE,ALL,2078,-5262,16228,1401,312,-285,0.127,-0.321,0.990,85.427,19.024,-17.378,-17.829,4.330,5.964,3.808,12,20,DMP_WAIT
A,215001,SHAKE,ALL,-1356,10926,13450,1652,335,-41,-0.083,0.667,0.821,100.732,20.427,-2.500,38.947,3.877,8.455,6.341,12,19,OK
A,215025,SHAKE,ALL,-3936,24144,11634,1366,190,42,-0.240,1.474,0.710,83.293,11.585,2.561,63.038,3.877,11.450,9.418,12,24,DMP_WAIT
A,215044,SHAKE,ALL,-3728,27074,10134,504,-11,-80,-0.228,1.652,0.619,30.732,-0.671,-4.878,68.256,3.877,13.115,11.197,12,19,DMP_WAIT
A,215064,SHAKE,ALL,-1214,22526,10636,-606,-186,-243,-0.074,1.375,0.649,-36.951,-11.341,-14.817,64.581,3.877,13.374,11.567,12,20,DMP_WAIT
A,215084,SHAKE,ALL,556,4112,13160,-1625,-262,-138,0.034,0.251,0.803,-99.085,-15.976,-8.415,17.338,4.830,11.465,9.678,12,20,OK
A,215108,SHAKE,ALL,3970,-19070,16186,-1984,-322,62,0.242,-1.164,0.988,-120.976,-19.634,3.780,-48.849,4.830,7.357,5.444,12,24,DMP_WAIT
A,215128,SHAKE,ALL,5412,-32768,17668,-1373,-122,213,0.330,-2.000,1.078,-83.720,-7.439,12.988,-60.581,4.830,4.311,2.249,12,20,DMP_WAIT
A,215147,SHAKE,ALL,4094,-28360,17672,19,176,114,0.250,-1.731,1.079,1.159,10.732,6.951,-57.396,4.830,3.055,0.849,12,19,DMP_WAIT
A,215166,SHAKE,ALL,1096,-10026,16146,1292,335,-4,0.067,-0.612,0.985,78.780,20.427,-0.244,-31.780,3.147,3.781,1.479,12,19,OK
A,215190,SHAKE,ALL,-3130,22286,11986,1451,170,-163,-0.191,1.360,0.732,88.476,10.366,-9.939,60.932,3.147,6.950,4.728,12,24,DMP_WAIT
A,215210,SHAKE,ALL,-3130,22286,11986,1451,170,-163,-0.191,1.360,0.732,88.476,10.366,-9.939,60.932,3.147,9.717,7.595,12,20,DMP_WAIT
A,215230,SHAKE,ALL,-2764,24784,10690,544,10,-202,-0.169,1.513,0.652,33.171,0.610,-12.317,65.986,4.703,11.446,9.439,12,20,OK
A,215254,SHAKE,ALL,-1402,4690,15040,-1262,-153,108,-0.086,0.286,0.918,-76.951,-9.329,6.585,17.249,4.703,9.697,7.703,12,24,DMP_WAIT
A,215273,SHAKE,ALL,810,-19724,17566,-1635,-300,237,0.049,-1.204,1.072,-99.695,-18.293,14.451,-48.282,4.703,6.637,4.525,12,19,DMP_WAIT
A,215293,SHAKE,ALL,3128,-32768,17050,-948,-302,121,0.191,-2.000,1.041,-57.805,-18.415,7.378,-62.121,4.703,4.083,1.818,12,20,DMP_WAIT
A,215312,SHAKE,ALL,3824,-20776,16962,517,-128,-182,0.233,-1.268,1.035,31.524,-7.805,-11.098,-50.074,3.268,3.543,1.148,12,19,OK
A,215337,SHAKE,ALL,2546,-3066,14850,1444,94,-384,0.155,-0.187,0.906,88.049,5.732,-23.415,-11.502,3.268,5.341,2.866,12,25,DMP_WAIT
A,215356,SHAKE,ALL,322,12588,12252,1551,208,-330,0.020,0.768,0.748,94.573,12.683,-20.122,45.765,3.268,7.867,5.457,12,19,DMP_WAIT
A,215375,SHAKE,ALL,-1188,22428,10400,1095,166,-172,-0.073,1.369,0.635,66.768,10.122,-10.488,64.981,3.268,10.208,7.907,12,19,DMP_WAIT
A,215395,SHAKE,ALL,-1978,25600,10322,256,81,-1,-0.121,1.563,0.630,15.610,4.939,-0.061,67.680,4.685,11.617,9.434,12,20,OK
A,215418,SHAKE,ALL,-1308,17308,12078,-793,7,115,-0.080,1.056,0.737,-48.354,0.427,7.012,54.935,4.685,11.340,9.252,12,23,DMP_WAIT
A,215437,SHAKE,ALL,-210,-2812,15170,-1699,-64,140,-0.013,-0.172,0.926,-103.598,-3.902,8.537,-10.501,4.685,8.931,6.813,12,19,DMP_WAIT
A,215457,SHAKE,ALL,912,-27774,18060,-1799,-162,176,0.056,-1.695,1.102,-109.695,-9.878,10.732,-56.933,4.685,5.417,3.170,12,20,DMP_WAIT
A,215477,SHAKE,ALL,2156,-32768,19558,-762,-215,-62,0.132,-2.000,1.194,-46.463,-13.110,-3.780,-59.016,3.253,3.171,0.786,12,20,OK
A,215501,SHAKE,ALL,3906,-21206,17070,800,-176,-431,0.238,-1.294,1.042,48.780,-10.732,-26.280,-50.451,3.253,3.191,0.659,12,24,DMP_WAIT
A,215521,SHAKE,ALL,3512,742,14064,1782,48,-485,0.214,0.045,0.858,108.659,2.927,-29.573,2.930,3.253,5.269,2.712,12,20,DMP_WAIT
A,215540,SHAKE,ALL,462,17774,11254,1804,288,-323,0.028,1.085,0.687,110.000,17.561,-19.695,57.637,3.253,8.321,5.856,12,19,DMP_WAIT
A,215559,SHAKE,ALL,-1624,25350,9428,1154,341,-126,-0.099,1.547,0.575,70.366,20.793,-7.683,69.324,4.412,10.807,8.462,12,19,OK
A,215583,SHAKE,ALL,-2732,27108,9846,223,245,40,-0.167,1.655,0.601,13.598,14.939,2.439,69.347,4.412,12.242,10.016,12,24,DMP_WAIT
A,215602,SHAKE,ALL,-2826,18146,12724,-908,70,130,-0.172,1.108,0.777,-55.366,4.268,7.927,54.311,4.412,12.009,9.889,12,19,DMP_WAIT
A,215621,SHAKE,ALL,-232,-4860,15300,-1885,-160,89,-0.014,-0.297,0.934,-114.939,-9.756,5.427,-17.620,4.412,9.232,7.073,12,19,DMP_WAIT
A,215641,SHAKE,ALL,3120,-29358,16966,-1852,-277,151,0.190,-1.792,1.036,-112.927,-16.890,9.207,-59.562,3.885,5.596,3.312,12,20,OK
A,215666,SHAKE,ALL,3572,-32768,17254,-606,-145,151,0.218,-2.000,1.053,-36.951,-8.841,9.207,-61.732,3.885,3.287,0.846,12,25,DMP_WAIT
A,215685,SHAKE,ALL,2608,-17380,18342,978,41,-203,0.159,-1.061,1.120,59.634,2.500,-12.378,-43.171,3.885,3.424,0.876,12,19,DMP_WAIT
A,215704,SHAKE,ALL,2132,632,15162,1659,145,-411,0.130,0.039,0.925,101.159,8.841,-25.061,2.364,3.885,5.242,2.677,12,19,DMP_WAIT
A,215723,SHAKE,ALL,616,14952,12030,1641,181,-288,0.038,0.913,0.734,100.061,11.037,-17.561,51.144,3.900,7.979,5.495,12,19,OK
A,215747,SHAKE,ALL,-286,23102,9202,1113,230,-138,-0.017,1.410,0.562,67.866,14.024,-8.415,68.272,3.900,10.726,8.350,12,24,DMP_WAIT
A,215767,SHAKE,ALL,-3040,26660,9884,318,325,29,-0.186,1.627,0.603,19.390,19.817,1.768,68.800,3.900,12.221,9.974,12,20,DMP_WAIT
A,215786,SHAKE,ALL,-3242,20790,11920,-774,200,117,-0.198,1.269,0.728,-47.195,12.195,7.134,59.282,3.900,12.240,10.110,12,19,DMP_WAIT
A,215805,SHAKE,ALL,-1360,116,14262,-1792,-64,217,-0.083,0.007,0.870,-109.268,-3.902,13.232,0.464,4.642,9.926,7.799,12,19,OK
A,215829,SHAKE,ALL,1184,-32768,18636,-1045,-131,274,0.072,-2.000,1.137,-63.720,-7.988,16.707,-60.322,4.642,6.967,4.708,12,24,DMP_WAIT
A,215849,SHAKE,ALL,1184,-32768,18636,-1045,-131,274,0.072,-2.000,1.137,-63.720,-7.988,16.707,-60.322,4.642,4.326,1.936,12,20,DMP_WAIT
A,215868,SHAKE,ALL,1378,-25798,19454,562,-116,-222,0.084,-1.575,1.187,34.268,-7.073,-13.537,-52.911,3.222,3.775,1.265,12,19,OK
A,215893,SHAKE,ALL,2896,12936,12534,1933,-42,-472,0.177,0.790,0.765,117.866,-2.561,-28.780,45.159,3.222,7.432,4.981,12,25,DMP_WAIT
A,215912,SHAKE,ALL,1294,23900,9598,1440,135,-240,0.079,1.459,0.586,87.805,8.232,-14.634,67.941,3.222,10.234,7.909,12,19,DMP_WAIT
A,215931,SHAKE,ALL,-280,27382,8576,583,322,-4,-0.017,1.671,0.523,35.549,19.634,-0.244,72.601,3.222,12.099,9.915,12,19,DMP_WAIT
A,215950,SHAKE,ALL,-2250,24726,10392,-462,377,198,-0.137,1.509,0.634,-28.171,22.988,12.073,66.731,5.010,12.623,10.574,12,19,OK
A,215975,SHAKE,ALL,-1284,9162,12530,-1560,200,275,-0.078,0.559,0.765,-95.122,12.195,16.768,36.032,5.010,10.703,8.733,12,25,DMP_WAIT
A,215994,SHAKE,ALL,1262,-15874,15892,-2120,45,317,0.077,-0.969,0.970,-129.268,2.744,19.329,-44.877,5.010,7.140,5.089,12,19,DMP_WAIT
A,216014,SHAKE,ALL,1162,-32768,18964,-1615,84,410,0.071,-2.000,1.157,-98.476,5.122,25.000,-59.894,5.010,3.823,1.656,11,20,DMP_WAIT
A,216033,SHAKE,ALL,-454,-32768,20538,-199,116,17,-0.028,-2.000,1.254,-12.134,7.073,1.037,-57.915,3.094,2.319,0.037,11,19,OK
A,216057,SHAKE,ALL,926,-18354,17026,1484,-1,-584,0.057,-1.120,1.039,90.488,-0.061,-35.610,-47.107,3.094,3.403,1.001,11,24,DMP_WAIT
A,216077,SHAKE,ALL,128,9706,15888,2351,-54,-679,0.008,0.592,0.970,143.354,-3.293,-41.402,31.420,3.094,6.727,4.372,11,20,DMP_WAIT
A,216096,SHAKE,ALL,582,22718,10958,1932,-83,-540,0.036,1.387,0.669,117.805,-5.061,-32.927,64.218,3.094,10.026,7.790,11,19,DMP_WAIT
A,216115,SHAKE,ALL,498,27852,8920,1012,54,-361,0.030,1.700,0.544,61.707,3.293,-22.012,72.216,4.836,12.375,10.276,11,19,OK
A,216139,SHAKE,ALL,-808,27046,9660,81,205,-46,-0.049,1.651,0.590,4.939,12.500,-2.805,70.281,4.836,13.594,11.632,11,24,DMP_WAIT
A,216158,SHAKE,ALL,-1516,14666,12134,-866,150,309,-0.093,0.895,0.741,-52.805,9.146,18.841,50.179,4.836,13.298,11.446,11,19,DMP_WAIT
A,216177,SHAKE,ALL,-1022,-7106,15528,-1543,-30,331,-0.062,-0.434,0.948,-94.085,-1.829,20.183,-24.543,4.836,10.745,8.853,11,19,DMP_WAIT
A,216197,SHAKE,ALL,336,-28708,17928,-1406,-151,96,0.021,-1.752,1.094,-85.732,-9.207,5.854,-58.011,4.475,7.644,5.641,11,20,OK
A,216221,SHAKE,ALL,2154,-32768,17346,-274,-119,-194,0.131,-2.000,1.059,-16.707,-7.256,-11.829,-61.923,4.475,5.804,3.665,11,24,DMP_WAIT
A,216241,SHAKE,ALL,2304,-12238,16702,1182,-17,-359,0.141,-0.747,1.019,72.073,-1.037,-21.890,-35.974,4.475,6.335,4.109,11,20,DMP_WAIT
A,216261,SHAKE,ALL,-326,5066,13982,1709,100,-263,-0.020,0.309,0.853,104.207,6.098,-16.037,19.912,4.475,8.602,6.399,11,20,DMP_WAIT
A,216280,SHAKE,ALL,-2030,19064,11090,1484,60,-259,-0.124,1.164,0.677,90.488,3.659,-15.793,59.400,4.743,11.259,9.161,11,19,OK
A,216304,SHAKE,ALL,-426,24312,8598,774,-57,-309,-0.026,1.484,0.525,47.195,-3.476,-18.841,70.502,4.743,13.499,11.528,11,24,DMP_WAIT
A,216324,SHAKE,ALL,708,25728,8898,-104,-53,-156,0.043,1.570,0.543,-6.341,-3.232,-9.512,70.866,4.743,14.475,12.648,11,20,DMP_WAIT
A,216343,SHAKE,ALL,716,14382,11268,-1149,76,141,0.044,0.878,0.688,-70.061,4.634,8.598,51.866,4.743,13.875,12.159,11,19,DMP_WAIT
A,216362,SHAKE,ALL,682,-7718,14800,-1865,125,308,0.042,-0.471,0.903,-113.720,7.622,18.780,-27.517,5.081,10.886,9.124,11,19,OK
A,216386,SHAKE,ALL,86,-27642,18034,-1636,99,296,0.005,-1.687,1.101,-99.756,6.037,18.049,-56.879,5.081,7.128,5.254,11,24,DMP_WAIT
A,216405,SHAKE,ALL,-570,-32768,20290,-535,-1,86,-0.035,-2.000,1.238,-32.622,-0.061,5.244,-58.224,5.081,5.170,3.178,11,19,DMP_WAIT
A,216424,SHAKE,ALL,1332,-17610,19180,780,-166,-349,0.081,-1.075,1.171,47.561,-10.122,-21.280,-42.488,5.081,5.058,2.975,11,19,DMP_WAIT
A,216444,SHAKE,ALL,2444,396,15632,1507,-165,-437,0.149,0.024,0.954,91.890,-10.061,-26.646,1.434,3.908,6.741,4.644,11,20,OK
A,216468,SHAKE,ALL,1398,15748,12690,1544,-18,-295,0.085,0.961,0.775,94.146,-1.098,-17.988,50.969,3.908,9.784,7.766,11,24,DMP_WAIT
A,216487,SHAKE,ALL,1418,22656,10138,1032,144,-77,0.087,1.383,0.619,62.927,8.780,-4.695,65.685,3.908,12.030,10.134,11,19,DMP_WAIT
A,216507,SHAKE,ALL,720,24338,9786,285,311,183,0.044,1.485,0.597,17.378,18.963,11.159,68.042,5.385,13.444,11.680,11,20,OK
A,216530,SHAKE,ALL,-1322,1562,14446,-1458,250,313,-0.081,0.095,0.882,-88.902,15.244,19.085,6.146,5.385,11.241,9.489,11,23,DMP_WAIT
A,216550,SHAKE,ALL,682,-20446,16372,-1729,172,103,0.042,-1.248,0.999,-105.427,10.488,6.280,-51.290,5.385,7.878,6.021,11,20,DMP_WAIT
A,216570,SHAKE,ALL,-620,-32424,19080,-965,255,10,-0.038,-1.979,1.165,-58.841,15.549,0.610,-59.512,5.385,5.331,3.348,11,20,DMP_WAIT
A,216590,SHAKE,ALL,-1148,-21400,19978,380,182,-268,-0.070,-1.306,1.219,23.171,11.098,-16.341,-46.921,3.732,4.694,2.603,11,20,OK
A,216614,SHAKE,ALL,108,-4782,16538,1327,-2,-420,0.007,-0.292,1.009,80.915,-0.122,-25.610,-16.127,3.732,6.125,3.969,11,24,DMP_WAIT
A,216633,SHAKE,ALL,444,9916,12534,1610,-67,-309,0.027,0.605,0.765,98.171,-4.085,-18.841,38.331,3.732,8.553,6.456,11,19,DMP_WAIT
A,216652,SHAKE,ALL,-32,20616,9112,1345,4,-203,-0.002,1.258,0.556,82.012,0.244,-12.378,66.155,3.732,11.188,9.208,11,19,DMP_WAIT
A,216671,SHAKE,ALL,-888,26812,7720,711,135,-73,-0.054,1.636,0.471,43.354,8.232,-4.451,73.837,5.245,13.204,11.360,11,19,OK
A,216695,SHAKE,ALL,-1912,26460,10062,-275,192,90,-0.117,1.615,0.614,-16.768,11.707,5.488,68.840,5.245,13.867,12.155,11,24,DMP_WAIT
A,216715,SHAKE,ALL,-1096,6744,12180,-1535,22,240,-0.067,0.412,0.743,-93.598,1.341,14.634,28.875,5.245,12.286,10.637,11,20,DMP_WAIT
A,216734,SHAKE,ALL,396,-18074,15836,-2025,-152,238,0.024,-1.103,0.967,-123.476,-9.268,14.512,-48.767,5.245,8.722,6.981,11,19,DMP_WAIT
A,216754,SHAKE,ALL,-1312,-32768,21768,-1446,-222,65,-0.080,-2.000,1.329,-88.171,-13.537,3.963,-56.356,4.140,5.646,3.794,11,20,OK
A,216778,SHAKE,ALL,2186,-32768,20786,-193,-407,-622,0.133,-2.000,1.269,-11.768,-24.817,-37.927,-57.469,4.140,4.052,2.066,11,24,DMP_WAIT
A,216798,SHAKE,ALL,5952,-15680,15986,1455,-364,-934,0.363,-0.957,0.976,88.720,-22.195,-56.951,-42.590,4.140,4.811,2.721,11,20,DMP_WAIT
A,216818,SHAKE,ALL,3976,8940,12024,2311,8,-590,0.243,0.546,0.734,140.915,0.488,-35.976,35.219,4.140,8.135,6.095,11,20,DMP_WAIT
A,216837,SHAKE,ALL,208,25288,8804,2122,411,-197,0.013,1.543,0.537,129.390,25.061,-12.012,70.800,4.829,11.754,9.837,11,19,OK
A,216861,SHAKE,ALL,-3380,32710,8108,1243,598,95,-0.206,1.996,0.495,75.793,36.463,5.793,74.968,4.829,14.745,12.961,11,24,DMP_WAIT
A,216880,SHAKE,ALL,-4606,30280,8536,-50,446,287,-0.281,1.848,0.521,-3.049,27.195,17.500,72.239,4.829,15.794,14.151,11,19,DMP_WAIT
A,216899,SHAKE,ALL,-2728,15028,10288,-1363,173,189,-0.167,0.917,0.628,-83.110,10.549,11.524,54.692,4.829,14.981,13.450,11,19,DMP_WAIT
A,216919,SHAKE,ALL,486,-6648,14410,-2111,-27,143,0.030,-0.406,0.880,-128.720,-1.646,8.720,-24.754,5.461,11.617,10.043,11,20,OK
A,216943,SHAKE,ALL,1374,-30950,17510,-1956,-40,286,0.084,-1.889,1.069,-119.268,-2.439,17.439,-60.426,5.461,7.315,5.618,11,24,DMP_WAIT
A,216963,SHAKE,ALL,-78,-32768,20272,-769,26,161,-0.005,-2.000,1.237,-46.890,1.585,9.817,-58.257,5.461,5.039,3.219,11,20,DMP_WAIT
A,216982,SHAKE,ALL,852,-18810,18748,773,-84,-313,0.052,-1.148,1.144,47.134,-5.122,-19.085,-45.065,5.461,4.870,2.950,11,19,DMP_WAIT
A,217002,SHAKE,ALL,1414,1236,15178,1646,-139,-436,0.086,0.075,0.926,100.366,-8.476,-26.585,4.636,4.111,6.786,4.857,11,20,OK
A,217026,SHAKE,ALL,322,17752,11772,1724,-99,-311,0.020,1.083,0.719,105.122,-6.037,-18.963,56.440,4.111,10.196,8.357,12,24,DMP_WAIT
A,217045,SHAKE,ALL,94,25936,9084,1138,-12,-149,0.006,1.583,0.554,69.390,-0.732,-9.085,70.696,4.111,12.655,10.947,12,19,DMP_WAIT
A,217064,SHAKE,ALL,-732,28798,9656,209,115,54,-0.045,1.758,0.589,12.744,7.012,3.293,71.414,4.111,14.023,12.454,12,19,DMP_WAIT
A,217083,SHAKE,ALL,-546,18064,11870,-960,135,238,-0.033,1.103,0.724,-58.537,8.232,14.512,56.663,5.676,13.742,12.288,12,19,OK
A,217107,SHAKE,ALL,-100,-5056,15912,-1890,20,297,-0.006,-0.309,0.971,-115.244,1.220,18.110,-17.627,5.676,10.349,8.866,12,24,DMP_WAIT
A,217127,SHAKE,ALL,-716,-32768,20798,-1988,-156,179,-0.044,-2.000,1.269,-121.220,-9.512,10.915,-57.581,5.676,6.568,4.974,12,20,DMP_WAIT
A,217147,SHAKE,ALL,1822,-32768,19660,-864,-400,-386,0.111,-2.000,1.200,-52.683,-24.390,-23.537,-58.929,3.819,4.179,2.465,12,20,OK
A,217171,SHAKE,ALL,4566,9284,13146,2283,117,-585,0.279,0.567,0.802,139.207,7.134,-35.671,33.708,3.819,7.988,6.330,12,24,DMP_WAIT
A,217190,SHAKE,ALL,-510,23896,9988,1989,605,-158,-0.031,1.458,0.610,121.280,36.890,-9.634,67.290,3.819,11.388,9.864,12,19,DMP_WAIT
A,217210,SHAKE,ALL,-3568,30676,8554,1177,718,246,-0.218,1.872,0.522,71.768,43.780,15.000,73.189,3.819,13.985,12.608,12,20,DMP_WAIT
A,217229,SHAKE,ALL,-5104,28390,9718,90,550,486,-0.312,1.733,0.593,5.488,33.537,29.634,68.861,6.048,15.141,13.907,12,19,OK
A,217253,SHAKE,ALL,-4242,11996,11948,-1109,178,433,-0.259,0.732,0.729,-67.622,10.854,26.402,43.415,6.048,14.060,12.932,12,24,DMP_WAIT
A,217273,SHAKE,ALL,-1146,-11216,14662,-1721,-168,178,-0.070,-0.685,0.895,-104.939,-10.244,10.854,-37.331,6.048,10.929,9.738,12,20,DMP_WAIT
A,217293,SHAKE,ALL,-26,-28176,18610,-1367,-262,-26,-0.002,-1.720,1.136,-83.354,-15.976,-1.585,-56.556,6.048,7.900,6.602,12,20,DMP_WAIT
A,217313,SHAKE,ALL,1648,-31426,17786,-253,-296,-286,0.101,-1.918,1.086,-15.427,-18.049,-17.439,-60.387,4.635,6.185,4.766,12,20,OK
A,217337,SHAKE,ALL,2820,-10940,15584,1157,-266,-526,0.172,-0.668,0.951,70.549,-16.220,-32.073,-34.636,4.635,6.973,5.466,12,24,DMP_WAIT
A,217357,SHAKE,ALL,2260,8544,11396,1715,-136,-469,0.138,0.521,0.696,104.573,-8.293,-28.598,36.331,4.635,9.563,8.120,12,20,DMP_WAIT
A,217376,SHAKE,ALL,698,24078,8622,1478,19,-316,0.043,1.470,0.526,90.122,1.159,-19.268,70.239,4.635,12.411,11.104,12,19,DMP_WAIT
A,217395,SHAKE,ALL,-516,31402,8694,599,121,-59,-0.031,1.917,0.531,36.524,7.378,-3.598,74.499,5.937,14.289,13.130,12,19,OK
A,217419,SHAKE,ALL,-376,25222,11120,-748,139,284,-0.023,1.539,0.679,-45.610,8.476,17.317,66.196,5.937,14.198,13.185,12,24,DMP_WAIT
A,217439,SHAKE,ALL,370,2230,13842,-1951,81,475,0.023,0.136,0.845,-118.963,4.939,28.963,9.149,5.937,11.719,10.737,12,20,DMP_WAIT
A,217458,SHAKE,ALL,2500,-23786,17192,-2164,111,528,0.153,-1.452,1.049,-131.951,6.768,32.195,-53.856,5.937,7.907,6.826,12,19,DMP_WAIT
A,217477,SHAKE,ALL,-1596,-32768,22462,-1205,304,503,-0.097,-2.000,1.371,-73.476,18.537,30.671,-55.503,4.506,5.227,4.041,12,19,OK
A,217502,SHAKE,ALL,-3072,-29266,20500,347,92,-89,-0.188,-1.786,1.251,21.159,5.610,-5.427,-54.690,4.506,4.489,3.183,12,25,DMP_WAIT
A,217521,SHAKE,ALL,548,-4648,15500,1751,-269,-653,0.033,-0.284,0.946,106.768,-16.402,-39.817,-16.683,4.506,6.010,4.659,12,19,DMP_WAIT
A,217541,SHAKE,ALL,2162,16460,10884,2062,-315,-734,0.132,1.005,0.664,125.732,-19.207,-44.756,56.014,4.506,9.428,8.179,12,20,DMP_WAIT
A,217560,SHAKE,ALL,2164,28108,7264,1486,-107,-494,0.132,1.716,0.443,90.610,-6.524,-30.122,74.909,5.467,12.381,11.275,12,19,OK
A,217585,SHAKE,ALL,240,32767,7596,467,226,-66,0.015,2.000,0.464,28.476,13.780,-4.024,76.942,5.467,14.312,13.365,12,25,DMP_WAIT
A,217604,SHAKE,ALL,-1688,22904,11548,-924,394,361,-0.103,1.398,0.705,-56.341,24.024,22.012,62.999,5.467,14.192,13.383,12,19,DMP_WAIT
A,217623,SHAKE,ALL,-178,-6060,15428,-2059,269,561,-0.011,-0.370,0.942,-125.549,16.402,34.207,-21.443,5.467,11.098,10.255,12,19,DMP_WAIT
A,217643,SHAKE,ALL,-3558,-32768,21216,-1960,219,499,-0.217,-2.000,1.295,-119.512,13.354,30.427,-56.715,5.090,7.353,6.404,12,20,OK
A,217668,SHAKE,ALL,3302,-19614,16730,1240,-600,-952,0.202,-1.197,1.021,75.610,-36.585,-58.049,-48.996,5.090,8.021,6.963,12,25,DMP_WAIT
A,217688,SHAKE,ALL,6294,9028,12106,2290,-445,-912,0.384,0.551,0.739,139.634,-27.134,-55.610,33.491,5.090,11.221,10.223,12,20,DMP_WAIT
A,217707,SHAKE,ALL,3042,22194,7350,1976,85,-442,0.186,1.355,0.449,120.488,5.183,-26.951,70.282,5.458,14.601,13.740,12,19,OK
A,217731,SHAKE,ALL,-1436,31742,6750,1152,492,-120,-0.088,1.937,0.412,70.244,30.000,-7.317,77.734,5.458,17.461,16.761,12,24,DMP_WAIT
A,217751,SHAKE,ALL,-3394,31418,8908,-43,489,104,-0.207,1.918,0.544,-2.622,29.817,6.341,73.121,5.458,18.476,17.933,12,20,DMP_WAIT
A,217771,SHAKE,ALL,-810,15062,10948,-1374,199,292,-0.049,0.919,0.668,-83.780,12.134,17.805,53.914,5.458,17.496,17.077,12,20,DMP_WAIT
A,217791,SHAKE,ALL,832,-9680,14666,-2104,125,441,0.051,-0.591,0.895,-128.293,7.622,26.890,-33.384,6.022,13.918,13.441,12,20,OK
A,217815,SHAKE,ALL,-1894,-30980,19614,-1753,266,598,-0.116,-1.891,1.197,-106.890,16.220,36.463,-57.541,6.022,9.919,9.331,12,24,DMP_WAIT
A,217835,SHAKE,ALL,-4134,-32768,21408,-506,123,189,-0.252,-2.000,1.307,-30.854,7.500,11.524,-56.361,6.022,7.943,7.234,12,20,DMP_WAIT
A,217854,SHAKE,ALL,-536,-16936,18070,980,-279,-552,-0.033,-1.034,1.103,59.756,-17.012,-33.659,-43.132,6.022,7.990,7.181,12,19,DMP_WAIT
A,217874,SHAKE,ALL,3436,3314,12748,1745,-462,-750,0.210,0.202,0.778,106.402,-28.171,-45.732,14.090,4.876,10.151,9.357,12,20,OK
A,217899,SHAKE,ALL,2814,20386,8860,1703,-236,-631,0.172,1.244,0.541,103.841,-14.390,-38.476,65.487,4.876,13.744,13.074,12,25,DMP_WAIT
A,217918,SHAKE,ALL,998,29654,7324,1022,97,-311,0.061,1.810,0.447,62.317,5.915,-18.963,76.003,4.876,16.106,15.588,12,19,DMP_WAIT
A,217937,SHAKE,ALL,-1754,29838,8924,-90,285,45,-0.107,1.821,0.545,-5.488,17.378,2.744,73.049,4.876,17.098,16.731,12,19,DMP_WAIT
A,217956,SHAKE,ALL,-1004,15264,10428,-1333,207,295,-0.061,0.932,0.636,-81.280,12.622,17.988,55.537,6.313,16.310,16.062,12,19,OK
A,217981,SHAKE,ALL,576,-5242,14426,-2019,139,391,0.035,-0.320,0.880,-123.110,8.476,23.841,-19.955,6.313,12.510,12.237,12,25,DMP_WAIT
A,218000,SHAKE,ALL,954,-27518,20226,-1956,226,435,0.058,-1.680,1.234,-119.268,13.780,26.524,-53.653,6.313,8.922,8.540,12,19,DMP_WAIT
A,218020,SHAKE,ALL,-2718,-32768,22586,-1070,322,345,-0.166,-2.000,1.379,-65.244,19.634,21.037,-55.230,6.313,6.314,5.816,12,20,DMP_WAIT
A,218040,SHAKE,ALL,-3484,-29906,20346,801,-9,-197,-0.213,-1.825,1.242,48.841,-0.549,-12.012,-55.385,4.286,5.991,5.368,12,20,OK
A,218064,SHAKE,ALL,1068,-1816,15404,2201,-421,-776,0.065,-0.111,0.940,134.207,-25.671,-47.317,-6.708,4.286,8.838,8.178,12,24,DMP_WAIT
A,218084,SHAKE,ALL,3740,19626,10650,2293,-395,-928,0.228,1.198,0.650,139.817,-24.085,-56.585,60.095,4.286,12.558,12.005,12,20,DMP_WAIT
A,218103,SHAKE,ALL,3650,29744,6418,1583,2,-580,0.223,1.815,0.392,96.524,0.122,-35.366,76.059,4.286,15.581,15.171,12,19,DMP_WAIT
A,218122,SHAKE,ALL,-418,32767,6990,649,495,21,-0.026,2.000,0.427,39.573,30.183,1.280,77.937,6.479,17.521,17.261,12,19,OK
A,218146,SHAKE,ALL,-4182,5814,11348,-1674,263,290,-0.255,0.355,0.693,-102.073,16.037,17.683,25.675,6.479,15.228,15.023,12,24,DMP_WAIT
A,218166,SHAKE,ALL,-734,-14964,14448,-2000,-116,39,-0.045,-0.913,0.882,-121.951,-7.073,2.378,-45.968,6.479,11.567,11.260,12,20,DMP_WAIT
A,218186,SHAKE,ALL,828,-30180,17780,-1479,-187,-2,0.051,-1.842,1.085,-90.183,-11.402,-0.122,-59.469,5.311,8.333,7.891,12,20,OK
A,218210,SHAKE,ALL,2122,-28872,19908,-366,-130,-157,0.130,-1.762,1.215,-22.317,-7.927,-9.573,-55.261,5.311,6.480,5.901,12,24,DMP_WAIT
A,218230,SHAKE,ALL,1844,-13980,19278,741,-67,-356,0.113,-0.853,1.177,45.183,-4.085,-21.707,-35.825,5.311,6.474,5.792,12,20,DMP_WAIT
A,218249,SHAKE,ALL,1422,2332,16852,1309,-76,-257,0.087,0.142,1.029,79.817,-4.634,-15.671,7.851,5.311,7.943,7.252,12,19,DMP_WAIT
A,218268,SHAKE,ALL,140,14946,14136,1311,-82,-154,0.009,0.912,0.863,79.939,-5.000,-9.390,46.594,5.194,10.161,9.540,12,19,OK
A,218292,SHAKE,ALL,580,21076,11114,874,-63,-96,0.035,1.286,0.678,53.293,-3.841,-5.854,62.164,5.194,12.399,11.885,12,24,DMP_WAIT
A,218312,SHAKE,ALL,-358,23502,10036,272,70,19,-0.022,1.434,0.613,16.585,4.268,1.159,66.863,5.194,13.767,13.378,12,20,DMP_WAIT
A,218330,SHAKE,ALL,-1502,18190,11720,-515,156,165,-0.092,1.110,0.715,-31.402,9.512,10.061,56.993,5.194,14.036,13.755,12,18,DMP_WAIT
A,218350,SHAKE,ALL,-4476,2210,16996,-1422,84,198,-0.273,0.135,1.037,-86.707,5.122,12.073,7.167,5.920,12.153,11.882,12,20,OK
A,218374,SHAKE,ALL,-4322,-28438,19800,-1992,-326,-135,-0.264,-1.736,1.208,-121.463,-19.878,-8.232,-54.525,5.920,7.907,7.516,12,24,DMP_WAIT
A,218394,SHAKE,ALL,2360,-32768,17418,-1033,-793,-763,0.144,-2.000,1.063,-62.988,-48.354,-46.524,-61.790,5.920,5.232,4.698,12,20,DMP_WAIT
A,218414,SHAKE,ALL,9616,-17006,13438,830,-653,-866,0.587,-1.038,0.820,50.610,-39.817,-52.805,-45.823,5.920,5.157,4.505,12,20,DMP_WAIT
A,218434,SHAKE,ALL,6820,7566,11782,1920,109,-380,0.416,0.462,0.719,117.073,6.646,-23.171,29.064,4.720,7.883,7.266,12,20,OK
A,218458,SHAKE,ALL,-536,21720,10994,1769,713,214,-0.033,1.326,0.671,107.866,43.476,13.049,63.125,4.720,11.470,10.960,12,24,DMP_WAIT
A,218477,SHAKE,ALL,-4330,26478,10850,920,692,419,-0.264,1.616,0.662,56.098,42.195,25.549,66.193,4.720,13.565,13.176,12,19,DMP_WAIT
A,218496,SHAKE,ALL,-4096,19752,9476,-106,225,399,-0.250,1.206,0.578,-6.463,13.720,24.329,62.406,4.720,14.377,14.105,12,19,DMP_WAIT
A,218516,SHAKE,ALL,-1566,11128,11104,-899,-101,177,-0.096,0.679,0.678,-54.817,-6.159,10.793,44.780,6.194,13.864,13.679,12,20,OK
A,218540,SHAKE,ALL,932,-4370,15628,-1461,-153,56,0.057,-0.267,0.954,-89.085,-9.329,3.415,-15.596,6.194,11.124,10.905,12,24,DMP_WAIT
A,218560,SHAKE,ALL,2242,-26904,18438,-1507,-74,88,0.137,-1.642,1.125,-91.890,-4.512,5.366,-55.380,6.194,7.947,7.603,12,20,DMP_WAIT
A,218579,SHAKE,ALL,2770,-30770,19892,-512,33,5,0.169,-1.878,1.214,-31.220,2.012,0.305,-56.867,6.194,6.025,5.549,12,19,DMP_WAIT
A,218598,SHAKE,ALL,2864,-15084,18786,849,53,-252,0.175,-0.921,1.147,51.768,3.232,-15.366,-38.441,4.635,6.056,5.479,12,19,OK
A,218622,SHAKE,ALL,3252,800,13900,1602,46,-228,0.198,0.049,0.848,97.683,2.805,-13.902,3.208,4.635,8.241,7.637,12,24,DMP_WAIT
A,218641,SHAKE,ALL,1134,18896,10334,1772,186,-103,0.069,1.153,0.631,108.049,11.341,-6.280,61.182,4.635,11.268,10.764,12,19,DMP_WAIT
A,218661,SHAKE,ALL,-2240,28214,9292,1195,338,87,-0.137,1.722,0.567,72.866,20.610,5.305,71.285,4.635,13.850,13.470,12,20,DMP_WAIT
A,218680,SHAKE,ALL,-4464,28380,10154,76,285,117,-0.272,1.732,0.620,4.634,17.378,7.134,68.653,6.423,14.988,14.732,12,19,OK
A,218704,SHAKE,ALL,-3670,14800,12278,-1195,-6,52,-0.224,0.903,0.749,-72.866,-0.366,3.171,49.112,6.423,13.902,13.743,12,24,DMP_WAIT
A,218723,SHAKE,ALL,-540,-8946,15760,-1982,-303,-44,-0.033,-0.546,0.962,-120.854,-18.476,-2.683,-29.567,6.423,10.738,10.512,12,19,DMP_WAIT
A,218743,SHAKE,ALL,3040,-31166,19854,-1744,-363,-92,0.186,-1.902,1.212,-106.341,-22.134,-5.610,-57.200,4.713,7.249,6.897,12,20,OK
A,218768,SHAKE,ALL,5234,-18978,16986,1169,39,-241,0.319,-1.158,1.037,71.280,2.378,-14.695,-46.876,4.713,7.855,7.380,12,25,DMP_WAIT
A,218787,SHAKE,ALL,2746,3680,12988,2126,222,-154,0.168,0.225,0.793,129.634,13.537,-9.390,15.494,4.713,10.377,9.909,12,19,DMP_WAIT
A,218806,SHAKE,ALL,564,21704,8958,2064,325,-135,0.034,1.325,0.547,125.854,19.817,-8.232,67.532,4.713,13.820,13.466,12,19,DMP_WAIT
A,218826,SHAKE,ALL,-840,30234,7616,1216,368,-66,-0.051,1.845,0.465,74.146,22.439,-4.024,75.779,6.298,16.466,16.246,12,20,OK
A,218850,SHAKE,ALL,-2456,29158,7926,-23,380,168,-0.150,1.780,0.484,-1.402,23.171,10.244,74.115,6.298,17.530,17.456,12,24,DMP_WAIT
A,218869,SHAKE,ALL,-1712,16010,10516,-1281,392,291,-0.104,0.977,0.642,-78.110,23.902,17.744,56.357,6.298,16.809,16.845,12,19,DMP_WAIT
A,218889,SHAKE,ALL,-1902,-6896,15374,-2058,379,385,-0.116,-0.421,0.938,-125.488,23.110,23.476,-23.997,6.298,13.487,13.471,12,20,DMP_WAIT
A,218909,SHAKE,ALL,-3086,-28914,19324,-1837,248,381,-0.188,-1.765,1.179,-112.012,15.122,23.232,-55.910,5.574,9.857,9.720,12,20,OK
A,218933,SHAKE,ALL,-2030,-32768,20724,-635,-24,82,-0.124,-2.000,1.265,-38.720,-1.463,5.000,-57.565,5.574,7.542,7.271,12,24,DMP_WAIT
A,218953,SHAKE,ALL,804,-18762,18056,783,-259,-295,0.049,-1.145,1.102,47.744,-15.793,-17.988,-46.070,5.574,7.360,6.968,12,20,DMP_WAIT
A,218973,SHAKE,ALL,2362,600,14358,1633,-272,-465,0.144,0.037,0.876,99.573,-16.585,-28.354,2.361,5.574,9.165,8.749,12,20,DMP_WAIT
A,218993,SHAKE,ALL,1820,16666,11326,1659,-125,-454,0.111,1.017,0.691,101.159,-7.622,-27.683,55.460,5.465,12.027,11.698,12,20,OK
A,219017,SHAKE,ALL,618,24348,9476,1051,4,-315,0.038,1.486,0.578,64.085,0.244,-19.207,68.693,5.465,14.612,14.404,12,24,DMP_WAIT
A,219036,SHAKE,ALL,124,27174,9170,223,75,-83,0.008,1.659,0.560,13.598,4.573,-5.061,71.351,5.465,15.956,15.879,12,19,DMP_WAIT
A,219055,SHAKE,ALL,-230,20330,12020,-753,168,191,-0.014,1.241,0.734,-45.915,10.244,11.646,59.402,5.465,15.926,15.961,11,19,DMP_WAIT
A,219074,SHAKE,ALL,600,-176,16670,-1731,229,405,0.037,-0.011,1.017,-105.549,13.963,24.695,-0.605,6.207,13.587,13.613,11,19,OK
A,219099,SHAKE,ALL,858,-29190,20690,-1995,368,637,0.052,-1.782,1.263,-121.646,22.439,38.841,-54.648,6.207,9.184,9.091,11,25,DMP_WAIT
A,219118,SHAKE,ALL,-6400,-32768,20784,-831,505,703,-0.391,-2.000,1.269,-50.671,30.793,42.866,-56.429,6.207,6.884,6.659,11,19,DMP_WAIT
A,219138,SHAKE,ALL,-6046,-20456,19104,1344,-41,-107,-0.369,-1.249,1.166,81.951,-2.500,-6.524,-45.592,6.207,7.394,7.051,11,20,DMP_WAIT
A,219157,SHAKE,ALL,122,6966,13346,2418,-631,-832,0.007,0.425,0.815,147.439,-38.476,-50.732,27.562,5.313,10.499,10.183,11,19,OK
A,219182,SHAKE,ALL,4332,23102,7806,2112,-712,-1041,0.264,1.410,0.476,128.780,-43.415,-63.476,68.872,5.313,14.764,14.560,11,25,DMP_WAIT
A,219202,SHAKE,ALL,4774,27680,4374,1148,-330,-771,0.291,1.689,0.267,70.000,-20.122,-47.012,76.834,5.313,17.331,17.264,11,20,DMP_WAIT
A,219221,SHAKE,ALL,1674,30342,5212,196,211,-245,0.102,1.852,0.318,11.951,12.866,-14.939,79.773,5.313,18.758,18.838,11,19,DMP_WAIT
A,219240,SHAKE,ALL,-1336,23256,9218,-908,461,304,-0.082,1.419,0.563,-55.366,28.110,18.537,68.173,7.180,18.672,18.880,11,19,OK
A,219265,SHAKE,ALL,-1894,-22460,17324,-2234,201,545,-0.116,-1.371,1.057,-136.220,12.256,33.232,-52.191,7.180,13.859,13.956,11,25,DMP_WAIT
A,219285,SHAKE,ALL,-4386,-32768,21808,-1399,27,283,-0.268,-2.000,1.331,-85.305,1.646,17.256,-55.829,7.180,10.747,10.712,11,20,DMP_WAIT
A,219304,SHAKE,ALL,-858,-29292,20658,113,-288,-474,-0.052,-1.788,1.261,6.890,-17.561,-28.902,-54.784,5.037,9.521,9.349,11,19,OK
A,219329,SHAKE,ALL,3272,-9640,16060,1386,-425,-855,0.200,-0.588,0.980,84.512,-25.915,-52.134,-30.463,5.037,10.734,10.460,11,25,DMP_WAIT
A,219349,SHAKE,ALL,4722,10480,11044,1905,-270,-682,0.288,0.640,0.674,116.159,-16.463,-41.585,41.105,5.037,13.572,13.350,11,20,DMP_WAIT
A,219369,SHAKE,ALL,2486,24708,8118,1630,114,-342,0.152,1.508,0.495,99.390,6.951,-20.854,71.036,5.037,16.623,16.519,11,20,DMP_WAIT
A,219388,SHAKE,ALL,-200,30942,7928,759,436,71,-0.012,1.889,0.484,46.280,26.585,4.329,75.624,6.624,18.621,18.647,11,19,OK
A,219412,SHAKE,ALL,-2968,26818,9480,-414,518,378,-0.181,1.637,0.579,-25.244,31.585,23.049,69.675,6.624,18.993,19.152,11,24,DMP_WAIT
A,219431,SHAKE,ALL,-1686,11890,11558,-1568,334,423,-0.103,0.726,0.705,-95.610,20.366,25.793,45.510,6.624,17.699,17.941,11,19,DMP_WAIT
A,219451,SHAKE,ALL,-1034,-12350,15010,-2146,177,409,-0.063,-0.754,0.916,-130.854,10.793,24.939,-39.381,6.624,13.946,14.093,11,20,DMP_WAIT
A,219471,SHAKE,ALL,-2398,-29148,19628,-1681,116,252,-0.146,-1.779,1.198,-102.500,7.073,15.366,-55.847,5.565,10.495,10.509,11,20,OK
A,219496,SHAKE,ALL,-2720,-32284,23066,-604,21,-130,-0.166,-1.970,1.408,-36.829,1.280,-7.927,-54.268,5.565,8.240,8.112,11,25,DMP_WAIT
A,219515,SHAKE,ALL,82,-21876,20292,581,-187,-589,0.005,-1.335,1.239,35.427,-11.402,-35.915,-47.151,5.565,7.747,7.487,11,19,DMP_WAIT
A,219535,SHAKE,ALL,3018,-2774,15658,1557,-296,-681,0.184,-0.169,0.956,94.939,-18.049,-41.524,-9.868,5.565,9.210,8.890,11,20,DMP_WAIT
A,219554,SHAKE,ALL,2034,14786,13060,1799,-143,-536,0.124,0.902,0.797,109.695,-8.720,-32.683,48.206,5.320,11.988,11.732,11,19,OK
A,219579,SHAKE,ALL,482,22814,10076,1325,36,-333,0.029,1.392,0.615,80.793,2.195,-20.305,66.147,5.320,14.993,14.840,11,25,DMP_WAIT
A,219598,SHAKE,ALL,-606,26168,8066,648,127,-146,-0.037,1.597,0.492,39.512,7.744,-8.902,72.823,5.320,16.841,16.814,11,19,DMP_WAIT
A,219617,SHAKE,ALL,-230,26450,9040,-221,161,18,-0.014,1.614,0.552,-13.476,9.817,1.098,71.125,5.320,17.632,17.731,11,19,DMP_WAIT
A,219636,SHAKE,ALL,990,11650,12144,-1366,209,329,0.060,0.711,0.741,-83.293,12.744,20.061,43.716,6.571,16.559,16.732,11,19,OK
A,219660,SHAKE,ALL,-50,-18208,15962,-2104,307,644,-0.003,-1.111,0.974,-128.293,18.720,39.268,-48.761,6.571,12.180,12.238,11,24,DMP_WAIT
A,219680,SHAKE,ALL,-4392,-32768,19394,-1525,330,549,-0.268,-2.000,1.184,-92.988,20.122,33.476,-58.749,6.571,8.892,8.806,11,20,DMP_WAIT
A,219700,SHAKE,ALL,-3800,-28542,20386,150,-2,-105,-0.232,-1.742,1.244,9.146,-0.122,-6.402,-54.000,6.571,7.767,7.539,11,20,DMP_WAIT
A,219719,SHAKE,ALL,138,-7834,16634,1425,-362,-689,0.008,-0.478,1.015,86.890,-22.073,-42.012,-25.218,4.966,8.681,8.366,11,19,OK
A,219744,SHAKE,ALL,1842,15642,11718,1278,-247,-633,0.112,0.955,0.715,77.927,-15.061,-38.598,52.826,4.966,11.416,11.171,11,25,DMP_WAIT
A,219763,SHAKE,ALL,1842,15642,11718,1278,-247,-633,0.112,0.955,0.715,77.927,-15.061,-38.598,52.826,4.966,13.651,13.484,11,19,DMP_WAIT
A,219783,SHAKE,ALL,910,17150,11184,676,-9,-506,0.056,1.047,0.683,41.220,-0.549,-30.854,56.804,6.456,15.276,15.198,11,20,OK
A,219807,SHAKE,ALL,-428,10874,11810,-404,279,-51,-0.026,0.664,0.721,-24.634,17.012,-3.110,42.618,6.456,15.188,15.178,11,24,DMP_WAIT
A,219826,SHAKE,ALL,-734,5812,11934,-760,196,173,-0.045,0.355,0.728,-46.341,11.951,10.549,25.924,6.456,14.495,14.519,11,19,DMP_WAIT
A,219846,SHAKE,ALL,-1554,1210,12194,-1014,87,277,-0.095,0.074,0.744,-61.829,5.305,16.890,5.622,6.456,13.060,13.076,11,20,DMP_WAIT
A,219865,SHAKE,ALL,-634,-2392,12098,-1158,-58,336,-0.039,-0.146,0.738,-70.610,-3.537,20.488,-11.169,5.830,11.217,11.190,11,19,OK
A,219890,SHAKE,ALL,16,-3272,12784,-1143,-124,427,0.001,-0.200,0.780,-69.695,-7.561,26.037,-14.356,5.830,8.940,8.864,11,25,DMP_WAIT
A,219909,SHAKE,ALL,974,-1888,14350,-1117,-113,566,0.059,-0.115,0.876,-68.110,-6.890,34.512,-7.478,5.830,7.299,7.189,11,19,DMP_WAIT
A,219928,SHAKE,ALL,1458,-2294,15356,-1253,26,588,0.089,-0.140,0.937,-76.402,1.585,35.854,-8.459,5.830,5.517,5.374,11,19,DMP_WAIT
A,219947,SHAKE,ALL,800,-5546,16764,-1399,204,531,0.049,-0.339,1.023,-85.305,12.439,32.378,-18.286,4.170,3.409,3.213,11,19,OK
A,219972,SHAKE,ALL,788,-7858,18176,-1326,314,378,0.048,-0.480,1.109,-80.854,19.146,23.049,-23.361,4.170,0.835,0.572,11,25,DMP_WAIT
A,219991,SHAKE,ALL,-1294,-12384,19170,-1099,452,436,-0.079,-0.756,1.170,-67.012,27.561,26.585,-32.804,4.170,-1.130,-1.476,11,19,DMP_WAIT
A,220011,SHAKE,ALL,-1508,-13298,18182,-511,408,496,-0.092,-0.812,1.110,-31.159,24.878,30.244,-36.088,4.170,-2.486,-2.925,11,20,DMP_WAIT
A,220031,SHAKE,ALL,-1330,-11360,16990,399,272,383,-0.081,-0.693,1.037,24.329,16.585,23.354,-33.687,2.852,-2.679,-3.210,11,20,OK
A,220055,SHAKE,ALL,-2514,-5304,16274,1418,125,49,-0.153,-0.324,0.993,86.463,7.622,2.988,-17.854,2.852,-1.005,-1.609,13,24,DMP_WAIT
A,220075,SHAKE,ALL,-1556,3782,14058,2082,-61,-340,-0.095,0.231,0.858,126.951,-3.720,-20.732,14.970,2.852,1.757,1.153,13,20,DMP_WAIT
A,220095,SHAKE,ALL,-954,13986,14240,2155,-128,-496,-0.058,0.854,0.869,131.402,-7.805,-30.244,44.420,2.852,5.139,4.598,13,20,DMP_WAIT
A,220115,SHAKE,ALL,-386,17400,13042,1381,-76,-417,-0.024,1.062,0.796,84.207,-4.634,-25.427,53.135,4.941,7.703,7.246,13,20,OK
A,220139,SHAKE,ALL,-664,9738,14060,190,51,-163,-0.041,0.594,0.858,11.585,3.110,-9.939,34.677,4.941,8.460,8.049,13,24,DMP_WAIT
A,220158,SHAKE,ALL,-974,-1536,17048,-828,136,-154,-0.059,-0.094,1.041,-50.488,8.293,-9.390,-5.140,4.941,7.204,6.759,13,19,DMP_WAIT
A,220177,SHAKE,ALL,128,-11794,15528,-1179,14,-475,0.008,-0.720,0.948,-71.890,0.854,-28.963,-37.217,4.941,4.933,4.387,13,19,DMP_WAIT
A,220196,SHAKE,ALL,1004,-25298,13380,-781,-90,-418,0.061,-1.544,0.817,-47.622,-5.488,-25.488,-62.059,4.240,2.662,1.961,13,19,OK
A,220221,SHAKE,ALL,888,-21524,13602,573,-94,-84,0.054,-1.314,0.830,34.939,-5.732,-5.122,-57.654,4.240,2.254,1.380,13,25,DMP_WAIT
