:020000040800F2
:10000000700D00201D040008390200083B020008A2
:100010003D0200083F020008410200080000000005
:100020000000000000000000000000004302000883
:1000300045020008000000004702000849020008CD
:1000400037040008370400083704000837040008A4
:100050003704000837040008370400083704000894
:100060003704000837040008370400083704000884
:100070003704000837040008370400083704000874
:100080003704000837040008370400083704000864
:100090003704000837040008370400082F3F000821
:1000A0003704000837040008370400083704000844
:1000B0008F36000837040008B72900083704000805
:1000C0003704000837040008370400083704000824
:1000D000370400088722000837040008673000084A
:1000E0003704000837040008370400083704000804
:1000F000CF29000837040008370400083704000837
:1001000037040008370400083704000837040008E3
:1001100037040008370400083704000837040008D3
:1001200037040008370400083704000837040008C3
:1001300000F002F800F06BF80AA090E8000C82448E
:100140008344AAF10107DA4501D100F060F8AFF26B
:10015000090EBAE80F0013F0010F18BFFB1A43F0A5
:100160000103184718B0000038B000000A444FF0EF
:10017000000C10F8013B13F0070408BF10F8014B06
:100180001D1108BF10F8015B641E05D010F8016B4B
:10019000641E01F8016BF9D113F0080F1EBF10F8AF
:1001A000014BAD1C0C1B09D16D1E58BF01F801CBD2
:1001B000FAD505E014F8016B01F8016B6D1EF9D555
:1001C0009142D6D37047000000230024002500266A
:1001D000103A28BF78C1FBD8520728BF30C148BFAA
:1001E0000B607047642907F00F80752907F00C80B9
:1001F000002070471FB507F07DFD0400002000219E
:1002000008F034F9401C60601FBD10B510BD07F048
:1002100039FD1146FFF7EEFF00F0C4F807F060FD6E
:1002200003B4FFF7F2FF03BC01F058FE30BF72B613
:1002300062B680F3088870477047FEE7FEE7FEE786
:10024000FEE7704770477047704700000CB500220A
:100250004C4800920192016841F4803101604FF4F2
:10026000A063016801F4003101910099491C0091DB
:10027000019911B900999942F3D10168890333D5E5
:100280000121019140490A6842F010020A600A689F
:1002900022F003020A600A6842F002020A60416822
:1002A000416041684160416841F48061416041685A
:1002B00021F47C114160416841F4E811416001681A
:1002C00041F08071016001688901FCD5416821F02D
:1002D00003014160416841F0020141604168C1F39E
:1002E00081010229FAD10CBD01920CBD254810B53F
:1002F000016841F0010101604168244A11404160F8
:100300000168234A11400160016821F480210160E5
:10031000416821F4FE0141604FF41F018160FFF745
:1003200095FF1C494FF00060086010BD154A10B5DC
:100330005068194B10F00C01184803D0042901D063
:10034000082901D0036012E05168536801F470116C
:100350004FF0020413F4803F04EB914102D0536844
:100360009B0301D50E4B00E00B4B594301605168D4
:100370000A4AC1F30311121D515C0268CA400260AF
:1003800010BD000000100240002002400000FFF8F5
:10039000FFFFF6FE08ED00E000127A0000000020EA
:1003A00000093D00022001F0A9FC01F055FC0220EB
:1003B00001F040FD012001F03DFD02F0E3F80021D5
:1003C00041F61F4002F09AF94FF4E13001F090FD40
:1003D0004FF4165002F09FFD02F046FA02F08EFA3A
:1003E00002F0F6F802F00AFB03F090F803F0E4F9EB
:1003F00006F0AAFA06F0BCFA06F017FE02F036FD87
:10040000054C0125257020780028FCD103F0FEF86A
:1004100006F016FEF6E700005E000020094880475F
:1004200009480047FEE7FEE7FEE7FEE7FEE7FEE7D6
:10043000FEE7FEE7FEE7FEE704480549054A064BEE
:1004400070470000ED02000831010008700700202D
:10045000700D002070090020700900202849084311
:1004600028490860704730B50F23C278017801250C
:10047000F2B1244A126801F1E02102F4E062C2F50F
:10048000E062120AC2F10404D3404278A2408478A8
:100490001C401443220181F80024007800F01F0161
:1004A0008D404009800000F1E020C0F8005130BDCF
:1004B00001F01F0085404809800000F1E020C0F8ED
:1004C000805130BD104A114001430E48001F0160A9
:1004D00070470C4A121D0029116801D0014300E049
:1004E0008143116070474FF0E0210428086903D070
:1004F00020F004000861704740F00400FAE70000B3
:100500000000FA050CED00E080FFFF1FC54910B5A3
:10051000884202D1012144150AE0C349884202D130
:100520000121041504E0C14988420AD10121CC030C
:10053000204600F048FC2046BDE81040002100F0B5
:1005400042BC10BD10B54268B94B0C791A400B681B
:1005500042EA0422134343608268B64B1A40D1E951
:10056000024323434C7942EA440213438360C26A44
:10057000097C22F47002491EC9B242EA0151C162EB
:1005800010BD00210160017141718160C1600121D4
:10059000017470470029816802D041F0010101E037
:1005A00021F00101816070470029816802D041F487
:1005B000807101E021F4807181607047002A4268F7
:1005C000C9B201D00A4300E08A43426070478168A3
:1005D00041F00801816070470146002089680907E1
:1005E00000D501207047816841F0040181607047A7
:1005F000014600208968490700D50120704700297D
:10060000816802D041F4A00101E021F4A0018160E1
:100610007047014600208968490200D501207047D3
:100620004268491E22F4604242EA4131416070470B
:100630000029416802D041F4006101E021F4006129
:100640004160704770B5072609290AD9C568A1F12C
:100650000A0404EB4404A640B543A3401D43C5600F
:1006600007E0056901EB4104A640B543A3401D43E3
:1006700005611F23072A09D2446B521E02EB820236
:1006800093409C4391400C43446370BD0D2A09D2B2
:10069000046BD21F02EB820293409C4391400C43B7
:1006A000046370BDC46A0D3A02EB820293409C431E
:1006B00091400C43C46270BD0029816802D041F4AE
:1006C000801101E021F4801181607047C06C80B21C
:1006D000704754484C30006870470029416802D088
:1006E00041F4806101E021F480614160704700299C
:1006F000416802D041F4805101E021F48051416011
:100700007047826822F4E0420A4382607047002901
:10071000816802D041F4004101E021F40041816090
:1007200070470029816802D041F4021101E021F4F0
:10073000021181607047014600208968890200D556
:100740000120704770B5072609290AD9C568A1F1AB
:100750000A0404EB4404A640B543A3401D43C5600E
:1007600007E0056901EB4104A640B543A3401D43E2
:100770000561836BC3F30154121B921C02EB8202CE
:100780001F249440A34391400B43836370BD826B4D
:10079000491E22F4401242EA01518163704708B5B4
:1007A00008440090026008BD08B508442830009055
:1007B000006880B208BD42681F4B1A400A4342607D
:1007C0007047416282627047426822F01F020A430A
:1007D00042607047134908310028086802D040F48D
:1007E000000001E020F4000008607047024600208D
:1007F00012680A4200D001207047C9430160704767
:1008000010B50246002054680B0AC9B20C401168AA
:10081000194202D0002C00D0012010BD6FEA112136
:10082000016070470024014000280140003C014065
:10083000FFFEF0FFFDF7F1FFFFFD3FFF374900200E
:100840000860091D0860091D0860091D086033491A
:10085000334814310860704730B5304A83790168F5
:1008600053B313688B431360111D0B680468A343D3
:100870000B60017911440B68046823430B60274B1C
:10088000083319680468A14319601C1D21680568B4
:10089000A94321604179102905D011440A680068F4
:1008A00002430A6030BD196802681143196021686B
:1008B00000680143216030BD0079104402688A431A
:1008C000026030BD0021016001710C224271817112
:1008D0007047124910310A6802430A6070470146A6
:1008E0000E4A0020143212680A4200D001207047DC
:1008F0000A49143108607047084A0146002012680E
:10090000064B0A4014331B680B4202D0002A00D069
:10091000012070470149143108607047000401400C
:10092000FFFF0F008F4910B5884206D10121042036
:1009300000F049FA002104203BE08B49884206D1AF
:100940000121082000F03FFA0021082031E087490A
:10095000884206D10121102000F035FA0021102034
:1009600027E08349884206D10121202000F02BFA9C
:10097000002120201DE07F49884206D1012140202E
:1009800000F021FA0021402013E07B49884206D183
:100990000121802000F017FA0021802009E077492A
:1009A00088420AD184150121204600F00CFA00216A
:1009B0002046BDE8104000F006BA10BD10B5012178
:1009C000084600F000FA0021BDE81040012000F0C8
:1009D000FAB9F0B5CC78002204F00F03E40601D593
:1009E0008C7823430C784FF00F0C14F0FF0F4FF06E
:1009F000010E1BD005680E880EFA02F42640A642AE
:100A000010D196000CFA06F725EA070703FA06F557
:100A1000CE783D43282E02D0482E02D002E0446119
:100A200000E00461521C082AE5D305600A88FF2A09
:100A30001CD94468002202F108060EFA06F50E8859
:100A40002E40AE420ED196000CFA06F7BC4303FAD4
:100A500006F7CE783C43282E00D14561CE78482E4B
:100A600000D10561521C082AE5D34460F0BD4FF661
:100A7000FF710180022181700421C170704702461C
:100A8000002092680A4200D001207047806880B23E
:100A9000704702460020D2680A4200D00120704709
:100AA000C06880B2704701617047416170470AB108
:100AB0000161704741617047C160704741F4803205
:100AC0008261816182618169806970472C4B10B5B8
:100AD0001A684FF68074224042EA001008431860FA
:100AE00010BD2849C8617047F0B5254C002801DACF
:100AF000E36900E06368450D2E0185B2C0F301573C
:100B0000B540C0F30342032F05D0C6020AD5032621
:100B10009640B34307E023F07062636823F070638C
:100B2000636002E0AB4343F0706201B12A430028E6
:100B300001DAE261F0BD6260F0BD10B58A0721F014
:100B400003040F49120F21440F238C6893409C43E8
:100B50008C608B68904003438B6010BD0949C1F8DD
:100B6000DC00704700080140000C0140001001400B
:100B70000014014000180140001C01400020014009
:100B80000000014000002042A548016841F0010139
:100B900001604168A34A114041600168A24A1140C6
:100BA0000160016821F480210160416821F4FE01A7
:100BB00041604FF41F018160704799490A6822F42F
:100BC00080320A600A6822F480220A60B0F5803F11
:100BD00007D0B0F5802F03D1086840F4A02008604A
:100BE0007047086840F48030F9E70346002059094F
:100BF0008B4A01290AD002290AD0516A03F01F0248
:100C0000012393400B4200D0012070471168F5E7A3
:100C1000116AF3E718B500204FF4A064009031206A
:100C2000FFF7E3FF0099491C0091A14201D0002881
:100C3000F5D03120FFF7D9FF002800D0012018BDE2
:100C4000774A116821F0F80141EAC000106070474E
:100C5000764908607047724B5A68084322F47C1248
:100C60001043586070477149086670476C4A516874
:100C700021F003010143516070476948406800F06A
:100C80000C007047664A516821F0F0010143516041
:100C90007047634A516821F4E06101435160704735
:100CA0005F4A516821F4605141EAC00050607047CA
:100CB0005B4A0029517A01D0014300E0814351721F
:100CC00070475A49C1F8D8007047554A516821F415
:100CD00040410143516070475149002281F8202072
:100CE00081F82020012802D0042802D1052081F8B3
:100CF000200070474E490860704749490A6A02431C
:100D00000A6270474A4944390860704730B5444A1E
:100D10005168484B11F00C0103D0042901D0082977
:100D200001D0036012E05168536801F470114FF074
:100D3000020413F4803F04EB914102D053689B03FB
:100D400001D53D4B00E03B4B5943016051680F23F7
:100D500003EA1111394B5C5C0168E1404160546861
:100D6000072505EA14241C5D21FA04F48460546804
:100D700005EAD4241B5DD940C1605268032303EA0D
:100D800092322E4B1B1F9A5CB1FBF2F1016130BD18
:100D9000234A0029516901D0014300E08143516198
:100DA00070471F4A0029916901D0014300E0814347
:100DB000916170471A4A0029D16901D0014300E0CE
:100DC0008143D1617047164A0029D16801D001439F
:100DD00000E08143D1607047114A0029116901D0B8
:100DE000014300E0814311617047114940390860B7
:100DF00070470E49C86470470949C8717047084870
:100E0000416A41F0807141627047054A0146002005
:100E100092680A4200D001207047014988727047E9
:100E2000001002400000FFF8FFFFF6FE0000424203
:100E30008004424200127A0000093D008000002038
:100E4000F94910B5884202D10121C41486E0B0F1FD
:100E5000804F09D0F54988420DD101210220FFF7CA
:100E6000BBFF0021022064E001210846FFF7B4FF28
:100E7000002101205DE0EE49884206D101210420D5
:100E8000FFF7AAFF0021042053E0EA49884206D177
:100E900001210820FFF7A0FF0021082049E0E649D2
:100EA000884206D101211020FFF796FF0021102073
:100EB0003FE0E249884206D101212020FFF78CFF64
:100EC0000021202035E0DE49884202D1012144146E
:100ED00044E0DC49884202D10121CC043EE0DA49F9
:100EE000884202D101210C0538E0D849884202D15C
:100EF00001214C0532E0D649884206D1012140202B
:100F0000FFF76AFF0021402013E0D249884206D152
:100F100001218020FFF760FF0021802009E0CE49F9
:100F200088420AD1841501212046FFF755FF002190
:100F30002046BDE81040FFF74FBFC849884202D1A4
:100F400001210C040AE0C649884202D101214C0467
:100F500004E0C44988420AD101218C042046FFF7ED
:100F600032FF2046BDE810400021FFF72CBF10BD26
:100F700030B50288AC4CB24DA0420DD0A8420BD087
:100F8000B0F1804F08D0A94B984205D0A84B9842A9
:100F900002D0A84B984203D122F070034A881A432A
:100FA000A54B984206D0A54B984203D022F440733B
:100FB000CA881A4302808A8882850A880285A042EC
:100FC0000AD0A84208D0A54A904205D0A44A90422F
:100FD00002D0A44A904201D1097A0186012181827E
:100FE00030BD30B5028C22F001020284028C83886D
:100FF000048B22F0020224F073050C882C430D8927
:1010000015434A882A43884DA8420BD08C4DA842EC
:1010100008D0924DA84205D0914DA84202D0914DE2
:10102000A8420DD122F008054A8923F440732A43CF
:1010300022F004058A882A438D891D43CB892B43DE
:1010400083800483C9888186028430BD70B5028C98
:1010500022F010020284028C8388048B0D8824F411
:10106000E6464FF6FF7404EA052535430E8922F063
:10107000200204EA061616434A8804EA02123243A2
:10108000694EB04202D06E4EB04215D122F08006B9
:101090004A8923F4406304EA0212324322F04006F4
:1010A0008A8804EA021232438E8904EA86061E43C5
:1010B000CB8904EA8303334383800583C98801878E
:1010C000028470BD70B5028C22F480720284028C9E
:1010D0008388848B0D8824F0730425430E894FF692
:1010E000FF7422F4007204EA062616434A8804EAD2
:1010F000022232434C4EB04202D0514EB04215D182
:1011000022F400664A8923F4405304EA022232435F
:1011100022F480668A8804EA022232438E8904EA35
:1011200006161E43CB8904EA031333438380858369
:10113000C9888187028470BD70B5028C22F4805208
:101140000284058C8288838B0C8823F4E6464FF654
:10115000FF7303EA0424344325F400560D8903EA9F
:10116000053535434E8803EA06362E432E4DA842F8
:1011700002D0334DA84205D122F480458A8903EA82
:1011800082122A4382808483C988A0F84010068492
:1011900070BD828B22F440628283828B4FF6FF7394
:1011A00003EA01210A4382837047828B22F00C02FA
:1011B0008283828B0A4382837047028B22F44062CF
:1011C0000283028B4FF6FF7303EA01210A43028375
:1011D0007047F0B5048C24F010040484078B048C51
:1011E0004FF6FF7527F4734705EA03333B4305EADF
:1011F00002221A430C4B05EA011698420ED0104BFE
:1012000098420BD0B0F1804F08D0084B984205D0DF
:10121000074B984202D0074B984225D124F0200179
:10122000314341F0100124E0002C01400004004053
:1012300000080040000C0040001000400014004076
:1012400000340140004C0140005001400054014076
:1012500000180040001C00400020004000400140F9
:10126000004401400048014024F0A0030B4343F038
:10127000100102830184F0BD028B22F00C02028374
:10128000028B0A430283704770B5048C24F001047A
:101290000484058B048C4FF6FF7606EA0313134390
:1012A00025F0F305F84A2B4390420ED0F74A9042BE
:1012B0000BD0B0F1804F08D0F54A904205D0F54AE6
:1012C000904202D0F44A904202D124F0020201E09E
:1012D00024F00A020A4342F001010383018470BD35
:1012E0002DE9F84F0D4604460888E74FDFF89CC308
:1012F000DFF89C83DFF89C934988AA882B894FF0FC
:10130000804A48B304282FD04FF6FF76082893462A
:1013100032D0208C9E4620F480502084A38B208CD9
:1013200006EA0132009223F4734306EA0B221A43C1
:1013300006EA0E331343BC420AD0644508D0544534
:1013400006D0444504D04C4502D0D34A944242D101
:1013500020F40050009940E02046FFF795FFE9880F
:101360002046BDE8F84F87E72046FFF732FFE988BF
:101370002046BDE8F84F20E7208C20F480702084C0
:10138000B4F81CE0208C06EA031306EA01222EF0D2
:10139000F30E43EA0B0343EA0E030092BC420AD069
:1013A000644508D0544506D0444504D04C4502D08D
:1013B000B94A944203D120F40070009901E020F46E
:1013C0002060084340F48070A3832084E98820468D
:1013D000BDE8F84FE9E620F40240084340F48050AD
:1013E000A3832084E9882046BDE8F84FD1E62DE9A3
:1013F000F0410C46002649880746012501B902261E
:10140000A288012A00D10225208823890028384695
:1014100010D0FFF7DEFEE1883846FFF7CEFE2389C5
:101420002A4631463846FFF72FFFE1883846BDE8A7
:10143000F04121E7FFF728FFE1883846FFF71CFF5E
:1014400023892A4631463846FFF7C3FEE1883846ED
:10145000BDE8F041B1E610B50A884B88CC881A4344
:101460008B8823431A430B891A434B8989891A4372
:101470000A43A0F8442010BD4FF6FF71818000217F
:101480000180C1804180017270470021018041804C
:101490008180C180018141818181C18170470021AA
:1014A0000180418001228280C1800181704700213A
:1014B000018041808180C1800181418181817047AB
:1014C0000029018802D041F0010101E021F0010171
:1014D00001807047002930F8441F02D041F40041D8
:1014E00001E0C1F30E0101807047002A828901D01A
:1014F0000A4300E08A43828170478182704711432A
:10150000A0F848107047002A828901D00A4300E001
:101510008A4382817047018921F007010181704768
:10152000028922F070020A430281704700B5034627
:10153000FFF7F6FF188940F00700188100BD70B56D
:1015400016460D46602904464FF0010231460AD086
:10155000FFF79AFE29462046FFF7E2FF208940F078
:101560000700208170BDFFF734FEF3E730B5048932
:101570004FF6FF7505EA03231343E4B20B432343FD
:10158000038130BD10B50446FFF7F0FF208940F01D
:101590007700208110BD10B50446FFF7E7FF2089D2
:1015A00040F48040208110BD01858282704702880E
:1015B00022F070020A430280704770B50589048BDF
:1015C000068C25F007050D434FF6FC410C4040F218
:1015D00001110C434FF6FF7101EA031126F02206B8
:1015E0001143314305810483018470BD028B22F0D5
:1015F00070020A4302837047028B4FF6FF7322F496
:10160000E04203EA0121114301837047828B22F0FB
:1016100070020A4382837047828B4FF6FF7322F475
:10162000E04203EA012111438183704700290188C8
:1016300002D041F0800101E021F08001018070477B
:101640000029818802D041F0040101E021F0040169
:10165000818070470029818802D041F0080101E0B3
:1016600021F00801818070470029818802D041F073
:10167000010101E021F0010181807047028B22F01D
:1016800008020A4302837047002C014000340140E5
:101690000004004000080040000C0040028B4FF6A0
:1016A000FF7322F4006203EA012111430183EAE798
:1016B000828B22F008020A438283E4E7828B4FF692
:1016C000FF7322F4006203EA012111438183DAE708
:1016D000028B22F004020A430283D4E7028B4FF606
:1016E000FF7322F4806203EA012111430183CAE7F8
:1016F000828B22F004020A438283C4E7828B4FF676
:10170000FF7322F4806203EA012111438183BAE767
:10171000028B22F080020A430283B4E7028B4FF669
:10172000FF73C2F30E0203EA012111430183AAE70A
:10173000828B22F080020A438283A4E7828B4FF6D9
:10174000FF73C2F30E0203EA0121114381839AE77A
:10175000028C22F002020A43028494E7028C22F0F7
:1017600008020A4302848EE7028C4FF6FF7322F0D0
:10177000200203EA01111143018484E7028C4FF631
:10178000FF7322F0800203EA0111114301847AE71A
:10179000028C4FF6FF7322F4007203EA0121114319
:1017A000018470E7028C4FF6FF7322F4006203EAB3
:1017B00001211143018466E7028C4FF6FF7322F486
:1017C000005203EA0131114301845CE710B50123A3
:1017D000048C8B409C430484038C8A401343038411
:1017E00010BD10B50423048C8B409C430484038CEF
:1017F0008A401343038410BD30B50124058C00F1E9
:1018000018038C40A543058489B108290FD0091F0E
:10181000C1F34E001844016821F4E0410160016801
:101820004FF6FF7303EA02221143016030BD03EB60
:101830005100016821F0700101600168F4E700299E
:10184000018802D041F0020101E021F00201018093
:1018500019E70029018802D041F0040101E021F0DC
:10186000040101800FE70029818802D041F0800146
:1018700001E021F08001818005E7028822F0080262
:10188000028002880A430280FDE6828822F070020C
:10189000828082880A438280F5E6028922F007026C
:1018A000028102890A430281EDE6028922F0800268
:1018B000028102890A430281E5E68184E3E68185AB
:1018C000E1E68186DFE60187DDE68187DBE6A0F8D9
:1018D0004010D8E6028822F44072028002880A434F
:1018E0000280D0E6808ECEE6008FCCE6808FCAE6FE
:1018F000B0F84000C7E6808CC5E6008DC3E602461E
:101900000020128A0A4200D00120BCE6C9430182AD
:10191000B9E602460020138A92890B4202EA0102CC
:1019200002D0002A00D00120ADE6C9430182AAE618
:10193000C44910B588420AD101218C032046FFF723
:1019400042FA2046BDE810400021FFF73CBABE49EC
:10195000884202D101214C0410E0BC49884202D1E6
:1019600001218C040AE0BA49884202D10121CC0449
:1019700004E0B84988420AD101210C052046FFF74E
:101980002BFA2046BDE810400021FFF725BA10BD14
:1019900030B50446008A85B00D464CF6FF7108400C
:1019A000E98801432182A0894EF6F3110840A988F5
:1019B0002A8911436A8902431143A181A08A4FF603
:1019C000FF410840A9890143A1826846FFF79EF9BB
:1019D0009C48844201D1039800E00298A18909043F
:1019E00000EBC00101EB0010296801D5490000E0BF
:1019F0008900B0FBF1F06422B0FBF2F109010B09A0
:101A00006FF018056B4300EB8300A3891D044FF0B2
:101A1000320306D503EBC000B0FBF2F000F0070084
:101A200005E003EB0010B0FBF2F000F00F000843FC
:101A3000208105B030BD4FF4165101600021818036
:101A4000C18001810C2242818181704710B5028AD8
:101A50004FF2FF031A400B884C8823438C88C988B7
:101A60000C4323431343038210BD002101804180B6
:101A70008180C18070470029818902D041F40051E2
:101A800001E021F400518181704710B5C1F3421388
:101A900001F01F040121A140012B07D0022B07D028
:101AA0001430002A026805D00A4304E00C30F8E73D
:101AB0001030F6E78A43026010BD002A828A01D006
:101AC0000A4300E08A4382827047028A22F00F02B2
:101AD0000282028A0A4302827047828922F40062EB
:101AE000828182890A43828170470029818902D0DC
:101AF00041F0020101E021F0020181817047028A78
:101B000022F020020282028A0A43028270470029E0
:101B1000018A02D041F4804101E021F48041018238
:101B20007047C1F30801818070478088C0F30800C6
:101B30007047818941F0010181817047028BD2B2E7
:101B40000283028B42EA012101837047028B02F477
:101B50007F420283028B0A43028370470029818AF5
:101B600002D041F0200101E021F020018182704784
:101B70000029818A02D041F0100101E021F010011A
:101B8000818270470029818A02D041F0080101E07A
:101B900021F00801818270470029818902D041F437
:101BA000004101E0C1F30E01818170470029818A63
:101BB00002D041F4006101E021F4006181827047AC
:101BC000828A22F004028282828A0A4382827047D9
:101BD0000029818A02D041F0020101E021F00201D6
:101BE000818270470246002012880A4200D00120FC
:101BF0007047C9430180704770B501F01F05012689
:101C00000024C1F3421306FA05F2012B0FD0022B78
:101C10000FD0838A4FEA11210088134206FA01F699
:101C200000EA060001D000B10124204670BD83897E
:101C3000F0E7038AEEE70A0A01219140C9430180D7
:101C40007047000000380140004400400048004058
:101C5000004C00400050004010B56FF00400FEF74B
:101C600042FC204820490068B0FBF1F01F49C0B297
:101C700000EB40020870C2EBC0104FF6FF7202EAA0
:101C8000C000488010BD1949097848434FF0E02151
:101C9000486100238B61086940F001000861086910
:101CA000C20701D0C003FAD5086920F0010008611D
:101CB0008B6170470D49498848434FF0E0214861E6
:101CC00000238B61086940F0010008610869C207C0
:101CD00001D0C003FAD5086920F0010008618B61CA
:101CE000704700000000002000127A0090000020E1
:101CF000704A1140014370480160704707216E4AE5
:101D00008143121D10684FF6FF0318406B4B1843B8
:101D100040EA012010607047F0B5054614460F46B2
:101D20001E461846FFF7EAFFC6F1040085400F2261
:101D3000F2403A402A436009800000F1E020D0F8E8
:101D4000001104F01F050123AB401943C0F8001136
:101D500004F1E02494F8000440EA021084F800043E
:101D6000F0BD70B5564D8B088C07AE69240F46F058
:101D70000106AE619D00534B2B449E680F25A54084
:101D8000AE439E609D68A04005439D604E4B1C681D
:101D90000120884004431C60D10704D04A490C311B
:101DA0000B6803430B60910704D5474A083211685A
:101DB0000143116070BD424800210161C1601422DD
:101DC00042618161C161026842F0010202604268C1
:101DD0003E4B1A40426002683D4B1A400260026866
:101DE00022F480220260426822F4FE024260816096
:101DF000C0037DE730480830016841F0040101600C
:101E00002F48C16941F08051C1613248416841F4B5
:101E100080714160016841F004010160016841F096
:101E200002010160FEF702BA24482349001D091D82
:101E30000860704741062248826942F001028261CF
:101E40002048426822F0E062426042680A434260F1
:101E5000704730B505460024FFF7ADFF1849086804
:101E600040F4803008600868400CFCD04FF480607B
:101E70004860AD1E4A68E8B242EA8040486048685F
:101E800040F4803048601448026842F03202026038
:101E9000086840F0807008600868400EFCD0486810
:101EA00040F00200486002E04868C0F38104022C60
:101EB000FAD130BD80FFFF1F08ED00E00000FA05F9
:101EC0000010024000000140000401400000FFF843
:101ED000FFFFF6FE00700040002002407047FD4901
:101EE0000A885206FCD5FB4AC1B2121D1180704708
:101EF00030B5054687B0012144F20400FEF751FFDA
:101F00004FF40070ADF8100003208DF81200182077
:101F1000F14C8DF8130004A92046FEF75AFD201558
:101F2000ADF8100004208DF8130004A92046FEF738
:101F300050FD25208DF8140001218DF81510002486
:101F40008DF816408DF8171005A8FEF78CFAADF83D
:101F50000440ADF80640ADF80840ADF80C400C2048
:101F6000DC4CADF80A00009569462046FFF710FDED
:101F7000012240F225512046FFF787FD012120462E
:101F8000FFF779FD07B030BDD249091D0880081F51
:101F900001884906FCD570472DE9F041CF48F4B0DF
:101FA000006807F091F98046CD48006807F08CF989
:101FB0000746CC48006807F087F90646CA4800681B
:101FC00007F082F90546C948006807F07DF9044624
:101FD000C748006807F078F9C949DFF818C3C64B4D
:101FE000C64A09680DF1580EDCF800C01B6812687B
:101FF0008EE80E10C3490A68C3490B68C3490988B3
:10200000DFF80CC3BCF800C0CDF848C01592CDE98C
:102010001313DFF800C39CF800C0BF4B1B78BF4A06
:102020001278BF4909780DF1380E8EE80E10BD49BF
:102030000A78BD490B68BD49CDE90C32CDE90A7873
:102040000978BB4ABB4B12681B68CDE90821BA4925
:10205000CDE90663097803AA029182E83100B74905
:102060000978B7480078CDE90001B648D0F8343196
:10207000B5480278B5491AA805F0B2F81AA800F0D8
:102080006AFA74B0BDE8F0812DE9F04186B080466F
:1020900003AB02AAAEA105F04FF9954C934D02286F
:1020A00072D003AB02AAADA1404605F045F98E4EB1
:1020B0008C4F022872D005A904A8CDE9000103AB1A
:1020C00002AAA9A1404605F037F9042875D002AA52
:1020D000AAA1404605F030F901286DD0A9A14046DB
:1020E00005F044FA0126944C002878D0A8A1404677
:1020F00005F03CFA00287ED0A8A1404605F036FA4B
:1021000000287DD0A8A1404605F030FA00248E4D6D
:10211000002879D0A5A1404605F028FA00287BD0F8
:10212000A4A1404605F022FA002875D0A3A140469C
:1021300005F01CFA00286FD0A3A1404605F016FA5E
:1021400000287BD0A2A1404605F010FA002875D0E7
:10215000A1A1404605F00AFA00286FD0A1A140468F
:1021600005F004FA00287CD0A0A1404605F0FEF955
:10217000002874D09FA1404605F0F8F900286FD0E0
:102180009EA014E000E009E0029807F0D9F8206072
:10219000039807F0D5F828609DA008E0029807F0A2
:1021A000CFF83060039807F0CBF838609BA000F0C0
:1021B000D2F906B066E700E015E0029807F0C0F833
:1021C0002060039807F0BCF82860049807F0B8F87E
:1021D0003060059807F0B4F8386093A0E7E707E0AF
:1021E00009E00DE010E053490298086091A0DEE795
:1021F000267093A0DBE70220207095A0D7E70BE0C4
:102200000320207097A0D2E74D4804702C70012065
:1022100001F0E1FA97A0CAE79F4804809F48048034
:102220009F4804809F480480012001F0D4FA3F4970
:10223000052008709CA0BAE700E012E02878012889
:1022400006D04048D0F83401012801D09DA0AEE767
:10225000002001F0C0FA00F03FFEA1A0A7E70DE0CA
:102260000FE02E7000F038FEA7480480001D0480A7
:10227000001D0480001D0480A4A098E7FFF78CFED9
:1022800097E7A54893E770B5124C40F225552946CB
:102290002046FFF7B1FC002818D029462046FFF75A
:1022A000CAFC2046FFF741FCC0B200259B4A9C4C6B
:1022B0000D280CD00A280AD0A0F120015E2905D8EB
:1022C00021783F2904D25054491C217070BD29E166
:1022D00037E1000000380140000801404C000020B8
:1022E00048000020700000206C00002068000020E2
:1022F000640000203C000020380000203400002052
:1023000030000020DC000020D8000020B0000020B9
:10231000AE0000205C0000205B0000205A0000207E
:102320005900002058000020540000202A000020FE
:1023300044000020180000201C0000202C00002079
:1023400014000020000022422B00002050B00008A2
:1023500042414C20256C6420256C640056454C207D
:10236000256C6420256C640050494420256C642051
:10237000256C6420256C6420256C64004D49442044
:10238000256C64004D4F444520444D500000000032
:102390004D4F4445204B414C4D414E004D4F44451F
:1023A00020434F4D5000000041524D0055415554BF
:1023B0004F0000005541564F4944000055475541D4
:1023C0005244204F4E000000554E4F524D414C009C
:1023D000554F464600000000554755415244204F96
:1023E0004646000053544F500000000053544154DF
:1023F0005553000048454C50000000004552522CF7
:10240000554E4B4E4F574E5F434D440D0A00000052
:102410004F4B2C42414C0D0A000000004F4B2C56F4
:10242000454C0D0A000000004F4B2C5049440D0A4A
:10243000000000004F4B2C4D49440D0A00000000E5
:102440004F4B2C4D4F44452C444D500D0A0000007D
:102450004F4B2C4D4F44452C4B414C4D414E0D0A9A
:10246000000000004F4B2C4D4F44452C434F4D5026
:102470000D0A00004F4B2C41524D2C4B4559325FF9
:10248000454E41424C455F5354494C4C5F52455177
:1024900055495245440D0A001E000020200000202E
:1024A00022000020240000204F4B2C554C54524158
:1024B000534F4E49432C47554152445F4F4E0D0AEE
:1024C000000000004552522C5547554152442C53B0
:1024D000544F505F52455155495245440D0A000032
:1024E0004F4B2C554C545241534F4E49432C47555A
:1024F0004152445F4F46465F5748494C455F5354ED
:102500004F505045440D0A00340400404F4B2C53AB
:10251000544F500D0A000000D8AF0008E001002021
:1025200094000020207800283FF4D0AE15540F48C6
:10253000FFF7AAFD2570BDE8704040210B4804F06C
:10254000F3BF25704021094804F0EEFFBDE870405C
:1025500007A0AFF3008000B5024602E0521CFFF76F
:1025600013FD10780028F9D100BD0000E001002023
:102570004552522C434D445F544F4F5F4C4F4E4792
:102580000D0A000038B501211420FEF70AFC0120D5
:10259000ADF8000004248DF8034069460A48FEF7B0
:1025A00018FAE002ADF800008DF8034069460748CC
:1025B000FEF70FFA38BD10B501210348FEF75FFAA8
:1025C000012800D0002010BD00080140001001408B
:1025D00030B587B001214FF48260FEF7E2FB4FF483
:1025E0000040FEF772FB0220ADF8140000248DF8C5
:1025F000174005A93B48FEF7ECF93B4D2846FDF78F
:1026000085FF4FF46020CDE9020401208DF80440DD
:102610008DF8100000948DF8054069462846FDF7B6
:1026200091FF01212846FDF7B5FF2846FDF7CFFFB2
:102630002846FDF7D1FF0028FAD12846FDF7D3FF41
:102640002846FDF7D5FF0028FAD107B030BD10B5F8
:10265000254C0146072301222046FDF7F3FF012107
:102660002046FDF7CCFF02212046FEF7BFF80028E8
:10267000F9D02046BDE81040FEF728B810B50B2071
:10268000FFF7E5FF06F0D0F94FF06632174B06F082
:10269000DFF90022164B06F0DBF90022154B06F09D
:1026A000D7F96FF00B0207F05AF8BDE8104006F0BA
:1026B00075B910B5104C0146072301222046FDF7DD
:1026C000C1FF01212046FDF79AFF00BF02212046ED
:1026D000FEF78CF80028F9D02046BDE81040FDF741
:1026E000F5BF0000001001400028014066660A4066
:1026F00000002640000059400024014070B50C46FF
:10270000054600F006F821462846BDE8704000F076
:1027100042B8F8B501210420FEF743FB4020ADF894
:10272000000018254D4E8DF8035003248DF802400B
:1027300069463046FEF74DF901210420FEF731FBD2
:102740008020ADF800008DF803508DF802406946F6
:102750003046FEF73EF901210820FEF722FB01205A
:10276000ADF800003E4E8DF803508DF802406946EA
:102770003046FEF72EF901210820FEF712FB022059
:10278000ADF800008DF803508DF8024069463046E0
:10279000FEF71FF9F8BDF0B50D46044687B00121DC
:1027A0000220FEF707FBADF8144000242D4FADF8D2
:1027B0001050ADF81240ADF8164004A93846FEF7A7
:1027C000D7FB6025ADF800500126ADF80260ADF8EA
:1027D0000640ADF8084069463846FEF702FCADF801
:1027E0000050ADF80260ADF80640ADF8084069460B
:1027F0003846FEF72BFCADF80050ADF80260ADF89E
:102800000640ADF8084069463846FEF75BFCADF877
:102810000050ADF80260ADF80640ADF808406946DA
:102820003846FEF789FC08213846FEF727FF0821C5
:102830003846FEF733FF08213846FEF739FF0821F6
:102840003846FEF73BFF01213846FEF7EFFE012137
:102850003846FEF735FE07B0F0BD00000008014025
:10286000000C01400004004010B5012188B048036D
:10287000FEF797FA01211020FEF793FAC020ADF879
:10288000180004208DF81B0006A95748FEF7A1F890
:102890006846FEF7F1FD00204FF6FF71ADF8041019
:1028A000ADF80000514CADF80600ADF802006946E5
:1028B0002046FEF75DFB00231A4603212046FEF763
:1028C0007CFE03A8FEF7EBFD0A21ADF8141003A966
:1028D0002046FEF705FD01212046FFF717F80122EB
:1028E00011462046FEF701FE00212046FEF7E5FFD7
:1028F00001212046FEF7E4FD08B010BD10B588B0F8
:1029000001210420FEF756FA01210820FEF749FABA
:10291000C020ADF8180004208DF81B0006A934482B
:10292000FEF757F86846FEF7A7FD00204FF6FF7147
:10293000ADF80410ADF800002E4CADF80600ADF86F
:10294000020069462046FEF713FB00231A460321C6
:102950002046FEF732FE03A8FEF7A1FD0A21ADF8DE
:10296000141003A92046FEF7BBFC01212046FEF708
:10297000CDFF012211462046FEF7B7FD002120467B
:10298000FEF79BFF01212046FEF79AFDB4E70021E8
:10299000032805D0042805D0082806D00020704759
:1029A000154A04E0134A243201E0104A2432B2F9F5
:1029B00000001180704710B50E4C01212046FEF733
:1029C0009EFF2046BDE810400121FEF7AEBF10B5C6
:1029D000064C01212046FEF792FF2046BDE810403C
:1029E0000121FEF7A2BF00000010014000340140A9
:1029F000000C0140000800402404004008B50121FB
:102A00000820FEF7CEF94FF44040ADF8000010204A
:102A10008DF8030003208DF802006946FE48FDF79B
:102A2000D8FF08BD70B5FC48001D016821F0704159
:102A30000160016841F040510160F84C0120C4F888
:102A4000BC01D4F83C1149B1C4F8B801FFF71BF937
:102A50000025C4F8BC51D4F83C0108B1002070BD79
:102A60000120FFF710F9C4F8B851012070BDEA4801
:102A700010B5001D016821F070410160016841F04E
:102A800040510160E54C0020C4F8B801C4F8BC0115
:102A9000012004F5DC74FFF7F6F801202060606087
:102AA000BDE81040FFF7EFB870B5DB480024001D0B
:102AB000016821F070410160016841F0004101604E
:102AC000D64D0126C5F8BC613046FFF7DCF8C5F8E5
:102AD000B86107E0641CE4B2322C03D9FFF7C7FFEA
:102AE000002070BD0120FFF7CEF8D5F83C0100288A
:102AF000F0D1C5F8B801012070BD70B5C74C0025F4
:102B0000C4F8B851C448001D016821F0704101604B
:102B1000016841F040510160C4F8BC51012004F546
:102B2000DC74FFF7B0F801202060FFF7ACF82560F7
:102B300070BD70B5B94C0026C4F8B861B648001D28
:102B4000016821F070410160016841F0405101606D
:102B50000125C4F8BC51284604F5DC74FFF793F84E
:102B600025600120FFF78FF8266070BD2DE9F04148
:102B70000546A948001D016821F070410160016807
:102B800041F040510160A54E0027C6F8B8713C469F
:102B90004FF00108E809C6F8BC016806050E0120DF
:102BA000FFF771F8C6F8B8810120FFF76CF8C6F896
:102BB000B8710120FFF767F8641CE4B2082CE9D370
:102BC000BDE8F0812DE9F0411D4616460C4607464A
:102BD000FFF728FF68B17806000EFFF7C7FFFFF781
:102BE00063FF40B12046FFF7C1FFFFF75DFF002400
:102BF0000BE00120E4E7FFF73AFFFAE7285DFFF773
:102C0000B5FFFFF751FF10B1641CB442F6DBFFF7CC
:102C10002EFF0020D4E72DE9F04781467E480024AE
:102C2000001D016821F070410160016841F0004120
:102C300001607A4E254627464FF00108C6F8B87164
:102C40000220FFF720F8C6F8B8816006040ED6F817
:102C50003C0108B1641CE4B20220FFF714F86D1CBB
:102C6000EDB2082DEAD3B9F1000F02D0FFF745FF0E
:102C700001E0FFF75EFF2046BDE8F0872DE9F04157
:102C80001D4614460F460646FFF7CCFEB0B170064F
:102C9000000EFFF76BFFFFF707FF88B13846FFF71D
:102CA00065FFFFF701FFFFF7BDFE012000EB4600C7
:102CB000C0B2FFF75BFFFFF7F7FE0DE001207FE7F3
:102CC000FFF7D5FEFAE7012C0CD00120FFF7A3FF98
:102CD000641E05F8010BE4B2002CF4D1FFF7C7FE27
:102CE00000206DE70020F1E770B50D460446FFF7C0
:102CF00099FE2046FFF73AFFFFF7D6FE2846FFF77A
:102D000035FFFFF7D1FEFFF78DFE641CE0B2FFF741
:102D10002DFFFFF7C9FE0020FFF77DFF0446FFF7F8
:102D2000A6FE204670BD2DE9F0411D461646884698
:102D300007460024FFF776FE3846FFF717FFFFF738
:102D4000B3FE4046FFF712FFFFF7AEFEFFF76AFE45
:102D50007F1CF8B2FFF70AFFFFF7A6FE771E09E017
:102D6000BC4201D0012000E00020FFF754FF2855AD
:102D7000641CE4B2B442F3D3FFF779FE20461FE7A8
:102D80002DE9F0411D461646884607460024FFF708
:102D900049FE3846FFF7EAFEFFF786FE4046FFF79A
:102DA000E5FEFFF781FE06E0285DFFF7DFFEFFF797
:102DB0007BFE641CE4B2B442F6D3FFF758FE012058
:102DC000FEE610B51446FFF78FFF2070012010BDFE
:102DD00007B502AB0122FFF7D3FF0EBD2DE9F84383
:102DE00014461E460D4680466A46089FFFF7E9FFD7
:102DF000002820D0621CFF2000FA02F1C4F1080272
:102E00003244521ED0400143C6F108008740FAB256
:102E1000C4F10700C24003E0000C014000802142E1
:102E20009DF80000084010438DF80000C2B229460A
:102E30004046FFF7CDFFBDE8F883F8B515461C46C0
:102E40000E4607466A46FFF7BCFF01209DF80010BA
:102E5000A8400CB1014300E08143CAB28DF80020C4
:102E600031463846FFF7B4FFF8BD00001FB5012119
:102E70000846FDF796FF01210820FDF792FF4FF469
:102E80000074ADF80C4048208DF80F0003A91148DC
:102E9000FDF79FFD09210120FDF74FFE00208DF871
:102EA00004000C2000948DF8050001248DF80640E4
:102EB0006846FDF7D1FC17208DF8080002208DF838
:102EC00009008DF80A408DF80B4002A8FDF7CBFAF7
:102ED0001FBD0000000C014010B500F0DBF8724986
:102EE0000020087010BD10B5044600F0D3F86E48FD
:102EF00004700120012C07D0022C07D0032C08D02D
:102F0000042C05D1694902E0694900E0694908805B
:102F100010BD6949FBE770B5054686B00121082060
:102F2000FDF73FFF01218804FDF744FF4FF4806067
:102F3000ADF8100003248DF8124018205F4E8DF874
:102F4000130004A93046FDF744FDF014ADF810005D
:102F500004208DF8130004A93046FDF73AFD272020
:102F60008DF814008DF8154000248DF816400120CE
:102F70008DF8170005A8FDF776FAADF80440ADF816
:102F80000640ADF80840ADF80C400C204C4CADF8B4
:102F90000A00009569462046FEF7FAFC012240F23D
:102FA00025512046FEF771FD01212046FEF763FD05
:102FB00006B070BD10B5432839D016DC052834D0D2
:102FC00006DC05282ED2DFE800F04B2E323232002C
:102FD00008282ED004DC06282BD0072822D128E090
:102FE000412820D042281DD121E0552812D008DCEC
:102FF000A0F14400052815D2DFE800F019171B1BCB
:103000001B003049582818D0592821D05A2827D0D9
:10301000752807D100F03EF8012000F0DCFB2249C2
:103020000520087010BD012004E0022002E0042009
:1030300000E00320BDE8104055E70888B0F5FA7FAE
:1030400002D80888643001E04FF41670088010BD83
:103050000888C82802D308886438F7E76420F5E7B1
:10306000BDE8104038E770B5154D40F225542146B3
:103070002846FEF7C1FD00280BD02846FEF755FD77
:10308000C0B2FFF797FF21462846BDE87040FEF723
:10309000D2BD70BD06490020088006490880064957
:1030A00008800249088070472A0000202400002080
:1030B0001E0000202000002022000020000C014003
:1030C000004800402800002070B50022F44C012385
:1030D00011B1C4F88C3101E0C4F88C21F14D00210C
:1030E000C5F8B821060602D5C4F8943101E0C4F849
:1030F0009421C5F8B8314006491C000EC9B2082910
:10310000EED3C4F88C3170BD70B5E74E002505F1E3
:10311000B000C0B20021FFF7D7FF00210846FFF73B
:10312000D3FF00211020FFF7CFFF002406EBC400DF
:103130000121405DFFF7C8FF641CE4B2802CF5D389
:103140006D1CEDB2082DE2D370BD00B500218D20BD
:10315000FFF7BAFF00211420FFF7B6FF0021AF20D0
:103160005DF804EBB0E700B500218D20FFF7ACFF60
:1031700000211020FFF7A8FF0021AE205DF804EB2E
:10318000A2E710B40021C84B0A46002003EBC0049C
:10319000401CC0B262548028F8D3491CC9B2082927
:1031A000F3D310BCB0E710B57F2816D83F2914D848
:1031B0000723A3EBD10301F00701C1F107040121AB
:1031C000A140B94CDBB204EBC000002AC25CC9B21A
:1031D00001D00A4300E08A43C25410BD2DE9F04FEC
:1031E000203A9C460D468246884602F0FF0900269A
:1031F000DDF824B02FE0BCF10C0F08D0AB4901EB97
:1032000009100027845D200607D55A4609E0A84921
:1032100009EB490001EB8000F3E7BBF1000F12D08E
:10322000002229465046FFF7BEFF60066D1C040EC3
:10323000EDB2A5EB0800604507D10AF10100454653
:1032400000F0FF0A05E00122EBE77F1CFFB2082F28
:10325000D9D3761CF6B26645CDD3BDE8F08F0346D0
:10326000012000E05843491EC9B2FBD270472DE946
:10327000FF4F81B00027DDF838B01D4692468046EA
:103280003C464FF001094FEA5B0627E0281B401E31
:10329000C1B20A20FFF7E3FFBAFBF0F00A21B0FB4E
:1032A000F1F201FB120027B9691E8C4201DA48B124
:1032B00001273030C2B206FB0480C0B25B46CDF8B5
:1032C000009006E006FB0480C0B25B462022CDF8E9
:1032D00000900299FFF782FF641CE4B2AC42D5D3A0
:1032E00005B0BAE7F8B516460D460446012714E0C6
:1032F0007A2C02D900241035EDB23A2D03D90024DE
:103300002546FFF73EFF009732780C2329462046DA
:10331000FFF764FF0834E4B2761C30780028E7D168
:10332000F8BDF8B50220FEF785FD0120FEF782FD0D
:1033300001211820FDF735FD01210820FDF731FDA1
:103340004FF48040ADF8000010248DF803400325B1
:103350008DF8025069465748FDF73BFB2020ADF839
:103360000000554E8DF803408DF8025069463046F6
:10337000FDF72FFBADF800408DF803408DF80250AB
:1033800069463046FDF725FB0820ADF800008DF8B2
:1033900003408DF8025069463046FDF71AFB404C59
:1033A0000020C4F89001642004F5C874FEF782FC84
:1033B000012020600021AE20FFF786FE0021D520ED
:1033C000FFF782FE00215020FFF77EFE0021A8209B
:1033D000FFF77AFE00213F20FFF776FE0021D32081
:1033E000FFF772FE00210846FFF76EFE0021402025
:1033F000FFF76AFE00218D20FFF766FE00211420F2
:10340000FFF762FE00212020FFF75EFE0021022070
:10341000FFF75AFE0021A120FFF756FE0021C02031
:10342000FFF752FE0021DA20FFF74EFE00211220A6
:10343000FFF74AFE00218120FFF746FE0021EF2022
:10344000FFF742FE0021D920FFF73EFE0021F120C8
:10345000FFF73AFE0021DB20FFF736FE0021302087
:10346000FFF732FE0021A420FFF72EFE0021A62048
:10347000FFF72AFE0021AF20FFF726FEFFF781FEAF
:10348000F8BD10B5072809D80021074B0A4603EB01
:10349000C104491CC9B222548029F8D310BD0000D0
:1034A000008021420000224220020020AA9C000845
:1034B0003698000800100140000C014070B5B74874
:1034C0000021417081608170012101704FF08044C2
:1034D00000212046FEF7F1F947F230512046FEF771
:1034E000F0F902212046FEF720FA00F028F9AC4D51
:1034F000E41321462846FDF7D6FA0F20FEF7C3FB5A
:1035000021462846BDE87040FDF7CFBA2DE9F041CD
:10351000012188B00846FDF74DFC01211420FDF77C
:1035200040FC0227ADF8007028208DF80300032529
:103530008DF8025069469B48FDF74BFABC03ADF885
:10354000004010208DF80300954E8DF8025069461A
:103550003046FDF73EFA21463046FDF7A6FA4FF613
:10356000FF70ADF814004720ADF8100000244FF0B4
:103570008048ADF81640ADF8124004A94046FDF76A
:10358000F7FC0420ADF804000126ADF80860ADF8A2
:103590000640ADF80A40ADF80C5001A94046FDF7D1
:1035A0009FFE1C208DF81C008DF81D608DF81E708C
:1035B0008DF81F6007A8FCF756FF0122072140463F
:1035C000FDF793FF01214046FDF77AFF7348047031
:1035D000447084708460C470C46004717248046074
:1035E0004460047244720168C16041680161017AFB
:1035F0000175417A41756D4804606D4804706D48ED
:103600000470FFF75BFF08B0BDE8F0812DE9F047DB
:1036100000254FF0E0294FF080582C462F462946D0
:10362000C9F880815D4846780EB1856841700170A7
:1036300000F085F8C9F800818EB1681E47F22F515D
:1036400088420CD205EB05106421B0FBF1F4142C78
:1036500001D2142402E0B4F57A6F00D8012739466C
:10366000204600F073F8BDE8F04727E74B49C978DA
:103670004D4A01EB410152F8213002EB8101036018
:103680004A6842600A7A0272497A417270472DE9AB
:10369000F04101218F073846FEF73BF93F4C60B1FE
:1036A00001213846FEF741F92078022805D1A0789B
:1036B0003F2802D2A078401CA07002213846FEF7B5
:1036C00028F90025012647F2305858B10221384622
:1036D000FEF72BF9207828B1C4F8088066702570B1
:1036E00000F02DF804213846FEF713F900288BD09E
:1036F00004213846FEF719F9207801280FD02078E8
:10370000022881D13846FEF7EFF8A17800EB01409E
:10371000A06066702570BDE8F04100F010B802208E
:103720002070A57000213846FEF7C7F8414638469C
:10373000FEF7C7F8398C41F02001398464E74FF077
:103740008040018C21F0200101847047F0B5134DB9
:10375000EA78164E82F0010219B100232B7104465B
:1037600005E02B79FF2B01D25B1C2B7134680E4FC7
:1037700002EB420347F82340EC6807EB8303641C29
:10378000EC605C6019722C795C72EA7001B1306097
:103790000748017007480470F0BD00009C0000203D
:1037A00000100140000801402006002054000020C5
:1037B000580000205C00002010B5FE4C2178FE4827
:1037C00000F0C4FC2078FD494870207800B1012049
:1037D000FB49087010BD00B10120F6490870704720
:1037E00010B5F84B4FF4E1521C1D002804DD1A807F
:1037F000C0F5E150208003E000F5E1501880228000
:10380000F0480830031D002904DDC1F5E1510180B5
:103810001A8010BD028001F5E151198010BD70B50C
:10382000E94BD3F83421E94D0024012A00D12C7052
:10383000E74A1470E74EB04202D8E74EB04201DDCD
:10384000012014E0D3F83401012808D0E3480078BF
:10385000012806D0B1F57A7F05DA042007E00220BE
:1038600005E0032003E02878012801D1052010702D
:10387000107858B10125FFF72FFBD2480480001DB6
:103880000480001D0480001D048000E000252846FF
:1038900070BD2DE9F0418046CC4814460D460078B5
:1038A00000282ED0C54ECE4FF08988B938680A3826
:1038B00005F046FD414605F06FFD09D238680A3033
:1038C00005F03EFD414605F067FE01D205B91CB189
:1038D000F089012802D016E00120F081308A002111
:1038E000401C80B23082322801D93182F181032D0F
:1038F00009DD032C07DD642D05DA642C03DAF18180
:103900000120BDE8F0810020FBE7002800DA4042FA
:1039100070472DE9F047A94C90460246E0881E46C4
:1039200089460025A0B94046FFF7EFFF0146304623
:10393000FFF7EBFF0844962809DA2089401C81B282
:1039400021810A2904D90120E080258103E0258115
:10395000E08801281ED16089401C80B26081C8289F
:1039600001D96581E5809F489D4F824212DD38680C
:10397000143805F0E5FC494605F00EFD0AD238681A
:10398000143005F0DDFC494605F006FE02D20220A7
:10399000E08002E0E088022813D1A089401C80B2B8
:1039A000A081642801D9A581E58008EB0600FFF716
:1039B000ACFF40F6B831884203DDE5800120BDE868
:1039C000F0870020FBE7884200DD0846904200DADD
:1039D000104670472DE9F0410746834800250668E8
:1039E00082480188B9B1008805F0C2FC01468048D0
:1039F0000088724C012811D07E48008801280FD021
:103A0000002060657C48008801280DD07B48008834
:103A1000012809D00AE04FF07E51E8E7784800E03D
:103A2000784805F08FFBECE777480568384629466B
:103A300005F0E6FC754F394605F084FB0546314636
:103A4000606D05F0DDFC394605F07CFB294605F08C
:103A500005FBBDE8F04105F037BCF0B508448DB07A
:103A60000024404205F06CFC544E706462480188AA
:103A70006748012904D061490988012902D003E07F
:103A8000048801E000884442D6E9090105F0E6FA1D
:103A90004FF0FF3105F091FE05F016FC050000D552
:103AA000002505A8FFF7E2FD424F7078397888427B
:103AB00005D03978404800F05EFB38787070CDE969
:103AC000004505980290069803909DF81C008DF81B
:103AD00010009DF81D008DF811006A46364908A8AF
:103AE00000F05CFB09AA92E82300F4623063718065
:103AF000090CB180324AE9B21170032915D00021B6
:103B0000444A117005F01CFC00F0F8FA4249F064D8
:103B1000884202DC4149884200D9F164C5F307209C
:103B2000002420B13465706C0DE00121E8E73C49C8
:103B3000B06C05F065FC05463A49706C05F060FC18
:103B4000294605F08BFA0146B0640D46306D05F04C
:103B500085FAF16C05F082FA33493065884202DC5F
:103B60003249884200D9316531480168306D05F02D
:103B700047FC264905F0E6FA07462E480168284624
:103B800005F03EFC2C4905F0DDFA394605F040FD14
:103B900030642A4801682A480068FFF740FE01287F
:103BA00003D00E480078012800D13465306C0DB088
:103BB00048E000005A00002038060020AC00002039
:103BC0005B0000203404004000002242140000206A
:103BD0002C000020000020C2000020422B0000200A
:103BE000180000200060EA46740000202600002033
:103BF00022000020240000201E00002020000020C1
:103C0000000058C200005842780000200000C8425E
:103C1000280000205900002000001645000016C5AD
:103C20003D0A573F0AD7233E008CB948008CB9C8DB
:103C3000700000206C0000200000C8C2440000207A
:103C400048000020BDE8F04005F03EBB70B50546D9
:103C5000FA480C46006805F073FB294605F0D8FCCD
:103C6000F749054684F00040096805F0C9FBF549AD
:103C700005F068FA0446F548F349006805F062FA71
:103C8000294605F0BDFB214605F0C2FCBDE87040A9
:103C900005F01ABB2DE9F35F04F0AFFEEC4D0022F6
:103CA0002B4604F0D5FE6FF00106324605F057FDB5
:103CB000E84F00223B4604F0DDFCDFF89C83002245
:103CC000434604F0D7FC04F0E7FB05F09BF9DFF86E
:103CD0008C93DFF88CB34A465B4604F0B9FEDFF8FC
:103CE00084A30022534604F0B3FE04F0D5FBDE4C5F
:103CF0006062019804F081FE00222B4604F0A8FEC9
:103D0000324605F02CFD00223B4604F0B3FC0022B5
:103D1000434604F0AFFC04F0BFFB05F073F94A46DC
:103D20005B4604F095FE0022534604F091FE04F039
:103D3000B3FBA062BDE8FC9F2DE9F05F044602F0F2
:103D400013FFCA49DFF82883CA4FDFF82C93DFF846
:103D50002CA3CB4D0860012C7ED04421D020FEF74F
:103D6000C3FF04464321D020FEF7BEFF04EB002032
:103D7000BD4C4621A083D020FEF7B6FF0646452164
:103D8000D020FEF7B1FF06EB002020844821D02090
:103D9000FEF7AAFF06464721D020FEF7A5FF06EB57
:103DA0000020E0833C21D020FEF79EFF06463B2109
:103DB000D020FEF799FF06EB0020E0823E21D020C4
:103DC000FEF792FF06463D21D020FEF78DFF06EB61
:103DD000002060824021D020FEF786FF06463F216A
:103DE000D020FEF781FF06EB002006B2A682B4F9D0
:103DF0001C00404205F0A4FA3860304604F0FDFD96
:103E000006460F46B4F9120004F0F7FD32463B4671
:103E100004F038FADFF86CB200225B4604F018FEBA
:103E20008E4A8F4B04F026FC04F0B8FD2083B4F9D1
:103E3000140004F0E2FD06460F46B4F9160004F043
:103E4000DCFD32463B4604F01DFA00225B4604F0DE
:103E5000FFFD824A824B00E01DE004F00BFC04F001
:103E60009DFD6083B4F91C0005F06AFA864E314668
:103E700005F068F98346B4F9200005F061FA31468F
:103E800005F060F906468148814F0078022817D076
:103E9000032827D03AE002F0D4FD7E4C2968C8F808
:103EA0000010B4F9000005F04BFA3860B4F90400D2
:103EB00005F046FAC9F800007748B0F9040030E090
:103EC000B4F9180005F03CFA594600F02DFA80F0DC
:103ED00000402860B4F91A0005F032FA314600F0CB
:103EE000E4FA10E0B4F9180005F02AFA594600F097
:103EF000C0FA80F000402860B4F91A0005F020FAFA
:103F0000314600F076FB80F0004038602968C8F840
:103F10000010B4F91E0005F013FAC9F80000B4F956
:103F2000140005F00DFACAF80000BDE8F09F2DE975
:103F3000F05F5A48D0F8240100287CD158494FF44A
:103F4000007008600420FEF722FD564E3060082005
:103F5000FEF71DFD544D444F40422860387878B13B
:103F60000020387049480078FFF7E6FE296830687D
:103F7000FFF790FE4D4A10780024012802D00AE095
:103F80000120EEE74A490878401CC0B208700D28AD
:103F900001D10C7014703878DFF818B101284BD0BB
:103FA0003448DFF8CC800168D8F80000FFF74EFEF7
:103FB000814629683068FFF750FD07462E480068A3
:103FC000FFF708FD09EB070201465018DFF8E8A0EB
:103FD000DFF8E890511ACAF80000DFF8E4C0C9F829
:103FE000001057464B46624641F6F421FFF7EBFCC2
:103FF0003860624641F6F4211868FFF7E4FC186067
:104000001E482B683268D8F800100068FFF781FC62
:104010002C4F08B1012038702A6845463168D8F81D
:104020000000FFF736FC00B13C70DBF80010286898
:10403000FFF7F5FB08B15FE046E057E0180000200D
:10404000680000200000C8420000C8C264000020D0
:104050000000694000003E4000407F40F1D4C8535A
:10406000FB21094000C05040AC000020400000206F
:10407000480000204C00002050000020600000207C
:10408000C401002000806640333383411C000020BF
:10409000C0010020C8010020CE0100200080214284
:1040A0001404014030000020340000205E00002095
:1040B0005D00002044000020380000203C0000206B
:1040C0000CE5FFFF14000020FEF7D8FA7863B96B07
:1040D000491CB963FA6B64291044F8630CD190FB56
:1040E000F1F1CBF80010FC63BC6305E0D9F80010D7
:1040F000DAF80000FFF774FB002016E710B504F0B3
:1041000081FF0D4A0D4B04F0B5FA00220C4B04F070
:10411000B1FA022205F023FB00220A4B04F098FCBE
:104120000022094B04F094FC012205F018FBBDE8C5
:10413000104004F0B1B90000D3DEE00B934F6A40A9
:104140000000694000003E4000407F4000220260C5
:104150004260002901D04FF0010101724272827267
:10416000C2720273427302D04FF0010101E04FF0BE
:10417000000181737047002901D04FF001010172E5
:104180004FF000018172C1720173417302D04FF090
:10419000010101E04FF00001817370472DE9F05FEC
:1041A00083460C461068516815468146884200DAFD
:1041B00008464FF44872002100F0AEF8B42148439D
:1041C0004FF47A7190FBF1F04FF48C7278217830D3
:1041D00000F0A2F882B202F1B40086B2783862F33D
:1041E0000F081FFA80FC66F31F480021207AC246A0
:1041F00061F30F2730B1D5F80C80206880450AD0D4
:10420000012009E02A68A173CBF808A0CBE900924D
:1042100061F307077CE00020012358B3C4F8008055
:10422000287C50B3A86860606372A868904201D887
:10423000A37210E094F80A80B8F1000F0CD060452A
:1042400009D3207B032804D2401CC0B2207303286A
:1042500002D3A17200E02173E07A58B1A8689042BD
:1042600009D9607B022804D2401CC0B260730228C6
:1042700009D3E17207E0617305E021736173687C23
:10428000032800D3E372A07A08B1032612E0E07A93
:1042900008B104260EE0287C08B1A86800E0606838
:1042A00094F809C0BCF1000F03D0864201D9022660
:1042B00000E00126286866F3070700281CDD032EAE
:1042C00004D0042E04D0022E07D01CE0084615E0CE
:1042D0006422002100F020F815E02B7C0BB1AB68C4
:1042E00000E063689A4201D308460CE0991A4843FB
:1042F000B42190FBF1F006E0032E04D1A17B032949
:1043000001D063F30F27A673CBF808A0CBE9009088
:10431000CBF80C70BDE8F09F884201DA0846704780
:104320009042FCDD104670472DE9F34FBF4E85B03B
:104330000846B168BC4D049105F06AF931680091F6
:1043400005F05EF8716804F089FE06F15C040290E5
:1043500067682846394605F05BF9D4F80890494665
:1043600005F056F9B24A1060E168884681F00045D0
:10437000B0495560C2E90251009905F041F8216841
:1043800004F06CFE83462846009905F039F805468E
:10439000394604F063FE82462846494604F05EFE34
:1043A0008146A448009905F02BF8414604F056FEDA
:1043B00080460299059805F02BF9009059464FF078
:1043C0007E5005F01DF8054649464FF07E5005F039
:1043D00017F8039029464FF07E5005F011F84FF082
:1043E0007C5104F03BFE07460146284604F0AAFE35
:1043F00001903946039804F0A5FE039051464FF012
:104400007E5004F0FDFF07462946019804F0F8FFAE
:10441000594605F0F2F820603946019804F0F0FFA3
:10442000514605F0EAF860602946039804F0E8FF79
:10443000494605F0E2F8A0603946039804F0E0FF31
:10444000414605F0DAF8E060DDE9001004F0D8FF3D
:10445000029904F003FE706004460099039804F08A
:10446000CFFF049904F0FAFDB060204607B0BDE824
:10447000F08F2DE9F0416D4C0A4607466E4E10460E
:10448000216804F0BDFFE16A04F0E8FD01466B48D5
:1044900004F0B6FF05463146384604F0B1FF294620
:1044A00004F0DCFDE062BDE8F0812DE9F34F5F4EE2
:1044B00085B00846716B5C4D049105F0A9F8316830
:1044C000009104F09DFF316B04F0C8FD06F16C040F
:1044D000029067682846394605F09AF8D4F80890A3
:1044E000494605F095F8524A10321060E168884656
:1044F00081F000454F495560C2E90251009904F02E
:104500007FFF216804F0AAFD83462846009904F045
:1045100077FF0546394604F0A1FD82462846494604
:1045200004F09CFD81464348009904F069FF414630
:1045300004F094FD80460299059805F069F8009012
:1045400059464FF07E5004F05BFF054649464FF058
:104550007E5004F055FF039029464FF07E5004F042
:104560004FFF4FF07C5104F079FD07460146284685
:1045700004F0E8FD01903946039804F0E3FD039050
:1045800051464FF07E5004F03BFF07462946019804
:1045900004F036FF594605F030F82060394601989E
:1045A00004F02EFF514605F028F860602946039874
:1045B00004F026FF494605F020F8A060394603982C
:1045C00004F01EFF414605F018F8E060DDE9001038
:1045D00004F016FF029904F041FD3063044600998F
:1045E000039804F00DFF049904F038FD7063204631
:1045F0003CE72DE9F0410D4C0A4607460E4E1046A9
:10460000216804F0FDFEA16D04F028FD01460B4871
:1046100004F0F6FE05463146384604F0F1FE294620
:1046200004F01CFDA0653EE76F12833A04010020F0
:1046300048060020A69B443B0AD7A33C48E17A3FAA
:10464000F8B5FA4C0023224694F82460D2E900120F
:104650005D1E56B190B102200DE01078C97B6B460B
:104660000122FEF7AFFA60B90DE0A67A4EB128B18B
:10467000607C58B901208DF80000EEE78DF800301D
:10468000EBE72846F8BD9DF8000060740020F8BDF7
:1046900038B50024E54D12E02868C27AA2420CD059
:1046A000407DA04209D008786B4601222146FEF7E2
:1046B000E5FA10B14FF0FF3038BD641CE4B2696810
:1046C0000879A042E8D8002038BDD84A30B40B465B
:1046D00011684FF0FF34CD7A854206D0497D814282
:1046E00003D051680A79824202D8204630BC704714
:1046F0000C780146204630BC0122FEF7BFBA38B51F
:10470000CA4D044695F82300A04201D1002038BDCF
:104710000CB1302000E000208DF80000A87C28B10A
:104720009DF8000040F002008DF8000095F822008E
:1047300028B19DF8000040F080008DF80000286846
:104740006B460122017D68680078FEF73BFA10B1E4
:104750004FF0FF3038BD85F82340D7E7F8B5044661
:1047600010F0700F4FF0000601D0012004E014B1EA
:104770008DF8006002E040208DF80000AB4D6B46E4
:1047800001222868817C68680078FEF71BFA4FF0E8
:10479000FF3760BB9DF8000020F0400028738DF8C3
:1047A0000060600602D404208DF80000A00605D445
:1047B0009DF8000040F002008DF80000E00605D4EE
:1047C0009DF8000040F001008DF80000200705D49E
:1047D0009DF8000040F038008DF8000028686B4616
:1047E0000122C17C68680078FEF7ECF910B1AE7266
:1047F0003846F8BD24B1082C02D00020FFF77FFF17
:10480000AC722E753220FDF755FA0020F8BDF8B5D0
:10481000864D0446A87CA04201D10020F8BD834803
:104820004FF0FF366B46D0E900104FF001020979D6
:10483000007834B3FEF722FAD8BB9DF800006B462F
:1048400020F020008DF800002868012201796868B6
:104850000078FEF7B7F960BB0320FDF72BFA0220C2
:104860008DF8000095F8220070B382202AE02868B5
:104870006B460122017D68680078FEF7A3F9C0B994
:104880002DE0FEF7FBF9A0B9A87AC0079DF800005B
:1048900002D040F0200001E020F020008DF8000060
:1048A00028686B460122017968680078FEF78AF96A
:1048B00008B13046F8BD0320FDF7FCF995F8220059
:1048C00000B180208DF8000095F823000028CED09C
:1048D0009DF8000040F030008DF80000C7E7AC7490
:1048E0009BE7F8B5514D4FF0FF36A87A00287CD0F1
:1048F00000248DF8004028686B460122C17B68685F
:104900000078FEF75FF900286FD128686B46012216
:10491000417968680078FEF755F9002865D1286864
:104920006B460122017968680078FEF74BF9002890
:104930007AD195F82400C8B30C208DF800002868BF
:104940006B460122017968680078FEF73BF9002880
:104950006AD1C0208DF80000A87AC00702D0E020FC
:104960008DF8000028686B4601220179686800789C
:10497000FEF728F9002857D1687C18B102208DF87D
:10498000000001E08DF8004028686B460122C17BE1
:1049900068680078FEF716F938BB8DF80040286883
:1049A0006B46012241796868007839E0FFE704200E
:1049B0008DF8000028686B4601220179686800784C
:1049C000FEF700F988B9A87C80B9A87AC0070DD095
:1049D00060208DF8000028686B4601220179686824
:1049E0000078FEF7EFF800B902E01DE04020F0E7A4
:1049F000687C18B101208DF8000001E08DF80040BE
:104A000028686B460122C17B68680078FEF7DAF8F7
:104A100050B92868054B0122417968681033007845
:104A2000FEF7D0F8002800D03046F8BD8001002005
:104A30002DE9F041FF4D20F00104002695F82400F7
:104A400010B10020BDE8F081A87A4FF0FF3838B1EE
:104A500020402F7C2874A04200D0464624B901E0B3
:104A60004046EFE7287D40B10120FFF7E9FD3CB16A
:104A7000FFF737FF20B12F74F2E70020FFF7E0FDCA
:104A80003046DFE738B5EB4C4FF0FF35A17A31B354
:104A9000BC2801D3012010E0622801D302200CE0E1
:104AA0002A2801D3032008E0142801D3042004E0BD
:104AB0000A2801D3052000E006208DF80000E07AE6
:104AC0009DF80010884201D1002038BD20686B4657
:104AD0000122817860680078FEF774F808B12846F2
:104AE00038BD9DF80000E072EEE72DE9F84304467A
:104AF0004FF0FF39282844D80727CE4D00267CB137
:104B00000120FFF7FCFD20208DF800004FF0010888
:104B1000012C17D0052C18D88DF8018005201FE036
:104B20000020FFF7ECFD8DF800608DF8017028681B
:104B30006B460222817C68680078FEF743F800BB70
:104B40002E7529E08DF80160E8E7142C04D80220C6
:104B50008DF801000A2003E003208DF801001420E5
:104B6000FFF790FF9DF801006B4607EB80108DF872
:104B7000010028680222817C68680078FEF722F82C
:104B800010B14846BDE8F8830820A8722E7385F856
:104B900014800020FFF74CFF0020F3E7F8B5A54D87
:104BA00004464FF0FF37A87A28B395F8240010BBCD
:104BB000287D48B12CB1282C03D8E0B2FFF795FF2F
:104BC00024E00020FFF791FF4FF47A76042C01D205
:104BD000042402E0B44200D93446B6FBF4F0401E8F
:104BE0008DF8000028686B460122417868680078DB
:104BF000FDF7E8FF08B1384617E79DF80000401CB4
:104C0000B6FBF0F0E8814008FFF73CFF00200CE71E
:104C100038B5884C4FF0FF35A17A19B3022806D079
:104C2000042806D008280ED010281BD10DE0002043
:104C300000E008208DF80000607A9DF80010B0EBCD
:104C4000D10F04D005E01020F4E71820F2E700208F
:104C500038BD20686B460122C17960680078FDF795
:104C6000B1FF08B1284638BD9DF80000C008607249
:104C7000EDE738B56F4C4FF0FF35A17A31B3FA2824
:104C800009D0B0F5FA7F08D0B0F57A7F0FD0B0F533
:104C9000FA6F1BD10DE0002000E008208DF8000025
:104CA000207A9DF80010B0EBD10F04D005E0102061
:104CB000F4E71820F2E7002038BD20686B46012297
:104CC000817960680078FDF77DFF08B1284638BD1E
:104CD0009DF80000C0082072EDE72DE9FC41554C1D
:104CE00080208DF8000020686B460122817C60687E
:104CF0000078FDF767FF4FF0FF37002832D16420BE
:104D0000FCF7D8FF00258DF8005020686B46012283
:104D1000817C60680078FDF755FF002870D120681D
:104D20006B460622817D60680078FDF7A7FF0028AA
:104D300066D19DF805009DF80310C007400F01F0F3
:104D4000010140EA41019DF801004FF0010600F029
:104D50000100014309D0012905D0022915D036A050
:104D600002F032FA4CE0E67410E020686B46012253
:104D7000C17860680078FDF781FF40BB9DF80000B6
:104D800010F00F0020D0042822D0E574FF2004F892
:104D90000A0F4FF6FF7104F8020C04F8010C607062
:104DA000A180A0712072A67026766576E572A57244
:104DB000E56025616561A576E576A5834FF4FA6027
:104DC000FFF757FF18B907E0254802F0FDF917E093
:104DD00024A002F0F9F9C6E70220FFF719FF78B91D
:104DE0002A20FFF74FFE58B93220FFF7D7FE38B917
:104DF0000020FFF71DFE18B90020FFF708FD10B1D5
:104E00003846BDE8FC810020FFF7A8FC0020F8E749
:104E100070477CB5044607484FF0FF35817A11F0A2
:104E2000700F32D0016840686B46097B007806221B
:104E300028E0000080010020556E737570706F725D
:104E400074656420736F6674776172652070726F29
:104E500064756374207265762025642E0A00000054
:104E60002CB1000848616C662073656E73697469C3
:104E700076697479207061727420666F756E642E25
:104E80000D0A0000FDF7FAFE08B128467CBDBDF80A
:104E9000000040BA2080BDF8020040BA6080BDF832
:104EA000040040BAA08000207CBD7CB50446FE48CA
:104EB0004FF0FF35817A090708D5016840686B46D5
:104EC000497B00780622FDF7D9FE08B128467CBD53
:104ED000BDF8000040BA2080BDF8020040BA6080F2
:104EE000BDF8040040BAA08000207CBDF8B5EE4CAF
:104EF00007464FF0FF35A07A40B120686B4602228A
:104F0000817B60680078FDF7B9FE08B128468CE522
:104F1000BDF80000646840BA05B2E08804F028FAE1
:104F20000646B4F9080004F00BFA0446284604F0DB
:104F300007FA214604F06CFB314604F003F9DB4923
:104F400004F08CF8102104F038FC04F0BDF938604E
:104F500000206AE52DE9FC4104004FF0FF3862D0E3
:104F6000206820B9606810B9A06800285CD0CE4FD6
:104F700003226B46786811460078FDF77FFEE0BBA0
:104F80009DF80010082000EB111101F00F029DF8B0
:104F900001109DF8023000EB111100EB1310236893
:104FA00040325B0093FBF2F216B2626801F00F012F
:104FB0005200403192FBF1F10DB2A16800F00F00F8
:104FC0004900403091FBF0F004B2786806226B464D
:104FD00000781146FDF752FE78B9BDF80000BDF823
:104FE000021040BABDF80420304449BA52BA030A4C
:104FF000294422448DF8003000E014E08DF80100CF
:10500000080A8DF80200100A8DF804008DF80310CC
:105010008DF80520786806226B4600781146FDF76A
:10502000D1FD002800D04046EBE69F49097A39B10E
:10503000012907D002290AD003290BD0002103E05F
:10504000FA2101E04FF4FA710180002070474FF41B
:105050007A71F9E74FF4FA61F6E7934A517A41B170
:10506000012908D002290FD003290FD04FF0FF30BB
:105070007047022100E004210170D17C11B1017858
:1050800049000170002070470821F5E71021F3E77F
:105090008549C97A072913D2DFE801F01204060A0C
:1050A0000C0E1000BC2100E062210180002070473E
:1050B0002A21FAE71421F8E70A21F6E70521F4E7A7
:1050C0000021F2E7784991F8242012B14FF0FF3027
:1050D0007047C98901800020704700210180481E67
:1050E00070474FF0FF3070476F49097A41B101298D
:1050F00008D002290AD003290AD04FF0FF307047A8
:105100006B4900E06B490160002070476A49FAE78B
:105110006A49F8E7644A517A41B1012909D0022964
:1051200011D0032912D04FF0FF3070474FF4804167
:1051300001E041F69C710180D17C11B101884908E0
:105140000180002070474FF48051F4E74FF4006174
:10515000F1E75549097C0170002070475249897A6E
:1051600001B1012101700020704738B505464E4855
:105170004FF0FF34817A41B1016840686B46097C89
:1051800000780222FDF77AFD08B1204638BDBDF84F
:10519000000040BA2880002038BD2DE9FE4F884627
:1051A00041498146002491F824001E4625464FF0CF
:1051B000FF3BD0BB00203070887AB0B3087CA0B32E
:1051C000420600D50224820600D5A41CC20600D5E2
:1051D000A41C000700D5A41D8A460968DAF804005B
:1051E0006B46897A00780222FDF748FDE8B9BDF8E0
:1051F000000047BAA74263D3DAF804004188B7EB4E
:10520000510F13D9DAF8001000786B46497C01225F
:10521000FDF734FD48B99DF80000C00606D5FFF73C
:1052200060FB6FF00100BDE8FE8F0AE0DAF80010C5
:10523000DAF804006B46C97A00782246FDF71EFDB5
:1052400008B15846EFE7B7FBF4F00C99401E087020
:1052500000203070A4B39AF8101050460A0769462F
:1052600013D5BDF80020062552BAA8F80020BDF8D5
:10527000022052BAA8F80220BDF8042052BAA8F8B9
:105280000420327842F008023270A5421AD0027C23
:10529000520617D54A19128852BAA9F80020327856
:1052A00042F0400232700CE08001002000000C420D
:1052B000000003430000834233330342333383410E
:1052C0001EE0AD1CA5420CD0027C920609D54A19FD
:1052D000AD1C128852BAA9F80220327842F020029E
:1052E0003270A5420CD09AF81000C00608D54819B3
:1052F000008840BAA9F80400307840F010003070FF
:10530000002090E72DE9F843FA4E0546174696F837
:10531000240089464FF0FF3888B3B07A78B33068FC
:105320006B460222817A70680078FDF7A7FC30BBDB
:10533000BDF8000044BAAC4202D2002038701EE032
:1053400070684188B4EB510F10D9316800786B4612
:10535000497C0122FDF792FC88B99DF80000C00647
:1053600004D5FFF7BEFA6FF001000BE43068EAB233
:105370004B46C17A70680078FDF780FC08B1404662
:105380000BE4B4FBF5F0401E3870002005E4D94969
:1053900081F82200002070472DE9FE4F05460120CC
:1053A000D44E8DF800004FF000088DF80180306871
:1053B0000C461746817C70686B4602220078FDF728
:1053C00001FC4FF0FF3A00287AD1C820FCF772FCAC
:1053D0008DF8008030686B460122C17B70680078D0
:1053E000FDF7F0FB0028EFD130686B4601224179D0
:1053F00070680078FDF7E6FB0028E5D130686B4661
:105400000122817C70680078FDF7DCFB0028DBD18D
:1054100030686B460122C17D70680078FDF7D2FBD1
:105420000028D1D130686B4601220179706800787C
:10543000FDF7C8FB0028C7D14FF00C098DF800908C
:1054400030686B460122017970680078FDF7BAFB7D
:10545000002835D10F20FCF72DFCB06A6B460122E5
:10546000407A8DF800003068817870680078FDF728
:10547000A9FB002824D1B06A6B460122007A8DF87E
:1054800000003068417870680078FDF79BFB0028C9
:1054900073D1B06A807A0FB140F0E0008DF800005F
:1054A00030686B460122817970680078FDF78AFBCD
:1054B000002862D12FB1B06AC07A40F0E00001E06C
:1054C0004AE018208DF8000030686B460122C1794F
:1054D00070680078FDF776FBF0BB17B1C820FCF7C9
:1054E000E9FB40208DF8000030686B46012201790D
:1054F00070680078FDF766FB70BB78208DF80000BF
:1055000030686B460122417970680078FDF75AFBDC
:1055100010BB3220FCF7CEFB8DF800803068474688
:105520006B464179706801220078FDF74BFB98B912
:1055300031687068B046897A00786B460222FDF7C0
:105540009DFB48B9BDF80000AF6040BAB0FBF9F070
:105550006F60C6B22F6000E00FE0A7606760276051
:10556000002738E0D8F80010D8F804006B46C97A54
:1055700000780C22FDF782FB08B1504653E6BDF8D7
:105580000000236840BA02B2BDF802001A4440BAD3
:1055900001B2BDF804002260626840BA1144616043
:1055A000A16800B20844A060BDF806002B6840BAAC
:1055B00002B2BDF808001A4440BA01B2BDF80A00B0
:1055C0002A606A6840BA11446960A96800B2084458
:1055D0007F1CFFB2A860B742C4D328688322C117DA
:1055E000090441EA10410004002301F0C8FD3246DD
:1055F000002301F0C4FD286068688322C1170904F4
:1056000041EA10410004002301F0B9FD32460023B5
:1056100001F0B5FD6860A8688322C117090441EA5A
:1056200010410004002301F0AAFD3246002301F0DE
:10563000A6FDA86020684FF40065C117090441EA7F
:10564000104100042A46002301F099FD3246002350
:1056500001F095FD206060682A46C117090441EAFF
:1056600010410004002301F08AFD3246002301F0BE
:1056700086FD6060A0682A46C117090441EA10410E
:105680000004002301F07BFD3246002301F077FD8A
:10569000A060002802DDA0F5803001E000F5803038
:1056A000A0600020BFE538B5124C94F82410814268
:1056B0001DD00025E8B194F82500E8B10020FEF7E0
:1056C000BFFF0020FFF7A3F8E08CFFF767FA8DF823
:1056D000005060686B46012200782321FDF772FAC2
:1056E000012084F82400FEF7ABFFFFF7FAF8002052
:1056F00038BD04E0800100204FF0FF30F8E70020C3
:10570000FEF79EFF207C8DF8000060686B4601224A
:1057100000782321FDF756FA84F82450E5E72DE9B7
:10572000F047FA4E82468AB096F824000F4620B120
:105730000020FFF7B8FF012500E0002507A8FFF7CC
:1057400074FC06A8FFF789FC09A8FFF7A1FC08A8CC
:10575000FFF7B8FC96F80A9096F810800024002213
:1057600039465046FFF718FE10B1641C022CF6DBD8
:10577000022C1AD00024012203A96846FFF70CFE70
:1057800010B1641C022CF6DB022C0ED003A93846A3
:1057900000F0BEF9C7B26946504600F0F0F910F0CB
:1057A000FF0F4FF0000402D002E0002403E00124C8
:1057B0000FB944F00204FF2030727072F0724FF69D
:1057C000FF71F181B072307401203073BDF81C009C
:1057D000FFF74FFA9DF81800FFF71AFABDF82400FA
:1057E000FFF750F9BDF82000FFF7D8F94846FEF75B
:1057F000B5FF4046FFF71CF915B10120FFF753FF35
:105800000AB02046BDE8F087F8B517000D464FF006
:10581000FF341FD0BD4EB17AE1B1010A8DF80010FE
:10582000C0B28DF80100411970684289914211D8C7
:10583000316800786B46097E0222FDF7C3F948B94A
:105840003068EAB23B46417D70680078FDF7BAF9EE
:10585000002800D02046F8BDF8B517000D464FF0DF
:10586000FF341FD0A94EB17AE1B1010A8DF80010C2
:10587000C0B28DF80100411970684289914211D877
:10588000316800786B46097E0222FDF79BF948B922
:105890003068EAB23B46417D70680078FDF7EEF96A
:1058A000002800D02046F8BD2DE9FF4FDFF85CA2AC
:1058B000054685B09AF82500914688464FF0FF3B93
:1058C000C0BBB8F1000F35D000241FE0281B102802
:1058D00000DD102086B208EB04073A463146204628
:1058E000FFF792FF30BB6A4631462046FFF7B4FF10
:1058F00000BB38463246694601F0E2FD20B16FF048
:10590000010009B0BDE8F08FA01984B2AC42DDD32C
:105910004FEA19208DF810008DF81190DAF8000088
:10592000544604AB817EDAF8040002220078FDF7C9
:1059300049F908B15846E4E7012084F825000898A1
:10594000E0840020DDE7714991F824100170002007
:1059500070474FF0FF3070474FF0FF3070472DE930
:10596000F84F6A4C0F4604F1160115004FF0FF3B4B
:105970008A464FF000094FF0010877D0B0F5FF5F7D
:1059800001D9FF2605E0202801D2012601E0C0F35D
:10599000471607B90127282D6AD8607DF0B994F819
:1059A000240028B10020FFF77EFE84F8208001E06B
:1059B00084F820905046FFF738FB54481830FFF722
:1059C0004CFB52481A30FFF763FB50481C30FFF77E
:1059D00079FBA07AA0774D48217CC1770020FEF7A3
:1059E0002FFE0020FFF781F88DF8009020686B46AD
:1059F0000122817860680078FDF7E4F8002837D14B
:105A000040208DF8000020686B460122C17B606851
:105A10000078FDF7D7F850BB8DF800608DF8017065
:105A200020686B460222017A60680078FDF7CAF8A8
:105A3000E8B90520FCF73EF9607A072606EBC000BE
:105A40008DF8000020686B460122C17960680078FB
:105A5000FDF7B8F858B920208DF80000012D08D0C6
:105A6000052D0AD840468DF801800DE01DE01FE0AD
:105A700049E048468DF8019006E0142D01D8022037
:105A800000E003208DF80100C0B206EB80108DF815
:105A9000010020686B460222817C60680078FDF777
:105AA00091F828B984F8158027E000200A5C3AB301
:105AB000FF2020726072E0724FF6FF71E181A072E8
:105AC000207484F80C80A07FFEF748FEE08AFFF780
:105AD000D0F8207EFFF79CF8608BFEF7D3FFA08BF9
:105AE000FFF75CF8E07FFEF7A3FF94F8200010B109
:105AF0000120FFF7D8FD84F815900020BDE8F88F4D
:105B0000401C0C28D2D35846F8E700008001002042
:105B10002DE9FE4F80460F460025684600F08FF8BD
:105B200000246FF00F0AE946012658F8240057F8C0
:105B30002410401A00D5404203F002FC514603F005
:105B40003CFE59F8241011F0FF4F0BD003F0FAFA85
:105B50004FF07E5103F05CFD604920F00040884228
:105B600005DC07E05E4908445E49884202D306FA34
:105B700004F00543641C032CD7DB2846FEE42DE922
:105B8000F84F824658488946002540686B460322F4
:105B900000780D21FDF772F808B10720AEE79DF8F7
:105BA0000000002400F01F008DF800009DF80100A7
:105BB0006F4600F01F008DF801009DF802004FF0C5
:105BC000010800F01F008DF802005AF8241059F85F
:105BD0002400081A00D5404203F0B2FB6FF00F0119
:105BE00003F0EBFD0646385DE0B1404ADFF800B156
:105BF00004E05946104603F003FC0246385D401E9F
:105C000010F0FF003855F4D11146304603F09AFAEF
:105C10004FF07E5103F0FCFC304920F000408842F8
:105C200005DC07E033483044B0F1D97F02D908FAE7
:105C300004F00543641C032CC7DB28465EE72DE90E
:105C4000FC47054628486B46042240680D21007831
:105C5000FDF714F810B10720BDE8FC879DF800009F
:105C60001C2101EAD0029DF80300DFF88C90C0F3FC
:105C700001131A438DF804209DF80120C0F381031D
:105C800001EAD2021A438DF805209DF8022000F0A7
:105C9000030001EAD20101430024184F8DF80610D9
:105CA000A04601AE305D10B145F8249009E045F8FA
:105CB00024800CE055F82400394603F0A1FB45F898
:105CC0002400305D401E10F0FF003055F2D1641CFE
:105CD000E4B2032CE6D30020BEE70000295C0F3EAF
:105CE000666666C19A99D900800100200000C8410B
:105CF00054E3853F0000E0BE7B14AE3E1D5A843F56
:105D0000C8234FF48062FE4940F6F630FFF7CCBD61
:105D10002DE9FF410446FBA002AB00680290FAA007
:105D200000680390F9A00668F9A0056804F0030074
:105D3000195C8DF80010C4F3C1015A5C8DF8012084
:105D4000C4F381129B5C8DF8023003AB185C8DF8B4
:105D50000400585C8DF80500985C8DF806006A46D2
:105D6000032140F22640FFF74FFD4FF0FF37E0BB25
:105D700001AA032140F22A40FFF746FDA8BBCDE966
:105D8000006560070BD59DF8000040F001008DF81C
:105D900000009DF8040040F001008DF80400A0060A
:105DA0000BD59DF8010040F001008DF801009DF831
:105DB000050040F001008DF80500E0050BD59DF8C9
:105DC000020040F001008DF802009DF8060040F04E
:105DD00001008DF806006A4603214FF48860FFF742
:105DE00013FD10B901AA032100E004E040F23140A4
:105DF000FFF70AFD18B1384604B0BDE8F081C54888
:105E000004810020F8E7F8B5C249098901F00302CE
:105E100050F822404A0700D56442C1F3C10250F84D
:105E200022308A0600D55B42C1F3811250F822204D
:105E3000C80500D55242B84984FB0140850045EAB7
:105E4000947083FB014382FB0121950F45EA810594
:105E5000010E8DF80010010C8DF80110010A8DF86B
:105E60000210A40F8DF8030044EA83046A4604215B
:105E70004FF47470FFF7C8FC4FF0FF3688B9200E5E
:105E80008DF80000200C8DF80100200A8DF802002A
:105E90008DF803406A4604214FF47570FFF7B4FC97
:105EA00008B13046F8BD280E8DF80000280C8DF89A
:105EB0000100280A8DF802008DF803506A4604217B
:105EC0004FF47670FFF7A0FCF8BD2DE9FF410546C1
:105ED00003A8FFF71FF9BDF80C00460CC7038D4857
:105EE000018901F0030055F82020480700D55242EF
:105EF000C1F3C10055F82040880600D56442C1F3C3
:105F0000811055F82030C80500D55B42A2FB07156B
:105F1000D01700FB075002FB0600820042EA917096
:105F2000A4FB0725E11701FB075104FB06118C00B8
:105F300044EA9271A3FB0745DA1702FB075203FB01
:105F40000622930043EA9472030E8DF80030030C8E
:105F50008DF80130030A8DF802308DF80300080E29
:105F60008DF80400080C8DF80500080A8DF806006D
:105F7000100E8DF80800100C8DF80900100A8DF82D
:105F80000A008DF807108DF80B206A460C214FF49B
:105F90002570FFF739FC2FE730B504465FA185B0C7
:105FA00007C98DE807004FF0FF35C82C16D8C82068
:105FB000B0FBF4F1491E080A8DF80C008DF80D10A5
:105FC00003AA022140F21620FFF71EFC30B96A46F0
:105FD0000C2140F6C120FFF717FC10B1284605B090
:105FE00030BD4C4884810020F9E74A498989018005
:105FF000002070472DE9FC41054640074FF0FF3671
:106000007CD0B1F5C86F79D8084603F0B1F946499C
:1060100003F098F8074601A8FFF71FF89DF8040061
:10602000022806D004280DD008282ED0102865D1CB
:1060300034E00E21384603F0C0FB03F061F984B26E
:106040003A4907E00D21384603F0B7FB03F058F951
:10605000374984B2384603F0D3F903F051F9210AE5
:106060008DF8001080B28DF80140010A8DF8021001
:106070008DF80300E8076C4620D0224602214FF439
:10608000EA70FFF7C1FBC8BB11E00C21384603F0F2
:1060900094FB03F035F984B22649DBE70B2138463F
:1060A00003F08BFB03F02CF984B22349D2E7A21C46
:1060B00002214FF49270FFF7A7FBF8B9A8070DD59E
:1060C0006A4602214FF4EC70FFF79EFBB0B9A21CA8
:1060D00002214FF49470FFF797FB78B9680731D528
:1060E0006A4602214FF4EE70FFF78EFB30B9A21C16
:1060F00002214FF49670FFF787FB1FE01FE00000BE
:10610000ECA200084CCD6C000CC92C003656760071
:10611000264666006806002009E3CA02FEF2ABC408
:10612000AAF1DFDFBBAFDFDF0000484300004046DD
:106130000000C045000040450000C04410B130469A
:10614000BDE8FC810020FBE708B500218DF80010B8
:10615000C10702D030218DF80010810705D59DF8C8
:10616000001041F00C018DF80010400705D59DF896
:10617000000040F003008DF800006A4601214FF452
:10618000A470FFF741FB08BD08B560B1042800D931
:106190000420401E8DF800006A46012140F24F1095
:1061A000FFF732FB08BD0120F3E70521B0FBF1F05A
:1061B00008B5010A8DF800108DF801006A46022129
:1061C0004FF4EF70FFF720FB08BD0521B0FBF1F0A5
:1061D00008B5010A8DF800108DF801006A46022109
:1061E0004FF4ED70FFF710FB08BD4FF47A7290FB8F
:1061F000F2F008B54843010E8DF80010010C8DF83F
:106200000110010A8DF802108DF803006A4604217E
:106210004FF4AE70FFF7F8FA08BD0521B0FBF1F0BE
:1062200008B5010A8DF800108DF801006A460221B8
:106230004FF4AD70FFF7E8FA08BD0521B0FBF1F0AF
:1062400008B5010A8DF800108DF801006A46022198
:106250004FF4AC70FFF7D8FA08BD38B504004FF022
:10626000FF3506D06A4604214FF45870FFF7F4FA60
:1062700008B1284638BDBDF800009DF8021040BAAC
:10628000000440EA01209DF803100843206000202C
:1062900038BD08B5010E8DF80010010C8DF8011005
:1062A000010A8DF802108DF803006A4604214FF4AC
:1062B0005870FFF7A9FA08BD38B504004FF0FF3554
:1062C00006D06A4604214FF47170FFF7C5FA08B191
:1062D000284638BDBDF800009DF8021040BA000401
:1062E00040EA01219DF80300014301EB8100800099
:1062F0002060002038BD1421B0FBF1F008B5010E7C
:106300008DF80010010C8DF80110010A8DF80210B3
:106310008DF803006A4604214FF47170FFF774FA98
:1063200008BD08B560B120208DF8000028208DF848
:10633000010030208DF8020038208DF8030004E0C1
:10634000A3220421684601F0E7F86A46042140F6DA
:106350009E20FFF759FAFEF7C4FA08BD08B560B1F0
:10636000C0208DF80000C2208DF80100C4208DF8F7
:106370000200C6208DF8030004E08B220421684649
:1063800001F0CAF86A46042140F69820FFF73CFA6B
:10639000FEF7A7FA08BD0EB54FF4976308B1E9A060
:1063A00000E0EBA007C88DE807006A4609211846FF
:1063B000FFF72AFA0EBD3EB5044602208DF8000014
:1063C000CA208DF80100E3208DF8020009208DF825
:1063D00003006A4604216820FFF716FAA3208DF80F
:1063E0000000610609D5C0218DF80110C8218DF883
:1063F0000210C2218DF8031005E08DF801008DF820
:1064000002008DF8030014F4C07F09D0C4218DF878
:106410000410CC218DF80510C6218DF8061005E07A
:106420008DF804008DF805008DF806008DF8080041
:106430008DF807008DF809006A460A2140F6A7206A
:10644000FFF7E2F9A0074FF0D80503D020208DF820
:10645000000001E08DF800506A46012140F6B620A8
:10646000FFF7D2F9A00601D5012000E00020FFF7D8
:1064700092FF14F4C07F1ED0E0050AD5B2208DF83B
:1064800000008B208DF80100B6208DF802009B20C3
:1064900009E0B0208DF8000080208DF80100B420C4
:1064A0008DF8020090208DF803006A46042140F622
:1064B000A220FFF7A9F9E0074FF40B6323D0F820DF
:1064C0008DF800006A4601211846FFF79DF9FA2170
:1064D0000720FFF78FFD0720FFF736FE0120FFF7AB
:1064E00053FE6420FFF761FE4FF4FA70FFF76DFE74
:1064F000C8219A48FFF779FE2820FFF78EFE0A2070
:10650000FFF79BFE06E08DF800506A460121184611
:10651000FFF77AF9A00703D5D9208DF8000001E034
:106520008DF800506A46012140F23D70FFF76CF98A
:10653000600701D5012000E00020FFF70FFFE00613
:1065400001D5012000E00020FFF7EBFE844D44F070
:1065500008006881FEF7C5F90020A873600601D520
:106560000620A87314F4C07F02D0A87B801DA873F6
:1065700014F0140F02D0A87B1030A873A00702D02B
:10658000A87B001DA87300203EBD75494989018084
:106590000020704700B573A187B00EC98DE80E00CA
:1065A00073A10DF10C0C0EC98CE80E0040F682238D
:1065B000012807D0022803D04FF0FF3007B000BDFC
:1065C0006A4600E003AA0B211846FFF71DF9F5E71C
:1065D0002DE9FF4F89B01646DDE916520024DFF899
:1065E00080810F4681462C80A24698F80E006946AD
:1065F000FEF788FE4FF0FF3B18B158460DB0BDE8DE
:10660000F08FB8F80A0010F0140F4CD0BDF800104D
:106610009DF8022049BA090441EA022C9DF80310B2
:106620004CEA010CC6F800C0BDF804109DF8062025
:1066300049BA090441EA02239DF807100B4373602D
:10664000BDF808109DF80A2049BA090441EA022160
:106650009DF80B201B141143B160BDF80C209DF870
:106660000E4052BA120442EA04229DF80F40091467
:106670002243F2604FEA2C4612147643494303FB4F
:10668000036302FB021119441024A1F17061B1F1FE
:10669000007F04D9FEF725F9A5F800A0ADE7298809
:1066A00041F48071298041066A460ED51119A41D56
:1066B0000B885BBA3B804B885BBA7B80898849BA80
:1066C000B980298841F00801298010F4C07F11D0D9
:1066D0001119A41D0B885BBAA9F800304B885BBA6E
:1066E000A9F80230898849BAA9F80410298841F02C
:1066F00070012980800718D01444E07800F0C005AC
:1067000000F03F016078C00707D0C80801F007011A
:10671000D8F80020491C02B190476078000704D5E2
:10672000D8F8041009B1A80988470C98FEF770FB47
:10673000002063E70A490860002070470849486064
:1067400000207047B8AAB38DB4980D355D000000E5
:10675000B8AAAAAAB088C3C5C700000009E3CA0244
:1067600068060020D8B1B9F38BA391B609B4D9005B
:10677000DAB1B9F38BA391B6DAB4DA0090F900106C
:10678000002902DD4FF00000704702DA4FF00400EC
:10679000704790F90110002902DD4FF001007047A9
:1067A00002DA4FF00500704790F90200002802DD80
:1067B0004FF00200704702DA4FF0060070474FF0CA
:1067C00007007047F0B5FC4FDDE905EC012507EB4C
:1067D000450437F8156024F8026CE68AA682A68D77
:1067E0006685B4F84260A4F84060B4F85860A4F834
:1067F00056606D1CB4F86E60EDB2A4F86C600A2DA2
:10680000E5D378823985FA87A7F85430A7F86AE08B
:106810000021A7F880C0084637F91020401CC0B2FC
:1068200011440A28F8D30A2291FBF2F0B882002121
:10683000084607EB4003401CB3F91630C0B21944B8
:106840000A28F6D391FBF2F078850021084607EB81
:106850004003401CB3F92C30C0B219440A28F6D3C7
:1068600091FBF2F0A7F840000021084607EB400337
:10687000401CB3F94230C0B219440A28F6D391FB48
:10688000F2F0A7F856000021084607EB4003401C31
:10689000B3F95830C0B219440A28F6D391FBF2F08C
:1068A000A7F86C000021084607EB4003401CB3F931
:1068B0006E30C0B219440A28F6D391FBF2F0A7F863
:1068C0008200F0BD08B50323009002226B21D02086
:1068D000FCF784FA08BD08B50223009004221B21AE
:1068E000D020FCF77BFA08BD08B5022300900422F3
:1068F0001C21D020FCF772FA08BD034606226B214A
:10690000D020FCF79ABAAC4B10B50E3B0122752192
:10691000D020FCF708FAA8480E38007810BD10B552
:10692000FFF7F1FF682801D0002010BD012010BD45
:10693000034605226A21D020FCF77FBA03460122D4
:106940003721D020FCF779BA10B50220FFF7BAFF43
:106950000320FFF7C0FF0020FFF7C6FF0020FFF76E
:10696000CCFF0020FFF7E4FFBDE810400020E5E782
:1069700038B5002000906B46012275216820FCF795
:106980007DF98EA000F020FC9DF80000682809D059
:1069900093480168934A01F4E06111430160BFF339
:1069A0004F8FFEE7FEF799F9002849D17820FDF7CF
:1069B000D5FE10B981A000F007FC7820FEF738F86A
:1069C00010B989A000F000FCC820FEF7E7F810B964
:1069D0008FA000F0F9FBFFF793F910B996A000F033
:1069E000F3FBA2480446FFF7C9FE0546E01CFFF78B
:1069F000C5FE45EAC005A01DFFF7C0FE45EA8010B0
:106A000080B2FFF785F910B999A000F0DDFB40F2E4
:106A10007310FFF7D0FC10B99FA000F0D5FBC82081
:106A2000FFF7BAFA10B9A6A000F0CEFB00F076F995
:106A30000120FEF738FE002802D1AAA000F0C4FB16
:106A400038BD2DE9F04788B0884C07A8283CCDE92F
:106A5000004004F1220106AB02AA881FFFF7B8FD2F
:106A60002088C0057DD5029802F06AFC6FF01D07F2
:106A7000394602F0A2FE06466060039802F060FC10
:106A8000394602F09AFE8046A060049802F058FC55
:106A9000394602F092FE0546E060059802F050FC8F
:106AA000394602F08AFE074620610121304602F095
:106AB00084FE294602F0A4FC05464FF040463146CC
:106AC000404602F09DFC394602F09AFC294602F04D
:106AD000C5FA02F097FA01F08DF9DFF82C924FF029
:106AE000663842464B4601F0B3FF01F0D5FC6061C9
:106AF000E0680121054602F060FE8246294602F068
:106B00007FFC0546A0683146074602F079FC39460D
:106B100002F076FC294602F07BFD4FF07E5102F038
:106B20009DFA02F06FFA05460E460121606802F0F8
:106B300044FE394602F064FC07465046216902F0E3
:106B40005FFC394602F08AFA02F05CFA2A463346C4
:106B500001F098FB42464B4601F07AFF01F09CFCA5
:106B6000A06108B0BDE8F08710B54221D020FCF745
:106B7000BBF804464121D020FCF7B6F804EB002016
:106B800002F0F6FBB0F18E4F03DD4FF08F4102F0C3
:106B90003FFD5E4902F0D6FA02F034FA5C4A5D4BE2
:106BA00001F0ACFC00225C4B01F052FF01F074FCE0
:106BB000BDE8104002F088BB860600206D70755F4E
:106BC0007365745F73656E736F7220636F6D706C45
:106BD000657465202E2E2E2E2E2E0D0A000000002C
:106BE0000CED00E00400FA056D70755F636F6E6672
:106BF00069677572655F6669666F20636F6D706C3B
:106C0000657465202E2E2E2E2E2E0D0A00000000FB
:106C10006D70755F7365745F73616D706C655F72C5
:106C200061746520636F6D706C657465202E2E2E07
:106C30002E2E2E0D0A000000646D705F6C6F616473
:106C40005F6D6F74696F6E5F6472697665725F669F
:106C500069726D7761726520636F6D706C657465C4
:106C6000202E2E2E2E2E2E0D0A000000D4010020E4
:106C7000646D705F7365745F6F7269656E74617463
:106C8000696F6E20636F6D706C657465202E2E2E9B
:106C90002E2E2E0D0A000000646D705F656E61621D
:106CA0006C655F6665617475726520636F6D706C8D
:106CB000657465202E2E2E2E2E2E0D0A000000004B
:106CC000646D705F7365745F6669666F5F7261742F
:106CD0006520636F6D706C657465202E2E2E2E2ED0
:106CE0002E0D0A006D70755F7365745F646D705F63
:106CF000737461746520636F6D706C657465202EAC
:106D00002E2E2E2E2E0D0A0066A64C400000AA4301
:106D1000A4703D0AD74342400000244010B588B01B
:106D200002A905A8FEF7FBFC072832D16846FEF74A
:106D3000DBF9059802F004FB00990C4602F060FBB9
:106D400002F0C2FA0590069802F0FAFA214602F023
:106D500057FB02F0B9FA0690079802F0F1FA2146C3
:106D600002F04EFB02F0B0FA079005A8FFF74BF8CF
:106D700001A8FEF7CFF9BDF8040002994143029142
:106D80000399414303910499414302A80491FFF7F9
:106D90009CF808B010BD0000F8B505464FF00100A2
:106DA0001E4614000F46009001D52D2200E02B2234
:106DB0000C232846FCF712FA002C00DA64420C205F
:106DC000083500902246E8B233463946FCF74FFAC0
:106DD000F8BD38B50021A8A20846FCF783FAAAA29C
:106DE0000C210020FCF77EFAA948007806280ED274
:106DF000DFE800F00D030507090BA6A208E0A7A233
:106E000006E0A8A204E0A9A202E0AAA200E0ABA2C8
:106E10000C212020FCF766FAAA48007820B9AA487D
:106E2000D0F8340100284DD0A4A20C215820FCF742
:106E300059FAA6A218210020FCF754FAA5480068C8
:106E400002F042FA0246032318212020FFF7A4FF94
:106E5000A1A224210020FCF745FAA14D64210C24B5
:106E60002868022390FBF1F2242120200094FCF7F3
:106E7000FEF99CA224213020FCF734FA29680A206C
:106E800091FBF0F191FBF0F200FB1212012324219F
:106E900038200094FCF7EBF993A224214020FCF762
:106EA00021FA92A230210020FCF71CFA91480078C8
:106EB00050B1914800940423026830212020FCF74F
:106EC000D6F906E08DA2B0E78EA230212020FCF793
:106ED00009FA8EA230214820FCF704FA8C48007889
:106EE00060B102280CD003280CD004280CD089A251
:106EF000BDE8384030216020FCF7F4B986A2F7E7FE
:106F000086A2F5E786A2F3E786A2F1E738B500216D
:106F100085A20846FCF7E6F987A20C210020FCF7C1
:106F2000E1F98648006802F0EBF90C2402460523DB
:106F3000214618200094FCF79AF981A20C214820E0
:106F4000FCF7D0F97F48006802F0DAF90246032323
:106F50000C2160200094FCF78AF97BA21821002004
:106F6000FCF7C0F97948006802F0CAF90246182116
:106F7000032308460094FCF77AF975A218214020F3
:106F8000FCF7B0F97348006802F0BAF9024603232F
:106F9000182158200094FCF76AF96FA224210020E0
:106FA000FCF7A0F96E480323242102682020FFF794
:106FB000F3FE6CA230210020FCF794F96A480068C7
:106FC00002F082F90246032330211820FFF7E4FE85
:106FD00066A230214020FCF785F96548006802F080
:106FE00073F901B00246BDE8304003233021582038
:106FF000D2E610B500215F4B0A46002003EBC00427
:10700000401CC0B262548028F8D3491CC9B2082978
:10701000F3D35948007828B1FFF778FFBDE8104056
:10702000FCF772B8FFF7D5FEF8E7534810B500211A
:10703000017041708170FCF774F9BDE81040D8E729
:107040004D4A00235078401CC0B250709178491CC2
:10705000C9B291702E2909D39370107820B1002005
:1070600010700320507003E00120F9E7032801D3DA
:107070005370BEE77047000045583420425420202A
:1070800020202020312F3200434D443A00000000E0
:107090002A00002046574420000000004241434B94
:1070A000000000004C454654000000005247485480
:1070B000000000004155544F0000000053544F5051
:1070C000000000002B00002000002242414E473A01
:1070D00000000000480000204241543A0000000037
:1070E000440000202E000000560000004449533A9E
:1070F00000000000580000205400002041524D20A4
:10710000000000002D2D2D2D000000006D6D0000F1
:107110005B000020434C52004F464600534C570042
:10712000424C4B0044474400434F4E54524F4C2076
:1071300020202020322F3200424B3A0064000020F1
:1071400042443A0068000020564B3A006C00002090
:1071500056493A00700000204D49443A00000000B2
:1071600018000020564C3A00D000002056523A0039
:10717000D400002020020020DD010020704710B55F
:107180004C1084EA530404D54042C1F1000138BFD9
:10719000491E1B4204D55242C3F1000338BF5B1E97
:1071A00000F028FA14F0804F04D04042C1F10001F1
:1071B00038BF491E14F0004F04D05242C3F10003FF
:1071C00038BF5B1E10BD00000FB4044910B503AA00
:1071D000029800F009FB10BC5DF814FB9800002039
:1071E0000FB41CB5074B06AA7B446946009005986E
:1071F00000F0E1FA0020694600F0F0FA1CBC5DF8EE
:1072000014FB0000F10500002DE9F04106460024C2
:1072100010687529314616A510D0AFF300800028FC
:1072200002DA404213A507E031688A0701D512A5AA
:1072300002E0490704D511A5012401E0AFF3008065
:1072400000210A2206F1240709E0B0FBF2FCB0FBA2
:10725000F2F302FB1C00303078541846491C002819
:10726000F3D123462A463046BDE8F04100F044BA47
:10727000000000002D0000002B0000002000000096
:107280002DE9F0410F460546002028622846E968AE
:10729000884770B3252805D0D5E901219047286A91
:1072A000401CF2E7E9682846002688476C28044617
:1072B0000AD0682C08D04C2C35D06A2C31D0742CD4
:1072C00031D07A2C2FD016E0E96806462846884748
:1072D000B042044608D16C2E23D04FF48066284675
:1072E000E9688847044606E06C2E03D04FF48076A8
:1072F00001E01EE04026E4B1A4F14100192802D8C3
:10730000203446F400663A46214628462E60F8F7B7
:1073100069FF60B1012808D0FF1D27F00707083773
:10732000B4E78026DBE70026D9E73F1DAEE720461D
:10733000B2E7286ABDE8F0810FB400B58DB010A99E
:10734000099000910B904FF0FF300A9000200C90B4
:10735000064878440690064878446A4607900F9994
:1073600009A800F067FA0DB05DF814FBFF040000F7
:10737000170500002DE9FF5F1D464FF0FF3B9146CA
:107380004FF000085F46D5E90146A96901987F1CC6
:107390008847296A824688470028F6D1BAF1FF3F1C
:1073A0000CD0002E24F4C06419DD600614D5BAF1A7
:1073B0002B0F09D0BAF12D0F0ED103E0584604B0BF
:1073C000BDE8F09F44F48064A96901987F1C884758
:1073D000761E8246002E02DDBAF1300F03D0B9F1DD
:1073E000000F26D032E0A969761E01987F1C44F474
:1073F00000748847002E824605DDBAF1780F06D06A
:10740000BAF1580F03D0B9F1000F10D01EE0B9F156
:10741000000F02D0B9F1100F18D1A969761E01989A
:107420007F1C24F4007488478246102002E0082064
:1074300000E00A20814609E0A96908FB0908761ED8
:1074400001987F1C44F4007488478246002E05DDB5
:107450004946504600F0DAF90028EDDAE96901986A
:107460008847A00502D46FF00100A8E7E00725D106
:10747000600613D5600502D5C8F1000000E0404663
:1074800029680A1D2A600968220501D5087015E0DF
:10749000220701D5088011E008600FE02868011D6F
:1074A00029600068210502D580F8008006E02107E8
:1074B00002D5A0F8008001E0C0F8008038467EE7E1
:1074C00040EA010310B59B070FD1042A0DD310C861
:1074D00008C9121F9C42F8D020BA19BA884201D9B3
:1074E000012010BD4FF0FF3010BD1AB1D30703D0FB
:1074F000521C07E0002010BD10F8013B11F8014BB1
:107500001B1B07D110F8013B11F8014B1B1B01D1CC
:10751000921EF1D1184610BD02F0FF0343EA032288
:1075200042EA024200F002B84FF000020429C0F023
:10753000128010F0030C00F0AF81CCF1040CBCF110
:10754000020F18BF00F8012BA8BF20F8022BA1EBF7
:107550000C0100F0A1B95FEAC17C24BF00F8012B47
:1075600000F8012B48BF00F8012B70474FF0013C99
:1075700050F8042B51F8043B9A4221D1A2EB0C03A2
:10758000934313EACC1317D150F8042B51F8043B62
:107590009A4215D1A2EB0C03934313EACC130BD1FF
:1075A00050F8042B51F8043B9A4209D1A2EB0C038A
:1075B000934313EACC13DBD04FF00000704700BFB9
:1075C000D01A01BAB1FA81F101F0180122FA01F0E2
:1075D000CB40C1F12001DBB2C0B2C01A2CFA01F3DA
:1075E000D11A914311EAC311E6D170477047704731
:1075F0007047704753EA020C00F069802DE9F04BA8
:107600004FF00006002B1FBFB3FA83F503FA05F411
:1076100024FA05F65E4012BF1643B2FA82F502FA6A
:1076200005F4C5F120051EBF22FA05FC44EA0C044E
:10763000203556EA044C4FEA144418BF641C4FF03E
:1076400000084FF00009904271EB030C39D3002978
:1076500019BFB1FA81F701FA07F6B0FA80F700FA1C
:1076600007F6C7F120071EBF20FA07FC46EA0C0602
:107670002037B6FBF4FCA7EB0507103F07F01F0B04
:10768000CBF120060CFA0BFB2CFA06F644BFB346EE
:107690000026202FA4BF5E464FF0000B5BEA060CCD
:1076A00008BF4FF0010B19EB0B09ABFB027C48EB59
:1076B0000608C01B06FB02CC0BFB03CC71EB0C01D4
:1076C000C1E70B46024641464846BDE8F08B13B57C
:1076D0004FF000004FF00001AFF30080BDE81C4008
:1076E000704710B500F0FEF8006810BD10B50446F4
:1076F00000F0F8F8046010BD2DE9F0470D469946FA
:107700009246044600F124080168880604D5E06921
:1077100021F01001216000E00120A84201DD471B9B
:1077200000E00027A1697A1902EB0900081AA0619C
:107730002078C00602D42046AFF30080002608E07F
:10774000D4E901211AF806009047206A401C761CF3
:1077500020624E45F4DB2078C0060AD52046AFF300
:10776000008006E0D4E9012130209047206A401CC7
:107770002062381EA7F10107F4DC07E0D4E90121FB
:1077800018F805009047206A401C2062281EA5F1C9
:107790000105F3DC2046AFF300802078000602D517
:1077A0000220BDE8F0870120FBE7000001694A1CC8
:1077B00002610878704700B58FB0CDE90131002132
:1077C000059105497944CDE9031011466846FFF754
:1077D00057FD0FB000BD0000E5FFFFFF0A6802F88B
:1077E000010B0A6070470000074B70B50D467B44E3
:1077F000FFF7E1FF0446284600F03CFA10B14FF0D5
:10780000FF3070BD204670BDEDA6FFFF3A2800D2C4
:10781000303820F02002412A01D3A2F137008842FB
:1078200001D34FF0FF3070470268114413780160B4
:1078300018467047D160054979445161044979443B
:10784000116200211161114600F05AB8EDFFFFFFEF
:10785000AB000000426842B1016811F8013B23B15E
:10786000521EC0E90012184670470121C160881EEF
:10787000704742685AB1C368016843B983688B4254
:1078800005D0491E521CC0E90012002070474FF07D
:10789000FF3070474FF0000200B5134694469646FD
:1078A000203922BFA0E80C50A0E80C50B1F1200113
:1078B000BFF4F7AF090728BFA0E80C5048BF0CC0C1
:1078C0005DF804EB890028BF40F8042B08BF70471F
:1078D00048BF20F8022B11F0804F18BF00F8012B91
:1078E00070470000004870470C07002010B50446A0
:1078F00000F0EEF90068005D00F0010010BD00002E
:107900002DE9F34F4FF0000A0C4656468DB001208A
:107910000C9001F10C000B9062690B9801219047CB
:10792000051E2DD0252D2CD0216A8847C0B1626953
:107930000B9801219047216A88470028F7D1626996
:10794000411E0B98904700E0761CA1690D9888476E
:10795000216A88470028F7D1E1690D988847DBE75D
:10796000A1690D988847A842074601D1761CD3E744
:10797000E1690D9888477F1C02D1BAF1000F6FD0E2
:107980006CE162690B9800273D46394690472A28EA
:1079900004D162690B98012190470125DFF8D0825C
:1079A00062690B9801219047A0F130010A290AD29F
:1079B0004745E5DC07EB870100EB4107303FDFD4AB
:1079C00045F01005ECE7E90601D46FF000476C289C
:1079D0000AD04C2814D0682815D06A280DD07428F5
:1079E0001CD07A281AD01DE062690B9801219047BB
:1079F0006C2802D045F0040514E045F002050DE0C6
:107A000045F020050AE062690B980121904768283B
:107A100002D045F0080505E045F4006562690B9861
:107A200001219047C4E9015765283DD019DC582849
:107A30007AD00CDC452837D004DC252826D0412814
:107A40009ED131E046282FD0472899D12CE05B28E1
:107A500077D0612828D063287CD0642823D15AE0CD
:107A6000F7E06F2848D008DC66281DD067281BD0B7
:107A7000692821D06E2816D127E0702845D07328B8
:107A800068D0752847D078280DD14DE0A1690D98B0
:107A90008847252805463FF469AFE1690D98884776
:107AA0006D1C3FF46AAFD9E00D9923466A466FF02A
:107AB0000100AFF30080C6E045F0400023464FF0E0
:107AC00000026060A80736D43EE0E8077FF447AFC5
:107AD0002068011D21600068290501D506701BE79B
:107AE000290701D5068017E7A90703D5F117C0E9D3
:107AF000006111E706600FE745F0400023464FF0B4
:107B000008026060A80716D41EE040F60E0125EAC0
:107B10000100606016E045F0400023464FF00A0285
:107B20006060A80707D40FE045F040006060A80738
:107B300008D5234610220D996FF00100AFF30080A5
:107B400081E007E0102223460D996FF00100FFF756
:107B500011FC78E04FF0000963284F46C8464B46B9
:107B6000CB4602D05B2807D039E02079C00601D48B
:107B70000120A060012732E06269D4F80CB00B98B4
:107B8000012190475E2807D14FF0010949466269FB
:107B9000D4F80CB00B989047216939B900210A46F6
:107BA00003AB43F82120491C0829FADBD8B321692B
:107BB00049B308F1010862690B98012190475D28DB
:107BC000F4D1B9F1000F09D0002003A951F8202009
:107BD000D24341F82020401C0828F7DB03AB206982
:107BE000002820794FEA40701ED05B462246CDF82F
:107BF0000080CDE901970D9900286FF0010020DA8F
:107C0000AFF300801FE0C11703AA00EBD1614B1155
:107C100021F01F0102EB8302411A13680120884002
:107C200003431360C7E719E00D99224600286FF05F
:107C30000100009702DAAFF3008004E0AFF30080A8
:107C400001E0AFF3008000280ADA401C06D10C984E
:107C500020B14FF0FF300FB0BDE8F08F5046FAE78B
:107C6000E90701D10AF1010A064400200C9053E60D
:107C7000CCCCCC0C007B00F08000704700487047F3
:107C80000C0700207546FFF7F9FFAE460500694670
:107C9000534620F00700854618B020B5F8F7CCFB16
:107CA000BDE820404FF000064FF000074FF00008FD
:107CB0004FF0000B21F00701AC46ACE8C009ACE87E
:107CC000C009ACE8C009ACE8C0098D4670470000A7
:107CD00010B500F00FF8001D10BD00BF91070000A7
:107CE00010B50446AFF300802046BDE81040F8F719
:107CF00097BA0000004870472C070020490050EA5E
:107D0000C12018BF04204A0D18BF40F0010040F206
:107D1000FF72B2EB515F08BF40F00200012808BFBC
:107D2000052070472DE9F0414F1E00EBC7010446C6
:107D3000D1E9000115461E4637F006020DD02A464D
:107D4000334600F085FE7F1E04EBC703D3E9002312
:107D500000F0D4FB37F00602F1D1022F25D0042F1A
:107D600013D0062F18BFBDE8F0812A46334600F035
:107D70006FFED4E90A2300F0C1FB2A46334600F027
:107D800067FED4E9082300F0B9FB2A46334600F029
:107D90005FFED4E9062300F0B1FB2A46334600F02B
:107DA00057FED4E9042300F0A9FB2A46334600F02D
:107DB0004FFED4E9022300F0A1FB2A46334600F02F
:107DC00047FED4E90023BDE8F04100F097BB012253
:107DD00001F0C5BC00F092BB0022134610461146CC
:107DE00000F048BC024A0020110701F0B8BC0000B6
:107DF00001FDFFFF2DE9F04D8D4F21F0004A86B0C7
:107E000005460C46BA452ADBAAEB070028430AD0F0
:107E10008848824501DC1AD1CDB106B02846BDE8BC
:107E2000F04DFFF7D4BF844A844B284600F010FE83
:107E300007460E46824A834B2846214600F008FE3C
:107E400006B03A463346BDE8F04D00F057BB01207E
:107E5000FFF74CFC06B0BDE8F04DFFF7BDBF7A4818
:107E6000824542DABAF1795F0BDA2846FFF746FF1E
:107E7000042808BFFFF7B6FF284606B02146BDE834
:107E8000F08D2A460B46104600F0E2FD834602467E
:107E90006E480E460B4606217844FFF743FF5A46CC
:107EA000334600F0D5FD804669488A465A46334637
:107EB00004217844FFF736FF5A46334600F0C8FDE8
:107EC00000223B4600F01AFB02460B464046514654
:107ED00000F0D0FB2A46234600F0BAFD06B02A4641
:107EE0002346BDE8F04D00F009BB284624F00041D0
:107EF00000223D463B4600F0A9FE4FF0FF3201F064
:107F00002EFC0646024653480F460B46062178448F
:107F1000FFF708FF32463B4600F09AFDCDE900012D
:107F20004D4832463B4604217844FFF7FBFE32467B
:107F30003B4600F08DFD00222B4600F0DFFA834621
:107F400002913046394600F06BFA804643480D46B0
:107F5000504517DCDDE900015A46029B00F08AFB20
:107F600042462B4600F074FD42462B4600F0C6FA0E
:107F7000012201F0F4FB304A304B00F059FF304A47
:107F8000304B4CE04FF0000A52460B46404600F0A2
:107F9000B5FACDE9031052462B461046194600F0BB
:107FA00057FD32463B4600F051FEDDE9033200F05A
:107FB00061FB06460F46DDE900015A46029B00F0D0
:107FC00059FB8346009101223046394601F0C7FB38
:107FD000194A1A4B00F03AFE06460F460122404667
:107FE000294601F0BCFB5A46009B00F031FD3246A9
:107FF0003B4600F01DFF06460F460122504629462B
:1080000001F0ADFB0E4DDFF858802A46434600F0E4
:108010001DFE32463B4600F019FE2A46434600F05C
:1080200015FE002CD8BF81F0004106B0BDE8F08DF0
:108030000000F03F0000F07F075C143326A6913C5F
:10804000182D4454FB21F93F0000E03F4C30000064
:1080500062300000D62F0000EC2F00003333EF3FDA
:10806000FB21E93F2DE9F84F04460D4621F0004081
:1080700000917349814211DC7249884201DC06D1CA
:108080002CB120462946BDE8F84FFFF7A0BE6E4848
:10809000002DCCBF6D496E49BDE8F88F6D49814216
:1080A00011DD6D498142D8BF4FF0FF366DDD2046AE
:1080B0002946FFF723FE042808BFFFF793FE20465A
:1080C0002946BDE8F88F6549654F25F00045814296
:1080D00033DD6449814219DD002632464FF080438A
:1080E0002046294600F00AFA80468A4601222046A8
:1080F000294601F034FB00223B4600F099FE42463F
:10810000534600F0B7FA04460D463EE00126002231
:10811000BA463B462046294600F0F0F980460F4615
:10812000002253462046294600F082FE42463B4646
:1081300000F0A0FA04460D4627E04B4981421BDDC2
:10814000DFF828A10226002253462046294600F0E7
:108150007FFC00223B4600F0D1F980460F4600220A
:1081600053462046294600F063FE42463B4600F057
:1081700081FA04460D4608E0032622462B460020DD
:108180003B4900F077FA04460D4622462B4610463E
:10819000194600F05DFC8B46824602460B4600F015
:1081A00057FC07460246334888460B46062178446A
:1081B000FFF7B8FD52465B4600F04AFC82462E4867
:1081C0008B463A46434605217844FFF7ABFD3A46D5
:1081D000434600F03DFC02460B46002E50465946F1
:1081E0000CDA00F08BF922462B4600F031FC01B08E
:1081F00022462B46BDE8F04F00F028BD00F07EF986
:1082000022462B4600F024FC1C4A7A4402EBC603AB
:10821000D3E9002300F00CFE22462B4600F008FEB6
:10822000174A7A4402EBC603D3E9002300F00EFD9F
:10823000009A002AB8BF81F00041BDE8F88F000025
:10824000000010440000F07F182D4454FB21F93F3A
:10825000FB21F9BF0000DC3F0000203E0000F33F9F
:108260000000F03F0000E63F008003400000F83FC0
:108270000000F0BFEE2D0000AC2D00004A2D0000E4
:10828000122D00002DE9F04D9446CCF1000423F0AE
:1082900000464CEA0404594F46EAD4749A4688468C
:1082A00021F00042BC4206D8454240EA050442EAB9
:1082B000D474BC4204D9BDE8F04D6246FFF78ABDD4
:1082C000AAF14055A5F17F6555EA0C040BD00224B4
:1082D00004EAAA744A4DDFF82CE144EAD87452EA61
:1082E000000B04D00CE0BDE8F04DFFF7BBBE002C46
:1082F00014BF012CBDE8F08D022C30D0032C32D0FD
:1083000056EA0C0B0AD0BE4220D1BA4209D126F05F
:10831000804622F080423346114617E000291ADBDE
:1083200025E0DFF8E4B0FB44002C04BFDBE90001EA
:10833000BDE8F08D012C02BFDBE9000181F00041B6
:10834000BDE8F08D022C0AD0032C0CD0BA4212D119
:10835000B8F1000F0BDA2A482C49BDE8F08D284609
:108360002B49BDE8F08D28467146BDE8F08D2448C4
:108370002849BDE8F08D921B12153C2AC4BF204F3E
:10838000244E10DCBAF1000FBEBF12F13C0F0027E3
:108390003E4608DB624600F06DF921F00041FFF730
:1083A00061FE07460E4694B1012C08BF86F00046D8
:1083B0000DD0194A194B022C3846314615D000F021
:1083C00037FD2A46BDE8F04D114B00F031BD0022CB
:1083D00013463846314600F0A5FA04BF0220FFF7E5
:1083E00085F938463146BDE8F08D00F021FD2A467A
:1083F000BDE8F04D064B00F029BC00000000F07F06
:10840000182D4454FB2109C0A62C0000FB21F9BF04
:10841000FB210940FB21F93F075C143326A6A13C50
:108420002DE9F04106460F4600F01CFC041E0D46E7
:1084300018BF0120284320F00040C0F17F6000F108
:10844000E040C00F0ED0301C18BF0120384320F090
:108450000040C0F17F6000F1E040C00F04BF012088
:10846000FFF744F920462946BDE8F08110B5002900
:108470000AD00878002807D005487844FFF776F836
:10848000002801D0002010BD0248784410BD000033
:10849000222D00001A2D000021F00042A2F16052AE
:1084A000B2F5801F01F0004328BFD2F17F6C0BD9D9
:1084B0005FEA001C43EAC20242EB507018BF7047EB
:1084C00028BF20F001007047B2F5801FBCBF1846DE
:1084D00070474FEA410C1CF5001F02D2084601F01C
:1084E00056B870B500F05EFB00000089FFF7F6BFDC
:1084F0004FF00040A0F580007047000010B591EAF1
:10850000030F48BF83F0004300F19A84841A71EB93
:10851000030C05D2121943EB0C03001B61EB0C0199
:10852000DFF824E14FEA1154A4EB135C1EEA430F79
:1085300018BF9EEA445F73D023EA0E03DCF1200EDD
:1085400021EA045143F4801332D322FA0CFE10EBDB
:108550000E0023FA0CFE41EB0E01CCF1200E03FAC3
:108560000EFE10EB0E0051F10001B1F5801FCCF1B1
:10857000200E32D201EB045112FA0EF2BDE8104087
:1085800058BF7047401C38BF5FEA420218BF7047AF
:10859000002814BF20F0010041F100014FEA41031F
:1085A00013F5001F38BF7047A1F1C04100F048BB70
:1085B000012A43EB0302ACF1200CDCF11F0E32BFA9
:1085C0004FF0000E23FA0CF310EB030041EB0451C3
:1085D000B4EB115FD0D0A1EB045101F58011490833
:1085E0005FEA300001EB04510ED350F1000038BFB8
:1085F00012FA0EFE08D1BDE81040C9E7401C38BF92
:108600005FEA4202CAD1C3E7BDE810404FEA410326
:1086100013F5001F38BF7047A1F1C04100F010BB37
:108620009EEA445F08D011EA5E0FBDE8104004BF27
:1086300001F0004100207047BDE8104070B500F027
:10864000B1FA00BF64FBBE3E0000E0FF02494FF0FC
:10865000000001F052B800BF0000F87F491058BF79
:10866000C1F140415B1058BFC3F140438B42EFF36F
:10867000008070472DE9C04130B4DFF8A0C23CEA69
:10868000111418BF3CEA131400F0EC8081EA0305D2
:108690001CEA111444EAD57418BF1CEA131500F043
:1086A000C780A4EB05044FF0004545EAC12145EA27
:1086B000C32341EA505143EA525304F17F74994273
:1086C00004F500344FEAC0204FEAC22208BF9042AE
:1086D00000F09C804FEA13650FF24016765D4FEA7A
:1086E000134506FB05F7C7F1807706FB07F74FEA4E
:1086F000D737A7FB03687642C8F58038A7FB06CEBC
:1087000038BFA8F1010807FB08E64FF0000EA6FBF2
:10871000028CE6FB03CEDCF1000CCEF1004E38BF3C
:10872000AEF1010EA6FB0C584FF000074FF000050C
:10873000E6FB0E87A1FB08C6A0FB07CE16EB0E06D4
:1087400045F10005E1FB076515F1E04E7EBFA4F59C
:1087500080345FEA46066D4116F1800745F1000559
:108760004FEA17274FEA066647EA0567A6F1DE4695
:10877000B6F1805F4FEA15251FD9384624F0010C69
:1087800005EBC471BCF1FE6F01EB0C1102D8F0BC1B
:10879000BDE8008124425CBF01F5801E9EEAC47FD3
:1087A00002D4F0BCBDE80081244238D4F0BCA1F171
:1087B000C041BDE8004100F043BA4FEAD22242EA8C
:1087C00043524FEAD323A7FB02864FEAD02040EA68
:1087D000415007FB03661EEA0E0F4FEAD12105FB4D
:1087E000026658BFA6EB0056B6EB00564FEA520E93
:1087F0004EEAC37E18EB0E0E56EB530EBDD518EBAA
:1088000002085E417F1C55F10005B6E74FF4801564
:108810004FF000074FF000064FF00008ADE7F0BC46
:108820004FF0000001F1C04101F00041BDE80081BE
:1088300011EA0C1F0CEA131500D00CE013EA0C1F10
:1088400000F025804FF00000F0BC81EA030101F048
:108850000041BDE80081F0BCBDE8004181EA0301B0
:1088600000F0EEB9F0BCBDE8004170B500F09AF937
:10887000097EFC3E00F007B881EA03014FF00000DA
:1088800001F00041704781EA030100F0D9B9F0BC62
:10889000BDE800414FF0000021497047FFFDFBF9A2
:1088A000F7F5F4F2F0EEEDEBE9E8E6E4E3E1E0DE23
:1088B000DDDBDAD8D7D5D4D3D1D0CFCDCCCBCAC895
:1088C000C7C6C5C4C2C1C0BFBEBDBCBBBAB9B8B7BC
:1088D000B6B5B4B3B2B1B0AFAEADACABAAA9A8A8AF
:1088E000A7A6A5A4A3A3A2A1A09F9F9E9D9C9C9B7D
:1088F0009A99999897979695959493939291919028
:108900008F8F8E8E8D8C8C8B8B8A898988888787B8
:108910008685858484838382828181800000FF072D
:108920000000F87F51EA030C17D41CF5801F58BFD4
:10893000BCF5801F00F10680994218BF704708BF40
:108940009042704707D711F5801F58BF13F5801F5D
:1089500019D499427047894270471CF5801F08D589
:10896000BCF5801FF7D58B4218BF704708BF824205
:1089700070474FF4001C1CEB410F38BF1CEB430F3A
:1089800001D28B42704770B500F00CF99224490077
:108990004FF000514FF08053FFF760BE4FEA4103A4
:1089A0004FEA5353A3F58063D3F11E03C8BFD3F13D
:1089B000210C0CDD4FF0004242EAC12242EA505243
:1089C00032FA03FC8CEAE17CACEBE1707047102BCF
:1089D000C4BF0020704703F5787CBCF1FF3F04D092
:1089E0006FF0004282EA2100704770B500F0DAF8BB
:1089F0004992248000207047F2E710F0004248BFFF
:108A00004042B0FA80F310FA03F10AD0C3F11D031B
:108A100003F580634FEA415002EB035202EBD12190
:108A200070474FF000007047B0FA80F310FA03F17E
:108A30000AD0C3F11D0303F580634FEA41504FEAAA
:108A4000035202EBD12170474FF000007047000045
:108A5000DFF848C170B51CEA111E1EBF1CEA1315D1
:108A60009EEA0C0F95EA0C0F00F06F8081EA030478
:108A700023EA4C134EEAD47E21EA4C1141F48011D2
:108A800043F48013AE44A1FB024CA0FB0365AEF19E
:108A90007F7E361955EB0C05A1FB034C4CF100030E
:108AA000A0FB021C16EB0C06654153F100030942C2
:108AB00018BF46F0010613F4007F0BD14FEA0331D3
:108AC0004FEA0530340341EA155140EA16506FF081
:108AD00003020AE04FEAC3214FEAC520F40241EA4B
:108AE000555140EA56506FF0020202EB2E4201EB64
:108AF000025585EACE710AD05FEA440C18BF24F013
:108B0000004450F1000041F1000120EAD47040F22D
:108B1000FE7C624500D270BDA84214BF4FF0804475
:108B20004FF04044002E08BF0024BEF1806FA8BF64
:108B3000A1F1C041BDE8704080F282804FF000009A
:108B400001F1C04101F0004170479EEA0C0F0CEAB0
:108B5000131518BF95EA0C0F06D04FF0000081EAFC
:108B6000030E0EF0004170BD00F01CF88900013EBC
:108B700000F007B800F009B84FEA430C5FEA5C5C0C
:108B800008D081EA030100F05BB84FEA410C5FEACC
:108B90005C5CF6D14FF00000014970470000FF0710
:108BA0000000F87F0EF1020E2EF0030E5EF8046B4B
:108BB000364205D4012A43EB030515F5001F12D8F0
:108BC000012841EB010C1CF5001F0CD80ED14FEA17
:108BD000D17C15F5001F0CEB4C0C0CF1020C08BFFE
:108BE0004CEBD37C04E04FF0080C01E04FEAD37C5F
:108BF0000CEB4C0526FA05F606F00706B6F1040C58
:108C000006D20EEB860CBDE870404CF0010C6047BC
:108C1000DFE80CF0090B02024FF000414FF00000BA
:108C2000A1F5002170BD19461046012851EB010441
:108C300018BFD4F5001484BF002001F0004170BDBE
:108C40000808A0F500114FEA3101704791EA030FBF
:108C500010B581F000413FF559AC83F0004300F0BE
:108C6000EFB800002DE9F04101F5801CBCF5001FB4
:108C7000C0F2C3804FEA115C21EA0C510CF1FD0CEB
:108C800041F480115FEA5C0C0CF5C07C01D340001C
:108C900049413DA4890241EA905187028E0E0A0C97
:108CA000A45D04FB04F602FB06F6C6F14046A4FBF5
:108CB0000662F60D46EA422606FB06F4A4FB0123F3
:108CC0005242C3F1404338BF5B1EA6FB0242002460
:108CD000E6FB0324D20B42EA4446A6FB0623A1FB93
:108CE00002E2A3FB07E4A4184FF0000252F10002D5
:108CF000E3FB01426442C2F1404E38BFAEF1010EC7
:108D0000A6FB04234FF00002E6FB0E32A2FB034653
:108D10004FF00004B61954F10004E2FB0264A1FB19
:108D200006E6A4FB07E816EB08064FF0000858F12A
:108D30000008E4FB01687642C8F1405838BFA8F14A
:108D40000108A2FB06E4A3FB08E52D194FF000047F
:108D500054F10004E2FB0854A1FB05E6A7FB04E87C
:108D600018EB06084FF0000656F10006E1FB0486FA
:108D700018F1200556F10006A809A8F11B08B10951
:108D800008F03F08B8F10A0F40EA86601CD901EBF1
:108D90000C51BDE8F08100BFFCF5EEE8E2DDD8D370
:108DA000CFCBC7C3C0BDB9B6B4B1AEACA9A7A5A35C
:108DB000A19F9D9B9A9896959392908F8D8C8B896D
:108DC0008887868584838281A0FB006800FB01F28E
:108DD00008EB4208B8EB872807D5341858EB010494
:108DE000D5D5401C51F10001D1E7341A78EB0104CC
:108DF000CDD4401E71F10001C9E75FEA4C0C5FEA77
:108E00009C5C0DD105D34FF0000001F00041BDE89E
:108E1000F081BDE8F04170B5FFF7C4FE6DDBFFBE29
:108E2000BDE8F0414FF00000004970470000F87FB6
:108E300010B591EA030F48BF83F000433FF566ABDE
:108E4000841A71EB030C07D212198CF0004C43EB1F
:108E50000C03001B61EB0C01DFF8A4E14FEA115495
:108E6000A4EB135C1EEA430F18BF9EEA445F00F0B8
:108E7000B08023EA6E03524221EA0451C3EB6E0331
:108E800038BF5B1EDCF1200E25D322FA0CFE10EB5E
:108E90000E0043FA0CFE41EB0E01CCF1200E03FA5A
:108EA0000EFE10EB0E0051F10001CCF1200E29D482
:108EB00012FA0EF201EB0451BDE8104058BF7047A2
:108EC000401C1CBFB2F1004F704700280CBF491C6A
:108ED00020F00100704712EB020E43EB030218BFB3
:108EE0004FF0010E4EEA4202ACF1200CDCF11E0EF6
:108EF00054D943FA0CFE10EB0E0051F1FF31CCF1C6
:108F00001E0ED5D50EF1010E12FA0EFE404141EBB8
:108F1000010101EB445C5FEA5C5C10D910EBDE7090
:108F200001EB045138BFBEF1004FBDE8104018BF3F
:108F3000704700280CBF491C20F00100704730D258
:108F40004FEAD42C11F5001124F400641BD0B1FABF
:108F500081F20B3AA41AA41ED2F12003914030FAF8
:108F600003F31943904001EBCC71002C01EB045149
:108F7000BDE81040A8BF704701F1C0414FF00000AC
:108F800001F000417047B0FA80F310FA03F100D10C
:108F900010BDE41A173C4805C90AE4E701EB045187
:108FA00010BD491001EB0451BDE810404FEA3000FC
:108FB00002E04FF0000170474A0008BF0042F8D0BD
:108FC000B2F5001F28BF704701F000414FF00000CC
:108FD00070479EEA445F07D011EA5E0FBDE810407B
:108FE00004BF002100207047BDE8104070B5FFF7B6
:108FF000D9FD00BF40DFF63E83F0004110467047C8
:109000000000E0FF43004FEAD30C4FEA3C0C434022
:109010001FBF40070CF1605113F0FE4F70471CF06A
:10902000006F03D100200CF0004170470CF00043AA
:1090300043EA507010B540EACC0000F062FA00BF7D
:10904000000000924FEA0001FFF7FABD4FF0004127
:109050004FF00000A1F500217047000090EA010FD9
:1090600048BF81F0004100F1DA82421A3CBF801A09
:1090700089184FEAD0524FF07F4C1CEA410FA2EB07
:10908000D15318BF9CEA026F00F03B804FF0004CB8
:109090004CEA00204CEA012121FA03FC10EB0C0CF5
:1090A0001ED202F1FF325FEA1C2040EBC25038BFF3
:1090B00070471CF07F0F4FEA400C18BFBCF17F4F88
:1090C00038BF7047C3F12003994008BF20F001006A
:1090D000BCF17F4F38BF7047A0F1C04000F057BAD5
:1090E0004FEA3C00000A40EBC25028BF1CF0FF0FC3
:1090F0004FEA400CE6D018BFBCF17F4F38BF704735
:10910000EAE79CEA026F05D010EA5C0F08BF00F0A6
:109110000040704710B500F0F4F900BF64FBBE3E9C
:10912000014800F0EABA00BF0000C07F401058BFFD
:10913000C0F14040491058BFC1F140418142EFF3B6
:10914000008070474FF47F0C1CEAD0121EBF1CEA4F
:10915000D11392EA0C0F93EA0C0F00F0858090EA8D
:10916000010F48BF42F4807240F4000C41F400004B
:109170002CF07F4120F07F4000B58142A2EB03023A
:109180000FF2081CACEB504EC0F100009EF800E05E
:109190004FEA4E0E00FB0EFC38BF49004FEA2C1C74
:1091A00002F5FA020CFB0EF34FEACE1E4FEA112C29
:1091B0004FEAC1210EEB635E42EB22420EFB0CFC38
:1091C0004FEA1C5300FB03114FEA112C4FEA013107
:1091D0000EFB0CFC4FEADC4C00FB0C11C14228BF1B
:1091E00009184CEB03335DF804EB10EB410143EB42
:1091F000C250B2F57C0F38BF704729D512F0F00F7E
:109200001CBF00F1C04000F0004070470081828325
:109210008485868788898B8C8D8E8F919293959685
:1092200097999A9C9D9FA0A2A3A5A7A8AAACAEB00F
:10923000B2B3B5B7B9BCBEC0C2C5C7C9CCCED1D414
:10924000D7D9DCDFE2E6E9ECF0F3F7FAFE00000044
:109250004FEA400C0CF1807CBCF17E4F28BF704778
:10926000B0F1C04000F093B990EA010F0CEAD113BD
:1092700048BF42F48072624538BF634507D213F499
:109280007F0F16D080EA010000F00040704710B553
:1092900000F037F9097EFC3E00F005B880EA0100D5
:1092A00000F00040704780EA010000F0004000F04C
:1092B0006EB912F47F0F04BF0248704780EA0100C4
:1092C00000F065B90000C07F41000B0ED3F19E0293
:1092D00008D950F400034FEA032323FA02F048BFF1
:1092E0004042704710B500F00CF900BF499224804D
:1092F000002070476FF0004282EA200070470000B3
:10930000C10DD1F19E0206DB4FEA002343F000437A
:1093100023FA02F07047004207D54FEA4001B1F14D
:10932000FE4F02D24FF00000704710B500F0E9F890
:1093300049922480002070476FEA200070470000A7
:1093400010F0004148BF4042B0FA80F310FA03F237
:10935000C3F19D030BD051EAC35101EB1220530618
:1093600038BF704700F1010008BF20F001007047CE
:10937000B0FA80F310FA03F2C3F19D030AD0D905C5
:1093800001EB1220530638BF704700F1010008BFFF
:1093900020F001007047000050EA010C00F113803A
:1093A0001CF5000F58BFBCF5000F01D48842704770
:1093B00007D710F5000F58BF11F5000F15D48842DC
:1093C0007047894270471CF5000F04D5BCF5000FAB
:1093D000F7D5814270474FF0807C1CEB400F38BFBF
:1093E0001CEB410F01D28142704710B500F089F8A3
:1093F000922449004FF000504FF08051FFF796BE85
:109400004FF47F0C1CEAD0121EBF1CEAD11392EA63
:109410000C0F93EA0C0F00F0478090EA010F48BF51
:1094200042F480724FF0004C4CEA00204CEA0121DB
:1094300002EB0302A0FB0113A2F50002002918BFF2
:1094400043F001035B0028BF4FEA330342EB2242A3
:109450005FEA132C4CEBC2502EBFBCEB436FB2F54E
:109460007C0F70474FEA036CBCF1004F08BF20F03F
:109470000100B2F57C0F38BF70470BD582F0FF02B8
:1094800012F5803FC8BF704700F1C040D8BF00F060
:109490000040704700F5000C5FEA4C0C48BF704775
:1094A000B0F1C04000F073B890EA010F0CEAD1139C
:1094B00048BF42F48072624538BF634504D280EAF7
:1094C000010000F00040704710B500F01AF800BF2E
:1094D0008900013E00F007B800F009B85FEA410CCE
:1094E0005FEA1C6C08D080EA010000F050B85FEA27
:1094F000400C5FEA1C6CF6D14FF00040A0F58000F4
:1095000070470EF1020E2EF0030E5EF8044B24425B
:1095100004D44FEA4102B2F17F4F11D84FEA400321
:10952000B3F17F4F0CD80ED14FEAD07CB2F17F4F10
:109530000CEB4C0C0CF1020C08BF4CEBD17C04E0A2
:109540004FF0080C01E04FEAD17C0CEB4C0324FAFD
:1095500003F404F00704B4F1040C06D20EEB840CFF
:10956000BDE810404CF0010C6047DFE80CF0070844
:1095700002024FF00040A0F5800010BD08464200F6
:1095800018BFD2F1807288BF00F0004010BDFF21EB
:1095900041EAD050C005704751EA000C00F1138039
:1095A0001CF5000F58BFBCF5000F01D48142704775
:1095B00007D711F5000F58BF10F5000F15D48142E1
:1095C0007047894270471CF5000F04D5BCF5000FA9
:1095D000F7D5884270474FF0807C1CEB410F38BFB5
:1095E0001CEB400F01D28842704780EA010081EAFB
:1095F000000180EA0100FFF7F8BE80F0004090EA29
:10960000010F7FF532AD81F0004100F008B8000095
:1096100090EA010F48BF81F000413FF526AD421AA4
:1096200004D882F00042A0EB020011444FEAD0526D
:109630004FF07F4C1CEA410FA2EBD15318BF9CEABC
:10964000026F4AD04FF0004C4CEA00204CEA012156
:1096500021FA03FCB0EB0C0C0FD412F0FE0F36D045
:109660005FEA4C001DD5001240EBC25038BF704776
:109670001CF03F0F18BF70470BE0A2F101025FEA38
:109680001C2040EBC25038BF70471CF07F0F18BF42
:109690007047C3F12003994014BF401E20F0010021
:1096A000704780084FEA122308BF7047B0FA80FC69
:1096B000A2EB0C02CCF1280C60FA0CF093EA122F0A
:1096C00004BF00EBC25070474FEAC3707047130AE3
:1096D0005FEADC1008BF7047F6E79CEA026F04D02F
:1096E00010EA5C0F08BF0020704710B5FFF709FFB4
:1096F00040DFF63E81F0004070470CF00F03092B6D
:1097000008BF082000F07F800A2B0BD0082B18BF61
:10971000704708BF1CF0400F0AD04FF000004FF018
:10972000000170471CF0400F18BF4FF00040704719
:109730001CF0100F08D020F0704300F07F4242EA86
:10974000D3014FEA4370704700F0604021F07F4240
:1097500042EA000201F07F4040EA727070474FF029
:10976000FF0C4CF4E06C1CEA11531CBF9CEA030C88
:109770009445C2BFDA4201EB02517047002B0DD075
:10978000BCF1000F0FD0002A01F00041A4BF41F04E
:10979000E04141F07F614FF00000704701F000416F
:1097A0004FF00000704750EA01334FF09B0C18BF98
:1097B0004CF0806C7EF44AAF70474FF0FF0212EA23
:1097C000D0521CBF92F0FF038B42C2BFD14200EBCC
:1097D000C1507047002A0AD0002B0BD0002900F09E
:1097E0000040A4BF40F0FE4040F40000704700F08D
:1097F0000040704743024FF00B0C18BF4CF0806CD8
:109800007FF48EAC70471CF4801F11D01CF4E02F45
:1098100003D06FEACC31490070474FF04050EFF36E
:10982000008222F0704242EA000282F30088704710
:109830004FF0000070470000000000000000000032
:109840000000000000003F40000000000000000099
:109850003000400030004000000009000BC03D0017
:109860000BC03D00090018C024407FE02240318039
:109870000000180024C01B000D80324001800380CE
:109880001C4027401C800740004010006000000082
:109890000000000000000000000000001F802040C9
:1098A00040200000402020401F80000000000900F0
:1098B00006001F80060009000000040004003F802D
:1098C0000400040000000010006000000000000020
:1098D0000000040004000400040004000000000074
:1098E00000400000000000000000002001C0060051
:1098F0003800400000001F802040204020401F8092
:109900000000000010403FC000400000000018C0F0
:109910002140224024401840000010802040244074
:1099200024401B80000002000D0011003FC00140D8
:1099300000003C80244024402440238000001F80FD
:10994000244024403440038000003000200027C021
:109950003800200000001B802440244024401B804D
:1099600000001C0022C0224022401F800000000096
:10997000000008400000000000000000000004603B
:10998000000000000000000004000A001100208018
:10999000404009000900090009000900000000001A
:1099A0004040208011000A000400180020002340DD
:1099B0002400180000001F802040274029401F403D
:1099C0000000004007C039000F0001C000402040E7
:1099D0003FC0244024401B8000001F8020402040C6
:1099E00020403080000020403FC0204020401F80A9
:1099F000000020403FC024402E4030C000002040E6
:109A00003FC024402E00300000000F001080204096
:109A100022403380020020403FC0040004003FC0C9
:109A20002040204020403FC02040204000000060F7
:109A3000202020203FC02000200020403FC02440A4
:109A40000B0030C0204020403FC02040004000407C
:109A500000C03FC03C0003C03C003FC000002040AD
:109A60003FC00C4023003FC020001F80204020400A
:109A700020401F80000020403FC0244024001800E8
:109A800000001F802140214020E01FA00000204056
:109A90003FC02440260019C0004018C02440244084
:109AA000224031800000300020403FC02040300084
:109AB000000020003F80004000403F802000200048
:109AC0003E0001C0070038002000380007C03C00FD
:109AD00007C038000000204039C0060039C02040CF
:109AE00000002000384007C038402000000030400F
:109AF00021C02640384020C00000000000007FE068
:109B0000402040200000000070000C000380004056
:109B100000000000402040207FE000000000000026
:109B20002000400020000000000000100010001085
:109B300000100010001000000000400000000000B5
:109B40000000000002800540054003C000402000E6
:109B50003FC0044004400380000000000380044034
:109B600004400640000000000380044024403FC041
:109B70000040000003800540054003400000000055
:109B800004401FC0244024402000000002E0055093
:109B900005500650042020403FC00440040003C08C
:109BA00000400000044027C00040000000000010FA
:109BB0000010041027E00000000020403FC00140DA
:109BC000070004C00440204020403FC00040004047
:109BD000000007C0040007C0040003C000000440E8
:109BE00007C00440040003C000400000038004409C
:109BF000044003800000041007F004500440038078
:109C00000000000003800440045007F000100440EE
:109C100007C00240040004000000000006400540A8
:109C2000054004C00000000004001F800440004004
:109C30000000040007800040044007C0004004000A
:109C4000070004C0018006000400060001C00700F0
:109C500001C006000000044006C0010006C0044028
:109C600000000410071004E001800600040000005A
:109C7000044005C00640044000000000000004004D
:109C80007BE040200000000000000000FFF000002A
:109C90000000000040207BE00400000000004000C5
:109CA0008000400020002000400000000000000074
:109CB00000000000000000000000000000000000A4
:109CC0001FCC000C00000000000000000800300065
:109CD00060000800300060000000022003FC1E202D
:109CE000022003FC1E200220000000000E181104B8
:109CF0003FFF10840C78000000000F0010840F3824
:109D000000C0077818840078000000780F8410C421
:109D100011240E9800E40084000808006800700018
:109D20000000000000000000000000000000000033
:109D300007E0181820044002000000004002200440
:109D4000181807E0000000000000024002400180F7
:109D50000FF001800240024000000080008000807F
:109D60000FF800800080008000000001000D000E50
:109D700000000000000000000000000000800080E3
:109D8000008000800080008000800000000C000C3B
:109D900000000000000000000000000000060018A5
:109DA00000600180060018002000000007F008088D
:109DB00010041004080807F000000000080408045C
:109DC0001FFC000400040000000000000E0C101432
:109DD0001024104411840E0C000000000C18100414
:109DE0001104110412880C700000000000E0032030
:109DF000042408241FFC0024000000001F98108485
:109E000011041104108810700000000007F0088889
:109E10001104110418880070000000001C001000DC
:109E200010FC13001C001000000000000E3811444C
:109E30001084108411440E38000000000700088CC4
:109E400010441044088807F00000000000000000E3
:109E5000030C030C000000000000000000000001E3
:109E6000010600000000000000000000008001402A
:109E70000220041008081004000002200220022022
:109E80000220022002200220000000001004080826
:109E90000410022001400080000000000E001200AB
:109EA000100C106C10800F00000003E00C1813E47D
:109EB000142417C4082807D000000004003C03C481
:109EC0001C40074000E4001C000410041FFC1104A7
:109ED000110411040E880070000003E00C18100437
:109EE0001004100410081C10000010041FFC1004C3
:109EF00010041004080807F0000010041FFC1104EF
:109F0000110417C410040818000010041FFC1104E9
:109F1000110017C010000800000003E00C18100426
:109F2000100410441C780040000010041FFC108432
:109F30000080008010841FFC100400001004100436
:109F40001FFC1004100400000000000300011001B9
:109F500010011FFE10001000000010041FFC11046F
:109F600003801464181C1004000010041FFC10046B
:109F7000000400040004000C000010041FFC1F007B
:109F800000FC1F001FFC1004000010041FFC0C0448
:109F9000030000E010181FFC100007F00808100470
:109FA00010041004080807F0000010041FFC1084BF
:109FB0001080108010800F00000007F00818102497
:109FC0001024101C080A07F2000010041FFC1104E2
:109FD000110011C011300E0C000400000E1C110401
:109FE0001084108410441C38000018001000100465
:109FF0001FFC100410001800000010001FF81004CF
:10A000000004000410041FF8100010001E0011E0EE
:10A01000001C007013801C0010001FC0103C00E0EA
:10A020001F0000E0103C1FC000001004180C163484
:10A0300001C001C01634180C100410001C001304D9
:10A0400000FC13041C00100000000804101C106425
:10A05000108413041C04101800000000000000000D
:10A060007FFE4002400240020000000030000C0071
:10A0700003800060001C000300000000400240025A
:10A0800040027FFE000000000000000000002000F1
:10A0900040004000400020000000000100010001DD
:10A0A000000100010001000100010000400040002B
:10A0B00020000000000000000000000000980124C3
:10A0C00001440144014400FC000410001FFC00880E
:10A0D0000104010400880070000000000070008886
:10A0E00001040104010400880000000000700088E1
:10A0F0000104010411081FFC0004000000F80144E1
:10A1000001440144014400C80000000001040104AE
:10A110000FFC1104110411001800000000D60129E1
:10A120000129012901C90106000010041FFC008457
:10A1300001000100010400FC0004000001041904F6
:10A1400019FC0004000400000000000000030001EE
:10A150000101190119FE0000000010041FFC002479
:10A16000004001B4010C01040000000010041004C0
:10A170001FFC0004000400000000010401FC0104B5
:10A18000010001FC0104010000FC010401FC008449
:10A1900001000100010400FC0004000000F80104BB
:10A1A00001040104010400F80000010101FF008521
:10A1B00001040104008800700000000000700088A5
:10A1C00001040104010501FF00010104010401FC77
:10A1D00000840104010001800000000000CC012483
:10A1E0000124012401240198000000000100010065
:10A1F00007F80104010400000000010001F8000458
:10A2000000040004010801FC000401000180017049
:10A21000000C001001600180010001F0010C003011
:10A2200001C00030010C01F0010000000104018CAC
:10A2300000740170018C01040000010101810171B1
:10A24000000E001801600180010000000184010C73
:10A25000013401440184010C0000000000000000F2
:10A26000000001003EFC400240020000000000002F
:10A270000000FFFF0000000000000000400240025C
:10A280003EFC0100000000000000000060008000B3
:10A29000800040004000200020006800000476009C
:10A2A0005401F7FD000175191A0C6A231B1C1F20AD
:10A2B0007274433B4138393A6B6C376F06246D6ECC
:10A2C000700000008300000000080000000100187A
:10A2D00032000500000020410000D242295C0F3E00
:10A2E0009A99993E3333733F295C0F3E000070000A
:10A2F000000000240000000200030000006500547C
:10A30000FFEF0000FA80000B12820001030C30C343
:10A310000E8C8CE914D5400213710F8E3883F883AC
:10A320003000F883258EF8833000F883FFFFFFFFAD
:10A330000FFEA9D6240004001A8279A10000003C77
:10A34000FFFF00000010000038836FA2003E0330C2
:10A350004000000002CAE3093E8000002000000027
:10A36000000000004000000060000000000C000041
:10A37000000C186E000006920A16C0DFFFFF02569E
:10A38000FD8CD377FFE1C496E0C5BEAA00000000B3
:10A39000FFFF0B2B00001657000003594000000080
:10A3A00000001DFA00026C1D000000003FFFDFEB03
:10A3B000003EB3B6000D227800002F3C00000000E4
:10A3C000001942B5000039A20000B365D90E9FC93B
:10A3D0001DCF4C3430000000500000003BB67AE83E
:10A3E0000064000000C80000000000001000000031
:10A3F0001000FA921000225E000D229F0001000062
:10A4000000320000FF46000063D40000100000008E
:10A4100004D6000004CC000004CC00000000107240
:10A4200000000040000000000000000000060002E4
:10A4300000050007000000000064000000000000AC
:10A44000000000050005006400200000000000007E
:10A450000000000000004000000003000000003287
:10A46000F8980000FF650000830F0000FF9BFC00D0
:10A4700000000000000000000000000000000000DC
:10A4800000000000000000000000000000000000CC
:10A49000000000000000000000001000400000006C
:10A4A000000000060000B26A000200000001FB8309
:10A4B0000068000000D9FC007CF1FF830000000070
:10A4C00000650000006403E8006400280000002527
:10A4D0000000000016A000000000100000001000A6
:10A4E000002F0000000001F4000010000028000010
:10A4F000FFFF4581FFFFFA7200000000000000002E
:10A50000004400050005BAC6004778A2000000011B
:10A510000000000000000600000000140000254DAF
:10A52000002F706D000005AE000C02D0000000008E
:10A53000000000000000000000000000001B000000
:10A5400000000000000000000000000000640000A7
:10A5500000080000000000000000000000000000F3
:10A5600000000000000000000000000000000000EB
:10A5700000000000000000000000000000000000DB
:10A5800000000000000000000000000000000000CB
:10A5900000000000000000000000000000000000BB
:10A5A000000000000000000000000000001B000090
:10A5B0000000000000000000000E000E00000AC7AE
:10A5C0000004000000000032FFFFFF9C00000B2B86
:10A5D000000000020000000100000064FFE5000030
:10A5E000000000000000000000000000000000016A
:10A5F00000000000000100000000000000018000D9
:10A600000001800000018000002426D3000000002B
:10A6100000000000000600100096003C0000000052
:10A620000000000000000000000000000C0A4E685E
:10A63000CDCF770950166759C619CE8200000000A9
:10A64000000000000000000000000000000000000A
:10A650000000000017D78400030000000000000085
:10A6600000000000C7938F9D1E1B1C1900000000F6
:10A6700000000000000000000000000000000000DA
:10A6800000000000020318850000400000000003E5
:10A690000000000300000000000000004000000077
:10A6A00000000000000000000000000000000000AA
:10A6B000000000000000000000000000000000009A
:10A6C000000000000000000000000000000000008A
:10A6D000677DDF7E72902E554CF6E6880000000004
:10A6E000000000000000000000000000D8DCB4B84A
:10A6F000B0D8B9ABF3F8FAB3B7BB8E9EAEF132F572
:10A700001BF1B4B8B08097F1A9DFDFDFAADFDFDF8C
:10A71000F2AAC5CDC7A90CC92C97F1A9892646660E
:10A72000B28999A92D557DB0B08AA896365676F192
:10A73000BAA3B4B280C0B8A89711B28398BAA3F0F4
:10A74000240844106418B2B9B49883F1A329557D44
:10A75000BAB5B1A38393F0002850F5B2B6AA83939B
:10A7600028547CF1B9A3829361BAA2DADEDFDB81DF
:10A770009AB9AEF5606870F1DABAA2DFD9BAA2FA76
:10A78000B9A38292DB31BAA2D9BAA2F8DF85A4D0EC
:10A79000C1BBAD83C2C5C7B8A2DFDFDFBAA0DFDFB0
:10A7A000DFD8D8F1B8AAB38DB4980D355DB2B6BA7A
:10A7B000AF8C96198F9FA70E161EB49AB8AA872C35
:10A7C000547CBAA4B08AB691325676B28494A4C8A6
:10A7D00008CDD8B8B4B0F19982A82D557D98A80EAF
:10A7E000161EA22C547C92A4F02C5078F184A898C8
:10A7F000C4CDFCD80DDBA8FC2DF3D9BAA6F8DABA83
:10A80000A6DED8BAB2B68696A6D0F3C841DAA6C8F4
:10A81000F8D8B0B4B882A892F52C548898F135D9FC
:10A82000F418D8F1A2D0F8F9A884D9C7DFF8F883D2
:10A83000C5DADF69DF83C1D8F40114F1A8824EA81C
:10A8400084F311D182F5D992289788F109F41C1C60
:10A85000D884A8F3C0F9D1D99782F129F40DD8F39F
:10A86000F9F9D1D982F4C203D8DEDF1AD8F1A2FAFD
:10A87000F9A88498D9C7DFF8F8F883C7DADF69DF69
:10A88000F883C3D8F40114F198A8822EA884F31198
:10A89000D182F5D992509788F109F41CD884A8F395
:10A8A000C0F8F9D1D99782F149F40DD8F3F9F9D16B
:10A8B000D982F4C403D8DEDFD8F1AD8898CCA809DA
:10A8C000F9D98292A8F57CF1883ACF944A6E98DB48
:10A8D0006931DAADF2DEF9D88795A8F221D1DAA58F
:10A8E000F9F417D9F1AE8ED0C0C3AE82C684C3A826
:10A8F0008595C8A588F2C0F1F4010EF18E9EA8C618
:10A900003E56F554F18872F40115F19845856EF5BF
:10A910008E9E0488F142985A8E9E068869F4011C26
:10A92000F1981E1108D0F504F11E97020298362501
:10A93000DBF9D985A5F3C1DA85A5F3DFD88595A81C
:10A94000F309DAA5FAD88292A8F578F1881A849FDB
:10A9500026889821DAF41DF3D8879F39D1AFD9DF43
:10A96000DFFBF9F40CF3D8FAD0F8DAF9F9D0DFD933
:10A97000F9D8F40BD8F3879F39D1AFD9DFDFF41DB5
:10A98000F3D8FAFCA869F9F9AFD0DADEFAD9F88F72
:10A990009FA8F1CCF398DB45D9AFDFD0F8D8F18F81
:10A9A0009FA8CAF38809DAAF8FCBF8D8F2AD978D9C
:10A9B0000CD9A5DFF9BAA6F3FAF412F2D8950DD1A5
:10A9C000D9BAA6F3FADAA5F2C1BAA6F3DFD8F1BA7A
:10A9D000B2B68696A6D0CAF349DAA6CBF8D8B0B4F8
:10A9E000B8D8AD84F2C0DFF18FCBC3A8B2B68696DB
:10A9F000C8C1CBC3F3B0B48898A821DB718D9D7119
:10AA0000859521D9ADF2FAD88597A828D9F408D828
:10AA1000F28D29DAF405D9F285A4C2F2D8A88D9472
:10AA200001D1D9F411F2D88721D8F40AD8F2849848
:10AA3000A8C801D1D9F411D8F3A4C8BBAFD0F2DEB5
:10AA4000F8F8F8F8F8F8F8F8D8F1B8F6B5B9B08A27
:10AA500095A3DE3CA3D9F8D85CA3D9F8D87CA3D9B8
:10AA6000F8D8F8F9D1A5D9DFDAFAD8B18530F7D915
:10AA7000DED8F830ADDADED8F2B48C99A32D557D4E
:10AA8000A083DFDFDFB591A0F629D9FBD8A0FC2990
:10AA9000D9FAD8A0D051D9F8D8FC51D9F9D879D958
:10AAA000FBD8A0D0FC79D9FAD8A1F9F9F9F9F9A025
:10AAB000DADFDFDFD8A1F8F8F8F8F8ACDEF8ADDEC1
:10AAC0008393AC2C547CF1A8DFDFDFF69D2CDAA059
:10AAD000DFD9FADB2DF8D8A850DAA0D0DED9D0F82B
:10AAE000F8F8DB55F8D8A878DAA0D0DFD9D0FAF892
:10AAF000F8F8F8DB7DF8D89CA88CF530DB38D9D095
:10AB0000DEDFA0D0DEDFD8A848DB58D9DFD0DEA05A
:10AB1000DFD0DED8A868DB70D9DFDFA0DFDFD8F1B7
:10AB2000A888902C547C98A8D05C38D1DAF2AE8CEE
:10AB3000DFF9D8B087A8C1C1B188A8C6F9F9DA365B
:10AB4000D8A8F9DA36D8A8F9DA36D8A8F9DA36D892
:10AB5000A8F9DA36D8F78D9DADF818DAF2AEDFD85D
:10AB6000F7ADFA30D9A4DEF9D8F2AEDEFAF983A750
:10AB7000D9C3C5C7F1889BA77AADF7DEDFA4F884F7
:10AB80009408A797F300AEF29819A488C6A39488F6
:10AB9000F632DFF28393DB09D9F2AADFD8D8AEF818
:10ABA000F9D1DAF3A4DEA7F1889B7AD8F38494AEC6
:10ABB00019F9DAAAF1DFD8A881C0C3C5C7A3928367
:10ABC000F628ADDED9F8D8A350ADD9F8D8A378AD22
:10ABD000D9F8D8F8F9D1A1DADEC3C5C7D8A18194D4
:10ABE000F818F2B089ACC3C5C7F1D8B8B4B097862D
:10ABF000A8319B069907AB9728889BF00C2014403E
:10AC0000B0B4B8F0A88A9A285078B79BA82951798F
:10AC1000247059446938644831F1BBAB88002C5426
:10AC20007CF0B38BB8A804285078F1B088B497268C
:10AC3000A85998BBABB38B02264666B0B8F08A9C85
:10AC4000A82951798B2951798A2470598B20587100
:10AC50008A4469388B3940688A6448318B3049604E
:10AC600088F1AC002C547CF08CA804285078F18832
:10AC70009726A85998AC8C02264666F0899CA8298C
:10AC80005179247059446938644831A98809205998
:10AC900070AB11384069A8193148608CA83C415C00
:10ACA000207C00F187981986A86E767EA999882D58
:10ACB000557DD8B1B5B9A3DFDFDFAED0DFAAD0DED6
:10ACC000F2ABF8F9D9B087C4AAF1DFDFBBAFDFDFA1
:10ACD000B9D8B1F1A3978E60DFB084F2C8F8F9D982
:10ACE000DED89385F14AB183A308B5839A0810B7DB
:10ACF0009F10D8F1B0BAAEB08AC2B2B68E9EF1FB48
:10AD0000D9F41DD8F9D90CF1D8F8F8AD61D9AEFB5A
:10AD1000D8F40CF1D8F8F8AD19D9AEFBDFD8F41699
:10AD2000F1D8F8AD8D61D9F4F4ACF59C9C8DDF2B96
:10AD3000BAB6AEFAF8F40BD8F1AED0F8AD51DAAE3F
:10AD4000FAF8F1D8B9B1B6A3839C08B9B1839AB522
:10AD5000AAC0FD3083B79F10B58B93F20202D1AB2E
:10AD6000DADED8F1B080BAABC0C3B284C1C3D8B107
:10AD7000B9F38BA391B609B4D9ABDEB0879CB9A364
:10AD8000DDF1B38B8B8B8B8BB087A3A3A3A3B28B8B
:10AD9000B69BF2A3A3A3A3A3A3A3A3A3A3F1B087EA
:10ADA000B59AA3F39BA3A3DCBAACDFB9A3A3A3A377
:10ADB000A3A3A3A3A3A3A3A3A3A3A3A3D8D8D8BBAC
:10ADC000B3B7F1AAF9DAFFD9809AAA28B48098A774
:10ADD00020B79787A86688F07951F1902C870CA747
:10ADE00081976293F071716085940129517990A5E2
:10ADF000F1284C6C870C95188578A38390284C6CAF
:10AE0000886CD8F3A28200F210A8921980A2F2D91D
:10AE100026D8F188A84DD948D896A83980D93CD8E9
:10AE20009580A839A68698D92CDA87A72CD8A88926
:10AE30009519A980D938D8A88939A980DA3CD8A829
:10AE40002EA83990D90CD8A8953198D90CD8A80932
:10AE5000D9FFD801DAFFD89539A9DA26FFD890A80A
:10AE60000D8999A810809821DA2ED88999A8318067
:10AE7000DA2ED8A886963180DA2ED8A8873180DAE3
:10AE80002ED8A88292F34180F1D92ED8A882F31946
:10AE900080F1D92ED882ACF3C0A28022F1A62EA7D1
:10AEA0002EA92298A829DAACDEFFD8A2F22AF1A9AD
:10AEB0002E8292A8F23180A696F1D900AC8C9C0C1F
:10AEC00030ACDED0DEFFD88C9CACD010ACDE8092F3
:10AED000A2F24C82A8F1CAF235F19688A6D900D820
:10AEE000F1FF000000000000555555555555C53F70
:10AEF0007D6FEB0312D6D4BF5544880E55C1C93FB0
:10AF00003B8F68B52882A4BF88B20175E0EF493F46
:10AF100009F7FD0DE13D023F4B2D8A1C273A03C086
:10AF2000C88A599CE52A004059018D1B6C06E6BF72
:10AF300082922EB1C5B8B33F4FBB610567ACDD3F10
:10AF4000182D4454FB21E93F9BF681D20B73EF3F50
:10AF5000182D4454FB21F93FE2652F227F2B7A3CC8
:10AF6000075C143326A6813CBDCBF07A8807703C81
:10AF7000075C143326A6913CC4EB98999999C9BFF4
:10AF8000711623FEC671BCBF6D9A74AFF2B0B3BF29
:10AF90009AFDDE522DDEADBF2F6C6A2C44B4A2BFE9
:10AFA0000D5555555555D53FFF8300922449C23F55
:10AFB0006E204CC5CD45B73F513DD0A0660DB13F89
:10AFC000EB0D76244B7BA93F11DA22E33AAD903F9B
:10AFD0000000000000000000434D443A2042414C74
:10AFE000206B70206B64207C2056454C206B7020B9
:10AFF0006B69207C2050494420626B20626420767B
:10B000006B207669207C204D494420616E676C6519
:10B01000207C204D4F444520444D502F4B414C4DFA
:10B02000414E2F434F4D50207C20554755415244AF
:10B03000204F4E2F4F4646207C2041524D207C20F1
:10B0400053544F50207C205354415455530D0A0003
:10B050005354415455532C53544F503D25642C4B5D
:10B0600045593D25642C5049434B3D25642C5341A3
:10B0700046453D25642C4D4F44453D25642C424BAF
:10B080003D25642C42443D25642C564B3D25642CC3
:10B0900056493D25642C4D49443D25642C563D259B
:10B0A000642C42543D25642C414E474C453D25645B
:10B0B0002C4759524F3D25642C444953543D256C2F
:10B0C000752C554F4B3D25642C4F42533D25642C28
:10B0D0005547554152443D25642C555354415445E0
:10B0E0003D25642C4D4953533D25642C5553544FF5
:10B0F000503D25642C55534C4F573D25642C5652DA
:10B1000045513D25642C56534146453D25642C450B
:10B110004C3D25642C45523D25642C4D4C3D256409
:10B120002C4D523D25640D0A0000000050726F64E2
:10B130007563742049442072656164206173203016
:10B1400020696E6469636174657320646576696300
:10B15000652069732065697468657220696E636F24
:10B160006D70617469626C65206F7220616E204D34
:10B170005055333035302E0D0A000000ACB20008B7
:10B1800000000020E00100006C01000810B300087E
:10B19000E0010020900B0000C80100081001000031
:10B1A00043000000F8FFFFFF0040404040404040A7
:10B1B000404041414141414040404040404040408A
:10B1C000404040404040404040050202020202022E
:10B1D000020202020202020202202020202020207D
:10B1E0002020200202020202020290909090909091
:10B1F000101010101010101010101010101010104F
:10B2000010101010020202020202888888888888C2
:10B2100008080808080808080808080808080808AE
:10B2200008080808020202024000000000000000B6
:10B23000000000000000000000000000000000000E
:10B2400000000000000000000000000000000000FE
:10B2500000000000000000000000000000000000EE
:10B2600000000000000000000000000000000000DE
:10B2700000000000000000000000000000000000CE
:10B2800000000000000000000000000000000000BE
:10B2900000000000000000000000000000000000AE
:10B2A0000000000000000000000000001184A24A1D
:10B2B000048009010203040607080992021202032E
:10B2C0001A2C017AB042C18A013224F0D24623DC22
:10B2D0004233C84312401C4083450C6E42020406B0
:10B2E0000878E97C01160A1B78880138055A0AD7C4
:10B2F000A33BCB803F0CC91013A6A21B089A0401E4
:10B30000207AC424A94001165AFF0432010000002B
:0400000508000131BD
:00000001FF
