:020000040800F2
:10000000F0170020B9020008133500080B3500086E
:100010000F3500080F240008AD370008000000006D
:100020000000000000000000000000004135000852
:1000300013240008000000001535000843350008AF
:10004000D3020008D3020008D3020008D30200083C
:10005000D3020008D3020008D3020008D30200082C
:10006000D3020008D3020008D3020008D30200081C
:10007000D3020008D3020008D3020008D30200080C
:10008000D3020008D3020008D3020008D3020008FC
:10009000D3020008D3020008D3020008D3020008EC
:1000A000D3020008D3020008D3020008D3020008DC
:1000B000D3020008D3020008D3020008D3020008CC
:1000C000D3020008D3020008D3020008D3020008BC
:1000D000D30200089D370008D3020008D3020008AD
:1000E000D3020008D3020008D3020008D30200089C
:1000F000D3020008D3020008D3020008D30200088C
:10010000D3020008D3020008D3020008D30200087B
:10011000D3020008D3020008D3020008D30200086B
:10012000D3020008D3020008D3020008D30200085B
:1001300000F002F800F0B0F80AA090E8000C824449
:100140008344AAF10107DA4501D100F0A5F8AFF226
:10015000090EBAE80F0013F0010F18BFFB1A43F0A5
:1001600001031847F0BB000010BC00000A444FF028
:10017000000C10F8013B13F0070408BF10F8014B06
:100180001D1108BF10F8015B641E05D010F8016B4B
:10019000641E01F8016BF9D113F0080F1EBF10F8AF
:1001A000014BAD1C0C1B09D16D1E58BF01F801CBD2
:1001B000FAD505E014F8016B01F8016B6D1EF9D555
:1001C0009142D6D37047000000230024002500266A
:1001D000103A28BF78C1FBD8520728BF30C148BFAA
:1001E0000B6070476E2900F0E684702900F087816B
:1001F00066290BF0848465290BF0818467290BF054
:100200007E8461290BF07D8403681B0A28BF41F0BE
:100210008001692900F0F880642900F0F5807529D3
:1002200000F0F2806F2900F0C085782900F053813A
:10023000E92900F05B85E42900F05885F52900F0F4
:100240005585EF2900F0BD85F82900F0528103683B
:10025000DB0928BF41F08001632900F0CA847329BB
:1002600000F0CF84E32901F02F82F32901F03482DA
:10027000002070471FB501F043FC0400002000215E
:100280000AF052FF401C6060002000210AF036FF97
:10029000E0601FBD10B510BD01F004FC1146FFF772
:1002A000E9FF04F0A3FE01F0E1FC03B4FFF7F2FF65
:1002B00003BC03F0D6FA000009488047094800470C
:1002C000FEE7FEE7FEE7FEE7FEE7FEE7FEE7FEE706
:1002D000FEE7FEE704480549054A064B7047000063
:1002E0004B35000831010008F0110020F017002004
:1002F000F0130020F0130020704710B54C1084EA72
:10030000530404D54042C1F1000138BF491E1B42CD
:1003100004D55242C3F1000338BF5B1E00F05EFB00
:1003200014F0804F04D04042C1F1000138BF491E93
:1003300014F0004F04D05242C3F1000338BF5B1EDB
:1003400010BD00000A46014900F060BC38000020E2
:100350000FB4044910B503AA029800F057FC10BC72
:100360005DF814FB3800002070B50446856900680C
:10037000C10601D5302600E02026C00707D070BD99
:10038000D4E9012130469047206A401C20626D1E4E
:10039000F6D570BD70B5044685690078C00707D1F1
:1003A00070BDD4E9012120209047206A401C2062C2
:1003B0006D1EF6D570BD70B50C460546012A05D0F8
:1003C0002878800600D5EA69002302E0012305E0D1
:1003D0005B1C934202D2E05C0028F9D1A869E618C0
:1003E000C01AA861286A184428622846FFF7BCFF93
:1003F00004E0D5E9012114F8010B9047B442F8D389
:100400002846FFF7C7FF70BD2DE9F04106460024DE
:1004100010687529314616A510D000F061FB002840
:1004200002DA404213A507E031688A0701D512A518
:1004300002E0490704D511A5012401E000F059FBB1
:1004400000210A2206F1240709E0B0FBF2FCB0FB10
:10045000F2F302FB1C00303078541846491C002887
:10046000F3D123462A463046BDE8F04100F04ABBAE
:10047000000000002D0000002B0000002000000004
:10048000F0B40D460188090502D5214C7C4402E0F8
:100490001F4C7C440E34002100F1240608E002F0D9
:1004A0000F071209E75D42EA03721B097754491CE2
:1004B00052EA0307F3D102780023120704D5702D06
:1004C00006D009B1022311342246F0BC00F01ABB59
:1004D00001231034F8E770B504460D462146106834
:1004E00000F007FB024629462046BDE87040002385
:1004F000C6E7D21D22F00703D3E90023C0E7036853
:10050000126843F0200303600823C3610023B7E7A8
:100510006EB700002DE9F05F894604464FF0000AEF
:10052000DFF874B1FB44C0F820A02046E16888479A
:10053000002874D0252806D0D4E901219047206AEC
:10054000401C2062F1E700265F462046E1688847AC
:100550002028054607DB312D05D2781910F8200C2C
:1005600008B10643F1E7B00701D526F00406C4F848
:100570001CA00027C4F818A02A2D09D0284603F093
:1005800069F938B304EB8708303DC8F8185019E012
:1005900059F8041B204604EB87029161E168884703
:1005A000012F054618D1E069002820DA26F0200640
:1005B0001DE0D8F8180000EB800005EB4000303853
:1005C000C8F818002046E1688847054603F042F95C
:1005D0000028EED1012F0AD02E2D08D12046E16847
:1005E00088477F1C0546022F46F02006C4DBA06921
:1005F000002803DA404246F00106A061F00701D06E
:1006000026F010066C2D0BD0682D09D04C2D39D05A
:100610006A2D35D0742D35D07A2D33D016E038E0E0
:10062000E1682F4620468847B842054609D16C2F1D
:1006300026D04FF48060E16806432046884705468F
:1006400004E06C2F1AD04FF4807006430DB3A5F16F
:100650004100192802D8203546F400664A4629464A
:10066000204626604E46FFF7BDFD80B101280BD025
:10067000F61D26F0070000F1080956E74020E4E7E0
:100680008020D8E70020D6E706F104094DE7284688
:1006900052E7206ABDE8F09FFEB600000FB400B537
:1006A0008DB010A9099000910B904FF0FF300A9087
:1006B00000200C90064878440690064878446A4624
:1006C00007900F9909A800F09BFB0DB05DF814FB93
:1006D000670700007F0700002DE9FF5F1D464FF010
:1006E000FF3B91464FF000085F46D5E90146A969F6
:1006F00001987F1C8847296A824688470028F6D1DE
:10070000BAF1FF3F0CD0002E24F4C06419DD60065E
:1007100014D5BAF12B0F09D0BAF12D0F0ED103E089
:10072000584604B0BDE8F09F44F48064A96901987C
:100730007F1C8847761E8246002E02DDBAF1300FFC
:1007400003D0B9F1000F26D032E0A969761E0198D6
:100750007F1C44F400748847002E824605DDBAF100
:10076000780F06D0BAF1580F03D0B9F1000F10D0AE
:100770001EE0B9F1000F02D0B9F1100F18D1A9692C
:10078000761E01987F1C24F400748847824610204E
:1007900002E0082000E00A20814609E0A96908FB80
:1007A0000908761E01987F1C44F40074884782462D
:1007B000002E05DD4946504600F00EFB0028EDDA1C
:1007C000E96901988847A00502D46FF00100A8E705
:1007D000E00725D1600613D5600502D5C8F10000F9
:1007E00000E0404629680A1D2A600968220501D5F3
:1007F000087015E0220701D5088011E008600FE0BD
:100800002868011D29600068210502D580F8008054
:1008100006E0210702D5A0F8008001E0C0F80080C2
:1008200038467EE740EA010310B59B070FD1042A42
:100830000DD310C808C9121F9C42F8D020BA19BAAB
:10084000884201D9012010BD4FF0FF3010BD1AB110
:10085000D30703D0521C07E0002010BD10F8013B65
:1008600011F8014B1B1B07D110F8013B11F8014B8C
:100870001B1B01D1921EF1D1184610BD032A40F274
:10088000308010F0030C00F0158011F8013BBCF132
:10089000020F624498BF11F801CB00F8013B38BF4A
:1008A00011F8013BA2F1040298BF00F801CB38BF58
:1008B00000F8013B11F0030300F0D282083AC0F0C7
:1008C000088051F8043B083A51F804CBA0E808101E
:1008D000F5E7121D5CBF51F8043B40F8043BAFF351
:1008E0000080D20724BF11F8013B11F801CB48BFAB
:1008F00011F8012B24BF00F8013B00F801CB48BFE1
:1009000000F8012B70474FF0000200B513469446E3
:100910009646203922BFA0E80C50A0E80C50B1F157
:100920002001BFF4F7AF090728BFA0E80C5048BF6B
:100930000CC05DF804EB890028BF40F8042B08BF09
:10094000704748BF20F8022B11F0804F18BF00F805
:10095000012B70474FF0013C50F8042B51F8043B39
:100960009A4221D1A2EB0C03934313EACC1317D183
:1009700050F8042B51F8043B9A4215D1A2EB0C031A
:10098000934313EACC130BD150F8042B51F8043BDA
:100990009A4209D1A2EB0C03934313EACC13DBD0A8
:1009A0004FF00000704700BFD01A01BAB1FA81F1D0
:1009B00001F0180122FA01F0CB40C1F12001DBB2B5
:1009C000C0B2C01A2CFA01F3D11A914311EAC31133
:1009D000E6D17047704770477047704753EA020C82
:1009E00000F069802DE9F04B4FF00006002B1FBF8F
:1009F000B3FA83F503FA05F424FA05F65E4012BF54
:100A00001643B2FA82F502FA05F4C5F120051EBFBD
:100A100022FA05FC44EA0C04203556EA044C4FEA5D
:100A2000144418BF641C4FF000084FF000099042B6
:100A300071EB030C39D3002919BFB1FA81F701FA20
:100A400007F6B0FA80F700FA07F6C7F120071EBFD5
:100A500020FA07FC46EA0C062037B6FBF4FCA7EBAD
:100A60000507103F07F01F0BCBF120060CFA0BFB1C
:100A70002CFA06F644BFB3460026202FA4BF5E46DC
:100A80004FF0000B5BEA060C08BF4FF0010B19EBAF
:100A90000B09ABFB027C48EB0608C01B06FB02CC33
:100AA0000BFB03CC71EB0C01C1E70B460246414640
:100AB0004846BDE8F08B13B54FF000004FF0000141
:100AC000AFF30080BDE81C40704710B500F0FAF9A4
:100AD000006810BD10B5044600F0F4F9046010BDC4
:100AE00009684A0501D540B27047C905FCD500B276
:100AF000704709684A0501D5C0B27047C905FCD5E1
:100B000080B270472DE9F0470D469946924604465B
:100B100000F124080168880604D5E06921F010017D
:100B2000216000E00120A84201DD471B00E0002712
:100B3000A1697A1902EB0900081AA0612078C006A1
:100B400002D42046FFF710FC002608E0D4E901217A
:100B50001AF806009047206A401C761C20624E4519
:100B6000F4DB2078C0060AD52046FFF7FDFB06E03F
:100B7000D4E9012130209047206A401C2062381EB1
:100B8000A7F10107F4DC07E0D4E9012118F805001A
:100B90009047206A401C2062281EA5F10105F3DC65
:100BA0002046FFF7F7FB2078000602D50220BDE8BB
:100BB000F0870120FBE711680268006A530501D540
:100BC00008700AE0D30501D5088006E0130603D5B6
:100BD000C217C1E9000200E008600120704710B5AB
:100BE000436913B1AFF3008001E0FFF7E4FB01209C
:100BF00010BD127800F124010A7000224A7001220F
:100C0000EDE711684FF0FF32E9E70000074B70B5E0
:100C10000D467B4400F03BFD0446284600F01AFFD9
:100C200010B14FF0FF3070BD204670BDDB3D0000BD
:100C30002DE9FF5F15468A460446DFF8AC80F8448C
:100C40000027D8E900103E46CDE9001010E03AF840
:100C500016106A4602A800F001FF411C07D0217857
:100C6000890603D5E269391891420DD80744761CEC
:100C70002078800602D5E069B84205DDAE42E6DBA9
:100C80003AF816000028E2D1A069C01BA0612046F6
:100C9000FFF76AFBD8E90010CDE90010002017E04B
:100CA0003AF818106A4602A800F0D8FEB0F1FF3FEB
:100CB00081460BD000250DF1080B05E0D4E9012198
:100CC0001BF8050090476D1C4D45F7D308F1010056
:100CD000B0428046E4DB206A384420622046FFF7B9
:100CE00059FBBDE8FF9F0000F6AF00002DE9F04181
:100CF0008046D21D22F007020025D2E90002F52924
:100D000015A614D0011E72F1000106DA0023D0EB03
:100D1000030063EB020211A608E0D8F800108B076D
:100D200001D50FA602E0490701D50EA601251146FF
:100D3000002408F1240704E000F0C8F830323A55E6
:100D4000641C50EA0102F7D12B4632462146404648
:100D5000BDE8F041FFF7D6BE000000002D00000006
:100D60002B0000002000000030B4002100F124041A
:100D700008E002F00705D208303542EA4372DB088A
:100D80006554491C52EA0305F3D10468002310A2FC
:100D9000250707D5A40600D421B1C46901230DA2FB
:100DA000641EC46130BCFFF7ADBE10B504462146D9
:100DB0001068FFF79EFE02462046BDE81040002363
:100DC000D2E7D21D22F00701D1E90023CCE70000D1
:100DD00000000000300000003A2800D2303820F037
:100DE0002002412A01D3A2F13700884201D34FF0FB
:100DF000FF3070470268114413780160184670474D
:100E0000D160054979445161044979441162002156
:100E10001161114600F064BCEDFFFFFF49010000C5
:100E2000426842B1016811F8013B23B1521EC0E98A
:100E30000012184670470121C160881E7047426841
:100E40005AB1C368016843B983688B4205D0491E13
:100E5000521CC0E90012002070474FF0FF3070476D
:100E600010B5203AC0F00B80B1E81850203AA0E845
:100E70001850B1E81850A0E81850BFF4F5AF5FEA79
:100E8000027C24BFB1E81850A0E8185044BF18C92C
:100E900018C0BDE810405FEA827C24BF51F8043BD3
:100EA00040F8043B08BF7047D20728BF31F8023B27
:100EB00048BF11F8012B28BF20F8023B48BF00F8BB
:100EC000012B7047004870479011002030B5B0F1F9
:100ED0000A024FEA900E71F100034EEA817EB0EBF8
:100EE0000E0061EB91014FEA101E4EEA017E10EBFD
:100EF0000E0041EB11114FEA102E4EEA016E10EB7D
:100F00000E0041EB11214FEA104E4EEA014E10EB5C
:100F10000E0041EB1141401841F100014FEAD000B1
:100F200040EA41704FEAD10110EB80054FEA81049D
:100F300044EA907444EB01046D1944EB0404521B21
:100F4000A3414FF0000348BF0A3200D530BD401C1A
:100F500041F1000130BD10B5044600F0C9FD006844
:100F6000005D00F0010010BD70472DE9FF4F0C46F9
:100F70001E464FF0FF378BB0D2E90001DDF86080EC
:100F80000A908A46C1F30A5505B93D460021084634
:100F90004FF00000BAF1000F00F4400005DA00EB5A
:100FA00080004FF4400101EA50004FEA9059B9F136
:100FB000010F00DDB9460A9850EA4A000ED044F607
:100FC0001050A5F2FF3545432F14B8F1000F1ED085
:100FD0007542291E1EDDC9F100021CE0B8F1010FA7
:100FE0004FF0000001D0302103E0F24305E021542E
:100FF000401CB042FBDB30460022002121540B99FB
:10100000C1F80880C1E900200FB0BDE8F08FBD1B1A
:101010006D1CDEE74A4600DA694206A800F0B4FD1E
:1010200006AB93E8070003AB83E8070050460A9934
:1010300000F025FE8DE80700A0F500501F38009055
:101040000398002D0ADD42F21F014A46084400239E
:1010500003A90390684601F08EF809E0A0F500505E
:101060004A461F38002303A90390684601F098F808
:101070008DE807000004000C03D04FF0FF3041085A
:1010800000E01046B8F1000F03D000220092154690
:101090001EE0751E05D4FFF719FF303262556D1E34
:1010A000F9D5B3460122084302D000227F1C04E098
:1010B0002078302801D100227F1E002A099784D091
:1010C0001DE0112D07DAFFF701FF303262556D1C6C
:1010D00050EA0102F5D1084302D00098C8B10EE0F1
:1010E0000021681E05E0235C625C63542254401EAC
:1010F000491C8142F7DBAB46A81B401E099000202B
:1011000004F80B000B98099AC0F80880C0E9002B7E
:101110007AE711264FF0000857E72DE9F04F88468F
:101120000446D21D22F0070191B0D1E90001CDE9BA
:101130000A0102F03DFB02460B98C00F01D02D20A2
:1011400007E02068810701D52B2002E0202101EA79
:10115000C000032A099001D0072A05DB0346414657
:10116000204600F0D1FC0BE12078800601D5E06933
:1011700000E00620B8F1650F814606D0B8F1660F91
:1011800018D0B8F1670F70D131E00020B9F1110F1C
:10119000009001DB112301E009F101030AAA01A972
:1011A0000CA8FFF7E2FEDDE90C70002609F101054D
:1011B000834647E001204B4600904FF000470AAAC3
:1011C00001A90CA8FFF7D1FEDDE90DB00C995D4631
:1011D000002610B909F101000D18B9EB050003D480
:1011E000C0F1FF3609F10105A5EB09002BE0B9F1CB
:1011F000010F01DA4FF001090020B9F1110F009041
:10120000484601DD112300E003460AAA01A90CA803
:10121000FFF7ABFEDDE90C704D46002683462078D3
:1012200000070AD4AB4500DA5D4601A8012D04DDB4
:10123000411911F8011C302907D04F4502DA17F186
:10124000040F04DA012082460FE06D1EEEE7002F46
:1012500002DCED1B3E4403E0781CA84200DD7D1C4F
:10126000B81B00F1010A4FF000472078000703D4B3
:10127000AA4501DB4FF0FF3A0021B7F1004F0DF115
:1012800043088DF8431024D002202B23002F01DACD
:101290007F422D230A21021EA0F1010000DC5FB174
:1012A00097FBF1FC97FBF1F201FB1C7C17460CF15C
:1012B000300C08F801CDEEE7A8F101000370218899
:1012C000090501D5452100E06521A0F1010800F8DC
:1012D000011C09980FA9A1EB0807FF1D00B101200F
:1012E000411901EBEA70A1693844081A401EA06157
:1012F0002078C00602D42046FFF736F8099828B1B6
:10130000D4E901219047206A401C20622078C00661
:1013100022D52046FFF728F81EE0002E04DBB34557
:1013200002DD01A8805D00E03020D4E90121904772
:10133000206A401C2062761CAAF101005FEA000AC4
:101340000AD100F0DDFBC0680168405CD4E90121EE
:101350009047206A401C2062281EA5F10105DCDCB4
:1013600007E0D4E9012118F8010B9047206A401CDE
:101370002062381EA7F10107F3DC2046FFF70AF8C8
:10138000032011B041E600002DE9F04F04460D4660
:10139000D21D22F0070089B0D0E9009748463946AF
:1013A00002F006FA0246F80F01D02D2307E020686C
:1013B000810701D52B2302E0202101EAC0038DF82B
:1013C00020300BB1012000E00020032A824601D02A
:1013D000072A04DB2946204600F096FB3FE12078EF
:1013E000800601D40D2500E0E569C7F30A560D2DEE
:1013F00049DA00214FEA175B08464FF00000002F42
:1014000000F4400007DA00EB80004FF4400100EBED
:10141000D07001EA60008115012901DD4FF0FF3134
:1014200000224FEA850CBCF1180F06D31346ACF12D
:1014300018004FF08052C24003E04FF4801323FAAB
:101440000CF30CF10C0CBCF1200F04D3ACF1200C0C
:1014500009FA0CF001E007FA0CF000294FF00048FF
:1014600001DD18B90FE00ED140450CD319EB02098C
:101470005F4121B9404502D19F4329EA0209BBEBF4
:10148000175F00D0761C2088000502D57B48784481
:1014900002E07A487844193808AA302302F80A3062
:1014A000037C0AF10101002E0AF1020A53546A4634
:1014B00002DC4FF0300101E04FF031014FF0010844
:1014C0008DF8001002D0A6F2FF3603E059EA47017A
:1014D00000D06B4E002D02DC2178090704D54FF0B7
:1014E00002082E218DF80110C44600210BE0C7F33D
:1014F00003433F01C35C491C6D1E02F808300529F7
:1015000008F1010801DA002DF1DC00210CE000EB0C
:101510001973491C1B786D1E082902F808304FEA20
:10152000091908F1010801DA002DF0DC21688B06A9
:1015300002D516E0A8F10108E04505DD02EB08033D
:1015400013F8013C302BF5D0B8F1000F09DD02EBA8
:10155000080313F8013C2E2B03D1090701D4A8F18D
:101560000108002D05DD3E2102F808106D1E08F16E
:101570000108407C002E02F8080008F1010804DA96
:101580002D20764202F8080002E02B2002F8080025
:101590000A214FF47A70864208F101080BDB96FBB2
:1015A000F0F3303302F8083096FBF0F308F101084D
:1015B00000FB136601E0642E0CDB642096FBF0F365
:1015C000303302F8083096FBF0F308F1010800FB15
:1015D000136601E00A2E06DB96FBF1F0303002F8CC
:1015E000080008F1010896FBF1F001FB10603030B3
:1015F00002F80800A16908F1010808EB050202EBF6
:101600000A00081AA0612078C00602D42046FEF71E
:10161000ABFE216A08AE01EB0A00206204E0D4E9C7
:10162000012116F8010B9047BAF1010AF7D2207890
:10163000C00602D52046FEF797FE6E4609E016F872
:10164000010B3E280FD0D4E901219047206A401CAD
:101650002062B8F10108F2D22046FEF79BFE09B0E5
:101660000320BDE8F08F206A2844206203E0D4E91B
:101670000121302090476D1EEBD3F8E7C1A7000091
:1016800002FCFFFF01694A1C02610878704700B53F
:101690008FB0CDE901310021059105497944CDE9AB
:1016A000031011466846FEF735FF0FB000BD00007D
:1016B000E5FFFFFF10B5436913B1AFF3008001E010
:1016C000FFF7B6FA012010BD128800F124018284D0
:1016D0000022C2840122EDE711684FF0FF32E9E7F2
:1016E0002DE9F34F4FF0000A0C4656468DB001200D
:1016F0000C9001F10C000B9062690B98012190474E
:10170000051E2DD0252D2CD0216A8847C0B16269D5
:101710000B9801219047216A88470028F7D1626918
:10172000411E0B98904700E0761CA1690D988847F0
:10173000216A88470028F7D1E1690D988847DBE7DF
:10174000A1690D988847A842074601D1761CD3E7C6
:10175000E1690D9888477F1C02D1BAF1000F6FD064
:101760006BE162690B9800273D46394690472A286D
:1017700004D162690B98012190470125DFF8D082DE
:1017800062690B9801219047A0F130010A290AD221
:101790004745E5DC07EB870100EB4107303FDFD42D
:1017A00045F01005ECE7E90601D46FF000476C281E
:1017B0000AD04C2814D0682815D06A280DD0742877
:1017C0001CD07A281AD01DE062690B98012190473D
:1017D0006C2802D045F0040514E045F002050DE048
:1017E00045F020050AE062690B98012190476828BE
:1017F00002D045F0080505E045F4006562690B98E4
:1018000001219047C4E9015765283DD019DC5828CB
:101810007AD00CDC452837D004DC252826D0412896
:101820009ED131E046282FD0472899D12CE05B2863
:1018300077D0612828D063287CD0642823D15AE04F
:10184000F6E06F2848D008DC66281DD067281BD03A
:10185000692821D06E2816D127E0702845D073283A
:1018600068D0752847D078280DD14DE0A1690D9832
:101870008847252805463FF469AFE1690D988847F8
:101880006D1C3FF46AAFD8E00D9923466A466FF0AD
:101890000100AFF30080C5E045F0400023464FF063
:1018A00000026060A80736D43EE0E8077FF447AF47
:1018B0002068011D21600068290501D506701BE71D
:1018C000290701D5068017E7A90703D5F117C0E955
:1018D000006111E706600FE745F0400023464FF036
:1018E00008026060A80716D41EE040F60E0125EA43
:1018F0000100606016E045F0400023464FF00A0208
:101900006060A80707D40FE045F040006060A807BA
:1019100008D5234610220D996FF00100AFF3008027
:1019200080E007E0102223460D996FF00100FEF7DA
:10193000D3FE77E04FF0000963284F46C8464B4678
:10194000CB4602D05B2806D038E0E80601D401205F
:10195000A060012732E06269D4F80CB00B98012135
:1019600090475E2807D14FF0010949466269D4F8D3
:101970000CB00B989047216939B900210A4603AB96
:1019800043F82120491C0829FADBD8B3216949B35F
:1019900008F1010862690B98012190475D28F4D194
:1019A000B9F1000F09D0002003A951F82020D2433B
:1019B00041F82020401C0828F7DB03AB20690028F1
:1019C00020794FEA40701ED05B462246CDF8008059
:1019D000CDE901970D9900286FF0010020DAAFF3EF
:1019E00000801FE0C11703AA00EBD1614B1121F069
:1019F0001F0102EB8302411A136801208840034350
:101A00001360C7E719E00D99224600286FF0010026
:101A1000009702DAAFF3008004E0AFF3008001E04A
:101A2000AFF3008000280ADA401C06D10C9820B1E0
:101A30004FF0FF300FB0BDE8F08F5046FAE7E907EE
:101A400001D10AF1010A064400200C9054E600007E
:101A5000CCCCCC0C007B00F08000704770B51646F3
:101A60000C46054600F044F8036893F8010101288C
:101A700006D0FF2C0FD8185D68B101202C7070BD06
:101A8000D3F807013246214603F2071303442846E0
:101A9000BDE8704018474FF0FF3070BD00487047F8
:101AA000901100207546FFF7F9FFAE460500694624
:101AB000534620F00700854618B020B5FEF70AFC13
:101AC000BDE820404FF000064FF000074FF000083F
:101AD0004FF0000B21F00701AC46ACE8C009ACE8C0
:101AE000C009ACE8C009ACE8C0098D4670470000E9
:101AF00010B500F005F8001D10BD00BF2D960000C8
:101B000000487047B01100202DE9F0411F460446FF
:101B100003260168072A01F4006004DB08B116A55A
:101B200005E016A503E008B115A500E015A521F014
:101B300010002060A069C01EA0610FB1401EA0610E
:101B40002046FEF711FC4FB1D4E9012138469047F9
:101B5000206A401C2062C01C206206E0206AFAE76E
:101B6000D4E9012115F8010B9047761EF8D22046E2
:101B7000FEF710FCBDE8F0814E414E006E616E0034
:101B8000494E4600696E66002DE9F04781461646CB
:101B90008AB0354878440DC88DE80D003248784445
:101BA000801C03AC0DC884E80D0041F69B3008444E
:101BB000372190FBF1F290FBF1F5A5F1800501FBD7
:101BC00012041B3C02D56442012000E00020DFF833
:101BD00098A080460027FA44AAF1BE0A0EE0E0076A
:101BE0000AD03246684607EB470101230AEB810120
:101BF00000F0D6FA8DE8070064107F1C002CEED1AF
:101C0000194F7F44AE3F19E0E80715D007EB0410E9
:101C10000DF1180A90E80E008AE80E00C068F04244
:101C200001D1981908903246012306A903A800F0B3
:101C3000B7FA03AB83E807006D10641C002DE3D1F5
:101C40004FF0010332466946B8F1000F03A802D0F5
:101C500000F091FA01E000F0A3FAC9E90001C9F827
:101C600008200AB0BDE8F0874CA1000010B504467A
:101C7000AFF300802046BDE81040FEF716BB5FEAD8
:101C8000400C08BF91F0000F4FEA8C234FEAC122AD
:101C900043EA51514FEA1C5018BF00F5F0404FEA9B
:101CA000300018BF41F000415FEA6C5C00F0298011
:101CB000BCF1FF3F08BF40F080407047130C06BFE7
:101CC00012044FF0100C4FF0000C130E04BF120260
:101CD0000CF1080C130F04BF12010CF1040C930F4C
:101CE00004BF92000CF1020CD30F04BF52000CF1A0
:101CF000010C11464FF00002A0F11F00A0EB0C00F8
:101D0000704711F0004F08BF704731F000413FF4B9
:101D1000D5AF0B0C06BF09044FF0100C4FF0000CB0
:101D20000B0E04BF09020CF1080C0B0F04BF0901D4
:101D30000CF1040C8B0F04BF89000CF1020CCB0FCB
:101D400004BF49000CF1010CCCF12003A0EB0C0006
:101D500022FA03F302FA0CF241EA030100F1010056
:101D6000704720F07F4C80EA030023F07F47ACEB04
:101D7000070303F57C5300F0004003F1FF032DE956
:101D800080494FEA154B09B44FEA144325EA0B4E3C
:101D900024EA03480FF2042606EB132749083E788D
:101DA0005FEA320203FB0667C7F5000707FB06F68A
:101DB0004FEA54374FEAD64606F1020607FB066C97
:101DC000CCF1005C4FEA1C472CEA074C07FB06F4F9
:101DD0000CFB06F504EB15464FEA961634BF0020BF
:101DE0004FF000404FEAD13706FB07FC4FEA1C4C8E
:101DF0000CFB0BF7D21B03FB0CF761EB07010CFB91
:101E00000EF7B0EB074072EB17420CFB08F734BF3C
:101E1000A2EB0742B2EB074261EB17414FEA0C44D9
:101E20004FEA910706FB07FC4FEA1C4C0CFB0BF733
:101E3000B0EBC74072EB573203FB0CF734BFA2EB99
:101E4000C742B2EBC74261EB57310CFB0EF7B0EB68
:101E5000C70072EB57720CFB08F734BFA2EBC70246
:101E6000B2EBC70261EB5771039F4FEA816141EA10
:101E7000921104EBCC044FEAD1374FEA826206FBA1
:101E800007FC42EA90124FEA80604FEA1C4C0CFBC0
:101E90000BF7D21B03FB0CF761EB07010CFB0EF7F2
:101EA000B0EB074072EB17420CFB08F734BFA2EB14
:101EB0000742B2EB074261EB17414FEA8C554FEAFC
:101EC000910704EB9C2406FB07FC4FEA1C4C0CFB1F
:101ED0000BF7B0EBC74072EB573203FB0CF734BF84
:101EE000A2EBC742B2EBC74261EB57310CFB0EF7D6
:101EF000B0EBC70072EB57720CFB08F734BFA2EBD4
:101F0000C702B2EBC70261EB577115EB4C254FEAE4
:101F1000816141EA92114FEA82624FEAD13742EA87
:101F2000901206FB07FC44F100044FEA80604FEA80
:101F30001C4C0CFB0BF7D21B03FB0CF761EB0701EE
:101F40000CFB0EF7B0EB074072EB17420CFB08F7E7
:101F500034BFA2EB0742B2EB074261EB174115EB2E
:101F60001C154FEA813141EA92414FEA823242EA3E
:101F700090424FEA80304FEA0C7644F1000448EA80
:101F800003434EEA0B484FF0000EB2EB080C71EB26
:101F9000030724BF624639464EEB0E0E4FF0000B8E
:101FA0000018524149414BEB0B0BB2EB080C71EBA3
:101FB00003077BF1000B24BF624639464EEB0E0E41
:101FC0004FF0000B0018524149414BEB0B0BB2EBA9
:101FD000080C71EB03077BF1000B24BF6246394606
:101FE0004EEB0E0E51EA020718BF46F0010616EB43
:101FF0000E7655F1000254F1000103D5BDE88901C8
:10200000BDE80088BDE88901BDE80048B619524125
:1020100041EB0101A3F10103704780807F7E7D7C4D
:102020007B7A7978777676757473727171706F6E6A
:102030006E6D6C6C6B6A6A69686867666665646415
:10204000636362616160605F5F5E5E5D5D5C5C5B9F
:102050005B5A5A595958585757565655555554540E
:10206000535352525251515050504F4F4F4E4E4D6C
:102070004D4D4C4C4C4B4B4B4A4A4A4949494848B8
:1020800048474747474646464545454444444443F8
:1020900043434342424242414141002B9C4630D49B
:1020A00077002BD01CB54FEA370703B44FF0100070
:1020B0004FF01001BAF1000F06D0BCF1000FDCBFE9
:1020C00040F0080040F008014FF000000FBCBDE8F0
:1020D00010400BF1010BBBF1010F08BF5FEA1707BE
:1020E00022BF12F1010211F101014FF0004143F151
:1020F000000300F0004043EA00007047F9D357089E
:10210000D0E746EA064613F1400F4FEA16461FDDB8
:1021100013F1200FDFBF16430A46002120335B4234
:10212000BED0C3F1200746EA064602FA07F74FEA97
:10213000164646EA0706C3F1200722FA03F201FA1F
:1021400007F721FA03F14FF0000342EA0702A7E77D
:1021500046EA020646EA06464FEA164646EA0106FF
:10216000BCBF46EA0646360C4FF000034FF00002B3
:102170004FF0000194E72DE9804C9A46934670B4E5
:1021800091E8380007C831EA400C48BF34EA430CF4
:1021900003D5FFF7E6FDFFF780FFF0BCBDE8008C3C
:1021A0002DE9804C9A46934670B491E8380007C8F0
:1021B00010F0804F08BF13F0804F03D100F005F8F6
:1021C000FFF76BFFF0BCBDE8008C20F07F4780EA92
:1021D000030023F07F4C07EB0C03A3F57C5300F0C6
:1021E0000040A3F1FE0392F0000F00F0B38095F0E1
:1021F000000F00F077802DE901494FEA11404FEAC6
:10220000144621EA004800FB06FC24EA064708FBC6
:1022100006F607FB08F800FB07F718EB06484CEB3F
:10222000164C4FEA124B18EB07484FEA15464CEB99
:10223000174022EA0B4E0BFB06FC25EA06470EFB75
:1022400006F607FB0EFE0BFB07F71EEB064E4CEBEC
:10225000164C4FF000061EEB074E4CEB174B18EBDD
:102260000B0840F1000018EB0E0B58EB000840F192
:1022700000008F1A4FF000013CBFC943661B14BF1A
:10228000B5EB040C00213CBFC943F61B4FEA1744D1
:102290004EEA8E0E27EA04454FEA1C4704FB07620C
:1022A0002CEA074C05FB07F70CFB05F604FB0CFCBE
:1022B00016EB074642EB174216EB0C4642EB1C426C
:1022C0001BEB060658EB0202414146EA9E0601D589
:1022D000BDE80189B619524141EB0101A3F10103A7
:1022E000BDE801894FEA14454FEA114724EA054643
:1022F00021EA074C05FB07F406FB07F70CFB06F188
:1023000005FB0CFC11EB074144EB17444FEA124765
:1023100011EB0C4144EB1C4422EA074C05FB07F28D
:1023200006FB07F70CFB06F605FB0CFC16EB074655
:1023300042EB174216EB0C4642EB1C456A1854F16F
:10234000000148BF7047B619524141EB0101A3F1AA
:102350000103704795F0000F37D04FEA11424FEA62
:10236000144721EA024624EA074C02FB07F106FB68
:1023700007F70CFB06F402FB0CFC14EB074441EBE3
:1023800017414FEA154714EB0C4441EB1C4125EA79
:10239000074C02FB07F506FB07F70CFB06F602FBF2
:1023A0000CFC16EB074645EB174516EB0C4645EBC8
:1023B0001C42121951F1000148BF7047B619524131
:1023C00041EB0101A3F1010370474FEA14454FEAC5
:1023D000114724EA054621EA074C05FB07F106FBF5
:1023E00007F70CFB06F24FF0000605FB0CFC12EBA6
:1023F000074241EB174112EB0C4251EB1C4148BF25
:102400007047921841EB0101A3F10103704700BF2F
:10241000FEE7704770B50446002594F821000228B5
:1024200003D00420A0630125C1E02068006820F0EB
:102430000E00216808602068006820F00100216813
:1024400008605C492068884252D95A497839206826
:10245000884201D1012047E056496439206888420A
:1024600001D1102040E0534950392068884201D101
:10247000801539E04F493C392068884201D18014E9
:1024800032E04C4928392068884202D14FF480302C
:102490002AE0484914392068884202D14FF480105C
:1024A00022E044492068884201D140041CE04249AE
:1024B0002068884201D1012016E03F49143120688C
:1024C000884201D110200FE03B4928312068884222
:1024D00001D1801508E038493C312068884201D19B
:1024E000801401E04FF480303349091F086051E047
:1024F000304978392068884201D1012047E02D49D0
:1025000064392068884201D1102040E029495039BF
:102510002068884201D1801539E026493C3920687D
:10252000884201D1801432E022492839206888424B
:1025300002D14FF480302AE01E49143920688842C5
:1025400002D14FF4801022E01A492068884201D15C
:1025500040041CE018492068884201D1012016E09F
:10256000154914312068884201D110200FE012492A
:1025700028312068884201D1801508E00E493C319D
:102580002068884201D1801401E04FF4803009496D
:1025900080394860012084F8210000BF002084F8C1
:1025A000200000BF606B10B12046616B8847284651
:1025B00070BD000080000240080402402DE9F84789
:1025C000024600239C467BE14FF0010808FA03F421
:1025D000D1F8008008EA0400A0427DD1DFF8F4A21F
:1025E000D1F80480A8EB0A09D0453AD014DCB8F140
:1025F000030F50D009DCB8F1000F31D0B8F1010F52
:102600001CD0B8F1020F49D120E0B8F1110F18D059
:10261000B8F1120F42D11EE0B9F5881F25D006DCB3
:10262000B9F5803F20D0B9F5801F37D11AE0B9F550
:10263000001F18D0B9F5041F30D117E0D1F80CC035
:102640002DE0D1F80C8008F1040C28E0D1F80C80C2
:1026500008F1080C23E0D1F80C8008F10C0C1EE006
:1026600000BF00BF00BF00BF00BF00BFD1F808809F
:10267000B8F1000F02D14FF0040C0BE0D1F8088044
:10268000B8F1010F03D14FF0080C146102E04FF0D4
:10269000080C546103E04FF0000C00E000BF00BFE5
:1026A000FF2801D8904601E002F104084646FF28C1
:1026B00002D84FEA830803E0A3F108084FEA88082C
:1026C0004746D6F800804FF00F0909FA07F928EAC3
:1026D00009080CFA07F900E07AE048EA0908C6F8A8
:1026E0000080D1F8048008F08058B8F1805F6FD185
:1026F00000BFDFF8E481D8F8188048F00108DFF85F
:10270000D891C9F81880C846D8F8188008F0010890
:10271000CDF8008000BF00BF4FEAB9384FEA9309F7
:1027200058F829504FEA83784FEA18794FF00F088C
:1027300008FA09F825EA0805DFF8A081424502D128
:102740004FF0000824E0DFF89881424502D14FF0B5
:1027500001081DE0DFF88C81424502D14FF00208EC
:1027600016E0DFF88481424502D14FF003080FE004
:10277000DFF87881424502D14FF0040808E0DFF825
:102780007081424502D14FF0050801E04FF0060884
:102790004FEA83794FEA197908FA09F848EA0505FA
:1027A000DFF850814FEA930948F82950D1F80480A6
:1027B00008F48038B8F5803F0BD1DFF83C81D8F8B9
:1027C000008048EA0008DFF83091C9F800800AE08C
:1027D00075E0DFF82481D8F8008028EA0008DFF8E7
:1027E0001891C9F80080D1F8048008F40038B8F5D1
:1027F000003F0ED1DFF8008108F10408D8F800800E
:1028000048EA0008DFF8F09009F10409C9F80080EF
:102810000DE0DFF8E48008F10408D8F8008028EA29
:102820000008DFF8D49009F10409C9F80080D1F854
:10283000048008F48018B8F5801F0ED1DFF8B88046
:1028400008F10808D8F8008048EA0008DFF8A890E6
:1028500009F10809C9F800800DE0DFF89C8008F153
:102860000808D8F8008028EA0008DFF88C9009F101
:102870000809C9F80080D1F8048008F40018B8F5F8
:10288000001F0ED1DFF8708008F10C08D8F8008026
:1028900048EA0008DFF8609009F10C09C9F80080E7
:1028A0000DE0DFF8548008F10C08D8F8008028EA21
:1028B0000008DFF8449009F10C09C9F800805B1C9E
:1028C000D1F8008028FA03F8B8F1000F7FF47CAE4D
:1028D000BDE8F88700001110001002400008014018
:1028E000000C01400010014000140140001801409C
:1028F000001C0140080001400004014002469368AA
:102900000B400BB1012000E0002070470AB10161CB
:1029100001E00B0403617047014800687047000044
:102920004000002003480068034909780844014931
:1029300008607047400000204800002010B508489B
:10294000006840F0100006490860052000F080F89B
:102950000F2000F007F800F02BF8002010BD000059
:102960000020024070B504460E4800784FF47A719A
:10297000B1FBF0F00C490968B1FBF0F5284600F016
:10298000E3FB08B1012070BD102C07D200222146C4
:10299000501E00F01EF80548046001E00120F2E737
:1029A0000020F0E748000020300000204400002014
:1029B000704701460846002809DB00F01F0301228A
:1029C0009A4043099B0003F1E023C3F8002100BFB4
:1029D00070472DE9F05F80460D461646002700F04F
:1029E0000FFF074639462A46334601F00700C0F17B
:1029F000070ABAF1040F02D94FF0040A01E0C0F14E
:102A0000070AD14600F1040ABAF1070F02D24FF0CB
:102A1000000A01E0A0F1030AD4464FF0010A0AFAC5
:102A200009FAAAF1010A0AEA020A0AFA0CFA4FF0B4
:102A3000010B0BFA0CFBABF1010B0BEA030B4AEA9F
:102A40000B042146404600F0E3FEBDE8F09F000085
:102A500000BF00F00702064B19684FF6FF0319404C
:102A6000044B0B4343EA0221014B196000BF70473E
:102A70000CED00E00000FA0570B504460D460CB9F7
:102A8000012070BD5A48006800F00700A8420ED22D
:102A90005748006820F00700284355490860084659
:102AA000006800F00700A84201D00120E9E7207883
:102AB00000F0020002281DD1207800F00400042854
:102AC00005D14C48406840F4E0604A4948602078AD
:102AD00000F00800082805D14648406840F46050DE
:102AE000444948604348406820F0F000A16808432A
:102AF00040494860207800F0010078B36068012800
:102B000006D13C48006800F4003090B90120B8E7D5
:102B10006068022806D13748006800F0007040B9AC
:102B20000120AEE73348006800F0020008B9012038
:102B3000A7E73048406820F00300616808432D494A
:102B40004860FFF7E9FE064609E0FFF7E5FE801B57
:102B500041F28831884202D9032092E707E02548F4
:102B6000406800F00C006168B0EB810FEDD12048A7
:102B7000006800F00700A8420ED91D48006820F048
:102B8000070028431A4908600846006800F007005B
:102B9000A84201D0012074E7207800F00400042846
:102BA00007D11448406820F4E060E1680843114907
:102BB0004860207800F00800082808D10D484068D7
:102BC00020F46050216940EAC1000A49486000F0E1
:102BD0003FF808494968C1F30311074A515CC840EE
:102BE0000649086006480068FFF7BCFE002048E779
:102BF0000020024000100240E6BB00083000002028
:102C000044000020014800687047000030000020A8
:102C100000B5FFF7F7FF04494968C1F30221034AF1
:102C2000515CC84000BD000000100240F6BB000827
:102C300000B5FFF7E7FF04494968C1F3C221034A21
:102C4000515CC84000BD000000100240F6BB000807
:102C5000F0B585B00FF26C0C9CE8E01001A8A0E87C
:102C6000E0101CA52D6800950021002200230024FF
:102C70000020194D696801F00C05F5B1042D02D052
:102C8000082D19D101E0154819E001ADC1F38346C3
:102C9000AC5D01F4803555B10F4D6D68C5F340450D
:102CA0001DF805200D4D6543B5FBF2F302E00C4D18
:102CB00004FB05F3184602E000BF084800BF00BF50
:102CC00005B0F0BD02030405060708090A0B0C0D48
:102CD0000E0F1010010200000010024000127A00D6
:102CE00000093D00F8B504460CB90120F8BD207874
:102CF00000F00100002878D0F848406800F00C008F
:102D000004280CD0F548406800F00C00082811D1C8
:102D1000F248406800F48030B0F5803F0AD1EF48B7
:102D2000006800F4003000285FD0606800285CD1A3
:102D30000120DBE700BF6068B0F5803F06D1E748BF
:102D4000006840F48030E549086028E0606858B9C0
:102D5000E248006820F48030E049086008460068D6
:102D600020F4802008601AE06068B0F5A02F0BD135
:102D7000DA48006840F48020D849086008460068B6
:102D800040F4803008600AE0D448006820F48030C5
:102D9000D24908600846006820F48020086000BF1F
:102DA000606888B1FFF7B8FD054606E0FFF7B4FD9F
:102DB000401B642801D9032098E7C848006800F444
:102DC00000300028F2D010E0FFF7A6FD054606E02F
:102DD000FFF7A2FD401B642801D9032086E7BF4806
:102DE000006800F400300028F2D1207800F00200E2
:102DF000022857D1B948406800F00C0050B1B748DC
:102E0000406800F00C00082818D1B448406800F46D
:102E1000803098B9B148006800F0020020B1206904
:102E2000012801D0012061E7AC48006820F0F800DB
:102E3000616940EAC100A949086033E02069E8B14E
:102E40000120A7490860FFF767FD054606E0FFF788
:102E500063FD401B022801D9032047E79F48006813
:102E600000F002000028F2D09C48006820F0F80032
:102E7000616940EAC1009949086013E0002098495F
:102E80000860FFF749FD054606E0FFF745FD401BDA
:102E9000022801D9032029E79048006800F00200C9
:102EA0000028F2D1207800F0080008282DD1A06970
:102EB000B8B101208B490860FFF72EFD054606E0FA
:102EC000FFF72AFD401B022801D903200EE78348A3
:102ED000406A00F002000028F2D0012000F01CFB44
:102EE00013E000207F490860FFF716FD054606E065
:102EF000FFF712FD401B022801D90320F6E67748B0
:102F0000406A00F002000028F2D1207800F00400AE
:102F1000042873D100277148C06900F0805070B94F
:102F200000BF6E48C06940F080506C49C8610846D7
:102F3000C06900F08050009000BF00BF01276A48C0
:102F4000006800F48070B0B96748006840F4807091
:102F500065490860FFF7E0FC054606E0FFF7DCFC8A
:102F6000401B642801D90320C0E65F48006800F4D4
:102F700080700028F2D000BFE068012806D15748D1
:102F8000006A40F001005549086227E0E06858B93E
:102F90005248006A20F00100504908620846006A61
:102FA00020F00400086219E0E06805280BD14B48C6
:102FB000006A40F00400494908620846006A40F08F
:102FC000010008620AE04548006A20F00100434918
:102FD00008620846006A20F00400086200BFE0684A
:102FE000A0B1FFF799FC054609E0FFF795FC401BEF
:102FF00041F28831884202D9032077E622E037483F
:10300000006A00F002000028EFD012E0FFF784FC15
:10301000054608E0FFF780FC401B41F288318842FA
:1030200001D9032062E62D48006A00F00200002862
:10303000F0D1012F05D12948C06920F080502749DF
:10304000C86100BFE069C8B32448406800F00C00C4
:10305000082860D0E069022848D10020204908668D
:10306000FFF75AFC054606E0FFF756FC401B022816
:1030700001D903203AE61948006800F000700028E2
:10308000F2D1206AB0F5803F07D11448406820F49F
:103090000030A168084311494860D4E90801084399
:1030A0000E49496821F4741108430C494860012015
:1030B0000B490866FFF730FC054607E03DE0FFF7E7
:1030C0002BFC401B022801D903200FE603480068AF
:1030D00000F000700028F2D02FE000000010024045
:1030E0000000424280044242007000400020144927
:1030F0000866FFF711FC054606E0FFF70DFC401BD4
:10310000022801D90320F1E50E48006800F00070A4
:103110000028F2D111E0E069012800D1E6E5094874
:10312000466806F48031206A814204D106F47011A9
:10313000606A814201D00120D8E50020D6E5000078
:10314000000042420010024070B504462546681E49
:10315000B0F1807F01D301200FE0681E4FF0E02125
:1031600048610F214FF0FF3000F052FB00204FF07C
:10317000E021886107200861002070BD70470000D1
:103180002DE9F0470446206805682068C668206875
:1031900047694FF00008C14605F00F08B8F1000F6D
:1031A0000AD105F0200038B106F0200020B12046F9
:1031B00000F0F6F9BDE8F087B8F1000F71D007F024
:1031C000010018B906F4907000286AD005F00100DB
:1031D00030B106F4807018B1E06B40F00100E0639C
:1031E00005F0040030B107F0010018B1E06B40F0C9
:1031F0000200E06305F0020030B107F0010018B1F1
:10320000E06B40F00400E06305F0080048B106F010
:10321000200010B907F0010018B1E06B40F0080081
:10322000E063E06B68B305F0200028B106F02000F1
:1032300010B1204600F0B4F920684069C0F380194D
:10324000E06B00F0080010B9B9F1000F22D0204661
:1032500000F086F92068406900F04000B0B12068B5
:10326000406920F0400021684861606B50B1184807
:10327000616B4863606BFFF7CDF810B1606B416B19
:1032800088470CE02046FFF779FF08E02046FFF76B
:1032900075FF04E02046FFF771FF0020E06389E737
:1032A000FFE705F0800030B106F0800018B120463D
:1032B00000F044FA7EE705F0400030B106F040002F
:1032C00018B1204600F05CF974E700BF72E7000017
:1032D0004D35000810B504460CB9012010BDA06999
:1032E00000B100E000BF94F8390028B9002084F84C
:1032F0003800204600F028F8242084F8390020689F
:10330000C06820F400502168C860204600F098F999
:103310002068006920F490402168086120684069B5
:1033200020F02A00216848612068C06840F40050FD
:103330002168C8600020E063202084F8390084F808
:103340003A000020CAE7000010B586B004462849BC
:10335000206888424AD100BF00BF2648806940F0FB
:103360000400244988610846806900F00400019047
:1033700000BF00BF00BF00BF00BF0846806940F02B
:10338000040088610846806900F00400019000BFD5
:1033900000BF00BF00BF00BF0846806940F4804006
:1033A00088610846806900F48040019000BF00BF3A
:1033B00000BF4815029002200390012004900320D2
:1033C000059002A90C48FFF7F9F84FF480600290CD
:1033D0000020039002A90848FFF7F0F82520FFF726
:1033E000E8FA032211462520FFF7F3FA06B010BDD4
:1033F00000380140001002400008014010B50346AB
:1034000093F83A0020282FD101B10AB9012010BD4C
:1034100000BF93F83800012801D10220F7E701200E
:1034200083F8380000BF99629A85DA850020D86356
:10343000222083F83A0000BF002083F8380000BF44
:103440001868C06840F480701C68E06018684069C3
:1034500040F001001C6860611868C06840F02000FE
:103460001C68E0600020D2E70220D0E710B50446D7
:103470002049206888423BD11F48008800F4004062
:1034800088BB1D48008800F4804070B11B4800785C
:103490000A2803D000201849088024E01648008834
:1034A00040F40040144908801DE0144800780D28BD
:1034B00006D11148008840F480400F49088012E08E
:1034C0000E4800780C490988C1F30D010C4A50548C
:1034D00009480088401C0849088008460088C72819
:1034E00001DD00200880012204490648FFF786FF1D
:1034F00010BD0000003801403C0000203E000020CC
:10350000580C0020200D0020704700BFFEE700BFD0
:10351000FEE770477047000008B508490968C90808
:103520004FF47A72B1FBF2F14143009100BF00BF4A
:1035300000994A1E00920029F9D108BD30000020F0
:10354000704710B5FFF7EEF910BD704770B505462E
:103550006C6A0020E085E0842046FFF70FFE70BD16
:103560000168C96821F490710268D16001684969F5
:1035700021F0010102685161202180F83A10704762
:1035800010B504462068C06820F040002168C8607B
:10359000202084F839002046FFF7B6FF002010BD38
:1035A00070B5044694F83A00222847D1A068B0F5D7
:1035B000805F0CD1206950B90025A66A2068406858
:1035C000C0F308003080A06A801CA06215E0A56AE4
:1035D0000026A068B0F5805F03D0A06828B92069F4
:1035E00018B920684068287004E02068406800F03E
:1035F0007F002870A06A401CA062E08D401E80B24F
:10360000E085C8B92068C06820F020002168C86043
:103610002068C06820F480702168C8602068406914
:1036200020F0010021684861202084F83A002046FB
:10363000FFF71CFF002070BD0020FCE70220FAE726
:1036400070B504462168096921F44051E2681143CC
:10365000226811612269A1681143626941EA020589
:103660002168C96841F20C62914329432268D16004
:103670002168496921F44071A269114322685161AE
:103680002D4A2168914202D1FFF7D2FA01E0FFF7FB
:10369000BFFA00EBC00101EB001162689200B1FBC0
:1036A000F2F100EBC00202EB001263689B00B2FB78
:1036B000F3F26423B2FBF3F202EBC20303EB021258
:1036C000A1EB8201322202EB01116422B1FBF2F183
:1036D00001F0F00100EBC00202EB001263689B00F6
:1036E000B2FBF3F26423B2FBF3F201EB021200EB44
:1036F000C00101EB001163689B00B1FBF3F100EB2B
:10370000C00303EB00136668B600B3FBF6F3642650
:10371000B3FBF6F303EBC30606EB0313A1EB830144
:10372000322303EB01116423B1FBF3F101F00F012C
:1037300011442268916070BD00380140014691F843
:103740003900212828D18868B0F5805F0BD108693D
:1037500048B90A6A1088C0F308000B685860086A04
:10376000801C086205E00B6A581C086218780B6818
:103770005860C88C401E80B2C88458B90868C068B8
:1037800020F080000B68D8600868C06840F04000F6
:103790000B68D860002070470220FCE710B5024893
:1037A000FFF7EEFC10BD0000200D002000BFFEE77B
:1037B000490050EAC12018BF04204A0D18BF40F04C
:1037C000010040F2FF72B2EB515F08BF40F002000F
:1037D000012808BF052070474100080218BF0420D7
:1037E0000A0E18BF40F001004FF07F4232EA01019B
:1037F00008BF40F00200012808BF05207047000004
:1038000002480068C0F30220704700000CED00E0A1
:1038100010B5002804DB0A07130E054A135406E00E
:103820000A07140E034A00F00F031B1FD45410BDE7
:1038300000E400E018ED00E0012108F096B907F07F
:1038400087BD0021084607F0F7BD6FF05E0108074D
:1038500008F08BB930380A2801D2012070470020C7
:10386000704700BF704700002DE9F74F84B00E4647
:103870009146002501A9049800F08CF818B10120A8
:1038800007B0BDE8F08F00244CE056F8240059F84A
:103890002410471A002F01DB394600E07942084620
:1038A00007F0C8FE80464FF08F4107F0C5FD824605
:1038B00001A951F82400002108F0ACF820F00047DD
:1038C0001A49384607F0E2FF1CD201A850F824102C
:1038D000504607F0B1FD07464FF07E5108F09AF8C8
:1038E0008346584607F008FD21F0004107464FF097
:1038F00000520F4B07F0CAFC12D20120A04028430F
:10390000C5B20DE00B49504607F0C0FE04D30A498A
:10391000504607F0BBFF03D20120A0402843C5B2A8
:10392000601CC4B2032CB0DB2846A9E7BD3786353E
:1039300085EBC13F9A99993E3333733F2DE9F047A8
:1039400004460D46E87800F0C007E87800F03F062E
:10395000687800F0010090B14FEAE6083046F117B0
:1039600006EB5171C910A6EBC101491C01F0FF091A
:10397000206A18B149464046226A904700BF6878DD
:1039800000F0080020B1606A10B1B811616A884780
:10399000BDE8F0872DE9FC4106460D46042301AA47
:1039A0000D21304600F0B8FA074617B10120BDE8F6
:1039B000FC819DF80700C0F301109DF8041001F090
:1039C000E00140EAE1008DF800009DF80700C0F337
:1039D00081009DF8051001F0E00140EAE1008DF85A
:1039E00001009DF8070000F003009DF8061001F0AB
:1039F000E00140EAE1008DF8020000241CE01DF81F
:103A0000040018B9002045F8240013E00C4845F8DC
:103A1000240006E055F824000A4907F06BFE45F83B
:103A200024001DF80400401EC0B20DF80400002858
:103A3000F0D100BF601CC4B2032CE0DB0020B6E76D
:103A40007B14AE3E1D5A843F2DE9F04F87B080466F
:103A50000D461446994601208DF8100000208DF87F
:103A60001100022304AA6B21404600F068FA0646C2
:103A70001EB1012007B0BDE8F08FC820D8F814109F
:103A8000884700208DF81000012304AA3821404601
:103A900000F055FA06460EB10120EBE7012304AA17
:103AA0002321404600F04BFA06460EB10120E1E723
:103AB000012304AA6B21404600F041FA06460EB1EC
:103AC0000120D7E7012304AA2421404600F037FA59
:103AD00006460EB10120CDE7012304AA6A21404623
:103AE00000F02DFA06460EB10120C3E70C208DF838
:103AF0001000012304AA6A21404600F020FA06467D
:103B00000EB10120B6E70F20D8F814108847012025
:103B10008DF81000012304AA1A21404600F00FFA84
:103B200006460EB10120A5E700208DF81000012304
:103B300004AA1921404600F002FA06460EB10120FF
:103B400098E7B9F1000F03D0E0208DF8100002E0F3
:103B500000208DF81000012304AA1B21404600F02C
:103B6000EEF906460EB1012084E7B9F1000F03D04B
:103B7000F8208DF8100002E018208DF810000123C5
:103B800004AA1C21404600F0DAF906460EB10120D5
:103B900070E7B9F1000F03D0C820D8F81410884797
:103BA00040208DF81000012304AA6A21404600F04D
:103BB000C6F906460EB101205CE778208DF81000AA
:103BC000012304AA2321404600F0B9F906460EB1AC
:103BD00001204FE73220D8F81410884700208DF8D4
:103BE0001000012304AA2321404600F0A8F906464C
:103BF0000EB101203EE7022304AA7221404600F0E4
:103C00008BF906460EB1012034E79DF811009DF8AE
:103C1000101040EA012B0C209BFBF0F087B2002033
:103C200028606860A86020606060A060824661E0F3
:103C30000C2304AA7421404600F06EF906460EB12A
:103C4000012017E79DF811009DF8101040EA0120AF
:103C500000B2ADF808009DF813009DF8121040EA7C
:103C6000012000B2ADF80A009DF815009DF814106F
:103C700040EA012000B2ADF80C00BDF90810206840
:103C800008442060BDF90A10606808446060BDF90E
:103C90000C10A0680844A0609DF817009DF816104D
:103CA00040EA012000B2ADF800009DF819009DF82F
:103CB000181040EA012000B2ADF802009DF81B0088
:103CC0009DF81A1040EA012000B2ADF80400BDF9D9
:103CD0000010286808442860BDF90210686808448C
:103CE0006860BDF90410A8680844A8600AF10100E2
:103CF0001FFA80FABA459BDB2868C117090441EA1C
:103D00001041000483220023CDE90001FCF7F5FAFD
:103D10003A460023CDE90201FCF7EFFA2860696812
:103D2000C817000440EA1140090483220023CDE9AA
:103D3000001008460199FCF7E0FA3A460023CDE965
:103D40000201FCF7DAFA6860A868C117090441EAC1
:103D50001041000483220023CDE90001FCF7CDFAD5
:103D60003A460023CDE90201FCF7C7FAA8602068B3
:103D7000C117090441EA104100044FF40062002316
:103D8000CDE90001FCF7B9FA3A460023CDE902017A
:103D9000FCF7B3FA20606068C117090441EA1041DA
:103DA00000044FF400620023CDE90001FCF7A5FAFE
:103DB0003A460023CDE90201FCF79FFA6060A06853
:103DC000C117090441EA104100044FF400620023C6
:103DD000CDE90001FCF791FA3A460023CDE9020152
:103DE000FCF78BFAA060A068002804DDA068A0F5AD
:103DF0008030A06003E0A06800F58030A060002063
:103E000038E600002DE9F74F84B00E46174600252E
:103E1000032302AA0D21049800F07EF80390039872
:103E200018B1012007B0BDE8F08F9DF8080000F040
:103E30001F008DF808009DF8090000F01F008DF8A4
:103E400009009DF80A0000F01F008DF80A00002408
:103E500054E056F8240057F82410A0EB010BBBF1F6
:103E6000000F01DB594601E0CBF10001084607F0E5
:103E7000E1FB4FF08F41019007F0DEFA814602A886
:103E8000005D58B3DFF87C8004E01F49404607F02E
:103E900031FC804602A8005D401EC0B202A9085550
:103EA0000028F2D14146484607F0C6FA83464FF053
:103EB0007E5107F0AFFD8246504607F01DFA21F013
:103EC00000414FF00052114BCDE9000107F0DEF93F
:103ED00012D20120A0402843C5B20DE00C4948464B
:103EE00007F0D4FB04D30B49484607F0CFFC03D2BC
:103EF0000120A0402843C5B2601CC4B2032CA8DB3B
:103F000028468FE70000C84154E3853F85EBC13F59
:103F1000000020410000D2422DE9F04104460D4648
:103F200016461F4620783B4632462946D4F80CC038
:103F3000E04710B10120BDE8F0810020FBE72DE94A
:103F4000F04104460D4616461F4620783B46324651
:103F50002946D4F810C0E04710B10120BDE8F08137
:103F60000020FBE770B50546284600F00FF8044630
:103F7000E81C00F00BF844EAC00084B2A81D00F071
:103F800005F844EA801084B2204670BD014691F9DC
:103F90000020002A01DD00201EE091F90020002A07
:103FA00001DA042018E091F90120002A01DD012046
:103FB00012E091F90120002A01DA05200CE091F9C4
:103FC0000220002A01DD022006E091F90220002AE9
:103FD00001DA062000E007207047F8B504460D46D8
:103FE00017461E46280A8DF80000E8B28DF8010039
:103FF0009DF801003044B0F5807F01DD0220F8BD5E
:10400000207802236A466D21D4F810C0E04708B139
:104010000120F4E7207833463A466F21D4F80CC0EB
:10402000E04708B10120EAE70020E8E77FB5044651
:10403000012302AA38212046FFF76EFF05462DB165
:104040004FA0A1698847012004B070BD012301AAD7
:1040500023212046FFF760FF054625B153A0A16943
:1040600088470120F0E701236A466A212046FFF7CE
:1040700053FF054625B158A0A16988470120E3E711
:1040800000200390012303AA38212046FFF757FFA1
:10409000054625B15BA0A16988470120D4E700202F
:1040A0000390012303AA23212046FFF748FF05467A
:1040B00025B15FA0A16988470120C5E79DF80000F0
:1040C00020F0400000909DF8000020F0800000905B
:1040D00094F82900012805D19DF8000040F00C005B
:1040E000009004E09DF8000040F0040000900123DF
:1040F0006A466A212046FFF722FF054625B158A0EF
:10410000A169884701209FE732206169884794F8B8
:104110002900012805D19DF8000040F0C000009062
:1041200004E09DF8000040F04000009001236A4642
:104130006A212046FFF703FF054625B148A0A16983
:104140008847012080E7012302AA38212046FFF793
:10415000F6FE054625B12BA0A1698847012073E72B
:10416000012301AA23212046FFF7E9FE054625B1D8
:104170002FA0A1698847012066E7002064E70000BE
:104180006D7075363035303A207265616420696E25
:104190007420656E61626C65207265676973746511
:1041A00072206661696C65642E0A00006D70753658
:1041B0003035303A2072656164206669666F20652B
:1041C0006E61626C652072656769737465722066E2
:1041D00061696C65642E0A006D7075363035303A51
:1041E00020726561642075736572206374726C203F
:1041F0007265676973746572206661696C65642EA7
:104200000A0000006D7075363035303A20777269DB
:10421000746520696E7420656E61626C65207265DC
:10422000676973746572206661696C65642E0A0043
:104230006D7075363035303A207772697465206656
:1042400069666F20656E61626C652072656769736F
:10425000746572206661696C65642E0A0000000056
:104260006D7075363035303A207772697465207517
:10427000736572206374726C20726567697374650C
:1042800072206661696C65642E0A0000F8B5044608
:104290000D4617461E46280A8DF80000E8B28DF834
:1042A00001009DF801003044B0F5807F01DD02205F
:1042B000F8BD207802236A466D21D4F810C0E0478B
:1042C00008B10120F4E7207833463A466F21D4F84C
:1042D00010C0E04708B10120EAE70020E8E700004D
:1042E0002DE9F04104464FF00E4000EB4400B0F1E0
:1042F000506F204655D84FF0FC41B1EB440F1CD213
:1043000024F000404FF07E5107F0F1FA4FF0FF31FA
:1043100007F02BFC054606F061FE14F0004F1DBFB0
:104320002F4F304E80F000402F4F08BF2F4E4FF0E0
:10433000404107F0DFF9044605E000273E4601460C
:1043400007F0D8F905462A49284607F0D3F9294944
:1043500006F0FEFF294607F0CDF9274906F0F8FFE1
:10436000294607F0C7F9254906F0F2FF294607F06C
:10437000C1F9234906F0ECFF80462946204607F0A4
:10438000B9F9414607F0B6F905463146204606F030
:10439000DFFF294606F0DCFF3946BDE8F04106F0B4
:1043A000D7BF4FF0E441B1EB440F08D9FFF714FA3F
:1043B000042808BFFFF749FA2046BDE8F0814FF016
:1043C0007F41B1EB440F03D2BDE8F041FFF734BAAF
:1043D0000120FCF77FFBBDE8F041FFF732BA000097
:1043E0000000C9BF22AAFDB90000C93F22AAFD39B9
:1043F00024FE1C3DC78AD83C1E67383D1B93993D5F
:10440000AFAA2A3E2DE9F0474FF0684202EB400385
:104410000C460546B3F1654F3CBF02EB4102B2F1D9
:10442000654F7CD2C0F3C753C1F3C7529A1A1B2AF7
:1044300006DD10F0004F14BF76487748BDE8F087DE
:1044400012F11A0F17DA11F0004F06D010F0004FDA
:104450000CBF72487248BDE8F0872146284606F036
:10446000EBFF0446FFF7B8F9042808BFFFF7EDF9A2
:104470002046BDE8F0874200B2EB410F25D910F08D
:10448000004F19BF674F684E684F694E224685F04E
:10449000004415460A4680F0004110460A1A5200B0
:1044A000B2F1807F40D248406249DFF88CA110F021
:1044B000004F18D04FF03F48384607F0ABFA074698
:1044C0005146304607F0A6FA17E011F0004F04BF3E
:1044D00000263746E2D010F0004F19BF574F584E14
:1044E000584F594EDAE74FF07C58384606F030FF07
:1044F00007465146304606F02BFF06464146284601
:1045000007F0F8F8214606F023FF82462146404690
:1045100007F0F0F8294607F0EAF9514600E037E0E5
:1045200006F08AFF044604E02146284606F084FF90
:104530000446014607F0DEF88046444907F0DAF801
:10454000434906F005FF414607F0D4F8414906F01B
:10455000FFFE414607F0CEF83F4906F0F9FE41461E
:1045600007F0C8F83D4906F0F3FE054641462046EF
:1045700007F0C0F8294607F0BDF8314606F0E8FE1E
:10458000214606F0E5FE3946BDE8F04706F0E0BEFC
:104590004FF07F42B2EB400F28BFB2EB410F03D286
:1045A000BDE8F047FFF74BB940EA01035B0008BFE5
:1045B00044F0FF410AD0B2EB400F08BFB2EB410F0D
:1045C00006D125F0804024F0804105460C4629E7BD
:1045D000B2EB400F12BF5FEA410245F0FF4004F02A
:1045E00000413FF41FAF4A0092EA40033FF51AAF83
:1045F000002AACBF4FF09F464FF03E56314607F0C1
:1046000079F805463146204607F074F804462846F6
:10461000214607E7DB0FC9BFDB0FC93FDB0F49406E
:10462000DB0F49C00000C9BF22AAFDB90000C93F85
:1046300022AAFD390060ED3EC30ACE37000049C012
:1046400022AA7DBA0000494022AA7D3A2DAD65BD5F
:104650008FB8D53D0FB511BE61C84C3EA8AAAABE01
:104660002DE9F04F8FB00025A846A94600200590FF
:104670000490002758A0FBF76BFE00262CE006A84C
:1046800006F0F2FB18BB06A800F03AF904464046D3
:104690000C9906F05DFE804648460D9906F058FEDE
:1046A00081460E99059806F053FE05902146049820
:1046B00006F04EFE04902146204607F01BF8824685
:1046C000394606F045FE0746681C85B200BF052046
:1046D00000F04AF9701C86B2C82ED0D3002D74D0D9
:1046E000284606F0BFFF83465946049806F0A4FE0C
:1046F00004462146204606F0FDFF0290284606F0BB
:10470000B1FF01460190384606F096FE83460299B5
:1047100007F080F903900021039807F0B7F803D25F
:10472000039806F05BFC00E000208246284606F075
:1047300099FF83465946404606F07EFE2C490860A4
:10474000284606F08FFF83465946484606F074FE19
:1047500028490860284606F085FF83465946059893
:1047600006F06AFE244908602448046018212448A1
:10477000FCF7C9F82248046022480460294622A0B8
:10478000FBF7E6FD1A48006806F042FA25A0FBF7A1
:10479000DFFD1848006806F03BFA25A0FBF7D8FDBE
:1047A0001548006806F034FA24A0FBF7D1FD204636
:1047B00006F02EFA25A0FBF7CBFD504606F028FAAE
:1047C00025A0FBF7C5FD03E0FFE724A0FBF7C0FD34
:1047D0000FB0BDE8F08F000043414C2C53544152C0
:1047E000542C6B6565705F7374617469630D0A00A6
:1047F000180000201C0000202000002024000020C1
:10480000400C00202800002043414C2C444F4E45D2
:104810002C636F756E743D25752C67785F626961D6
:10482000733D00002C67795F626961733D00000091
:104830002C677A5F626961733D0000002C706974B7
:1048400063685F6D65616E3D000000002C706974E7
:1048500063685F7374643D000D0A000043414C2C93
:104860004641494C2C6E6F5F7261775F73616D706A
:104870006C65730D0A0000002DE9F05F06460D46D9
:104880001446DFF864900021204606F0FFFE04D9AC
:104890001649204606F0FAFF08D21548006806F0CF
:1048A000E1FE0746134906F0C7FD044612493046AB
:1048B00006F020FF82462146284606F01BFF83466D
:1048C0000E480168584606F043FD8046064906F04A
:1048D00011FF0746514606F03BFD084908600846AF
:1048E0000068BDE8F09F000048E17A3FCDCC4C3E27
:1048F0000800002000007A4400D7A33C24000020D8
:104900002DE9F04104466169084606F0F3FE0746CA
:10491000E168084606F0EEFE8046394606F018FDCE
:10492000064606F05BFB05460A49284606F0AEFE41
:1049300000D2084D29462069FFF764FD07464FF075
:104940007E5106F0D7FE0646034906F0D3FEBDE8C9
:10495000F081000017B7D138E12E654201490860A7
:10496000704700003400002010B504464FF47A71FF
:1049700004FB01F000F002F810BD000070B5034622
:1049800000224FF0E02675690D4E366803FB06F4F1
:104990004FF0E026B16910E04FF0E026B0698842A0
:1049A0000BD0884202D20E1A324402E02E1A0E4474
:1049B00032440146A24200D300E0EDE700BF70BDE3
:1049C0003400002010B50446042C02D101A0FBF7EE
:1049D000BFFC10BD4556454E542C444D505F4649D2
:1049E000464F5F4F564552464C4F570D0A00000048
:1049F00000BF054A126802F04002002AF9D0C2B294
:104A0000014B1B1D1A6070470038014038B5044641
:104A10000020009063A12046FBF79CFF10B906F030
:104A200039F9BCE061A12046FBF794FF10B906F00C
:104A300089F9B4E05FA12046FBF78CFF10B9FFF7BE
:104A40000FFEACE06A465CA12046FBF727FE01287A
:104A50000CD1009808B1012000E0002058490870EE
:104A60000846017857A0FBF773FC98E058A1204650
:104A7000FBF770FF30B900205849087058A0FBF7C9
:104A800067FC8CE05AA12046FBF764FF30B9012097
:104A90005249087059A0FBF75BFC80E05BA12046FF
:104AA000FBF758FF30B902204C4908705AA0FBF7B9
:104AB0004FFC74E05CA12046FBF74CFF30B90320AB
:104AC000464908705BA0FBF743FC68E05EA1204606
:104AD000FBF740FF30B90420404908705DA0FBF7A8
:104AE00037FC5CE05FA12046FBF734FF30B90020C3
:104AF0006049087060A0FBF72BFC50E063A12046E2
:104B0000FBF728FF30B901205A49087062A0FBF773
:104B10001FFC44E064A12046FBF71CFF30B90220D3
:104B20005449087063A0FBF713FC38E06A4666A19D
:104B30002046FBF7B3FD01282DD10098142803D19E
:104B400032206449086011E00098322803D1142013
:104B5000604908600AE00098642803D10A205D4992
:104B6000086003E05CA0FBF7F3FB38BD5948006820
:104B70000A2802D20A20574908605648006832289D
:104B800002D9322053490860524802685AA000995D
:104B9000FBF7DEFB03E021465EA0FBF7D9FB00BF7D
:104BA000E3E7000048454C500000000053544154D6
:104BB0005553000043414C004C4F4720256C640086
:104BC000020000204F4B2C4C4F472C25750D0A003E
:104BD0004D4F444520524157000000000000002086
:104BE0004F4B2C4D4F44452C5241570D0A000000AD
:104BF0004D4F444520444D50000000004F4B2C4D7C
:104C00004F44452C444D500D0A0000004D4F444583
:104C100020434F4D500000004F4B2C4D4F44452C2E
:104C2000434F4D500D0A00004D4F4445204B414C21
:104C30004D414E004F4B2C4D4F44452C4B414C4D5C
:104C4000414E0D0A000000004D4F444520414C4CA0
:104C5000000000004F4B2C4D4F44452C414C4C0D57
:104C60000A000000535441544520535441544943D1
:104C700000000000010000204F4B2C5354415445CC
:104C80002C5354415449430D0A00000053544154DD
:104C9000452054494C5400004F4B2C53544154452B
:104CA0002C54494C540D0A00535441544520534848
:104CB000414B45004F4B2C53544154452C534841D4
:104CC0004B450D0A000000005241544520256C64FC
:104CD00000000000080000204552522C524154456B
:104CE0005F455850454354535F32305F35305F3134
:104CF00030300D0A000000004F4B2C524154452C1F
:104D0000256C642C706572696F645F6D733D256CF2
:104D1000750D0A004552522C554E4B4E4F574E5F63
:104D2000434F4D4D414E442C25730D0A00000000A9
:104D300008B50020009003E000BF0098401C0090E0
:104D400000982A28F8D308BD70B50546002406F05F
:104D500023F9002610E06006040E06F009F9FFF7BB
:104D6000E7FF06F02DF908B144F0010406F00AF956
:104D7000FFF7DEFF701CC6B2082EECD315B106F0AB
:104D800015F901E006F008F9FFF7D2FF06F0F0F898
:104D9000FFF7CEFF06F0F6F806F0FEF8FFF7C8FFC3
:104DA000204670BD10B506F0F7F806F0E1F8FFF701
:104DB000BFFF06F0FBF8FFF7BBFF06F0E3F8FFF7D5
:104DC000B7FF10BD10B506F0F1F8FFF7B1FF06F020
:104DD000CFF8FFF7ADFF06F0DFF8FFF7A9FF10BD32
:104DE00070B50446002513E004F0800010B106F011
:104DF000D3F801E006F0DAF8FFF79AFF06F0B8F80A
:104E0000FFF796FF06F0BEF86006040E681CC5B2F8
:104E1000082DE9D306F0C0F8FFF78AFF06F0A8F8DE
:104E2000FFF786FF06F0CCF8064606F0ABF8FFF772
:104E30007FFF304670BD000010B5054B054A06499E
:104E4000D02000F099FC08B1002010BD0120FCE743
:104E5000159400083D940008C54900082DE9F04F5D
:104E60008BB004460F4690461D465A480A905A4851
:104E700009904FF07C5008900021284606F006FC6F
:104E800004D95649284606F001FD08D25448006866
:104E900006F0E8FB8346534906F0CEFA0546404645
:104EA000616806F0B7FD07902846079906F022FCD6
:104EB0008346216806F04CFA20602846616906F0B6
:104EC00019FC0090E16806F0A5FD0190216906F04B
:104ED000A1FD83463F4906F03BFA2946029006F0C1
:104EE00009FC0390A16806F033FAA06028466169C6
:104EF00006F000FC8346E16806F0F9FCE060284615
:104F0000616906F0F7FB8346216906F0F0FC206139
:104F10002946314806F0EEFB8346616906F018FA2F
:104F200060614FF07C51A06806F012FA06462E49E7
:104F3000304606F0ABFB00D22B4E3146A06806F09F
:104F40007BFA06903146206906F076FA05903846DD
:104F5000216806F05FFD04900499069806F0CAFBEC
:104F60008346216806F0F4F92060DDE9041006F0BC
:104F7000C1FB8346616806F0EBF96060D4F80890E5
:104F8000D4F80CA04946069806F0B4FB8346A16805
:104F900006F0ADFCA0605146069806F0ABFB8346D8
:104FA000E16806F0A4FCE0604946059806F0A2FB23
:104FB0008346216906F09BFC20615146059806F066
:104FC00099FB8346616906F092FC606120680BB032
:104FD000BDE8F08F6F12833AA69B443BCDCC4C3E8C
:104FE0000800002000007A4417B7D1388EB0FDF7D2
:104FF000A5FC4FF4E01006F027F84820FFF7AEFCC0
:105000004FF4E13006F054F85FA0FBF7A1F967A078
:10501000FBF79EF975A0FBF79BF984A0FBF798F9C5
:1050200091A0FBF795F904F021FA05F021FD08B9EC
:10503000012000E0002098490870FFF7FDFE974925
:10504000087008460378944802789548017895A03E
:10505000FBF77EF99048007808B1FFF701FB05F0F7
:1050600019FEFDF759FC99490860FDF755FC054606
:10507000974909686E1885E0FDF74EFC044605F077
:1050800099FEA01B7DD4A4EB0508404606F0EAFA81
:105090008346904906F0D0F9814600270FF2382A5E
:1050A00025468B4800680644A01B89490968884248
:1050B00002DB87480068261805A805F0D5FEF8B978
:1050C00005A8FFF71DFC074684490B98096806F000
:1050D000A1FC83464A4659463846FFF7CDFB804936
:1050E00008607E490B98096806F094FC83464B469D
:1050F0005A4639467B48FFF7B1FE7B49086005E018
:10510000242105A8FBF7FFFB0FF2E01A63480078A3
:1051100030B1794805F072FE48B10FF2E01A06E0AE
:105120006DA15046FBF716FC08B90FF2DC1A674870
:105130000068201AB0F57A7F10D3764800684FF4E3
:105140007A71484361490968611AB0FBF1F072490C
:10515000086000206F4908605C4804606F48007870
:1051600070B1614800685E490968CDE9028ACDE9FD
:10517000001061483A4605A90368204605F0B8FCCE
:1051800000BF00BF78E700000D0A42353835204DDA
:1051900050553630353020415454495455444520FB
:1051A0004C41422052454144590D0A004D43553D62
:1051B00053544D333246313033524354362C2055FC
:1051C0004152543D555341525431203131353230E2
:1051D000302C204932433D504231342F504231353A
:1051E0002C20494E543D5042390D0A004353563A43
:1051F00020412C6D732C73746174652C6D6F646524
:105200002C61785F7261772C61795F7261772C61B4
:105210007A5F7261772C67785F7261772C67795F4C
:105220007261772C677A5F7261772C0061785F67B3
:105230002C61795F672C617A5F672C67785F647097
:10524000732C67795F6470732C677A5F6470732C5A
:1052500070697463685F6163632C70697463685F0D
:10526000646D702C0000000070697463685F636F88
:105270006D702C70697463685F6B616C6D616E2C0E
:10528000646D705F687A2C64745F6D732C737461E5
:105290007475730D0A000000040000200300002054
:1052A00005000020424F4F542C57484F5F414D5F3F
:1052B000493D3078253032582C5241573D25752CC8
:1052C000444D503D25750D0A000000000C000020E3
:1052D0000800002000007A444F4B00001800002016
:1052E00024000020400C0020280000205241575F7D
:1052F0004641494C000000002C000020444D505F06
:105300005741495400000000444D505F4641494C0C
:105310000000000010000020140000200200002007
:10532000014605290ED2DFE801F0030507090B004D
:1053300005A0704705A0FCE705A0FAE706A0F8E77E
:1053400007A0F6E707A0F4E752415700444D50008C
:10535000434F4D50000000004B414C4D414E00006A
:10536000414C4C00554E4B4E4F574E0038B50446FD
:105370000CB9022038BD94F82800012801D0032080
:10538000F8E74F20009001236A466B212046FEF784
:10539000D6FD054625B10CA0A16988470420E9E7A0
:1053A0000A2061698847A0688047054625B10FA09B
:1053B000A16988470120DDE7002084F8280084F8EF
:1053C000290000BFD6E700006D7075363035303AE1
:1053D00020777269746520707772206D676D742014
:1053E00031206661696C65642E0A00006D70753647
:1053F0003035303A20696963206465696E697420CC
:105400006661696C65642E0A000000002DE9FC5F8E
:1054100080460C4615461E460C9FB8F1000F02D17F
:105420000220BDE8FC9F98F82800012801D0032045
:10543000F7E798F82900012805D0B1A0D8F818108E
:1054400088470420EDE7012301AA1C214046FEF70E
:1054500063FD8146B9F1000F05D0B1A0D8F818104E
:1054600088470120DDE701236A461B214046FEF7FD
:1054700053FD8146B9F1000F05D0B2A0D8F818103D
:1054800088470120CDE79DF80400C0F3C1000190DA
:105490009DF80000C0F3C10000909DF8040020BBFF
:1054A000286806F0C7F883464FF08D4106F022F9D0
:1054B000824606F083F83860686806F0BBF88346D9
:1054C0004FF08D4106F016F9824606F077F87860C5
:1054D000A86806F0AFF883464FF08D4106F00AF950
:1054E000824606F06BF8B86075E09DF8040001286C
:1054F00024D1286806F09EF883464FF08C4106F0D0
:10550000F9F8824606F05AF83860686806F092F8B2
:1055100083464FF08C4106F0EDF8824606F04EF8D7
:105520007860A86806F086F883464FF08C4106F054
:10553000E1F8824606F042F8B8604CE09DF80400BD
:10554000022824D1286806F075F883464FF08B4175
:1055500006F0D0F8824606F031F83860686806F048
:1055600069F883464FF08B4106F0C4F8824606F096
:1055700025F87860A86806F05DF883464FF08B4107
:1055800006F0B8F8824606F019F8B86023E02868FB
:1055900006F050F883464FF08A4106F0ABF8824699
:1055A00006F00CF83860686806F044F883464FF05F
:1055B0008A4106F09FF8824606F000F87860A868F5
:1055C00006F038F883464FF08A4106F093F8824699
:1055D00005F0F4FFB8609DF8000008BB206806F0F5
:1055E00029F88346604906F085F8824605F0E6FF13
:1055F0003060606806F01EF883465B4906F07AF872
:10560000824605F0DBFF7060A06806F013F8834661
:10561000554906F06FF8824605F0D0FFB0606CE0A7
:105620009DF80000012821D1206806F003F8834688
:105630004E4906F05FF8824605F0C0FF30606068B2
:1056400005F0F8FF8346494906F054F8824605F014
:10565000B5FF7060A06805F0EDFF8346434906F092
:1056600049F8824605F0AAFFB06046E09DF80000C8
:10567000022821D1206805F0DDFF83463C4906F071
:1056800039F8824605F09AFF3060606805F0D2FF75
:105690008346374906F02EF8824605F08FFF70608A
:1056A000A06805F0C7FF8346314906F023F882461B
:1056B00005F084FFB06020E0206805F0BBFF834662
:1056C0002C4906F017F8824605F078FF30606068D4
:1056D00005F0B0FF8346274906F00CF8824605F036
:1056E0006DFF7060A06805F0A5FF8346214906F0B4
:1056F00001F8824605F062FFB060002091E60000EC
:105700006D7075363035303A20646D7020697320C5
:105710006E6F7420696E697465642E0A0000000063
:105720006D7075363035303A207265616420616382
:1057300063656C20636F6E666967206661696C657E
:10574000642E0A006D7075363035303A207265610E
:1057500064206779726F20636F6E66696720666187
:10576000696C65642E0A0000000003430000834258
:1057700033330342333383412DE9F04192B006467F
:105780000F4615469846E3A207CA02AC07C44FF479
:105790008661E348FBF7B7F8E248E1494860E24830
:1057A0008860E248C860E2480861E2484861E2482F
:1057B00088610846C761314604F0CCF8044634B12C
:1057C000DEA003F013FE012012B0BDE8F081D44842
:1057D00003F0C4FC044624B1E0A003F007FE01205E
:1057E000F2E7642003F00FFE0021CD4804F0BCFF77
:1057F00004463CB1DFA003F0F9FDC948FFF7B6FD50
:105800000120E1E700200E900F9010900B900C907B
:105810000D900BAA0EA9C24803F0F0FE04464CB14D
:1058200000200E900F9010900B900C900D90D8A02F
:1058300003F0DCFD0121BA4804F094F804463CB1C1
:10584000E3A003F0D3FDB648FFF790FD0120BBE7CE
:105850001321B34804F05CFF04463CB1E5A003F01B
:10586000C5FDAF48FFF782FD0120ADE70021AC4840
:1058700003F0AAFF04463CB1E9A003F0B7FDA84835
:10588000FFF774FD01209FE70321A54804F04CFBBE
:1058900004463CB1EDA003F0A9FDA148FFF766FD69
:1058A000012091E703219E4804F082FE04463CB1AA
:1058B000F0A003F09BFD9A48FFF758FD012083E715
:1058C0000121974805F012F804463CB1F3A003F01B
:1058D0008DFD9348FFF74AFD012075E700219048B0
:1058E00004F09EF804463CB1F7A003F07FFD8C481D
:1058F000FFF73CFD012067E70021894805F058F8D3
:1059000004463CB1F9A003F071FD8548FFF72EFD78
:10591000012059E700220521814804F085FF044653
:105920003CB1FCA003F062FD7D48FFF71FFD0120A4
:105930004AE7002204217A4804F076FF04463CB18D
:10594000F4A003F053FD7648FFF710FD01203BE77C
:1059500000220321724804F067FF04463CB1EDA029
:1059600003F044FD6E48FFF701FD01202CE7002203
:1059700002216B4804F058FF04463CB1E5A003F057
:1059800035FD6748FFF7F2FC01201DE700220121E9
:10599000634804F049FF04463CB1DEA003F026FD55
:1059A0005F48FFF7E3FC01200EE7002211465C4848
:1059B00004F03AFF04463CB1D6A003F017FD584866
:1059C000FFF7D4FC0120FFE600220721544804F031
:1059D00009FB04463CB1D8A003F008FD5048FFF78E
:1059E000C5FC0120F0E6002206214D4804F0FAFA39
:1059F00004463CB1D0A003F0F9FC4948FFF7B6FCDF
:105A00000120E1E600220521454804F0EBFA0446B6
:105A10003CB1C9A003F0EAFC4148FFF7A7FC012014
:105A2000D2E6002207213E4803F030FF04463CB195
:105A3000CBA003F0DBFC3A48FFF798FC0120C3E65B
:105A400000220621364803F021FF04463CB1C4A0E1
:105A500003F0CCFC3248FFF789FC0120B4E60022B9
:105A600005212F4803F012FF04463CB1BCA003F00F
:105A7000BDFC2B48FFF77AFC0120A5E60022072198
:105A8000274804F0D9F804463CB1C0A003F0AEFCAE
:105A90002348FFF76BFC012096E6002206212048F0
:105AA00004F0CAF804463CB1B8A003F09FFC1C48BF
:105AB000FFF75CFC012087E600220521184804F06E
:105AC000BBF804463CB1B1A003F090FC1448FFF7CA
:105AD0004DFC012078E600220421114804F0ACF8C6
:105AE00004463CB1A9A003F081FC0D48FFF73EFC41
:105AF000012069E600220321094804F09DF80446CC
:105B00003CB1A2A003F072FC0548FFF72FFC012076
:105B10005AE64DE101000000010000000100000014
:105B2000600D00206D94000869940008E19400085D
:105B30005995000807940008ED9300086D707536BC
:105B40003035303A20736574206164647220706966
:105B50006E206661696C65642E0A00006D70753692
:105B60003035303A20696E6974206661696C65640D
:105B70002E0A00006D7075363035303A207365742A
:105B800020736C656570206661696C65642E0A001F
:105B90006D7075363035303A2073656C66207465EB
:105BA0007374206661696C65642C20636F6E746920
:105BB0006E756520776974686F75742073656C669F
:105BC0002D7465737420626961732E0A00000000F1
:105BD0006D7075363035303A2073657420636C6FA4
:105BE000636B20736F75726365206661696C6564B1
:105BF0002E0A00006D7075363035303A20736574AA
:105C00002073616D706C65207261746520646976C3
:105C100069646572206661696C65642E0A00000023
:105C20006D7075363035303A20736574206163636A
:105C3000656C65726F6D657465722072616E676503
:105C4000206661696C65642E0A0000006D7075360F
:105C50003035303A20736574206779726F73636FE3
:105C600070652072616E6765206661696C65642E7F
:105C70000A0000006D7075363035303A2073657457
:105C8000206C6F7720706173732066696C74657225
:105C9000206661696C65642E0A0000006D707536BF
:105CA0003035303A207365742074656D70657261AB
:105CB000747572652073656E736F72206661696CAE
:105CC00065642E0A000000006D7075363035303A7C
:105CD00020736574206379636C652077616B652040
:105CE0007570206661696C65642E0A006D7075368A
:105CF0003035303A207365742077616B652075709C
:105D0000206672657175656E6379206661696C6580
:105D1000642E0A006D7075363035303A2073657424
:105D2000207374616E646279206D6F6465206661B2
:105D3000696C65642E0A00006D7075363035303A36
:105D400020736574206779726F73636F7065207458
:105D5000657374206661696C65642E0A000000003A
:105D60006D7075363035303A207365742061636329
:105D7000656C65726F6D65746572207465737420EF
:105D80006661696C65642E0A000000006D707536EE
:105D90003035303A20736574206669666F20656E11
:105DA00061626C65206661696C65642E0A000000A2
:105DB0000121DC4803F0E8FE04463CB1DAA003F020
:105DC00015FBD848FFF7D2FA0120FDE40121D548A0
:105DD00004F0DAFA04463CB1DAA003F007FBD1483C
:105DE000FFF7C4FA0120EFE40021CE4804F028FBBD
:105DF00004463CB1DDA003F0F9FACA48FFF7B6FA51
:105E00000120E1E4002D49D011AAE349C54803F07F
:105E1000DBFB04463CB1E1A003F0E8FAC148FFF720
:105E2000A5FA0120D0E49DF84410BE4804F040FCDF
:105E300004463CB1E7A003F0D9FABA48FFF796FA56
:105E40000120C1E411AAC821B64803F0B0FB044602
:105E50003CB1EAA003F0CAFAB248FFF787FA012082
:105E6000B2E49DF84410AF4804F0F4FB04463CB1A2
:105E7000F0A003F0BBFAAB48FFF778FA0120A3E4E7
:105E80000121A84803F03AFF04463CB1F3A003F017
:105E9000ADFAA448FFF76AFA012095E40122062131
:105EA000A04804F0B3F904463CB1F7A003F09EFA11
:105EB0009C48FFF75BFA012086E4012204219948FF
:105EC00004F0A4F904463CB1EFA003F08FFA954822
:105ED000FFF74CFA012077E400220121914804F0F9
:105EE00095F904463CB1E8A003F080FA8D48FFF72D
:105EF0003DFA012068E4002203218A4804F086F973
:105F000004463CB1E0A003F071FA8648FFF72EFA90
:105F1000012059E400221146824804F077F9044632
:105F20003CB1D9A003F062FA7E48FFF71FFA0120C6
:105F30004AE401217B4804F0C9F904463CB1DAA0E7
:105F400003F054FA7748FFF711FA01203CE40121ED
:105F5000744804F0D1FA04463CB1DDA003F046FADF
:105F60007048FFF703FA01202EE400216D4803F08A
:105F7000B7FD04463CB1E1A003F038FA6948FFF7E9
:105F8000F5F9012020E40021664803F015FF0446DE
:105F90003CB1E3A003F02AFA6248FFF7E7F90120D9
:105FA00012E401215F4803F063FF04463CB1E6A020
:105FB00003F01CFA5B48FFF7D9F9012004E4002143
:105FC000584804F0CBF804463CB1EAA003F00EFABE
:105FD0005448FFF7CBF9012013E40021514804F0A5
:105FE00061F804463CB1ECA003F000FA4D48FFF71D
:105FF000BDF9012005E44B4800F08AFC04463CB1A1
:10600000EEA003F0F3F94748FFF7B0F901201EE4D2
:1060100001220721434802F0E7FD04463CB1F0A00D
:1060200003F0E4F93F48FFF7A1F901200FE4012252
:1060300006213C4802F0D8FD04463CB1E8A003F03C
:10604000D5F93848FFF792F901200EE40122052125
:10605000344802F0C9FD04463CB1E1A003F0C6F9A2
:106060003048FFF783F901200DE432212D4802F07A
:1060700005F904463CB1E3A003F0B8F92948FFF75D
:1060800075F901200DE40021264802F049FA044682
:106090003CB1E5A003F0AAF92248FFF767F9012017
:1060A0000DE402A91F4802F02FFB04463CB1E9A011
:1060B00003F09CF91B48FFF759F901200DE440F269
:1060C0007B11184801F050FD04463CB1EBA003F0F1
:1060D0008DF91448FFF74AF901200CE429461148CC
:1060E00002F0F8FD04463CB1EDA003F07FF90D4845
:1060F000FFF73CF901200CE441460A4802F0DCFAC3
:1061000004463CB1F0A003F071F90648FFF72EF900
:1061100001200DE4C821034802F024FC044604B128
:10612000E8E1EFE1600D00206D7075363035303AF2
:1061300020736574206669666F206661696C6564AA
:106140002E0A00006D7075363035303A2073657454
:1061500020696E74657272757074206C6576656CFA
:10616000206661696C65642E0A0000006D707536EA
:106170003035303A2073657420696E7465727275BB
:1061800070742070696E2074797065206661696C26
:1061900065642E0A00000000000048436D707536EB
:1061A0003035303A206D6F74696F6E207468726597
:1061B00073686F6C6420636F6E7665727420746FA1
:1061C000207265676973746572206661696C6564C5
:1061D0002E0A00006D7075363035303A20736574C4
:1061E000206D6F74696F6E207468726573686F6C70
:1061F00064206661696C65642E0A00006D707536F6
:106200003035303A206D6F74696F6E20647572613D
:1062100074696F6E20636F6E7665727420746F2080
:106220007265676973746572206661696C65642E56
:106230000A0000006D7075363035303A2073657491
:10624000206D6F74696F6E206475726174696F6E12
:10625000206661696C65642E0A0000006D707536F9
:106260003035303A2073657420666F726365206143
:106270006363656C2073616D706C65206661696C29
:1062800065642E0A000000006D7075363035303AB6
:106290002073657420696E746572727570742066FF
:1062A00061696C65642E0A006D7075363035303A60
:1062B0002073657420696E74657272757074206CD9
:1062C00061746368206661696C65642E0A00000071
:1062D0006D7075363035303A2073657420696E7490
:1062E000657272757074207265616420636C65619B
:1062F00072206661696C65642E0A00006D707536E7
:106300003035303A207365742065787465726E207C
:1063100073796E63206661696C65642E0A00000003
:106320006D7075363035303A207365742066737938
:106330006E6320696E74657272757074206661692F
:106340006C65642E0A0000006D7075363035303A89
:1063500020736574206673796E6320696E7465724C
:1063600072757074206C6576656C206661696C6509
:10637000642E0A006D7075363035303A20736574BE
:1063800020696963206D6173746572206661696C50
:1063900065642E0A000000006D7075363035303AA5
:1063A000207365742069696320627970617373205A
:1063B0006661696C65642E0A000000006D707536B8
:1063C0003035303A20646D70206C6F6164206669EE
:1063D000726D77617265206661696C65642E0A0072
:1063E0006D7075363035303A20646D702073657489
:1063F000207461702061786573206661696C6564E2
:106400002E0A00006D7075363035303A20646D709C
:1064100020736574206669666F20726174652066FA
:1064200061696C65642E0A006D7075363035303ADE
:1064300020646D702073657420696E746572727566
:106440007074206D6F6465206661696C65642E0AE6
:10645000000000006D7075363035303A20646D7084
:1064600020736574206F7269656E746174696F6EF4
:10647000206661696C65642E0A0000006D707536D7
:106480003035303A20646D70207365742066656124
:1064900074757265206661696C65642E0A0000007F
:1064A0006D7075363035303A20646D7020736574C8
:1064B000207461702063616C6C6261636B20666143
:1064C000696C65642E0A00006D7075363035303A9F
:1064D00020646D7020736574206F7269656E74201E
:1064E00063616C6C6261636B206661696C65642ECC
:1064F0000A00000070A002F079FF7B48FEF736FF2B
:10650000012062E40021784802F0DCF904463CB145
:1065100076A002F06BFF7448FEF728FF012054E4D8
:106520000A21714802F012FB04463CB17BA002F044
:106530005DFF6D48FEF71AFF012046E428216A48F6
:1065400002F0B6FA04463CB180A002F04FFF664864
:10655000FEF70CFF012038E4C821634802F054FA2A
:1065600004463CB184A002F041FF5F48FEF7FEFE06
:1065700001202AE4C8215C4802F078FD04463CB1C1
:1065800089A002F033FF5848FEF7F0FE01201CE41A
:106590006421554802F01CFD04463CB18DA002F078
:1065A00025FF5148FEF7E2FE01200EE401214E488E
:1065B00002F01EF804463CB18FA002F017FF4A48D3
:1065C000FEF7D4FE01200EE4FA220721464802F02D
:1065D000A9FB04463CB192A002F008FF4248FEF736
:1065E000C5FE01200DE4FA2206213F4802F09AFB85
:1065F00004463CB18AA002F0F9FE3B48FEF7B6FE25
:1066000001200FE4FA220521374802F08BFB0446F3
:106610003CB183A002F0EAFE3348FEF7A7FE01205A
:106620000FE405A808AB0BAA0EA900902E48FEF7B0
:10663000EDFE04463CB184A002F0D8FE2A48FEF7E5
:1066400095FE01200CE405A9274801F013F9044642
:106650003CB18AA002F0CAFE2348FEF787FE012063
:106660000DE408A9204801F085FE04463CB18DA048
:1066700002F0BCFE1C48FEF779FE01200DE401216A
:10668000194801F001FA04463CB18FA002F0AEFEB9
:106690001548FEF76BFE01200EE4134802F034FDAE
:1066A00004463CB191A002F0A1FE0F48FEF75EFE49
:1066B000012010E400200EE46D7075363035303A5C
:1066C00020646D7020736574207065646F6D6574EF
:1066D00065722077616C6B2074696D6520666169F5
:1066E0006C65642E0A000000600D00206D70753628
:1066F0003035303A20646D702073657420706564A5
:106700006F6D65746572207374657020636F756E4C
:1067100074206661696C65642E0A00006D707536C0
:106720003035303A20646D70207365742073686171
:106730006B652072656A6563742074696D656F7539
:1067400074206661696C65642E0A00006D70753690
:106750003035303A20646D70207365742073686141
:106760006B652072656A6563742074696D65206667
:1067700061696C65642E0A006D7075363035303A8B
:1067800020646D7020736574207368616B6520727E
:10679000656A6563742074687265736820666169F0
:1067A0006C65642E0A0000006D7075363035303A25
:1067B00020646D7020736574207461702074696D3D
:1067C00065206D756C7469206661696C65642E0A5C
:1067D000000000006D7075363035303A20646D7001
:1067E00020736574207461702074696D6520666122
:1067F000696C65642E0A00006D7075363035303A6C
:1068000020646D7020736574206D696E20746170F2
:1068100020636F756E74206661696C65642E0A0072
:106820006D7075363035303A20646D702073657444
:106830002074617020746872657368206661696C89
:1068400065642E0A000000006D7075363035303AF0
:1068500020646D70206779726F20616363656C20BE
:10686000726177206F666673657420636F6E7665FC
:106870007274206661696C65642E0A006D707536ED
:106880003035303A20646D70207365742061636325
:10689000656C2062696173206661696C65642E0AAB
:1068A000000000006D7075363035303A20646D7030
:1068B00020736574206779726F2062696173206646
:1068C00061696C65642E0A006D7075363035303A3A
:1068D00020646D702073657420656E61626C652044
:1068E0006661696C65642E0A000000006D70753683
:1068F0003035303A20666F726365206669666F20B6
:106900007265736574206661696C65642E0A0000A7
:106910002DE9F04186B004461CB9022006B0BDE85E
:10692000F08194F82800012801D00320F6E794F8BC
:10693000290020B12BA0A16988470420EEE740F68A
:10694000F636002533E0701B102801DD102000E032
:10695000701B87B22A4842193B4629462046FDF75C
:1069600095FC8046B8F1000F04D026A0A1698847A5
:106970000120D3E73B4601AA29462046FDF72DFB1F
:106980008046B8F1000F04D025A0A16988470120F6
:10699000C4E71B4948193A4601A9F9F743FF20B15A
:1069A00026A0A16988470520B8E7E81985B2B54255
:1069B000C9DB04208DF8140000208DF81500207824
:1069C000022305AA7021D4F810C0E04720B123A00B
:1069D000A16988470620A1E7012084F8290000204A
:1069E0009CE700006D7075363035303A20646D706C
:1069F0002069732072756E6E696E672E0A00000042
:106A0000490000206D7075363035303A2077726954
:106A10007465206D656D206661696C65642E0A0081
:106A20006D7075363035303A2072656164206D6561
:106A30006D206661696C65642E0A00006D707536A4
:106A40003035303A20636F646520636F6D7061721A
:106A500065206572726F722E0A0000006D707536C7
:106A60003035303A207365742070726F6772616DD3
:106A7000207374617274206661696C65642E0A000B
:106A80000FB599B000201790199810B902201DB0C9
:106A900000BD199890F82800012801D00320F6E7DE
:106AA000199890F82900012807D019988069119049
:106AB000FCA0119988470420E9E7012314AA3A2190
:106AC0001998FDF729FA1890189838B11998806923
:106AD0001190FCA0119988470120D8E79DF850003B
:106AE00000F0100050B1199880691190FEA0119922
:106AF00088471998FDF79AFA0620C8E700201690F3
:106B0000199890F82C0000F0400018B11698801DDC
:106B100080B216901998808D00F4C07018B1169844
:106B2000801D80B21690199890F82C0000F0140087
:106B300018B11698103080B21690199890F82C0061
:106B400000F0030018B11698001D80B21690169838
:106B500038B9199880691190EAA0119988470820DE
:106B600095E7022315AA72211998FDF7D5F9189017
:106B7000189838B1199880691190E7A01199884741
:106B8000012084E79DF855009DF8541040EA01204B
:106B900013901398B0F5806F01DA139801E04FF469
:106BA000806013902398008816994843139988426F
:106BB00001DD139803E0239800881699484380B2BA
:106BC00013901699139890FBF1F0484380B21390FC
:106BD0001699139890FBF1F081B223980180199ACD
:106BE0002E327421139B1998FDF796F91890189876
:106BF00038B1199880691190D0A011998847012067
:106C000045E716991398884207DA19988069119018
:106C1000D0A011998847072039E700201290FDE3A2
:106C2000199890F82C0000F0140000287DD04FF047
:106C30007E500C9000200B900A90099017901299AA
:106C40001698414319982E30405C02061299169806
:106C50004843411C19982E30405C42EA0042129988
:106C600016984843811C19982E30405C42EA002156
:106C7000129A16985043C21C19982E30805C01431A
:106C8000129A1F9800EB021001601299169848435F
:106C9000011D19982E30405C02061299169848433F
:106CA000411D19982E30405C42EA00421299169814
:106CB0004843811D19982E30405C42EA0021129A07
:106CC00016985043C21D19982E30805C0143129AC9
:106CD0001F9800EB0210416012991698484300F18A
:106CE000080119982E30405C020612991698484304
:106CF00000F1090119982E30405C42EA00421299D5
:106D00001698484300F10A0119982E30405C42EA77
:106D10000021129A1698504300F10B0219982E3058
:106D2000805C0143129A1F9800E0BFE100EB021063
:106D3000816012991698484300F10C0119982E3081
:106D4000405C020612991698484300F10D0119980B
:106D50002E30405C42EA004212991698484300F1F6
:106D60000E0119982E30405C42EA0021129A1698C2
:106D7000504300F10F0219982E30805C0143129AA3
:106D80001F9800EB0210C1601798103017901299ED
:106D90001F9800EB0110006800140E9012991F98C4
:106DA00000EB0110406800140F9012991F9800EB3F
:106DB000011080680014109012991F9800EB0110C8
:106DC000C068001411900E9840430F9901FB010018
:106DD000109901FB0100119901FB01000D900D9824
:106DE000B0F1706F03DB0D98B0F1885F0ADD199880
:106DF0008069089061A0089988471998FDF716F9ED
:106E0000052044E612991F9800EB011000680790D6
:106E100004F010FC4FF09D41089004F00DFB0C9025
:106E200012991F9800EB01104068079004F002FCD3
:106E30004FF09D41089004F0FFFA0B9012991F98B3
:106E400000EB01108068079004F0F4FB4FF09D41C7
:106E5000089004F0F1FA0A901F99129801EB0010C3
:106E6000C068079004F0E6FB4FF09D41089004F0E5
:106E7000E3FA09904FF080400C9904F03BFC049039
:106E80000A9904F037FC06904FF040400B9904F04B
:106E900031FC0490099904F02DFC0590069904F04A
:106EA00057FA79E06D7075363035303A20646D7080
:106EB000206973206E6F7420696E697465642E0A90
:106EC000000000006D7075363035303A2072656113
:106ED0006420696E742073746174757320666169CF
:106EE0006C65642E0A0000006D7075363035303ADE
:106EF000206669666F206F766572666C6F772E0A02
:106F0000000000006D7075363035303A206E6F200D
:106F1000646174612E0A00006D7075363035303A48
:106F20002072656164206669666F20636F756E7498
:106F3000206661696C65642E0A0000006D7075360C
:106F40003035303A2072656164206661696C656431
:106F50002E0A00006D7075363035303A206669664D
:106F60006F206C656E677468206973206E6F742083
:106F7000656E6F7567682E0A000000006D707536CB
:106F80003035303A207175617420636865636B2019
:106F90006572726F722E0A000790FDF7A1F9FE4923
:106FA000089004F0A7FB129A209941F822004FF0B4
:106FB00080400A9904F09EFB02900A9904F09AFB23
:106FC00004904FF040400B9904F094FB02900B9911
:106FD00004F090FB0390049904F01CFD4FF07E51E7
:106FE000059004F0B5F907904FF080400C9904F03B
:106FF00081FB03900B9904F07DFB05904FF08040DE
:107000000A9904F077FB0390099904F073FB04904C
:10701000059904F09DF906900799FDF7F3F9DE490B
:10702000089004F067FB129A219941F8220009990F
:10703000084604F05FFB05900A99084604F05AFBE5
:1070400003900B99084604F055FB01900C990846F3
:1070500004F050FB0090019904F07AF90290039932
:1070600004F0D8FC0490059904F0D4FC0790099929
:107070000C9804F03FFB0490DDE90A1004F03AFBA1
:107080000390049904F064F94FF08041059004F0F6
:1070900031FB06900799FDF7B5F9BF49089004F058
:1070A00029FB129A229941F8220020E0002212992D
:1070B0001F9800EB0110026012991F9800EB01105D
:1070C00042601F99129801EB0010826012991F987C
:1070D00000EB0110C2602099129841F8202012990B
:1070E000219840F821201299229840F821201998DF
:1070F00090F82C0000F0400000287DD01798401C2C
:10710000129A169901FB020119982E30435CDDE9B1
:10711000161001FB020119982E30405C43EA002052
:1071200001B202EB42021A9820F812101798C01C04
:10713000129A169901FB020119982E30435C179898
:10714000801C169901FB020119982E30405C43EA1D
:10715000002001B202EB42021A9800EB420041808B
:107160001798401D129A169901FB020119982E30AA
:10717000435C1798001D169901FB020119982E30E7
:10718000405C43EA002001B202EB42021A9800EB95
:10719000420081801798801DC0B21790012311AA68
:1071A0001C211998FCF7B8FE1890189838B1199856
:1071B0008069109079A010998847012067E49DF8B4
:1071C0004400C0F3C10011909DF84400F0BB129838
:1071D00000EB40011A9830F911000F9004F02AFAE0
:1071E0004FF08D41109004F027F9129901EB410204
:1071F0001B9941F8220000E018E1129800EB4001D1
:107200001A9800EB4100B0F902000F9004F012FA56
:107210004FF08D41109004F00FF9129901EB4102EB
:107220001B9901EB82014860129800EB40011A980B
:1072300000EB4100B0F904000F9004F0FBF94FF0AF
:107240008D41109004F0F8F8129900E006E001EB8F
:1072500041021B9901EB82018860E6E09DF8440041
:10726000012842D1129800EB40011A9830F9110020
:107270000F9004F0DFF94FF08C41109004F0DCF82F
:10728000129901EB41021B9941F82200129800EB80
:1072900040011A9800EB4100B0F902000F9004F091
:1072A000C9F94FF08C41109004F0C6F8129901EB27
:1072B00041021B9901EB82014860129800EB4001EA
:1072C0001A9800EB4100B0F904000F9004F0B2F9F5
:1072D0004FF08C41109004F0AFF8129901EB41028D
:1072E0001B9901EB820188609FE09DF84400022811
:1072F00042D1129800EB40011A9830F911000F901A
:1073000004F098F94FF08B41109004F095F8129921
:1073100001EB41021B9941F82200129800EB400159
:107320001A9800EB4100B0F902000F9004F082F9C6
:107330004FF08B41109004F07FF8129901EB41025D
:107340001B9901EB82014860129800EB40011A98EA
:1073500000EB4100B0F904000F9004F06BF94FF01E
:107360008B41109004F068F8129901EB41021B99CF
:1073700001EB8201886058E0129800EB40011A98F6
:1073800030F911000F9004F055F94FF08A41109038
:1073900004F052F8129913E0333365426D7075367C
:1073A0003035303A207265616420616363656C201A
:1073B000636F6E666967206661696C65642E0A009A
:1073C00001EB41021B9941F82200129800EB4001A9
:1073D0001A9800EB4100B0F902000F9004F02AF96E
:1073E0004FF08A41109004F027F8129901EB410206
:1073F0001B9901EB82014860129800EB40011A983A
:1074000000EB4100B0F904000F9004F013F94FF0C5
:107410008A41109004F010F8129900E0EAE101EBC3
:1074200041021B9901EB8201886028E0002112983B
:1074300000EB40021A9820F81210129800EB40025C
:107440001A9800EB42004180129800EB40021A9813
:1074500000EB42008180129800EB40021B9840F83C
:107460002210129800EB40021B9800EB8200416052
:10747000129800EB40021B9800EB82008160199883
:10748000808D00F4C07000287DD01798401C129A9F
:10749000169901FB020119982E30435CDDE91610A4
:1074A00001FB020119982E30405C43EA002001B232
:1074B00002EB42021C9820F812101798C01C129A76
:1074C000169901FB020119982E30435C1798801C15
:1074D000169901FB020119982E30405C43EA002006
:1074E00001B202EB42021C9800EB42004180179867
:1074F000401D129A169901FB020119982E30435C27
:107500001798001D169901FB020119982E30405C56
:1075100043EA002001B202EB42021C9800EB420059
:1075200081801798801DC0B21790012311AA1B21DA
:107530001998FCF7F1FC1890189838B119988069DF
:107540001090B0A01099884701205AE49DF844009B
:10755000C0F3C10011909DF84400E8BB129800EB05
:1075600040011C9830F911000F9004F063F8AE4907
:10757000109003F061FF129901EB41021E9941F84E
:107580002200129800E0F5E000EB40011C9800EBAF
:107590004100B0F902000F9004F04CF8A24910909D
:1075A00003F04AFF129901EB41021E9901EB82019F
:1075B0004860129800EB40011C9800EB4100B0F9C4
:1075C00004000F9004F036F89749109003F034FF50
:1075D000129901EB410200E004E01E9901EB8201E7
:1075E0008860C6E09DF8440001283FD1129800EB66
:1075F00040011C9830F911000F9004F01BF88B49E2
:10760000109003F019FF129901EB41021E9941F805
:107610002200129800EB40011C9800EB4100B0F9E9
:1076200002000F9004F006F88049109003F004FF68
:10763000129901EB41021E9901EB820148601298F8
:1076400000EB40011C9800EB4100B0F904000F90E2
:1076500003F0F0FF7549109003F0EEFE129901EB74
:1076600041021E9901EB8201886082E09DF844008E
:1076700002283FD1129800EB40011C9830F911000C
:107680000F9003F0D7FF6A49109003F0D5FE1299CE
:1076900001EB41021E9941F82200129800EB4001D3
:1076A0001C9800EB4100B0F902000F9003F0C2FFFC
:1076B0005F49109003F0C0FE129901EB41021E9940
:1076C00001EB82014860129800EB40011C9800EB2E
:1076D0004100B0F904000F9003F0ACFF5449109042
:1076E00003F0AAFE129901EB41021E9901EB8201FF
:1076F00088603EE0129800EB40011C9830F91100C0
:107700000F9003F097FF4B49109003F095FE1299EC
:1077100001EB41021E9941F82200129800EB400152
:107720001C9800EB4100B0F902000F9003F082FFBB
:107730004049109003F080FE129901EB41021E991E
:1077400001EB82014860129800EB40011C9800EBAD
:107750004100B0F904000F9003F06CFF3549109020
:1077600003F06AFE129901EB41021E9901EB8201BE
:10777000886028E00021129800EB40021C9820F855
:107780001210129800EB40021C9800EB420041805E
:10779000129800EB40021C9800EB42008180129886
:1077A00000EB40021E9840F82210129800EB4002B5
:1077B0001E9800EB82004160129800EB40021E9878
:1077C00000EB82008160199890F82C0000F0030013
:1077D00060B119982E30179942181299169800FB2B
:1077E0000120014611901998FCF7A8F81298401C46
:1077F00080B2129023980188129881423FF710AA14
:107800000020DBE46D7075363035303A20726561EA
:1078100064206779726F20636F6E666967206661A6
:10782000696C65642E0A0000000003430000834277
:1078300033330342333383412DE9F04F87B004469D
:107840000D4616461F46DDE912ABDDE91089149896
:1078500033462A4621468DE8800F05900448FFF7FD
:107860000FF918B1012007B0BDE8F08F0020FAE74A
:10787000600D00202DE9F04387B006460F461EB983
:10788000022007B0BDE8F08396F82800012801D057
:107890000320F6E796F82900012804D060A0B1691A
:1078A00088470420EDE7012306AA1C213046FCF797
:1078B00033FB8046B8F1000F04D061A0B16988475E
:1078C0000120DEE79DF81800C0F3C109B9F1000FEF
:1078D00003D14FF00054002510E0B9F1010F03D19E
:1078E0004FF08054002509E0B9F1020F03D14FF0A9
:1078F0000064002502E04FF08064002596F82A001D
:1079000000F0030057F82000039096F82A0000F0DA
:10791000040010B103984042039096F82A00C0F387
:10792000C10057F82000049096F82A0000F02000CB
:1079300010B104984042049096F82A00C0F38110D8
:1079400057F820000590708D00F4807010B10598F4
:10795000404205900398C117A0FB042301FB0431AA
:1079600000FB0510810041EA927003900498C11752
:10797000A0FB042301FB043100FB0510810041EA58
:10798000927004900598C117A0FB042301FB0431F9
:1079900000FB0510810041EA927005900398000EEB
:1079A0008DF800000398000C8DF801000398000A80
:1079B0008DF802000398C0B28DF803000498000E01
:1079C0008DF804000498000C8DF805000498000A56
:1079D0008DF806000498C0B28DF807000598000ED7
:1079E0008DF808000598000C8DF809000598000A2C
:1079F0008DF80A000598C0B28DF80B000C236A467A
:107A00004FF425713046FCF741FC8046B8F1000F79
:107A100004D016A0B1698847012032E7002030E782
:107A20006D7075363035303A20646D702069732082
:107A30006E6F7420696E697465642E0A0000000020
:107A40006D7075363035303A20726561642061633F
:107A500063656C65726F6D6574657220636F6E66C9
:107A60006967206661696C65642E0A006D70753601
:107A70003035303A207772697465206D656D206607
:107A800061696C65642E0A00F8B504460E460CB9AF
:107A90000220F8BD94F82800012801D00320F8E75F
:107AA00094F82900012804D015A0A1698847042072
:107AB000EFE701236A466A212046FCF72DFA0546C6
:107AC00025B117A0A16988470120E2E79DF80000D1
:107AD00020F0800000909DF8000040EAC610C0B27F
:107AE000009001236A466A212046FCF728FA0546E1
:107AF00025B114A0A16988470120CAE70020C8E782
:107B00006D7075363035303A20646D7020697320A1
:107B10006E6F7420696E697465642E0A000000003F
:107B20006D7075363035303A20726561642075733A
:107B30006572206374726C206661696C65642E0ADC
:107B4000000000006D7075363035303A207772696C
:107B500074652075736572206374726C2066616948
:107B60006C65642E0A0000002DE9F04F87B00446D2
:107B70000E461CB9022007B0BDE8F08F94F828002B
:107B8000012801D00320F6E794F82900012804D049
:107B9000F8A0A16988470420EDE702208DF81000C5
:107BA000CA208DF81100E3208DF8120009208DF80D
:107BB0001300042304AA68212046FCF767FB05464E
:107BC00025B1F4A0A16988470120D4E7A3208DF84E
:107BD000100006F0400048B1C0208DF81100C82008
:107BE0008DF81200C2208DF8130006E0A3208DF856
:107BF00011008DF812008DF8130006F4C07048B122
:107C0000C4208DF81400CC208DF81500C6208DF806
:107C1000160006E0A3208DF814008DF815008DF8ED
:107C20001600A3208DF817008DF818008DF81900A4
:107C30000A2304AA40F6A7212046FCF727FB0546A5
:107C400025B1D4A0A1698847012094E706F003007C
:107C500018B120208DF8100002E0D8208DF8100017
:107C6000012304AA40F6B6212046FCF70FFB054687
:107C700025B1C8A0A169884701207CE706F0200053
:107C800090B1CBA207CA01AB07C3092301AA4FF4E5
:107C900097612046FCF7FAFA054625B1BDA0A16917
:107CA0008847012067E712E0C4A207CA01AB07C3F7
:107CB000092301AA4FF497612046FCF7E7FA05462D
:107CC00025B1B4A0A1698847012054E700BF06F49C
:107CD000C07048B306F4807060B1B2208DF8100017
:107CE0008B208DF81100B6208DF812009B208DF8A6
:107CF00013000BE0C0208DF8100080208DF81100DB
:107D0000C2208DF8120090208DF81300042304AADD
:107D100040F6A2212046FCF7B9FA054625B19DA000
:107D2000A1698847012026E706F0010000287CD0E1
:107D3000F8208DF81000012304AA4FF40B612046AF
:107D4000FCF7A4FA054625B192A0A1698847012055
:107D500011E79D480190012303AA1C212046FCF74E
:107D6000DBF8054625B199A0A1698847012002E703
:107D70009DF80C00C0F3C10BBBF1000F13D14FF005
:107D80008D41019803F0B6FC009003F033FC1FFA1C
:107D900080F99949019803F0ADFC009003F02AFCAA
:107DA0001FFA80FA40E0BBF1010F13D14FF08C4174
:107DB000019803F09FFC009003F01CFC1FFA80F96F
:107DC0008E49019803F096FC009003F013FC1FFA13
:107DD00080FA29E0BBF1020F13D14FF08B410198DB
:107DE00003F088FC009003F005FC1FFA80F9844939
:107DF000019803F07FFC009003F0FCFB1FFA80FA6F
:107E000012E04FF08A41019803F074FC009003F0F7
:107E1000F1FB1FFA80F97B49019803F06BFC00909D
:107E200003F0E8FB1FFA80FA00E062E14FEA292044
:107E30008DF8100009F0FF008DF811004FEA2A209C
:107E40008DF812000AF0FF008DF81300022304AA37
:107E50004FF4EA712046FCF719FA054625B14DA00A
:107E6000A1698847012086E602230DF112024FF432
:107E700092712046FCF70AFA054625B145A0A16992
:107E80008847012077E6022304AA4FF4EC712046CC
:107E9000FCF7FCF9054625B13EA0A1698847012001
:107EA00069E602230DF112024FF494712046FCF7AB
:107EB000EDF9054625B137A0A169884701205AE6AA
:107EC000022304AA4FF4EE712046FCF7DFF90546C1
:107ED00025B130A0A169884701204CE602230DF1AD
:107EE00012024FF496712046FCF7D0F9054625B1F1
:107EF00028A0A169884701203DE63F208DF81000A9
:107F0000012304AA4FF4A4712046FCF7BFF90546EB
:107F100025B120A0A169884701202CE600208DF81A
:107F20001000012304AA40F24F112046FCF7AEF9DD
:107F3000054625B117A0A169884701201BE66427E3
:107F4000052097FBF0F087B2380A8DF81000F8B2E0
:107F50008DF81100022304AA4FF4EF712046FCF7BC
:107F600095F9054625B10BA0A1698847012002E6D5
:107F70004AE000006D7075363035303A20646D701F
:107F8000206973206E6F7420696E697465642E0AAF
:107F9000000000006D7075363035303A2077726918
:107FA0007465206D656D206661696C65642E0A00DC
:107FB000B8AAB38DB4980D355D000000B8AAAAAA7E
:107FC000B088C3C5C70000000000A03F6D707536C3
:107FD0003035303A207265616420616363656C6599
:107FE000726F6D6574657220636F6E666967206677
:107FF00061696C65642E0A00000040460000C045BF
:10800000000040450000C044C827052097FBF0F061
:1080100087B2380A8DF81000F8B28DF811000223EB
:1080200004AA4FF4ED712046FCF730F905462DB156
:10803000AFF2A000A169884701209CE5C82002900A
:108040004BF202710298A1FB00804FEA18608DF894
:1080500010004FEA18408DF811004FEA18208DF8F3
:10806000120008F0FF008DF81300042304AA4FF457
:10807000AE712046FCF70AF905462DB1AFF2EC00CF
:10808000A1698847012076E52827052097FBF0F0B5
:1080900087B2380A8DF81000F8B28DF8110002236B
:1080A00004AA4FF4AD712046FCF7F0F805462DB157
:1080B000AFF22010A169884701205CE50A2705205E
:1080C00097FBF0F087B2380A8DF81000F8B28DF8FF
:1080D0001100022304AA4FF4AC712046FCF7D6F835
:1080E00005462DB1AFF25410A1698847012042E541
:1080F00011E0D8208DF81000012304AA4FF40B6181
:108100002046FCF7C3F805462DB1AFF27810A169FF
:10811000884701202FE506F0020018B1D9208DF81C
:10812000100002E0D8208DF81000012304AA40F2CC
:108130003D712046FCF7AAF805462DB1AFF2AC1010
:10814000A1698847012016E506F00400E0B13FA0D0
:1081500000680390042303AA40F698212046FCF708
:1081600095F805462DB1AFF2D410A16988470120DA
:1081700001E52046FBF75AFF054625B134A0A16969
:1081800088470120F7E41CE039A00068039004232D
:1081900003AA40F698212046FCF778F805462DB151
:1081A000AFF21020A16988470120E4E42046FBF7E4
:1081B0003DFF054625B126A0A16988470120DAE4E4
:1081C00000BF06F01000E0B12AA00068039004236D
:1081D00003AA40F69E212046FCF758F805462DB12B
:1081E000AFF25020A16988470120C4E42046FBF784
:1081F0001DFF054625B116A0A16988470120BAE4F4
:108200001CE01DA000680390042303AA40F69E21F1
:108210002046FCF73BF805462DB1AFF28820A16956
:1082200088470120A7E42046FBF700FF054625B15B
:1082300007A0A169884701209DE400BF46F008001F
:10824000A0852046FBF7F2FE95E40000C0C2C4C63C
:108250006D7075363035303A2072657365742066FE
:1082600069666F206661696C65642E0A0000000013
:108270008B8B8B8B20283038A3A3A3A32DE9FF4140
:1082800004460E4623A207CA01AB07C31CB902204D
:1082900004B0BDE8F08194F82800012801D0032043
:1082A000F6E794F82900012804D01DA0A1698847A9
:1082B0000420EDE7C82E04DD21A0A1698847052030
:1082C000E6E7C82090FBF6F0401E87B2380A8DF82A
:1082D0000000F8B28DF8010002236A4640F2162130
:1082E0002046FBF7D3FF054625B11BA0A1698847AF
:1082F0000120CDE70C2301AA40F6C1212046FBF75F
:10830000C5FF054625B114A0A16988470120BFE734
:108310000020BDE7FEF2ABC4AAF1DFDFBBAFDFDFB9
:108320006D7075363035303A20646D702069732079
:108330006E6F7420696E697465642E0A0000000017
:108340006D7075363035303A2072617465203E208C
:108350003230302E0A0000006D7075363035303AFC
:10836000207772697465206D656D206661696C6542
:10837000642E0A007FB504460E4614B9022004B0EC
:1083800070BD94F82800012801D00320F7E794F885
:108390002900012804D052A0A16988470420EEE7F3
:1083A00094F82A0000F0030056F82000009094F89A
:1083B0002A0000F0040010B100984042009094F8A8
:1083C0002A00C0F3C10056F82000019094F82A005A
:1083D00000F0200010B101984042019094F82A006A
:1083E000C0F3811056F820000290608D00F4807078
:1083F00010B10298404202904149009880FB011060
:10840000820042EA917000903D49019880FB011082
:10841000820042EA917001903949029880FB011074
:10842000820042EA917002900098000E8DF80C00D4
:108430000098000C8DF80D000098000A8DF80E00D1
:108440000098C0B28DF80F00042303AA4FF4747192
:108450002046FBF71BFF054625B12AA0A1698847E6
:1084600001208CE70198000E8DF80C000198000C9B
:108470008DF80D000198000A8DF80E000198C0B229
:108480008DF80F00042303AA4FF475712046FBF703
:10849000FDFE054625B11BA0A169884701206EE7B6
:1084A0000298000E8DF80C000298000C8DF80D005B
:1084B0000298000A8DF80E000298C0B28DF80F00E5
:1084C000042303AA4FF476712046FBF7DFFE05462E
:1084D00025B10CA0A1698847012050E700204EE794
:1084E0006D7075363035303A20646D7020697320B8
:1084F0006E6F7420696E697465642E0A0000000056
:1085000009E3CA026D7075363035303A20777269EA
:108510007465206D656D206661696C65642E0A0066
:10852000FEB504460E460CB90220FEBD94F82800A4
:10853000012801D00320F8E794F82900012804D08D
:1085400016A0A16988470420EFE79EB91BA207CABD
:108550008DE807000B236A4640F682212046FBF790
:1085600095FE054625B118A0A16988470120DCE7E2
:108570000020DAE71BA207CA8DE807000B236A4632
:1085800040F682212046FBF781FE054625B10EA06C
:10859000A16988470120C8E70020C6E76D707536DD
:1085A0003035303A20646D70206973206E6F74200E
:1085B000696E697465642E0A00000000D8B1B9F3D1
:1085C0008BA391B609B4D9006D7075363035303A49
:1085D000207772697465206D656D206661696C65D0
:1085E000642E0A00DAB1B9F38BA391B6DAB4DA00DB
:1085F000F8B504460D460CB90220F8BD94F82800E1
:10860000012801D00320F8E794F82900012804D0BC
:1086100010A0A16988470420EFE7012D01DB042D9C
:1086200004DD14A0A16988470520E6E7681EC0B2F2
:10863000009001236A4640F24F112046FBF726FEC8
:10864000064626B115A0A16988470120D5E700207C
:10865000D3E700006D7075363035303A20646D70A8
:10866000206973206E6F7420696E697465642E0AC8
:10867000000000006D7075363035303A20636E743E
:10868000206D757374206265206265747765656E10
:10869000203120616E6420342E0A00006D70753622
:1086A0003035303A207772697465206D656D2066CB
:1086B00061696C65642E0A0070B504460D460CB9FC
:1086C000022070BD94F82800012801D00320F8E7AB
:1086D00094F82900012804D003A0A1698847042048
:1086E000EFE765620020ECE76D7075363035303AA3
:1086F00020646D70206973206E6F7420696E6974D8
:1087000065642E0A00000000F0B587B005460F46EC
:1087100059A00068069059A00068059058A000680C
:10872000049058A00068039015B9022007B0F0BD6E
:1087300095F82800012801D00320F7E795F82900D3
:10874000012804D050A0A96988470420EEE73846E4
:10875000FBF708FC044604F0030006A9085C8DF84A
:10876000080006A8C4F3C101405C8DF8090006A802
:10877000C4F38111405C8DF80A0004F0030005A9E0
:10878000085C8DF8040005A8C4F3C101405C8DF8B5
:10879000050005A8C4F38111405C8DF80600032391
:1087A00002AA40F226412846FBF770FD064626B194
:1087B0003DA0A96988470120B8E7032301AA40F238
:1087C0002A412846FBF762FD064626B136A0A96974
:1087D00088470120AAE7049802900398019004F0CA
:1087E000040058B19DF8080040F001008DF8080021
:1087F0009DF8040040F001008DF8040004F0200012
:1088000058B19DF8090040F001008DF809009DF86D
:10881000050040F001008DF8050004F4807058B1A7
:108820009DF80A0040F001008DF80A009DF806004E
:1088300040F001008DF80600032302AA4FF488617E
:108840002846FBF723FD064626B117A0A9698847ED
:1088500001206BE7032301AA40F231412846FBF7D0
:1088600015FD064626B110A0A969884701205DE7DD
:108870006C8500205AE700004CCD6C000CC92C0020
:1088800036567600264666006D7075363035303ABD
:1088900020646D70206973206E6F7420696E697436
:1088A00065642E0A000000006D7075363035303A70
:1088B000207772697465206D656D206661696C65ED
:1088C000642E0A00F8B504460D460CB90220F8BD26
:1088D00094F82800012801D00320F8E794F8290033
:1088E000012804D010A0A16988470420EFE7280ED2
:1088F0008DF80000280C8DF80100280A8DF8020080
:10890000E8B28DF8030004236A464FF458712046FC
:10891000FBF7BCFC064626B10BA0A16988470120E5
:10892000D5E70020D3E700006D7075363035303A5A
:1089300020646D70206973206E6F7420696E697495
:1089400065642E0A000000006D7075363035303ACF
:10895000207772697465206D656D206661696C654C
:10896000642E0A00F8B504460D460CB90220F8BD85
:1089700094F82800012801D00320F8E794F8290092
:10898000012804D011A0A16988470420EFE7142032
:10899000B5FBF0F5280E8DF80000280C8DF80100CD
:1089A000280A8DF80200E8B28DF8030004236A4615
:1089B0004FF471712046FBF769FC064626B10BA007
:1089C000A16988470120D2E70020D0E76D70753695
:1089D0003035303A20646D70206973206E6F7420DA
:1089E000696E697465642E0A000000006D7075364A
:1089F0003035303A207772697465206D656D206678
:108A000061696C65642E0A00F8B504460F460CB91E
:108A10000220F8BD94F82800012801D00320F8E7CF
:108A200094F82900012804D012A0A16988470420E5
:108A3000EFE74BF20270A0FB0750280E8DF8000004
:108A4000280C8DF80100280A8DF80200E8B28DF894
:108A5000030004236A464FF4AE712046FBF716FC70
:108A6000064626B10BA0A16988470120D1E7002066
:108A7000CFE700006D7075363035303A20646D7088
:108A8000206973206E6F7420696E697465642E0AA4
:108A9000000000006D7075363035303A207772690D
:108AA0007465206D656D206661696C65642E0A00D1
:108AB000F8B504460D460CB90220F8BD94F828001C
:108AC000012801D00320F8E794F82900012804D0F8
:108AD0000FA0A16988470420EFE7052095FBF0F07F
:108AE00085B2280A8DF80000E8B28DF80100022353
:108AF0006A464FF4AD712046FBF7C8FB064626B127
:108B00000BA0A16988470120D7E70020D5E7000026
:108B10006D7075363035303A20646D702069732081
:108B20006E6F7420696E697465642E0A000000001F
:108B30006D7075363035303A207772697465206D06
:108B4000656D206661696C65642E0A00F8B504469F
:108B50000D460CB90220F8BD94F82800012801D078
:108B60000320F8E794F82900012804D00FA0A16998
:108B700088470420EFE7052095FBF0F085B2280A2E
:108B80008DF80000E8B28DF8010002236A464FF428
:108B9000AC712046FBF77AFB064626B10BA0A16913
:108BA00088470120D7E70020D5E700006D707536B3
:108BB0003035303A20646D70206973206E6F7420F8
:108BC000696E697465642E0A000000006D70753668
:108BD0003035303A207772697465206D656D206696
:108BE00061696C65642E0A002DE9F84304460F465E
:108BF000904614B90220BDE8F88394F828000128B3
:108C000001D00320F7E794F82900012804D01BA025
:108C1000A16988470420EEE701236A464FF4A47156
:108C20002046FBF7DAF9054625B11CA0A169884763
:108C30000120E0E7781F4006060EB8F1010F07D1CA
:108C40000320B0409DF800100843C0B2009005E03A
:108C50000320B0409DF800108143009101236A4633
:108C60004FF4A4712046FBF711FB054625B112A075
:108C7000A16988470120BEE70020BCE76D7075360A
:108C80003035303A20646D70206973206E6F742027
:108C9000696E697465642E0A000000006D70753697
:108CA0003035303A2072656164206D656D206661F3
:108CB000696C65642E0A00006D7075363035303A87
:108CC000207772697465206D656D206661696C65D9
:108CD000642E0A0070B504460D460CB9022070BD22
:108CE00094F82800012801D00320F8E794F829001F
:108CF000012804D003A0A16988470420EFE725627A
:108D00000020ECE76D7075363035303A20646D70B8
:108D1000206973206E6F7420696E697465642E0A11
:108D2000000000002DE9FE4F04468846924614B923
:108D30000220BDE8FE8F94F82800012801D003200E
:108D4000F7E794F82900012804D076A0A1698847A4
:108D50000420EEE7BAF5C86F04DD7AA0A169884760
:108D60000520E6E7504602F07DFC7C49009002F0C9
:108D700063FB8346012302AA1C212046FBF7CCF8A3
:108D8000054625B176A0A16988470120D1E79DF865
:108D90000800C0F3C109B9F1000F11D14FF08D41A6
:108DA000584602F0A7FC009002F024FC86B27749F6
:108DB000584602F09FFC009002F01CFC87B23AE09B
:108DC000B9F1010F11D14FF08C41584602F092FCDD
:108DD000009002F00FFC86B26D49584602F08AFC02
:108DE000009002F007FC87B225E0B9F1020F11D123
:108DF0004FF08B41584602F07DFC009002F0FAFBE8
:108E000086B26449584602F075FC009002F0F2FB0D
:108E100087B210E04FF08A41584602F06BFC009098
:108E200002F0E8FB86B25C49584602F063FC009011
:108E300002F0E0FB87B230128DF80400F0B28DF83A
:108E4000050038128DF80600F8B28DF80700B8F169
:108E5000070F1ED1022301AA4FF4EA712046FBF747
:108E600015FA054625B14DA0A1698847012060E7A4
:108E700002230DF106024FF492712046FBF706FA29
:108E8000054625B145A0A1698847012051E700208A
:108E90004FE7B8F1060F1ED1022301AA4FF4EC717F
:108EA0002046FBF7F3F9054625B13CA0A1698847A8
:108EB00001203EE702230DF106024FF49471204693
:108EC000FBF7E4F9054625B134A0A16988470120E4
:108ED0002FE700202DE7B8F1050F1ED1022301AACC
:108EE0004FF4EE712046FBF7D1F9054625B12BA0D2
:108EF000A169884701201CE702230DF106024FF407
:108F000096712046FBF7C2F9054625B123A0A16959
:108F1000884701200DE700200BE727A0A1698847BB
:108F2000062006E76D7075363035303A20646D7076
:108F3000206973206E6F7420696E697465642E0AEF
:108F4000000000006D7075363035303A206D672FA7
:108F50006D73203E20313630302E0A000000484329
:108F60006D7075363035303A20726561642061630A
:108F700063656C65726F6D6574657220636F6E6694
:108F80006967206661696C65642E0A0000004046CE
:108F90000000C045000040450000C0446D707536BB
:108FA0003035303A207772697465206D656D2066C2
:108FB00061696C65642E0A006D7075363035303A23
:108FC00020696E76616C696420617869732E0A008D
:108FD000F8B504460D460CB90220F8BD94F82800F7
:108FE000012801D00320F8E794F82900012804D0D3
:108FF0000FA0A16988470420EFE7052095FBF0F05A
:1090000085B2280A8DF80000E8B28DF8010002232D
:109010006A464FF4EF712046FBF738F9064626B151
:109020000BA0A16988470120D7E70020D5E7000001
:109030006D7075363035303A20646D70206973205C
:109040006E6F7420696E697465642E0A00000000FA
:109050006D7075363035303A207772697465206DE1
:10906000656D206661696C65642E0A00F8B504467A
:109070000D460CB90220F8BD94F82800012801D053
:109080000320F8E794F82900012804D00FA0A16973
:1090900088470420EFE7052095FBF0F085B2280A09
:1090A0008DF80000E8B28DF8010002236A464FF403
:1090B000ED712046FBF7EAF8064626B10BA0A16940
:1090C00088470120D7E70020D5E700006D7075368E
:1090D0003035303A20646D70206973206E6F7420D3
:1090E000696E697465642E0A000000006D70753643
:1090F0003035303A207772697465206D656D206671
:1091000061696C65642E0A0070B504460CB90220D2
:1091100070BD94F82800012801D00320F8E720460C
:10912000FAF784FF054625B103A0A169884701200D
:10913000EEE70020ECE700006D7075363035303A10
:1091400020666F7263652072657365742066696658
:109150006F206661696C65642E0A0000F8B50446EC
:109160000CB90220F8BDA06908B90320FAE76068CD
:1091700020B942A0A16988470320F3E7A06820B97D
:1091800045A0A16988470320ECE7E06820B94AA020
:10919000A16988470320E5E7206920B94DA0A169AE
:1091A00088470320DEE7606920B952A0A16988479B
:1091B0000320D7E7E06920B955A0A16988470320BB
:1091C000D0E760688047054625B15AA0A169884765
:1091D0000120C7E701236A4675212046FAF79CFE65
:1091E000054635B15AA0A1698847A0688047052087
:1091F000B8E79DF80000682806D05DA0A1698847FF
:10920000A06880470520ADE78020009001236A46D2
:109210006B212046FAF793FE054635B15BA0A169A4
:109220008847A068804704209CE764261EE00A2047
:109230006169884701236A466B212046FAF76CFE74
:10924000054635B15AA0A1698847A0688047042027
:1092500088E79DF8000000F0800030B9012084F814
:109260002800002084F829007CE7761E002EDED13D
:1092700058A0A1698847042074E700006D70753616
:109280003035303A206969635F696E6974206973AB
:10929000206E756C6C2E0A006D7075363035303A64
:1092A000206969635F6465696E6974206973206E03
:1092B000756C6C2E0A0000006D7075363035303AD2
:1092C000206969635F72656164206973206E756CE3
:1092D0006C2E0A006D7075363035303A206969633E
:1092E0005F7772697465206973206E756C6C2E0AE5
:1092F000000000006D7075363035303A2064656CC2
:1093000061795F6D73206973206E756C6C2E0A0035
:109310006D7075363035303A2072656365697665F3
:109320005F63616C6C6261636B206973206E756C46
:109330006C2E0A006D7075363035303A20696963DD
:1093400020696E6974206661696C65642E0A00008C
:109350006D7075363035303A2072656164207768FB
:109360006F20616D2069206661696C65642E0A005A
:109370006D7075363035303A206964206973206924
:109380006E76616C69642E0A000000006D7075369F
:109390003035303A20777269746520707772206DAD
:1093A000676D742031206661696C65642E0A000067
:1093B0006D7075363035303A207265616420707793
:1093C00072206D676D742031206661696C65642E52
:1093D0000A0000006D7075363035303A20726573C2
:1093E0006574206661696C65642E0A000FB408B567
:1093F00003A8009000990298F6F7A4FF00200090BF
:1094000001B05DF814FB10B50446A0B2FBF7ACFA4E
:1094100010BD000010B50446214602A0F6F798FFE3
:1094200010BD00004556454E542C444D505F4F52E0
:1094300049454E542C25750D0A00000070B50446B0
:109440000D462A46214602A0F6F782FF70BD0000B5
:109450004556454E542C444D505F5441502C257573
:109460002C25750D0A0000000020704700B585B05E
:109470000020019002900390049000BF164880697C
:1094800040F00800144988610846806900F008002F
:10949000009000BF00BF4FF44040019011200290A7
:1094A000012003900320049001A90C48F9F786F8E5
:1094B0004FF40070019000200290012003900220E0
:1094C000049001A90548F9F779F801F065FD01F06C
:1094D0004FFD002005B000BD00100240000C01400F
:1094E0002DE9F0410746884616461D4606B115B9D6
:1094F0000120BDE8F081FBF755FC3846FBF770FC16
:1095000018B1FBF75FFC0120F3E74046FBF768FC6E
:1095100018B1FBF757FC0120EBE7FBF743FC47F0E2
:109520000100FBF75DFC18B1FBF74CFC0120E0E704
:1095300000240BE0611CA94201D2012100E00021BE
:109540000846FBF701FC3055601C84B2AC42F1DBED
:10955000FBF738FC0020CCE72DE9F04180460D46B2
:1095600016461F46FBF71EFC4046FBF739FC20B1B0
:10957000FBF728FC0120BDE8F0812846FBF730FC12
:1095800018B1FBF71FFC0120F5E7002409E0305D6E
:10959000FBF726FC18B1FBF715FC0120EBE7601C7C
:1095A00084B2BC42F3DBFBF70DFC0020E3E703468B
:1095B0000BB90220704793F82800012801D003203E
:1095C000F8E711700020F5E72DE9F04104460D465B
:1095D000164614B90220BDE8F08194F8280001284D
:1095E00001D00320F7E74FF08441284601F024FF23
:1095F000074601F0FFFF30700020ECE7F0B587B0C0
:1096000004460F46164614B9022007B0F0BD94F880
:109610002800012801D00320F7E70023324639460D
:109620002046FAF711FA054625B12EA0A169884710
:109630000120EAE701236A4603A92046FAF704FA63
:10964000054625B127A0A16988470120DDE76A46C4
:1096500031462046FAF708F9054625B129A0A16947
:1096600088470120D1E703AA39462046FAF7CAFB0A
:10967000054625B12CA0A16988470120C5E78020B7
:109680000690012306AA6B212046FAF758FC0546EE
:1096900025B12EA0A16988470120B6E76420616941
:1096A0008847012306AA6B212046FAF735FC0546B8
:1096B00025B12FA0A16988470120A6E79DF81800D1
:1096C00020F040000690012306AA6B212046FAF7FD
:1096D00036FC054625B131A0A1698847012094E7F1
:1096E000002092E76D7075363035303A206765742A
:1096F00020737420626961736573206661696C65AB
:10970000642E0A006D7075363035303A206163631F
:10971000656C2073656C662074657374206661697E
:109720006C65642E0A0000006D7075363035303A75
:10973000206779726F2073656C662074657374207E
:109740006661696C65642E0A000000006D707536F4
:109750003035303A20777269746520707772206DE9
:10976000676D742031206661696C65642E0A0000A3
:109770006D7075363035303A207265616420706FD7
:10978000776572206D616E6167656D656E742031FD
:10979000206661696C65642E0A0000006D70753684
:1097A0003035303A20777269746520706F77657252
:1097B000206D616E6167656D656E74203120666134
:1097C000696C65642E0A0000F8B504460E460CB9B3
:1097D0000220F8BD94F82800012801D00320F8E702
:1097E00001236A461C212046FAF796FB054625B15F
:1097F0000FA0A16988470120EBE79DF8000020F049
:10980000180000909DF8000040EAC600C0B2009029
:1098100001236A461C212046FAF791FB054625B133
:109820000EA0A16988470120D3E70020D1E70000FE
:109830006D7075363035303A207265616420616331
:1098400063656C65726F6D6574657220636F6E66BB
:109850006967206661696C65642E0A006D707536F3
:109860003035303A20777269746520616363656CC6
:1098700065726F6D6574657220636F6E66696720CF
:109880006661696C65642E0A00000000F8B5044644
:109890000E4617460CB90220F8BD94F8280001289E
:1098A00001D00320F8E701236A461C212046FAF77D
:1098B00033FB054625B110A0A16988470120EBE7DD
:1098C0000120B0409DF800108143009107FA06F096
:1098D0009DF800100843C0B2009001236A461C2185
:1098E0002046FAF72CFB054625B10EA0A169884752
:1098F0000120D1E70020CFE76D7075363035303A62
:10990000207265616420616363656C65726F6D656B
:1099100074657220636F6E666967206661696C6545
:10992000642E0A006D7075363035303A20777269D2
:10993000746520616363656C65726F6D65746572D3
:1099400020636F6E666967206661696C65642E0AC4
:109950000000000002460AB9022070471170002082
:10996000FBE70000F8B504460E460CB90220F8BD2E
:1099700094F82800012801D00320F8E701236A4663
:109980006B212046FAF7C8FA054625B10EA0A16959
:1099900088470120EBE79DF8000020F007000090C9
:1099A0009DF800003043009001236A466B21204659
:1099B000FAF7C5FA054625B10EA0A169884701202E
:1099C000D5E70020D3E700006D7075363035303AAA
:1099D000207265616420706F776572206D616E61C1
:1099E00067656D656E742031206661696C65642EF3
:1099F0000A0000006D7075363035303A2077726994
:109A0000746520706F776572206D616E6167656D3A
:109A1000656E742031206661696C65642E0A0000F1
:109A2000F8B504460E460CB90220F8BD94F828009B
:109A3000012801D00320F8E701236A466B21204664
:109A4000FAF76AFA054625B10FA0A16988470120F7
:109A5000EBE79DF8000020F0200000909DF800004A
:109A600040EA4610C0B2009001236A466B212046AE
:109A7000FAF765FA054625B10EA0A16988470120CD
:109A8000D3E70020D1E700006D7075363035303AED
:109A9000207265616420706F776572206D616E6100
:109AA00067656D656E742031206661696C65642E32
:109AB0000A0000006D7075363035303A20777269D3
:109AC000746520706F776572206D616E6167656D7A
:109AD000656E742031206661696C65642E0A000031
:109AE000F8B504460E460CB90220F8BD94F82800DB
:109AF000012801D00320F8E701236A461A212046F5
:109B0000FAF70AFA054625B10FA0A1698847012096
:109B1000EBE79DF8000020F0380000909DF8000071
:109B200040EAC600C0B2009001236A461A212046CE
:109B3000FAF705FA054625B10BA0A169884701206F
:109B4000D3E70020D1E700006D7075363035303A2C
:109B5000207265616420636F6E6669672066616963
:109B60006C65642E0A0000006D7075363035303A31
:109B700020777269746520636F6E6669672066611D
:109B8000696C65642E0A0000F8B504460E460CB9EF
:109B90000220F8BD94F82800012801D00320F8E73E
:109BA00001236A466A212046FAF7B6F9054625B12F
:109BB0000FA0A16988470120EBE79DF8000020F085
:109BC000400000909DF8000040EA8610C0B200906E
:109BD00001236A466A212046FAF7B1F9054625B104
:109BE0000CA0A16988470120D3E70020D1E700003D
:109BF0006D7075363035303A20726561642075734A
:109C00006572206374726C206661696C65642E0AEB
:109C1000000000006D7075363035303A207772697B
:109C200074652075736572206374726C2066616957
:109C30006C65642E0A000000F8B504460E4617460F
:109C40000CB90220F8BD94F82800012801D00320A7
:109C5000F8E701236A4623212046FAF75DF9054615
:109C600025B110A0A16988470120EBE70120B04091
:109C70009DF800108143009107FA06F09DF800104E
:109C80000843C0B2009001236A4623212046FAF718
:109C900056F9054625B10EA0A16988470120D1E7F4
:109CA0000020CFE76D7075363035303A207265612F
:109CB00064206669666F20656E61626C6520636F03
:109CC0006E666967206661696C65642E0A00000033
:109CD0006D7075363035303A20777269746520665C
:109CE00069666F20656E61626C6520636F6E666980
:109CF00067206661696C65642E0A0000F8B5044649
:109D00000E460CB90220F8BD94F82800012801D0B5
:109D10000320F8E705206169884701236A461C2172
:109D20002046FAF7F9F8054625B110A0A169884741
:109D30000120E8E7012E05D19DF8000040F0070062
:109D4000009004E09DF8000020F00700009001233F
:109D50006A461C212046FAF7F2F8054625B10CA008
:109D6000A16988470120CEE70020CCE76D707536E9
:109D70003035303A207265616420616363656C2020
:109D8000636F6E666967206661696C65642E0A00A0
:109D90006D7075363035303A2077726974652061A0
:109DA0006363656C20636F6E666967206661696CCA
:109DB00065642E0A00000000F8B504460E460CB992
:109DC0000220F8BD94F82800012801D00320F8E70C
:109DD00001236A4637212046FAF79EF8054625B149
:109DE0000FA0A16988470120EBE79DF8000020F053
:109DF000040000909DF8000040EA8600C0B2009088
:109E000001236A4637212046FAF799F8054625B11D
:109E10000DA0A16988470120D3E70020D1E7000009
:109E20006D7075363035303A207265616420696E28
:109E3000746572727570742070696E206661696CE9
:109E400065642E0A000000006D7075363035303ABA
:109E500020777269746520696E74657272757074AA
:109E60002070696E206661696C65642E0A000000CE
:109E7000F8B504460E460CB90220F8BD94F8280047
:109E8000012801D00320F8E701236A463721204644
:109E9000FAF742F8054625B10FA0A16988470120CD
:109EA000EBE79DF8000020F0080000909DF800000E
:109EB00040EAC600C0B2009001236A46372120461E
:109EC000FAF73DF8054625B10DA0A16988470120A4
:109ED000D3E70020D1E700006D7075363035303A99
:109EE000207265616420696E746572727570742089
:109EF00070696E206661696C65642E0A000000005E
:109F00006D7075363035303A207772697465206926
:109F10006E746572727570742070696E2066616906
:109F20006C65642E0A000000F8B504460E460CB9B4
:109F30000220F8BD94F82800012801D00320F8E79A
:109F400001236A461B212046F9F7E6FF054625B1A5
:109F50000FA0A16988470120EBE79DF8000020F0E1
:109F6000180000909DF8000040EAC600C0B20090C2
:109F700001236A461B212046F9F7E1FF054625B17A
:109F80000DA0A16988470120D3E70020D1E7000098
:109F90006D7075363035303A2072656164206779AE
:109FA000726F73636F706520636F6E66696720669A
:109FB00061696C65642E0A006D7075363035303A13
:109FC000207772697465206779726F73636F70654B
:109FD00020636F6E666967206661696C65642E0A2E
:109FE00000000000F8B504460E4617460CB90220E2
:109FF000F8BD94F82800012801D00320F8E70123D8
:10A000006A461B212046F9F787FF054625B110A0B7
:10A01000A16988470120EBE70120B0409DF80010BE
:10A020008143009107FA06F09DF800100843C0B282
:10A03000009001236A461B212046F9F780FF054660
:10A0400025B10DA0A16988470120D1E70020CFE705
:10A050006D7075363035303A2072656164206779ED
:10A06000726F73636F706520636F6E6669672066D9
:10A0700061696C65642E0A006D7075363035303A52
:10A08000207772697465206779726F73636F70658A
:10A0900020636F6E666967206661696C65642E0A6D
:10A0A00000000000F8B504460E460CB90220F8BDC9
:10A0B00094F82800012801D00320F8E701236A461C
:10A0C00037212046F9F728FF054625B10FA0A169E1
:10A0D00088470120EBE79DF8000020F00200009087
:10A0E0009DF8000040EA4600C0B2009001236A4695
:10A0F00037212046F9F723FF054625B10DA0A169B8
:10A1000088470120D3E70020D1E700006D70753645
:10A110003035303A207265616420696E7465727200
:10A120007570742070696E206661696C65642E0AB2
:10A13000000000006D7075363035303A2077726956
:10A14000746520696E746572727570742070696EC2
:10A15000206661696C65642E0A000000F8B504464B
:10A160000E460CB90220F8BD94F82800012801D051
:10A170000320F8E701236A466A212046F9F7CCFE5E
:10A18000054625B10FA0A16988470120EBE79DF89E
:10A19000000020F0200000909DF8000040EA4610EA
:10A1A000C0B2009001236A466A212046F9F7C7FE33
:10A1B000054625B10CA0A16988470120D3E70020FE
:10A1C000D1E700006D7075363035303A2072656128
:10A1D000642075736572206374726C206661696CAB
:10A1E00065642E0A000000006D7075363035303A17
:10A1F0002077726974652075736572206374726C60
:10A20000206661696C65642E0A000000F8B504469A
:10A210000E4617460CB90220F8BD94F82800012814
:10A2200001D00320F8E701236A4638212046F9F7D8
:10A2300073FE054625B110A0A16988470120EBE710
:10A240000120B0409DF800108143009107FA06F00C
:10A250009DF800100843C0B2009001236A463821DF
:10A260002046F9F76CFE054625B10DA0A169884787
:10A270000120D1E70020CFE76D7075363035303AD8
:10A28000207265616420696E7465727275707420E5
:10A29000656E61626C65206661696C65642E0A009A
:10A2A0006D7075363035303A207772697465206983
:10A2B0006E7465727275707420656E61626C652073
:10A2C0006661696C65642E0A00000000F8B50446FA
:10A2D0000E460CB90220F8BD94F82800012801D0E0
:10A2E0000320F8E701236A4637212046F9F714FED8
:10A2F000054625B110A0A16988470120EBE79DF82C
:10A30000000020F0200000900EB9012000E00020A5
:10A310009DF8001041EA4010009001236A46372161
:10A320002046F9F70CFE054625B10DA0A169884726
:10A330000120D0E70020CEE76D7075363035303A19
:10A34000207265616420696E746572727570742024
:10A3500070696E206661696C65642E0A00000000F9
:10A360006D7075363035303A2077726974652069C2
:10A370006E746572727570742070696E20666169A2
:10A380006C65642E0A000000F8B504460E460CB950
:10A390000220F8BD94F82800012801D00320F8E736
:10A3A00001236A4637212046F9F7B6FD054625B157
:10A3B0000FA0A16988470120EBE79DF8000020F07D
:10A3C000800000909DF8000040EAC610C0B20090E6
:10A3D00001236A4637212046F9F7B1FD054625B12C
:10A3E0000DA0A16988470120D3E70020D1E7000034
:10A3F0006D7075363035303A207265616420696E53
:10A40000746572727570742070696E206661696C13
:10A4100065642E0A000000006D7075363035303AE4
:10A4200020777269746520696E74657272757074D4
:10A430002070696E206661696C65642E0A000000F8
:10A44000F8B504460E460CB90220F8BD94F8280071
:10A45000012801D00320F8E701236A46372120466E
:10A46000F9F75AFD054625B10FA0A16988470120DB
:10A47000EBE79DF8000020F0400000909DF8000000
:10A4800040EA8610C0B2009001236A463721204678
:10A49000F9F755FD054625B10DA0A16988470120B2
:10A4A000D3E70020D1E700006D7075363035303AC3
:10A4B000207265616420696E7465727275707420B3
:10A4C00070696E206661696C65642E0A0000000088
:10A4D0006D7075363035303A207772697465206951
:10A4E0006E746572727570742070696E2066616931
:10A4F0006C65642E0A000000F8B504460E460CB9DF
:10A500000220F8BD94F82800012801D00320F8E7C4
:10A5100001236A4637212046F9F7FEFC054625B19E
:10A520000FA0A16988470120EBE79DF8000020F00B
:10A53000100000909DF8000040EA0610C0B20090A4
:10A5400001236A4637212046F9F7F9FC054625B173
:10A550000DA0A16988470120D3E70020D1E70000C2
:10A560006D7075363035303A207265616420696EE1
:10A57000746572727570742070696E206661696CA2
:10A5800065642E0A000000006D7075363035303A73
:10A5900020777269746520696E7465727275707463
:10A5A0002070696E206661696C65642E0A00000087
:10A5B000F8B504460E460CB90220F8BD94F8280000
:10A5C000012801D00320F8E701236A461A2120461A
:10A5D000F9F7A2FC054625B10EA0A1698847012024
:10A5E000EBE79DF8000020F0070000909DF80000C8
:10A5F0003043009001236A461A212046F9F79FFC58
:10A60000054625B10BA0A16988470120D5E70020A8
:10A61000D3E700006D7075363035303A20726561D1
:10A620006420636F6E666967206661696C65642E7D
:10A630000A0000006D7075363035303A2077726947
:10A64000746520636F6E666967206661696C656416
:10A650002E0A000073B504460CB902207CBD94F8A4
:10A660002800012801D00320F8E7012301AA2021B6
:10A670002046F9F764FC054625B103A0A169884787
:10A680000120EBE70020E9E76D7075363035303A90
:10A69000207772697465206D6F74696F6E206475C0
:10A6A000726174696F6E206661696C65642E0A0060
:10A6B00073B504460CB902207CBD94F8280001282B
:10A6C00001D00320F8E7012301AA1F212046F9F752
:10A6D00036FC054625B103A0A16988470120EBE7B8
:10A6E0000020E9E76D7075363035303A20777269B1
:10A6F0007465206D6F74696F6E207468726573681D
:10A700006F6C64206661696C65642E0A000000004D
:10A7100073B504460CB902207CBD94F828000128CA
:10A7200001D00320F8E7012301AA19212046F9F7F7
:10A7300006FC054625B103A0A16988470120EBE787
:10A740000020E9E76D7075363035303A2077726950
:10A75000746520736D707274206469762066616917
:10A760006C65642E0A000000F8B504460E460CB96C
:10A770000220F8BD94F82800012801D00320F8E752
:10A7800001236A466B212046F9F7C6FB054625B131
:10A790000FA0A16988470120EBE79DF8000020F099
:10A7A000400000909DF8000040EA8610C0B2009082
:10A7B00001236A466B212046F9F7C1FB054625B106
:10A7C0000EA0A16988470120D3E70020D1E700004F
:10A7D0006D7075363035303A207265616420706F67
:10A7E000776572206D616E6167656D656E7420318D
:10A7F000206661696C65642E0A0000006D70753614
:10A800003035303A20777269746520706F776572E1
:10A81000206D616E6167656D656E742031206661C3
:10A82000696C65642E0A0000F8B504460E461746AA
:10A830000CB90220F8BD94F82800012801D00320AB
:10A84000F8E701236A466C212046F9F765FB0546C7
:10A8500025B110A0A16988470120EBE70120B04095
:10A860009DF800108143009107FA06F09DF8001052
:10A870000843C0B2009001236A466C212046F9F7D4
:10A880005EFB054625B10EA0A16988470120D1E7EE
:10A890000020CFE76D7075363035303A2072656133
:10A8A0006420706F776572206D616E6167656D659C
:10A8B0006E742032206661696C65642E0A000000A7
:10A8C0006D7075363035303A207772697465207056
:10A8D0006F776572206D616E6167656D656E74205E
:10A8E00032206661696C65642E0A0000F8B5044682
:10A8F0000E460CB90220F8BD94F82800012801D0BA
:10A900000320F8E701236A466B212046F9F704FB90
:10A91000054625B110A0A16988470120EBE79DF805
:10A92000000020F0080000900EB9012000E0002097
:10A930009DF8001041EAC000009001236A466B2197
:10A940002046F9F7FCFA054625B10EA0A169884713
:10A950000120D0E70020CEE76D7075363035303AF3
:10A96000207265616420706F776572206D616E6121
:10A9700067656D656E742031206661696C65642E53
:10A980000A0000006D7075363035303A20777269F4
:10A99000746520706F776572206D616E6167656D9B
:10A9A000656E742031206661696C65642E0A000052
:10A9B000F8B504460E460CB90220F8BD94F82800FC
:10A9C000012801D00320F8E701236A466C212046C4
:10A9D000F9F7A2FA054625B10FA0A1698847012021
:10A9E000EBE79DF8000020F0C00000909DF800000B
:10A9F00040EA8610C0B2009001236A466C212046CE
:10AA0000F9F79DFA054625B10EA0A16988470120F6
:10AA1000D3E70020D1E700006D7075363035303A4D
:10AA2000207265616420706F776572206D616E6160
:10AA300067656D656E742032206661696C65642E91
:10AA40000A0000006D7075363035303A2077726933
:10AA5000746520706F776572206D616E6167656DDA
:10AA6000656E742032206661696C65642E0A000090
:10AA700010B501221D49752000F06EFA08B10120C1
:10AA800010BD802421466B2000F02EFB08B1012070
:10AA9000F6E76420F9F768FF01216B2000F024FB42
:10AAA000E8B90421192000F01FFBC0B903211A20C6
:10AAB00000F01AFB98B918211B2000F015FB70B9A3
:10AAC00000211C2000F010FB48B91021372000F0B5
:10AAD0000BFB20B90121382000F006FB08B1012052
:10AAE000CEE73220F9F740FF0020C9E7050000203B
:10AAF0002DE9F04F89B005460C4616461F46DDE9A4
:10AB000014ABDDE9128932480078FAF709FC0890A5
:10AB10003048007800F078FA0790B4F90A00B4F9E8
:10AB20000810B4F90620B4F90430CDE90232CDE9B9
:10AB30000410B4F90200B4F90010CDE90010294660
:10AB400025A0DDE90723F5F703FCE06800F060F8D5
:10AB500029A0F5F7FDFB206900F05AF826A0F5F7CB
:10AB6000F7FB606900F054F823A0F5F7F1FBA0694A
:10AB700000F04EF820A0F5F7EBFBE06900F048F894
:10AB80001DA0F5F7E5FB206A00F042F81AA0F5F7E2
:10AB9000DFFB304600F03CF817A0F5F7D9FB38464C
:10ABA00000F036F814A0F5F7D3FB404600F030F87B
:10ABB00011A0F5F7CDFB484600F02AF85B46524657
:10ABC0000E4801680EA0F5F7C3FB09B0BDE8F08F91
:10ABD0000000002001000020412C256C752C2573FD
:10ABE0002C25732C25642C25642C25642C25642CA1
:10ABF00025642C25642C00002C000000140000208B
:10AC00002C256C752C256C752C25730D0A00000005
:10AC10002DE9F04105460021284600F037FE0DD809
:10AC20001749284600F066FD07464FF07C5100F0BA
:10AC30008FFB064600F0C2FC04460CE01049284693
:10AC400000F058FD07464FF07C5100F0E3FE064649
:10AC500000F0B4FC0446002C03DA0AA0F5F778FBF8
:10AC600064424FF47A7094FBF0F100FB114694FBC0
:10AC7000F0F73246394604A0F5F76AFBBDE8F081EB
:10AC800000007A442D000000256C642E2530336CC2
:10AC90006400000010B508A0F5F75AFB0EA0F5F708
:10ACA00057FB14A0F5F754FB1AA0F5F751FB20A0B1
:10ACB000F5F74EFB10BD000048454C503A20636F3D
:10ACC0006D6D616E647320656E64207769746820B1
:10ACD00043524C460D0A0000535441545553207CB6
:10ACE0002043414C207C204C4F4720307C310D0AC2
:10ACF000000000004D4F4445205241577C444D50C8
:10AD00007C434F4D507C4B414C4D414E7C414C4C13
:10AD10000D0A0000535441544520535441544943B3
:10AD20007C54494C547C5348414B450D0A0000006B
:10AD3000524154452032307C35307C3130300D0A60
:10AD40000000000070B586B0114800684FF47A71B9
:10AD5000B1FBF0F60F48007800F056F904460E48B3
:10AD60000078FAF7DDFA05460C480068CDE902469E
:10AD7000019504900A48007800900A4803780A4830
:10AD800002780A4801780A48F5F7E2FA06B070BD81
:10AD90000800002001000020000000201400002016
:10ADA0000200002003000020040000200500002015
:10ADB000FCBC000810B5B2B00E48008800F400409A
:10ADC000B0B172B60B480088C0F30D04C72C00D395
:10ADD000C724224608496846F5F750FD00200DF8C3
:10ADE00004000449088062B66846F9F70FFE00BF08
:10ADF00032B010BD3C000020580C002010B5ADF55D
:10AE0000067D04460820059005A806A90EAA16ABE3
:10AE1000CDE90132CDE903101EA83EAB56AA62A9C6
:10AE200000907AA8FCF708FD18B101200DF5067D09
:10AE300010BDBDF8140008B90120F7E7BDF81400F3
:10AE4000401E0EAA52F820104FF07E5000F052FC27
:10AE5000206004480068BDF81410084401490860E7
:10AE60000020E3E7100000207FB504460E2269466B
:10AE70003B2000F071F810B1012004B070BD9DF8C6
:10AE800001009DF8001040EA012000B220809DF8EA
:10AE900003009DF8021040EA012000B260809DF896
:10AEA00005009DF8041040EA012000B2A0809DF842
:10AEB00009009DF8081040EA012000B2E0809DF8EA
:10AEC0000B009DF80A1040EA012000B220819DF895
:10AED0000D009DF80C1040EA012000B26081B4F929
:10AEE000000000F0A7FB05464FF08D4100F0A4FAEA
:10AEF000E060B4F9020000F09DFB05464FF08D4183
:10AF000000F09AFA2061B4F9040000F093FB0546C2
:10AF10004FF08D4100F090FA6061B4F9060000F046
:10AF200089FB05460B4900F087FAA061B4F90800D7
:10AF300000F080FB0546074900F07EFAE061B4F9B5
:10AF40000A0000F077FB0546024900F075FA20621E
:10AF5000002092E73333834170B504460D46164610
:10AF600033462A462146D020FEF7BAFA70BD0000CB
:10AF700010B5012291030248F7F7C8FC10BD00008C
:10AF8000000C014010B500224FF480410148F7F752
:10AF9000BDFC10BD000C014010B50122D1030248D8
:10AFA000F7F7B4FC10BD0000000C014010B5002202
:10AFB0004FF400410148F7F7A9FC10BD000C014017
:10AFC00010B54FF400410448F7F798FC012800D170
:10AFD00010BD0020FCE70000000C014070B50546E4
:10AFE00000F090FC044620F00040C0F1FF40C00F8C
:10AFF00008D025F00040C0F1FF40C00F04BF012081
:10B00000F5F768FD204670BD014621B1012904D045
:10B01000022906D103E004A0704705A0FCE706A0C2
:10B02000FAE707A0F8E700005354415449430000F1
:10B0300054494C54000000005348414B4500000067
:10B04000554E4B4E4F574E0030B58FB0054601243C
:10B05000282105A8F5F757FC14216846F5F753FC9D
:10B0600001200590000406900020079002200C901B
:10B07000C1030D910E9505A8F7F734FE04460CB1F7
:10B0800000BFFEE70F2000900220019000200290F8
:10B090004FF4806003900020049002216846F7F787
:10B0A000EBFC04460CB100BFFEE70FB030BD000062
:10B0B00010B5044609480A49086008464460002162
:10B0C0008160C160016181610C214161F8F702F981
:10B0D000012204490248F8F791F910BD00380140F7
:10B0E000200D00203E00002013B50446012301AAD4
:10B0F0002146D020FEF730FA1CBD000010B5002913
:10B100000AD00878002807D005487844F5F722FCD3
:10B11000002801D0002010BD0248784410BD000076
:10B120006A0C0000620C000010B500290AD00878F3
:10B13000002807D005487844F5F70CFC002801D01A
:10B14000002010BD0248784410BD00005A0C0000D9
:10B15000520C0000491058BFC1F140415B1058BF6C
:10B16000C3F140438B42EFF30080704751EA030C78
:10B1700017D41CF5801F58BFBCF5801F00F1068056
:10B18000994218BF704708BF9042704707D711F522
:10B19000801F58BF13F5801F19D499427047894208
:10B1A00070471CF5801F08D5BCF5801FF7D58B4272
:10B1B00018BF704708BF824270474FF4001C1CEB59
:10B1C000410F38BF1CEB430F01D28B42704770B563
:10B1D00000F008F8922449004FF000514FF08053DE
:10B1E000FFF7B8BF0EF1020E2EF0030E5EF8046BEF
:10B1F000364205D4012A43EB030515F5001F12D88A
:10B20000012841EB010C1CF5001F0CD80ED14FEAB0
:10B21000D17C15F5001F0CEB4C0C0CF1020C08BF97
:10B220004CEBD37C04E04FF0080C01E04FEAD37CF8
:10B230000CEB4C0526FA05F606F00706B6F1040CF1
:10B2400006D20EEB860CBDE870404CF0010C604756
:10B25000DFE80CF0090B02024FF000414FF0000054
:10B26000A1F5002170BD19461046012851EB0104DB
:10B2700018BFD4F5001484BF002001F0004170BD58
:10B280000808A0F500114FEA3101704753EA010C9C
:10B2900017D41CF5801F58BFBCF5801F00F1068035
:10B2A0008B4218BF704708BF8242704707D713F51B
:10B2B000801F58BF11F5801F19D48B4270479B42E5
:10B2C00070471CF5801F08D5BCF5801FF7D5994243
:10B2D00018BF704708BF904270474FF4001C1CEB2A
:10B2E000430F38BF1CEB410F01D2994270470FB496
:10B2F0000CBC03BCFFF76BBF43004FEAD30C4FEA13
:10B300003C0C43401FBF40070CF1605113F0FE4F4F
:10B3100070471CF0006F03D100200CF00041704713
:10B320000CF0004343EA507010B540EACC0000F046
:10B3300062FA00BF000000924FEA0001FFF7A0BFD1
:10B340004FF000414FF00000A1F5002170470000D0
:10B3500090EA010F48BF81F0004100F16283421A78
:10B360003CBF801A89184FEAD0524FF07F4C1CEA3C
:10B37000410FA2EBD15318BF9CEA026F00F03B8053
:10B380004FF0004C4CEA00204CEA012121FA03FC6A
:10B3900010EB0C0C1ED202F1FF325FEA1C2040EBD6
:10B3A000C25038BF70471CF07F0F4FEA400C18BFE7
:10B3B000BCF17F4F38BF7047C3F12003994008BFED
:10B3C00020F00100BCF17F4F38BF7047A0F1C040B2
:10B3D00000F057BA4FEA3C00000A40EBC25028BFC9
:10B3E0001CF0FF0F4FEA400CE6D018BFBCF17F4FB6
:10B3F00038BF7047EAE79CEA026F05D010EA5C0F9D
:10B4000008BF00F00040704710B500F0F4F900BF2D
:10B4100064FBBE3E014800F076BB00BF0000C07F69
:10B42000401058BFC0F14040491058BFC1F14041E1
:10B430008142EFF3008070474FF47F0C1CEAD0127A
:10B440001EBF1CEAD11392EA0C0F93EA0C0F00F016
:10B45000858090EA010F48BF42F4807240F4000CEE
:10B4600041F400002CF07F4120F07F4000B5814284
:10B47000A2EB03020FF2081CACEB504EC0F100002F
:10B480009EF800E04FEA4E0E00FB0EFC38BF49006C
:10B490004FEA2C1C02F5FA020CFB0EF34FEACE1E0B
:10B4A0004FEA112C4FEAC1210EEB635E42EB2242C0
:10B4B0000EFB0CFC4FEA1C5300FB03114FEA112C4E
:10B4C0004FEA01310EFB0CFC4FEADC4C00FB0C1187
:10B4D000C14228BF09184CEB03335DF804EB10EBB5
:10B4E000410143EBC250B2F57C0F38BF704729D5FC
:10B4F00012F0F00F1CBF00F1C04000F00040704798
:10B50000008182838485868788898B8C8D8E8F913C
:10B510009293959697999A9C9D9FA0A2A3A5A7A860
:10B52000AAACAEB0B2B3B5B7B9BCBEC0C2C5C7C98C
:10B53000CCCED1D4D7D9DCDFE2E6E9ECF0F3F7FAF0
:10B54000FE0000004FEA400C0CF1807CBCF17E4F05
:10B5500028BF7047B0F1C04000F093B990EA010FE6
:10B560000CEAD11348BF42F48072624538BF63458C
:10B5700007D213F47F0F16D080EA010000F00040DC
:10B58000704710B500F037F9097EFC3E00F005B8B1
:10B5900080EA010000F00040704780EA010000F0FE
:10B5A000004000F06EB912F47F0F04BF02487047EC
:10B5B00080EA010000F065B90000C07F41000B0E79
:10B5C000D3F19E0208D950F400034FEA032323FA73
:10B5D00002F048BF4042704710B500F00CF900BFC0
:10B5E00049922480002070476FF0004282EA2000D8
:10B5F00070470000C10DD1F19E0206DB4FEA002327
:10B6000043F0004323FA02F07047004207D54FEAA7
:10B610004001B1F1FE4F02D24FF00000704710B56B
:10B6200000F0E9F849922480002070476FEA20007A
:10B630007047000010F0004148BF4042B0FA80F36C
:10B6400010FA03F2C3F19D030BD051EAC35101EB91
:10B650001220530638BF704700F1010008BF20F0E8
:10B6600001007047B0FA80F310FA03F2C3F19D03B2
:10B670000AD0D90501EB1220530638BF704700F1FC
:10B68000010008BF20F001007047000050EA010CE3
:10B6900000F113801CF5000F58BFBCF5000F01D45A
:10B6A0008842704707D710F5000F58BF11F5000FFB
:10B6B00015D488427047894270471CF5000F04D5A5
:10B6C000BCF5000FF7D5814270474FF0807C1CEB32
:10B6D000400F38BF1CEB410F01D28142704710B5BB
:10B6E00000F089F8922449004FF000504FF080514B
:10B6F000FFF796BE4FF47F0C1CEAD0121EBF1CEA67
:10B70000D11392EA0C0F93EA0C0F00F0478090EAF5
:10B71000010F48BF42F480724FF0004C4CEA002009
:10B720004CEA012102EB0302A0FB0113A2F5000287
:10B73000002918BF43F001035B0028BF4FEA330321
:10B7400042EB22425FEA132C4CEBC2502EBFBCEB03
:10B75000436FB2F57C0F70474FEA036CBCF1004FAA
:10B7600008BF20F00100B2F57C0F38BF70470BD541
:10B7700082F0FF0212F5803FC8BF704700F1C04061
:10B78000D8BF00F00040704700F5000C5FEA4C0C99
:10B7900048BF7047B0F1C04000F073B890EA010FA5
:10B7A0000CEAD11348BF42F48072624538BF63454A
:10B7B00004D280EA010000F00040704710B500F0AC
:10B7C0001AF800BF8900013E00F007B800F009B880
:10B7D0005FEA410C5FEA1C6C08D080EA010000F0CF
:10B7E00050B85FEA400C5FEA1C6CF6D14FF00040A5
:10B7F000A0F5800070470EF1020E2EF0030E5EF8E9
:10B80000044B244204D44FEA4102B2F17F4F11D8D5
:10B810004FEA4003B3F17F4F0CD80ED14FEAD07CF2
:10B82000B2F17F4F0CEB4C0C0CF1020C08BF4CEB4F
:10B83000D17C04E04FF0080C01E04FEAD17C0CEB26
:10B840004C0324FA03F404F00704B4F1040C06D208
:10B850000EEB840CBDE810404CF0010C6047DFE8B3
:10B860000CF0070802024FF00040A0F5800010BD68
:10B870000846420018BFD2F1807288BF00F0004035
:10B8800010BDFF2141EAD050C005704751EA000CBD
:10B8900000F113801CF5000F58BFBCF5000F01D458
:10B8A0008142704707D711F5000F58BF10F5000F00
:10B8B00015D481427047894270471CF5000F04D5AA
:10B8C000BCF5000FF7D5884270474FF0807C1CEB29
:10B8D000410F38BF1CEB400F01D28842704780EA0D
:10B8E000010081EA000180EA0100FFF7F8BE80F064
:10B8F000004090EA010F7FF532AD81F0004100F089
:10B9000090B800004FEAD051002988BFD1F1FF0262
:10B9100040F2758001F17D014FEA002070B54908C1
:10B9200040F0004038BF40080EA2430E040CD25C29
:10B9300002FB02F304FB03F3C3F14043A3FB0254F5
:10B94000ED0D45EA442202FB02F3A0FB03546D42D5
:10B95000C4F1404438BF641EA2FB05350023E2FB5E
:10B960000453EA0B42EA4342A0FB023212F14004C4
:10B97000A2F12103E40903F07F031F2B32D904EB6A
:10B98000C15070BDFEFAF7F3F0ECE9E6E4E1DEDC6D
:10B99000D9D7D4D2D0CECCCAC8C6C4C2C1BFBDBC10
:10B9A000BAB9B7B6B4B3B2B0AFAEACABAAA9A8A798
:10B9B000A6A4A3A2A1A09F9E9E9D9C9B9A999897A6
:10B9C000979695949393929190908F8E8E8D8C8C68
:10B9D0008B8A8A89898887878686858484838382FF
:10B9E0008281818004FB04F6B6EB004603D5E64273
:10B9F00048BF641CC3E7A64258BF641CBFE711F0F0
:10BA0000FF0F02D100F00040704710B5FFF7F3FEC2
:10BA10007FDBFFBE90EA010F48BF81F000413FF598
:10BA20009EAC421A04D882F00042A0EB02001144FE
:10BA30004FEAD0524FF07F4C1CEA410FA2EBD1539A
:10BA400018BF9CEA026F4AD04FF0004C4CEA00202D
:10BA50004CEA012121FA03FCB0EB0C0C0FD412F0DC
:10BA6000FE0F36D05FEA4C001DD5001240EBC250ED
:10BA700038BF70471CF03F0F18BF70470BE0A2F1B2
:10BA800001025FEA1C2040EBC25038BF70471CF037
:10BA90007F0F18BF7047C3F12003994014BF401EA9
:10BAA00020F00100704780084FEA122308BF70475A
:10BAB000B0FA80FCA2EB0C02CCF1280C60FA0CF07E
:10BAC00093EA122F04BF00EBC25070474FEAC370D5
:10BAD0007047130A5FEADC1008BF7047F6E79CEA7C
:10BAE000026F04D010EA5C0F08BF0020704710B549
:10BAF000FFF781FE40DFF63E81F000407047F5F72A
:10BB00000CBBF5F741BC0CF00F03092B08BF082054
:10BB100000F051800A2B0BD0082B18BF704708BFCC
:10BB20001CF0400F0AD04FF000004FF000017047AA
:10BB30001CF0400F18BF4FF0004070471CF0100F72
:10BB400008D020F0704300F07F4242EAD3014FEA70
:10BB50004370704700F0604021F07F4242EA0002EB
:10BB600001F07F4040EA727070474FF0FF0212EA26
:10BB7000D0521CBF92F0FF038B42C2BFD14200EBF8
:10BB8000C1507047002A0AD0002B0BD0002900F0CA
:10BB90000040A4BF40F0FE4040F40000704700F0B9
:10BBA0000040704743024FF00B0C18BF4CF0806C04
:10BBB0007FF430AC70471CF4801F11D01CF4E02FD0
:10BBC00003D06FEACC31490070474FF04050EFF39B
:10BBD000008222F0704242EA000282F3008870473D
:10BBE0004FF000007047000000000000000001025C
:10BBF00003040607080900000000010203043031B5
:10BC00003233343536373839414243444546403083
:10BC10005800303132333435363738396162636435
:10BC20006566403078000400000800000000000055
:10BC300000020001000010000000000000000000F1
:10BC40003031323334353637383961626364656692
:10BC50007870003031323334353637383941424329
:10BC6000444546585000000002400000000000A07B
:10BC70000000000005400000000000C800000000B7
:10BC80000C4000000000409C000000001940000033
:10BC90000020BCBE0000000034400000BFC91B8E65
:10BCA00000000004B5400000504BCFD06607E2CF43
:10BCB000010000006C4100003E8251AADFEEA73473
:10BCC00001000000D9420000DCB5A0E23A301F9725
:10BCD000FFFFFFFFB4450000FD25A0C8E9A3C14F49
:10BCE000FFFFFFFFFF3F000000000080000000009A
:10BCF000FF3F00000000008000000000535441544A
:10BD000055532C57484F5F414D5F493D30782530A2
:10BD100032582C7261773D25752C646D703D257508
:10BD20002C6C6F673D25752C6D6F64653D25732CFC
:10BD300073746174653D25732C726174655F687AF4
:10BD40003D256C752C646D705F687A3D256C750DB2
:10BD50000A000000A0BE000800000020400C000007
:10BD60006C010008E8C70008400C0020B00B000080
:10BD7000C80100081C00000043000000F8FFFFFF9E
:10BD80000C0000000E0000000F0000002E0000005C
:10BD90001001000043000000F8FFFFFF004040409A
:10BDA000404040404040414141414140404040408E
:10BDB000404040404040404040404040400502023A
:10BDC00002020202020202020202020202202020F9
:10BDD0002020202020202002020202020202909055
:10BDE0009090909010101010101010101010101053
:10BDF00010101010101010100202020202028888A7
:10BE000088888888080808080808080808080808B2
:10BE1000080808080808080802020202400000009A
:10BE20000000000000000000000000000000000012
:10BE30000000000000000000000000000000000002
:10BE400000000000000000000000000000000000F2
:10BE500000000000000000000000000000000000E2
:10BE600000000000000000000000000000000000D2
:10BE700000000000000000000000000000000000C2
:10BE800000000000000000000000000000000000B2
:10BE900000000000000000000000000000000000A2
:10BEA00012045201022814031124F4321019463AE4
:10BEB000701F311202320312652454FFEF13FA800F
:10BEC000140B1282101701030C30C30E8C8CE91472
:10BED000D5400213710F8E3883F883304DF88325D7
:10BEE0008E081AFF01160FFEA9D6241204351A82F5
:10BEF00079A14C3CFFFF5E1538836FA22D3E0330C5
:10BF0000405D26CAE3093E807220291442602A0C53
:10BF10000423186E401706920A16C0DFFFFF025670
:10BF2000FD8CD377FFE1C496E0C5BEAA25FFFF0BC9
:10BF30002B2316572B03593821131DFA44026C1D6D
:10BF4000153FFFDFEB143EB3B6240D2278532F3C90
:10BF5000241942B52339A2300CB365D90E9FC91DEF
:10BF6000CF4C34303250153BB67AE8326462C8198F
:10BF7000A7190414FA92101B225E44129F32011A70
:10BF8000327422464B63D4201B04D6044ACC0419D5
:10BF9000125A72BF61120612021205520729586125
:10BFA0001A05027A64ED79F242031C32F898602295
:10BFB000651B830F08032B9BFC6A107922061BB2BA
:10BFC0006A7A211401FB83326813D9FC557CF1FF96
:10BFD00083195C112B6403E8322842258B16A0EEEE
:10BFE00011422F3B01F40C19222808FFFF4581FF65
:10BFF000FFFAD8612A44C013BAC62C4778A229791F
:10C0000073211A144F124D1C2F706DE312AE0411E0
:10C010000C02D0F21B3264025B08A9701A0E0211E6
:10C02000130AC752042632FFFFFF9C330B2B5A0220
:10C03000C8041164FFE549E059E6118B01800494BE
:10C040002426D312061210129602103C0011180C6E
:10C050000A4E68CDCF770950166759C619CE82149B
:10C0600017D784B203000918C7938F9D1E1B1C1994
:10C07000250203188542402937793B3912012F00E8
:10C080000D10677DDF7E72902E554CF6E6881817EE
:10C09000D8DCB4B8B0D8B9ABF3F8FAB3B7BB8E9E5E
:10C0A000AEF132F51BF11418098097F1A9DFDFDF3B
:10C0B000AA04180AF2AAC5CDC7A90CC92C13103CB2
:10C0C00089264666B28999A92D557DB0B08AA89671
:10C0D000365676F1BAA3B4B280C0B8A89711B2832D
:10C0E00098BAA3F0240844106418B2B9B49883F144
:10C0F000A329557DBAB5B1A38393F018292850F52B
:10C10000B2B6AA839328547CF1B9A3829361BAA2F0
:10C11000DADEDFDB819AB9AEF5606870F1DABAA2D7
:10C12000DFD9BAA2FA1C1E92DB31BAA20C180FF8A2
:10C13000DF85A4D0C1BBAD83C2C5C7B8A28C1BBA72
:10C14000A005183AD8D8F1B8AAB38DB4980D355DCA
:10C15000B2B6BAAF8C96198F9FA70E161EB49AB8B6
:10C16000AA872C547CBAA4B08AB691325676B2848F
:10C1700094A4C808CDD8B8B4B0F19982A8B61B98D9
:10C18000A8281AA224187C92A4F02C5078F184A834
:10C1900098C4CDFCD80DDBA8FC2DF3D9BAA6F8DAEB
:10C1A000BAA6DED8BAB2B68696A6D0F3C841DAA649
:10C1B000C8F8D8B0B4B882A892F52C548898F13554
:10C1C000D9F418D8F1A2D0F8F9A884D9C7DFF8F8C3
:10C1D00083C5DADF69DF83C1D8F40114F1A8824E88
:10C1E000A884F311D182F5D992289788F109F41C1B
:10C1F0001CD884A8F3C0F9D1D99782F129F40DD8BD
:10C20000F3F90C180982F4C203D8DEDF1A4A1AFACD
:10C21000493A984A2CF883C74B3CF883C34C7D9825
:10C22000A8822E4D4A504D394C4AF84D8A494D2A24
:10C23000C44D1881D8F1AD8898CCA809F9D982925B
:10C24000A8F57CF1883ACF944A6E98DB6931DAAD73
:10C25000F2DEF9D88795A8F221D1DAA5F9F417D939
:10C26000F1AE8ED0C0C3AE82C684C3A88595C8A5E2
:10C2700088F2C0F1F4010EF18E9EA8C63E56F55428
:10C28000F18872F40115F19845856EF58E9E04884B
:10C29000F142985A8E9E068869F4011CF1981E118D
:10C2A00008D0F504F11E970202983625DBF9D985EE
:10C2B000A5F3C1DA05280CDFD88595A8F309DAA51E
:10C2C000FAD884682D78F1881A849F26889821DA14
:10C2D000F41DF3D8879F39D1AFD9DFDFFBF9F40C18
:10C2E000F3D8FAD0F8DAF9F9D0DFD9F9D8F40BD8C5
:10C2F000F31D2929181EFAFCA869F9F9AFD0DADE76
:10C30000FAD9F88F9FA8F1CCF398DB45D9AFDFD0ED
:10C31000F8D8F1102820CAF38809DAAF8FCBF8D803
:10C32000F2AD978D0CD9A5DFF9BAA6F3FAF412F2A3
:10C33000D8950DD1D90C1DDAA5F2C1081810DFD897
:10C34000F1BAB2B68696A6D0CAF349DAA632280F59
:10C35000B0B4B8D8AD84F2C0DFF18FCBC3A81C381D
:10C3600043C8C1CBC3F3B0B48898A821DB718D9DBD
:10C3700071859521D9ADF2FAD88597A828D9F40806
:10C38000D8F28D29DAF405D9F285A4C2F2D8A88DA5
:10C390009401D1D9F411F2D88721D8F40AD8F284C3
:10C3A00098A8C812580BD8F3A4C8BBAFD0F2DEF8D7
:10C3B000012812D8F1B8F6B5B9B08A95A3DE3CA32E
:10C3C000D9F8D85C052A7C051835F8F9D1A5D9DF4C
:10C3D000DAFAD8B18530F7D9DED8F830ADDADED860
:10C3E000F2B48C99A32D557DA083DFDFDFB591A03A
:10C3F000F629D9FBD8A0FC29D9FAD8A0D051372FDB
:10C40000FC51D9F9D879151CD0FC79162BA1F9016A
:10C410001BA0DA2F3BD8A173180EACDEF8ADDE837B
:10C4200093AC2C547CF1A8171815F69D2CDAA0DFDC
:10C43000D9FADB2DF8D8A850DAA0D0DED9D0271B46
:10C44000DB550F1A780F2DDFD9D0FA381810DB7DA5
:10C45000F8D89CA88CF530DB38D9D0DEDF28180C52
:10C46000DFD8A848DB58D9DFD0DEA004180AD8A846
:10C4700068DB70D9DFDFA06A1DF1A8889060081D15
:10C480001198A8D05C38D1DAF2AE8CDFF9D8B08739
:10C49000A8C1C1B188A8C6F9F9DA36D8A8051FF72E
:10C4A0008D9DADF8182F1028DFD8F7ADFA30D9A43C
:10C4B000DEF9D8F2AEDEFAF983A7D9C3C5C7F18891
:10C4C0009BA77AADF7DEDFA4F8849408A797F3184A
:10C4D00022AEF29819A488C6A39488F632DFF283BC
:10C4E00093DB09D9F2AADFD8D8AEF8F9D1DAF3A4F0
:10C4F000DEA733180C7AD8F38494AE19F9DAAAF1CE
:10C50000B01B81C049280EA39283F628ADDED9F86E
:10C51000D8A350AD062A780619341CA1DADE1F28EC
:10C520000BD8A18194F818F2B089AC751034D8B842
:10C53000B4B09786A8319B069907AB9728889BF0E3
:10C540000C201440B0B4B8F0A88A9A285078B79B51
:10C55000A8295179247059446938644831F1BBAB3A
:10C560008819FB1FF0B38BB8A804202817F1B088F6
:10C57000B49726A85998BBABB38B02264666B0B8D1
:10C58000F08A9C341A8B041A8A391E8B2058718ABF
:10C590003E1E8B3940688A4338088B30496088F1E9
:10C5A000AC464A8C443A88422BAC8C403BF0893EE6
:10C5B00079721018A98809205970AB11384069A800
:10C5C000193148608CA83C415C207C183BF187986D
:10C5D0001986A86E767EA999882D557DD8B1B5B9F2
:10C5E000A3DFDFDFAED0DFAAD0DEF2ABF8F9D9B03F
:10C5F00087C4AAF1DFDFBBAFDFDFB9D8B1F1A39702
:10C600008E60DFB084F2C81B4833DED89385F14AD0
:10C61000B183A308B5839A0810B79F10D8F1B0BAB8
:10C62000AEB08AC2B2B68E9EF1FBD9F41DD8F9D94C
:10C630000CF1D8F8F8AD61D9AEFBD8F40C1A190C8E
:10C640001DDFD8F4160D181DAD8D61D9F4F4ACF5CD
:10C650009C9C8DDF2BBAB6AEFAF8F40BD8F1AED0B5
:10C66000F8AD51DA0D1814F1D8B9B1B6A3839C080E
:10C67000B9B1839AB5AAC0FD308366180BB58B9308
:10C68000F20202D1ABDADE70282080BAABC0C3B2AE
:10C6900084C1C3D8B1B9F38BA391B609B4D9ABDEC9
:10C6A000B0879CB9A3DDF1B38B011CB087A3012E29
:10C6B000B28BB69BF20949018810F1B087B59AA3F5
:10C6C000F39BA3A3DCBAACDFB91949011842D8D84F
:10C6D000D8BBB3B7F1AAF9DAFFD9809AAA28B480F7
:10C6E00098A720B79787A86688F07951F1902C8792
:10C6F0000CA781976293F07171608594012951793B
:10C7000090A5F1284C6C870C95188578A383900C24
:10C7100017886CD8F3A2821830F210A8921980A260
:10C72000F2D926D8F188A84DD948D896A83980D909
:10C730003CD89580A839A68698D92CDA87A72CD81A
:10C74000A8899519A980D93809281339A980DA3C14
:10C75000D8A82EA83990D90CD8A895319807181DBB
:10C7600009D9FFD801DAFFD89539A9DA26FFD89080
:10C77000A80D8999A810809821DA2ED80A1B31803B
:10C78000084CA88696084A870728088292F34180B9
:10C79000F1D90A3BF31909102782ACF3C0A2802219
:10C7A000F1A62EA72EA92298A829DAACDEFFD8A2DE
:10C7B000F22AF1A92E8292A8F23180A696F1D91818
:10C7C00009AC8C9C0C30ACDED01C10188C9CACD00E
:10C7D00010ACDE8092A2F24C82A8F1CAF235F1963A
:08C7E00088A6D914D8F1FF006E
:0400000508000131BD
:00000001FF
