:020000040800F2
:100000005020002015020008555000084B3F000802
:10001000ED4F00080D0A00082165000800000000EF
:10002000000000000000000000000000355C000837
:10003000590F00080000000097570008A95C00084D
:100040002F0200082F0200082F0200082F020008CC
:100050002F0200082F0200082F0200082F020008BC
:100060002F0200082F0200082F0200082F020008AC
:100070002F0200082F0200082F0200082F0200089C
:100080002F0200082F020008150700082F020008A1
:100090002F0200082F0200082F0200081511000887
:1000A0002F020008295D00082F0200082F02000817
:1000B000355D00082F020008415D00082F0200088E
:1000C0002F0200082F0200082F0200082F0200084C
:1000D0002F020008ED6400082F02000815650008D3
:1000E0002F0200082F0200082F0200082F0200082C
:1000F0004D5D00082F0200082F0200082F020008A3
:100100002F0200082F0200082F0200082F0200080B
:100110002F020008F96200082F0200082F020008D1
:100120002F0200082F0200082F0200082F020008EB
:1001300000F002F800F05FF80AA090E8000C82449A
:100140008344AAF10107DA4501D100F054F8AFF277
:10015000090EBAE80F0013F0010F18BFFB1A43F0A5
:100160000103184724CC000044CC00000A444FF09F
:10017000000C10F8013B13F0070408BF10F8014B06
:100180001D1108BF10F8015B641E05D010F8016B4B
:10019000641E01F8016BF9D113F0080F1EBF10F8AF
:1001A000014BAD1C0C1B09D16D1E58BF01F801CBD2
:1001B000FAD505E014F8016B01F8016B6D1EF9D555
:1001C0009142D6D37047000000230024002500266A
:1001D000103A28BF78C1FBD8520728BF30C148BFAA
:1001E0000B607047642900F09980002070471FB5AC
:1001F0001FBD10B510BD00F05FFA1146FFF7F7FF05
:1002000008F0AEF800F07DFA03B4FFF7F2FF03BC8C
:1002100006F0D4FB0948804709480047FEE7FEE79F
:10022000FEE7FEE7FEE7FEE7FEE7FEE7FEE7FEE7A6
:1002300004480549054A064B70470000275D000841
:1002400031010008501A002050200020501C0020CE
:10025000501C002010B54C1084EA530404D54042D1
:10026000C1F1000138BF491E1B4204D55242C3F1FF
:10027000000338BF5B1E00F00DF914F0804F04D06E
:100280004042C1F1000138BF491E14F0004F04D0B4
:100290005242C3F1000338BF5B1E10BD0FB40449C6
:1002A00010B503AA029800F0D1F910BC5DF814FB58
:1002B000940000202DE9F0410E4604460020206203
:1002C0002046E168884730B3252805D0D4E90121CC
:1002D0009047206A401CF2E7E168204600278847E3
:1002E000050018D0A5F14100192802D820354FF497
:1002F00000673246294620462760FFF773FF40B16A
:10030000012804D0F61D26F007060836D8E7361D6A
:10031000D6E72846DAE7206ABDE8F0812DE9F0410A
:100320000646002410687529314616A510D0AFF393
:100330000080002802DA404213A507E031688A07EE
:1003400001D512A502E0490704D511A5012401E059
:10035000AFF3008000210A2206F1240709E0B0FB78
:10036000F2FCB0FBF2F302FB1C003030785418466C
:10037000491C0028F3D123462A463046BDE8F04107
:1003800000F00AB9000000002D0000002B00000062
:100390002000000040EA010310B59B070FD1042A9A
:1003A0000DD310C808C9121F9C42F8D020BA19BA40
:1003B000884201D9012010BD4FF0FF3010BD1AB1A5
:1003C000D30703D0521C07E0002010BD10F8013BFA
:1003D00011F8014B1B1B07D110F8013B11F8014B21
:1003E0001B1B01D1921EF1D1184610BD02F0FF0374
:1003F00043EA032242EA024200F002B84FF0000250
:100400000429C0F0128010F0030C00F01B80CCF126
:10041000040CBCF1020F18BF00F8012BA8BF20F894
:10042000022BA1EB0C0100F00DB85FEAC17C24BFE8
:1004300000F8012B00F8012B48BF00F8012B704792
:100440004FF0000200B5134694469646203922BF6D
:10045000A0E80C50A0E80C50B1F12001BFF4F7AFB8
:10046000090728BFA0E80C5048BF0CC05DF804EB9A
:10047000890028BF40F8042B08BF704748BF20F808
:10048000022B11F0804F18BF00F8012B7047704706
:100490007047704753EA020C00F069802DE9F04B79
:1004A0004FF00006002B1FBFB3FA83F503FA05F4E3
:1004B00024FA05F65E4012BF1643B2FA82F502FA3C
:1004C00005F4C5F120051EBF22FA05FC44EA0C0420
:1004D000203556EA044C4FEA144418BF641C4FF010
:1004E00000084FF00009904271EB030C39D300294A
:1004F00019BFB1FA81F701FA07F6B0FA80F700FAEE
:1005000007F6C7F120071EBF20FA07FC46EA0C06D3
:100510002037B6FBF4FCA7EB0507103F07F01F0BD5
:10052000CBF120060CFA0BFB2CFA06F644BFB346BF
:100530000026202FA4BF5E464FF0000B5BEA060C9E
:1005400008BF4FF0010B19EB0B09ABFB027C48EB2A
:100550000608C01B06FB02CC0BFB03CC71EB0C01A5
:10056000C1E70B46024641464846BDE8F08B13B54D
:100570004FF000004FF00001AFF30080BDE81C40D9
:10058000704710B500F074F8006810BD10B504464F
:1005900000F06EF8046010BD2DE9F0470D46994655
:1005A0009246044600F124080168880604D5E069F3
:1005B00021F01001216000E00120A84201DD471B6D
:1005C00000E00027A1697A1902EB0900081AA0616E
:1005D0002078C00602D42046AFF30080002608E051
:1005E000D4E901211AF806009047206A401C761CC5
:1005F00020624E45F4DB2078C0060AD52046AFF3D2
:10060000008006E0D4E9012130209047206A401C98
:100610002062381EA7F10107F4DC07E0D4E90121CC
:1006200018F805009047206A401C2062281EA5F19A
:100630000105F3DC2046AFF300802078000602D5E8
:100640000220BDE8F0870120FBE70000074B70B5F2
:100650000D467B4400F015F80446284600F024F8C7
:1006600010B14FF0FF3070BD204670BD37770000ED
:1006700000487047EC19002001694A1C02610878A3
:10068000704700B58FB0CDE90131002105910549D2
:100690007944CDE9031011466846FFF70BFE0FB011
:1006A00000BD0000E5FFFFFF007B00F08000704709
:1006B00000487047EC1900207546FFF7F9FFAE4679
:1006C00005006946534620F00700854618B020B55E
:1006D000FFF7AEFDBDE820404FF000064FF00007E9
:1006E0004FF000084FF0000B21F00701AC46ACE8DA
:1006F000C009ACE8C009ACE8C009ACE8C0098D4647
:10070000704710B50446AFF300802046BDE81040A6
:10071000FFF77ABD10B5044801F098F8BDE8104025
:10072000024801F093B800000803002038030020BD
:1007300070B5044600688168C943C90717D181684C
:1007400021F00101816001F0D3FD05460AE000BF00
:1007500001F0CEFD401B022804D920688068C04308
:10076000C00706D020688068C043C007F0D00020D2
:1007700070BDA06A40F01000A062E06A40F0010085
:10078000E062012070BD0000F8B500260446009626
:1007900000688168C943C9072DD0816841F0010113
:1007A0008160164816490068B0FBF1F000E0401E79
:1007B00000900028FBD101F09BFD054616E000BF2C
:1007C00001F096FD401B022810D920688068C043C4
:1007D000C0070BD0A06A40F01000A062E06A40F0B1
:1007E0000100E06284F824600120F8BD2068806880
:1007F000C043C007E4D10020F8BD000098000020ED
:1008000040420F002DE9F04F4748032187B00068B0
:100810004000A0F6AC0090FBF1F6002E01DA0026B5
:1008200002E0642E00DD6426404CA0680AF04CFA19
:100830003F4DDFF800812A46434609F035FF09F0B5
:100840009DFE070000D5474260680AF03DFA2A463F
:10085000434609F029FF09F091FE050000D5454205
:100860002078F0B100202070334C217801291AD073
:1008700000284DD0314800680AF088FB0546304812
:1008800000680AF083FB04462E4800680AF07EFBED
:1008900007B02B462246BDE8F04F01462AA0FFF7DD
:1008A000FDBC0120DFE72C4800680AF06FFB83469F
:1008B0002A4800680AF06AFB8246294800680AF064
:1008C00065FB8146274800680AF060FB80462648A1
:1008D00000680AF05BFB0746244800680AF056FBF4
:1008E0000646234800680AF051FB05462148006887
:1008F0000AF04CFB8DE8C00F02461F482B460188CA
:100900001EA0FFF7CBFC0020207007B0BDE8F08FE1
:10091000224800680AF03AFB009033463A462946DE
:100920001FA0FFF7BBFCF0E76C000020FC010020DB
:100930009A9999999999F13F49000020F80100206E
:10094000DC010020D80100207B4225643A25643A6E
:1009500025647D24000000003400002030000020C9
:100960002C0000202800002024000020200000206F
:100970001C000020180000200C0000207B43256490
:100980003A25643A25643A25643A25643A25643A5E
:1009900025643A25643A25647D2400007000002017
:1009A0007B4125643A25643A25643A25647D240018
:1009B00070B5044610480D4600680AF023FB214636
:1009C0000AF088FC0D49044685F0004009680AF0E9
:1009D00079FB0B490AF018FA05460B4809490068EB
:1009E0000AF012FA21460AF06DFB29460AF072FC61
:1009F000BDE870400AF0CABA040000201C000020C4
:100A00000000C8420000C8C218000020FEE7000035
:100A100010B50B4B4FF4004158B10A4C2268521CE0
:100A20002260824204DB184601F055FC0020206061
:100A300010BDBDE810400022184601F054BC000073
:100A4000000801409C00002070B518480078052877
:100A50001DD117480088012819D0164800880128A0
:100A600015D0154C00256079401CC0B26071042877
:100A70000ED000D9657100F071FA104C68B11048C1
:100A8000007888B15FF00000FFF7C2FF256070BDFD
:100A900004F026FF00F044FBECE70A482060BDE8C4
:100AA00070400020FFF7B4BF6420EDE71000002085
:100AB0003C0000203E000020A80100204C00002047
:100AC0000E000020000096432DE9F0410F46104E25
:100AD000104C40380AF096FA0546214638460AF08E
:100AE000F1FA0446314628460AF0ECFA21460AF0AB
:100AF00017F9044600F032FA012803D106480078BD
:100B000000B900242046BDE8F0410AF03FBA0000D9
:100B10000000F0418FC2F53D0E000020024610B5E6
:100B20000020012903D000290BD10A4B0EE0094B0C
:100B30000021323B03E05C5C6040491CC9B2914239
:100B4000F9D310BD5C5C6040491CC9B29142F9D335
:100B500010BD0000581800202DE9F0410D4C0A4648
:100B600007460B4E104621680AF0ACFA216B0AF0DA
:100B7000D7F8014608480AF0A5FA05463146384636
:100B80000AF0A0FA29460AF0CBF82063BDE8F0810C
:100B90000AD7A33C3402002048E17A3F2DE9F04116
:100BA0000D4C0A4607460B4E104621680AF08AFA99
:100BB000216E0AF0B5F8014608480AF083FA0546A6
:100BC000314638460AF07EFA29460AF0A9F820662E
:100BD000BDE8F0810AD7A33C3402002048E17A3F07
:100BE000F8B500266B46012275216820009607F0B3
:100BF00031FB334F0120387032A0FFF74FFB9DF8D7
:100C0000000068280CD0BFF34F8F37480168374A7F
:100C100001F4E06111430160BFF34F8F00BFFDE7B6
:100C200007F0BAFC002848D1782008F073F910B911
:100C300024A0FFF733FB782007F0E0FB10B92CA0CD
:100C4000FFF72CFBC82008F025F910B932A0FFF7F8
:100C500025FB06F047FD10B939A0FFF71FFB4548FB
:100C6000044607F059FB0546E01C07F055FB45EA32
:100C7000C005A01D07F050FB45EA801080B206F0C9
:100C8000E1FE10B93CA0FFF709FB40F2731006F03B
:100C900001FC10B942A0FFF701FBC82006F03AFEA4
:100CA00010B949A0FFF7FAFA09F06CF9012008F031
:100CB00017F810B94DA0FFF7F1FA3E70F8BD00002B
:100CC0000F0000206D70755F7365745F73656E73E0
:100CD0006F7220636F6D706C657465202E2E2E2EE2
:100CE0002E2E0D0A000000000CED00E00400FA05B5
:100CF0006D70755F636F6E6669677572655F666953
:100D0000666F20636F6D706C657465202E2E2E2EBD
:100D10002E2E0D0A000000006D70755F7365745F04
:100D200073616D706C655F7261746520636F6D7067
:100D30006C657465202E2E2E2E2E2E0D0A000000BE
:100D4000646D705F6C6F61645F6D6F74696F6E5F0F
:100D50006472697665725F6669726D77617265202B
:100D6000636F6D706C657465202E2E2E2E2E2E0DE9
:100D70000A000000EC010020646D705F7365745F11
:100D80006F7269656E746174696F6E20636F6D70E8
:100D90006C657465202E2E2E2E2E2E0D0A0000005E
:100DA000646D705F656E61626C655F6665617475C8
:100DB000726520636F6D706C657465202E2E2E2E0B
:100DC0002E2E0D0A00000000646D705F7365745F65
:100DD0006669666F5F7261746520636F6D706C65C4
:100DE0007465202E2E2E2E2E2E0D0A006D70755F2E
:100DF0007365745F646D705F737461746520636F95
:100E00006D706C657465202E2E2E2E2E2E0D0A0010
:100E100070B5164800680AF0F5F8154909F0F4FFB6
:100E2000044614480121006800F06CF812480A21B9
:100E30000068B0FBF1F00AF0FDF8022100F062F862
:100E40000321204600F05EF8032000F01BF80B4A57
:100E500000210B4C131D06E015686D06FCD5655C82
:100E60001D60491CC9B28142F6D370BD6C000020E0
:100E70000000C842700000207C00002000380140C3
:100E8000B01900200A2839D890B31D4924220B2814
:100E90000A7033D2DFE800F032060A0E12161A1E6C
:100EA00022272D000520487106207047092048722E
:100EB0000A2070470D2048730E2070471120487497
:100EC0001220704715204875162070471920487663
:100ED0001A2070471D2048771E207047212081F876
:100EE000210022207047252081F825002620704708
:100EF00004E0292081F829002A20F8E70020F6E7FD
:100F0000B019002003B50A2912D8002910D00B29E6
:100F10000ED2DFE801F00D06080E10121416181A92
:100F20001C00012200E005220A49684600F076F91B
:100F30000CBD0922F8E70D22F6E71122F4E715228D
:100F4000F2E71922F0E71D22EEE72122ECE7252245
:100F5000EAE70000B019002070470000F0B5134820
:100F60000021007801281ED1114C124D124A134F56
:100F7000002040F2BB2600BF02EBC0035B682344A5
:100F8000AB4208D332F83030A3F1010CB44502D2A1
:100F9000491CC9B23B60401CC0B2E128ECD3032914
:100FA00001D90120F0BD0020F0BD00001400002098
:100FB000000060BE01000A02E00C00207C0000205E
:100FC00070B50AF07CF90D4E0446B1690AF082F959
:100FD0000B4909680AF076F80A4909F015FF054639
:100FE0000948214600680AF06DF8084909F00CFF2D
:100FF00029460AF06FF9B46170BD0000A800002016
:10100000340000200000C842300000200000C8C2A8
:101010000020401C0A28FCDB7047000070B51F4808
:101020000078042830D11E48008801282CD01D48A3
:101030000088012828D0042000F03CF91A4CE06018
:10104000052000F037F920610F2000F033F96061CE
:101050002369E26803EBC30101EB031102EB810595
:10106000C72101FB00511A44104491FBF0F0A0612C
:10107000FFF774FF0D4C40B10D48007860B10020BF
:10108000FFF7C6FC0020206070BD0A482060BDE864
:1010900070400020FFF7BCBC6420F1E71000002086
:1010A0003C0000203E000020A80100204C00002051
:1010B0000E000020000096432DE9F041134814462D
:1010C000104E8069104F643809F09CFF0546394680
:1010D000204609F0F7FF044685F00040314609F04C
:1010E000F1FF21460AF0F6F80446FFF737FF012822
:1010F00003D10748007800B900242046BDE8F0413C
:1011000009F044BF00007042CDCC4C3EA801002045
:101110000E0000204FF4007000F0D0BF72B6FEE762
:1011200070B53A4A3A4C0F231088E080237001468C
:10113000267832F816508D4200D32946761CF5B237
:1011400025707B2DF4D3E18020812370257832F83F
:101150001560864200D830466D1CEDB225707B2D9F
:10116000F4D3208108442B49C0F347000870237052
:10117000237832F81310814212D902EB43014D88D3
:1011800085420DD98D8885420AD9CD88854207D2FE
:101190000D89854204D24989814201D2A37004E0BD
:1011A0005B1CD9B221707629E2D376216170CBB273
:1011B00032F81310814212D202EB43014D8885426E
:1011C0000DD28D8885420AD2CD88854207D90D89F6
:1011D000854204D94989814201D9E37004E05B1E4C
:1011E000D9B261700F29E2D8E078A1780A4D08449D
:1011F000400828702179401A07F012FF5A2801DDB3
:10120000207928702878207170BD00009018002087
:10121000A8010020910000209000002003788B544A
:10122000114443784B7082788A70C078C8707047D8
:101230002DE9F0410AF043F8194C05461949A0621E
:10124000206B884202DC1849884200D92163284675
:10125000616B0AF03FF8A16809F034FF0646216B84
:10126000E06809F02FFF07466068294680F00040DB
:1012700009F028FF39460AF02DF831460AF02AF81D
:101280006563E062094801680948006805F000F8F4
:10129000012801D100202063E06ABDE8F081000050
:1012A000A800002000007A4400007AC46C000020EE
:1012B000700000203EB56946009007200290012092
:1012C00001900A4800F03EFA084800F0AFFC1E21E9
:1012D000064800F00DFC054800F0B3FA800503D580
:1012E000024800F0B0FA84B220463EBD0803002058
:1012F0002DE9F05F044604F00FFC8349DFF80C820F
:10130000DFF80C92DFF80CA2834D844F0860012CAB
:101310007ED04421D02002F019FE04464321D02083
:1013200002F014FE04EB00207D4C4621A083D02067
:1013300002F00CFE06464521D02002F007FE06EB27
:10134000002020844821D02002F000FE06464721DC
:10135000D02002F0FBFD06EB0020E0833C21D020F2
:1013600002F0F4FD06463B21D02002F0EFFD06EB33
:101370000020E0823E21D02002F0E8FD06463D211B
:10138000D02002F0E3FD06EB002060824021D02057
:1013900002F0DCFD06463F21D02002F0D7FD06EB2F
:1013A000002006B2A682B4F91C00404209F02AFED1
:1013B000C8F80000304609F010F906468846B4F92E
:1013C000120009F00AF93246434605F081FDDFF8C4
:1013D00054B100225B4609F067F9534A534B08F0B9
:1013E00075FF09F0CBF82083B4F9140009F0F5F883
:1013F00006468846B4F9160009F0EFF8434632462F
:1014000005F066FD00225B4609F04EF9464A00E011
:1014100028E0464B08F05AFF09F0B0F86083B4F9B1
:101420001C0009F0DAF8DFF808814FF06636324622
:10143000434608F04BFF08F05BFE8346B4F92000FA
:1014400009F0CBF83246434608F040FF08F050FE62
:1014500006463848DFF8E0800078022817D00328D5
:1014600027D03BE004F086FA344C28683860B4F9A1
:10147000000009F0C7FDC8F80000B4F9040009F045
:10148000C1FDC9F800002E48B0F9040030E0B4F9FD
:10149000180009F0B7FD594602F0ACFF80F000409B
:1014A0002860B4F91A0009F0ADFD314603F050F898
:1014B00010E0B4F9180009F0A5FD5946FFF74CFB00
:1014C00080F000402860B4F91A0009F09BFD314615
:1014D000FFF764FB80F00041C8F80010286838600E
:1014E000B4F91E0009F08EFDC9F80000B4F914002B
:1014F00009F088FDCAF800001249386809F010FCAC
:101500003860BDE8F09F00006800002074000020F3
:10151000780000208C000020D801002070000020FE
:101520005001002000806640F1D4C853FB210940DF
:101530006666304008000020DC010020E001002049
:10154000E60100200000B0412DE9F05F8B4609F074
:1015500044F8274C0022234609F0A6F86FF0010555
:101560002A4609F05EFF234E0022334608F0AEFE05
:10157000214F00223B4608F0A9FE08F0B9FD09F012
:10158000A3FBDFF87880DFF878A04246534609F0E5
:101590008BF8DFF8709000224B4609F085F808F0D0
:1015A000A7FD19490860584609F017F8002223469C
:1015B00009F07AF82A4609F034FF0022334608F091
:1015C00085FE00223B4608F081FE08F091FD09F0FF
:1015D0007BFB4246534609F067F800224B4609F070
:1015E00063F808F085FD09490860BDE8F09F000038
:1015F0000000694000003E4000407F40F1D4C853E5
:10160000FB21094000C050400002002004020020DD
:1016100010B5114800F00AFB0A210F4800F068FAE3
:101620000D4800F010F980B208F0EEFF4FF066327E
:101630000A4B09F039F80022094B09F035F800226D
:10164000084B09F031F86FF00B0209F0EAFEBDE833
:10165000104008F093BF00003803002066660A407F
:101660000000264000005940F8B5002504460095CA
:1016700090F82400012808D0012084F82400204696
:10168000FFF756F8060002D053E00220F8BDA06A2A
:1016900020F4885040F00200A062022000F0DAFE40
:1016A00026490968B1FBF0F0400000E0401E0090C0
:1016B0000028FBD12046FFF767F82068816841F0D9
:1016C0000801816000F014FE074608E000F010FEFB
:1016D000C01B0A2803D920688068000715D4206839
:1016E00080680007F2D42068816841F004018160BD
:1016F00000F0FEFD074612E000F0FAFDC01B0A28CC
:101700000DD920688068400709D5A06A20F0020042
:1017100040F01000A06284F824500120F8BD206839
:1017200080684007E8D4A06A20F0020040F0010081
:10173000A06284F824503046F8BD000098000020D4
:1017400070470000F8B50024009490F82420254646
:10175000012A12D0012280F824204A681F23072A78
:101760000DD20668776B521E02EB820293409F43B4
:101770000B6893401F43776319E00220F8BD0668A9
:101780000D2A0AD2376BD21F02EB820293409F438D
:101790000B6893401F43376309E0F76A0D3A02EB89
:1017A000820293409F430B6893401F43F7620A688D
:1017B000072306680A2A0AD3F7680A3A02EB4202AC
:1017C00093409F438B6893401F43F76008E037695D
:1017D00002EB420293409F438B6893401F43376163
:1017E0000A68102A01D0112A20D1124B02689A42AD
:1017F00017D193681B0219D4936843F400039360D4
:101800000968102912D10C490C4A0968B1FBF2F1A0
:1018100001EB8101490000E0491E00910029FBD144
:1018200004E0816A41F020018162012480F82450A3
:101830002046F8BD002401409800002040420F00DF
:101840007047806A70470068C06C704710B50446E6
:1018500000684168890626D50168890723D5A16AF1
:10186000C90603D4A16A41F40071A1628168C1F381
:101870004241072910D1217B71B9416821F0200133
:101880004160A06A20F48070A062A06AC00403D402
:10189000A06A40F00100A0622046FFF7D1FF216856
:1018A0006FF0120008602068416809062ED50168B3
:1018B00049072BD5A16AC90603D4A16A41F4005196
:1018C000A1628168C1F30231072909D04168490545
:1018D00015D48168C1F34241072910D1217B71B928
:1018E000416821F080014160A06A20F48050A0622C
:1018F000A06AC00503D4A06A40F00100A06220469F
:10190000FFF71EFF21686FF00C0008602068416837
:1019100049060DD50068C0070AD0A06A40F480309F
:10192000A062204600F096F821686FF00100086080
:1019300010BD00002DE9F04104004FF000057FD0FC
:10194000A06A002628B9E66284F82460204600F0E8
:1019500083F82046FEF7ECFEA16AC90600D420B148
:10196000A06A40F01000A0626AE0A16A21F48851E8
:1019700041F00201A162334923688B42E16904D13D
:10198000B1F5402F01D14FF40021277B4FF4807C2B
:1019900041EA470261680A43A168614508D001290C
:1019A00006D0002194F814E0BEF1010F02D00AE045
:1019B0006146F7E7C7B1A76A47F02007A762E76A61
:1019C00047F00107E7625F6827F469470F435F60EC
:1019D000236899681C4F394011439960A16861459B
:1019E0000BD0012909D00CE0DFF860E0A7690EEB0D
:1019F00047370F4347F40061E5E7218A0D05A5F558
:101A000080152168CB6A23F470032B43CB622168D5
:101A100089680F4B1940914208D1E662A16A21F012
:101A2000020141F00101A162BDE8F081A06A20F04D
:101A3000020040F01000A062E06A40F00100E062A5
:101A40000120F1E7003C0140FDF7E1FF00E0FFFF6E
:101A5000FE0E1FFF7047000010B586B000210091F8
:101A60000191029103911E4C03681E4903221E48F6
:101A7000A34211D18B6943F400738B618B6903F42A
:101A8000007304938B6943F010038B61896901F043
:101A900010010491012113E0144CA3421DD18B6964
:101AA00043F480638B618B6903F4806304938B69D7
:101AB00043F010038B61896901F010010491022148
:101AC000CDE90012694600F005FB00221146122004
:101AD00000F08EFC122000F07EFC06B010BD00006D
:101AE0000024014000100240001001400028014085
:101AF0002DE9F84300270D460446009700F0F8FB57
:101B0000804620688168C90508D5A06A40F0200099
:101B1000A06284F824700120BDE8F8834168C905FB
:101B200003D4C06A10F4700F2AD0022000F092FC97
:101B30003B490968B1FBF0F62068036939490B425B
:101B40004FEA61014FEAA1121FD1C3684FEA611C3D
:101B500013EA0C0F19D103690B4225D1C06810425A
:101B600022D1142023E0681C0AD02DB100F0C0FB64
:101B7000A0EB0800A84203D920680068800725D59B
:101B8000206800688007EED52DE003690B4202D182
:101B9000C168114206D0026923490A4206D1C068D1
:101BA000084203D1542002E0292000E0FC204643F3
:101BB000009816E0681C11D02DB100F099FBA0EB45
:101BC0000800A8420AD90098B04207D2A06A40F0A3
:101BD0000400A06284F8247003209DE70098401C54
:101BE0000090B042E6D321686FF012000860A06A4E
:101BF00040F40070A06220688068C0F3424007286B
:101C00000CD1207B50B9A06A20F48070A062A06A39
:101C1000C00403D4A06A40F00100A06200207BE76A
:101C200098000020244992244992240070B504466B
:101C300090F8240001280DD0012084F824002046CB
:101C4000FEF7A2FD02004FF0000005D084F824004A
:101C5000104670BD022070BDA16A40F20123994375
:101C600041F48071A1621F4D23681F49AB4218D116
:101C70000E6816F4702F14D0A66A46F48016A66279
:101C80000E68760505D5A66A26F4005646F48056F9
:101C9000A662A66AF6040AD5E66A26F00606E66299
:101CA00006E0A66A26F48016A6625E68E9E7E062AE
:101CB00084F824006FF00200186020688368C3F382
:101CC0004243072B05D1A84208D1096811F4702FAF
:101CD00004D0816841F480118160B9E7816841F4E2
:101CE000A001F9E7002801400424014010B590F854
:101CF00021100022022905D00421816380F82020D0
:101D0000012010BD01680B6823F00E030B60016811
:101D10000B6823F001030B6090F84030C46B012185
:101D200001FA03F3636080F8211080F82020104648
:101D300010BD00002DE9F05F90F821100024022969
:101D400003D004218163012485E001680A6822F040
:101D50000E020A6001680A6822F001020A603F4E22
:101D60003E4FB215DFF8F4C0DFF8F090DFF8ECA0DA
:101D7000DFF8E8B0DFF8E4E00168783F130115020E
:101D8000ACF1640CA9F15009AAF13C0AABF1280BA3
:101D9000AEF1140E4FF48018B14227D9B9420ED0DB
:101DA000614512D049451DD0514518D0594518D02C
:101DB000714501D1424615E0294EB14201D10122BF
:101DC00010E0274E1436B14201D110220AE0244E11
:101DD0002836B14206D0224A3C32914201D11A46FD
:101DE00000E02A461E49091F0A602BE0B94213D0C1
:101DF000614517D0494522D051451DD059451DD0C8
:101E0000714501D142461AE0B14202D14FF08072D1
:101E100015E0134EB14201D1012210E0104E1436EC
:101E2000B14201D110220AE00D4E2836B14206D04F
:101E30000B4A3C32914201D11A4600E02A4607493A
:101E400080394A60012180F82110002180F820109B
:101E5000416B01B188472046BDE8F09F80000240F9
:101E6000080402402DE9F05FB0F5007F7ED17E4985
:101E7000DFF8F8817E4E08680025B0F5167F11DA8C
:101E8000401C086098F800104046012907D13178BD
:101E9000491CC9B231700A2901D135700570002181
:101EA0000846CDE0734C207800B300202070042059
:101EB00003F01AFEDFF8C0A1D146CAF800000820DE
:101EC00003F012FE6D4F404238606D480078FFF716
:101ED0000FFA03F08DF83968D9F80000FFF734FBEA
:101EE00098F800104046012902D009E00120DDE702
:101EF0003178491CC9B231700A2901D13570057099
:101F000060480178491CC9B201700A2905D15E49AF
:101F10005E4A0D700121117005702078012810D1E2
:101F2000FFF776FB6062A16A491CA162E26A64293C
:101F30001044E06205D190FBF1F155480160E56283
:101F4000A562544C2078072801D0082801D103F05D
:101F5000A7FD03F071FE03F07FF802F0BFFB02F073
:101F600037FC02F0B3FCFFF759F800E07AE0FEF727
:101F70006BFD2078092801D102F094F92078A04661
:101F8000F0B3002002F092FB4348DFF810910168A3
:101F9000D9F80000FEF70CFD834654463968DAF89C
:101FA000000004F021FB064698F800103C48052983
:101FB0004CD0042950D0006804F0EAF80BEB06017D
:101FC00001EB000CDFF8DCB0DFF8DCA0081ACBF87E
:101FD00000C0DFF8D880CAF800005B46564642468B
:101FE00041F6F421604603F0CFFB1860424641F60B
:101FF000F421306803F0C8FB3060B8463B6800E06D
:1020000022E02B484E462268D9F80010006803F001
:10201000C3FB284F08B101203870D8F80020216890
:10202000306803F01BFC00B13D701948016830684E
:1020300004F02EF9002815D1DAF80010DBF80000C2
:10204000BDE8F05F03F00EBE64209BE701681A480C
:102050000078FEF739FDB1E7026839682068FFF7BC
:102060002BF8ABE7BDE8F09F8400002012000020B1
:102070008000002050010020580000205C0000205B
:10208000080000200000002088000020110000202F
:102090006C00002010000020740000207000002060
:1020A0007800002060000020640000200CE5FFFFA5
:1020B0008C0000200200002090000020044910B590
:1020C0000A68024202D00860FFF7CCFE10BD000093
:1020D000140401402DE9F84FDFF8C891002409F1FC
:1020E000040A0AF1040B23460F270BF1040ED1E07A
:1020F0000125A54006EA0502AA4276D1DFF8A8C16B
:102100004E68A6EB0C0866452BD00DDC032E34D0B0
:1021100005DC36B3012E19D0022E2FD11BE0112E73
:1021200016D0122E2AD119E0B8F5881F19D006DC76
:10213000B8F5803F15D0B8F5801F1FD111E0B8F574
:10214000001F0ED0B8F5041F18D10AE0CB6815E0C7
:10215000CB681B1D12E0CB6808330FE0CB680C3353
:102160000CE08B682BB1012B4FF0080303D04561C5
:1021700004E0042302E0056100E00023FF2A01D807
:10218000064601E000F104064FEA840501D9A5F1F5
:102190002005D6F8008007FA05FC28EA0C0803FAA7
:1021A00005F548EA0508C6F800804D68ED0070D5D1
:1021B0003E4DAE6946F00106AE61AD6924F00306FE
:1021C00005F0010500953A4D06EB050CDCF80850CA
:1021D000A607360F07FA06F825EA0805DFF8D480C7
:1021E000404503D14FF0000825E052E0DFF8C880F9
:1021F000404502D14FF001081DE0DFF8C0804045A6
:1022000002D14FF0020816E0DFF8B480404502D159
:102210004FF003080FE0DFF8AC80404502D14FF0EB
:10222000040808E0DFF8A080404502D14FF005081F
:1022300001E04FF0060808FA06F848EA0508CCF86D
:1022400008804D68D9F80060ED034D4601D516436E
:1022500000E096432E604D68DAF80060AD03554605
:1022600001D5164300E096432E604D68DBF8006010
:10227000ED025D4601D5164300E096432E604D68A1
:10228000DEF80060AD02754601D5164300E09643C6
:102290002E60641C0A681646E2407FF429AFBDE850
:1022A000F88F0000000401400000111000100240EF
:1022B0000000014000080140000C014000100140F6
:1022C0000014014000180140001C014080680840D3
:1022D00000D001207047C26821EA02030A4043EAA5
:1022E0000241016170470AB1016170470904FBE7CF
:1022F0000148806870470000FC02002002488168A5
:102300000278114481607047FC020020074810B534
:10231000016841F010010160032000F089F80320FA
:1023200000F006F800F024F8002010BD0020024064
:1023300070B50D4D04464FF47A712878B1FBF0F07A
:102340000A490968B1FBF0F000F0E0FB48B9102C35
:1023500007D200222146501E00F04AF800206C608F
:1023600070BD012070BD0000FC020020980000201C
:102370000E4808B5816941F001018161816901F070
:1023800001010091C16941F08051C161C06900F053
:1023900080500090052000F04BF80548416821F07E
:1023A000E06141F00071416008BD00000010024092
:1023B0000000014000280DDB00F01F0201219140C8
:1023C0004009800000F1E020C0F88011BFF34F8F7A
:1023D000BFF36F8F7047002809DB00F01F02012157
:1023E00091404009800000F1E020C0F800117047E2
:1023F000F0B40E4B1B680C46C3F30223C3F1070570
:10240000042D00D90425191D072901D2002300E05D
:10241000DB1E012606FA05F1491E214099409E4027
:10242000761E16403143F0BC04F041BA0CED00E0DA
:10243000064900F0070208684FF6FF03184040EA1B
:102440000220034A10430860704700000CED00E0D2
:102450000000FA0510B52CA401461DCC86B08DE80D
:102460001D002DA02D4C00680490002004292FD0C1
:102470000BDC01292FD0022928D100F071F9616805
:10248000C1F38131491C49001EE0082920D01029E0
:102490001CD161682268D20118D5C1F38342C903F7
:1024A0001DF8020009D5616804AAC1F34041515CDE
:1024B0001B4AB2FBF1F1484301E01A494843616805
:1024C000490203D440000321B0FBF1F006B010BD77
:1024D00000F056F9FAE7226AC2F30121012903D17B
:1024E000920701D5C803F1E7022905D1626A920774
:1024F00002D549F64040E9E70329E7D1216889037D
:10250000E4D54FF22440E1E7020304050607080979
:102510000A0B0C0D0E0F10100102000000100240FB
:1025200000127A0000093D002DE9F84305460078C5
:10253000354CC00754D0E0690026C00008D4E069DB
:1025400040F08050E061E069012600F0805000908A
:102550002E480168C90512D40168804641F4807193
:102560000160FFF7C5FE074605E000BFFFF7C0FEAC
:10257000C01B642823D8D8F80000C005F6D5206A0F
:1025800010F4407021D0A98801F4407181421CD020
:10259000206A1F49012220F440700A6000220A606C
:1025A0002062C00711D0FFF7A3FE074641F288382A
:1025B00008E000BFFFF79CFEC11B414502D9032084
:1025C000BDE8F883206A8007F4D5206A696820F4A2
:1025D0004070084320621EB1E06920F08050E06145
:1025E0002878800705D56068A96820F44040084332
:1025F00060602878C00605D56068696920F48000AD
:10260000084360600020DBE70010024000700040DB
:10261000400442422DE9F0470F46050061D0434E89
:10262000306800F00700B84209D2306820F0070097
:1026300038433060306800F00700B84251D1286854
:102640003B4C810712D5400703D5606840F4E06039
:1026500060602878000703D5606840F460506060CF
:102660006068A96820F0F000084360602878C0071F
:1026700028D06868012810D02168022810D0890766
:1026800000292EDA616821F0030101436160FFF740
:102690002FFE804641F288390DE021688903EFE77B
:1026A0008901EDE7FFF724FEA0EB0801494502D9B7
:1026B0000320BDE8F0876068696800F00C00B0EBAB
:1026C000810FEFD1306800F00700B8420BD93068B5
:1026D00020F0070038433060306800F00700B8424F
:1026E00001D00120E5E72878400705D56068E96852
:1026F00020F4E060084360602878000706D5606831
:10270000296920F4605040EAC100606000F038F8A8
:102710006168084AC1F30311515CC840064908606A
:1027200006480068FFF704FE0020C2E700200240D0
:1027300000100240FAB400089800002000030020B6
:102740000448054900684968044AC1F30221515C04
:10275000C840704798000020001002400AB50008E9
:102760000448054900684968044AC1F3C221515C24
:10277000C840704798000020001002400AB50008C9
:1027800012A185B00FC98DE80F0014A0144A00688B
:1027900004905168134801F00C03042B10D0082B4F
:1027A0000ED1C1F38343C9031DF803000AD5516854
:1027B00004AAC1F34041515C0A4A5043B0FBF1F016
:1027C00005B0704708494843FAE7000002030405D2
:1027D000060708090A0B0C0D0E0F1010010200006D
:1027E0000010024000127A0000093D002DE9F84F68
:1027F000040070D02078C04DC00749D06868C0F38D
:102800008100012807D06868C0F38100022809D13F
:102810006868C00306D52868800339D56068002839
:10282000E7D035E06068B0F5803F0BD010B1B0F56F
:10283000A02F11D0286820F480302860286820F468
:10284000802002E0286840F480302860606890B101
:10285000FFF74EFD06460AE0286840F48020286015
:10286000F0E700BFFFF744FD801B642873D8286899
:102870008003F7D50CE0FFF73BFD064605E000BFFF
:10288000FFF736FD801B6428F0D828688003F7D452
:1028900020789A4E80074FF001094FF0000839D593
:1028A000686810F00C0F07D06868C0F38100022838
:1028B00009D16868C00306D42868800714D5206948
:1028C000012808D110E02069B0B1C6F80090FFF7E8
:1028D0000FFD074605E00AE1FFF70AFDC01B0228CD
:1028E000C4D828688007F7D52868616920F0F80007
:1028F00040EAC10028600DE0C6F80080FFF7F8FC50
:10290000074604E0FFF7F4FCC01B022823D8286820
:102910008007F7D4207800072CD57948A169D9B170
:10292000C0F80090FFF7E4FC074604E0FFF7E0FC86
:10293000C01B02280FD8686A8007F7D571484FF48A
:10294000FA510068B0FBF1F0009000BF0098411E02
:102950000091FAD20EE080E0C0F80080FFF7C8FCDA
:10296000074604E0FFF7C4FCC01B022875D8686A5C
:102970008007F7D42078400760D5E8690027C000B9
:1029800008D4E86940F08050E861E869012700F068
:10299000805000905C480168C90513D401688346E3
:1029A00041F480710160FFF7A3FC824606E000BF9E
:1029B000FFF79EFCA0EB0A0064284ED8DBF800006D
:1029C000C005F5D5E06801280AD008B1052813D064
:1029D000286A20F001002862286A20F0040002E042
:1029E000286A40F001002862E06841F2883B98B113
:1029F000FFF77EFC82460BE0286A40F00400286264
:102A0000EEE700BFFFF774FCA0EB0A0159455AD866
:102A1000286A8007F6D50CE0FFF76AFC824605E0DD
:102A2000FFF766FCA0EB0A0159454CD8286A8007DD
:102A3000F6D41FB1E86920F08050E861E06988B3FE
:102A40006968C1F38101022944D00228C6F8608078
:102A500004D0FFF74DFC044638E034E0FFF748FCB3
:102A6000074604E0FFF744FCC01B02282BD8286867
:102A70008001F7D4206AB0F5803F05D16868A1686D
:102A800020F4003008436860D4E90801084369680D
:102A900021F4741108436860C6F86090FFF728FCC1
:102AA000044606E025E000BFFFF722FC001B0228D9
:102AB00009D828688001F7D51BE000BFFFF718FC94
:102AC000001B022802D90320BDE8F88F2868800186
:102AD000F4D40EE00128F7D06868226A00F480314F
:102AE000914204D1616A00F47010884201D0012043
:102AF000EAE70020E8E70000001002400000424240
:102B000080044242980000200070004010B5401E32
:102B1000B0F1807F01D3012010BD4FF0E02460614F
:102B20000F21601703F0C3FE0020A0610720206181
:102B3000002010BD7047704770B590F83C20012A06
:102B40002CD0012480F83C40022280F83D2003680C
:102B50005A689D6822F070060A6832435A60104B2A
:102B600002689A420ED00F4B9A420BD0B2F1804FBE
:102B700008D00D4B9A4205D00C4B9A4202D00C4B18
:102B80009A4204D1496825F080031943916080F886
:102B90003D40002180F83C10084670BD022070BD09
:102BA000002C0140003401400004004000080040B7
:102BB000000C004090F83D10012901D00120704721
:102BC000022180F83D100168CA6842F00102CA6023
:102BD00000680E4988420ED00D4988420BD0B0F1F2
:102BE000804F08D00B49884205D00B49884202D05B
:102BF0000A49884204D1816801F00701062903D0FF
:102C0000016841F00101016000207047002C014083
:102C1000003401400004004000080040000C004067
:102C20002DE9F0410D46040003D094F83D0018B1A1
:102C300008E00120BDE8F081002084F83C00204637
:102C400000F040F8022084F83D002068816844F2DA
:102C5000070291438160211D206803F07DF82268FE
:102C600090689169166A2B68AF69034340F203309C
:102C7000814341EA0721A868EF6908434FF6FC4108
:102C80008843E96840EA0720014328692F6A000168
:102C900040EA0730084369686D6926F0220646EA73
:102CA0000515294393602268906154F8460B016230
:102CB000012004F81F09E0752076E0762077A075E2
:102CC0000020B7E700B585B0002100910191029185
:102CD0000391224B02682248C0219A421BD1C2694B
:102CE00042F00402C261C26902F0040204928269E5
:102CF00042F0080282618069009100F008000490AF
:102D000069461848FFF7E6F9032201211E20FFF764
:102D10006FFB1E201DE0144B9A421CD1826942F4C5
:102D200000528261826902F400520492826942F088
:102D3000100282618069009100F0100004906946E1
:102D40000A48FFF7C7F9032201212C20FFF750FBA7
:102D50002C20FFF740FB05B000BD0000000800403C
:102D600000100240000C01400034014000100140FE
:102D700070B590F83E60044690F83F5090F84230AD
:102D800090F84320022021B104290ED0012E1BD13E
:102D900014E0012E18D1012B16D184F83E0084F8DE
:102DA000420001220021206820E0012D0CD1012ADF
:102DB0000AD184F83F0084F8430014E0012D03D1C8
:102DC000012B01D1012A01D0012070BD84F83E0001
:102DD00084F83F0084F8420084F843000122002177
:102DE000206802F0FFFF01220421206802F0FAFFB0
:102DF0002068016841F001010160002070BD000001
:102E00002DE9F04707464FF0804000696C4C0026E2
:102E10004FF00109E068B0F5C86F06DD6948017838
:102E200019B980F8009068480670684DAF427DD1AE
:102E3000387F022847D16088010677D4410641F2E5
:102E4000111840F2444A1DD540F0800060800421F2
:102E5000284600F030FCA0802868016A11EA080FBB
:102E600007D1016A11EA0A0F03D1016821F00101BB
:102E700001602868016A21F0A00101622868016AE6
:102E800001621CE0A680402060802868016A11EA87
:102E9000080F07D1016A11EA0A0F03D1016821F076
:102EA00001010160286846622868016A21F0A001DA
:102EB00001622868016A41F0200101622868016806
:102EC00041F001010160387F4FF4FA7A04283BD1C8
:102ED000DFF8FC804FF0080198F8010000283B481B
:102EE00013D000F0E8FBD8F80420801AA060226913
:102EF000801A00D54042504519DD2078401CC0B2F0
:102F00002070052813D8A26012E000F0D4FBC8F8A6
:102F1000040029680A6A22F400720A6229680A6AAF
:102F200042F400720A6288F801900DE039E02670E0
:102F3000A06820612868026A22F400720262286890
:102F4000026A026288F80160387F082829D1204F80
:102F50004FF00C010C3F787800281C4812D000F08C
:102F6000AAFB7968401AE0606169401A00D54042C6
:102F7000504518DD6078401CC0B26070052812D83A
:102F8000E16011E000F097FB78602868016A21F4A5
:102F9000005101622868016A41F40051016287F81A
:102FA0000190BDE8F0876670E06860612868016A9A
:102FB00021F4005101622868016A01627E70F0E725
:102FC000340100204800002013000020B00300203E
:102FD000841800202DE9F041054690F83C000C468D
:102FE000012836D0012085F83C008AB3042A42D05B
:102FF0002868082A51D0D4E90023E168066A26F43B
:1030000080560662C669076A26F4407646EA0323BC
:103010004FF6FF7606EA013123F4704319434FF46B
:10302000005627F4005306EA02321A43C1610262D5
:103030002868C16921F44061C1612868C169A2683A
:1030400041EA0221C161002085F83C00BDE8F08121
:1030500001E00220FAE7D4E90012E368286802F0F0
:1030600091FF2868816921F00C01816128688169DC
:10307000A26811430FE0D4E90012E368286802F067
:10308000B7FF2868816921F44061816128688169FE
:10309000A26841EA02218161D5E7D4E90027267BB5
:1030A000016A21F480710162C169036A21F00301A0
:1030B000394321F0F00731074FF4007647EA1161F8
:1030C00023F4007306EA02221A43C16102622868EF
:1030D000C16921F00C01C1612868C169A26811436E
:1030E000B0E710B5040003D094F83D0010B107E03C
:1030F000012010BD002084F83C00204600F01EF89E
:10310000022084F83D00211D206802F025FE0120E8
:1031100084F8460084F83E0084F83F0084F84000BC
:1031200084F8410084F8420084F8430084F84400A5
:1031300084F8450084F83D00002010BD00B585B03E
:1031400000210091019102910391234B02682349D0
:1031500023489A421BD18A6942F400628A618A69D3
:1031600002F4006204928A6942F004028A61896969
:1031700001F004010491C11400916946FEF7AAFF11
:10318000002211461920FFF733F919201FE0B2F190
:10319000804F1ED1CA6942F00102CA61CA6902F0B9
:1031A000010204928A6942F004028A61896901F08D
:1031B000040104910E210091022102916946FEF75B
:1031C00089FF022201211C20FFF712F91C20FFF7C2
:1031D00002F905B000BD0000002C014000100240C3
:1031E0000008014010B5044651B104290DD008294A
:1031F00010D094F8410094F84520012811D10EE038
:1032000094F83E0094F84220F7E794F83F0094F8D1
:103210004320F2E794F8400094F84420EDE7012AB7
:1032200001D0012010BD022051B1042911D008297C
:1032300018D084F8410084F845000C291BD13CE0EB
:1032400084F83E0084F842002068C26842F002021E
:1032500010E084F83F0084F843002068C26842F020
:10326000040207E084F8400084F844002068C26843
:1032700042F00802C2600122206802F0B3FD114949
:10328000206888420ED0104988420BD0B0F1804FA0
:1032900008D00E49884205D00D49884202D00D4918
:1032A000884204D1816801F00701062903D0016832
:1032B00041F001010160002010BD2068C26842F0A9
:1032C0001002D7E7002C0140003401400004004008
:1032D00000080040000C004070B504460068016919
:1032E0004FF00005C943890715D4C168C943890750
:1032F00011D4E91E016101202077206880698007D0
:10330000204602D0FFF77CFD04E000F0D1F8204613
:1033100000F074F9257720680169C943490717D47B
:10332000C168C943490713D46FF004010161022049
:1033300020772068806910F4407F204602D0FFF794
:103340005FFD04E000F0B4F8204600F057F925775F
:1033500020680169C943090716D4C168C943090730
:1033600012D46FF008010161042020772068C06941
:103370008007204602D0FFF743FD04E000F098F8F4
:10338000204600F03BF9257720680169C943C9064A
:1033900017D4C168C943C90613D46FF01001016185
:1033A000082020772068C06910F4407F204602D0B2
:1033B000FFF726FD04E000F07BF8204600F01EF940
:1033C000257720680169C943C90708D1C168C94385
:1033D000C90704D1891E0161204600F06BF92068FD
:1033E0000169C943090609D4C168C943090605D45E
:1033F0006FF0800101612046FFF79CFB20680169A6
:10340000C943490609D4C168C943490605D46FF0C8
:1034100040010161204600F063F920680169C94359
:1034200089060BD4C168C943890607D46FF020010F
:1034300001612046BDE87040FFF77DBB70BD000014
:1034400030B585B00021009101910291039100688F
:103450001349884221D11348816941F004018161F7
:10346000816901F004010491816941F008018161E1
:103470008069022500F008000490C020CDE9000515
:103480000324694603940848FEF724FECDE900456D
:10349000694606480394FEF71DFE05B030BD0000E6
:1034A000000400400010024000080140000C0140F0
:1034B000704770B5044690F83C000D4601280AD0CC
:1034C000012084F83C0042B1042A18D0082A2AD0EE
:1034D0000C2A4DD139E0022070BD206802F090FC2A
:1034E0002068816941F0080181612068816921F0CB
:1034F00004018161206881692A69114311E0206813
:1035000002F0AEFC2068816941F4006181612068AD
:10351000816921F480618161206881692A6941EAB9
:103520000221816124E0206802F0D0FC2068C1699A
:1035300041F00801C1612068C16921F00401C16145
:103540002068C1692A69114311E0206802F0F2FC89
:103550002068C16941F40061C1612068C16921F43A
:103560008061C1612068C1692A6941EA0221C161A3
:10357000002084F83C0070BD10B5040003D094F81E
:103580003D0010B107E0012010BD002084F83C0090
:10359000204600F01FF8022084F83D00211D20681D
:1035A00002F0DAFB012084F8460084F83E0084F83B
:1035B0003F0084F8400084F8410084F8420084F819
:1035C000430084F8440084F8450084F83D0000205E
:1035D00010BD000008B500680649884208D10648B9
:1035E000C16941F00201C161C06900F002000090B0
:1035F00008BD0000000400400010024070470000B9
:1036000010B50446022249B104290ED0082913D06E
:1036100094F84100012816D0012010BD94F83E0016
:103620000128F9D184F83E200FE094F83F000128EA
:10363000F2D184F83F2008E094F840000128EBD153
:1036400084F8402001E084F841200122206802F043
:10365000C9FB13492068134A884201D0904203D124
:10366000436C43F400434364206888420DD0904289
:103670000BD0B0F1804F08D00B49884205D00B49E0
:10368000884202D00A49884204D1816801F00701CA
:10369000062903D0016841F001010160002010BD3E
:1036A000002C0140003401400004004000080040AC
:1036B000000C004070470246002041B1042909D0A7
:1036C00008290AD00C2901D11068006C70471068D5
:1036D000406B70471068806B70471068C06B704714
:1036E0007047704770470000F8B5026804461068DC
:1036F000D168536910F00F0F4FF0000553D003F05D
:10370000010601F4907737435FD0C20705D0CA05A0
:1037100003D5226C42F001022264420705D5DA0784
:1037200003D0226C42F002022264820705D5DA0738
:1037300003D0226C42F004022264020707D501F094
:103740002002324303D0226C42F008022264226C31
:10375000002A34D0800604D5880602D5204602F01F
:10376000F1FD20684069216CC0F38010090700D486
:1037700030B3204602F0CEFD2068416949061BD5D2
:10378000416921F040014161A06BA8B158494163F2
:10379000A06BFEF7CFFA002811D0A06B416B01B0EF
:1037A000BDE8F040084783060FD58B060DD52046AF
:1037B000BDE8F84002F0C6BD2046FFF793FFF8BD14
:1037C0002046FFF78FFF2564F8BD266B2023012ECE
:1037D00052D1C60650D5CE064ED51068506800901E
:1037E000506940062AD5A16B086840680004000CA7
:1037F000EAD0A68D8642E7D9E0858869202818D0CE
:10380000D06820F48070D0602068416921F0010107
:1038100041612068416921F04001416184F83E30F6
:1038200025632068C16821F01001C160A06BFEF71C
:103830005DFAA08DE18D401A81B219E0A08DE18D75
:10384000401A81B2E08D0028BED00029BCD0D068DB
:1038500020F49070D0602068426922F00102426139
:1038600084F83E3025632068C26822F01002C260EE
:103870002046FFF736FFF8BD05062BD50D0629D5E6
:1038800094F83D002128F6D1A068B0F5805F01D101
:103890002069B0B1206A411C21622168007848602B
:1038A000E08C401E0004000CE084E4D12068C16874
:1038B00021F08001C1602068C16841F04001C16011
:1038C000F8BD206A0088C0F308005060206A801CA0
:1038D0002062E5E74006F3D54806F1D5D1682046D9
:1038E00021F04001D16084F83D3000F02DFBF8BD9F
:1038F0000563000870B5040004D094F83D0000256D
:1039000010B106E0012070BD84F83C50204600F064
:1039100023F8242084F83D002068C16821F4005178
:10392000C160204602F06AFD2068016921F49041DF
:1039300001612068416921F02A0141612068C16864
:1039400041F40051C1602564202084F83D0084F8D2
:103950003E00002070BD000070B586B000240094C9
:10396000019402940394474D0368474802210322BF
:10397000AB422ED1C36943F48013C361C36903F41E
:1039800080130493836943F010038361836903F018
:1039900010030493836943F02003836180690392D9
:1039A00000F020000490C802CDE9000169463748C4
:1039B000FEF790FB0420CDE90004694634480294E8
:1039C000FEF788FB012211463520FEF711FD352058
:1039D00029E0304E3515B34229D1836943F4804341
:1039E0008361836903F480430493836943F0040390
:1039F00083618069284E00F0040004906810CDE9CE
:103A00000001039269463046FEF764FBCDE900549D
:103A1000694630460294FEF75DFB012211462520DF
:103A2000FEF7E6FC2520FEF7D6FC06B070BD1B4E67
:103A3000B342FAD1C36943F48023C361C36903F479
:103A400080230493836943F0080383618069CDE98F
:103A5000005100F00800CDE90320114D69462846C9
:103A6000FEF738FBE814CDE90004694628460294C5
:103A7000FEF730FB012211462720FEF7B9FC272074
:103A8000D1E700000050004000100240001001404B
:103A90000014014000380140000801400048004087
:103AA000000C014090F83E30202B0ED159B152B19C
:103AB00090F83C30012B08D0012380F83C300023E3
:103AC000036302F0F7BC012070470220704700003A
:103AD0002DE9F05F0068F74A0121F74D00244FF00F
:103AE000020A904278D105F10900F44E0078E860AE
:103AF000A872AB46B6F800C0DFF8C493F14AF24BA7
:103B0000F24DF34F592818D0804658281CD0C4468F
:103B10000A2823DD5A2839D0412849D045283AD0EF
:103B200042283CD043283AD0442838D046283BD0BD
:103B3000472839D0482837D00CE0ACF1640CA6F8FF
:103B400000C0A9F800A005E00CF1640CA6F800C0C4
:103B5000A9F8001014801C802C803C8084460A2820
:103B60002CDAA9F80010B0F1000C0FD001281FD0FA
:103B7000052810D002281DD003281BD0042819D0F6
:103B800006282AD0072828D0082826D014801C8090
:103B900003E03C8012E0148019802C80F9E7148047
:103BA0001C802C803980D9E714801C802980D4E7C0
:103BB0001180ECE714801C802C803980BE4AC54BF4
:103BC0005D4652787B280CD07D2811D02F78012FAC
:103BD00008D0022F0ED074E078E014801C80298079
:103BE000D7E7297003F802C0521C8BF8012068E067
:103BF00085F800A0D878502805D05878232858D0C8
:103C0000AA709A4629E0B448017052E06978081A0F
:103C100006F0E3FC02460B460020B04905F0C6FC66
:103C20000746A87888468146504410F8010C303881
:103C300006F0D3FC3A46434606F036FD80460F4672
:103C4000286907F041F842463B4606F083FA06F041
:103C50004FFA2861A9F10100A870A8780428D5D2EC
:103C60009AF801003038092823D2DFE800F0050A6D
:103C70000D101316191C1F00286907F0A3F93080D6
:103C800017E09749286913E09649286910E096499A
:103C900028690DE0954928690AE09549286907E0F7
:103CA0009449286904E09449286901E09349286906
:103CB00008602C706C70AC70322186482C61FCF767
:103CC000BFFB7D49012209318D48EDE08D4A4FF05F
:103CD000060E90426FD1DFF8E0C177480CF10B0679
:103CE0009CF804209CF805B0EF78874B0B303678B1
:103CF0000BEB4B0C0CEB03090078164407F1010C9D
:103D0000F6B20CF0FF0C3A2F6DD2DFE807F01D235E
:103D10002A34373C4043464B43464B43464B43468D
:103D20004B43464B43464B43464B43464B43464B24
:103D300043464B43464B43464B43464B43464B431C
:103D4000464B43464B55595EA5280CD11870E97077
:103D5000A5320EE05A2806D1587085F803A05A32D1
:103D600007E03A2801D0EC703CE098700320E8703E
:103D70003A322A7137E0D870042024E01871052007
:103D800021E02E712FE0587185F803E0F9E7987172
:103D9000072018E089F8070001E089F8080085F895
:103DA00003C0EEE789F8090085F803C02E710BF116
:103DB0000100687117E01BE083F83700382002E04B
:103DC00083F838003920E870DBE783F83900EC70BD
:103DD0006C71904202D103F03BF903E03A214A486A
:103DE000FCF70CFB2C71344901220B3147485BE096
:103DF000474988425CD13048464AC01D354E01785B
:103E0000297282F800E0A87964367B29315400D009
:103E100028B1401CC0B2A8710B2802D040E0AC71A0
:103E20003EE0AC71B07A7D283AD100210920FCF740
:103E300075FE717A884233D13179F07802F01EFD37
:103E400035490860317AF07902F018FD334906F0FF
:103E5000DBFF334907F036F94FF0FF3107F00FFB76
:103E600006F032FF00222F4B06F030FA022207F054
:103E7000D8FA00222C4B06F017FC00222B4B06F040
:103E800013FC2B4A2B4B06F021FA4FF066322A4BDB
:103E900006F00AFC06F02CF928490860284804704E
:103EA000054901222748C91DBDE8F05FFFF7FABDAB
:103EB000BDE8F09F00480040200100200C000020D9
:103EC0000A000020380000203A0000203C000020BA
:103ED0003E000020F417002049000020000024408C
:103EE000180000201C0000202000002024000020DA
:103EF000280000202C00002030000020340000208A
:103F00005805002000500040A40C0020D0040020E0
:103F100000380140100000204C00002000007A44CE
:103F2000000020C30000694000003E4000407F4088
:103F3000D3DEE00B934F6A406666164050000020C7
:103F400001000020140500207047FEE770B50D4603
:103F5000044600F0C1F8204600F08EF800F004F9A5
:103F6000284600F089F800F0FFF800F0B5F8641C6E
:103F7000E0B200F081F800F0F7F8002000F046F819
:103F8000044600F0D1F8204670BD000070B50D4C1D
:103F90000025C4F8B8510C48016821F07041016057
:103FA000016841F040510160C4F8BC51012004F5A2
:103FB000DC7403F037FA0120206003F033FA256047
:103FC00070BD000000802142040C014070B50D4C12
:103FD0000025C4F8B8510C48016821F07041016017
:103FE000016841F0405101600126C4F8BC613046CF
:103FF00004F5DC7403F016FA2660012003F012FACF
:10400000256070BD00802142040C01402DE9F0477D
:10401000814617480024016821F070410160016861
:1040200041F000410160134E254627464FF001083C
:10403000C6F8B871022003F0F5F9C6F8B881600639
:10404000040ED6F83C0108B1641CE4B2022003F06F
:10405000E9F96D1CEDB2082DEAD3B9F1000F02D0D9
:10406000FFF794FF01E0FFF7B1FF2046BDE8F087BE
:10407000040C0140008021422DE9F041064614481D
:10408000016821F070410160016841F04051016018
:10409000104C0027C4F8B8713D464FF00108F009F4
:1040A000C4F8BC017006060E012003F0BBF9C4F889
:1040B000B881012003F0B6F9C4F8B871012003F00B
:1040C000B1F96D1CEDB2082DE9D3BDE8F081000017
:1040D000040C01400080214270B51148016821F0B4
:1040E00070410160016841F0405101600D4C0120B8
:1040F000C4F8BC01D4F83C1149B1C4F8B80103F0CC
:1041000091F90025C4F8BC51D4F83C0108B1002055
:1041100070BD012003F086F9C4F8B851012070BDCC
:10412000040C0140008021420D4810B5016821F0C7
:1041300070410160016841F040510160094C00206C
:10414000C4F8B801C4F8BC01012004F5DC7403F024
:1041500069F9012020606060BDE8104003F062B999
:10416000040C01400080214270B51348002401680E
:1041700021F070410160016841F0004101600F4D84
:104180000126C5F8BC61304603F04CF9C5F8B861AA
:1041900007E0641CE4B2322C03D9FFF7C5FF00200E
:1041A00070BD012003F03EF9D5F83C010028F0D1A4
:1041B000C5F8B801012070BD040C01400080214207
:1041C00010B51446FFF7C2FE2070012010BDF8B5EF
:1041D00015461C460E4607466A46FFF7F1FF0120CA
:1041E0009DF80010A8400CB1084301E021EA00004E
:1041F000C2B28DF800203146384600F02BF8F8BDE9
:104200002DE9F84314461D460F4680466A46089E2F
:10421000FFF7D6FF00281BD0611CFF20C4F1080265
:1042200000FA01F12A44521ED0400143C5F10800B2
:104230008640F2B2C4F10700C2409DF80000084079
:1042400010438DF80000C2B23946404600F002F833
:10425000BDE8F88307B502AB012200F001F80EBDFE
:104260002DE9F0411E461546884607460024FFF713
:1042700033FF3846FFF700FFFFF776FF4046FFF7B2
:10428000FBFEFFF771FF06E0305DFFF7F5FEFFF77D
:104290006BFF641CE4B2AC42F6D3FFF745FF01208C
:1042A000BDE8F0812DE9F0414548D0F820014549AD
:1042B000D1F8202140EAC200D1F81021D1F8241110
:1042C000920042EA4101404C084326466070D6E91C
:1042D00001510022366981F0004310282ED2DFE818
:1042E00000F017082D082D2D2D0E0A172D120A1477
:1042F0001019656323E085F0004161631FE061638D
:104300001FE063631DE066631BE086F00041F6E793
:10431000626316E02C4DE26BED680B2A06D00D2A85
:1043200006D0072A06D00E2A06D00BE0656309E006
:1043300085F00041616305E0636303E062630F2879
:1043400000D0E063256B01F0A7FE0F2811D2DFE853
:1043500000F00E0C100C1010100E0C08100A0C0AB5
:104360000E00666906E0A66904E0E66902E0266AD6
:1043700000E0666A2846314606F070FE0DD23146EE
:104380002846A76A06F09BFF394606F067FE0DD95E
:104390003946284606F0C4FC0EE031462846E76A56
:1043A00006F098FF394606F059FE01D8304603E082
:1043B0003946284606F08EFF2063BDE8F0810000F4
:1043C0000080214200002242B80200204106074836
:1043D000826942F0010282610548426822F0E0628F
:1043E000426042680A434260704700000010024089
:1043F000000001402DE9F34F524D8DB00846E968A9
:104400004F4E089106F066FF2968009106F05AFEAB
:10441000A96806F085FC05F16404069067683046DB
:10442000394606F057FFD4F80890494606F052FF87
:1044300045490860E268904682F00046434A4E6073
:10444000C1E90262009906F03DFE216806F068FCB1
:1044500083463046009906F035FE0646394606F09A
:104460005FFC82463046494606F05AFC8146374892
:10447000009906F027FE414606F052FC8046069958
:104480000D9806F027FF039059464FF07E5006F036
:1044900019FE064649464FF07E5006F013FE049082
:1044A00031464FF07E5006F00DFE4FF07C5106F085
:1044B00037FC07460146304606F0A6FC0190394617
:1044C000049806F0A1FC009051464FF07E5006F093
:1044D000F9FD07463146019806F0F4FD594606F00D
:1044E000EEFE20603946019806F0ECFD514606F0DC
:1044F000E6FE60603146009806F0E4FD494606F0AD
:10450000DEFEA0603946009806F0DCFD414606F06C
:10451000D6FEE0600399019806F0D4FD069906F0F6
:10452000FFFBA86004460399009806F0CBFD0899AC
:1045300006F0F6FBE8600FB02046BDE8F08F000003
:104540006F12833A3402002090190020A69B443B4E
:104550002DE9F34F524D8DB00846E96B4F4E08914F
:1045600006F0B8FE2968009106F0ACFDA96B06F0D4
:10457000D7FB05F17404069067683046394606F0AB
:10458000A9FED4F80890494606F0A4FE4549086003
:10459000E268904682F00046434A4E60C1E90262FA
:1045A000009906F08FFD216806F0BAFB834630467D
:1045B000009906F087FD0646394606F0B1FB8246B3
:1045C0003046494606F0ACFB81463748009906F074
:1045D00079FD414606F0A4FB804606990D9806F049
:1045E00079FE039059464FF07E5006F06BFD06466B
:1045F00049464FF07E5006F065FD049031464FF07D
:104600007E5006F05FFD4FF07C5106F089FB0746B7
:104610000146304606F0F8FB01903946049806F052
:10462000F3FB009051464FF07E5006F04BFD0746DD
:104630003146019806F046FD594606F040FE2060DE
:104640003946019806F03EFD514606F038FE60609E
:104650003146009806F036FD494606F030FEA0606F
:104660003946009806F02EFD414606F028FEE0602F
:104670000399019806F026FD069906F051FBA86300
:1046800004460399009806F01DFD089906F048FBC2
:10469000E8630FB02046BDE8F08F00006F12833A48
:1046A00034020020A0190020A69B443B094A68B1AF
:1046B00009490B685B1C0B60834206D1D2F8880164
:1046C000C043C2F888010020086070470120C2F88A
:1046D0008801704700002242A40000202DE9F05F0D
:1046E0002C480026354600783746012849D12A480B
:1046F0000088012845D029480088012841D0DFF8EA
:10470000A0A0DFF8A0B0DFF8A090002409EBC4005F
:10471000406800EB0A035B4521D339F83480A8F1E7
:104720000101B1F5957F1AD8204A761C2049F6B2CE
:10473000C2F80080884204DD1E4906F0CBFD294600
:1047400005E017494942884204DA0146284606F046
:10475000E7FA0546B8F1960F01D27F1CFFB2641C40
:10476000E4B2E12CD2D314480021144A082E01D21D
:10477000134B04E005D911600A2F04D9114B1360C3
:104780000160BDE8F09FB5F5000F01DB0E49F7E7CA
:104790000E49F5E7100000203C0000203E000020FC
:1047A0000000B8BD01005301E00C00207C00002097
:1047B00000009B430000B443500000204C00002048
:1047C00000004843000048C3000048C400004844BB
:1047D0002DE9F0412F4800264FF6FF750078374647
:1047E00040F2DC5C02284DD12B480088012849D0DA
:1047F0002A480088012845D0294C2A4BDFF8A88098
:10480000206D002133F831205AB1624509D2761C5F
:10481000F6B2AA4205D203EBC10015464068C8F8BB
:104820000020491CC9B2E129ECD320492065884207
:1048300003DD1F4906F04EFD20658046616D06F0E0
:1048400049FD1C49884202DC1B49884201D93B2FA3
:1048500001D1C4F85480DFF86480194F052E13D9B4
:10486000284606F0E7FB174900F09AF83860002167
:10487000206DFCF7DDFCC8F8000013483968814260
:1048800000DD3860BDE8F08100203860C8F8000025
:10489000F8E70000100000203C0000203E0000204F
:1048A00050010020E00C00207C0000200000344378
:1048B0000000B44300005041000050C150000020EF
:1048C0004C00002000009643000016442DE9F047FC
:1048D000274A2849D08909780446032946D1264920
:1048E0000988012942D02549098801293ED0254B54
:1048F0002349254F1960DFF894C0254B254D002131
:104900004FF4FA7905EBC10676683E4466451DD240
:10491000B3F80080C84510D235F8310008F101081D
:1049200000F1C80616821FFA88F6A6F580781E8068
:10493000B8F1F30801D1A3F8009035F83160B2F86E
:104940001080464502D23446134E3460491CC9B229
:10495000E129D7D3D08106F06DFB0546204606F04D
:1049600069FB2946FCF72CFB0C490860BDE8F08781
:1049700050010020100000203C0000203E000020DC
:10498000000048434C000020FFFF71BDFFFF050001
:1049900054000020E00C00207C000020500000208B
:1049A0002DE9F04106F08BFC0C4E0546716A06F0CD
:1049B00091FC06F089F907460C46284606F084F972
:1049C0000022074B05F070FE3A46234606F092F8A7
:1049D00005F08EFB7562BDE8F0810000A8000020A4
:1049E0000000F8BF10B5022000F011F8032000F01D
:1049F00020F8002000F014F8002000F02FF800202C
:104A000000F026F8BDE81040002000F01BB808B503
:104A10000323009002226B21D020FFF7F1FB08BD99
:104A200008B50223009004221C21D020FFF7E8FBE8
:104A300008BD08B50223009004221B21D020FFF7F7
:104A4000DFFB08BD034601223721D020FFF7BFBBA3
:104A5000034605226A21D020FFF7B9BB0346062290
:104A60006B21D020FFF7B3BB3EB500241148009462
:104A7000019402940E498460016004730475012559
:104A800005614FF460214460C161FCF753FF08B138
:104A9000FCF744FB0A20CDE900056946029405486D
:104AA000FCF750FE002801D0FCF738FB3EBD0000AB
:104AB00000240140080300203EB500241248009461
:104AC000019402940F498460016004730475012508
:104AD00005614FF460214460C161FCF72BFF08B110
:104AE000FCF71CFB0B20CDE9000569460294064843
:104AF000FCF728FE08B1FCF711FB0348FCF7B4FDF6
:104B00003EBD000000280140380300202DE9F04799
:104B100086B000244848009401940294039481696B
:104B200041F010018161816901F0100104918169F6
:104B300041F020018161816901F0200104918169C6
:104B400041F004018161816901F0040104918169EE
:104B500041F0080181618069DFF8E08000F0080021
:104B60000490012244F210314046FDF7BCFB0022C4
:104B700048F20C014046FDF7B6FBDFF8C4A0002266
:104B80004FF440415046FDF7AEFBDFF8B8904FF4CC
:104B90000047002239464846FDF7A5FB012238218F
:104BA0005046FDF7A0FBB810CDE900046946404629
:104BB0000294FDF78FFA4CF21C3001250226CDE954
:104BC0000005CDE9024669464046FDF783FACDE986
:104BD0000054694648460294FDF77CFA4CF23800CE
:104BE000CDE90005CDE9024669465046FDF772FA67
:104BF00000970396CDE9015469464846FDF76AFAE5
:104C000028028DE8310069465046FDF763FA6802D4
:104C100000900D48CDE9010569465046FDF75AFA66
:104C2000012202211720FDF7E3FB1720FDF7C2FB4D
:104C300006B0BDE8F08700000010024000100140FF
:104C4000000C0140000801400000211010B586B0A2
:104C50000024194805940494009401940294154981
:104C6000039401604721C0E9011442F20F71C0E9C9
:104C700003148021C0E90541FEF733FA08B1FCF7BF
:104C80004DFA049404A90C480594FDF755FF08B1AA
:104C9000FCF744FA0120CDE9004002940C22694659
:104CA00005480394FEF796F9002801D0FCF736FA80
:104CB00006B010BD002C01406803002010B586B07E
:104CC00000242748059404940094019402944FF022
:104CD0008041039401604721C0E901144FF6FF7140
:104CE000C0E9031480218161FEF7FBF908B1FCF7EC
:104CF00015FA049404A91A480594FDF71DFF08B19C
:104D0000FCF70CFA0120CDE9004002940422694628
:104D100013480394FEF75EF908B1FCF7FFF9082287
:104D200069460F48FEF756F908B1FCF7F7F90C226F
:104D300069460B48FEF74EF908B1FCF7EFF904217C
:104D40000748FEF74FFA08210548FEF74BFA0C21F9
:104D50000348FEF747FA0248FDF72CFF06B010BDE6
:104D6000B003002010B58AB0002407941C216846C7
:104D70000894FBF765FB2A482849C0E9001441F66E
:104D80001F41C0E90241802104618161FEF7F4FB0B
:104D900008B1FCF7C3F9079407A921480894FDF767
:104DA000CBFE08B1FCF7BAF96020CDE9000402940B
:104DB000002269461A480494FEF77BFB08B1FCF711
:104DC000ADF9042269461648FEF773FB08B1FCF7FB
:104DD000A5F9082269461248FEF76BFB08B1FCF7FB
:104DE0009DF90C2269460E48FEF763FB08B1FCF7FB
:104DF00095F900210A48FEF703FC04210848FEF754
:104E0000FFFB08210648FEF7FBFB0C210448FEF7D8
:104E1000F7FB0348FEF714FB0AB010BD0004004086
:104E2000F803002010B58CB024216846FBF708FB7E
:104E300000241A48099418490A94C0E900144FF64E
:104E4000FF71C0E902418021046181610320CDE945
:104E500000040120CDE902040A210491CDE90540B6
:104E6000CDE9074169460D48FDF7DAFE08B1FCF7C8
:104E700055F9099409A909480A94FDF75DFE08B19E
:104E8000FCF74CF900210548FDF772FF04210348A7
:104E9000FDF76EFF0CB010BD00080040400400207C
:104EA00010B58CB024216846FBF7CAFA00241B48D1
:104EB000099419490A94C0E900144FF6FF71C0E93A
:104EC000024180210461C0E905410320CDE90004CD
:104ED0000120CDE902040A210491CDE90540CDE984
:104EE000074169460D48FDF79BFE08B1FCF716F92E
:104EF000099409A909480A94FDF71EFE08B1FCF7B8
:104F00000DF900210548FDF733FF04210348FDF7A3
:104F10002FFF0CB010BD00000034014088040020B9
:104F20000E4810B50C4901604FF461314160002119
:104F300081600C22C160C0E904128161C161FEF789
:104F4000D9FC08B1FCF7EAF8BDE810400122044999
:104F50000248FEF7A7BD000000500040D00400202A
:104F60002B0100200E4810B50C4901604FF4E131CF
:104F70004160002181600C22C160C0E9041281619E
:104F8000C161FEF7B7FC08B1FCF7C8F8BDE81040F6
:104F9000012204490248FEF785BD000000380140A7
:104FA00014050020270100200E4810B50C490160AF
:104FB0004FF416514160002181600C22C160C0E9AC
:104FC00004128161C161FEF795FC08B1FCF7A6F8F7
:104FD000BDE81040012204490248FEF763BD00000D
:104FE000004800405805002029010020FEE700008D
:104FF00010B501F097FA1349012816D0022817D0EE
:10500000032814D10878042801D005280FD10E49AF
:105010000878A8B100200870002808D1BDE8104029
:105020004FF4A0710948FBF70BBA0920087010BDB6
:105030000748017811B10021017010BD0121FBE783
:105040000120E8E710000020140000209C0500204B
:105050000F000020FEE700000C480078002814D163
:105060000B4A0C4932F83030401CC0B20B60E128CA
:10507000F8D309480078012805D0084800780128AD
:1050800003D100F079BD00F02BBA7047100000206A
:10509000E00C00207C0000201300002048000020CD
:1050A00010B40021084B0A465FF0000003EBC00477
:1050B000401CC0B262548028F8D3491CC9B20829E8
:1050C000F2D310BC00F0B0B8E813002010B57F2870
:1050D00016D83F2914D80723A3EBD10301F0070109
:1050E000C1F107040121A140064CDBB204EBC00072
:1050F000002AC25CC9B201D00A4300E08A43C2540C
:1051000010BD0000E81300202DE9F04116460D46C1
:1051100007460024FFF7DAFF324629463846FFF7F4
:10512000D5FF2819C1B232463846FFF7CFFF641CBD
:10513000E4B2082CF5D3BDE8F081000010B5394C7D
:105140000020C4F89001642004F5C87402F050F9FE
:10515000012020600021AE2000F04AF90021D52076
:1051600000F046F90021502000F042F90021A8206B
:1051700000F03EF900213F2000F03AF90021D32051
:1051800000F036F90021084600F032F900214020F5
:1051900000F02EF900218D2000F02AF900211420C2
:1051A00000F026F90021202000F022F90021022041
:1051B00000F01EF90021A12000F01AF90021C02002
:1051C00000F016F90021DA2000F012F90021122077
:1051D00000F00EF90021812000F00AF90021EF20F3
:1051E00000F006F90021D92000F002F90021F12099
:1051F00000F0FEF80021DB2000F0FAF8002130205A
:1052000000F0F6F80021A42000F0F2F80021A6201A
:1052100000F0EEF80021AF2000F0EAF8BDE8104001
:10522000FFF73EBF0080214270B5114E002400BF41
:1052300004F1B000C0B2002100F0DAF80021084605
:1052400000F0D6F80021102000F0D2F85FF0000541
:1052500006EBC5000121005D00F0CAF86D1CEDB23F
:10526000802DF5D3641CE4B2082CE1D370BD00009E
:10527000E81300202DE9FF4F203A1F460C468946CF
:1052800002F0FF0A0025DDF834B032E00C2F09D01F
:105290001A4901EB0A104FF00008465D300607D5A9
:1052A0005A4609E016490AEB4A0001EB8000F2E792
:1052B000BBF1000F12D0002221460098FFF706FF35
:1052C0007006641C060EE4B2A4EB0900B84207D1D4
:1052D00000984C46401CC0B2009008E00122EBE769
:1052E00008F1010000F0FF08B8F1080FD6D36D1CDB
:1052F000EDB2BD42CAD3BDE8FF8F000086B90008F9
:1053000012B500082DE9FF4F81B00026DDF838A066
:105310001D469346814634464FF001084FEA5A072E
:1053200027E0281B401EC1B20A2003F07EFEBBFB13
:10533000F0F00A21B0FBF1F201FB120026B9691E60
:105340008C4201DA48B101263030C2B207FB04902A
:10535000C0B25346CDF8008006E007FB0490C0B20F
:1053600053462022CDF800800299FFF783FF641C8A
:10537000E4B2AC42D5D305B0BDE8F08FF8B516461F
:105380000D460446012714E07A2C02D9002410357A
:10539000EDB23A2D03D900242546FFF781FE009790
:1053A00032780C2329462046FFF764FF0834E4B224
:1053B000761C30780028E7D1F8BD000070B50A4DA2
:1053C0000A4E002435F814003178884201D20122B7
:1053D00000E0002200212046FFF796FE641CE4B2A4
:1053E000802CEFD370BD00009018002091000020A9
:1053F00070B500250E4A012311B1C2F88C3101E0CD
:10540000C2F88C510B4C0021C4F8B851060602D5E5
:10541000C2F8943101E0C2F89451C4F8B8314006A2
:10542000491C000EC9B20829EED3C2F88C3170BDF8
:1054300000802142000022420020044902460A5412
:10544000401CC0B20928FAD370470000E8170020BA
:105450002DE9F84F01248246ADF800401D48002593
:105460004570ADF800401C4E1C4F81464FF6FF784A
:1054700026E000BFBDF8001011EA0A0F02D0C6F8FE
:10548000A44101E0C6F8A451C6F8A041052001F0EE
:10549000C9FFC6F8A051052001F0C4FFC6F8A0411D
:1054A000D7F8200130B199F80110BDF80020114360
:1054B00089F80110BDF8000008EA4000ADF80000CE
:1054C000BDF80000FF28D5D9BDE8F84F102001F045
:1054D000A9BF0000E81700200000224200802142FE
:1054E0002DE9F05FDFF81481D8F81410D8F8100017
:1054F000C1F18006C0F180006FF01301884202DD27
:10550000142800DA00208E4202DD142E00DA002674
:1055100005F078FD3A4C05466FF0060A20685146C2
:10552000834605F0ACFF294605F0CCFD3549374DE3
:10553000354F0860D5F8009010F1FF4F304608D283
:1055400005F060FD06464FF03C41484605F0BAFDC7
:1055500006E005F057FD06465146484605F08FFF28
:10556000314605F0AFFD3860D8F81C200020DFF888
:10557000A0A02849284E0B2A05D00C2A20D088F854
:105580000100BDE8F09F98F80020521CD2B288F8C4
:105590000020142AF5D1C8F81C0088F800005846ED
:1055A00005F0BEFB2060B04200DD26605146484653
:1055B00005F0B6FB194928608842E2DD2960E0E782
:1055C00098F80120521CD2B288F80120142AD8D1B0
:1055D000C8F81C0088F801000F46584605F07AFE0E
:1055E0002060B84200DA27605146484605F072FE56
:1055F0002860B042C5DA2E60C3E70000E00000205A
:10560000400000204C0000205000002044000020FA
:10561000000096430000C842000048440000FA44DD
:1056200070B5FFF709FF00F053F80B480B4BB0F8CB
:1056300003100A48203381800020012413F8105001
:1056400000F101006D1E04FA05F20A42C0B202D058
:105650001028F3D3002070BDE8170020E0000020E0
:1056600010B5FFF7DDFF1249124AC861D379CB604C
:10567000137A0B6154794C6192798A6101240E4A44
:10568000042801D1107888B1886800280DD0762BC5
:105690000BDA1078002808D10849147008700949FD
:1056A0000748086009490848086010BD8C60EEE7AB
:1056B000E0000020E8170020130000204800002030
:1056C00000009643400000200000484444000020B1
:1056D0002DE9FC4700248DF800400125ADF8045069
:1056E000254EC6F89041254F3878FFF7B1FE7878FF
:1056F000FFF7AEFE02208DF80000214FDFF8849006
:105700004FF6FF7830E000BFADF8045020E000BF56
:10571000C6F8A051052001F085FEC6F8A04105207D
:1057200001F080FEC6F8A051D7F8200150B19DF8D5
:105730000010BDF8042019F8011011439DF8002055
:1057400009F80210BDF8041008EA4100ADF80400A1
:10575000BDF80400FF28DBD9102001F063FE9DF89E
:105760000000401C8DF800009DF800000928CBD3F4
:10577000C6F89051BDE8FC8700002242E2000020FC
:1057800000802142E8170020884200DD0846904250
:1057900000DA1046704770472DE9F0472C4C8946D7
:1057A000014660881F4690460025A8B9104603F0C0
:1057B00037FC0246384603F033FC1044B0F5967FC0
:1057C00009DAA088401C80B2A0800A2804D90120F0
:1057D0006080A58003E0A580608801281ED1E08854
:1057E000401C80B2E080C82801D9E5806580194856
:1057F000194E814212DD3068143805F003FC494629
:1058000005F02CFC0AD23068143005F0FBFB494649
:1058100005F024FD02D20220608002E060880228A8
:1058200013D12089401C80B22081642801D92581B0
:10583000658008EB070003F0F3FB40F6B8318842BF
:1058400003DD65800120BDE8F0870020FBE7000054
:10585000500100200060EA46040000202DE9F041DC
:1058600080461C4815460E46007800282ED01A4C5B
:105870001A4F608988B938680A3805F0C3FB414679
:1058800005F0ECFB09D238680A3005F0BBFB414655
:1058900005F0E4FC01D206B91DB16089012802D0EF
:1058A00016E001206081A089401C81B20020A18106
:1058B000322901D9A0816081032E09DD032D07DD86
:1058C000642E05DA642D03DA60810120BDE8F081E1
:1058D0000020FBE70200002050010020040000200F
:1058E0002DE9F0470027214C01253E46C4F894518C
:1058F0003946C4F8907104F5C874FBF789FBFBF7CF
:1059000087FB61602160FBF783FBFBF781FB616034
:105910002560FBF77DFBFBF77BFB65602560FBF7F4
:1059200077FBFBF775FB65602160A4F5C874FBF796
:105930006FFBFBF76DFBDFF838908846C4F8948165
:10594000FBF766FBFBF764FB0F20FBF7B3FC0109D9
:1059500029F81610761CF6B2C4F89451FBF758FBE0
:105960007F1CFFB2802FE9D3BDE8F0870000214201
:10597000901800202DE9F04788B0474C07A8CDE9E2
:10598000004004F1220106AB02AA881F01F0B4FE18
:105990002088C0057DD5029805F034FB6FF01D0608
:1059A000314605F06CFD05466060039805F02AFB62
:1059B000314605F064FD8046A060049805F022FBA6
:1059C000314605F05CFD0746E060059805F01AFBDE
:1059D000314605F054FD064620610121284605F0B8
:1059E0004EFD394605F06EFB05464FF040473946FF
:1059F000404605F067FB314605F064FB294605F09B
:105A00008FF905F061F901F01BF8DFF890904FF085
:105A1000663842464B4604F047FE04F069FBA0613D
:105A2000E0680121054605F02AFD8246294605F079
:105A300049FB0546A0683946064605F043FB31465A
:105A400005F040FB294605F045FC4FF07E5105F07E
:105A500067F905F039F907460D460121606805F040
:105A60000EFD314605F02EFB06465046216905F035
:105A700029FB314605F054F905F026F93A462B4644
:105A800001F026FA42464B4604F00EFE04F030FBCD
:105A9000606108B0BDE8F087C401002066A64C40F4
:105AA00010B50E4C0120C4F8BC010F2004F5DE74C3
:105AB00001F0B8FC00222260094841880B060CD591
:105AC0008488890604EB9121AA2461434FF47A74F7
:105AD000B1FBF4F1034B1960428010BD000022427B
:105AE000340100207C0000200021032805D0042878
:105AF00005D0082805D000207047044A02E0044A77
:105B000000E0044A1068116000B2704724040040AD
:105B1000240800402434014010B54221D020FEF773
:105B200015FA04464121D020FEF710FA04EB0020BC
:105B300005F080FAB0F18E4F03DD4FF08F4105F094
:105B4000C9FB094905F060F905F0BEF8074A084BA2
:105B500004F000FB0022074B04F0A6FD04F0C8FA95
:105B6000BDE8104005F012BA0000AA43A4703D0A37
:105B7000D7434240000024402DE9F0414FF4FA643D
:105B8000244B651022462946186804F09FFA2246E5
:105B9000214C18602946206804F098FA20601D689E
:105BA0006FF06301A0F2DC50A5F2DC55884202DD03
:105BB000642800DA00208D4202DD642D00DA002521
:105BC00005F020FA0746154C284605F01BFA064654
:105BD000134D384605F078F8124A134B04F064FD73
:105BE00004F086FA2060304605F06EF84FF0663219
:105BF0000E4B04F059FD04F07BFA0D4928604878FB
:105C0000002804D000222260401E2A604870BDE8AF
:105C1000F08100003C010020400100204C000020E9
:105C200050000020CDCCCCCCCCCCFC3F66660240F2
:105C300050010020704700000848017808480429F6
:105C400005D0052905D0092906D0182102E00D212B
:105C500000E01221016070471621FBE710000020D0
:105C60000400002010B50F4B4FF4E1521C1D00281A
:105C700004DD1A60C0F5E150206003E000F5E1505A
:105C800018602260074B0833181D002904DDC1F598
:105C9000E1511960026010BD1A6001F5E151016027
:105CA00010BD000034040040FCF728BB30B595B0AF
:105CB00028216846FAF7C4FB14210AA8FAF7C0FBAA
:105CC00018210FA8FAF7BCFB01210804CDE9001048
:105CD0000025029502240491CDE907404FF4E0101D
:105CE00009906846FCF782FD08B172B6FEE70AA982
:105CF0000F2081E831004FF48060CDE90D050221CD
:105D00000AA8FCF787FC08B172B6FEE74FF44040E2
:105D100011900F940FA8FCF707FC002801D072B671
:105D2000FEE715B030BD70470148FDF7D5BA000059
:105D3000680300200148FDF7CFBA0000B00300203F
:105D40000148FDF7C9BA0000400400200148FDF7F2
:105D5000C3BA000088040020F0B502681C4B1D4D3A
:105D60001D4E1E4F1E4C4FF0804C984209D0A04251
:105D700007D0604505D0A84203D0B04201D0B84258
:105D800004D122F0700E4A6842EA0E02984209D00D
:105D9000A04207D0604505D0A84203D0B04201D050
:105DA000B84203D122F44075CA682A434D6922F0F3
:105DB00080022A4302608A68C2620A68826298424C
:105DC00001D0A04201D10969016301214161F0BD07
:105DD000002C01400004004000080040000C00407E
:105DE0000034014010B501F01F030121046A9940FD
:105DF0008C430462016A9A401143016210BD0000A5
:105E0000F0B5026A22F001020262036A4268846904
:105E1000124E24F073050C682C4323F002058B68A6
:105E20002B430D4DA84201D0B04205D123F0080705
:105E3000CB683B4323F00403A84201D0B04205D114
:105E40004D6922F4407215438A692A434260846195
:105E5000496841630362F0BD002C014000340140F9
:105E6000F0B5026A22F010020262026A4368846995
:105E70000D6824F4E64444EA05248D6822F02002EB
:105E800042EA05120F4D104EA84201D0B04206D191
:105E9000CF6822F0800242EA071222F04002A842B4
:105EA00001D0B04207D14D6923F4406343EA850332
:105EB0008D6943EA850343608461496881630262B6
:105EC000F0BD0000002C014000340140F0B5026A32
:105ED00022F480720262026A4368C46922F400728A
:105EE00024F073050C68124E2C438D6842EA05229B
:105EF0000E4DA84201D0B04206D1CF6822F4006214
:105F000042EA072222F48062A84201D0B04207D1BF
:105F10004D6923F4405343EA05138D6943EA0513A1
:105F20004360C4614968C1630262F0BD002C014056
:105F30000034014030B5026A22F480520262046AE1
:105F40004268C3690D6823F4E64343EA05238D687C
:105F500024F4005444EA0534084DA84202D0084D08
:105F6000A84204D14D6922F4804242EA851242607F
:105F7000C36149680164046230BD0000002C014027
:105F80000034014070B5046A24F00104046284699D
:105F9000056A124EB0420ED0114EB0420BD0B0F195
:105FA000804F08D00F4EB04205D00F4EB04202D005
:105FB0000E4EB04203D124F00304144301E044F038
:105FC00001041A0724F0F00444EA126225F00A03DF
:105FD00001F00A0119438261016270BD002C014089
:105FE000003401400004004000080040000C004064
:105FF00030B5046A24F0100404628469056A24F44C
:10600000407444EA022222F470444FF6FF7202EA1E
:1060100003322243A02425F0A00304EA011119430E
:106020008261016230BD000030B585B000241648A1
:106030000194039404634463447009218163847070
:106040001248816941F010018161816901F01001FC
:106050000491816941F0080181618069022500F0A5
:10606000080004904FF44470009069460295084877
:10607000FCF730F8E8018DE8310069460548FCF787
:1060800029F805B030BD0000B80200200010024021
:1060900000100140000C01400A49092804D00022E8
:1060A0008A708863886B7047886B0928FAD08A7871
:1060B0000878824201D2521C8A70D2B28242F1D355
:1060C0000920EEE7B80200201248007810281BD201
:1060D000DFE800F00A0C1A0C1A1A1A100E081A142B
:1060E0000E1612180CA210E00EA20EE010A20CE088
:1060F00012A20AE014A208E016A206E018A204E028
:106100001AA202E01CA200E01EA200210846FFF72E
:1061100035B90000B9020020535452414947485450
:106120000000000043524F53532020200000000085
:106130004C5F39302020202000000000525F3930B1
:1061400020202020000000004C5F424947202020F2
:1061500000000000525F424947202020000000005C
:106160004C5F534D4C20202000000000525F534DE7
:106170004C202020000000004C4F535420202020B1
:1061800000000000554E4B4E4F574E2000000000BF
:106190002DE9F04780463048324C3349D0F8009022
:1061A0002E4800250E7802882D48E76C012A0088C9
:1061B0002CD02E49098801292ED0092E33D06564B0
:1061C0002B480088012836D02A480088012832D080
:1061D000092E30D00021404604F074FFDFF898808B
:1061E000414604F011FE07464946606C04F06AFF20
:1061F000414604F009FE394604F092FD1F4F39680C
:1062000004F08EFDA064062E18D01FE004F012FFEB
:10621000014687F0004003E004F00CFF01463846D9
:1062200004F0F2FD05E0164801681648006804F025
:1062300049FF6064C4E714480168CCE713490A7851
:10624000521CD2B20A70282A01D30D703D60BDE8FD
:10625000F04704F09BBE0000280000203C00002016
:106260000A00002050010020100000203E00002005
:10627000380000203A0000200000C84250000020F2
:10628000F8020020EC0200202C0000200100002079
:1062900030B5134AD2F83431124CDBB22370D2F845
:1062A00034510022104C012D00D122700F4DA84214
:1062B0000CD80F4DA84209DC012B07D0B1F57A7F2D
:1062C00004DB2078012801D0002030BD09490120DD
:1062D0000A60091D0A60091D0A60091D0A6030BDB7
:1062E000000022420E00002002000020000020C218
:1062F00000002042340400400148FDF7F5B90000D9
:10630000D004002010B5406A0021C185C184FDF78A
:10631000E9F910BD0168CA6822F49072CA60016888
:106320004A6922F001024A61016B012904D1016826
:10633000CA6822F01002CA60202180F83E100021B5
:106340000163704708B590F83E10222901D0022061
:1063500008BD82684FF480539A4201D1016921B18E
:10636000816A9A421BD04AB10AE00268816A526887
:10637000C2F308020A80816A891C08E0026972B1CE
:106380000268526802F07F020A70816A491C8162C9
:10639000C18D491E0904090CC18503D019E00268AA
:1063A0005268F1E70168CA6822F02002CA600168F9
:1063B000CA6822F48072CA6001684A6922F0010248
:1063C0004A61202180F83E10016B012903D0FDF7BE
:1063D0007FFB002008BD002101630168CA6822F02C
:1063E0001002CA6001680A68D20602D50A684968C4
:1063F0000091818DFDF775F9EBE7000070B504465B
:1064000000680169E26821F440511143016121698A
:10641000A0680843616908432168CA6841F20C63B7
:106420009A430243CA6020684169A26921F440711D
:10643000114341611E492068884202D1FCF790F95E
:1064400001E0FCF77DF900EBC00101EB0012606890
:1064500064218000B2FBF0F3B3FBF1F36FF0180698
:106460007343B2FBF0F5B2FBF0F605EB8305322384
:1064700003EB0515B5FBF1F5B6FBF1F605F0F005FC
:1064800005EB0615B2FBF0F6B2FBF0F0B0FBF1F055
:106490006FF01802504306EB800003EB0010B0FBD6
:1064A000F1F0216800F00F002844886070BD000002
:1064B0000038014081628285C28500210164222268
:1064C00080F83E2080F83C100168CA6842F480726F
:1064D000CA6001684A6942F001024A610068C16805
:1064E00041F02001C1600020704700000148FDF725
:1064F000FBB800001405002000B5054B0022985C95
:1065000003F0ECFD521CD2B2182AF8D300BD0000F3
:10651000261800200148FDF7E7B8000058050020C4
:10652000FEE7000070B52E4C00252E482178062984
:1065300054D2DFE801F003091A2333470121FBF7A6
:10654000C5FE012816D049E06188491C89B26180E6
:10655000052943D10121FBF7B9FE012802D065804E
:1065600025703BE02078401C13E00121FBF7AEFED4
:10657000012830D02078401C20702FE06088B0F5D2
:10658000C87F03D925706580022070BD052803D916
:1065900004202070658021E02570FBE76188491C9C
:1065A00089B26180142919D9462917D20121FBF734
:1065B0008DFE0128D6D0608841280FD925706580CE
:1065C000012070BD0121FBF781FE012803D0658009
:1065D0002570032070BD6088401C6080002070BD65
:1065E000A0000020000801402DE9F35F864985489E
:1065F000DFF818A2098890F800808B46844DCBF113
:106600000004B8F1090F38D082480088012837D03B
:1066100081480088012837D0DAF8000004F054FBE4
:106620007E4A7F4B03F052FE00227E4B03F04EFE6B
:10663000022204F0F6FE00227B4B04F035F8002223
:106640007A4B04F031F8012204F0EBFE03F050FD28
:106650000146E8637648A946814201DDC9F83C005D
:106660007449B8F1080F0D6873490F8873490E8893
:106670000ED0B8F1070F55D057E071480068CDE74C
:10668000084603F0C1FFCBE7204603F0A6FFC7E7AB
:10669000A5F1C900B0F5957F20D8012F1ED0012E9D
:1066A0001CD0584603F0B0FF5C4A5D4B03F00EFE71
:1066B00000225C4B03F00AFE022204F0B2FE00222C
:1066C000594B03F0F1FF0022584B03F0EDFF01227C
:1066D00004F0A7FE03F00CFDC9F83C00C82D24D23D
:1066E000012F22D0012E20D0204603F076FF4B4A06
:1066F0004B4B03F0EBFD00224A4B03F0E7FD022277
:1067000004F08FFE0022484B03F0CEFF0022474BDF
:1067100003F0CAFF012204F084FE03F0E9FCC9F88B
:106720003C0002E0B5F5E17FDAD3DDE90010084472
:10673000404204F067FC0546C9F834004C46D9F8DD
:10674000380004F0C1FA3F4A3F4B03F0ADFF03F0BD
:10675000CFFC0746284604F0B7FA3C4A3C4B03F00E
:10676000A3FF05460E46384604F0AEFA2A463346E5
:1067700003F0F0FC03F0BCFC05460146A063206C6E
:1067800004F0CEFAE16B04F0CBFA3249206488427F
:1067900002DC3149884200D9216430480168206C0C
:1067A00004F090FC2E4904F02FFB06462D480168AA
:1067B000284604F087FC2C4904F026FB314604F0FF
:1067C00089FD00252063B8F1060F07D1274801781D
:1067D000491CC9B20170642902D30570CAF800507F
:1067E0002348016823480068FFF752FD012803D0C1
:1067F00021480078012800D12564206BBDE8FC5FAA
:1068000004F0C4BB100000200C0000204C0000204D
:1068100050010020380000203A000020D3DEE00BB9
:10682000934F6A400000694000003E4000407F40B6
:10683000000016457C0000203C0000203E000020A7
:10684000E8020020E17A14AE47E1EA3F7B14AE474C
:10685000E17AC43F00504348005043C82400002060
:106860000000C842200000200000C8C20100002033
:106870006C000020700000200E00002001EB0020C2
:1068800000B204F0BFBB490050EAC12018BF042089
:106890004A0D18BF40F0010040F2FF72B2EB515FA9
:1068A00008BF40F00200012808BF05207047090713
:1068B000090E002804DB00F1E02080F80014704786
:1068C00000F00F0000F1E02080F8141D70472DE962
:1068D000F0414F1E00EBC7010446D1E90001154607
:1068E0001E4637F006020DD02A46334603F0DCFE82
:1068F0007F1E04EBC703D3E9002303F02BFC37F022
:106900000602F1D1022F25D0042F13D0062F18BF75
:10691000BDE8F0812A46334603F0C6FED4E90A23D7
:1069200003F018FC2A46334603F0BEFED4E90823E0
:1069300003F010FC2A46334603F0B6FED4E90623E2
:1069400003F008FC2A46334603F0AEFED4E90423E4
:1069500003F000FC2A46334603F0A6FED4E90223E6
:1069600003F0F8FB2A46334603F09EFED4E90023E9
:10697000BDE8F04103F0EEBB00221346104601498A
:1069800003F0A4BC0000F03F012204F04ABD03F074
:10699000E1BB002213461046114603F097BC40F2BB
:1069A000013200204FF0E04104F03BBD024A0020DC
:1069B000110704F036BD000001FDFFFF7047000025
:1069C0002DE9FE4F07460E460025684601F0F8F90E
:1069D00000246FF00F0AE8464FF0010957F8240031
:1069E00056F82410401A00D5404204F00BFB5146E3
:1069F00004F045FD58F8241011F0FF4F0BD004F0BF
:106A000003FA4FF07E5104F065FC0A4920F0004083
:106A1000884205DC07E0084908440849884202D357
:106A200009FA04F00543641C032CD7DB2846BDE8B3
:106A3000FE8F0000295C0F3E666666C19A99D900F8
:106A40002DE9F04D8D4F21F0004A86B005460C46E9
:106A5000BA452ADBAAEB070028430AD088488245BA
:106A600001DC1AD1CDB106B02846BDE8F04DFFF7E4
:106A70008BBF844A844B284603F016FE07460E4619
:106A8000824A834B2846214603F00EFE06B03A4662
:106A90003346BDE8F04D03F05DBB0120F9F776FD0C
:106AA00006B0BDE8F04DFFF774BF7A48824542DA80
:106AB000BAF1795F0BDA2846FFF7E5FE042808BF34
:106AC000FFF774FF284606B02146BDE8F08D2A4640
:106AD0000B46104603F0E8FD834602466E480E461C
:106AE0000B4606217844FFF7F2FE5A46334603F080
:106AF000DBFD804669488A465A463346042178447D
:106B0000FFF7E5FE5A46334603F0CEFD00223B4632
:106B100003F020FB02460B464046514603F0D6FBED
:106B20002A46234603F0C0FD06B02A462346BDE8A8
:106B3000F04D03F00FBB284624F0004100223D46F3
:106B40003B4603F0E5FE4FF0FF3204F06AFC0646D8
:106B5000024653480F460B4606217844FFF7B7FE1E
:106B600032463B4603F0A0FDCDE900014D483246D8
:106B70003B4604217844FFF7AAFE32463B4603F029
:106B800093FD00222B4603F0E5FA8346029130463E
:106B9000394603F075FA804643480D46504517DCE8
:106BA000DDE900015A46029B03F090FB42462B466A
:106BB00003F07AFD42462B4603F0CCFA012204F0A2
:106BC00030FC304A304B03F095FF304A304B4CE0FC
:106BD0004FF0000A52460B46404603F0BBFACDE99F
:106BE000031052462B461046194603F05DFD32460F
:106BF0003B4603F08DFEDDE9033203F067FB0646FA
:106C00000F46DDE900015A46029B03F05FFB834615
:106C1000009101223046394604F003FC194A1A4B10
:106C200003F076FE06460F4601224046294604F050
:106C3000F8FB5A46009B03F037FD32463B4603F013
:106C400059FF06460F4601225046294604F0E9FB4B
:106C50000E4DDFF858802A46434603F059FE32466F
:106C60003B4603F055FE2A46434603F051FE002CF6
:106C7000D8BF81F0004106B0BDE8F08D0000F03FC4
:106C80000000F07F075C143326A6913C182D445475
:106C9000FB21F93F0000E03FD8600000EE600000FB
:106CA00062600000786000003333EF3FFB21E93F72
:106CB0002DE9F84F04460D4621F00040009173493C
:106CC000814211DC7249884201DC06D12CB1204698
:106CD0002946BDE8F84FFFF757BE6E48002DCCBFE0
:106CE0006D496E49BDE8F88F6D49814211DD6D49EE
:106CF0008142D8BF4FF0FF366DDD20462946FFF7B1
:106D0000C2FD042808BFFFF751FE20462946BDE812
:106D1000F88F6549654F25F00045814233DD6449B0
:106D2000814219DD002632464FF080432046294635
:106D300003F010FA80468A4601222046294604F0D4
:106D400070FB00223B4603F0D5FE4246534603F05B
:106D5000BDFA04460D463EE001260022BA463B46F7
:106D60002046294603F0F6F980460F460022534696
:106D70002046294603F0BEFE42463B4603F0A6FAF3
:106D800004460D4627E04B4981421BDDDFF828A170
:106D90000226002253462046294603F085FC0022A5
:106DA0003B4603F0D7F980460F4600225346204663
:106DB000294603F09FFE42463B4603F087FA04460D
:106DC0000D4608E0032622462B4600203B4903F0EF
:106DD0007DFA04460D4622462B461046194603F01E
:106DE00063FC8B46824602460B4603F05DFC074679
:106DF0000246334888460B4606217844FFF767FD74
:106E000052465B4603F050FC82462E488B463A467B
:106E1000434605217844FFF75AFD3A46434603F0BE
:106E200043FC02460B46002E504659460CDA03F04E
:106E300091F922462B4603F037FC01B022462B463F
:106E4000BDE8F04F03F064BD03F084F922462B4601
:106E500003F02AFC1C4A7A4402EBC603D3E9002360
:106E600003F048FE22462B4603F044FE174A7A44BC
:106E700002EBC603D3E9002303F04AFD009A002A7F
:106E8000B8BF81F00041BDE8F88F00000000104459
:106E90000000F07F182D4454FB21F93FFB21F9BF7E
:106EA0000000DC3F0000203E0000F33F0000F03F08
:106EB0000000E63F008003400000F83F0000F0BF04
:106EC000025F0000C05E00005E5E0000265E000003
:106ED0002DE9F04D9446CCF1000423F000464CEA35
:106EE0000404524F46EAD4749A46884621F0004280
:106EF000BC4206D8454240EA050442EAD474BC428A
:106F000004D9BDE8F04D6246FFF741BDAAF14055F6
:106F1000A5F17F6555EA0C040BD0022404EAAA749B
:106F2000434DDFF810E144EAD87452EA000B04D074
:106F30000CE0BDE8F04DFFF7BBBE002C14BF012CE8
:106F4000BDE8F08D022C30D0032C32D056EA0C0B69
:106F50000AD0BE4220D1BA4209D126F0804622F0A2
:106F600080423346114617E000291ADB25E0DFF89E
:106F7000C8B0FB44002C04BFDBE90001BDE8F08D84
:106F8000012C02BFDBE9000181F00041BDE8F08D7A
:106F9000022C0AD0032C0CD0BA4212D1B8F1000F47
:106FA0000BDA23482549BDE8F08D28462449BDE881
:106FB000F08D28467146BDE8F08D1D482149BDE899
:106FC000F08D921B12153C2AC4BF19481D490EDCD6
:106FD000BAF1000FBEBF12F13C0F0020014606DBE4
:106FE000624603F073F921F00041FFF761FE002CC7
:106FF00008BFBDE8F08D012C04BF81F00041BDE861
:10700000F08D114A114B022C07D003F073FD2A4674
:10701000BDE8F04D0A4B03F06DBD03F06BFD2A4651
:10702000BDE8F04D064B03F073BC00000000F07F9C
:10703000182D4454FB2109C0BA5D0000FB21F9BFA3
:10704000FB210940FB21F93F075C143326A6A13C34
:107050002DE9F04391B020216846F9F7F1F9764D1A
:10706000A879697900EB012003F0CEFA734C002275
:10707000234603F02BF903F03BF8074695F8380058
:1070800095F8371000EB012003F0BEFA00222346EA
:1070900003F01CF903F02CF80446202108A8F9F7A6
:1070A000CFF967490120DFF8A08108706548874261
:1070B00007DD6648844204DA4146204603F030FE8C
:1070C000044600262046394604F004F9F11E04F077
:1070D000D6F9814608AC304603F0ACFF014648467D
:1070E00003F0F0FF394603F01BFE414644F826004A
:1070F000884203DD04F0EEF844F82600761CF6B270
:10710000082EE8D300200BE0102860D2DFE800F062
:10711000080813131E1E292934343F3F4A4A555587
:1071200000EB40012944009A0B7AC9791A4402EB1A
:10713000012100914BE000EB40012944019A0B7AB8
:10714000C9791A4402EB0121019140E000EB4001B2
:107150002944029A0B7AC9791A4402EB012102915F
:1071600035E000EB40012944039A0B7AC9791A44AF
:1071700002EB012103912AE000EB40012944049A2B
:107180000B7AC9791A4402EB012104911FE000EB4C
:1071900040012944059A0B7AC9791A4402EB01216E
:1071A000059114E000EB40012944069A0B7AC97955
:1071B0001A4402EB0121069109E000EB4001294449
:1071C000079A0B7AC9791A4402EB01210791401CF6
:1071D000C0B2102898D31E4A1E4900201378EC46EE
:1071E0001D1801EBC50754F820607E605CF8206034
:1071F000401C7608C0B221F835600828F0D3083367
:10720000D8B21070E12813D30B4B002013F13C03CC
:1072100001EBC00403EBC00564686C6031F83040DA
:1072200023F83040401CC0B2E128F1D30020107098
:1072300011B0BDE8F0830000A40C0020000059400C
:10724000880000200000AF430000B443000050411C
:10725000A80000209C0500202DE9FE4F4C4C7B200F
:10726000207602907D2084F82E004A4801684A4822
:107270000F460068064603F053FD4FF0FF3104F05F
:10728000FEF803F083FE00B2608300900025A58322
:107290003146384604F01EF8404903F0B5FD03F0CE
:1072A00013FD3F4A3F4B03F011F800223E4B03F021
:1072B000FBF903F063F900B2E08383463B480088A2
:1072C000404200B2608482463948B0F90000A08490
:1072D00081463848B0F90000E0848046364800888E
:1072E000C0EB8030800007B23448278500888000DA
:1072F00006B23348668500780190E8B3A585314829
:10730000006803F07FFE304903F0DCFE03F03EFE30
:10731000208402992170019961700099090AA17075
:107320000099E170290A217165714FEA1B21A17151
:1073300084F807B04FEA1A21217284F809A04FEAB5
:107340001921A17284F80B904FEA1821217384F857
:107350000D80390AA173E773310A21746674A18D17
:107360000A0AA274E174010A2175607501211620D0
:10737000F9F7D4FBA07500E004E094F82E00E07566
:10738000BDE8FE8F114800888000A085B7E70000A7
:1073900026180020040200200002002000007A4489
:1073A0007B14AE47E17AC43F00408F406201002069
:1073B0006601002064010020700100206C010020A3
:1073C0000E0000206C000020000020416E01002013
:1073D0004FF0E020016921F0040101610348092117
:1073E000017042F228314180704700004C010020BA
:1073F0000B49498848434FF0E021486100228A61E7
:10740000086940F0010008610869C30701D0C003A2
:10741000FAD5086920F0010008618A617047000010
:107420004C0100200B49097848434FF0E0214861A6
:1074300000228A61086940F0010008610869C307F9
:1074400001D0C003FAD5086920F0010008618A6103
:10745000704700004C01002008B560B120208DF875
:10746000000028208DF8010030208DF8020038201F
:107470008DF8030004E0A32204216846F8F7B6FF64
:107480006A46042140F69E2001F0A0FD01F066FA54
:1074900008BD00003EB5044602208DF80000CA2059
:1074A0008DF80100E3208DF8020009208DF803001B
:1074B0006A460421682001F089FDA3208DF80000B0
:1074C000610609D5C0218DF80110C8218DF8021080
:1074D000C2218DF8031005E08DF801008DF802003F
:1074E0008DF8030014F4C07F09D0C4218DF8041076
:1074F000CC218DF80510C6218DF8061005E08DF819
:1075000004008DF805008DF806008DF808008DF850
:1075100007008DF809006A460A2140F6A72001F00D
:1075200055FDA0074FF0D80503D020208DF80000AE
:1075300001E08DF800506A46012140F6B62001F0C6
:1075400045FDA00601D5012000E0002000F08EF8E6
:1075500014F4C07F1ED0E0050AD5B2208DF80000DB
:107560008B208DF80100B6208DF802009B2009E0E9
:10757000B0208DF8000080208DF80100B4208DF837
:10758000020090208DF803006A46042140F6A220F4
:1075900001F01CFDE1074FF40B6022D0F8218DF8BB
:1075A00000106A46012101F011FDFA21072000F0C8
:1075B00039FB072000F004FB012000F021FB6420D0
:1075C00000F0C4FB4FF4FA7000F0D0FBC82125484E
:1075D00000F0BEFA282000F0D3FA0A2000F0E0FA0A
:1075E00005E08DF800506A46012101F0EFFCA0078C
:1075F00003D5D9208DF8000001E08DF800506A46CF
:10760000012140F23D7001F0E1FC600701D501204D
:1076100000E0002000F048F8E00601D5012000E07D
:107620000020FFF719FF104D44F00800688101F0B9
:1076300095F90020A873600601D50620A87314F4FC
:10764000C07F02D0A87B801DA87314F0140F02D055
:10765000A87B1030A873A00702D0A87B001DA873D8
:1076600000203EBD09E3CA02DC1900200EB54FF42C
:10767000976310B106A107C901E008A207CA8DE807
:1076800007006A460921184601F0A0FC0EBD000063
:10769000B8AAB38DB4980D355D000000B8AAAAAAA7
:1076A000B088C3C5C700000008B560B1C0208DF820
:1076B0000000C2208DF80100C4208DF80200C62011
:1076C0008DF8030004E08B2204216846F8F78EFE53
:1076D0006A46042140F6982001F078FC01F03EF95A
:1076E00008BD0000C8234FF48062024940F6F6301E
:1076F00001F016B8C8BF00082DE9FF4F89B0174642
:10770000DDE9165200244C4E884681462C80A24664
:10771000B07B694601F0B0F84FF0FF3B18B1584616
:107720000DB0BDE8F08F708910F0140F3CD00099B7
:1077300009BA21F0FF039DF803100B433B60019948
:107740001B1409BA21F0FF029DF807105B430A439E
:107750007A6002999DF80B4009BA21F0FF0121439C
:10776000B960039C091424BA24F0FF0C9DF80F4063
:1077700012144CEA040CC7F80CC04FEA2C474943DA
:1077800002FB023207FB071111441024A1F17061C2
:10779000B1F1007F04D901F0E1F8A5F800A0BEE73F
:1077A000298841F4807129804206694611D50A1959
:1077B000A41D13885BBAA8F8003053885BBAA8F8F8
:1077C0000230928852BAA8F804202A8842F00802AF
:1077D0002A8010F4C07F11D00A19A41D13885BBA47
:1077E000A9F8003053885BBAA9F80230928852BADF
:1077F000A9F804202A8842F070022A80800716D057
:107800000C44E07800F0C00500F03F016078C0074C
:1078100006D0C80801F007013268491C02B1904740
:107820006078000703D5716809B1A80988470C98EA
:1078300001F0FAFB002073E7DC1900202DE9FF417D
:10784000044603A800F022FEBDF80C00410CC3035F
:107850002F48028902F00300550754F8200000D594
:107860004042C2F3C105960654F8255000D56D423A
:10787000C2F38116D20554F8264000D56442A0FB1D
:107880000367C21702FB037200FB0120820042EA79
:107890009670A5FB0367EA1702FB037205FB012242
:1078A000950045EA9672A4FB0367E51705FB037391
:1078B00004FB01318B0043EA9671030E8DF8003012
:1078C000030C8DF80130030A8DF802308DF80300A7
:1078D000100E8DF80400100C8DF80500100A8DF8BC
:1078E0000600080E8DF80800080C8DF80900080A3B
:1078F0008DF80A008DF807208DF80B106A460C21D0
:107900004FF4257001F062FB04B0BDE8F081000087
:10791000DC19002030B5044613A285B007CA8DE8F3
:1079200007004FF0FF35C82C16D8C820B0FBF4F183
:10793000491E080A8DF80C008DF80D1003AA0221CB
:1079400040F2162001F042FB30B96A460C2140F6A5
:10795000C12001F03BFB10B1284605B030BD054801
:1079600084810020F9E70000FEF2ABC4AAF1DFDF5A
:10797000BBAFDFDFDC190020F8B53049098901F021
:10798000030250F822404A0700D56442C1F3C10205
:107990008B0650F8222000D55242C1F3811350F8D3
:1079A0002330C80500D55B42254984FB0140850092
:1079B00045EA947082FB0142A40F44EA820483FBEF
:1079C0000121950F45EA8105010E8DF80010010C8B
:1079D0008DF80110010A8DF802108DF803006A4637
:1079E00004214FF4747001F0F1FA4FF0FF3688B9BA
:1079F000200E8DF80000200C8DF80100200A8DF873
:107A000002008DF803406A4604214FF4757001F0BE
:107A1000DDFA08B13046F8BD280E8DF80000280CBC
:107A20008DF80100280A8DF802008DF803506A468F
:107A300004214FF4767001F0C9FAF8BDDC1900207A
:107A400009E3CA022DE9FF4104463CA004F0030308
:107A5000006802903AA0006803903AA006683AA035
:107A6000056802A8C15C8DF80010C4F3C101425C36
:107A70008DF80120C4F38112805C8DF8020003A808
:107A8000C35C8DF80430415C8DF80510805C8DF886
:107A900006006A46032140F2264001F097FA4FF0B3
:107AA000FF37E0BB01AA032140F22A4001F08EFA21
:107AB000A8BBCDE9006560070BD59DF8000040F03C
:107AC00001008DF800009DF8040040F001008DF8E1
:107AD0000400A0060BD59DF8010040F001008DF8D0
:107AE00001009DF8050040F001008DF80500E0055B
:107AF0000BD59DF8020040F001008DF802009DF8C2
:107B0000060040F001008DF806006A4603214FF49C
:107B1000886001F05BFA10B901AA032100E004E0DB
:107B200040F2314001F052FA18B1384604B0BDE8D5
:107B3000F081064804810020F8E700004CCD6C007D
:107B40000CC92C003656760026466600DC1900204B
:107B50004FF47A7290FBF2F008B54843010E8DF8AD
:107B60000010010C8DF80110010A8DF802108DF83B
:107B700003006A4604214FF4AE7001F027FA08BDF5
:107B80000521B0FBF1F008B5010A8DF800108DF861
:107B900001006A4602214FF4AD7001F017FA08BDEA
:107BA0000521B0FBF1F008B5010A8DF800108DF841
:107BB00001006A4602214FF4AC7001F007FA08BDDB
:107BC00008B500218DF80010C10702D030218DF8D2
:107BD0000010810705D59DF8001041F00C018DF8CB
:107BE0000010400705D59DF8000040F003008DF817
:107BF00000006A4601214FF4A47001F0E7F908BDC6
:107C000008B560B1042800D90420401E8DF800009A
:107C10006A46012140F24F1001F0D8F908BD012059
:107C2000F3E700002DE9FC41054640074FF0FF3621
:107C30007CD0B1F5C86F79D8084603F0FBF93E490E
:107C400003F0E2F8074601A800F002FC9DF80400EA
:107C5000022806D004280DD008282ED0102865D17F
:107C600034E00E21384603F00AFC03F0ABF984B28D
:107C7000324907E00D21384603F001FC03F0A2F978
:107C80002F4984B2384603F01DFA03F09BF9210A0C
:107C90008DF8001080B28DF80140010A8DF80210B5
:107CA0008DF80300E8076C4620D0224602214FF4ED
:107CB000EA7001F08BF9C8BB11E00C21384603F0E3
:107CC000DEFB03F07FF984B21E49DBE70B21384667
:107CD00003F0D5FB03F076F984B21B49D2E7A21C6E
:107CE00002214FF4927001F071F9F8B9A8070DD58F
:107CF0006A4602214FF4EC7001F068F9B0B9A21C99
:107D000002214FF4947001F061F978B9680710D539
:107D10006A4602214FF4EE7001F058F930B9A21C06
:107D200002214FF4967001F051F910B13046BDE8D0
:107D3000FC810020FBE700000000484300004046B3
:107D40000000C045000040450000C0440521B0FBD4
:107D5000F1F008B5010A8DF800108DF801006A46AF
:107D600002214FF4EF7001F031F908BD0521B0FB9D
:107D7000F1F008B5010A8DF800108DF801006A468F
:107D800002214FF4ED7001F021F908BD09490A788C
:107D9000C1B23AB1084A13685B06FCD5064A121D07
:107DA00011607047054A13685B06FCD5034A121D33
:107DB000F6E700000F0000200038014000480040B6
:107DC0002DE9FE430646264801AB042240680D21FA
:107DD000007800F03FFA10B10720BDE8FE839DF85F
:107DE00004101C2000EAD1029DF80710DFF87490FF
:107DF000C1F301131A438DF800209DF80520C1F34B
:107E0000810300EAD2021A438DF801209DF8062072
:107E100001F0030100EAD20008430024124F8DF85C
:107E20000200A0466D46285D10B146F824900AE095
:107E300046F824800DE000BF56F82400394603F0D0
:107E400041F946F82400285D401E10F0FF00285537
:107E5000F2D1641CE4B2032CE5D30020BDE700009E
:107E6000080200207B14AE3E1D5A843F2DE9FE4FD0
:107E700005460120C14E8DF800004FF000088DF836
:107E8000018030680C461746817C70686B46022280
:107E9000007800F017FA4FF0FF3A00287AD1C82096
:107EA000FFF7A6FA8DF8008030686B460122C17B8F
:107EB0007068007800F006FA0028EFD130686B4651
:107EC000012241797068007800F0FCF90028E5D1C2
:107ED00030686B460122817C7068007800F0F2F90E
:107EE0000028DBD130686B460122C17D70680078C4
:107EF00000F0E8F90028D1D130686B460122017901
:107F00007068007800F0DEF90028C7D14FF00C0946
:107F10008DF8009030686B46012201797068007816
:107F200000F0D0F9002835D10F20FFF761FAB06AD0
:107F30006B460122407A8DF80000306881787068C5
:107F4000007800F0BFF9002824D1B06A6B46012206
:107F5000007A8DF80000306841787068007800F091
:107F6000B1F9002873D1B06A807A0FB140F0E00017
:107F70008DF8000030686B460122817970680078C6
:107F800000F0A0F9002862D12FB1B06AC07A40F0A9
:107F9000E00001E04AE018208DF8000030686B46F0
:107FA0000122C1797068007800F08CF9F0BB17B13C
:107FB000C820FFF71DFA40208DF8000030686B469E
:107FC000012201797068007800F07CF970BB78209C
:107FD0008DF8000030686B460122417970680078A6
:107FE00000F070F910BB3220FFF702FA8DF8008024
:107FF000306847466B46417970680122007800F08E
:1080000061F998B931687068B046897A00786B4632
:10801000022200F01FF948B9BDF80000AF6040BA75
:10802000B0FBF9F06F60C6B22F6000E00FE0A76010
:1080300067602760002739E0D8F80010D8F80400FE
:108040006B46C97A00780C2200F004F910B1504652
:10805000BDE8FE8FBDF80000236840BA02B2BDF84B
:108060000200BDF804101A44226040BA626800B2EF
:108070001044606049BAA06809B20844A060BDF825
:1080800006002B6840BA02B2BDF808001A4440BA94
:1080900001B2BDF80A002A606A6840BA11446960FA
:1080A000A96800B208447F1CFFB2A860B742C3D3DE
:1080B00028688322C117090441EA10410004002303
:1080C000F8F7C8F832460023F8F7C4F82860686863
:1080D0008322C117090441EA104100040023F8F784
:1080E000B9F832460023F8F7B5F86860A86883222B
:1080F000C117090441EA104100040023F8F7AAF867
:1081000032460023F8F7A6F8A86020684FF400650F
:10811000C117090441EA104100042A460023F8F778
:1081200099F832460023F8F795F8206060682A46EF
:10813000C117090441EA104100040023F8F78AF846
:1081400032460023F8F786F86060A0682A46C11717
:10815000090441EA104100040023F8F77BF8324695
:108160000023F8F777F8A060002802DDA0F5803042
:1081700001E000F58030A060002069E708020020DF
:108180002DE9F84F81462E488846002540686B4609
:10819000032200780D2100F05DF810B10720BDE842
:1081A000F88F9DF80000002400F01F008DF80000FB
:1081B0009DF801006FF00F0B00F01F008DF801001B
:1081C0009DF802006E4600F01F008DF802004FF08F
:1081D000010A00BF59F8241058F82400081A00D5E5
:1081E000404202F00FFF594603F049F90746305D5F
:1081F000C0B1144802E0144902F064FF315D491E29
:1082000011F0FF013155F6D10146384602F0FCFD70
:108210004FF07E5103F05EF80C4920F00040884298
:1082200005DC07E00A483844B0F1D97F02D90AFAE0
:1082300004F00543641C032CCCDB2846AFE70000A8
:10824000080200200000C84154E3853F295C0F3E2E
:108250000000E0BE2DE9F0411D4614460F460646DB
:10826000FBF73AFFB0B17006000EFBF705FFFBF716
:108270007BFF90B13846FBF7FFFEFBF775FFFBF77E
:108280002BFF012000EB4600C0B2FBF7F5FEFBF729
:108290006BFF0FE00120BDE8F081FBF745FFF9E738
:1082A000012C0DD05FF00100FBF7B0FE641E05F855
:1082B000010BE4B2002CF3D1FBF736FF0020EAE714
:1082C0000020F1E72DE9F0411E4615460F46044611
:1082D000FBF702FF68B16006000EFBF7CDFEFBF76F
:1082E00043FF48B13846FBF7C7FEFBF73DFF0024CC
:1082F0000CE00120BDE8F081FBF716FFF9E7305DE7
:10830000FBF7BAFEFBF730FF10B1641CAC42F6DBA2
:10831000FBF70AFF0020EDE790F90010002902DDCD
:108320004FF00000704702DA4FF00400704790F9F8
:108330000110002902DD4FF00100704702DA4FF012
:108340000500704790F90200002802DD4FF002009E
:10835000704702DA4FF0060070474FF00700704791
:10836000F9F7D4FFFDF7A2FCFCF7D0FBFCF77CFB90
:10837000FCF7A2FBFCF76AFCFCF7F4FCFCF752FDEF
:10838000FCF78EFDFCF7CCFDFCF7ECFDFCF70CFEDA
:10839000FCF794FC0220FCF719F80120FCF716F812
:1083A000FFF716F8FCF7CAFEFDF73EFEFCF71AFBD6
:1083B000F8F716FC1720FAF70EF800260E4C0125E8
:1083C000207830B1F8F724FDE570E0780028FCD182
:1083D000F6E7F8F717FA00F031FE6078092801D0C7
:1083E000FDF73EF9A0780128EED1FEF735FFFEF744
:1083F00083F8A670E8E700000F0000202DE9F041A7
:10840000124C20F00101002594F8240010B1002046
:10841000BDE8F081A07A4FF0FF3668B10840277CB4
:108420002074884200D0354641B1012001F0FCFDA6
:1084300000F094FA38B127743046E9E7207D00B1A6
:10844000012001F0F1FD2846E2E7000008020020CB
:108450000D494A7A42B1012A08D0022A0FD0032AD4
:108460000FD04FF0FF307047022200E0042202706C
:10847000C97C11B11106C90D017000207047082296
:10848000F5E71022F3E70000080200200F494A7ABE
:1084900042B1012A09D0022A11D0032A12D04FF08A
:1084A000FF3070474FF4804201E041F69C72028039
:1084B000C97C11B1C2F34E010180002070474FF416
:1084C0008052F4E74FF40062F1E700000802002058
:1084D0000B49097A39B1012907D002290AD00329A9
:1084E0000BD0002103E0FA2101E04FF4FA71018082
:1084F000002070474FF47A71F9E74FF4FA61F6E71C
:10850000080200200A49097A41B1012908D002294C
:108510000AD003290AD04FF0FF307047054900E028
:1085200005490160002070470449FAE70449F8E76B
:10853000080200200000034300008342333303425B
:10854000333383410C49C97A072913D2DFE801F09C
:108550001204060A0C0E1000BC2100E0622101800A
:10856000002070472A21FAE71421F8E70A21F6E7EC
:108570000521F4E70021F2E708020020054991F8FF
:10858000242012B14FF0FF307047C98901800020CC
:1085900070470000080200202DE9FC414C4C80206F
:1085A0008DF8000020686B460122817C60680078AD
:1085B000FFF788FE4FF0FF37002832D16420FEF726
:1085C00017FF00258DF8005020686B460122817C42
:1085D00060680078FFF776FE002870D120686B464F
:1085E0000622817D60680078FFF734FE002866D19E
:1085F0009DF805009DF80310C007400F01F0010130
:1086000040EA41019DF801004FF0010600F0010031
:10861000014309D0012905D0022915D02DA0F7F773
:108620003DFE4CE0E67410E020686B460122C17804
:1086300060680078FFF70EFE40BB9DF8000010F068
:108640000F0020D0042822D0E574FF2004F80A0F80
:108650004FF6FF7104F8020C04F8010C6070A18061
:10866000A0712072A67026766576E572A572E56027
:1086700025616561A576E576A5834FF4FA6000F083
:108680006BFB18B907E01D48F7F708FE17E01CA0C0
:10869000F7F704FEC6E7022000F080FA78B92A2036
:1086A00000F0C2FB58B9322000F0F4FB38B90020CA
:1086B000FFF7A4FE18B9002000F0A4FA10B1384664
:1086C000BDE8FC81002000F025FC0020F8E7000058
:1086D00008020020556E737570706F7274656420A7
:1086E000736F6674776172652070726F64756374FE
:1086F000207265762025642E0A00000038CD00081F
:1087000048616C662073656E736974697669747903
:10871000207061727420666F756E642E0D0A000001
:108720002DE9FF4FDFF89480064685B098F82500C4
:1087300015460F464FF0FF39B0BBAFB3002420E021
:10874000301B102800DD102080B283463A19014604
:108750009246204600F03AFC30BB6A465946204615
:1087600000F0D2F800BB50465A466946F7F712FEB1
:1087700020B16FF0010009B0BDE8F08F04EB0B00F1
:1087800084B2B442DCD3280A8DF810008DF8115061
:10879000D8F80000444604AB817ED8F804000222D9
:1087A0000078FFF78FFD08B14846E4E7012084F820
:1087B00025000898E0840020DDE700000802002082
:1087C0002DE9F84305464FF0FF39282844D80727FC
:1087D000284C00267DB1012000F0F4FA20208DF80D
:1087E00000004FF00108012D17D0052D18D88DF885
:1087F000018005201FE0002000F0E4FA8DF8006001
:108800008DF8017020686B460222817C60680078D8
:10881000FFF758FD00BB267529E08DF80160E8E7F9
:10882000142D04D802208DF801000A2003E0032053
:108830008DF80100142000F0F7FA9DF801006B4656
:1088400007EB80108DF8010020680222817C6068AF
:108850000078FFF737FD10B14846BDE8F8830820DF
:10886000A072267384F814800020FFF7C7FD002053
:10887000F3E70000080200202DE9F843214C0646EA
:10888000174694F8240089464FF0FF3890B3A07A39
:1088900080B320686B460222817A60680078FFF717
:1088A000D9FC38BBBDF8000045BAB54202D2002061
:1088B00038701FE060684188B5EB510F11D921680D
:1088C00000786B46497C0122FFF7C4FC90B99DF803
:1088D0000000C00605D500F041F86FF00100BDE8CA
:1088E000F8832068F2B24B46C17A60680078FFF7DF
:1088F000B1FC08B14046F2E7B5FBF6F0401E387017
:108900000020ECE708020020F8B516000D464FF0F5
:10891000FF371FD0104CA17AE1B1010A8DF8001089
:10892000C0B28DF80100411960684289914211D8A6
:10893000216800786B46097E0222FFF7C3FC48B924
:108940002068EAB23346417D60680078FFF782FC18
:10895000002800D03846F8BD08020020F8B5524C77
:108960004FF0FF36A07A00287CD000258DF800500B
:1089700020686B460122C17B60680078FFF7A2FC8B
:1089800000286FD120686B46012241796068007829
:10899000FFF798FC002865D120686B460122017919
:1089A00060680078FFF78EFC00287AD194F82400E4
:1089B000C8B30C208DF8000020686B4601220179B5
:1089C00060680078FFF77EFC00286AD1C0208DF82F
:1089D0000000A07AC00702D0E0208DF800002068D7
:1089E0006B460122017960680078FFF76BFC002874
:1089F00057D1607C18B102208DF8000001E08DF89D
:108A0000005020686B460122C17B60680078FFF748
:108A100059FC38BB8DF8005020686B460122417923
:108A20006068007839E0FFE704208DF800002068D6
:108A30006B460122017960680078FFF743FC88B932
:108A4000A07C80B9A07AC0070DD060208DF800000E
:108A500020686B460122017960680078FFF732FCDC
:108A600000B902E01DE04020F0E7607C18B1012071
:108A70008DF8000001E08DF8005020686B4601225F
:108A8000C17B60680078FFF71DFC50B92068064B79
:108A900001224179606810330078FFF713FC002849
:108AA00000D03046F8BD0000080200202DE9F04754
:108AB000394C82468AB094F824000F4620B1002039
:108AC00000F00EF9012600E0002607A8FFF700FDE0
:108AD00006A8FFF7BDFC09A8FFF734FD08A8FFF7BB
:108AE0004DFD94F80A9094F8108000250022394634
:108AF0005046FFF7BBF910B16D1C022DF6DB022DBD
:108B00001AD00025012203A96846FFF7AFF910B17A
:108B10006D1C022DF6DB022D0ED003A93846FDF7A1
:108B20004FFFC7B269465046FFF72AFB10F0FF0F10
:108B30004FF0000502D002E0002503E001250FB947
:108B400045F00205FF2020726072E0724FF6FF715F
:108B5000E181A072207401202073BDF81C0000F098
:108B6000FBF89DF8180000F019F8BDF8240000F09B
:108B70005BF9BDF8200000F08DF9484600F0CAF915
:108B80004046FFF73BFC16B1012000F0A9F80AB0FF
:108B90002846BDE8F08700000802002038B5184CD0
:108BA0004FF0FF35A17A19B3022806D0042806D069
:108BB00008280ED010281BD10DE0002000E008206E
:108BC0008DF80000607A9DF80010B0EBD10F04D052
:108BD00005E01020F4E71820F2E7002038BD2068F7
:108BE0006B460122C17960680078FFF76BFB08B122
:108BF000284638BD9DF80000C0086072EDE700000F
:108C000008020020F8B5354C0546A07CA84201D1E9
:108C10000020F8BD31484FF0FF366B46D0E9001018
:108C20004FF001020979007835B3FFF713FB70BBF1
:108C30009DF800006B4620F020008DF800002068B1
:108C40000122017960680078FFF73CFBF8B9032046
:108C5000FEF7CEFB02208DF8000094F8220078B3D6
:108C600082202BE020686B460122017D606800783D
:108C7000FFF728FB58B92EE0FFF7ECFA38B9A07AD5
:108C8000C0079DF8000003D040F0200002E00CE097
:108C900020F020008DF8000020686B460122017949
:108CA00060680078FFF70EFB08B13046F8BD03207E
:108CB000FEF79EFB94F8220000B180208DF80000A2
:108CC00094F823000028CDD09DF8000040F030003B
:108CD0008DF80000C6E7A5749AE70000080200209E
:108CE00038B51C4C94F8241081421DD0002500B3E7
:108CF00094F82500D0B1002001F096F90020FFF78C
:108D000081FFE08C00F0C6F88DF8005060686B467B
:108D1000012200782321FFF7D5FA012084F82400EE
:108D200001F082F9FFF71AFE002038BD4FF0FF3046
:108D300038BD002001F078F9207C8DF800006068D3
:108D40006B46012200782321FFF7BCFA84F82450F7
:108D5000E8E700000802002038B5194C4FF0FF3555
:108D6000A17A31B3FA2809D0B0F5FA7F08D0B0F56E
:108D70007A7F0FD0B0F5FA6F1BD10DE0002000E034
:108D800008208DF80000207A9DF80010B0EBD10F7C
:108D900004D005E01020F4E71820F2E7002038BDE9
:108DA00020686B460122817960680078FFF78AFAB3
:108DB00008B1284638BD9DF80000C0082072EDE7D4
:108DC0000802002038B5174C054694F82300A84245
:108DD00001D1002038BD0DB1302000E000208DF819
:108DE0000000A07C28B19DF8000040F002008DF842
:108DF000000094F8220028B19DF8000040F08000A7
:108E00008DF8000020686B460122017D60680078C3
:108E1000FFF758FA10B14FF0FF3038BD84F82350F7
:108E2000D7E700000802002038B5194C4FF0FF3595
:108E3000A17A31B3BC2801D3012010E0622801D30C
:108E400002200CE02A2801D3032008E0142801D3D3
:108E5000042004E00A2801D3052000E006208DF854
:108E60000000E07A9DF80010884201D1002038BD52
:108E700020686B460122817860680078FFF722FA4B
:108E800008B1284638BD9DF80000E072EEE700000A
:108E900008020020F8B51E4D04464FF0FF37A87AAF
:108EA00048B395F8240030BB287D4FF47A7648B15A
:108EB00064B1282C03D8E0B2FFF782FC26E0002042
:108EC000FFF77EFC042C05D2042406E00020FFF707
:108ED00077FCF9E7B44200D93446B6FBF4F0401E03
:108EE0008DF8000028686B46012241786868007898
:108EF000FFF7E8F908B13846F8BD9DF80000401CBE
:108F0000B6FBF0F0E8814008FFF78EFF0020F8BDC7
:108F100008020020F8B5054610F0700F4FF000066B
:108F200001D0012004E015B18DF8006002E040207E
:108F30008DF80000244C6B4601222068817C60681B
:108F40000078FFF7BFF94FF0FF3760BB9DF80000D6
:108F500020F0400020738DF80060680602D40420E1
:108F60008DF80000A80605D49DF8000040F002002E
:108F70008DF80000E80605D49DF8000040F00100DF
:108F80008DF80000280705D49DF8000040F0380057
:108F90008DF8000020686B460122C17C6068007873
:108FA000FFF790F910B1A6723846F8BD25B1082D2B
:108FB00002D00020FFF706FFA57226753220FEF7CB
:108FC00017FA0020F8BD000008020020F8B51600CE
:108FD0000D464FF0FF371FD0104CA17AE1B1010AC6
:108FE0008DF80010C0B28DF8010041196068428907
:108FF000914211D8216800786B46097E0222FFF762
:1090000061F948B92068EAB23346417D606800786A
:10901000FFF758F9002800D03846F8BD08020020B4
:10902000002800DA4042704770470246012000E005
:109030005043491EC9B2FBD270470000F8B54FF447
:109040008061FB48F7F7DAF9FA4E0C2430780528EE
:1090500060D0092861D0F8480078012804D002289F
:1090600004D0032804D008E0F4A202E0F4A200E057
:10907000F5A200210846FCF781F93078022822D0B9
:10908000062822D0012822D0032822D0042822D06A
:1090900005283FD0092840D007287AD008287AD060
:1090A000EAA200213C20FCF769F9EBA20A2100208A
:1090B000FCF764F9EA480078012870D0E9480078A4
:1090C00001286ED072E0E8A2EBE7EAA2E9E7EBA2A2
:1090D000E7E7EDA2E5E7EF480094002102680523E9
:1090E0000846FCF70FF9EC480094042302680021BD
:1090F0001E20FCF707F9E9480094042302680021C8
:109100003C20FCF7FFF8E6480094042300210268A5
:109110005A203BE0FCF752F9C7E7FCF7D5FFE1A284
:1091200000214220FCF72AF9E04D0094D5F82001F7
:1091300008B1012200E00022012300216220FCF797
:10914000E1F80094D5F8100108B1012200E00022F6
:10915000012300216920FCF7D5F80094D5F82401FB
:1091600008B1012200E00022012300217020FCF759
:10917000C9F8CF480094D0F8200118B1012202E0CC
:1091800007E008E00022012300217720FCF7BAF86D
:109190008BE7C8A285E7C9A283E700E001E0CAA285
:1091A00000E0CBA20A215220FCF7E8F8307804282E
:1091B00001D0052803D1C7490978012909D0012820
:1091C00003D0022801D0032808D1C3480078012821
:1091D00004D1C2A20A215220FCF7D0F8C14FC24DDF
:1091E0003868A84207D3C1A20A213020FCF7C6F88C
:1091F0003868A84204D2BEA20A213020FCF7BEF88B
:10920000386801F0C3FEFFF70BFF024603230A2173
:1092100038200094FCF776F8307805287ED0B5A287
:1092200014210020FCF7AAF8B44E3068A84207D3F6
:10923000AEA214212A20FCF7A1F83068A84204D27B
:10924000ABA214212A20FCF799F8306801F09EFEA9
:10925000FFF7E6FE02460423142132200094FCF7B7
:1092600051F8A748009405230088142182B25220A7
:10927000FCF748F8A3A214217220FCF77FF8A2A201
:109280001E210020FCF77AF8A04E3068002811DA81
:1092900096A21E211020FCF771F83068FFF7C0FE7F
:1092A000024604231E211A200094FCF72BF8306894
:1092B00000280EDB8EA21E211020FCF75FF830681C
:1092C000FFF7AEFE024604231E211A200094FCF78D
:1092D00019F88F4E7068A84207D384A21E213C2043
:1092E000FCF74CF87068A84204D281A21E213C20F1
:1092F000FCF744F8706801F049FEFFF791FE024662
:1093000004231E2144200094FBF7FCFF81A21E21B0
:109310006020FCF733F881A2282100E00CE1002056
:10932000FCF72CF87E4F3868002811DA6FA228214C
:109330001020FCF723F83868FFF772FE024604237A
:1093400028211A200094FBF7DDFF386800280EDB87
:1093500067A228211020FCF711F83868FFF760FE9B
:109360000246042328211A200094FBF7CBFFB068A3
:10937000A84207D35DA228213C20FBF7FFFFB0687D
:10938000A84204D25AA228213C20FBF7F7FFB0687C
:1093900001F0FCFDFFF744FE02460423282144208F
:1093A0000094FBF7AFFF5BA228216020FBF7E6FFEC
:1093B0005CA232210020FBF7E1FF5BA232211E20DC
:1093C000FBF7DCFF57A232214020FBF7D7FF574DB8
:1093D000642102232868009490FBF1F232211320CB
:1093E000FBF790FF28680A2690FBF6F090FBF6F159
:1093F00006FB1102012332212A200094FBF782FF91
:109400002868012390FBF6F106FB11023221084681
:109410000094FBF777FF464C207838B145A2322103
:109420005F20FBF7ABFF207800B1B1E0ABE00000BC
:10943000E81300201000002008000020444D5000D8
:109440004B616C6D616E0000432046004E6F726D83
:10945000616C202000000000416E676C6500000018
:109460001300002048000020466F6C6C6F772020AE
:1094700000000000524F53202020000041766F6909
:1094800064202020000000005374726169676874D2
:1094900000000000B4010020B8010020BC01002041
:1094A000C00100204952444D00000000000022424B
:1094B00000802142555F41766F696400555F466FB9
:1094C0006C6C6F77000000005053322000000000E9
:1094D000522D430014000020880000204C69646174
:1094E0007200000070000020000080802D0000004D
:1094F0002B0000004779726F780000007400002094
:109500007C0000206D6D00004C0000006000002019
:10951000FC0100206D6D2F73000000005200000060
:1095200064000020560000002E0000006C000020A7
:109530000E0000204F46460017A214210020FBF722
:109540001DFFAFF2540214210A20FBF717FF134846
:1095500000940323027814211920FBF7D3FE10A2F4
:1095600014214620FBF70AFFAFF27C0214215020A1
:10957000FBF704FF0B4800940323027814215F20BB
:10958000FBF7C0FE7BE608A232215F20FBF7F6FE68
:10959000BDE8F840FBF748BE5A00000090000020EC
:1095A00059000000910000204F4E20002DE9F04DA1
:1095B0001D460C4698B0174621F0004123F00043A9
:1095C000002814BF4FF0010C4FF0000C0CEB440CC2
:1095D000FE4A0CEB02064FEA620C66452BD33E00B6
:1095E00018BF012606EB45061644F94A964222D3D7
:1095F000F84A53EA070C02D0944205D148B918B092
:1096000000201146BDE8F08D002808BF4FF0000C87
:1096100001D04FF0010C0CEB440212F5001F0AD8E8
:10962000002F14BF4FF0010C4FF0000C0CEB450263
:1096300012F5001F07D918B03A462B462146BDE85F
:10964000F04DFDF7A4B90022DFF88CA3002CB8BFC1
:10965000534526DADFF884C36345A8BF022220DA27
:10966000DFF870C39C451CDCDFF874C30CEB235C93
:10967000BCF1140F08DDCCF1340627FA06FC0CFA15
:1096800006F6BE420DD108E05FB9CCF1140623FA0C
:1096900006FC0CFA06F69E4203D10CF00102C2F160
:1096A000020251EA000C19D1002D17DA002C18BF64
:1096B000022A01D0012A07D00220F6F767FF18B06E
:1096C000BDE8F04DFDF758B90220F6F75FFFFDF752
:1096D00053F918B081F00041BDE8F08DB7F1000CEE
:1096E0006CD1534525D104F1804212F5801201BF9F
:1096F00000280020B74918B008BFBDE8F08DB54874
:10970000884207DC002DA1BF6046294618B0BDE89D
:10971000F08D07E0281E05DA80F0004118B06046A1
:10972000BDE8F08DAF497944D1E9000118B0BDE83A
:10973000F08DDFF8A0C2634525D1002D1FDA19B1E5
:10974000514512D1D8B909E0002840F0EC82A24A74
:10975000214618B062F31E01BDE8F08D00202146BD
:1097600018B060F31E01BDE8F08D08DA18B023468A
:10977000BDE8F04D02460020614600F0A7BD18B0DC
:109780002146BDE8F08D514518DAB5F1804F0DD076
:10979000A5F1005CBCF1FF5C10D1B4F1000C0DDB55
:1097A00018B06146BDE8F04D00F06ABC234618B021
:1097B0000246BDE8F04D194600F076BF060024F0E1
:1097C000004C3BD1D9B1514533D1002C06DD002DE1
:1097D000A1BF0020514618B0BDE8F08D002C01DD7E
:1097E000002D1BDB002C13DA002D11DB012A4FF0BA
:1097F000000014BF78497C4918B0BDE8F08D022AFA
:1098000018BF002C0AD0012A08D1002C06DA0AE081
:10981000002CB8BF002D11DA012A04D0002018B0A6
:109820000146BDE8F08D18B000204FF00041BDE8C2
:10983000F08DA1F14050B0F17F601AD0012000EB13
:10984000E47050EA020421D0624C521E4FF0000B2B
:10985000104304BF4FF0000B644C654883427CDD2D
:10986000644A654893421FDD884217DB002D25DBE3
:1098700037E0002C00DA4AB1022A0CBF01204FF079
:10988000FF3018B0BDE8F04D00F0A7BE0120F6F79C
:109890007DFE18B0BDE8F04DFDF77BB84D4A8A4219
:1098A00002DC002D0ADC1CE0814202DA002D18DA0D
:1098B00004E0484B994220DD002D12DD0220F6F72E
:1098C00065FEFDF76CF805460E46002253465846E5
:1098D000214600F0E9FE18B066F31E012846BDE8F7
:1098E000F08D0220F6F752FEFDF760F80A46214699
:1098F00018B062F31E01BDE8F08D002230466146CB
:1099000001F0F8F880460E466FF0010201F089FD83
:109910004FF05532394B00F0FBFF4246334600F022
:10992000C3FE0022364B00F0F3FF82464246334628
:1099300004911046194600F0B7FE5246049B00F011
:10994000B3FE8A4600904FF0C0422E4B404631464F
:1099500000F0AAFE2C4A2B4B00E027E0CDE90601DF
:109960005146009800F0A0FE82460191274A284BFC
:109970004046314600F098FE5246019B01F0BAF88D
:1099800082460B4602460591DDE9060100F0E2FB46
:10999000DDE9062300268846304601F0ABF8524642
:1099A000059B00F0B5FF024600F07EB90020B1F53E
:1099B000801F07DA35223046614601F032FD064647
:1099C0006FF0340000EB215024E00000FFFF1F0087
:1099D000FFFF0F000000F03F0000F07F0000404359
:1099E00001FCFFFF063600000000F0FF0000F0BFA2
:1099F0000000E0410000F043FFFFEF3F5555D53F29
:109A00000000E03F4715F73FFE822B6544DF5DF81D
:109A10000BAE543EA0F2FF300190C1F3130040F0B2
:109A20007F6141F040510291FE498842D8BF002039
:109A300004DDFD498142C8BF012001DD0D9008E031
:109A400000200D900198401C01900298A0F5801014
:109A500002900299F54878440B910D9900EBC100F2
:109A6000D0E900230F9330460A920B9901F042F897
:109A7000CDE90601DDE90A2130460F9B00F06AFBC3
:109A800002460B460020EA4900F020FC0591024600
:109A90000B460090DDE9060100F006FE1490E54853
:109AA0008A464FF0000878440299006812904FF0FF
:109AB000005040EA61010D980F9B01EB804000F5DA
:109AC000002109910A9A129801F014F832460B9B72
:109AD00000F01EFF4246534600F0E6FD06460291A6
:109AE00040465146099B129A00F0DEFDDDE906234F
:109AF00000F00EFF3246029B00F0FCFF059B009A2F
:109B000000F0D2FD0091149A049053461046194675
:109B100000F0CAFD06460246C7480B4602910621E0
:109B20007844FCF7D4FECDE90510029B324610467E
:109B3000194600F0B9FDDDE9053200F0B5FD0591EB
:109B40000646534640461946149A00F003FB009B14
:109B5000049A00F0A9FD3246059B00F0FBFACDE91E
:109B60000510424653461046194600F09DFD00225E
:109B7000B24B02910A9000F0EDFADDE9053200F0F7
:109B8000E9FA0E464246AD4B404600F0B3FF029B59
:109B90000A9A00F0AFFFDDE9053200F0B9FE424657
:109BA00002910A9033461046514600F07DFDCDE902
:109BB00006015346149A02990A9800F075FD8A46E8
:109BC0000290334642460099049800F06DFD5346DA
:109BD000029A00F0BFFA82460B4602460591DDE983
:109BE000060100F0B7FADDE90623002088460646A4
:109BF00000F080FF5246059B00F08AFE82460991E4
:109C00004FF060428E4B3046414600F04DFD0490CF
:109C100006918C4A8A4B5046099900F045FD8246D0
:109C20000291894A894B3046414600F03DFD52463B
:109C3000029B00F08FFA864B7B440D9A03EBC20324
:109C4000D3E9002300F086FA0E900791019800F006
:109C5000C4FC0591DDE9061382460E9A049800F0D3
:109C600079FA7C4A7A440D9B02EBC303D3E90023C3
:109C70000093029200F06EFA5246059B00F06AFAD9
:109C80000026884652463046059B00F033FF009B75
:109C9000029A00F02FFF069B049A00F02BFF079B0F
:109CA0000E9A00F035FE024600200B460290384620
:109CB000294600F0F9FC824601912B4638461946A8
:109CC000029A00F017FF3246434600F0EDFC524680
:109CD000019B00F03FFA07468A4632464346294632
:109CE000029800F0E1FC05460E463A46534600F065
:109CF00031FA594A8846914221DBA8EB020353EA24
:109D0000000210D12A46334600F0F4FECDE90401EA
:109D1000524A534B3846514600F01CFADDE9042301
:109D200000F0C0FD21D20220F6F730FCFCF737FE30
:109D30000A46214618B062F31E01BDE8F08D494B7A
:109D400028F000429A4210D3474A08EB020353EA34
:109D500000027FF4C6AD2A46334600F0CBFE3A46F9
:109D6000534600F09FFD7FF6BCAD0022019228F023
:109D700000403E493E4A01EB2051824223DA481C12
:109D80004FF4801121FA00F040443A4AC0F30A51DE
:109D90007A44394BA1F2FF31CB4020EA0303C0F3F0
:109DA000130040F48010C1F11401C8401268019002
:109DB000B8F1000FBCBF404201902846314600F088
:109DC00099FE05460E462A4633463846514600F06F
:109DD000C1F94FF000084246284B4046059100F07B
:109DE00063FCCDE90601264A264B4046059900F062
:109DF0005BFC009102902A4633464046059900F0EC
:109E000079FE3A46534600F083FD1F4A1F4B00F08F
:109E10004BFC009B029A00F09DF9074688460246DB
:109E20000B4635E08E9803007AB60B00B631000081
:109E30000000F03F863200001C31000000000840A6
:109E400009C7EE3FFD033ADCF5015B14E02F3EBE8F
:109E5000F42F0000B82F000000009040FE822B6518
:109E60004715973C00CC904000346F3F01FCFFFF4A
:109E70000000E03F9C2F0000FFFF0F00432EE63F55
:109E8000396CA80C615C20BEEF39FAFE422EE63F29
:109E9000DDE9060100F05EF9DDE9062305460E4620
:109EA00000F028FE3A46434600F032FD0F462A46AF
:109EB000334600901046194600F0F6FB82460246F3
:109EC0002E4888460B4605217844FCF700FD524693
:109ED000434600F0E9FB2A46334600F019FD804670
:109EE0008A463B4628463146009A00F0DDFB3B4659
:109EF000009A00F02FF90691009000224FF0804365
:109F00004046514600F0F6FD0F460C90424653463F
:109F10002846314600F0C8FB3B460C9A00F0D6F9C3
:109F2000069B009A00F0E6FD2A46334600F0E2FD6B
:109F30000022134B00F0ECFC054601980E4601EBA5
:109F400000510815002810DC28463146019A01F01E
:109F500068FAFCF798FC042808BFFCF727FD2846A0
:109F60003146019A01F05DFA05460B4618B02A46C3
:109F700058462146BDE8F04D00F096BBA42D0000E8
:109F80000000F03F10B588B0694604A8FEF78EFDCA
:109F9000072835D107A8FEF7B5FA049801F032F882
:109FA00007990C4601F08EF800F0F0FF0490059838
:109FB00001F028F8214601F085F800F0E7FF059050
:109FC000069801F01FF8214601F07CF800F0DEFF52
:109FD000069004A8FDF7D0FC03A8FEF757FABDF8D9
:109FE0000C0000994143009101994143019102996C
:109FF000414368460291FDF721FC02A0F6F74EF9B5
:10A0000008B010BD73657474696E6720626961730E
:10A010002073756363657366756C6C79202E2E2EC4
:10A020002E2E2E0D0A000000F8B5144C01462246D3
:10A0300094F82460D2E9000200235D1E56B179B184
:10A04000022111E0C17B10786B460122FEF73AF93C
:10A0500068B90EE0A67A56B111B1617C61B902E02F
:10A060008DF80030EEE701218DF80010EAE7284670
:10A07000F8BD9DF8000060740020F8BD08020020C3
:10A080002DE9F04106460F4600F04EFC041E0D4639
:10A0900018BF0120284320F00040C0F17F6000F18C
:10A0A000E040C00F0ED0301C18BF0120384320F014
:10A0B0000040C0F17F6000F1E040C00F04BF01200C
:10A0C000F6F764FA20462946BDE8F081884201DAB5
:10A0D000084670479042FCDD10467047034908600F
:10A0E000081F01684906FCD570470000043801408C
:10A0F00021F00042A2F16052B2F5801F01F000434E
:10A1000028BFD2F17F6C0BD95FEA001C43EAC20280
:10A1100042EB507018BF704728BF20F00100704715
:10A12000B2F5801FBCBF184670474FEA410C1CF5C2
:10A13000001F02D2084601F08CB870B500F05EFB3B
:10A1400000000089FFF7F6BF4FF00040A0F5800047
:10A150007047000010B591EA030F48BF83F0004339
:10A1600000F1D084841A71EB030C05D2121943EB71
:10A170000C03001B61EB0C01DFF824E14FEA1154E2
:10A18000A4EB135C1EEA430F18BF9EEA445F73D032
:10A1900023EA0E03DCF1200E21EA045143F480137C
:10A1A00032D322FA0CFE10EB0E0023FA0CFE41EB28
:10A1B0000E01CCF1200E03FA0EFE10EB0E0051F151
:10A1C0000001B1F5801FCCF1200E32D201EB045119
:10A1D00012FA0EF2BDE8104058BF7047401C38BF5D
:10A1E0005FEA420218BF7047002814BF20F0010048
:10A1F00041F100014FEA410313F5001F38BF7047DA
:10A20000A1F1C04100F048BB012A43EB0302ACF1CD
:10A21000200CDCF11F0E32BF4FF0000E23FA0CF3BE
:10A2200010EB030041EB0451B4EB115FD0D0A1EB74
:10A23000045101F5801149085FEA300001EB045137
:10A240000ED350F1000038BF12FA0EFE08D1BDE85F
:10A250001040C9E7401C38BF5FEA4202CAD1C3E7D9
:10A26000BDE810404FEA410313F5001F38BF7047A7
:10A27000A1F1C04100F010BB9EEA445F08D011EA92
:10A280005E0FBDE8104004BF01F0004100207047A0
:10A29000BDE8104070B500F0B1FA00BF64FBBE3EEF
:10A2A0000000E0FF02494FF0000001F088B800BF55
:10A2B0000000F87F491058BFC1F140415B1058BF02
:10A2C000C3F140438B42EFF3008070472DE9C0415A
:10A2D00030B4DFF8A0C23CEA111418BF3CEA1314F2
:10A2E00000F0EC8081EA03051CEA111444EAD574FD
:10A2F00018BF1CEA131500F0C780A4EB05044FF04B
:10A30000004545EAC12145EAC32341EA505143EAE9
:10A31000525304F17F74994204F500344FEAC0208F
:10A320004FEAC22208BF904200F09C804FEA1365BA
:10A330000FF24016765D4FEA134506FB05F7C7F1AD
:10A34000807706FB07F74FEAD737A7FB036876420B
:10A35000C8F58038A7FB06CE38BFA8F1010807FB77
:10A3600008E64FF0000EA6FB028CE6FB03CEDCF104
:10A37000000CCEF1004E38BFAEF1010EA6FB0C581A
:10A380004FF000074FF00005E6FB0E87A1FB08C663
:10A39000A0FB07CE16EB0E0645F10005E1FB0765B5
:10A3A00015F1E04E7EBFA4F580345FEA46066D41AC
:10A3B00016F1800745F100054FEA17274FEA0666B8
:10A3C00047EA0567A6F1DE46B6F1805F4FEA15253C
:10A3D0001FD9384624F0010C05EBC471BCF1FE6FA7
:10A3E00001EB0C1102D8F0BCBDE8008124425CBF37
:10A3F00001F5801E9EEAC47F02D4F0BCBDE8008156
:10A40000244238D4F0BCA1F1C041BDE8004100F0C5
:10A4100043BA4FEAD22242EA43524FEAD323A7FB80
:10A4200002864FEAD02040EA415007FB03661EEA4D
:10A430000E0F4FEAD12105FB026658BFA6EB00566E
:10A44000B6EB00564FEA520E4EEAC37E18EB0E0EE4
:10A4500056EB530EBDD518EB02085E417F1C55F13B
:10A460000005B6E74FF480154FF000074FF00006E7
:10A470004FF00008ADE7F0BC4FF0000001F1C04123
:10A4800001F00041BDE8008111EA0C1F0CEA131530
:10A4900000D00CE013EA0C1F00F025804FF0000004
:10A4A000F0BC81EA030101F00041BDE80081F0BC8D
:10A4B000BDE8004181EA030100F0EEB9F0BCBDE85F
:10A4C000004170B500F09AF9097EFC3E00F007B833
:10A4D00081EA03014FF0000001F00041704781EA7A
:10A4E000030100F0D9B9F0BCBDE800414FF0000015
:10A4F00021497047FFFDFBF9F7F5F4F2F0EEEDEBC3
:10A50000E9E8E6E4E3E1E0DEDDDBDAD8D7D5D4D371
:10A51000D1D0CFCDCCCBCAC8C7C6C5C4C2C1C0BFBD
:10A52000BEBDBCBBBAB9B8B7B6B5B4B3B2B1B0AFC3
:10A53000AEADACABAAA9A8A8A7A6A5A4A3A3A2A1A7
:10A54000A09F9F9E9D9C9C9B9A9999989797969562
:10A5500095949393929191908F8F8E8E8D8C8C8BFE
:10A560008B8A898988888787868585848483838286
:10A57000828181800000FF070000F87F4FEA4103DD
:10A580004FEA5353A3F58063D3F11E03C8BFD3F141
:10A59000210C0CDD4FF0004242EAC12242EA505247
:10A5A00032FA03FC8CEAE17CACEBE1707047102BD3
:10A5B000C4BF0020704703F5787CBCF1FF3F04D096
:10A5C0006FF0004282EA2100704770B500F016F982
:10A5D0004992248000207047F2E710F0004248BF03
:10A5E0004042B0FA80F310FA03F10AD0C3F11D0320
:10A5F00003F580634FEA415002EB035202EBD12195
:10A6000070474FF000007047B0FA80F310FA03F182
:10A610000AD0C3F11D0303F580634FEA41504FEAAE
:10A62000035202EBD12170474FF000007047000049
:10A6300051EA030C17D41CF5801F58BFBCF5801FCE
:10A6400000F10680994218BF704708BF90427047DA
:10A6500007D711F5801F58BF13F5801F19D49942F1
:10A660007047894270471CF5801F08D5BCF5801FD4
:10A67000F7D58B4218BF704708BF824270474FF42E
:10A68000001C1CEB410F38BF1CEB430F01D28B4267
:10A69000704770B500F0B2F8922449004FF00051B5
:10A6A0004FF08053FFF706BEDFF848C170B51CEAD3
:10A6B000111E1EBF1CEA13159EEA0C0F95EA0C0F23
:10A6C00000F06F8081EA030423EA4C134EEAD47E43
:10A6D00021EA4C1141F4801143F48013AE44A1FBF4
:10A6E000024CA0FB0365AEF17F7E361955EB0C05DD
:10A6F000A1FB034C4CF10003A0FB021C16EB0C0663
:10A70000654153F10003094218BF46F0010613F4F6
:10A71000007F0BD14FEA03314FEA0530340341EAA1
:10A72000155140EA16506FF003020AE04FEAC321C8
:10A730004FEAC520F40241EA555140EA56506FF005
:10A74000020202EB2E4201EB025585EACE710AD0DD
:10A750005FEA440C18BF24F0004450F1000041F1BE
:10A76000000120EAD47040F2FE7C624500D270BD48
:10A77000A84214BF4FF080444FF04044002E08BF61
:10A780000024BEF1806FA8BFA1F1C041BDE87040B8
:10A7900080F282804FF0000001F1C04101F00041E1
:10A7A00070479EEA0C0F0CEA131518BF95EA0C0FC0
:10A7B00006D04FF0000081EA030E0EF0004170BD9C
:10A7C00000F01CF88900013E00F007B800F009B85D
:10A7D0004FEA430C5FEA5C5C08D081EA030100F0B9
:10A7E0005BB84FEA410C5FEA5C5CF6D14FF00000C9
:10A7F000014970470000FF070000F87F0EF1020ECC
:10A800002EF0030E5EF8046B364205D4012A43EBAA
:10A81000030515F5001F12D8012841EB010C1CF5AA
:10A82000001F0CD80ED14FEAD17C15F5001F0CEBA0
:10A830004C0C0CF1020C08BF4CEBD37C04E04FF045
:10A84000080C01E04FEAD37C0CEB4C0526FA05F628
:10A8500006F00706B6F1040C06D20EEB860CBDE836
:10A8600070404CF0010C6047DFE80CF0090B02026D
:10A870004FF000414FF00000A1F5002170BD1946D6
:10A880001046012851EB010418BFD4F5001484BF11
:10A89000002001F0004170BD0808A0F500114FEA4A
:10A8A0003101704753EA010C17D41CF5801F58BFC3
:10A8B000BCF5801F00F106808B4218BF704708BFAF
:10A8C0008242704707D713F5801F58BF11F5801FCC
:10A8D00019D48B4270479B4270471CF5801F08D5E6
:10A8E000BCF5801FF7D5994218BF704708BF90424A
:10A8F00070474FF4001C1CEB430F38BF1CEB410F9B
:10A9000001D2994270470FB40CBC03BCFFF7C1BE23
:10A9100091EA030F10B581F000413FF523AC83F0BD
:10A92000004300F0EFB800002DE9F04101F5801C74
:10A93000BCF5001FC0F2C3804FEA115C21EA0C5144
:10A940000CF1FD0C41F480115FEA5C0C0CF5C07C4D
:10A9500001D3400049413DA4890241EA9051870258
:10A960008E0E0A0CA45D04FB04F602FB06F6C6F18B
:10A970004046A4FB0662F60D46EA422606FB06F4B4
:10A98000A4FB01235242C3F1404338BF5B1EA6FB28
:10A9900002420024E6FB0324D20B42EA4446A6FB13
:10A9A0000623A1FB02E2A3FB07E4A4184FF0000278
:10A9B00052F10002E3FB01426442C2F1404E38BF53
:10A9C000AEF1010EA6FB04234FF00002E6FB0E32AF
:10A9D000A2FB03464FF00004B61954F10004E2FB59
:10A9E0000264A1FB06E6A4FB07E816EB08064FF09D
:10A9F000000858F10008E4FB01687642C8F14058AD
:10AA000038BFA8F10108A2FB06E4A3FB08E52D1955
:10AA10004FF0000454F10004E2FB0854A1FB05E6EA
:10AA2000A7FB04E818EB06084FF0000656F10006F5
:10AA3000E1FB048618F1200556F10006A809A8F1EB
:10AA40001B08B10908F03F08B8F10A0F40EA866018
:10AA50001CD901EB0C51BDE8F08100BFFCF5EEE81C
:10AA6000E2DDD8D3CFCBC7C3C0BDB9B6B4B1AEACAD
:10AA7000A9A7A5A3A19F9D9B9A9896959392908F25
:10AA80008D8C8B898887868584838281A0FB006872
:10AA900000FB01F208EB4208B8EB872807D5341811
:10AAA00058EB0104D5D5401C51F10001D1E7341A0F
:10AAB00078EB0104CDD4401E71F10001C9E75FEAD3
:10AAC0004C0C5FEA9C5C0DD105D34FF0000001F007
:10AAD0000041BDE8F081BDE8F04170B5FFF78EFEA2
:10AAE0006DDBFFBEBDE8F0414FF00000004970474C
:10AAF0000000F87F10B591EA030F48BF83F00043D0
:10AB00003FF530AB841A71EB030C07D212198CF0AD
:10AB1000004C43EB0C03001B61EB0C01DFF8A4E1DC
:10AB20004FEA1154A4EB135C1EEA430F18BF9EEAD0
:10AB3000445F00F0B08023EA6E03524221EA0451E0
:10AB4000C3EB6E0338BF5B1EDCF1200E25D322FA67
:10AB50000CFE10EB0E0043FA0CFE41EB0E01CCF1A3
:10AB6000200E03FA0EFE10EB0E0051F10001CCF1A5
:10AB7000200E29D412FA0EF201EB0451BDE8104068
:10AB800058BF7047401C1CBFB2F1004F70470028EF
:10AB90000CBF491C20F00100704712EB020E43EB82
:10ABA000030218BF4FF0010E4EEA4202ACF1200C36
:10ABB000DCF11E0E54D943FA0CFE10EB0E0051F1DD
:10ABC000FF31CCF11E0ED5D50EF1010E12FA0EFE9C
:10ABD000404141EB010101EB445C5FEA5C5C10D950
:10ABE00010EBDE7001EB045138BFBEF1004FBDE841
:10ABF000104018BF704700280CBF491C20F001000E
:10AC0000704730D24FEAD42C11F5001124F40064BF
:10AC10001BD0B1FA81F20B3AA41AA41ED2F1200380
:10AC2000914030FA03F31943904001EBCC71002CB2
:10AC300001EB0451BDE81040A8BF704701F1C041CD
:10AC40004FF0000001F000417047B0FA80F310FAB5
:10AC500003F100D110BDE41A173C4805C90AE4E726
:10AC600001EB045110BD491001EB0451BDE8104047
:10AC70004FEA300002E04FF0000170474A0008BF81
:10AC80000042F8D0B2F5001F28BF704701F0004124
:10AC90004FF0000070479EEA445F07D011EA5E0F54
:10ACA000BDE8104004BF002100207047BDE81040FF
:10ACB00070B5FFF7A3FD00BF40DFF63E83F0004113
:10ACC000104670470000E0FF43004FEAD30C4FEA04
:10ACD0003C0C43401FBF40070CF1605113F0FE4F86
:10ACE00070471CF0006F03D100200CF0004170474A
:10ACF0000CF0004343EA507010B540EACC0000F07D
:10AD000062FA00BF000000924FEA0001FFF7C4BDE5
:10AD10004FF000414FF00000A1F500217047000006
:10AD200090EA010F48BF81F0004100F1DA82421A37
:10AD30003CBF801A89184FEAD0524FF07F4C1CEA72
:10AD4000410FA2EBD15318BF9CEA026F00F03B8089
:10AD50004FF0004C4CEA00204CEA012121FA03FCA0
:10AD600010EB0C0C1ED202F1FF325FEA1C2040EB0C
:10AD7000C25038BF70471CF07F0F4FEA400C18BF1D
:10AD8000BCF17F4F38BF7047C3F12003994008BF23
:10AD900020F00100BCF17F4F38BF7047A0F1C040E8
:10ADA00000F057BA4FEA3C00000A40EBC25028BFFF
:10ADB0001CF0FF0F4FEA400CE6D018BFBCF17F4FEC
:10ADC00038BF7047EAE79CEA026F05D010EA5C0FD3
:10ADD00008BF00F00040704710B500F0F4F900BF64
:10ADE00064FBBE3E014800F0EABA00BF0000C07F2D
:10ADF000401058BFC0F14040491058BFC1F1404118
:10AE00008142EFF3008070474FF47F0C1CEAD012B0
:10AE10001EBF1CEAD11392EA0C0F93EA0C0F00F04C
:10AE2000858090EA010F48BF42F4807240F4000C24
:10AE300041F400002CF07F4120F07F4000B58142BA
:10AE4000A2EB03020FF2081CACEB504EC0F1000065
:10AE50009EF800E04FEA4E0E00FB0EFC38BF4900A2
:10AE60004FEA2C1C02F5FA020CFB0EF34FEACE1E41
:10AE70004FEA112C4FEAC1210EEB635E42EB2242F6
:10AE80000EFB0CFC4FEA1C5300FB03114FEA112C84
:10AE90004FEA01310EFB0CFC4FEADC4C00FB0C11BD
:10AEA000C14228BF09184CEB03335DF804EB10EBEB
:10AEB000410143EBC250B2F57C0F38BF704729D532
:10AEC00012F0F00F1CBF00F1C04000F000407047CE
:10AED000008182838485868788898B8C8D8E8F9173
:10AEE0009293959697999A9C9D9FA0A2A3A5A7A897
:10AEF000AAACAEB0B2B3B5B7B9BCBEC0C2C5C7C9C3
:10AF0000CCCED1D4D7D9DCDFE2E6E9ECF0F3F7FA26
:10AF1000FE0000004FEA400C0CF1807CBCF17E4F3B
:10AF200028BF7047B0F1C04000F093B990EA010F1C
:10AF30000CEAD11348BF42F48072624538BF6345C2
:10AF400007D213F47F0F16D080EA010000F0004012
:10AF5000704710B500F037F9097EFC3E00F005B8E7
:10AF600080EA010000F00040704780EA010000F034
:10AF7000004000F06EB912F47F0F04BF0248704722
:10AF800080EA010000F065B90000C07F41000B0EAF
:10AF9000D3F19E0208D950F400034FEA032323FAA9
:10AFA00002F048BF4042704710B500F00CF900BFF6
:10AFB00049922480002070476FF0004282EA20000E
:10AFC00070470000C10DD1F19E0206DB4FEA00235D
:10AFD00043F0004323FA02F07047004207D54FEADE
:10AFE0004001B1F1FE4F02D24FF00000704710B5A2
:10AFF00000F0E9F849922480002070476FEA2000B1
:10B000007047000010F0004148BF4042B0FA80F3A2
:10B0100010FA03F2C3F19D030BD051EAC35101EBC7
:10B020001220530638BF704700F1010008BF20F01E
:10B0300001007047B0FA80F310FA03F2C3F19D03E8
:10B040000AD0D90501EB1220530638BF704700F132
:10B05000010008BF20F001007047000050EA010C19
:10B0600000F113801CF5000F58BFBCF5000F01D490
:10B070008842704707D710F5000F58BF11F5000F31
:10B0800015D488427047894270471CF5000F04D5DB
:10B09000BCF5000FF7D5814270474FF0807C1CEB68
:10B0A000400F38BF1CEB410F01D28142704710B5F1
:10B0B00000F089F8922449004FF000504FF0805181
:10B0C000FFF796BE4FF47F0C1CEAD0121EBF1CEA9D
:10B0D000D11392EA0C0F93EA0C0F00F0478090EA2C
:10B0E000010F48BF42F480724FF0004C4CEA002040
:10B0F0004CEA012102EB0302A0FB0113A2F50002BE
:10B10000002918BF43F001035B0028BF4FEA330357
:10B1100042EB22425FEA132C4CEBC2502EBFBCEB39
:10B12000436FB2F57C0F70474FEA036CBCF1004FE0
:10B1300008BF20F00100B2F57C0F38BF70470BD577
:10B1400082F0FF0212F5803FC8BF704700F1C04097
:10B15000D8BF00F00040704700F5000C5FEA4C0CCF
:10B1600048BF7047B0F1C04000F073B890EA010FDB
:10B170000CEAD11348BF42F48072624538BF634580
:10B1800004D280EA010000F00040704710B500F0E2
:10B190001AF800BF8900013E00F007B800F009B8B6
:10B1A0005FEA410C5FEA1C6C08D080EA010000F005
:10B1B00050B85FEA400C5FEA1C6CF6D14FF00040DB
:10B1C000A0F5800070470EF1020E2EF0030E5EF81F
:10B1D000044B244204D44FEA4102B2F17F4F11D80C
:10B1E0004FEA4003B3F17F4F0CD80ED14FEAD07C29
:10B1F000B2F17F4F0CEB4C0C0CF1020C08BF4CEB86
:10B20000D17C04E04FF0080C01E04FEAD17C0CEB5C
:10B210004C0324FA03F404F00704B4F1040C06D23E
:10B220000EEB840CBDE810404CF0010C6047DFE8E9
:10B230000CF0070802024FF00040A0F5800010BD9E
:10B240000846420018BFD2F1807288BF00F000406B
:10B2500010BDFF2141EAD050C005704751EA000CF3
:10B2600000F113801CF5000F58BFBCF5000F01D48E
:10B270008142704707D711F5000F58BF10F5000F36
:10B2800015D481427047894270471CF5000F04D5E0
:10B29000BCF5000FF7D5884270474FF0807C1CEB5F
:10B2A000410F38BF1CEB400F01D28842704780EA43
:10B2B000010081EA000180EA0100FFF7F8BE80F09A
:10B2C000004090EA010F7FF532AD81F0004100F0BF
:10B2D00008B8000090EA010F48BF81F000413FF537
:10B2E00026AD421A04D882F00042A0EB02001144BD
:10B2F0004FEAD0524FF07F4C1CEA410FA2EBD153E2
:10B3000018BF9CEA026F4AD04FF0004C4CEA002074
:10B310004CEA012121FA03FCB0EB0C0C0FD412F023
:10B32000FE0F36D05FEA4C001DD5001240EBC25034
:10B3300038BF70471CF03F0F18BF70470BE0A2F1F9
:10B3400001025FEA1C2040EBC25038BF70471CF07E
:10B350007F0F18BF7047C3F12003994014BF401EF0
:10B3600020F00100704780084FEA122308BF7047A1
:10B37000B0FA80FCA2EB0C02CCF1280C60FA0CF0C5
:10B3800093EA122F04BF00EBC25070474FEAC3701C
:10B390007047130A5FEADC1008BF7047F6E79CEAC3
:10B3A000026F04D010EA5C0F08BF0020704710B590
:10B3B000FFF709FF40DFF63E81F0004070470CF0D8
:10B3C0000F03092B08BF082000F07F800A2B0BD049
:10B3D000082B18BF704708BF1CF0400F0AD04FF071
:10B3E00000004FF0000170471CF0400F18BF4FF0F5
:10B3F000004070471CF0100F08D020F0704300F0A0
:10B400007F4242EAD3014FEA4370704700F0604048
:10B4100021F07F4242EA000201F07F4040EA727070
:10B4200070474FF0FF0C4CF4E06C1CEA11531CBF4A
:10B430009CEA030C9445C2BFDA4201EB025170470B
:10B44000002B0DD0BCF1000F0FD0002A01F00041FD
:10B45000A4BF41F0E04141F07F614FF00000704730
:10B4600001F000414FF00000704750EA01334FF007
:10B470009B0C18BF4CF0806C7EF414AF70474FF0FB
:10B48000FF0212EAD0521CBF92F0FF038B42C2BFF0
:10B49000D14200EBC1507047002A0AD0002B0BD0DC
:10B4A000002900F00040A4BF40F0FE4040F400003E
:10B4B000704700F00040704743024FF00B0C18BF7C
:10B4C0004CF0806C7FF48EAC70471CF4801F11D060
:10B4D0001CF4E02F03D06FEACC31490070474FF0E5
:10B4E0004050EFF3008222F0704242EA000282F301
:10B4F000008870474FF00000704700000000000017
:10B500000000010203040607080900000000010210
:10B510000304000000000000000000000000000024
:10B5200000003F400000000000000000300040002C
:10B5300030004000000009000BC03D000BC03D0082
:10B54000090018C024407FE022403180000018002C
:10B5500024C01B000D803240018003801C40274026
:10B560001C80074000401000600000000000000048
:10B5700000000000000000001F802040402000006C
:10B58000402020401F8000000000090006001F80AE
:10B59000060009000000040004003F8004000400CD
:10B5A0000000001000600000000000000000040027
:10B5B000040004000400040000000000004000003B
:10B5C000000000000000002001C00600380040001C
:10B5D00000001F802040204020401F80000000000D
:10B5E00010403FC000400000000018C02140224031
:10B5F00024401840000010802040244024401B803C
:10B60000000002000D0011003FC0014000003C801E
:10B61000244024402440238000001F8024402440F4
:10B620003440038000003000200027C03800200094
:10B6300000001B802440244024401B8000001C008C
:10B6400022C0224022401F8000000000000008406D
:10B650000000000000000000000004600000000086
:10B660000000000004000A00110020804040090092
:10B670000900090009000900000000004040208086
:10B6800011000A00040018002000234024001800C4
:10B6900000001F802040274029401F40000000403C
:10B6A00007C039000F0001C0004020403FC02440C7
:10B6B00024401B8000001F8020402040204030801C
:10B6C000000020403FC0204020401F80000020405C
:10B6D0003FC024402E4030C0000020403FC02440E6
:10B6E0002E00300000000F001080204022403380E8
:10B6F000020020403FC0040004003FC02040204022
:10B7000020403FC02040204000000060202020203A
:10B710003FC02000200020403FC024400B0030C02C
:10B72000204020403FC020400040004000C03FC0BB
:10B730003C0003C03C003FC0000020403FC00C4024
:10B7400023003FC020001F802040204020401F8059
:10B75000000020403FC024402400180000001F804B
:10B760002140214020E01FA0000020403FC0244095
:10B77000260019C0004018C02440244022403180D7
:10B780000000300020403FC020403000000020007A
:10B790003F80004000403F80200020003E0001C06C
:10B7A000070038002000380007C03C0007C0380000
:10B7B0000000204039C0060039C0204000002000B1
:10B7C000384007C0384020000000304021C02640EB
:10B7D000384020C00000000000007FE040204020F2
:10B7E0000000000070000C0003800040000000001A
:10B7F000402040207FE000000000000020004000CA
:10B8000020000000000000100010001000100010C8
:10B8100000100000000040000000000000000000D8
:10B8200002800540054003C0004020003FC00440A6
:10B8300004400380000000000380044004400640F0
:10B84000000000000380044024403FC0004000008E
:10B8500003800540054003400000000004401FC075
:10B86000244024402000000002E00550055006500E
:10B87000042020403FC00440040003C000400000FA
:10B88000044027C000400000000000100010041019
:10B8900027E00000000020403FC00140070004C036
:10B8A0000440204020403FC000400040000007C04E
:10B8B000040007C0040003C00000044007C00440A7
:10B8C000040003C0004000000380044004400380E3
:10B8D0000000041007F00450044003800000000042
:10B8E00003800440045007F00010044007C00240E9
:10B8F000040004000000000006400540054004C0AC
:10B900000000000004001F8004400040000004000C
:10B9100007800040044007C000400400070004C046
:10B92000018006000400060001C0070001C00600F7
:10B930000000044006C0010006C0044000000410DE
:10B94000071004E00180060004000000044005C068
:10B950000640044000000000000004007BE040209E
:10B960000000000000000000FFF0000000000000E8
:10B9700040207BE004000000000040008000400008
:10B980002000200040000000000000000000000037
:10B990000000000000000000000000001FCC000CB0
:10B9A00000000000000000000800300060000800F7
:10B9B000300060000000022003FC1E20022003FC77
:10B9C0001E200220000000000E1811043FFF10840A
:10B9D0000C78000000000F0010840F3800C00778BA
:10B9E00018840078000000780F8410C411240E9889
:10B9F00000E40084000808006800700000000000F7
:10BA000000000000000000000000000007E018181F
:10BA1000200440020000000040022004181807E043
:10BA20000000000000000240024001800FF0018091
:10BA30000240024000000080008000800FF800807B
:10BA40000080008000000001000D000E00000000DA
:10BA500000000000000000000080008000800080E6
:10BA60000080008000800000000C000C000000003E
:10BA700000000000000000000006001800600180C7
:10BA8000060018002000000007F008081004100449
:10BA9000080807F000000000080408041FFC000468
:10BAA00000040000000000000E0C101410241044CC
:10BAB00011840E0C000000000C1810041104110475
:10BAC00012880C700000000000E003200424082409
:10BAD0001FFC0024000000001F98108411041104B2
:10BAE000108810700000000007F00888110411048D
:10BAF00018880070000000001C00100010FC1300EB
:10BB00001C001000000000000E3811441084108446
:10BB100011440E38000000000700088C1044104447
:10BB2000088807F00000000000000000030C030C70
:10BB300000000000000000000000000101060000FD
:10BB400000000000000000000080014002200410FE
:10BB50000808100400000220022002200220022017
:10BB60000220022000000000100408080410022037
:10BB700001400080000000000E001200100C106C4C
:10BB800010800F00000003E00C1813E4142417C405
:10BB9000082807D000000004003C03C41C400740F4
:10BBA00000E4001C000410041FFC11041104110423
:10BBB0000E880070000003E00C181004100410043C
:10BBC00010081C10000010041FFC100410041004C6
:10BBD000080807F0000010041FFC1104110417C42A
:10BBE00010040818000010041FFC1104110017C0F5
:10BBF00010000800000003E00C18100410041044AA
:10BC00001C780040000010041FFC1084008000809D
:10BC100010841FFC10040000100410041FFC10040A
:10BC200010040000000000030001100110011FFEBD
:10BC300010001000000010041FFC110403801464A5
:10BC4000181C1004000010041FFC10040004000461
:10BC50000004000C000010041FFC1F0000FC1F006B
:10BC60001FFC1004000010041FFC0C04030000E083
:10BC700010181FFC100007F008081004100410042E
:10BC8000080807F0000010041FFC108410801080CA
:10BC900010800F00000007F0081810241024101C5A
:10BCA000080A07F2000010041FFC1104110011C063
:10BCB00011300E0C000400000E1C110410841084BE
:10BCC00010441C3800001800100010041FFC100461
:10BCD00010001800000010001FF8100400040004F9
:10BCE00010041FF8100010001E0011E0001C00706E
:10BCF00013801C0010001FC0103C00E01F0000E07B
:10BD0000103C1FC000001004180C163401C001C004
:10BD10001634180C100410001C00130400FC13044B
:10BD20001C00100000000804101C10641084130490
:10BD30001C04101800000000000000007FFE4002FC
:10BD4000400240020000000030000C000380006050
:10BD5000001C0003000000004002400240027FFE81
:10BD60000000000000000000000020004000400033
:10BD7000400020000000000100010001000100015E
:10BD80000001000100010000400040002000000010
:10BD9000000000000000000000980124014401445C
:10BDA000014400FC000410001FFC00880104010491
:10BDB0000088007000000000007000880104010489
:10BDC00001040088000000000070008801040104E4
:10BDD00011081FFC0004000000F801440144014464
:10BDE000014400C800000000010401040FFC11041C
:10BDF000110411001800000000D6012901290129B1
:10BE000001C90106000010041FFC008401000100AC
:10BE1000010400FC000400000104190419FC0004E2
:10BE200000040000000000000003000101011901EE
:10BE300019FE0000000010041FFC0024004001B4A3
:10BE4000010C010400000000100410041FFC000499
:10BE5000000400000000010401FC0104010001FCD9
:10BE60000104010000FC010401FC00840100010048
:10BE7000010400FC0004000000F8010401040104B6
:10BE8000010400F80000010101FF00850104010424
:10BE900000880070000000000070008801040104A8
:10BEA000010501FF00010104010401FC00840104FB
:10BEB000010001800000000000CC012401240124C5
:10BEC00001240198000000000100010007F80104AE
:10BED000010400000000010001F800040004000457
:10BEE000010801FC0004010001800170000C001039
:10BEF00001600180010001F0010C003001C0003040
:10BF0000010C01F0010000000104018C00740170BB
:10BF1000018C01040000010101810171000E001873
:10BF200001600180010000000184010C0134014422
:10BF30000184010C0000000000000000000001006E
:10BF40003EFC400240020000000000000000FFFF35
:10BF50000000000000000000400240023EFC010022
:10BF60000000000000000000600080008000400031
:10BF70004000200020006800000476005401F7FD16
:10BF8000000175191A0C6A231B1C1F207274433B95
:10BF90004138393A6B6C376F06246D6E70000000C3
:10BFA00083000000000800000001001832000500B6
:10BFB000000020410000D242295C0F3E9A99993E30
:10BFC0003333733F295C0F3E0000700000000024F3
:10BFD000000000020003000000650054FFEF0000B5
:10BFE000FA80000B12820001030C30C30E8C8CE926
:10BFF00014D5400213710F8E3883F8833000F88314
:10C00000258EF8833000F883FFFFFFFF0FFEA9D6CF
:10C01000240004001A8279A10000003CFFFF000008
:10C020000010000038836FA2003E03304000000083
:10C0300002CAE3093E80000020000000000000006A
:10C040004000000060000000000C0000000C186EB2
:10C05000000006920A16C0DFFFFF0256FD8CD37760
:10C06000FFE1C496E0C5BEAA00000000FFFF0B2B55
:10C0700000001657000003594000000000001DFAA0
:10C0800000026C1D000000003FFFDFEB003EB3B676
:10C09000000D227800002F3C00000000001942B57E
:10C0A000000039A20000B365D90E9FC91DCF4C34E2
:10C0B00030000000500000003BB67AE80064000049
:10C0C00000C8000000000000100000001000FA92FC
:10C0D0001000225E000D229F0001000000320000CF
:10C0E000FF46000063D400001000000004D60000EA
:10C0F00004CC000004CC00000000107200000040DE
:10C10000000000000000000000060002000500071B
:10C1100000000000006400000000000000000005B6
:10C120000005006400200000000000000000000086
:10C13000000040000000030000000032F8980000FA
:10C14000FF650000830F0000FF9BFC000000000063
:10C1500000000000000000000000000000000000DF
:10C1600000000000000000000000000000000000CF
:10C170000000000000001000400000000000000669
:10C180000000B26A000200000001FB8300680000AA
:10C1900000D9FC007CF1FF83000000000065000076
:10C1A000006403E80064002800000025000000008F
:10C1B00016A000000000100000001000002F00007A
:10C1C000000001F40000100000280000FFFF45817E
:10C1D000FFFFFA72000000000000000000440005AC
:10C1E0000005BAC6004778A2000000010000000068
:10C1F00000000600000000140000254D002F706DA7
:10C20000000005AE000C02D000000000000000009D
:10C210000000000000000000001B00000000000003
:10C2200000000000000000000064000000080000A2
:10C2300000000000000000000000000000000000FE
:10C2400000000000000000000000000000000000EE
:10C2500000000000000000000000000000000000DE
:10C2600000000000000000000000000000000000CE
:10C2700000000000000000000000000000000000BE
:10C280000000000000000000001B00000000000093
:10C2900000000000000E000E00000AC700040000AD
:10C2A00000000032FFFFFF9C00000B2B000000028B
:10C2B0000000000100000064FFE500000000000035
:10C2C000000000000000000000000001000000006D
:10C2D000000100000000000000018000000180005B
:10C2E00000018000002426D30000000000000000B0
:10C2F000000600100096003C000000000000000056
:10C3000000000000000000000C0A4E68CDCF770945
:10C3100050166759C619CE820000000000000000C8
:10C32000000000000000000000000000000000000D
:10C3300017D7840003000000000000000000000088
:10C34000C7938F9D1E1B1C190000000000000000F9
:10C3500000000000000000000000000000000000DD
:10C3600002031885000040000000000300000003E5
:10C37000000000000000000040000000000000007D
:10C3800000000000000000000000000000000000AD
:10C39000000000000000000000000000000000009D
:10C3A000000000000000000000000000677DDF7E4C
:10C3B00072902E554CF6E688000000000000000048
:10C3C0000000000000000000D8DCB4B8B0D8B9AB61
:10C3D000F3F8FAB3B7BB8E9EAEF132F51BF1B4B8E9
:10C3E000B08097F1A9DFDFDFAADFDFDFF2AAC5CDDA
:10C3F000C7A90CC92C97F1A989264666B28999A9C3
:10C400002D557DB0B08AA896365676F1BAA3B4B24F
:10C4100080C0B8A89711B28398BAA3F0240844103A
:10C420006418B2B9B49883F1A329557DBAB5B1A304
:10C430008393F0002850F5B2B6AA839328547CF178
:10C44000B9A3829361BAA2DADEDFDB819AB9AEF5D5
:10C45000606870F1DABAA2DFD9BAA2FAB9A38292FF
:10C46000DB31BAA2D9BAA2F8DF85A4D0C1BBAD83B3
:10C47000C2C5C7B8A2DFDFDFBAA0DFDFDFD8D8F1DF
:10C48000B8AAB38DB4980D355DB2B6BAAF8C961913
:10C490008F9FA70E161EB49AB8AA872C547CBAA4F4
:10C4A000B08AB691325676B28494A4C808CDD8B872
:10C4B000B4B0F19982A82D557D98A80E161EA22C15
:10C4C000547C92A4F02C5078F184A898C4CDFCD868
:10C4D0000DDBA8FC2DF3D9BAA6F8DABAA6DED8BAD5
:10C4E000B2B68696A6D0F3C841DAA6C8F8D8B0B4DA
:10C4F000B882A892F52C548898F135D9F418D8F15F
:10C50000A2D0F8F9A884D9C7DFF8F883C5DADF69C3
:10C51000DF83C1D8F40114F1A8824EA884F311D1AD
:10C5200082F5D992289788F109F41C1CD884A8F3C5
:10C53000C0F9D1D99782F129F40DD8F3F9F9D1D9FD
:10C5400082F4C203D8DEDF1AD8F1A2FAF9A88498DF
:10C55000D9C7DFF8F8F883C7DADF69DFF883C3D813
:10C56000F40114F198A8822EA884F311D182F5D990
:10C5700092509788F109F41CD884A8F3C0F8F9D137
:10C58000D99782F149F40DD8F3F9F9D1D982F4C4DD
:10C5900003D8DEDFD8F1AD8898CCA809F9D982920A
:10C5A000A8F57CF1883ACF944A6E98DB6931DAAD10
:10C5B000F2DEF9D88795A8F221D1DAA5F9F417D9D6
:10C5C000F1AE8ED0C0C3AE82C684C3A88595C8A57F
:10C5D00088F2C0F1F4010EF18E9EA8C63E56F554C5
:10C5E000F18872F40115F19845856EF58E9E0488E8
:10C5F000F142985A8E9E068869F4011CF1981E112A
:10C6000008D0F504F11E970202983625DBF9D9858A
:10C61000A5F3C1DA85A5F3DFD88595A8F309DAA5D6
:10C62000FAD88292A8F578F1881A849F26889821F2
:10C63000DAF41DF3D8879F39D1AFD9DFDFFBF9F4E6
:10C640000CF3D8FAD0F8DAF9F9D0DFD9F9D8F40B2D
:10C65000D8F3879F39D1AFD9DFDFF41DF3D8FAFCC7
:10C66000A869F9F9AFD0DADEFAD9F88F9FA8F1CC32
:10C67000F398DB45D9AFDFD0F8D8F18F9FA8CAF384
:10C680008809DAAF8FCBF8D8F2AD978D0CD9A5DF3A
:10C69000F9BAA6F3FAF412F2D8950DD1D9BAA6F3E5
:10C6A000FADAA5F2C1BAA6F3DFD8F1BAB2B6869625
:10C6B000A6D0CAF349DAA6CBF8D8B0B4B8D8AD84BE
:10C6C000F2C0DFF18FCBC3A8B2B68696C8C1CBC388
:10C6D000F3B0B48898A821DB718D9D71859521D91F
:10C6E000ADF2FAD88597A828D9F408D8F28D29DABE
:10C6F000F405D9F285A4C2F2D8A88D9401D1D9F459
:10C7000011F2D88721D8F40AD8F28498A8C801D1A8
:10C71000D9F411D8F3A4C8BBAFD0F2DEF8F8F8F81A
:10C72000F8F8F8F8D8F1B8F6B5B9B08A95A3DE3CB8
:10C73000A3D9F8D85CA3D9F8D87CA3D9F8D8F8F94C
:10C74000D1A5D9DFDAFAD8B18530F7D9DED8F830FB
:10C75000ADDADED8F2B48C99A32D557DA083DFDF4E
:10C76000DFB591A0F629D9FBD8A0FC29D9FAD8A029
:10C77000D051D9F8D8FC51D9F9D879D9FBD8A0D063
:10C78000FC79D9FAD8A1F9F9F9F9F9A0DADFDFDFF4
:10C79000D8A1F8F8F8F8F8ACDEF8ADDE8393AC2C4D
:10C7A000547CF1A8DFDFDFF69D2CDAA0DFD9FADBBD
:10C7B0002DF8D8A850DAA0D0DED9D0F8F8F8DB559B
:10C7C000F8D8A878DAA0D0DFD9D0FAF8F8F8F8DBF2
:10C7D0007DF8D89CA88CF530DB38D9D0DEDFA0D02E
:10C7E000DEDFD8A848DB58D9DFD0DEA0DFD0DED826
:10C7F000A868DB70D9DFDFA0DFDFD8F1A888902C34
:10C80000547C98A8D05C38D1DAF2AE8CDFF9D8B07D
:10C8100087A8C1C1B188A8C6F9F9DA36D8A8F9DA6B
:10C8200036D8A8F9DA36D8A8F9DA36D8A8F9DA3637
:10C83000D8F78D9DADF818DAF2AEDFD8F7ADFA3043
:10C84000D9A4DEF9D8F2AEDEFAF983A7D9C3C5C7F9
:10C85000F1889BA77AADF7DEDFA4F8849408A79748
:10C86000F300AEF29819A488C6A39488F632DFF2DA
:10C870008393DB09D9F2AADFD8D8AEF8F9D1DAF37D
:10C88000A4DEA7F1889B7AD8F38494AE19F9DAAACA
:10C89000F1DFD8A881C0C3C5C7A39283F628ADDE57
:10C8A000D9F8D8A350ADD9F8D8A378ADD9F8D8F82D
:10C8B000F9D1A1DADEC3C5C7D8A18194F818F2B0C6
:10C8C00089ACC3C5C7F1D8B8B4B09786A8319B0668
:10C8D0009907AB9728889BF00C201440B0B4B8F0AF
:10C8E000A88A9A285078B79BA8295179247059446E
:10C8F0006938644831F1BBAB88002C547CF0B38BB1
:10C90000B8A804285078F1B088B49726A85998BBE5
:10C91000ABB38B02264666B0B8F08A9CA829517941
:10C920008B2951798A2470598B2058718A4469382F
:10C930008B3940688A6448318B30496088F1AC009B
:10C940002C547CF08CA804285078F1889726A8599C
:10C9500098AC8C02264666F0899CA82951792470EF
:10C9600059446938644831A98809205970AB113895
:10C970004069A8193148608CA83C415C207C00F1DA
:10C9800087981986A86E767EA999882D557DD8B18D
:10C99000B5B9A3DFDFDFAED0DFAAD0DEF2ABF8F9A6
:10C9A000D9B087C4AAF1DFDFBBAFDFDFB9D8B1F1FF
:10C9B000A3978E60DFB084F2C8F8F9D9DED89385EA
:10C9C000F14AB183A308B5839A0810B79F10D8F134
:10C9D000B0BAAEB08AC2B2B68E9EF1FBD9F41DD801
:10C9E000F9D90CF1D8F8F8AD61D9AEFBD8F40CF157
:10C9F000D8F8F8AD19D9AEFBDFD8F416F1D8F8ADF8
:10CA00008D61D9F4F4ACF59C9C8DDF2BBAB6AEFAEF
:10CA1000F8F40BD8F1AED0F8AD51DAAEFAF8F1D89F
:10CA2000B9B1B6A3839C08B9B1839AB5AAC0FD3049
:10CA300083B79F10B58B93F20202D1ABDADED8F147
:10CA4000B080BAABC0C3B284C1C3D8B1B9F38BA3B1
:10CA500091B609B4D9ABDEB0879CB9A3DDF1B38B35
:10CA60008B8B8B8BB087A3A3A3A3B28BB69BF2A3B4
:10CA7000A3A3A3A3A3A3A3A3A3F1B087B59AA3F3EE
:10CA80009BA3A3DCBAACDFB9A3A3A3A3A3A3A3A3D3
:10CA9000A3A3A3A3A3A3A3A3D8D8D8BBB3B7F1AA36
:10CAA000F9DAFFD9809AAA28B48098A720B7978787
:10CAB000A86688F07951F1902C870CA78197629332
:10CAC000F071716085940129517990A5F1284C6C21
:10CAD000870C95188578A38390284C6C886CD8F3C4
:10CAE000A28200F210A8921980A2F2D926D8F18869
:10CAF000A84DD948D896A83980D93CD89580A8396E
:10CB0000A68698D92CDA87A72CD8A8899519A98048
:10CB1000D938D8A88939A980DA3CD8A82EA8399064
:10CB2000D90CD8A8953198D90CD8A809D9FFD80123
:10CB3000DAFFD89539A9DA26FFD890A80D8999A8E7
:10CB400010809821DA2ED88999A83180DA2ED8A8B9
:10CB500086963180DA2ED8A8873180DA2ED8A8823E
:10CB600092F34180F1D92ED8A882F31980F1D92E01
:10CB7000D882ACF3C0A28022F1A62EA72EA92298BB
:10CB8000A829DAACDEFFD8A2F22AF1A92E8292A857
:10CB9000F23180A696F1D900AC8C9C0C30ACDED082
:10CBA000DEFFD88C9CACD010ACDE8092A2F24C821E
:10CBB000A8F1CAF235F19688A6D900D8F1FF000095
:10CBC000555555555555C53F7D6FEB0312D6D4BF0E
:10CBD0005544880E55C1C93F3B8F68B52882A4BF14
:10CBE00088B20175E0EF493F09F7FD0DE13D023FD5
:10CBF0004B2D8A1C273A03C0C88A599CE52A00405D
:10CC000059018D1B6C06E6BF82922EB1C5B8B33FA9
:10CC1000000000000000F03F000000000000F83FAE
:10CC200000000000000000000000004003B8E23FE8
:10CC3000000000000000000006D0CF43EBFD4C3E9A
:10CC4000033333333333E33FFFAB6FDBB66DDB3F8F
:10CC50004D268F515555D53F01411DA96074D13FD7
:10CC600065DBC9934A86CD3FEF4E454A287ECA3FD1
:10CC70003E5555555555C53F93BDBE166CC166BF53
:10CC80002CDE25AF6A56113FF16BD2C541BDBBBE4C
:10CC9000D0A4BE726937663E4FBB610567ACDD3F0D
:10CCA000182D4454FB21E93F9BF681D20B73EF3FD3
:10CCB000182D4454FB21F93FE2652F227F2B7A3C4B
:10CCC000075C143326A6813CBDCBF07A8807703C04
:10CCD000075C143326A6913CC4EB98999999C9BF77
:10CCE000711623FEC671BCBF6D9A74AFF2B0B3BFAC
:10CCF0009AFDDE522DDEADBF2F6C6A2C44B4A2BF6C
:10CD00000D5555555555D53FFF8300922449C23FD7
:10CD10006E204CC5CD45B73F513DD0A0660DB13F0B
:10CD2000EB0D76244B7BA93F11DA22E33AAD903F1D
:10CD3000000000000000000050726F6475637420F2
:10CD400049442072656164206173203020696E64FB
:10CD500069636174657320646576696365206973CE
:10CD60002065697468657220696E636F6D706174A7
:10CD700069626C65206F7220616E204D50553330B2
:10CD800035302E0D0A000000A8CD0008000000205C
:10CD9000080300006C01000864CE000808030020AE
:10CDA000481D0000C80100088112011202142C0164
:10CDB000013A090C3124F0D24623DC4233C8431235
:10CDC000401C4083450C1910137A431B401C1C0166
:10CDD0005F031324F4232041072A803F6F12833A14
:10CDE0001A01B409191E19F81203120412051206C9
:10CDF000120712081209120A120B120C120D120E4F
:10CE0000120F021D10CBDC050451024CC80A1B583E
:10CE1000BCE10320803F5AFF040213011382BF1BB1
:10CE200008760401201AA02405620AD7A33BA9D0E2
:10CE3000290CC9104A038E1A42BA19041A20042375
:10CE4000704113C8432480BB431AAF081AA2081AC2
:10CE500048041BA04020191C617209363333333F4C
:04CE6000017210004B
:0400000508000131BD
:00000001FF
